bridge_frequency,target_beamdamp,target_density,actual_density,linear_mass,total_peds,Tocity,Outcity,mean_modal_mass_ratio,mass_ratio_used_for_interpolation,initial_modification_factor,residual_correction_factor,final_modification_factor,calibration_measure,correction_stat,correction_method,interpolation_status,chi_min_for_theory,measure,mc_mean,mc_p5,mc_p50,mc_p95,code_prediction,simplified_prediction,corrected_prediction,code_bias_mean,code_bias_p5,code_bias_p50,code_bias_p95,simplified_bias_mean,simplified_bias_p5,simplified_bias_p50,simplified_bias_p95,corrected_bias_mean,corrected_bias_p5,corrected_bias_p50,corrected_bias_p95,source_file,mass_ratio_key,damping_key,chi_file,chi_piecewise_equation,piecewise_bias_mean,piecewise_factor_ratio_to_file_factor
1.5,0.005,1.0,1.0,1000,100,50,50,0.1335814336428192,0.1335814336428192,0.29093834823335296,0.19461685358286554,0.0566215059197712,Peak absolute acceleration,mean,theory_times_residual,success,0.1,Peak absolute acceleration,0.35978343898237236,0.2992249322443605,0.35871590371038775,0.4365497402304461,6.35418350568584,1.8486756535151818,0.35978343898236215,0.0566215059197506,0.04709101208308015,0.05645350081397589,0.06870272787051451,0.19461685358286554,0.161859075536261,0.19403939410804918,0.2361418777817323,1.0000000000000284,0.8316806718250017,0.9970328393241392,1.2133680790455932,density1.0000_damping0.005_lm1000_bias_summary.pkl,0.15,0.005,0.0566215059197712,0.05850882449997484,0.9677430097710672,1.033332186234641
1.6,0.005,1.0,1.0,1000,100,50,50,0.1519238539119391,0.1519238539119391,0.2667294515826611,0.17948692872001024,0.047874450063744516,Peak absolute acceleration,mean,theory_times_residual,success,0.1,Peak absolute acceleration,0.4189576125137149,0.33017227818535855,0.4168065008819508,0.49419555767188844,8.75117337026109,2.3341956737544147,0.4189576125136896,0.04787445006374217,0.03772891522265749,0.04762864169716654,0.05647191945154483,0.17948692872001024,0.1414501285808212,0.17856536432163908,0.21171984989459103,1.0000000000000602,0.7880803888593145,0.9948655626070799,1.1795836688747132,density1.0000_damping0.005_lm1000_bias_summary.pkl,0.15,0.005,0.047874450063744516,0.05892943364644672,0.8124030234360498,1.2309161477151709
1.7,0.005,1.0,1.0,1000,100,50,50,0.15014056577506993,0.15014056577506993,0.2590970685014424,0.18155033741611146,0.047039160209962204,Peak absolute acceleration,mean,theory_times_residual,success,0.1,Peak absolute acceleration,0.5291179159874547,0.36672198421372043,0.510463796607785,0.7244363175429853,11.248455831817047,2.914441931191359,0.5291179159874304,0.04703916020995589,0.03260198463654198,0.045380788638019295,0.0644031792785163,0.18155033741611146,0.12582923004535987,0.17514975719523726,0.24856776516622922,1.0000000000000462,0.6930817746538603,0.9647448728988254,1.3691396485621834,density1.0000_damping0.005_lm1000_bias_summary.pkl,0.15,0.005,0.047039160209962204,0.06365635466360954,0.7389546645977715,1.3532629915048537
1.75,0.005,1.0,1.0,1000,100,50,50,0.12600716627130687,0.12600716627130687,0.3227255761770073,0.1882429096775083,0.060750801486910214,Peak absolute acceleration,mean,theory_times_residual,success,0.1,Peak absolute acceleration,0.6969803052948121,0.5516442740569496,0.6204113548410142,0.9849101089108595,11.472775473503207,3.7025580750364333,0.696980305294727,0.06075080148692124,0.048082896360256686,0.05407683226032592,0.08584758859663429,0.1882429096775083,0.14899003955569862,0.16756289631862403,0.2660080109347557,1.0000000000001223,0.7914775638081765,0.8901418736339548,1.4131103869489938,density1.0000_damping0.005_lm1000_bias_summary.pkl,0.15,0.005,0.060750801486910214,0.07003715949710329,0.8674081291008137,1.1528598435395783
1.8,0.005,1.0,1.0,1000,100,50,50,0.14141594440680366,0.14141594440680366,0.3074124679070629,0.2203660835056932,0.06774328157349906,Peak absolute acceleration,mean,theory_times_residual,success,0.1,Peak absolute acceleration,0.7654700405858165,0.6069051671093728,0.7712180595305482,0.9487526548450096,11.299571305169124,3.473629101213483,0.76547004058593,0.06774328157349145,0.05371045951378145,0.06825197511499798,0.08396359731019098,0.2203660835056932,0.17471789572967236,0.22202084248463078,0.27313009742852823,0.9999999999998516,0.7928529334013079,1.0075091363996669,1.2394379982772228,density1.0000_damping0.005_lm1000_bias_summary.pkl,0.15,0.005,0.06774328157349906,0.08078673327561625,0.8385446325991728,1.1925423658132874
1.85,0.005,1.0,1.0,1000,100,50,50,0.13677135297151108,0.13677135297151108,0.3211206077822518,0.2094252317766204,0.0672507577130473,Peak absolute acceleration,mean,theory_times_residual,success,0.1,Peak absolute acceleration,0.7612839697610597,0.6109673723185747,0.7269124980913511,1.0144355022464797,11.320080184216224,3.635111028899657,0.761283969761077,0.0672507577130532,0.05397200040777597,0.06421443013318026,0.08961380888988084,0.2094252317766204,0.16807392331659088,0.1999698199896212,0.27906589212312116,0.9999999999999774,0.8025485844793526,0.9548506562137212,1.3325323303009418,density1.0000_damping0.005_lm1000_bias_summary.pkl,0.15,0.005,0.0672507577130473,0.09739320171293858,0.6905077205620973,1.448209730639858
1.9,0.005,1.0,1.0,1000,100,50,50,0.15122097879730137,0.15122097879730137,0.2887313255997887,0.31235446994007593,0.09018652016281747,Peak absolute acceleration,mean,theory_times_residual,success,0.1,Peak absolute acceleration,1.0059637100010927,0.7829929840660618,0.9814532680306997,1.3043524113821205,11.15425795545737,3.220583685561097,1.0059637100012615,0.09018652016281474,0.0701967793100008,0.08798911339059633,0.1169376229768784,0.31235446994007593,0.24312145266600857,0.3047439109969001,0.4050049738592255,0.9999999999998322,0.778351123685247,0.9756348646309208,1.2966197472277452,density1.0000_damping0.005_lm1000_bias_summary.pkl,0.15,0.005,0.09018652016281747,0.12150571129568555,0.7422409959259645,1.3472713114590322
1.95,0.005,1.0,1.0,1000,100,50,50,0.14470265114123998,0.14470265114123998,0.2748633113138752,0.3512730748466027,0.09655208052774394,Peak absolute acceleration,mean,theory_times_residual,success,0.1,Peak absolute acceleration,1.080464588583154,0.918266799042084,1.0702573301690437,1.2652198385902713,11.190484789944476,3.0758537045715264,1.0804645885831772,0.09655208052773868,0.08205782111130865,0.09563994324274078,0.11306211145804604,0.3512730748466027,0.2985404662378117,0.34795456252628665,0.4113394069132164,0.9999999999999786,0.8498814387301813,0.9905528987048817,1.1709961177435397,density1.0000_damping0.005_lm1000_bias_summary.pkl,0.15,0.005,0.09655208052774394,0.15492500927961983,0.6232181684332044,1.6045745304794607
2.0,0.005,1.0,1.0,1000,100,50,50,0.13839198628674174,0.13839198628674174,0.262256658933182,0.42190310421563343,0.11064689850513013,Peak absolute acceleration,mean,theory_times_residual,success,0.1,Peak absolute acceleration,1.2395001649082316,0.8911124608598026,1.3017370193226319,1.496104536377878,11.202303739682788,2.9378787511236863,1.2395001649077917,0.11064689850512212,0.07954725041985301,0.11620261774472226,0.13355329146076542,0.42190310421563343,0.3033183246650216,0.4430873870559636,0.509246522105667,1.0000000000003546,0.7189288764040574,1.0502112514196156,1.2070224585159095,density1.0000_damping0.005_lm1000_bias_summary.pkl,0.15,0.005,0.11064689850513013,0.19959575195263912,0.5543549771110564,1.8038982985445806
2.05,0.005,1.0,1.0,1000,100,50,50,0.15041949164353777,0.15041949164353777,0.2318192330489056,0.5167917965401878,0.1198022779199124,Peak absolute acceleration,mean,theory_times_residual,success,0.1,Peak absolute acceleration,1.326138615960676,1.0258271489223119,1.3108212057156599,1.7235654320155167,11.069393996391044,2.5660984265595834,1.3261386159605915,0.11980227791991478,0.09267238561178348,0.11841851560645751,0.15570549142775575,0.5167917965401878,0.3997614192444121,0.5108226528446544,0.6716677015099274,1.000000000000064,0.7735444368907481,0.9884496160050085,1.2996872357623401,density1.0000_damping0.005_lm1000_bias_summary.pkl,0.15,0.005,0.1198022779199124,0.2576000566030344,0.4650708524669976,2.1502100049820387
2.1,0.005,1.0,1.0,1000,100,50,50,0.15879537361645024,0.15879537361645024,0.21014297387078015,0.5845208127189279,0.12283294187412083,Peak absolute acceleration,mean,theory_times_residual,success,0.1,Peak absolute acceleration,1.3453271590640161,1.066117039877078,1.3342736632306202,1.6959160804761844,10.952494815622563,2.3015898318592956,1.3453271590639388,0.12283294187412445,0.09734010906413543,0.12182372013793802,0.15484290191647854,0.5845208127189279,0.46320896326511646,0.5797182646365588,0.7368454869763528,1.0000000000000573,0.7924593157093984,0.9917837860041347,1.2605975201275061,density1.0000_damping0.005_lm1000_bias_summary.pkl,0.15,0.005,0.12283294187412083,0.3311519858939578,0.3709261822559678,2.6959542028499346
2.15,0.005,1.0,1.0,1000,100,50,50,0.1350795324744258,0.1350795324744258,0.28225856784435416,0.5391966912085792,0.152192885846948,Peak absolute acceleration,mean,theory_times_residual,success,0.1,Peak absolute acceleration,1.2717045303870422,1.099208163882649,1.2536417724698317,1.450352848095877,8.355873688247078,2.358516940333198,1.2717045303869619,0.15219288584696458,0.13154915989559968,0.1500312019116728,0.17357285452218663,0.5391966912085792,0.46605904968711365,0.5315381674946648,0.6149427308717907,1.0000000000000633,0.8643581410755652,0.9857964193053287,1.140479422255856,density1.0000_damping0.005_lm1000_bias_summary.pkl,0.15,0.005,0.152192885846948,0.42259275376703204,0.3601407844557101,2.77669190261633
2.2,0.005,1.0,1.0,1000,100,50,50,0.141516094319615,0.141516094319615,0.38053273099277174,0.7057900429158187,0.2685762125382621,Peak absolute acceleration,mean,theory_times_residual,success,0.1,Peak absolute acceleration,1.4820516992913897,1.0106646759114,1.5055364900303898,1.8278262486460322,5.518179310389774,2.0998478430902967,1.4820516992914308,0.26857621253824493,0.18315183669521098,0.2728321073575347,0.3312371972408639,0.7057900429158187,0.48130376647863615,0.7169740869484749,0.8704565212477792,0.9999999999999721,0.6819361810351143,1.0158461346187768,1.2333080212518337,density1.0000_damping0.005_lm1000_bias_summary.pkl,0.15,0.005,0.2685762125382621,0.5343865039960992,0.5025879406195016,1.9897015411220347
2.25,0.005,1.0,1.0,1000,100,50,50,0.14690572655837628,0.14690572655837628,0.6860724988336042,0.728310732177926,0.4996739639526415,Peak absolute acceleration,mean,theory_times_residual,success,0.1,Peak absolute acceleration,1.3666870901529966,1.0923847918723084,1.2502711734278469,1.9672896658097043,2.735157700317122,1.876516478160472,1.3666870901529022,0.49967396395262287,0.39938640164903627,0.45711118349149915,0.7192600505563578,0.728310732177926,0.5821343988106947,0.6662724191228386,1.0483732430307333,1.000000000000069,0.7992940006114309,0.9148188948561511,1.4394587319834915,density1.0000_damping0.005_lm1000_bias_summary.pkl,0.15,0.005,0.4996739639526415,0.669116552732615,0.7467667059080366,1.339106299314873
2.3,0.005,1.0,1.0,1000,100,50,50,0.1360615934054715,0.1360615934054715,0.638151974403906,0.7904830493280173,0.5044483186614944,Peak absolute acceleration,mean,theory_times_residual,success,0.1,Peak absolute acceleration,1.387053895973864,1.0546026169269382,1.3063449174209834,1.9747392616837918,2.7496451958727266,1.754691510656663,1.387053895973735,0.5044483186615714,0.38354134508332866,0.4750958121367199,0.7181796635609262,0.7904830493280173,0.6010188175654143,0.7444869422842915,1.1254053773502213,1.0000000000000928,0.760318412996194,0.9418126586234108,1.423693244664795,density1.0000_damping0.005_lm1000_bias_summary.pkl,0.15,0.005,0.5044483186614944,0.5971421943959438,0.8447708492142819,1.1837529679559717
2.35,0.005,1.0,1.0,1000,100,50,50,0.17426882450914946,0.17426882450914946,0.5362091271248541,0.8771390061736978,0.4703299408675605,Peak absolute acceleration,mean,theory_times_residual,success,0.1,Peak absolute acceleration,1.2456856346113772,0.9996127895888051,1.238717719172166,1.5252500574814842,2.648535690314595,1.420169010662715,1.2456856346113272,0.4703299408675945,0.3774209247941342,0.46769908508389035,0.5758842756241332,0.8771390061736978,0.7038688931272629,0.8722326074374236,1.073991930558838,1.0000000000000402,0.8024599159006112,0.9944063612475269,1.2244261434044597,density1.0000_damping0.005_lm1000_bias_summary.pkl,0.15,0.005,0.4703299408675605,0.534832540533598,0.8793966432901319,1.1371432989085435
2.4,0.005,1.0,1.0,1000,100,50,50,0.13018537369720234,0.13018537369720234,0.36416884464901506,1.119359650322161,0.40763591060454685,Peak absolute acceleration,mean,theory_times_residual,success,0.1,Peak absolute acceleration,1.116568612054734,0.8263953190287529,1.1237983149070172,1.3281487107860739,2.739132110315602,0.9975065759547223,1.11656861205468,0.4076359106045759,0.30169969382511297,0.41027532431706387,0.48487939146281084,1.119359650322161,0.8284610236657364,1.126607424949976,1.3314686266753593,1.0000000000000484,0.7401204996332845,1.0064749293274806,1.1894913545366905,density1.0000_damping0.005_lm1000_bias_summary.pkl,0.15,0.005,0.40763591060454685,0.4808898162896827,0.8476700832421271,1.1797042502376598
2.45,0.005,1.0,1.0,1000,100,50,50,0.14221492225314666,0.14221492225314666,0.26553617173949273,1.5089403335136449,0.40067823954452664,Peak absolute acceleration,mean,theory_times_residual,success,0.1,Peak absolute acceleration,1.0807728147035645,0.7950703231375895,1.0330206072737473,1.4433772683069779,2.6973583989291012,0.716246223061007,1.0807728147035598,0.4006782395445301,0.29475887351612096,0.3829749163788819,0.5351077071849347,1.5089403335136449,1.1100516799093383,1.4422702333548763,2.015197039557773,1.0000000000000042,0.7356498167986079,0.955816609392687,1.3355047875652528,density1.0000_damping0.005_lm1000_bias_summary.pkl,0.15,0.005,0.40067823954452664,0.43419051181497065,0.9228166637489225,1.0836388627157274
2.5,0.005,1.0,1.0,1000,100,50,50,0.12321398128218534,0.12321398128218534,0.1540182218614525,2.27728608387678,0.35074355330853224,Peak absolute acceleration,mean,theory_times_residual,success,0.1,Peak absolute acceleration,0.9551017624721956,0.6686421205873513,0.9946405140273767,1.2522123528839255,2.7230771698095437,0.41940350368551876,0.9551017624722594,0.3507435533084789,0.2455465192101468,0.3652634325074759,0.45985195233064485,2.27728608387678,1.5942692769889664,2.3715598589114024,2.9856983594082505,0.9999999999999333,0.7000742191665381,1.041397422880649,1.3110774182246319,density1.0000_damping0.005_lm1000_bias_summary.pkl,0.15,0.005,0.35074355330853224,0.39376198244951943,0.8907501712750402,1.122649236843267
2.55,0.005,1.0,1.0,1000,100,50,50,0.12520185968129857,0.12520185968129857,0.1166418665838444,2.6680141412600715,0.3112021495086674,Peak absolute acceleration,mean,theory_times_residual,success,0.1,Peak absolute acceleration,0.8434704909414585,0.5925117532385852,0.800831082112309,1.1395824087840678,2.7103620340447923,0.31614168676898297,0.8434704909414406,0.3112021495086804,0.21860981883455394,0.2954701519771488,0.4204539447017781,2.6680141412600715,1.8741968491853986,2.5331397776007547,3.6046572042769074,1.0000000000000213,0.7024688588420591,0.9494476578765197,1.3510637550723579,density1.0000_damping0.005_lm1000_bias_summary.pkl,0.15,0.005,0.3112021495086674,0.35876219815891053,0.8674329433415665,1.1528268642274224
2.6,0.005,1.0,1.0,1000,100,50,50,0.14743684325934772,0.14743684325934772,0.0977505147016506,,0.3094883793742952,Peak absolute acceleration,mean,direct_code_bias,success,0.1,Peak absolute acceleration,0.8181331521707266,0.4759600942680184,0.8249002903947503,1.1001649206427468,2.64350200748984,0.2584036818469828,0.8181331521707144,0.3094883793742952,0.18004907615711266,0.31204829353545355,0.41617707023699896,3.1661048570321637,1.8419245843016454,3.192293099303539,4.257543517875354,1.0000000000000149,0.5817636078004855,1.0082714387090672,1.3447259993360872,density1.0000_damping0.005_lm1000_bias_summary.pkl,0.15,0.005,0.3094883793742952,0.3284623004683286,0.9422340978950237,1.061307378107035
2.65,0.005,1.0,1.0,1000,100,50,50,0.13587629073716193,0.13587629073716193,0.09500435463073861,,0.25929097894742964,Peak absolute acceleration,mean,direct_code_bias,success,0.1,Peak absolute acceleration,0.6885706680495658,0.4953116879086651,0.7349551381651402,0.8205741894074121,2.655590529391966,0.2522926644083918,0.6885706680495284,0.25929097894742964,0.18651658922058045,0.2767577041831891,0.30899876329777914,2.7292536216390384,1.9632425265718105,2.9131054598379125,3.252469473623419,1.0000000000000542,0.7193331213362659,1.0673634127445515,1.191706570556951,density1.0000_damping0.005_lm1000_bias_summary.pkl,0.15,0.005,0.25929097894742964,0.30223232059135424,0.8579194258248403,1.1656106271735385
2.7,0.005,1.0,1.0,1000,100,50,50,0.14224918979081697,0.14224918979081697,0.08539299192599548,,0.22794977383387627,Peak absolute acceleration,mean,direct_code_bias,success,0.1,Peak absolute acceleration,0.5984531935062996,0.3344135156966626,0.5452395010155349,0.9886930138941711,2.6253730523217635,0.224188459859637,0.5984531935063089,0.22794977383387627,0.12737752274897546,0.2076807715129662,0.3765914383176192,2.6694201560641755,1.4916624874716424,2.432058730217005,4.410097712046309,0.9999999999999843,0.5587964427716555,0.9110812790905207,1.6520807719338344,density1.0000_damping0.005_lm1000_bias_summary.pkl,0.15,0.005,0.22794977383387627,0.27953441361413733,0.8154622927698953,1.2262982713808463
2.75,0.005,1.0,1.0,1000,100,50,50,0.11948382310257066,0.11948382310257066,0.08680190440296216,,0.19686629545509024,Peak absolute acceleration,mean,direct_code_bias,success,0.1,Peak absolute acceleration,0.5242777026339068,0.364570015970408,0.48338414700912263,0.8107154150394426,2.6631156004736556,0.23116350576636596,0.5242777026339492,0.19686629545509024,0.13689605359435633,0.1815107639049349,0.30442366636102863,2.267995118415394,1.5771088726214175,2.0910919541844675,3.5071081499292642,0.9999999999999188,0.6953757791697481,0.9220002006200547,1.546347309768167,density1.0000_damping0.005_lm1000_bias_summary.pkl,0.15,0.005,0.19686629545509024,0.25994434783403464,0.757340165675641,1.3204106230227406
2.8,0.005,1.0,1.0,1000,100,50,50,0.17935981111078517,0.17935981111078517,0.06652079022630199,,0.22607217515044634,Peak absolute acceleration,mean,direct_code_bias,success,0.1,Peak absolute acceleration,0.5680130081774812,0.35913109108506674,0.5601559084481609,0.7875485045590153,2.5125294955006314,0.16713544750760548,0.5680130081774896,0.22607217515044634,0.14293606969716727,0.22294500798946748,0.3134484613889451,3.398519085256489,2.1487428097425263,3.3515087122537013,4.712037549803299,0.9999999999999853,0.6322585678756981,0.9861673947317884,1.386497304147877,density1.0000_damping0.005_lm1000_bias_summary.pkl,0.15,0.005,0.22607217515044634,0.24325976372398775,0.9293447123748486,1.0760269969628213
2.85,0.005,1.0,1.0,1000,100,50,50,0.1445539067925863,0.1445539067925863,0.06705466595996495,,0.17450210011029468,Peak absolute acceleration,mean,direct_code_bias,success,0.1,Peak absolute acceleration,0.4489513242233501,0.30720743793938604,0.38657855366699717,0.7283818275257229,2.5727559951403958,0.17251529385062564,0.4489513242233438,0.17450210011029468,0.11940791840332361,0.15025853769156275,0.2831134506737298,2.602385644788571,1.7807548019793835,2.2408364211564957,4.222129014001511,1.0000000000000142,0.6842778300539255,0.8610700822316375,1.6224071257296668,density1.0000_damping0.005_lm1000_bias_summary.pkl,0.15,0.005,0.17450210011029468,0.2297587123915467,0.7595015583692724,1.3166529929801811
2.9,0.005,1.0,1.0,1000,100,50,50,0.1441854971395303,0.1441854971395303,0.06230989254797061,,0.1483377575349356,Peak absolute acceleration,mean,direct_code_bias,success,0.1,Peak absolute acceleration,0.3793070919427872,0.22197384895435895,0.34816965340079703,0.5717749819272869,2.5570501957564993,0.15932952293734565,0.37930709194278045,0.1483377575349356,0.08680856141296371,0.13616066433838292,0.22360725764248368,2.380645375383098,1.3931746286697124,2.185217447350987,3.588631732438754,1.0000000000000178,0.5852088022331108,0.9179096853093361,1.5074196978461472,density1.0000_damping0.005_lm1000_bias_summary.pkl,0.15,0.005,0.1483377575349356,0.22043657589902887,0.6729271534451908,1.4860449528307922
2.95,0.005,1.0,1.0,1000,100,50,50,0.15619567605112317,0.15619567605112317,0.05599563564371013,,0.1446370085349082,Peak absolute acceleration,mean,direct_code_bias,success,0.1,Peak absolute acceleration,0.36354345169224783,0.253570538428129,0.35107022261199194,0.5169432873266843,2.5134884589686917,0.14074438394308014,0.36354345169224467,0.1446370085349082,0.10088390798984269,0.13967449158530826,0.2056676590187293,2.5830050301635636,1.8016387675594787,2.4943817492140345,3.6729230172036313,1.0000000000000089,0.6974971966838986,0.9656898535176701,1.4219573614113652,density1.0000_damping0.005_lm1000_bias_summary.pkl,0.15,0.005,0.1446370085349082,0.21650593111593985,0.6680510219253797,1.4968916552480138
3.0,0.005,1.0,1.0,1000,100,50,50,0.14738008443894632,0.14738008443894632,0.09558276347764559,,0.14271395147018825,Peak absolute acceleration,mean,direct_code_bias,success,0.1,Peak absolute acceleration,0.35906741990470864,0.25022726418532676,0.3335484986357815,0.501504381011014,2.515993819845391,0.24048564219352864,0.3590674199047569,0.14271395147018825,0.09945464182447927,0.13257127104401165,0.1993265551987054,1.4930929623472176,1.0405081230752173,1.386978846609734,2.0853817984170253,0.9999999999998658,0.6968810042740717,0.9289300007342791,1.3966858400688058,density1.0000_damping0.005_lm1000_bias_summary.pkl,0.15,0.005,0.14271395147018825,0.21753549264442829,0.6560490416312964,1.5242762911646353
3.1,0.005,1.0,1.0,1000,100,50,50,0.13297895553552289,0.13297895553552289,0.07401921219632546,,0.1668847927339656,Peak absolute acceleration,mean,direct_code_bias,success,0.1,Peak absolute acceleration,0.27954177433494215,0.20495751743945995,0.27687261896208626,0.3590669811150913,1.6750584025985242,0.12398650334317318,0.2795417743349252,0.1668847927339656,0.12235843068009367,0.1652913226981058,0.21436087276602975,2.2546145491434575,1.6530631311714066,2.2330867594172794,2.8960166746638225,1.0000000000000606,0.7331910156436791,0.9904516762148009,1.284484159726643,density1.0000_damping0.005_lm1000_bias_summary.pkl,0.15,0.005,0.1668847927339656,0.21687603744070033,0.769493922442245,1.299555423162054
3.2,0.005,1.0,1.0,1000,100,50,50,0.15135084434283436,0.15135084434283436,0.0516578776253153,,0.13535636160097536,Peak absolute acceleration,mean,direct_code_bias,success,0.1,Peak absolute acceleration,0.25652132314897563,0.15198734486952478,0.2656545496977113,0.3670960048099203,1.8951552783694736,0.09789969945098284,0.25652132314899095,0.13535636160097536,0.08019783212713286,0.14017561132313727,0.1937023361620041,2.620246278461893,1.552480198834757,2.7135379494267116,3.7497153399711984,0.9999999999999402,0.5924940001235239,1.0356041612315234,1.4310545427707235,density1.0000_damping0.005_lm1000_bias_summary.pkl,0.15,0.005,0.13535636160097536,0.19052116182191703,0.7104531607228328,1.4075523275630375
3.3,0.005,1.0,1.0,1000,100,50,50,0.15734457579630487,0.15734457579630487,0.03955207743038475,,0.1297031745562637,Peak absolute acceleration,mean,direct_code_bias,success,0.1,Peak absolute acceleration,0.2752882220681091,0.20445868008867052,0.29522014908714045,0.3167089706207556,2.1224478352971405,0.08394722112362761,0.27528822206811976,0.1297031745562637,0.09633154543939428,0.13909418369559595,0.1492187300690086,3.279301189287695,2.4355622181652423,3.5167352192918324,3.772715360694832,0.9999999999999614,0.7427076921513825,1.0724038495700285,1.150463206313223,density1.0000_damping0.005_lm1000_bias_summary.pkl,0.15,0.005,0.1297031745562637,0.1641455959553598,0.7901715169472601,1.2655480216033985
3.4,0.005,1.0,1.0,1000,100,50,50,0.14442934448529562,0.14442934448529562,0.036739742128995,,0.09792592094687376,Peak absolute acceleration,mean,direct_code_bias,success,0.1,Peak absolute acceleration,0.23279311106776168,0.16782653105949605,0.23094019914235014,0.2898524010641316,2.377236882909228,0.08733907005762129,0.2327931110677591,0.09792592094687376,0.07059731079643708,0.09714648161597128,0.12192827864483344,2.665394890444542,1.9215516142864102,2.6441797352546703,3.3187026249867753,1.0000000000000113,0.720925676407352,0.992040520800164,1.245107296064978,density1.0000_damping0.005_lm1000_bias_summary.pkl,0.15,0.005,0.09792592094687376,0.15297803995098472,0.6401305767693916,1.5621812740875578
3.45,0.005,1.0,1.0,1000,100,50,50,0.17455742015991602,0.17455742015991602,0.0340101957956198,,0.10773194994192244,Peak absolute acceleration,mean,direct_code_bias,success,0.1,Peak absolute acceleration,0.24734929105691061,0.17538264164398623,0.2491290032956997,0.3220821671919984,2.2959696839262165,0.07808637849113825,0.24734929105691694,0.10773194994192244,0.07638717656936726,0.10850709616935245,0.14028154180207758,3.167636863643016,2.246008139100596,3.190428447440068,4.124690802872236,0.9999999999999744,0.7090484912836454,1.0071951378197936,1.3021349922441656,density1.0000_damping0.005_lm1000_bias_summary.pkl,0.15,0.005,0.10773194994192244,0.1500315479177272,0.7180619772115973,1.3926374487662032
3.5,0.005,1.0,1.0,1000,100,50,50,0.1462805003297433,0.1462805003297433,0.03943495037878972,,0.0967762473982255,Peak absolute acceleration,mean,direct_code_bias,success,0.1,Peak absolute acceleration,0.22605156093010426,0.180402583001433,0.2155877463610151,0.28423008799694643,2.335816556307691,0.0921128099919498,0.22605156093009673,0.0967762473982255,0.0772331981782858,0.09229652293491848,0.12168339471239949,2.454073010581916,1.9584961420371312,2.340475188845682,3.085673838652699,1.000000000000033,0.798059443868295,0.9537104962866529,1.2573683934208295,density1.0000_damping0.005_lm1000_bias_summary.pkl,0.15,0.005,0.0967762473982255,0.14770129248064487,0.6552159820193212,1.5262142979451085
3.55,0.005,1.0,1.0,1000,100,50,50,0.14349631069807015,0.14349631069807015,0.041978765411767587,,0.09235947225119102,Peak absolute acceleration,mean,direct_code_bias,success,0.1,Peak absolute acceleration,0.21447378210016643,0.15657895848927714,0.21422115921153143,0.2661430074650849,2.3221633566382867,0.09748155079612156,0.2144737821001678,0.09235947225119102,0.06742805498229502,0.09225068451758354,0.11460994193378828,2.2001474160862404,1.606241973076067,2.19755592173093,2.7301884848109514,0.9999999999999938,0.7300610683321122,0.9988221269464144,1.2409116156714461,density1.0000_damping0.005_lm1000_bias_summary.pkl,0.15,0.005,0.09235947225119102,0.14573308045043787,0.6337577711643915,1.57788992182725
3.6,0.005,1.0,1.0,1000,100,50,50,0.1623287295469383,0.1623287295469383,0.04016424369247645,,0.09964724533003556,Peak absolute acceleration,mean,direct_code_bias,success,0.1,Peak absolute acceleration,0.22576220478488118,0.1782883861302453,0.22695528905398948,0.2730609090578109,2.2656141074160954,0.09099667712337393,0.22576220478488213,0.09964724533003556,0.0786931832506909,0.10017385057371009,0.12052401517274865,2.4809939430952097,1.959284577924979,2.4941052379998654,3.0007789041306747,0.9999999999999959,0.7897175982141371,1.0052846944431828,1.209506743247823,density1.0000_damping0.005_lm1000_bias_summary.pkl,0.15,0.005,0.09964724533003556,0.1440374018047415,0.6918150708183277,1.445472991528105
3.65,0.005,1.0,1.0,1000,100,50,50,0.1725300931589646,0.1725300931589646,0.040143044703671325,,0.1088345289447194,Peak absolute acceleration,mean,direct_code_bias,success,0.1,Peak absolute acceleration,0.2424098608498996,0.21394706675378303,0.23480507077061843,0.30202154696208017,2.227324941820876,0.08941160470912089,0.24240986084990082,0.1088345289447194,0.09605561484840092,0.10542021344162802,0.13559833201309748,2.711167768865369,2.3928333178876304,2.6261140434119277,3.3778786092100064,0.9999999999999951,0.8825840087679361,0.9686283798331485,1.2459127937418795,density1.0000_damping0.005_lm1000_bias_summary.pkl,0.15,0.005,0.1088345289447194,0.14257047059861033,0.7633735687885126,1.309974619093785
3.7,0.005,1.0,1.0,1000,100,50,50,0.1546682175311259,0.1546682175311259,0.044753598026307836,,0.1032811774614784,Peak absolute acceleration,mean,direct_code_bias,success,0.1,Peak absolute acceleration,0.23153094001412158,0.19361989678180475,0.23027128455797313,0.27062491893888124,2.2417534898890703,0.100326534560569,0.23153094001412708,0.1032811774614784,0.08636984291764645,0.10271927114045343,0.12072019522194329,2.307773721361242,1.9298971865206087,2.295218165030449,2.6974411119074375,0.9999999999999761,0.8362592782199685,0.9945594508618283,1.1688499123372833,density1.0000_damping0.005_lm1000_bias_summary.pkl,0.15,0.005,0.1032811774614784,0.14130062151743172,0.7309322234561758,1.368115904469948
3.75,0.005,1.0,1.0,1000,100,50,50,0.12494441228685123,0.12494441228685123,0.05615236338443615,,0.09761510282053087,Peak absolute acceleration,mean,direct_code_bias,success,0.1,Peak absolute acceleration,0.22274652394599695,0.19999500086455801,0.22042860897288738,0.24365170266972305,2.2818858712419225,0.12813328464379314,0.22274652394600009,0.09761510282053087,0.08764461158423764,0.09659931364267509,0.10677646316163698,1.7383970493320753,1.56083566748904,1.720307175342243,1.9015488703584535,0.9999999999999858,0.8978591329804201,0.989593934252933,1.093851874109564,density1.0000_damping0.005_lm1000_bias_summary.pkl,0.15,0.005,0.09761510282053087,0.14020129529039832,0.6962496503212738,1.4362664304945085
3.8,0.005,1.0,1.0,1000,100,50,50,0.12753262483364122,0.12753262483364122,0.05739548245815804,,0.10363379711744931,Peak absolute acceleration,mean,direct_code_bias,success,0.1,Peak absolute acceleration,0.2339391736380069,0.19569536794620834,0.23366538870148226,0.27146233368052414,2.2573637186417193,0.1295624797149796,0.23393917363801275,0.10363379711744931,0.0866919966552667,0.10351251186143867,0.12025635542856426,1.8056089552518777,1.510432405868677,1.8034958053868322,2.0952233569294556,0.999999999999975,0.836522438302782,0.9988296746873435,1.1603970786892368,density1.0000_damping0.005_lm1000_bias_summary.pkl,0.15,0.005,0.10363379711744931,0.13924958684958977,0.7442305536560522,1.343669639854812
3.85,0.005,1.0,1.0,1000,100,50,50,0.13587898862778056,0.13587898862778056,0.05628728847031566,,0.10587799678520204,Peak absolute acceleration,mean,direct_code_bias,success,0.1,Peak absolute acceleration,0.23377841620899953,0.20896558760860082,0.23143937863003358,0.27687457166939866,2.2079981044907098,0.12428222624937778,0.23377841620899537,0.10587799678520204,0.09464029302543274,0.1048186491461761,0.12539619989087883,1.8810285530282729,1.6813795014365298,1.8622081822515817,2.227788960859436,1.000000000000018,0.8938617644743895,0.9899946384405705,1.184346169159927,density1.0000_damping0.005_lm1000_bias_summary.pkl,0.15,0.005,0.10587799678520204,0.1384256736749181,0.7648725411577203,1.3074073733728313
3.9,0.005,1.0,1.0,1000,100,50,50,0.13816698903394173,0.13816698903394173,0.057465352710694556,,0.101514204254327,Peak absolute acceleration,mean,direct_code_bias,success,0.1,Peak absolute acceleration,0.22306228721503452,0.19349810327440148,0.22471070684880162,0.2533676911436401,2.1973504974356985,0.12627152136416125,0.2230622872150381,0.101514204254327,0.08805973534955538,0.10226438936848642,0.11530599758177836,1.7665288641904706,1.5323970217826224,1.7795834280062746,2.006530755362798,0.999999999999984,0.8674622038994161,1.0073899521714058,1.1358607244055863,density1.0000_damping0.005_lm1000_bias_summary.pkl,0.15,0.005,0.101514204254327,0.1377123954205189,0.7371464561657021,1.3565825239146174
4.0,0.005,1.0,1.0,1000,100,50,50,0.14391866399237824,0.14391866399237824,0.05835217548877174,,0.10990287264214575,Peak absolute acceleration,mean,direct_code_bias,success,0.1,Peak absolute acceleration,0.23583627255124318,0.2161346547740992,0.22732611292763014,0.2688281595011117,2.1458608576970377,0.12521564934282897,0.235836272551259,0.10990287264214575,0.10072165396877475,0.10593702388122178,0.12527753537087263,1.883440878108974,1.726099380616095,1.8154768523000833,2.1469214184649146,0.9999999999999329,0.916460612423911,0.9639149672288889,1.1398931834910253,density1.0000_damping0.005_lm1000_bias_summary.pkl,0.15,0.005,0.10990287264214575,0.1365603143844428,0.8047936410921057,1.2425545493164334
4.1,0.005,1.0,1.0,1000,100,50,50,0.14498905888541222,0.14498905888541222,0.04855286442917453,,0.11306246062951476,Peak absolute acceleration,mean,direct_code_bias,success,0.1,Peak absolute acceleration,0.2382215433982399,0.21870886469864387,0.23489510589913945,0.2616438504841408,2.1069906144962545,0.10230042965917763,0.23822154339825055,0.11306246062951476,0.10380153722276234,0.1114836982580954,0.12417893496250594,2.32864655790689,2.13790758677447,2.296130198882957,2.5576026548063293,0.9999999999999551,0.9180902011578942,0.9860363699619304,1.0983215319310298,density1.0000_damping0.005_lm1000_bias_summary.pkl,0.15,0.005,0.11306246062951476,0.13569686257920494,0.8331987820537579,1.2001937851313798
4.2,0.005,1.0,1.0,1000,100,50,50,0.13855693453266887,0.13855693453266887,0.04061848337475346,,0.10946657622401741,Peak absolute acceleration,mean,direct_code_bias,success,0.1,Peak absolute acceleration,0.22760884557275138,0.19469172570045964,0.2240857609294099,0.2627689433281549,2.0792542657674997,0.08445615482596368,0.22760884557274755,0.10946657622401741,0.09363536192077718,0.1077721780441772,0.12637653203571086,2.6949941782428795,2.3052402291065133,2.653279223890513,3.1113060246424333,1.0000000000000167,0.8553785561828394,0.9845213193078141,1.1544759724382927,density1.0000_damping0.005_lm1000_bias_summary.pkl,0.15,0.005,0.10946657622401741,0.1350497301322478,0.8105649386846149,1.2337074456030839
4.25,0.005,1.0,1.0,1000,100,50,50,0.13616037651403926,0.13616037651403926,0.03980490947557208,,0.13106256300149907,Peak absolute acceleration,mean,direct_code_bias,success,0.1,Peak absolute acceleration,0.23686019395315586,0.20039907849050997,0.24345309603728774,0.2713222559322367,1.8072299864183692,0.07193662601092167,0.23686019395316335,0.13106256300149907,0.11088742439896529,0.13471063332662572,0.15013155933183275,3.2926230640452183,2.785772555694851,3.3842718172565647,3.7716844808796512,0.9999999999999681,0.8460648247638302,1.0278345718378836,1.1454953717798941,density1.0000_damping0.005_lm1000_bias_summary.pkl,0.15,0.005,0.13106256300149907,0.13478977299688683,0.9723479763151022,1.0284384030804061
4.3,0.005,1.0,1.0,1000,100,50,50,0.11484100419986608,0.11484100419986608,0.051063833463967236,,0.13901570370133765,Peak absolute acceleration,mean,direct_code_bias,success,0.1,Peak absolute acceleration,0.2174298737324417,0.18801006644131746,0.21864927760947928,0.24177403907552306,1.5640669934640592,0.07986725648073455,0.2174298737324359,0.13901570370133765,0.1202058909413574,0.1397953403039469,0.1545803601034042,2.7223906681318106,2.3540318614383473,2.7376585505002478,3.027198500725305,1.0000000000000264,0.8646928925354491,1.005608262821069,1.1119632961432175,density1.0000_damping0.005_lm1000_bias_summary.pkl,0.15,0.005,0.13901570370133765,0.13456472286100887,1.0330768773992114,0.9679821723602443
4.35,0.005,1.0,1.0,1000,100,50,50,0.16530698988820214,0.16530698988820214,0.014232063417833195,,0.17745770005960515,Peak absolute acceleration,mean,direct_code_bias,success,0.1,Peak absolute acceleration,0.21923484574517918,0.18715609413291798,0.22094640192308196,0.24604747200892127,1.235420303945908,0.017582580113437166,0.21923484574518048,0.17745770005960515,0.15149183928347715,0.17884310401681397,0.19916094241210908,12.468866590156066,10.644404457448616,12.566210447932367,13.993820612305015,0.9999999999999939,0.8536785906308523,1.0078069531879565,1.1223009333785627,density1.0000_damping0.005_lm1000_bias_summary.pkl,0.15,0.005,0.17745770005960515,0.13436989241871944,1.3206656406824804,0.7571939249386573
4.4,0.005,1.0,1.0,1000,100,50,50,0.13691152471199886,0.13691152471199886,0.018942639671221125,,0.20654885050244884,Peak absolute acceleration,mean,direct_code_bias,success,0.1,Peak absolute acceleration,0.20725355129816325,0.16641901076656992,0.20657685012839333,0.2427006786518271,1.003411787545659,0.019007267933333193,0.20725355129815884,0.20654885050244884,0.1658531550378037,0.2058744502430846,0.24187545100050292,10.903910652761466,8.75554610742976,10.86830842038681,12.768835558223547,1.0000000000000213,0.8029730237391997,0.9967349115828081,1.1710326656968755,density1.0000_damping0.005_lm1000_bias_summary.pkl,0.15,0.005,0.20654885050244884,0.13420122377475427,1.5390981147022067,0.6497311577784025
1.5,0.005,1.0,1.0,1500,100,50,50,0.1055316342134237,0.1055316342134237,0.35948416838510905,0.16779296980456718,0.06031891621106254,Peak absolute acceleration,mean,theory_times_residual,success,0.1,Peak absolute acceleration,0.26200137679920193,0.21146492997604482,0.26397142422581293,0.3284122017579899,4.343602194086605,1.5614562225363893,0.26200137679927504,0.06031891621104057,0.04868423039843149,0.06077246774236934,0.07560825947760395,0.16779296980456718,0.1354280234847357,0.16905464297745382,0.21032430946064284,0.9999999999997208,0.8071138119936396,1.0075192254735637,1.253475099138863,density1.0000_damping0.005_lm1500_bias_summary.pkl,0.1,0.005,0.06031891621106254,0.05850882449997484,1.030937071912488,0.9699913091151374
1.6,0.005,1.0,1.0,1500,100,50,50,0.09284242513346534,0.09284242513346534,0.40088804112388454,0.12366229204332248,0.04957473401813728,Peak absolute acceleration,mean,theory_times_residual,success,0.1,Peak absolute acceleration,0.3048608434284095,0.2488038798847428,0.30348905882154964,0.3851751155834153,6.149520506088481,2.4652692295369065,0.3048608434284315,0.049574734018136,0.040459069880067644,0.04935166221839132,0.06263498352466072,0.12366229204332248,0.10092361390138305,0.12310584790715096,0.1562405886418212,0.999999999999928,0.8161227827316941,0.995500292554941,1.2634456798445424,density1.0000_damping0.005_lm1500_bias_summary.pkl,0.1,0.005,0.04957473401813728,0.05892943364644672,0.841255904741296,1.1886989373435055
1.7,0.005,1.0,1.0,1500,100,50,50,0.09482093975108567,0.09482093975108567,0.36964612187674595,0.14719023917656207,0.05440830108972685,Peak absolute acceleration,mean,theory_times_residual,success,0.1,Peak absolute acceleration,0.4286221788787871,0.28017569272588605,0.44129037140417304,0.5505689449769139,7.877882056490354,2.912028550783407,0.4286221788788883,0.05440830108971458,0.035564849881835635,0.056016371943599604,0.06988793955392064,0.14719023917656207,0.09621323686902448,0.15154053736370648,0.18906715211593558,0.9999999999997639,0.6536658776237816,1.0295556159936003,1.2845087634452133,density1.0000_damping0.005_lm1500_bias_summary.pkl,0.1,0.005,0.05440830108972685,0.06365635466360954,0.854719083070863,1.1699750477161814
1.75,0.005,1.0,1.0,1500,100,50,50,0.1079987301298931,0.1079987301298931,0.35787758393338975,0.1784206773826733,0.06385276094546992,Peak absolute acceleration,mean,theory_times_residual,success,0.1,Peak absolute acceleration,0.49631660767869334,0.3834886772332184,0.48291264678657875,0.6403957263497633,7.772829245432914,2.7817213506829304,0.4963166076787675,0.06385276094548384,0.04933707728862628,0.06212829737258464,0.08238901256270886,0.1784206773826733,0.13786020556626544,0.173602092340421,0.23021562752593533,0.9999999999998507,0.7726694438591604,0.9729931243790572,1.2902967912857926,density1.0000_damping0.005_lm1500_bias_summary.pkl,0.1,0.005,0.06385276094546992,0.07003715949710329,0.9116983242031869,1.0968540507890463
1.8,0.005,1.0,1.0,1500,100,50,50,0.08918434950398496,0.08918434950398496,0.42383345181503973,0.1897287957168267,0.08041341039737318,Peak absolute acceleration,mean,theory_times_residual,success,0.1,Peak absolute acceleration,0.6348070362764907,0.5037811319286185,0.6351220603616237,0.7768622264548988,7.89429316751546,3.345865522827386,0.634807036276632,0.08041341039735934,0.0638158630846961,0.08045331569077172,0.09840807909840997,0.1897287957168267,0.15056825460902085,0.18982294895848678,0.2321857292693641,0.9999999999997774,0.7935972715165118,1.00049625172216,1.2237769622269323,density1.0000_damping0.005_lm1500_bias_summary.pkl,0.1,0.005,0.08041341039737318,0.08078673327561625,0.9953789086013997,1.0046425450232523
1.85,0.005,1.0,1.0,1500,100,50,50,0.07118079654455917,0.07118079654455917,0.45399480911531126,0.22209745826794577,0.10083109317135185,Peak absolute acceleration,mean,theory_times_residual,success,0.1,Peak absolute acceleration,0.8075381751581635,0.6885407482760404,0.8048298585082831,0.9556302216249346,8.008820987250145,3.635963155345626,0.807538175158103,0.10083109317136012,0.08597279791522136,0.1004929264606555,0.11932221024121721,0.22209745826794577,0.18936956147747028,0.22135258915509498,0.26282725671187246,1.0000000000000748,0.8526417319419421,0.9966462060455661,1.183387053420524,density1.0000_damping0.005_lm1500_bias_summary.pkl,0.1,0.005,0.10083109317135185,0.09739320171293858,1.0352990906752795,0.9659044511937311
1.9,0.005,1.0,1.0,1500,100,50,50,0.09133605861979954,0.09133605861979954,0.37494545520105604,0.3021526696107195,0.11329077024740553,Peak absolute acceleration,mean,theory_times_residual,success,0.1,Peak absolute acceleration,0.8886774181424125,0.735975572935219,0.9062849301987328,1.057087543058282,7.844217284441786,2.941153620410987,0.8886774181423605,0.11329077024740436,0.09382396563580057,0.1155354189380064,0.13476010476595396,0.3021526696107195,0.2502336388781951,0.3081392702201293,0.35941255693763047,1.0000000000000586,0.8281695448880196,1.0198131647062416,1.1895064749906172,density1.0000_damping0.005_lm1500_bias_summary.pkl,0.1,0.005,0.11329077024740553,0.12150571129568555,0.9323904945646364,1.0725120063209046
1.95,0.005,1.0,1.0,1500,100,50,50,0.08741986541835918,0.08741986541835918,0.36049476981603407,0.32520219929230115,0.11723369197754614,Peak absolute acceleration,mean,theory_times_residual,success,0.1,Peak absolute acceleration,0.9206732192358426,0.8070406770151721,0.9137066300837251,1.0841940427171644,7.853315917170484,2.831079313852717,0.9206732192358213,0.11723369197753568,0.10276432089668759,0.11634660310633851,0.13805557476004288,0.32520219929230115,0.285064665290814,0.32274144550203143,0.38296138063391894,1.000000000000023,0.8765766834024273,0.9924331575997414,1.1776100575805484,density1.0000_damping0.005_lm1500_bias_summary.pkl,0.1,0.005,0.11723369197754614,0.15492500927961983,0.7567125057643664,1.3215058458560935
2.0,0.005,1.0,1.0,1500,100,50,50,0.09706038268207993,0.09706038268207993,0.31315688522738205,0.39580518977060136,0.12394912038539438,Peak absolute acceleration,mean,theory_times_residual,success,0.1,Peak absolute acceleration,0.9605518922947088,0.8113306670467745,0.963338368164627,1.1246948467127402,7.749566026030865,2.4268299585748743,0.9605518922949412,0.12394912038534879,0.10469369050105608,0.12430868579334178,0.14513004249978384,0.39580518977060136,0.3343170641931659,0.39695338553111303,0.4634419658199717,0.9999999999997581,0.8446505322147158,1.002900911332368,1.170884005054251,density1.0000_damping0.005_lm1500_bias_summary.pkl,0.1,0.005,0.12394912038539438,0.19959575195263912,0.6210007937181726,1.6103038999553771
2.05,0.005,1.0,1.0,1500,100,50,50,0.09929832663758646,0.09929832663758646,0.2860716375116111,0.4726173566449958,0.13520242113184305,Peak absolute acceleration,mean,theory_times_residual,success,0.1,Peak absolute acceleration,1.0441375631981535,0.880714224436751,1.0109759934997857,1.3248150980079145,7.722772672687251,2.209266224605569,1.0441375631980918,0.13520242113184344,0.11404119501685314,0.13090842322411672,0.17154656159870182,0.4726173566449958,0.39864558405313466,0.4576071377184432,0.5996629483820765,1.0000000000000593,0.8434848582012593,0.9682402291928514,1.2688127931631294,density1.0000_damping0.005_lm1500_bias_summary.pkl,0.1,0.005,0.13520242113184305,0.2576000566030344,0.524854003973299,1.905291742903294
2.1,0.005,1.0,1.0,1500,100,50,50,0.10133291993644516,0.10133291993644516,0.2621682043143029,0.5668540292984611,0.14861110296950478,Peak absolute acceleration,mean,theory_times_residual,success,0.1,Peak absolute acceleration,1.1417241473208826,0.8963215416399873,1.1820020209086106,1.2902432858159725,7.6826301972546425,2.0141413632251695,1.1417241473207875,0.14861110296951077,0.11666857815963658,0.15385382226662353,0.16794291182686835,0.5668540292984611,0.4450142169786639,0.58685156985005,0.6405922192819445,1.0000000000000833,0.7850596343638075,1.0352781130909254,1.130083206914477,density1.0000_damping0.005_lm1500_bias_summary.pkl,0.1,0.005,0.14861110296950478,0.3311519858939578,0.44877007929859053,2.228312550522626
2.15,0.005,1.0,1.0,1500,100,50,50,0.1024314569542633,0.1024314569542633,0.3225508570235328,0.6193221342549214,0.19976288517756835,Peak absolute acceleration,mean,theory_times_residual,success,0.1,Peak absolute acceleration,1.1457506303637757,0.9306407983640022,1.1292481920725832,1.3582866079471516,5.73555307506352,1.8500075598657177,1.1457506303638134,0.1997628851775706,0.16225824888800205,0.19688566687356077,0.23681876711290115,0.6193221342549214,0.5030470245384038,0.6104019337923946,0.7342059769992197,0.9999999999999672,0.8122542320299603,0.9855968324573472,1.1854993328835013,density1.0000_damping0.005_lm1500_bias_summary.pkl,0.1,0.005,0.19976288517756835,0.42259275376703204,0.4727077863897486,2.1154718174569376
2.2,0.005,1.0,1.0,1500,100,50,50,0.10668383225818633,0.10668383225818633,0.44051164722072284,0.6608398826827157,0.2911076652697123,Peak absolute acceleration,mean,theory_times_residual,success,0.1,Peak absolute acceleration,1.1046295690632861,0.9470873295656064,1.0554659039647325,1.3575455434000132,3.794573969874588,1.6715540299701375,1.1046295690631975,0.2911076652696784,0.24958989786063074,0.27815135831957866,0.3577596732011738,0.6608398826827157,0.566590916347781,0.631427931757365,0.8121457751648423,1.0000000000000804,0.8573800268345181,0.9554930752576547,1.228959989321403,density1.0000_damping0.005_lm1500_bias_summary.pkl,0.1,0.005,0.2911076652697123,0.5343865039960992,0.5447511550027108,1.8357005594510476
2.25,0.005,1.0,1.0,1500,100,50,50,0.08704136962170496,0.08704136962170496,0.8416783748427842,0.7063989923016406,0.5945607558310253,Peak absolute acceleration,mean,theory_times_residual,success,0.1,Peak absolute acceleration,1.1438498017216798,0.7341045273556303,1.1773235413341474,1.5241304862341845,1.9238568817459971,1.6192687336581626,1.1438498017215222,0.5945607558310567,0.38157959374264544,0.6119600436523464,0.7922265427826207,0.7063989923016406,0.453355587060081,0.7270711259115112,0.941246165354501,1.000000000000138,0.6417840229117362,1.0292641040477923,1.332456834752544,density1.0000_damping0.005_lm1500_bias_summary.pkl,0.1,0.005,0.5945607558310253,0.669116552732615,0.8885757696517471,1.1253964311811704
2.3,0.005,1.0,1.0,1500,100,50,50,0.10870979814188608,0.10870979814188608,0.6542699326594412,0.8467813175554935,0.5540235556143056,Peak absolute acceleration,mean,theory_times_residual,success,0.1,Peak absolute acceleration,1.040633065407629,0.9006457821581697,1.0489870864072914,1.1765918829165567,1.878319170479845,1.2289277571826347,1.0406330654077136,0.5540235556142376,0.47949560240504074,0.5584711602231649,0.6264067903944027,0.8467813175554935,0.7328712179330505,0.8535791304869993,0.9574133841796688,0.9999999999999184,0.8654787283789624,1.0080278258276416,1.1306501033153076,density1.0000_damping0.005_lm1500_bias_summary.pkl,0.1,0.005,0.5540235556143056,0.5971421943959438,0.9277916730950468,1.0778281687568825
2.35,0.005,1.0,1.0,1500,100,50,50,0.09508291060042434,0.09508291060042434,0.4343981305546312,1.0884728553840899,0.4728305735383101,Peak absolute acceleration,mean,theory_times_residual,success,0.1,Peak absolute acceleration,0.8952424159072679,0.698506977124307,0.8376214412934876,1.175871518585245,1.893368293018803,0.8224756469387224,0.8952424159072903,0.4728305735382763,0.3689229294162317,0.4423975221207368,0.6210474332547449,1.0884728553840899,0.8492737502005921,1.0184148848797387,1.429673356240847,0.999999999999975,0.7802433896258142,0.9356364560146468,1.3134671656431172,density1.0000_damping0.005_lm1500_bias_summary.pkl,0.1,0.005,0.4728305735383101,0.534832540533598,0.884072186532553,1.1311293525951833
2.4,0.005,1.0,1.0,1500,100,50,50,0.11589028827562209,0.11589028827562209,0.3233190419672324,1.585366170616065,0.512579071450846,Peak absolute acceleration,mean,theory_times_residual,success,0.1,Peak absolute acceleration,0.9480053205044586,0.6426760100277876,0.9468413363827928,1.1711673555627764,1.8494811304354801,0.5979724672288601,0.9480053205044922,0.5125790714508347,0.34748989835676924,0.5119497143287149,0.6332410405760737,1.585366170616065,1.0747585302816598,1.583419619252154,1.9585640138085811,0.9999999999999646,0.6779244758729625,0.9987721755389728,1.2354016694120726,density1.0000_damping0.005_lm1500_bias_summary.pkl,0.1,0.005,0.512579071450846,0.4808898162896827,1.0658971225584364,0.9381768454348566
2.45,0.005,1.0,1.0,1500,100,50,50,0.12029309421659527,0.12029309421659527,0.20569820150032125,2.1078888853574687,0.43358895268054815,Peak absolute acceleration,mean,theory_times_residual,success,0.1,Peak absolute acceleration,0.7949535904786247,0.6361772571432647,0.802894019097133,0.9175011950136862,1.8334267641370203,0.37713258796552346,0.7949535904785857,0.43358895268053055,0.3469880933273647,0.4379198748497865,0.5004296942537254,2.1078888853574687,1.686879568204863,2.1289436254459444,2.4328345634707174,1.000000000000049,0.8002696821084448,1.0099885436252536,1.1541569294143614,density1.0000_damping0.005_lm1500_bias_summary.pkl,0.1,0.005,0.43358895268054815,0.43419051181497065,0.9986145272224244,1.001387394975595
2.5,0.005,1.0,1.0,1500,100,50,50,0.09248046031151651,0.09248046031151651,0.1502448115019388,2.153494412236642,0.32355136203697277,Peak absolute acceleration,mean,theory_times_residual,success,0.1,Peak absolute acceleration,0.6038940422107423,0.3677948418390603,0.5363720448664945,0.8273471915108287,1.866454952959444,0.2804251725842797,0.6038940422107131,0.323551362037005,0.19705530061461496,0.28737476037984466,0.44327198478537616,2.153494412236642,1.311561435264954,1.912710046403883,2.950331398163536,1.0000000000000482,0.6090386990615945,0.8881889990220195,1.3700204567047998,density1.0000_damping0.005_lm1500_bias_summary.pkl,0.1,0.005,0.32355136203697277,0.39376198244951943,0.8216927394164262,1.2169999222705283
2.55,0.005,1.0,1.0,1500,100,50,50,0.10344627046590003,0.10344627046590003,0.1271832510205638,2.5764188983550453,0.32767733148361416,Peak absolute acceleration,mean,theory_times_residual,success,0.1,Peak absolute acceleration,0.6037563264105447,0.3628273010140491,0.5654806126430993,0.9445084574128328,1.842533090943197,0.23433934861913264,0.6037563264105255,0.3276773314836264,0.19691765797721275,0.3069039114807043,0.5126141082922624,2.5764188983550453,1.5482986666645793,2.4130843410432297,4.030515843704613,1.0000000000000318,0.6009498950862237,0.9366040369382392,1.5643868496221973,density1.0000_damping0.005_lm1500_bias_summary.pkl,0.1,0.005,0.32767733148361416,0.35876219815891053,0.91335523409432,1.0948642572696574
2.6,0.005,1.0,1.0,1500,100,50,50,0.09861569062611786,0.09861569062611786,0.12072527529286106,2.3098409969955536,0.27885619024502484,Peak absolute acceleration,mean,theory_times_residual,success,0.1,Peak absolute acceleration,0.5132768398533879,0.2767629508449853,0.48518235826259315,0.8137372849320236,1.8406506931130764,0.22221306164407637,0.5132768398534377,0.27885619024503083,0.15036147373345377,0.26359284794118565,0.4420921840176839,2.3098409969955536,1.245484620918831,2.183410618047829,3.661968738072674,0.9999999999999027,0.5392079465810553,0.9452644666397441,1.5853769773917328,density1.0000_damping0.005_lm1500_bias_summary.pkl,0.1,0.005,0.27885619024502484,0.3284623004683286,0.8489747220530288,1.177891371820421
2.65,0.005,1.0,1.0,1500,100,50,50,0.1142318338661774,0.1142318338661774,0.1038241148153223,2.5768526997386663,0.2675394505598405,Peak absolute acceleration,mean,theory_times_residual,success,0.1,Peak absolute acceleration,0.48285102237290295,0.3498404481900245,0.460481106878772,0.6581310044638705,1.8047843836208486,0.18738014106195192,0.4828510223729221,0.2675394505598409,0.19384057805739494,0.25514466495711347,0.3646590753093149,2.5768526997386663,1.8670092049635063,2.457470168765254,3.5122772388471954,0.9999999999999601,0.724530822096574,0.9536711854016268,1.3630104814308,density1.0000_damping0.005_lm1500_bias_summary.pkl,0.1,0.005,0.2675394505598405,0.30223232059135424,0.8852112508561508,1.1296738479462265
2.7,0.005,1.0,1.0,1500,100,50,50,0.09379407432970084,0.09379407432970084,0.1077449410916092,1.9518104935699794,0.2102977066516821,Peak absolute acceleration,mean,theory_times_residual,success,0.1,Peak absolute acceleration,0.38437894744097734,0.20797146840770592,0.3793189829052104,0.5495492312727677,1.8277847797819295,0.19693456342573767,0.38437894744098305,0.21029770665167544,0.11378334621678965,0.20752934760211011,0.30066408110605536,1.9518104935699794,1.0560435140991904,1.926116859868777,2.790516919494418,0.9999999999999852,0.5410584263063407,0.9868359998135705,1.4297068945409517,density1.0000_damping0.005_lm1500_bias_summary.pkl,0.1,0.005,0.2102977066516821,0.27953441361413733,0.7523141924914081,1.329231868786532
2.75,0.005,1.0,1.0,1500,100,50,50,0.1046332858532086,0.1046332858532086,0.0919107140897108,,0.19885934513861994,Peak absolute acceleration,mean,direct_code_bias,success,0.1,Peak absolute acceleration,0.35780339840118414,0.1990113650007277,0.40202514601403516,0.4599330270554242,1.7992787723994974,0.16537299681769232,0.35780339840116276,0.19885934513861994,0.11060618735324067,0.22343683045729432,0.25562077100596414,2.1636144067439713,1.2034090742161394,2.431020503651082,2.7811857794562176,1.0000000000000595,0.5562031157054571,1.1235923074249055,1.2854350436877502,density1.0000_damping0.005_lm1500_bias_summary.pkl,0.1,0.005,0.19885934513861994,0.25994434783403464,0.7650073825248029,1.3071769277568215
2.8,0.005,1.0,1.0,1500,100,50,50,0.09811341085916002,0.09811341085916002,0.08839458932947396,,0.1619327581911082,Peak absolute acceleration,mean,direct_code_bias,success,0.1,Peak absolute acceleration,0.29130889902506346,0.13743409370529733,0.3075969092907683,0.4852978156337303,1.7989497756918924,0.15901742664662993,0.2913088990250634,0.1619327581911082,0.07639684862932815,0.17098693551489713,0.26976729544718964,1.8319306579675256,0.8642706438125471,1.934359747716916,3.051853031882876,1.0000000000000004,0.47178130899967075,1.0559131915304225,1.6659216977507325,density1.0000_damping0.005_lm1500_bias_summary.pkl,0.1,0.005,0.1619327581911082,0.24325976372398775,0.6656783502217146,1.502227013492229
2.85,0.005,1.0,1.0,1500,100,50,50,0.09811136616923426,0.09811136616923426,0.08191993631950537,,0.1518471215279444,Peak absolute acceleration,mean,direct_code_bias,success,0.1,Peak absolute acceleration,0.2714587024238971,0.17889630931491296,0.265483352948211,0.37733186992300577,1.7877105584378206,0.14644913510493335,0.2714587024238939,0.1518471215279444,0.10007006361882226,0.1485046623991537,0.21106988944157426,1.8536039986128443,1.2215593433633505,1.8128024638587834,2.57653873921919,1.0000000000000118,0.6590185089574289,0.9779879980920556,1.3900157429242646,density1.0000_damping0.005_lm1500_bias_summary.pkl,0.1,0.005,0.1518471215279444,0.2297587123915467,0.6608982090271018,1.5130923133716712
2.9,0.005,1.0,1.0,1500,100,50,50,0.09291653190958006,0.09291653190958006,0.08019567737863334,,0.14234271457648137,Peak absolute acceleration,mean,direct_code_bias,success,0.1,Peak absolute acceleration,0.25403448840525866,0.1654654310875956,0.24182347569383442,0.3984648264953175,1.7846680046892371,0.14312265953202666,0.2540344884052695,0.14234271457648137,0.09271496471771395,0.1355005385082493,0.22327112126644635,1.7749424810570487,1.156109253619405,1.6896239664951267,2.7840792492131743,0.9999999999999574,0.6513502639988914,0.9519316735767214,1.568546180468353,density1.0000_damping0.005_lm1500_bias_summary.pkl,0.1,0.005,0.14234271457648137,0.22043657589902887,0.645730927346991,1.5486326543294024
2.95,0.005,1.0,1.0,1500,100,50,50,0.09307069910168819,0.09307069910168819,0.07461570163736163,,0.11449510818433677,Peak absolute acceleration,mean,direct_code_bias,success,0.1,Peak absolute acceleration,0.20293439276292422,0.14888412416415495,0.2040832949806513,0.2534867271648508,1.772428499182694,0.13225099606856797,0.20293439276291475,0.11449510818433677,0.08400007347704504,0.11514331611952677,0.14301661662613704,1.5344640025070897,1.1257693975095902,1.5431512884397527,1.916709398796709,1.0000000000000466,0.733656440079598,1.0056614465497664,1.2491067862557708,density1.0000_damping0.005_lm1500_bias_summary.pkl,0.1,0.005,0.11449510818433677,0.21650593111593985,0.528831277712339,1.8909622825751295
3.0,0.005,1.0,1.0,1500,100,50,50,0.09241433700233921,0.09241433700233921,0.1264151932958988,0.9353590981363936,0.11824360119198976,Peak absolute acceleration,mean,theory_times_residual,success,0.1,Peak absolute acceleration,0.20831276096392504,0.1136079161289605,0.19998087046664026,0.3139747589314053,1.7617254453008075,0.2227088627020005,0.2083127609639162,0.11824360119198739,0.06448673170498619,0.11351420903868159,0.17822002842094126,0.9353590981363936,0.5101185231275487,0.8979475178508194,1.409799121247926,1.0000000000000424,0.5453718514567603,0.9600029760120208,1.5072276776447304,density1.0000_damping0.005_lm1500_bias_summary.pkl,0.1,0.005,0.11824360119198976,0.21753549264442829,0.5435600405000086,1.8397231685393298
3.1,0.005,1.0,1.0,1500,100,50,50,0.09306799808975337,0.09306799808975337,0.09253642954442777,,0.15428961534847788,Peak absolute acceleration,mean,direct_code_bias,success,0.1,Peak absolute acceleration,0.17858708749299856,0.12561884210670285,0.17149008631855883,0.2578498669732934,1.1574796339315678,0.10710903259442409,0.17858708749300753,0.15428961534847788,0.10852790703540763,0.1481581889575585,0.22276838348979353,1.667339188555938,1.1728127783803954,1.601079593052793,2.4073587514291166,0.9999999999999498,0.7034038343428461,0.9602602781977361,1.443832645422303,density1.0000_damping0.005_lm1500_bias_summary.pkl,0.1,0.005,0.15428961534847788,0.21687603744070033,0.711418454381605,1.4056424792482956
3.2,0.005,1.0,1.0,1500,100,50,50,0.10080451379445847,0.10080451379445847,0.06471485192541339,,0.13116869839233036,Peak absolute acceleration,mean,direct_code_bias,success,0.1,Peak absolute acceleration,0.17333299110229458,0.1345693737824983,0.16805124996665244,0.21939418419590778,1.3214508737736292,0.08551749762297309,0.17333299110230546,0.13116869839233036,0.10183456415463438,0.12717177255841022,0.16602522920083296,2.026871645221423,1.5735887686492374,1.9651095347475158,2.5654888215177447,0.9999999999999373,0.7763633046814042,0.9695283563615675,1.2657381771391452,density1.0000_damping0.005_lm1500_bias_summary.pkl,0.1,0.005,0.13116869839233036,0.19052116182191703,0.6884731183558889,1.452489535666972
3.3,0.005,1.0,1.0,1500,100,50,50,0.07611374477895551,0.07611374477895551,0.05907536121430537,,0.09554842814338249,Peak absolute acceleration,mean,direct_code_bias,success,0.1,Peak absolute acceleration,0.14540314996448578,0.10437759797207277,0.1439909132980934,0.19059662061607405,1.5217743796505996,0.0898993711645369,0.14540314996449025,0.09554842814338249,0.06858940416386687,0.09462040840190372,0.12524630665673,1.617398965987915,1.1610492556286887,1.6016898831756712,2.1201107209886665,0.9999999999999692,0.7178496339148323,0.990287441044147,1.3108149353203198,density1.0000_damping0.005_lm1500_bias_summary.pkl,0.1,0.005,0.09554842814338249,0.1641455959553598,0.5820955937761767,1.717930887455716
3.4,0.005,1.0,1.0,1500,100,50,50,0.10304718054813901,0.10304718054813901,0.04822506362217007,,0.09886440390609778,Peak absolute acceleration,mean,direct_code_bias,success,0.1,Peak absolute acceleration,0.1625608827870175,0.1253499079281599,0.1544902825928598,0.2151030035518501,1.644281221190785,0.07929556650466334,0.16256088278701789,0.09886440390609778,0.07623386213544527,0.09395611930724251,0.1308188652766301,2.050062695213324,1.5807933968261405,1.9482839886612613,2.7126737727411276,0.9999999999999977,0.771095147732369,0.9503533688068615,1.323215030971942,density1.0000_damping0.005_lm1500_bias_summary.pkl,0.1,0.005,0.09886440390609778,0.15297803995098472,0.646265332839762,1.547352069166214
3.45,0.005,1.0,1.0,1500,100,50,50,0.10646873948651953,0.10646873948651953,0.04918794146781302,,0.09758419894805533,Peak absolute acceleration,mean,direct_code_bias,success,0.1,Peak absolute acceleration,0.15855848808172657,0.1337396866608846,0.16212067609091535,0.18082359725960798,1.6248377277363129,0.0799224230465879,0.15855848808172196,0.09758419894805533,0.08230956505866446,0.09977653357223445,0.11128717297297577,1.983904917263339,1.6733687688988839,2.0284754879918108,2.262488928222351,1.0000000000000289,0.8434722623739599,1.022466082089263,1.1404220577986997,density1.0000_damping0.005_lm1500_bias_summary.pkl,0.1,0.005,0.09758419894805533,0.1500315479177272,0.6504245293901146,1.5374573910023068
3.5,0.005,1.0,1.0,1500,100,50,50,0.07904977695817336,0.07904977695817336,0.07139672787143533,,0.09559771876326278,Peak absolute acceleration,mean,direct_code_bias,success,0.1,Peak absolute acceleration,0.1581409806200251,0.12484306724010091,0.15648323220189458,0.19440561286991143,1.6542338317888508,0.11810688272395027,0.15814098062003282,0.09559771876326278,0.0754688151342537,0.09459559416257204,0.11752003201366376,1.338964986398346,1.057034648284597,1.324928984601523,1.646014257478061,0.9999999999999512,0.789441590349454,0.9895172749553052,1.2293183721745855,density1.0000_damping0.005_lm1500_bias_summary.pkl,0.1,0.005,0.09559771876326278,0.14770129248064487,0.6472368464601315,1.545029467140433
3.55,0.005,1.0,1.0,1500,100,50,50,0.08910052434143341,0.08910052434143341,0.06526128428738445,,0.09544331161441592,Peak absolute acceleration,mean,direct_code_bias,success,0.1,Peak absolute acceleration,0.15513643562370522,0.10586287215937713,0.1621548731865389,0.19184619016596166,1.625430142768361,0.10607765863648949,0.15513643562370488,0.09544331161441592,0.06512914297201118,0.09976120715367309,0.11802795156684967,1.4624798248548452,0.9979751959095515,1.5286430269187663,1.808544726872099,1.0000000000000022,0.6823856158211312,1.045240420373314,1.2366288383168673,density1.0000_damping0.005_lm1500_bias_summary.pkl,0.1,0.005,0.09544331161441592,0.14573308045043787,0.6549186452342596,1.526907207905662
3.6,0.005,1.0,1.0,1500,100,50,50,0.10120137162292987,0.10120137162292987,0.057404529882929566,,0.10307284032591757,Peak absolute acceleration,mean,direct_code_bias,success,0.1,Peak absolute acceleration,0.1643240589623151,0.14052082926594114,0.16344804317001124,0.186320405643574,1.5942517780893635,0.09151727383624797,0.16432405896232546,0.10307284032591757,0.08814218130234662,0.10252335635836399,0.11687012566288012,1.7955523812514393,1.5354568965567672,1.7859802452427629,2.0359042378923724,0.9999999999999369,0.8551445853595809,0.9946689742339248,1.133859562745414,density1.0000_damping0.005_lm1500_bias_summary.pkl,0.1,0.005,0.10307284032591757,0.1440374018047415,0.7155977477685804,1.3974331293218805
3.65,0.005,1.0,1.0,1500,100,50,50,0.08945345483948458,0.08945345483948458,0.07033696691656952,,0.10229956777340492,Peak absolute acceleration,mean,direct_code_bias,success,0.1,Peak absolute acceleration,0.16348632724064846,0.13770662844911882,0.16030928859178242,0.19409082785907728,1.5981135678185185,0.11240646114857064,0.16348632724064455,0.10229956777340492,0.08616823686510167,0.10031157473408492,0.12144995935677971,1.4544210854976052,1.2250775181607068,1.42615724179678,1.7266874686370761,1.000000000000024,0.8423128146148933,0.9805669458572785,1.187199144631736,density1.0000_damping0.005_lm1500_bias_summary.pkl,0.1,0.005,0.10229956777340492,0.14257047059861033,0.7175368597991042,1.393656627312503
3.7,0.005,1.0,1.0,1500,100,50,50,0.09009402379342211,0.09009402379342211,0.07256870431436377,,0.10451161136308489,Peak absolute acceleration,mean,direct_code_bias,success,0.1,Peak absolute acceleration,0.16544528410925935,0.1306404138056933,0.16702839184315058,0.19513562312749627,1.5830325640515113,0.11487862206066028,0.16544528410925852,0.10451161136308489,0.08252541152491562,0.10551165884779332,0.12326696718611951,1.4401746917011062,1.13720387189803,1.4539553908903367,1.6986243360793207,1.0000000000000049,0.7896291182250901,1.0095687691699122,1.1794571490997021,density1.0000_damping0.005_lm1500_bias_summary.pkl,0.1,0.005,0.10451161136308489,0.14130062151743172,0.7396401391638054,1.3520088311196137
3.75,0.005,1.0,1.0,1500,100,50,50,0.08798269187419151,0.08798269187419151,0.07759568541800495,,0.11170419629878192,Peak absolute acceleration,mean,direct_code_bias,success,0.1,Peak absolute acceleration,0.17570382859179542,0.14397759834806026,0.1752935761355403,0.20416152248450073,1.5729384787105922,0.12205323937590631,0.1757038285917935,0.11170419629878192,0.09153415743639581,0.111443377161983,0.12979625411151555,1.4395671060450352,1.1796294722226102,1.4362058478076234,1.6727251446044196,1.0000000000000107,0.8194334722355898,0.997665090968471,1.1619639943010118,density1.0000_damping0.005_lm1500_bias_summary.pkl,0.1,0.005,0.11170419629878192,0.14020129529039832,0.7967415427040864,1.2551121617257197
3.8,0.005,1.0,1.0,1500,100,50,50,0.10056995203455231,0.10056995203455231,0.06775642805175158,,0.11700111644682291,Peak absolute acceleration,mean,direct_code_bias,success,0.1,Peak absolute acceleration,0.180389706888758,0.1549244354415456,0.18310066932359828,0.20836733077413577,1.5417776544956752,0.1044653467186332,0.18038970688875983,0.11700111644682291,0.10048429161611006,0.11875945198044241,0.13514745797914293,1.7267899122052344,1.4830222682246854,1.7527407420257872,1.9946071814163602,0.9999999999999897,0.8588319040680199,1.0150283654294654,1.1550954562093103,density1.0000_damping0.005_lm1500_bias_summary.pkl,0.1,0.005,0.11700111644682291,0.13924958684958977,0.8402259503520128,1.1901560521679193
3.85,0.005,1.0,1.0,1500,100,50,50,0.11270510367607826,0.11270510367607826,0.06557504656937253,,0.12048070393813222,Peak absolute acceleration,mean,direct_code_bias,success,0.1,Peak absolute acceleration,0.18104099154635359,0.14652335212446777,0.18097395616588927,0.22407387521546954,1.5026554927776612,0.09853670391661475,0.18104099154635273,0.12048070393813222,0.09750961070499206,0.1204360926611053,0.14911859457637133,1.8372949809601595,1.4869926261026654,1.8366146722244316,2.2740143145552016,1.0000000000000049,0.8093379895511273,0.9996297226396582,1.23769690665939,density1.0000_damping0.005_lm1500_bias_summary.pkl,0.1,0.005,0.12048070393813222,0.1384256736749181,0.8703638619890147,1.1489447616939619
3.9,0.005,1.0,1.0,1500,100,50,50,0.10302355865134548,0.10302355865134548,0.0721419507064961,,0.12292956322573272,Peak absolute acceleration,mean,direct_code_bias,success,0.1,Peak absolute acceleration,0.18581707220551116,0.15378698796352994,0.1910557455495255,0.21172478430102057,1.5115735168138489,0.10904786213923202,0.18581707220550073,0.12292956322573272,0.10173966813581645,0.12639527183053587,0.14006912792922038,1.7039955535144784,1.4102705449390207,1.7520356823280592,1.9415766631966695,1.0000000000000562,0.8276257188761011,1.0281926374247852,1.1394258976746103,density1.0000_damping0.005_lm1500_bias_summary.pkl,0.1,0.005,0.12292956322573272,0.1377123954205189,0.8926543093696222,1.1202544921406807
4.0,0.005,1.0,1.0,1500,100,50,50,0.08776102510853616,0.08776102510853616,0.09375005563983524,,0.12535215361609903,Peak absolute acceleration,mean,direct_code_bias,success,0.1,Peak absolute acceleration,0.18858352563300954,0.1464890772554839,0.19320495005175076,0.22474958646633494,1.5044298816800679,0.14104038511374015,0.18858352563300687,0.12535215361609903,0.09737182107277254,0.12842403119246054,0.1493918654522778,1.3370888450207286,1.0386321416901247,1.3698555197218385,1.5935122857548114,1.0000000000000147,0.776786184072935,1.0245059816504725,1.191777413811369,density1.0000_damping0.005_lm1500_bias_summary.pkl,0.1,0.005,0.12535215361609903,0.1365603143844428,0.9179251979693832,1.0894133881629962
4.1,0.005,1.0,1.0,1500,100,50,50,0.10094491540933842,0.10094491540933842,0.08073931775069287,,0.13193769316004758,Peak absolute acceleration,mean,direct_code_bias,success,0.1,Peak absolute acceleration,0.19274182868847245,0.1562534232370238,0.18819727775838002,0.23892162438009396,1.4608549238060893,0.11794842988084464,0.19274182868847173,0.13193769316004758,0.10696026052328556,0.12882680866629365,0.16354917965270033,1.634119495131784,1.3247605194480003,1.5955895127090973,2.0256448061365497,1.0000000000000038,0.8106876659844081,0.976421563699922,1.2395940518249546,density1.0000_damping0.005_lm1500_bias_summary.pkl,0.1,0.005,0.13193769316004758,0.13569686257920494,0.9722973004113292,1.0284920050451183
4.2,0.005,1.0,1.0,1500,100,50,50,0.09860543442886614,0.09860543442886614,0.06764712361981692,,0.1330674759318174,Peak absolute acceleration,mean,direct_code_bias,success,0.1,Peak absolute acceleration,0.19116187031534926,0.16757897829424306,0.18519736308693824,0.22935147535833686,1.4365784649984559,0.0971804010113194,0.191161870315352,0.1330674759318174,0.11665146205182966,0.1289155918727609,0.15965119967086752,1.9670825426320586,1.7244112655464734,1.9057069240264481,2.360058951924086,0.9999999999999855,0.8766339124941329,0.9687986562457547,1.1997762680391493,density1.0000_damping0.005_lm1500_bias_summary.pkl,0.1,0.005,0.1330674759318174,0.1350497301322478,0.9853220424913753,1.0148966093070413
4.25,0.005,1.0,1.0,1500,100,50,50,0.08126276335922218,0.08126276335922218,0.09279548919941061,,0.14336202250435406,Peak absolute acceleration,mean,direct_code_bias,success,0.1,Peak absolute acceleration,0.1814950047087371,0.15149149256837047,0.17512718990161938,0.23376383392663486,1.2659908219641984,0.11747823764613433,0.1814950047087387,0.14336202250435406,0.11966239402378114,0.1383321165234892,0.18464891677804404,1.5449244757606329,1.2895281339228992,1.4907202679455756,1.9898479804470148,0.9999999999999911,0.8346868433733614,0.9649146552692273,1.2879904562760647,density1.0000_damping0.005_lm1500_bias_summary.pkl,0.1,0.005,0.14336202250435406,0.13478977299688683,1.0635971803859625,0.9402055763603161
4.3,0.005,1.0,1.0,1500,100,50,50,0.07982067218624266,0.07982067218624266,0.09370291685451476,,0.15381551739967023,Peak absolute acceleration,mean,direct_code_bias,success,0.1,Peak absolute acceleration,0.1655867336077824,0.13940409203266446,0.16408109944860982,0.20320075762473866,1.0765281449304374,0.10087382725596175,0.16558673360778503,0.15381551739967023,0.12949414531254305,0.1524169156387568,0.18875563874632278,1.6415232584326878,1.3819649340649511,1.626597343553379,2.014405154957866,0.999999999999984,0.8418795938258087,0.9909072778575275,1.227156023900125,density1.0000_damping0.005_lm1500_bias_summary.pkl,0.1,0.005,0.15381551739967023,0.13456472286100887,1.1430597420286959,0.8748449125022895
4.35,0.005,1.0,1.0,1500,100,50,50,0.09783470633627833,0.09783470633627833,0.06052376137109776,,0.19051346611065656,Peak absolute acceleration,mean,direct_code_bias,success,0.1,Peak absolute acceleration,0.1665530343504457,0.1438859764191755,0.1692770352141164,0.18868854337084387,0.8742323456217324,0.05291182986930491,0.1665530343504415,0.19051346611065656,0.16458550995027227,0.19362934357425404,0.21583340437564483,3.1477466336326057,2.7193536261093536,3.1992285209610003,3.566093704128449,1.000000000000025,0.863904863578933,1.0163551560276194,1.1329036670315318,density1.0000_damping0.005_lm1500_bias_summary.pkl,0.1,0.005,0.19051346611065656,0.13436989241871944,1.4178285230517933,0.7053039092820501
4.4,0.005,1.0,1.0,1500,100,50,50,0.11895187723785411,0.11895187723785411,0.03322748896021407,,0.23985437872339418,Peak absolute acceleration,mean,direct_code_bias,success,0.1,Peak absolute acceleration,0.1630237393155019,0.14403588398088743,0.1614527790720452,0.1836203712472207,0.6796779787101773,0.022583992534092805,0.16302373931550607,0.23985437872339418,0.2119178324038449,0.237543048516054,0.27015789388333056,7.218552657126556,6.37778655671493,7.148991872376684,8.13055401829536,0.9999999999999746,0.8835270530884418,0.9903636105388274,1.1263413047584019,density1.0000_damping0.005_lm1500_bias_summary.pkl,0.1,0.005,0.23985437872339418,0.13420122377475427,1.7872741542652693,0.559511252156536
1.5,0.005,1.0,1.0,2000,100,50,50,0.0693289744191917,0.0693289744191917,0.4949200794501407,0.1192667283421585,0.05902749866685943,Peak absolute acceleration,mean,theory_times_residual,success,0.1,Peak absolute acceleration,0.1988041870523377,0.14610381021199645,0.20340546747566596,0.2543825527386062,3.367992741388973,1.6668872351557935,0.198804187052361,0.059027498666861765,0.04338008464701818,0.06039367750887158,0.07552942428067641,0.1192667283421585,0.08765068633952378,0.12202713128141203,0.1526093351568744,0.9999999999998828,0.734913144326863,1.023144786292117,1.2795633558341855,density1.0000_damping0.005_lm2000_bias_summary.pkl,0.05,0.005,0.05902749866685943,0.05850882449997484,1.0088648878406008,0.9912130078590675
1.6,0.005,1.0,1.0,2000,100,50,50,0.075469549169042,0.075469549169042,0.46379985305768057,0.11718817349462969,0.054351857646907226,Peak absolute acceleration,mean,theory_times_residual,success,0.1,Peak absolute acceleration,0.2547277957881285,0.18376594339060165,0.25770993861621616,0.3420676389557761,4.686643783970343,2.1736646983392207,0.2547277957879671,0.05435185764690931,0.03921056343542335,0.054988164344313424,0.07298776154606519,0.11718817349462969,0.0845419919323377,0.11856011592455742,0.15736909157016324,1.0000000000006335,0.7214208517062135,1.0117071747864192,1.3428751970221176,density1.0000_damping0.005_lm2000_bias_summary.pkl,0.05,0.005,0.054351857646907226,0.05892943364644672,0.9223210589979753,1.0842211508073445
1.7,0.005,1.0,1.0,2000,100,50,50,0.07187987363180326,0.07187987363180326,0.4468470028135605,0.14073188068167097,0.06288561908292029,Peak absolute acceleration,mean,theory_times_residual,success,0.1,Peak absolute acceleration,0.3795063591062578,0.2999027851021107,0.3728852725054992,0.48173962072411924,6.034867186499973,2.6966623146654576,0.379506359106238,0.06288561908292124,0.04969500998679717,0.06178848033965774,0.07982605181465685,0.14073188068167097,0.11121258433847177,0.13827659120595476,0.178642916506171,1.0000000000000524,0.7902444264923549,0.9825534238310739,1.2693848447194591,density1.0000_damping0.005_lm2000_bias_summary.pkl,0.05,0.005,0.06288561908292029,0.06365635466360954,0.9878922444623337,1.012256150005822
1.75,0.005,1.0,1.0,2000,100,50,50,0.06484386254468999,0.06484386254468999,0.5025979237378243,0.16112805361869229,0.08098262520467157,Peak absolute acceleration,mean,theory_times_residual,success,0.1,Peak absolute acceleration,0.49123078095360523,0.383362912531626,0.4924729404013576,0.6299187458693727,6.065878695734129,3.0486980381212656,0.49123078095365347,0.08098262520466602,0.06319989761767388,0.08118740335966372,0.10384624841119348,0.16112805361869229,0.1257464359336388,0.1615354929361387,0.20661893634357922,0.999999999999902,0.7804130510457477,1.002528667778702,1.2823275134479084,density1.0000_damping0.005_lm2000_bias_summary.pkl,0.05,0.005,0.08098262520467157,0.07003715949710329,1.1562808341479502,0.8648418018074218
1.8,0.005,1.0,1.0,2000,100,50,50,0.07259479937935186,0.07259479937935186,0.4727143106869215,0.2040430166018693,0.09645405394343272,Peak absolute acceleration,mean,theory_times_residual,success,0.1,Peak absolute acceleration,0.5799101432528208,0.42779367174606103,0.5821130796979717,0.7294343562795075,6.012294139475748,2.8420974797895044,0.5799101432527003,0.09645405394343981,0.07115315083093443,0.09682045924465199,0.12132379743202512,0.2040430166018693,0.15052040782842707,0.2048181259923164,0.2566535319307668,1.0000000000002076,0.7376895829870778,1.003798754808659,1.2578403133080756,density1.0000_damping0.005_lm2000_bias_summary.pkl,0.05,0.005,0.09645405394343272,0.08078673327561625,1.193934326003566,0.8375670070124284
1.85,0.005,1.0,1.0,2000,100,50,50,0.06855363242064781,0.06855363242064781,0.46101230002463983,0.24648910289157067,0.1136345082550531,Peak absolute acceleration,mean,theory_times_residual,success,0.1,Peak absolute acceleration,0.6842369766732884,0.494439196175519,0.6705802114595034,0.9087171925669922,6.021383707997731,2.7759319525548394,0.6842369766732415,0.11363450825504946,0.08211388281381143,0.11136646391905311,0.15091501167082486,0.24648910289157067,0.17811646849644858,0.24156939828526144,0.32735571624176557,1.0000000000000686,0.7226139671367677,0.9800408839637151,1.3280737866362806,density1.0000_damping0.005_lm2000_bias_summary.pkl,0.05,0.005,0.1136345082550531,0.09739320171293858,1.1667601665873222,0.8570741688285319
1.9,0.005,1.0,1.0,2000,100,50,50,0.0809380597008572,0.0809380597008572,0.4020421522030254,0.2997135744347962,0.12049749051022711,Peak absolute acceleration,mean,theory_times_residual,success,0.1,Peak absolute acceleration,0.7157256426236082,0.5622930640888545,0.7083067456851355,0.8900881285170082,5.939755588212416,2.3880321202445804,0.7157256426237321,0.12049749051021268,0.09466602720232095,0.1192484665683529,0.14985265223427865,0.2997135744347962,0.23546294010118457,0.29660687546053244,0.3727287087017264,0.9999999999998269,0.7856265454281908,0.9896344402145492,1.2436163740816832,density1.0000_damping0.005_lm2000_bias_summary.pkl,0.05,0.005,0.12049749051022711,0.12150571129568555,0.991702276586606,1.0083671517239843
1.95,0.005,1.0,1.0,2000,100,50,50,0.06020946267800647,0.06020946267800647,0.4292527448160313,0.3177332745781484,0.13638788023205595,Peak absolute acceleration,mean,theory_times_residual,success,0.1,Peak absolute acceleration,0.8239402096996683,0.6368258725727773,0.7721468023257132,1.162895466892118,6.041154157523178,2.5931820039736353,0.8239402096997079,0.13638788023205764,0.1054146038931525,0.1278144510456073,0.1924955789191275,0.3177332745781484,0.2455770060091979,0.29776035817868635,0.44844344327168995,0.9999999999999517,0.7729030153836939,0.9371393618562793,1.411383317869564,density1.0000_damping0.005_lm2000_bias_summary.pkl,0.05,0.005,0.13638788023205595,0.15492500927961983,0.8803477299516355,1.135914782281417
2.0,0.005,1.0,1.0,2000,100,50,50,0.057239422004778,0.057239422004778,0.4102208648339312,0.385906402781984,0.15830685829417687,Peak absolute acceleration,mean,theory_times_residual,success,0.1,Peak absolute acceleration,0.9547629544524528,0.7218825776829969,0.9544691025979233,1.184505745648375,6.031090280867522,2.474079070908398,0.9547629544524092,0.15830685829413887,0.11969354529031526,0.15825813545285394,0.1963999360788865,0.385906402781984,0.2917782968908694,0.38578763056569354,0.4787663254487111,1.0000000000000457,0.7560856590807112,0.9996922253286896,1.2406280953032278,density1.0000_damping0.005_lm2000_bias_summary.pkl,0.05,0.005,0.15830685829417687,0.19959575195263912,0.7931374127228309,1.260815571121602
2.05,0.005,1.0,1.0,2000,100,50,50,0.0751678853119857,0.0751678853119857,0.34257572017209686,0.4777861928187123,0.1636779490931547,Peak absolute acceleration,mean,theory_times_residual,success,0.1,Peak absolute acceleration,0.9693128548163008,0.7194674678529647,0.9580626507381933,1.24674532638076,5.922073560835112,2.028758615015252,0.9693128548163619,0.16367794909315705,0.12148911364611752,0.16177824218095163,0.21052513339684822,0.4777861928187123,0.3546343377314781,0.47224082926740435,0.6145360602061508,0.9999999999999368,0.7422448431154554,0.9883936295466751,1.2862156115911185,density1.0000_damping0.005_lm2000_bias_summary.pkl,0.05,0.005,0.1636779490931547,0.2576000566030344,0.6353956254962108,1.5738226073227828
2.1,0.005,1.0,1.0,2000,100,50,50,0.08098112746747314,0.08098112746747314,0.306483043945926,0.5740031106414477,0.17592222058382107,Peak absolute acceleration,mean,theory_times_residual,success,0.1,Peak absolute acceleration,1.032743332367036,0.8903194967198883,1.0148287589582412,1.2125493611170692,5.870454164003398,1.799194661528832,1.0327433323670812,0.17592222058382442,0.15166109330674488,0.17287057025008293,0.20655120153261916,0.5740031106414477,0.49484334061071306,0.5640461149967562,0.6739400616533222,0.9999999999999565,0.8620917403351782,0.9826534116973875,1.1741052429143908,density1.0000_damping0.005_lm2000_bias_summary.pkl,0.05,0.005,0.17592222058382107,0.3311519858939578,0.5312431393364726,1.8823772505541727
2.15,0.005,1.0,1.0,2000,100,50,50,0.06810500088202948,0.06810500088202948,0.4165925083410754,0.5550404568212424,0.23122569613793773,Peak absolute acceleration,mean,theory_times_residual,success,0.1,Peak absolute acceleration,1.0266213942512536,0.8966137982331785,0.993461031601821,1.2446346532207253,4.439910491777241,1.8496334485792083,1.0266213942512934,0.23122569613792146,0.20194411574145837,0.2237569954263089,0.28032877138532436,0.5550404568212424,0.48475215395888865,0.5371123842753525,0.6729088156233272,0.9999999999999614,0.8733636404363769,0.9676995211329529,1.2123599412502282,density1.0000_damping0.005_lm2000_bias_summary.pkl,0.05,0.005,0.23122569613793773,0.42259275376703204,0.5471596331852852,1.8276202032274746
2.2,0.005,1.0,1.0,2000,100,50,50,0.0720585691842616,0.0720585691842616,0.5461531310624337,0.623198506942314,0.34036181583997865,Peak absolute acceleration,mean,theory_times_residual,success,0.1,Peak absolute acceleration,0.9999313192194058,0.8251651782695789,1.0486794220997053,1.1291129441095558,2.937848115399087,1.6045149468112634,0.9999313192193166,0.34036181584001723,0.28087400908997834,0.3569549482844008,0.3843333282585895,0.623198506942314,0.5142770280261165,0.6535803385214958,0.7037098322789084,1.000000000000089,0.8252218551508277,1.0487514511681146,1.1291904977944847,density1.0000_damping0.005_lm2000_bias_summary.pkl,0.05,0.005,0.34036181583997865,0.5343865039960992,0.6369206806212558,1.5700542162089692
2.25,0.005,1.0,1.0,2000,100,50,50,0.06860351592510928,0.06860351592510928,0.851488879027549,0.7239302649094159,0.6164185697618352,Peak absolute acceleration,mean,theory_times_residual,success,0.1,Peak absolute acceleration,0.904772124242768,0.7057372107797826,0.8660005862344744,1.1856738382338503,1.4677885589858035,1.2498056347402196,0.9047721242429018,0.6164185697618036,0.48081667244185716,0.5900036356959029,0.807796075923302,0.7239302649094159,0.564677571586141,0.6929082108150988,0.9486865839585532,0.9999999999998522,0.780016527775247,0.9571477314899917,1.3104668086740652,density1.0000_damping0.005_lm2000_bias_summary.pkl,0.05,0.005,0.6164185697618352,0.669116552732615,0.9212424460945453,1.0854905831132582
2.3,0.005,1.0,1.0,2000,100,50,50,0.06500496094958028,0.06500496094958028,0.5726546565012949,0.9668161026172779,0.553651743144218,Peak absolute acceleration,mean,theory_times_residual,success,0.1,Peak absolute acceleration,0.8119580292963916,0.5460267878614694,0.7824027874634585,1.0566269989901105,1.466550118103679,0.8398267541245241,0.8119580292963725,0.5536517431441709,0.3723205781521526,0.5334988404454555,0.7204847525813716,0.9668161026172779,0.6501659838530318,0.9316240327197873,1.2581487715184656,1.0000000000000233,0.6724815423460323,0.9636000374815851,1.3013320404082505,density1.0000_damping0.005_lm2000_bias_summary.pkl,0.05,0.005,0.553651743144218,0.5971421943959438,0.9271690199422149,1.0785519991407257
2.35,0.005,1.0,1.0,2000,100,50,50,0.06729382224891957,0.06729382224891957,0.32406214627198393,1.4940373699084486,0.48416095670308185,Peak absolute acceleration,mean,theory_times_residual,success,0.1,Peak absolute acceleration,0.7054222176258973,0.5306736325361998,0.7412073523649781,0.8492808782804426,1.4569993880330696,0.4721583488029647,0.7054222176258943,0.48416095670308307,0.3642236482011172,0.5087218007452965,0.58289721001665,1.4940373699084486,1.1239314816344674,1.5698279067692387,1.7987204513773283,1.0000000000000044,0.7522780248149645,1.050728675458393,1.2039327044995918,density1.0000_damping0.005_lm2000_bias_summary.pkl,0.05,0.005,0.48416095670308185,0.534832540533598,0.9052571038778617,1.104658550279574
2.4,0.005,1.0,1.0,2000,100,50,50,0.06246629299898102,0.06246629299898102,0.24621327267835197,1.7415209789004154,0.4287855796530784,Peak absolute acceleration,mean,theory_times_residual,success,0.1,Peak absolute acceleration,0.6246801076626595,0.4536152027993229,0.5997925038518512,0.8537067764674767,1.4568589460682573,0.3586980089422054,0.624680107662652,0.42878557965308445,0.31136521763038955,0.4117025230689352,0.5859913746429907,1.7415209789004154,1.2646158927311215,1.672137812029204,2.380015375566327,1.0000000000000118,0.7261559912586334,0.9601594424001718,1.3666303216565792,density1.0000_damping0.005_lm2000_bias_summary.pkl,0.05,0.005,0.4287855796530784,0.4808898162896827,0.8916503638221936,1.121515832409198
2.45,0.005,1.0,1.0,2000,100,50,50,0.0801770691869015,0.0801770691869015,0.18073164461090477,2.6956579823286444,0.48719070045476914,Peak absolute acceleration,mean,theory_times_residual,success,0.1,Peak absolute acceleration,0.6948011449445378,0.3925576814595866,0.7275427264954397,0.9069582068834172,1.426137946179925,0.2577482564551211,0.6948011449445268,0.48719070045477914,0.27525926402217793,0.5101489154287261,0.6359540529110872,2.6956579823286444,1.5230274953496663,2.8226872860422967,3.518775332788084,1.0000000000000158,0.5649928534457561,1.0471236724192892,1.3053493269010503,density1.0000_damping0.005_lm2000_bias_summary.pkl,0.05,0.005,0.48719070045476914,0.43419051181497065,1.122066667044977,0.8912126430362374
2.5,0.005,1.0,1.0,2000,100,50,50,0.06897418536460262,0.06897418536460262,0.18204945977819098,1.637721444878421,0.2981463043072749,Peak absolute acceleration,mean,theory_times_residual,success,0.1,Peak absolute acceleration,0.42653499339422307,0.25276749017151,0.4318970790155001,0.5806333427048458,1.4306231109764487,0.2604441644994687,0.4265349933942973,0.2981463043072878,0.17668349422860063,0.3018943813375947,0.40586045216936545,1.637721444878421,0.9705246829288265,1.658309679717862,2.229396630255581,0.999999999999826,0.5926066889847108,1.0125712677839918,1.3612795003857912,density1.0000_damping0.005_lm2000_bias_summary.pkl,0.05,0.005,0.2981463043072749,0.39376198244951943,0.7571739212925301,1.3207005311181095
2.55,0.005,1.0,1.0,2000,100,50,50,0.06750911706281792,0.06750911706281792,0.17003508844387377,1.8155689154890606,0.3087104211211304,Peak absolute acceleration,mean,theory_times_residual,success,0.1,Peak absolute acceleration,0.4409683790589976,0.346314802697728,0.42211094966078105,0.5662058538690579,1.4284207752286069,0.2428816528510645,0.4409683790590069,0.3087104211211324,0.2424459295912321,0.29550882833752234,0.3963858995109066,1.8155689154890606,1.4258582261464143,1.7379285125320698,2.3312005959390287,0.9999999999999792,0.7853506490346033,0.9572363228436784,1.2840055676493136,density1.0000_damping0.005_lm2000_bias_summary.pkl,0.05,0.005,0.3087104211211304,0.35876219815891053,0.8604875951406215,1.1621318025352343
2.6,0.005,1.0,1.0,2000,100,50,50,0.0727983650879888,0.0727983650879888,0.15093533509028306,1.7682304010947634,0.2668884481060637,Peak absolute acceleration,mean,theory_times_residual,success,0.1,Peak absolute acceleration,0.37730287359524883,0.1773022777934281,0.42000430719414794,0.5377327652287986,1.4137100210696807,0.21337879575062704,0.3773028735952508,0.26688844810604334,0.12541629835747553,0.2970936761673038,0.3803699183103507,1.7682304010947634,0.8309273523159204,1.9683507244318756,2.520085294029121,0.999999999999995,0.46992029534243085,1.1131754794020066,1.4252018811965053,density1.0000_damping0.005_lm2000_bias_summary.pkl,0.05,0.005,0.2668884481060637,0.3284623004683286,0.8125390576803704,1.230710069316282
2.65,0.005,1.0,1.0,2000,100,50,50,0.06958202412230631,0.06958202412230631,0.14300987699059367,1.5726388549913939,0.22490288920294732,Peak absolute acceleration,mean,theory_times_residual,success,0.1,Peak absolute acceleration,0.3171342073720127,0.18104896578826474,0.3275089796539321,0.44292566225807345,1.410093967649569,0.20165736485872862,0.31713420737200326,0.22490288920293122,0.12839496511714624,0.23226039339764298,0.31411074185103355,1.5726388549913939,0.8978048776700958,1.624086379802538,2.1964269074346268,1.0000000000000298,0.5708906878528293,1.0327141381811238,1.3966505408813086,density1.0000_damping0.005_lm2000_bias_summary.pkl,0.05,0.005,0.22490288920294732,0.30223232059135424,0.7441391071706169,1.3438347620275637
2.7,0.005,1.0,1.0,2000,100,50,50,0.06106059503434971,0.06106059503434971,0.1409687167507941,1.2782872554422366,0.18019851403858664,Peak absolute acceleration,mean,theory_times_residual,success,0.1,Peak absolute acceleration,0.2546436819799161,0.16885827080450216,0.23211635793685143,0.3998042274692586,1.4131286450309375,0.19920693169378387,0.25464368197993825,0.18019851403857237,0.1194924973025406,0.16425706092156225,0.2829213241661418,1.2782872554422366,0.847652586025807,1.1652022144171927,2.006979496495775,0.9999999999999128,0.6631158860552662,0.911533936880234,1.5700535915937495,density1.0000_damping0.005_lm2000_bias_summary.pkl,0.05,0.005,0.18019851403858664,0.27953441361413733,0.6446380311774874,1.5512581505210388
2.75,0.005,1.0,1.0,2000,100,50,50,0.05392246596739906,0.05392246596739906,0.13744878358378265,0.9879687016727611,0.13579509626377007,Peak absolute acceleration,mean,theory_times_residual,success,0.1,Peak absolute acceleration,0.19206722881386917,0.11609493996032293,0.1633337075171688,0.30402899711878145,1.4143900192154113,0.19440618765419804,0.19206722881386465,0.13579509626376782,0.08208127771201537,0.1154799633044449,0.21495414488814904,0.9879687016727611,0.5971771853621654,0.8401672266095783,1.5638853926788383,1.0000000000000235,0.604449497591452,0.8503986261782226,1.5829300969059157,density1.0000_damping0.005_lm2000_bias_summary.pkl,0.05,0.005,0.13579509626377007,0.25994434783403464,0.5224006499670986,1.9142395784978534
2.8,0.005,1.0,1.0,2000,100,50,50,0.07545839003324352,0.07545839003324352,0.10855690975444822,1.5566338276301817,0.16898335794677094,Peak absolute acceleration,mean,theory_times_residual,success,0.1,Peak absolute acceleration,0.23279723692677454,0.154716797466267,0.22083721920989455,0.32309555385344035,1.3776341040643854,0.14955170110955693,0.23279723692679086,0.16898335794675887,0.11230616098266694,0.16030179461902566,0.23452929402678324,1.5566338276301817,1.0345371956212406,1.4766613657447873,2.1604271396201007,0.9999999999999297,0.6645989424475932,0.9486247436834594,1.3878839719865153,density1.0000_damping0.005_lm2000_bias_summary.pkl,0.05,0.005,0.16898335794677094,0.24325976372398775,0.6946621807069349,1.4395486436043812
2.85,0.005,1.0,1.0,2000,100,50,50,0.07089892040296644,0.07089892040296644,0.1047565979062508,1.221501813586148,0.1279603743276002,Peak absolute acceleration,mean,theory_times_residual,success,0.1,Peak absolute acceleration,0.17592674865479294,0.10977266127981165,0.17426328434973282,0.23854062260383624,1.37485334486744,0.14402495902834403,0.1759267486547879,0.1279603743276017,0.07984317868492051,0.12675045305762037,0.17350259465443982,1.221501813586148,0.7621780420587272,1.2099519800275582,1.656245030119339,1.0000000000000282,0.6239679987220872,0.9905445629060123,1.3559087769643963,density1.0000_damping0.005_lm2000_bias_summary.pkl,0.05,0.005,0.1279603743276002,0.2297587123915467,0.5569337197082576,1.7955457976648732
2.9,0.005,1.0,1.0,2000,100,50,50,0.08228088456007086,0.08228088456007086,0.08866739288637968,,0.13801618883024516,Peak absolute acceleration,mean,direct_code_bias,success,0.1,Peak absolute acceleration,0.18655020867865443,0.14360788973738842,0.18345910157026718,0.24189175639999838,1.3516545432804574,0.11984768443570622,0.18655020867865363,0.13801618883024516,0.10624600083750167,0.13572928266494266,0.1789597479640978,1.556560809305678,1.1982533531086172,1.530768845756766,2.0183264911535628,1.0000000000000042,0.7698082503073663,0.9834301600074267,1.2966576564739984,density1.0000_damping0.005_lm2000_bias_summary.pkl,0.05,0.005,0.13801618883024516,0.22043657589902887,0.6261038499049457,1.5971791263571098
2.95,0.005,1.0,1.0,2000,100,50,50,0.06799682139231362,0.06799682139231362,0.09372967958995779,,0.10519675477060086,Peak absolute acceleration,mean,direct_code_bias,success,0.1,Peak absolute acceleration,0.1431233928369632,0.1155511033865619,0.14143684754499,0.178085614955036,1.3605304949669574,0.1275220873656191,0.14312339283696465,0.10519675477060086,0.08493091761928367,0.10395713147791297,0.13089424721741433,1.1223419863463617,0.9061261917338669,1.109116471246866,1.396507998214035,0.9999999999999902,0.807353019629635,0.9882161451140566,1.2442802774938242,density1.0000_damping0.005_lm2000_bias_summary.pkl,0.05,0.005,0.10519675477060086,0.21650593111593985,0.4858839396610642,2.05810465910348
3.0,0.005,1.0,1.0,2000,100,50,50,0.09087864605147637,0.09087864605147637,0.1284523817530817,0.9600910931706671,0.12332598761769208,Peak absolute acceleration,mean,theory_times_residual,success,0.1,Peak absolute acceleration,0.16317929153481556,0.10379196598907396,0.17123357087346835,0.20725757769193012,1.3231541436399517,0.16996230117698696,0.1631792915348239,0.12332598761767462,0.07844283788700976,0.129413169052557,0.1566390270462152,0.9600910931706671,0.6106763986502642,1.007479715723298,1.2194326403953923,0.9999999999999489,0.6360608935903109,1.049358464930739,1.2701218135127121,density1.0000_damping0.005_lm2000_bias_summary.pkl,0.05,0.005,0.12332598761769208,0.21753549264442829,0.566923521851525,1.763906349720739
3.1,0.005,1.0,1.0,2000,100,50,50,0.06998871821215406,0.06998871821215406,0.11733118387390776,1.2309998482085363,0.1444346695389083,Peak absolute acceleration,mean,theory_times_residual,success,0.1,Peak absolute acceleration,0.12808965466517958,0.09570432104044896,0.1310538049563883,0.1535377609944664,0.886834546539917,0.10405334724580786,0.12808965466518332,0.14443466953890724,0.10791677141339379,0.14777706334029184,0.1731301081960676,1.2309998482085363,0.9197620602666843,1.259486680873385,1.475567726156471,0.9999999999999708,0.7471666723640783,1.0231412154162882,1.1986741739276487,density1.0000_damping0.005_lm2000_bias_summary.pkl,0.05,0.005,0.1444346695389083,0.21687603744070033,0.6659779994292654,1.5015511035754303
3.2,0.005,1.0,1.0,2000,100,50,50,0.07199184200439103,0.07199184200439103,0.07090396625181024,,0.12292594375352556,Peak absolute acceleration,mean,direct_code_bias,success,0.1,Peak absolute acceleration,0.12510496865807721,0.08170438495668793,0.1273499945448493,0.1759940042555449,1.0177263223532431,0.07216083281371048,0.1251049686580739,0.12292594375352556,0.0802812928801591,0.1251318667383817,0.1729286158665935,1.7336962972842433,1.1322539079837806,1.7648077160308624,2.4389131526501204,1.0000000000000262,0.6530866506189317,1.017945137678035,1.406770699384103,density1.0000_damping0.005_lm2000_bias_summary.pkl,0.05,0.005,0.12292594375352556,0.19052116182191703,0.6452088711721666,1.5498856954389078
3.3,0.005,1.0,1.0,2000,100,50,50,0.07357134812448836,0.07357134812448836,0.061429605417036987,,0.10454642291425498,Peak absolute acceleration,mean,direct_code_bias,success,0.1,Peak absolute acceleration,0.11960462549580649,0.09717039543514883,0.12052519909008988,0.14928514515652483,1.1440336470804142,0.07027753552396541,0.1196046254958083,0.10454642291425498,0.08493665871028241,0.10535109644517139,0.13049017005531444,1.701889865717047,1.3826665194030978,1.7149889817776758,2.1242228265903966,0.9999999999999849,0.8124300797928111,1.007696805959347,1.248155282771708,density1.0000_damping0.005_lm2000_bias_summary.pkl,0.05,0.005,0.10454642291425498,0.1641455959553598,0.636912749963059,1.5700737660817512
3.4,0.005,1.0,1.0,2000,100,50,50,0.06454528116672757,0.06454528116672757,0.0782137066196909,,0.09571394221517408,Peak absolute acceleration,mean,direct_code_bias,success,0.1,Peak absolute acceleration,0.12230452184063449,0.09254074986248959,0.12257377953551746,0.15566178193713168,1.2778130229521034,0.09994249289199596,0.12230452184063301,0.09571394221517408,0.07242119793762528,0.09592465981629922,0.1218189039719674,1.2237489610430705,0.9259399799292064,1.2264430873059997,1.557513500342136,1.0000000000000122,0.7566420968725373,1.0022015350768085,1.2727393852204771,density1.0000_damping0.005_lm2000_bias_summary.pkl,0.05,0.005,0.09571394221517408,0.15297803995098472,0.6256711240766498,1.5982837652541306
3.45,0.005,1.0,1.0,2000,100,50,50,0.06422860574622265,0.06422860574622265,0.08137817234990322,,0.09033992376669701,Peak absolute acceleration,mean,direct_code_bias,success,0.1,Peak absolute acceleration,0.1144603838333786,0.0930723731911621,0.1105539193607675,0.1461139631820477,1.266996683868947,0.10310587450663572,0.11446038383337336,0.09033992376669701,0.07345905034806637,0.0872566761762754,0.11532308256393284,1.1101247565289027,0.902687394258725,1.072236862252232,1.4171254924242365,1.0000000000000457,0.8131404952009682,0.9658705978280422,1.276546157618642,density1.0000_damping0.005_lm2000_bias_summary.pkl,0.05,0.005,0.09033992376669701,0.1500315479177272,0.6021395167917675,1.6607446814454248
3.5,0.005,1.0,1.0,2000,100,50,50,0.08313013898638634,0.08313013898638634,0.06788984312360899,,0.10435036479886069,Peak absolute acceleration,mean,direct_code_bias,success,0.1,Peak absolute acceleration,0.12897720827813952,0.08969829558341452,0.12976921731262175,0.15636712481490808,1.2360015082529707,0.08391194849583976,0.1289772082781374,0.10435036479886069,0.07257134799956579,0.10499114802541329,0.1265104644054404,1.5370541453287077,1.0689573677086244,1.5464927181264958,1.8634667364762787,1.0000000000000167,0.6954584982951523,1.0061406898556555,1.2123624545951153,density1.0000_damping0.005_lm2000_bias_summary.pkl,0.05,0.005,0.10435036479886069,0.14770129248064487,0.7064959489947371,1.4154362830004932
3.55,0.005,1.0,1.0,2000,100,50,50,0.075649194707453,0.075649194707453,0.07711773981834719,,0.10827308775077,Peak absolute acceleration,mean,direct_code_bias,success,0.1,Peak absolute acceleration,0.1336433660525509,0.1102363362552046,0.1315408018865039,0.16295033624892385,1.2343174913435535,0.09518777515066608,0.13364336605255198,0.10827308775077,0.08930954720184063,0.10656966526766293,0.1320165495439529,1.4039971607805324,1.1580934219832244,1.3819085662869752,1.711883022699093,0.999999999999992,0.8248545327110129,0.9842673510242081,1.2192923679043495,density1.0000_damping0.005_lm2000_bias_summary.pkl,0.05,0.005,0.10827308775077,0.14573308045043787,0.742954773316492,1.3459769503008512
3.6,0.005,1.0,1.0,2000,100,50,50,0.06369659211312005,0.06369659211312005,0.09095086246911004,,0.10804662020328659,Peak absolute acceleration,mean,direct_code_bias,success,0.1,Peak absolute acceleration,0.1337452403529711,0.10643851264892883,0.1377172997161909,0.15465076417430276,1.237847515279361,0.11258329911989963,0.13374524035296706,0.10804662020328659,0.08598677247003841,0.11125546403436487,0.12493523011951978,1.1879669666682473,0.94542008877865,1.2232480376110129,1.3736563538576168,1.0000000000000304,0.7958302842630283,1.029698696961037,1.1563085442604457,density1.0000_damping0.005_lm2000_bias_summary.pkl,0.05,0.005,0.10804662020328659,0.1440374018047415,0.7501289168611839,1.3331041871901157
3.65,0.005,1.0,1.0,2000,100,50,50,0.058111923976660956,0.058111923976660956,0.09966845410508134,,0.10529108402373961,Peak absolute acceleration,mean,direct_code_bias,success,0.1,Peak absolute acceleration,0.12993841680315116,0.11346654400985474,0.13293451580779894,0.14552009368656332,1.2340875583905508,0.12299959917510614,0.12993841680314888,0.10529108402373961,0.09194367388148164,0.10771886881443565,0.1179171548219358,1.056413335283855,0.9224952338935688,1.0807719431552711,1.18309404796837,1.0000000000000175,0.8732332346464686,1.0230578383080426,1.1199158591182468,density1.0000_damping0.005_lm2000_bias_summary.pkl,0.05,0.005,0.10529108402373961,0.14257047059861033,0.7385195796973666,1.3540602409076297
3.7,0.005,1.0,1.0,2000,100,50,50,0.06004272643561636,0.06004272643561636,0.10162682315788764,1.1768616257936995,0.11960070832584044,Peak absolute acceleration,mean,theory_times_residual,success,0.1,Peak absolute acceleration,0.14602440728238616,0.12346793764455954,0.1482891182984059,0.16277591053473275,1.2209326292997895,0.12407950440554497,0.14602440728238128,0.11960070832584091,0.10112592184170635,0.12145561085008467,0.13332096024666448,1.1768616257936995,0.9950711701830581,1.1951137217129235,1.3118678327623825,1.0000000000000335,0.8455294559477161,1.0155091265780327,1.1147171460176346,density1.0000_damping0.005_lm2000_bias_summary.pkl,0.05,0.005,0.11960070832584044,0.14130062151743172,0.8464273337332049,1.1814363267186678
3.75,0.005,1.0,1.0,2000,100,50,50,0.08101204625120301,0.08101204625120301,0.08456597956636808,,0.12985417085468634,Peak absolute acceleration,mean,direct_code_bias,success,0.1,Peak absolute acceleration,0.1541772718199203,0.13455747739738683,0.14765965037356676,0.18328913649066145,1.1873108950227929,0.10040610888742686,0.15417727181992277,0.12985417085468634,0.11332960723383552,0.1243647733652205,0.15437332989953137,1.5355367669190378,1.3401323772864233,1.4706241682876042,1.8254779367673857,0.9999999999999839,0.8727452224900462,0.9577264445698033,1.1888207277706988,density1.0000_damping0.005_lm2000_bias_summary.pkl,0.05,0.005,0.12985417085468634,0.14020129529039832,0.9261980824479396,1.0796826499111143
3.8,0.005,1.0,1.0,2000,100,50,50,0.08519193685243305,0.08519193685243305,0.0835447016887002,,0.12936533702764244,Peak absolute acceleration,mean,direct_code_bias,success,0.1,Peak absolute acceleration,0.15170923831839198,0.12962496380902896,0.15433601109685952,0.16775738560547046,1.172719383755597,0.0979744910804203,0.15170923831839278,0.12936533702764244,0.11053365843916478,0.1316052358600941,0.14304989576298527,1.5484565078665693,1.3230480952703192,1.5752672904437548,1.7122557489762342,0.9999999999999947,0.854430259131514,1.0173145209057997,1.1057822678761153,density1.0000_damping0.005_lm2000_bias_summary.pkl,0.05,0.005,0.12936533702764244,0.13924958684958977,0.9290177439978728,1.076405705338481
3.85,0.005,1.0,1.0,2000,100,50,50,0.06378831309876563,0.06378831309876563,0.10967952961497267,1.1523243016182254,0.12638638736538885,Peak absolute acceleration,mean,theory_times_residual,success,0.1,Peak absolute acceleration,0.14898613436449618,0.12992686209490642,0.15118995162239968,0.1649033508100806,1.1788147241978577,0.12929184445322628,0.14898613436449937,0.1263863873653903,0.11021822125891508,0.12825590698765588,0.1398891169452363,1.1523243016182254,1.0049115057826394,1.169369593741819,1.27543505553235,0.9999999999999786,0.8720735164323157,1.014792096373939,1.1068368980340093,density1.0000_damping0.005_lm2000_bias_summary.pkl,0.05,0.005,0.12638638736538885,0.1384256736749181,0.9130270708466603,1.0952577770478011
3.9,0.005,1.0,1.0,2000,100,50,50,0.07690181062529113,0.07690181062529113,0.09923809608836584,,0.13707611472993408,Peak absolute acceleration,mean,direct_code_bias,success,0.1,Peak absolute acceleration,0.15916992265330301,0.14291653066727653,0.15796579935210361,0.17825276731370995,1.1611791227588988,0.11523320536014693,0.15916992265330085,0.13707611472993408,0.12307879797882912,0.1360391314793754,0.15351013794511825,1.3812852133708977,1.240237397029865,1.370835766117946,1.546887173333444,1.0000000000000135,0.897886537135367,0.9924349821805215,1.119889765241482,density1.0000_damping0.005_lm2000_bias_summary.pkl,0.05,0.005,0.13707611472993408,0.1377123954205189,0.9953796411089937,1.0046418056992528
4.0,0.005,1.0,1.0,2000,100,50,50,0.06648785090324534,0.06648785090324534,0.11890289684258248,1.1117996619352162,0.1321962005127011,Peak absolute acceleration,mean,theory_times_residual,success,0.1,Peak absolute acceleration,0.1521352207140211,0.1348599425699277,0.1514587173153617,0.1698287012890967,1.1508289960225175,0.1368369013975163,0.15213522071401672,0.13219620051269929,0.11718504055426926,0.13160836044176125,0.14757075280172532,1.1117996619352162,0.9855524437677415,1.1068557952461118,1.241103091012986,1.0000000000000289,0.8864478714198402,0.9955532755960126,1.1163010149263208,density1.0000_damping0.005_lm2000_bias_summary.pkl,0.05,0.005,0.1321962005127011,0.1365603143844428,0.9680425906207852,1.0330124001659369
4.1,0.005,1.0,1.0,2000,100,50,50,0.04916755679258438,0.04916755679258438,0.17462857896843137,0.7631556541521677,0.1332687874163167,Peak absolute acceleration,mean,theory_times_residual,success,0.1,Peak absolute acceleration,0.16075422214580806,0.13932573796180298,0.15975442994290984,0.19052372724987374,1.2062406003862727,0.2106440819394818,0.16075422214580976,0.13326878741631643,0.11550410251253929,0.1324399376805522,0.1579483621997656,0.7631556541521677,0.6614272600444163,0.7584092962498106,0.9044817471046318,0.9999999999999895,0.8667003336026198,0.9937806162130344,1.185186458599277,density1.0000_damping0.005_lm2000_bias_summary.pkl,0.05,0.005,0.1332687874163167,0.13569686257920494,0.9821066226828022,1.0182193836228373
4.2,0.005,1.0,1.0,2000,100,50,50,0.057437270121374395,0.057437270121374395,0.12797784573354687,1.06442566496012,0.13622290354509428,Peak absolute acceleration,mean,theory_times_residual,success,0.1,Peak absolute acceleration,0.15248526462905068,0.12344091599361977,0.14607007455556326,0.1878214938455138,1.1193805201676383,0.14325590752714865,0.15248526462905226,0.1362229035450916,0.1102760980467422,0.1304918853989775,0.1677905684988923,1.06442566496012,0.8616811559427404,1.0196443349317463,1.3110907402539016,0.9999999999999895,0.8095268503085326,0.9579291147305603,1.231735369987541,density1.0000_damping0.005_lm2000_bias_summary.pkl,0.05,0.005,0.13622290354509428,0.1350497301322478,1.0086869733963644,0.9913878402066352
4.25,0.005,1.0,1.0,2000,100,50,50,0.07665256775058094,0.07665256775058094,0.0998140847913411,,0.17948306883456874,Peak absolute acceleration,mean,direct_code_bias,success,0.1,Peak absolute acceleration,0.1711476631368407,0.15113368329528254,0.16857207296206583,0.19053015745678487,0.9535588189356689,0.09517860080677627,0.17114766313684254,0.17948306883456874,0.1584943480088339,0.17678203967556033,0.19980954889541938,1.7981737668563815,1.5878956195426916,1.771113165492808,2.001817171525598,0.9999999999999892,0.8830601629333517,0.9849510643173821,1.1132501254454459,density1.0000_damping0.005_lm2000_bias_summary.pkl,0.05,0.005,0.17948306883456874,0.13478977299688683,1.3315777958815336,0.7509887917122915
4.3,0.005,1.0,1.0,2000,100,50,50,0.07065879795758596,0.07065879795758596,0.10816180863844084,1.8118275698735842,0.19597054689851792,Peak absolute acceleration,mean,theory_times_residual,success,0.1,Peak absolute acceleration,0.15957983213045365,0.13813894633084994,0.15736527217025884,0.18713096897883122,0.8143051833859696,0.08807672141868772,0.1595798321304509,0.1959705468985268,0.1696402640548758,0.19325097688303655,0.22980446741198465,1.8118275698735842,1.5683933746146486,1.7866840367751222,2.12463595334427,1.000000000000017,0.865641632069936,0.9861225574019796,1.1726479874089493,density1.0000_damping0.005_lm2000_bias_summary.pkl,0.05,0.005,0.19597054689851792,0.13456472286100887,1.4563292869925362,0.6866578931919415
4.35,0.005,1.0,1.0,2000,100,50,50,0.0698787484753356,0.0698787484753356,0.10659504739676806,1.951674379036225,0.20803882293642428,Peak absolute acceleration,mean,theory_times_residual,success,0.1,Peak absolute acceleration,0.13996998542298442,0.10722649042649286,0.1321572309073031,0.17182808213180278,0.6728070436437534,0.0717178987060866,0.13996998542298358,0.20803882293642803,0.15937183095732946,0.19642664587988384,0.25538983837212104,1.951674379036225,1.4951147811221734,1.8427370752858816,2.3958884076621723,1.000000000000006,0.7660677401834314,0.9441826439284775,1.227606630182502,density1.0000_damping0.005_lm2000_bias_summary.pkl,0.05,0.005,0.20803882293642428,0.13436989241871944,1.548254740638931,0.6458885438886677
4.4,0.005,1.0,1.0,2000,100,50,50,0.07478271786766941,0.07478271786766941,0.09254893082557683,,0.2831727823792747,Peak absolute acceleration,mean,direct_code_bias,success,0.1,Peak absolute acceleration,0.15028190976247346,0.13109682212890938,0.15202461862791541,0.16910306917687332,0.5307074659498509,0.04911640855481142,0.15028190976247321,0.2831727823792747,0.2470227583745682,0.28645652903304164,0.3186370647230591,3.059708846479816,2.669104398840807,3.0951900413944893,3.4429037902509276,1.0000000000000016,0.8723393410165824,1.0115962651006807,1.125239022076228,density1.0000_damping0.005_lm2000_bias_summary.pkl,0.05,0.005,0.2831727823792747,0.13420122377475427,2.110061103873072,0.47391992495595303
1.5,0.005,1.0,1.0,500,100,50,50,0.32829795152780705,0.29,0.06489139167708755,,0.0458690933134703,Peak absolute acceleration,mean,direct_code_bias,success,0.1,Peak absolute acceleration,0.49747026320554877,0.41691105544390833,0.496884417372315,0.5815829496660687,10.845434850997098,0.7037753608240727,0.4974702632054181,0.0458690933134703,0.038441156225799356,0.045815075577779425,0.053624677816639106,0.7068594481952951,0.5923922300373433,0.706027015197715,0.8263758324603393,1.0000000000002622,0.8380622647825589,0.9988223500449489,1.169080832929944,density1.0000_damping0.005_lm500_bias_summary.pkl,0.3,0.005,0.0458690933134703,0.05850882449997484,0.783968806508872,1.2755609556117529
1.6,0.005,1.0,1.0,500,100,50,50,0.2597133578681669,0.2597133578681669,0.14256965607229574,0.2487210510668579,0.03546007470854184,Peak absolute acceleration,mean,theory_times_residual,success,0.1,Peak absolute acceleration,0.567528880385845,0.46884373873437185,0.5656385336778542,0.6844561483167406,16.004728840825333,2.2817886863677233,0.567528880385814,0.03546007470855586,0.029294075732069352,0.035341962947538774,0.04276586970788345,0.2487210510668579,0.20547202356441827,0.24789260156174614,0.29996473924423545,1.0000000000000546,0.826114326403346,0.9966691620932582,1.2060287537286878,density1.0000_damping0.005_lm500_bias_summary.pkl,0.3,0.005,0.03546007470854184,0.05892943364644672,0.6017379179526854,1.6618530595552141
1.7,0.005,1.0,1.0,500,100,50,50,0.32798091029538273,0.29,0.13284566069083115,0.2530546249414351,0.033617208841215426,Peak absolute acceleration,mean,theory_times_residual,success,0.1,Peak absolute acceleration,0.6550035359289642,0.4969349791805086,0.6095591155857334,0.8890952131968237,19.48417368683758,2.5883879264429686,0.6550035359289794,0.033617208841217015,0.02550454472268486,0.03128483277674318,0.045631661238856994,0.2530546249414351,0.19198628385792615,0.23549758881135163,0.34349380327184653,0.9999999999999769,0.7586752619216245,0.9306195801236506,1.3573899443700506,density1.0000_damping0.005_lm500_bias_summary.pkl,0.3,0.005,0.033617208841215426,0.06365635466360954,0.5281045234032639,1.8935645420260314
1.75,0.005,1.0,1.0,500,100,50,50,0.32438410568549697,0.29,0.14790654824858257,0.22857741679304652,0.0338080967254371,Peak absolute acceleration,mean,theory_times_residual,success,0.1,Peak absolute acceleration,0.6595479985165467,0.5378972125292018,0.614695101678876,0.9089365676849966,19.508581150633244,2.8854468992170816,0.6595479985165758,0.03380809672543191,0.027572338981286793,0.03150895992551068,0.04659162861034068,0.22857741679304652,0.18641729732581505,0.21303289339535697,0.31500720665891363,0.9999999999999559,0.815554309525637,0.9319944917753054,1.3781204244866696,density1.0000_damping0.005_lm500_bias_summary.pkl,0.3,0.005,0.0338080967254371,0.07003715949710329,0.4827165602973076,2.0716090605717996
1.8,0.005,1.0,1.0,500,100,50,50,0.2959183340328881,0.29,0.1600766455807789,0.2521269187900346,0.04035963142052619,Peak absolute acceleration,mean,theory_times_residual,success,0.1,Peak absolute acceleration,0.8033512152522039,0.5574959553405783,0.7944889029312345,1.068004579459159,19.904820410319683,3.186296882171538,0.8033512152521647,0.0403596314205229,0.028008087681692606,0.03991439694272904,0.053655574752407745,0.2521269187900346,0.1749667328427448,0.2493455356833451,0.3351867760455794,1.0000000000000488,0.6939629202721568,0.9889683215103517,1.3294366886890463,density1.0000_damping0.005_lm500_bias_summary.pkl,0.3,0.005,0.04035963142052619,0.08078673327561625,0.4995824163707069,2.001671730692009
1.85,0.005,1.0,1.0,500,100,50,50,0.25627163348563536,0.25627163348563536,0.19110893176343322,0.24312083230652948,0.046462562551537634,Peak absolute acceleration,mean,theory_times_residual,success,0.1,Peak absolute acceleration,0.9518581323411238,0.6539098245590159,0.8874581573923666,1.3715687306791162,20.486561224110915,3.9151648310458667,0.9518581323410513,0.046462562551535934,0.03191896470108514,0.04331903962232104,0.06694968060646987,0.24312083230652948,0.16701974317243126,0.22667197824090024,0.35032209111684476,1.0000000000000762,0.6869824423843023,0.9323428851836397,1.440938186141044,density1.0000_damping0.005_lm500_bias_summary.pkl,0.3,0.005,0.046462562551537634,0.09739320171293858,0.4770616607151613,2.0961650921622583
1.9,0.005,1.0,1.0,500,100,50,50,0.27060425363236285,0.27060425363236285,0.188534367600816,0.28268500185580775,0.053295838055120205,Peak absolute acceleration,mean,theory_times_residual,success,0.1,Peak absolute acceleration,1.0772397377354999,0.6824996685408407,0.9457982544898054,1.8153118578152545,20.212455175609346,3.8107424541928103,1.0772397377356013,0.053295838055112676,0.03376629224956415,0.04679284363391506,0.08981154649662831,0.28268500185580775,0.17909887029754873,0.24819264640914807,0.4763669756317271,0.9999999999999057,0.6335633978518846,0.8779830722527086,1.6851512195707787,density1.0000_damping0.005_lm500_bias_summary.pkl,0.3,0.005,0.053295838055120205,0.12150571129568555,0.4386282544811342,2.2798348938620796
1.95,0.005,1.0,1.0,500,100,50,50,0.27596166176031994,0.27596166176031994,0.18987794451839313,0.29219943859193803,0.05548222878926563,Peak absolute acceleration,mean,theory_times_residual,success,0.1,Peak absolute acceleration,1.1140068439498185,0.7366435806317475,1.119224886806672,1.5141942773241164,20.078624602141478,3.8124879682111565,1.1140068439498698,0.055482228789267,0.036687950256970345,0.05574210928209204,0.07541324703897401,0.29219943859193803,0.19321859813694975,0.2935681098901459,0.3971669654959163,0.9999999999999539,0.6612558842276703,1.0046840312383547,1.3592324728951621,density1.0000_damping0.005_lm500_bias_summary.pkl,0.3,0.005,0.05548222878926563,0.15492500927961983,0.35812312710031696,2.7923357201106853
2.0,0.005,1.0,1.0,500,100,50,50,0.30355585019175174,0.29,0.1829904006311358,0.3434027816553242,0.06283941259295422,Peak absolute acceleration,mean,theory_times_residual,success,0.1,Peak absolute acceleration,1.2295088048375165,0.799528678911551,0.9934462603142734,2.0582586945980688,19.565886345910485,3.5803693811414234,1.2295088048376785,0.06283941259295413,0.04086340198325145,0.050774406165449086,0.10519629206720146,0.3434027816553242,0.22330899239694116,0.2774703262593432,0.574873281354533,0.9999999999998681,0.6502830038839014,0.8080025587498167,1.6740495769526456,density1.0000_damping0.005_lm500_bias_summary.pkl,0.3,0.005,0.06283941259295422,0.19959575195263912,0.31483341693492917,3.176282904576649
2.05,0.005,1.0,1.0,500,100,50,50,0.2438768196977894,0.2438768196977894,0.1864464495368524,0.4344599387744354,0.08100351305049176,Peak absolute acceleration,mean,theory_times_residual,success,0.1,Peak absolute acceleration,1.6585804899060415,1.061216677041154,1.7876571146504665,2.15541009454382,20.47541430545104,3.8175683000479124,1.6585804899060526,0.08100351305050216,0.051828825595906645,0.0873074941479719,0.10526820421748433,0.4344599387744354,0.27798236825987765,0.4682711543439918,0.5646028898858911,0.9999999999999934,0.6398342941446662,1.0778235518444603,1.2995510966524813,density1.0000_damping0.005_lm500_bias_summary.pkl,0.3,0.005,0.08100351305049176,0.2576000566030344,0.31445456231136965,3.1801096878658224
2.1,0.005,1.0,1.0,500,100,50,50,0.2921739964605348,0.2921739964605348,0.16089751544623268,0.4931009264966655,0.07933871393754888,Peak absolute acceleration,mean,theory_times_residual,success,0.1,Peak absolute acceleration,1.5585256845882067,0.9553432558649034,1.4417624717842634,2.3964633945690585,19.64394943198885,3.1606626571583742,1.5585256845881792,0.07933871393754724,0.04863295230790969,0.07339473545154063,0.12199498898457654,0.4931009264966655,0.30226043064140684,0.45615828962920535,0.7582154929256586,1.000000000000018,0.6129788333371874,0.925080982650107,1.5376476745086776,density1.0000_damping0.005_lm500_bias_summary.pkl,0.3,0.005,0.07933871393754888,0.3311519858939578,0.23958398957920285,4.173901610689362
2.15,0.005,1.0,1.0,500,100,50,50,0.287903843984882,0.287903843984882,0.20008231541555163,0.5474077533923539,0.10952661077516747,Peak absolute acceleration,mean,theory_times_residual,success,0.1,Peak absolute acceleration,1.613185702103042,1.0794216330841526,1.5718924508878753,2.0523120102886234,14.728710134329685,2.9469544267612755,1.613185702103033,0.10952661077517088,0.07328690857784187,0.10672302167343953,0.13934091930460996,0.5474077533923539,0.3662837888777415,0.5333955749751436,0.6964179668513331,1.0000000000000058,0.669124225237654,0.9744026672432532,1.2722106373823685,density1.0000_damping0.005_lm500_bias_summary.pkl,0.3,0.005,0.10952661077516747,0.42259275376703204,0.2591776830029324,3.858356894056698
2.2,0.005,1.0,1.0,500,100,50,50,0.28515500706483954,0.28515500706483954,0.27920621951862323,0.6324032236801672,0.17657091329512975,Peak absolute acceleration,mean,theory_times_residual,success,0.1,Peak absolute acceleration,1.7308980712315087,1.2194513087131735,1.7069446853069064,2.357058145303726,9.802849398747938,2.7370165211347754,1.7308980712314956,0.17657091329512686,0.1243976377795753,0.1741274007050363,0.24044622633953547,0.6324032236801672,0.4455403536284046,0.6236515827091909,0.8611779019611041,1.0000000000000073,0.7045194220163183,0.9861612960793544,1.3617544467114295,density1.0000_damping0.005_lm500_bias_summary.pkl,0.3,0.005,0.17657091329512975,0.5343865039960992,0.3304179876826005,3.02646961508829
2.25,0.005,1.0,1.0,500,100,50,50,0.29180940188121357,0.29180940188121357,0.5127013093671153,0.674719263209899,0.3459294497029305,Peak absolute acceleration,mean,theory_times_residual,success,0.1,Peak absolute acceleration,1.6800769875370607,1.4409253960422495,1.6511742608095585,2.05237155713728,4.85670413137639,2.4900385673654677,1.6800769875372303,0.3459294497029463,0.2966879095502758,0.3399783507795472,0.4225852556835982,0.674719263209899,0.5786759349542083,0.6631119222207664,0.8242328388145199,0.9999999999998991,0.8576543853234099,0.9827967843485319,1.2215937557396008,density1.0000_damping0.005_lm500_bias_summary.pkl,0.3,0.005,0.3459294497029305,0.669116552732615,0.5169943088242984,1.9342572692415285
2.3,0.005,1.0,1.0,500,100,50,50,0.23235298303253457,0.23235298303253457,0.5185385567799249,0.6523389727711918,0.3382629094720725,Peak absolute acceleration,mean,theory_times_residual,success,0.1,Peak absolute acceleration,1.7148565265805438,1.3781846274039533,1.7013175574229078,2.013783863666304,5.069596691097326,2.628781351657845,1.714856526580742,0.3382629094720668,0.27185291284100993,0.3355922889113796,0.3972276270423428,0.6523389727711918,0.5242675000470463,0.6471886892951251,0.7660522478966567,0.9999999999998844,0.8036734304250631,0.9921048968540653,1.1743162372199114,density1.0000_damping0.005_lm500_bias_summary.pkl,0.3,0.005,0.3382629094720725,0.5971421943959438,0.5664696158579329,1.765319748854241
2.35,0.005,1.0,1.0,500,100,50,50,0.2762174346536784,0.2762174346536784,0.449692753186012,0.7787913251623574,0.3502168151696432,Peak absolute acceleration,mean,theory_times_residual,success,0.1,Peak absolute acceleration,1.7069298661025103,1.3023113718729324,1.7728327831206996,2.044244232288403,4.873923216039286,2.191767949837732,1.7069298661025452,0.35021681516961184,0.2671998129940246,0.3637383488698789,0.41942479224152096,0.7787913251623574,0.5941830529866765,0.8088597076401047,0.9326919085753348,0.9999999999999795,0.7629554076797054,1.038609036215783,1.1976146606164038,density1.0000_damping0.005_lm500_bias_summary.pkl,0.3,0.005,0.3502168151696432,0.534832540533598,0.6548158322981388,1.5271469483112279
2.4,0.005,1.0,1.0,500,100,50,50,0.3450592604508019,0.29,0.40940648087645065,0.9724596166084104,0.39813126943011173,Peak absolute acceleration,mean,theory_times_residual,success,0.1,Peak absolute acceleration,1.832641543091695,1.51414164514198,1.8002831684088598,2.2886671022378433,4.603108782977662,1.8845425679302654,1.8326415430917067,0.3981312694300904,0.3289389229168968,0.39110159096528924,0.4972003074751035,0.9724596166084104,0.8034531407825479,0.9552892033561518,1.2144417118427924,0.9999999999999937,0.8262072039399422,0.9823433148698257,1.2488351095527452,density1.0000_damping0.005_lm500_bias_summary.pkl,0.3,0.005,0.39813126943011173,0.4808898162896827,0.8279053869385319,1.2078674879720757
2.45,0.005,1.0,1.0,500,100,50,50,0.2761652467631014,0.2761652467631014,0.3863189971730874,0.842036507299233,0.32529469908296876,Peak absolute acceleration,mean,theory_times_residual,success,0.1,Peak absolute acceleration,1.5706758024347691,1.3149088362230206,1.584618536262495,1.7790348754674414,4.8284703281749435,1.865329815060621,1.5706758024347425,0.3252946990829807,0.2723240999432687,0.32818230796945713,0.36844688991593694,0.842036507299233,0.7049202910962358,0.8495111821342956,0.9537374361914785,1.0000000000000169,0.8371611978644788,1.0088769011441696,1.1326556840754258,density1.0000_damping0.005_lm500_bias_summary.pkl,0.3,0.005,0.32529469908296876,0.43419051181497065,0.7491980829410614,1.334760489608308
2.5,0.005,1.0,1.0,500,100,50,50,0.3275767928617035,0.29,0.3518051803742812,1.0118907410069393,0.3559884046590114,Peak absolute acceleration,mean,theory_times_residual,success,0.1,Peak absolute acceleration,1.640320247677061,1.3961588455610636,1.605065248240313,1.9720301428869145,4.607791226369261,1.6210448235199464,1.6403202476772007,0.3559884046590284,0.3029995885167688,0.3483372334785737,0.42797732058724125,1.0118907410069393,0.8612709687628722,0.9901424223144333,1.216517960684663,0.9999999999999152,0.8511501626210579,0.9785072460778246,1.2022226426086224,density1.0000_damping0.005_lm500_bias_summary.pkl,0.3,0.005,0.3559884046590114,0.39376198244951943,0.9040700233284181,1.106109011687305
2.55,0.005,1.0,1.0,500,100,50,50,0.2312819305756053,0.2312819305756053,0.249597591327138,1.300505575541216,0.32460305916260085,Peak absolute acceleration,mean,theory_times_residual,success,0.1,Peak absolute acceleration,1.607988152122756,1.0864924518044026,1.6483337057636809,2.056121549939923,4.953706093439152,1.2364331090649716,1.6079881521228174,0.32460305916259896,0.219329211566142,0.332747578211551,0.41506732760409765,1.300505575541216,0.8787312826215412,1.3331361750820478,1.662946046062148,0.9999999999999619,0.6756843639488561,1.0250907033037528,1.2786919774411853,density1.0000_damping0.005_lm500_bias_summary.pkl,0.3,0.005,0.32460305916260085,0.35876219815891053,0.9047861252617491,1.1052335707631105
2.6,0.005,1.0,1.0,500,100,50,50,0.30472429623158787,0.29,0.26086618517143023,1.2214810373702922,0.31864309847802935,Peak absolute acceleration,mean,theory_times_residual,success,0.1,Peak absolute acceleration,1.4815768981088426,1.016025413727035,1.6163550621095002,1.7375224385293606,4.649643771308485,1.2129348330273768,1.4815768981088089,0.3186430984780374,0.2185168291808964,0.34762987050395733,0.373689367183584,1.2214810373702922,0.8376586986055357,1.3325984365336616,1.4324944681427443,1.0000000000000229,0.6857729862175651,1.0909694017048537,1.1727521134726513,density1.0000_damping0.005_lm500_bias_summary.pkl,0.3,0.005,0.31864309847802935,0.3284623004683286,0.9701055433871969,1.0308156744558403
2.65,0.005,1.0,1.0,500,100,50,50,0.2469243076772801,0.2469243076772801,0.1343246408792403,2.020977255410521,0.2714670440581309,Peak absolute acceleration,mean,theory_times_residual,success,0.1,Peak absolute acceleration,1.3134065089042526,0.8048797682843332,1.3073430363399798,1.7859178989971876,4.838180315630061,0.6498868334059803,1.3134065089043794,0.27146704405811545,0.16636001880378784,0.27021378928696016,0.3691300824873479,2.020977255410521,1.238492191118957,2.01164721169738,2.748044439733303,0.9999999999999035,0.6128184707686196,0.9953833999425985,1.3597602013461687,density1.0000_damping0.005_lm500_bias_summary.pkl,0.3,0.005,0.2714670440581309,0.30223232059135424,0.8982065304165565,1.1133296921545859
2.7,0.005,1.0,1.0,500,100,50,50,0.3137404132717122,0.29,0.13717363939513103,2.2210285140752815,0.3046665644760663,Peak absolute acceleration,mean,theory_times_residual,success,0.1,Peak absolute acceleration,1.390903862012179,0.864262086943387,1.3219327051981575,2.0289637551912967,4.565331494134587,0.6262431360955659,1.3909038620123868,0.3046665644760242,0.1893098207772573,0.2895589743913537,0.44442857168160815,2.2210285140752815,1.3800743467334369,2.110893723227057,3.2398977940760583,0.9999999999998507,0.6213672350387724,0.9504127073783228,1.458737595462387,density1.0000_damping0.005_lm500_bias_summary.pkl,0.3,0.005,0.3046665644760663,0.27953441361413733,1.0899071800747056,0.9175093239878533
2.75,0.005,1.0,1.0,500,100,50,50,0.32916005053479647,0.29,0.09100882400555663,,0.30620420767258627,Peak absolute acceleration,mean,direct_code_bias,success,0.1,Peak absolute acceleration,1.3736361488347812,1.0519329586141664,1.434484461992675,1.5988364648432019,4.48601330228474,0.4082667951142432,1.373636148834856,0.30620420767258627,0.23449171630374208,0.3197682140759787,0.3564047534207956,3.3645551518594687,2.5765822036048984,3.5135957152510304,3.9161560136082283,0.9999999999999454,0.7658017441565117,1.0442972567440307,1.1639446633661794,density1.0000_damping0.005_lm500_bias_summary.pkl,0.3,0.005,0.30620420767258627,0.25994434783403464,1.1779606297424488,0.8489248067811801
2.8,0.005,1.0,1.0,500,100,50,50,0.3096926575157822,0.29,0.05672882944419111,,0.251894487022744,Peak absolute acceleration,mean,direct_code_bias,success,0.1,Peak absolute acceleration,1.1398212742362255,0.6949645361545657,1.2176464873513382,1.474873344857528,4.524994920326735,0.25669766507104763,1.1398212742361344,0.251894487022744,0.15358349531680457,0.2690934484548363,0.3259392266347632,4.440325835923559,2.7073270649431755,4.743504336178217,5.745565875908217,1.0000000000000797,0.6097136032316162,1.0682784352900936,1.2939514099225187,density1.0000_damping0.005_lm500_bias_summary.pkl,0.3,0.005,0.251894487022744,0.24325976372398775,1.0354958961013119,0.9657208722556259
2.85,0.005,1.0,1.0,500,100,50,50,0.2293884616615427,0.2293884616615427,0.05645100389636613,,0.1897452015003712,Peak absolute acceleration,mean,direct_code_bias,success,0.1,Peak absolute acceleration,0.9089636495551114,0.6155854050551592,0.7914047577417131,1.3858476524544658,4.790443407093662,0.2704253394391813,0.9089636495550947,0.1897452015003712,0.1285028029229202,0.1652049070384185,0.28929423326498555,3.3612369737250076,2.2763599237104946,2.92651849631754,5.124695989393935,1.0000000000000187,0.677238749158414,0.8706671142779776,1.5246458459948193,density1.0000_damping0.005_lm500_bias_summary.pkl,0.3,0.005,0.1897452015003712,0.2297587123915467,0.8258455121258587,1.2108802255592073
2.9,0.005,1.0,1.0,500,100,50,50,0.24215009202200946,0.24215009202200946,0.051601479330799865,,0.1728939579774151,Peak absolute acceleration,mean,direct_code_bias,success,0.1,Peak absolute acceleration,0.814463128959753,0.4720915763015489,0.8583366834300292,1.1467153461344752,4.710766868245016,0.24308253918396258,0.8144631289597606,0.1728939579774151,0.10021544039546695,0.1822074213045912,0.24342434644015423,3.3505620423990017,1.9421040190150163,3.531050343276397,4.71739084997237,0.9999999999999907,0.5796352953441961,1.0538680670864797,1.4079401575846289,density1.0000_damping0.005_lm500_bias_summary.pkl,0.3,0.005,0.1728939579774151,0.22043657589902887,0.7843251841137638,1.2749813728471888
2.95,0.005,1.0,1.0,500,100,50,50,0.26463761451098716,0.26463761451098716,0.047007096317117206,,0.17504142758291774,Peak absolute acceleration,mean,direct_code_bias,success,0.1,Peak absolute acceleration,0.804475798648452,0.5802260732212383,0.7620862853880123,1.1532885898728884,4.5959165767622014,0.2160406931892954,0.8044757986484353,0.17504142758291774,0.12624817346663078,0.16581812847545158,0.2509376683867865,3.7237234651139004,2.68572584477334,3.5275126835492534,5.338293322649053,1.0000000000000209,0.721247393888108,0.9473079074204098,1.4335901612086757,density1.0000_damping0.005_lm500_bias_summary.pkl,0.3,0.005,0.17504142758291774,0.21650593111593985,0.8084832904147368,1.2368839428790663
3.0,0.005,1.0,1.0,500,100,50,50,0.25013011818640946,0.25013011818640946,0.07992482698168912,,0.16726230534844824,Peak absolute acceleration,mean,direct_code_bias,success,0.1,Peak absolute acceleration,0.7724844270447889,0.4709297338328914,0.7977201393410087,1.1983440899016644,4.61840117195273,0.369124914600309,0.7724844270447252,0.16726230534844824,0.10196813059307604,0.17272647170313282,0.2594716321265323,2.092745291607424,1.2758004545502364,2.1611116123244773,3.246445965857492,1.0000000000000826,0.6096300680578323,1.0326682472976538,1.5512857579357813,density1.0000_damping0.005_lm500_bias_summary.pkl,0.3,0.005,0.16726230534844824,0.21753549264442829,0.7688966214899927,1.3005649550940286
3.1,0.005,1.0,1.0,500,100,50,50,0.23448760322423937,0.23448760322423937,0.059243928382879785,,0.20710272307261965,Peak absolute acceleration,mean,direct_code_bias,success,0.1,Peak absolute acceleration,0.6367674697618654,0.3741194246616785,0.6461239926052091,0.9304296868662514,3.0746455687045,0.18215408187507,0.6367674697618549,0.20710272307261965,0.12167887852495256,0.21014584548600612,0.30261363987338785,3.4957628355459573,2.0538624268561136,3.54712881508937,5.107926637100477,1.0000000000000162,0.5875291098045503,1.0146937827192295,1.461176537825061,density1.0000_damping0.005_lm500_bias_summary.pkl,0.3,0.005,0.20710272307261965,0.21687603744070033,0.9549359418246028,1.047190660861826
3.2,0.005,1.0,1.0,500,100,50,50,0.3192018480721392,0.29,0.042439748875579254,,0.20940519149835565,Peak absolute acceleration,mean,direct_code_bias,success,0.1,Peak absolute acceleration,0.6927215081779764,0.38025862671865684,0.7497869702076881,0.9337811154817003,3.3080436221344396,0.1403925405928565,0.6927215081779883,0.20940519149835565,0.11494970144115078,0.2266557082835278,0.2822759377275682,4.9341760271074095,2.7085386809931786,5.340646782524563,6.651216022863349,0.9999999999999827,0.5489343440754736,1.0823786490761558,1.3479892055578762,density1.0000_damping0.005_lm500_bias_summary.pkl,0.3,0.005,0.20940519149835565,0.19052116182191703,1.0991177541426405,0.9098206231597323
3.3,0.005,1.0,1.0,500,100,50,50,0.2273172793357716,0.2273172793357716,0.03464603710547114,,0.12199739786111685,Peak absolute acceleration,mean,direct_code_bias,success,0.1,Peak absolute acceleration,0.488341260850423,0.3021924469824729,0.42746067660726406,0.8055745585876652,4.0028825975973366,0.13868401900519448,0.4883412608503977,0.12199739786111685,0.0754937072508344,0.1067882122907727,0.20124860995703395,3.5212511459747358,2.1789997805814534,3.0822634047781188,5.808705028641347,1.0000000000000522,0.618814077795177,0.875331885458304,1.6496139547676913,density1.0000_damping0.005_lm500_bias_summary.pkl,0.3,0.005,0.12199739786111685,0.1641455959553598,0.7432267503192777,1.345484402398688
3.4,0.005,1.0,1.0,500,100,50,50,0.3213784813729925,0.29,0.02586558645447576,,0.12991548092760194,Peak absolute acceleration,mean,direct_code_bias,success,0.1,Peak absolute acceleration,0.5349646877127711,0.3645975642786502,0.5034542240017235,0.7883071513435657,4.117790150127613,0.10650905712951055,0.5349646877127696,0.12991548092760194,0.08854204585130475,0.12226320566290175,0.1914393698083754,5.022715458482337,3.423160190361228,4.726867719705229,7.401315649475868,1.0000000000000029,0.681535758626386,0.941098049208129,1.4735685727481498,density1.0000_damping0.005_lm500_bias_summary.pkl,0.3,0.005,0.12991548092760194,0.15297803995098472,0.8492426819511363,1.1775197140380433
3.45,0.005,1.0,1.0,500,100,50,50,0.276103279859282,0.276103279859282,0.02438116752791714,,0.1102355656224136,Peak absolute acceleration,mean,direct_code_bias,success,0.1,Peak absolute acceleration,0.4659145870492987,0.33804558013108954,0.43234207468549,0.6436916652504345,4.226536004225544,0.10304788238179767,0.4659145870493017,0.1102355656224136,0.07998171074211206,0.10229229663564901,0.15229768884185393,4.5213407231704315,3.2804709065113378,4.195545456078763,6.246529772106563,0.9999999999999934,0.7255526861092214,0.927942774712355,1.3815658130109607,density1.0000_damping0.005_lm500_bias_summary.pkl,0.3,0.005,0.1102355656224136,0.1500315479177272,0.7347492387591893,1.3610085553661102
3.5,0.005,1.0,1.0,500,100,50,50,0.2737214950635189,0.2737214950635189,0.024781430197403042,,0.1057159802727294,Peak absolute acceleration,mean,direct_code_bias,success,0.1,Peak absolute acceleration,0.44445295287997255,0.31218002273702183,0.4326197080043974,0.6080007915913751,4.204217297454545,0.10418651749158357,0.44445295287996145,0.1057159802727294,0.0742540170143042,0.10290136722151069,0.1446168807591108,4.265935397215638,2.9963572087169577,4.1523578906392125,5.83569550292811,1.000000000000025,0.7023916045875297,0.9733757087248782,1.3679755925833277,density1.0000_damping0.005_lm500_bias_summary.pkl,0.3,0.005,0.1057159802727294,0.14770129248064487,0.7157417413025369,1.397151992533205
3.55,0.005,1.0,1.0,500,100,50,50,0.2785940174450046,0.2785940174450046,0.024009406199353808,,0.10625504713713385,Peak absolute acceleration,mean,direct_code_bias,success,0.1,Peak absolute acceleration,0.4413411592013219,0.29394853425498896,0.4145731796278923,0.6340679675825309,4.153601839089324,0.0997255137450798,0.4413411592013144,0.10625504713713385,0.07076955029455521,0.09981052486214886,0.15265497082925744,4.425559143565671,2.947576033615486,4.157142581261922,6.358131873888834,1.000000000000017,0.6660347174211925,0.9393485537993702,1.4366844205738485,density1.0000_damping0.005_lm500_bias_summary.pkl,0.3,0.005,0.10625504713713385,0.14573308045043787,0.7291072610879983,1.3715403115143627
3.6,0.005,1.0,1.0,500,100,50,50,0.2457665612926313,0.2457665612926313,0.030406290818498036,,0.08331219524157235,Peak absolute acceleration,mean,direct_code_bias,success,0.1,Peak absolute acceleration,0.35222227438895826,0.2698341328607399,0.3491297238781035,0.44901918709101646,4.227739688861315,0.1285498824844189,0.3522222743889654,0.08331219524157235,0.06382468002267568,0.08258070495634912,0.10620786049671703,2.739965743894398,2.0990616844277983,2.7159085417321975,3.492956807217934,0.9999999999999797,0.7660904845636115,0.9912198894399086,1.2748176925209347,density1.0000_damping0.005_lm500_bias_summary.pkl,0.3,0.005,0.08331219524157235,0.1440374018047415,0.578406679082628,1.7288873662143953
3.65,0.005,1.0,1.0,500,100,50,50,0.31975441934146465,0.29,0.020658845326419803,,0.10855613984554464,Peak absolute acceleration,mean,direct_code_bias,success,0.1,Peak absolute acceleration,0.4296341956678951,0.30545450076131975,0.4292626140134753,0.5555354283691624,3.9577143796673804,0.08176180921569595,0.4296341956678771,0.10855613984554464,0.07717952117277123,0.1084622519044823,0.14036774134667376,5.254705097516574,3.7359068211846895,5.250160412681634,6.794558898563552,1.000000000000042,0.7109641267880996,0.9991351208582824,1.2930428582519338,density1.0000_damping0.005_lm500_bias_summary.pkl,0.3,0.005,0.10855613984554464,0.14257047059861033,0.7614209267161338,1.3133340113370078
3.7,0.005,1.0,1.0,500,100,50,50,0.31952318364549565,0.29,0.01949830851090891,,0.10719345611604614,Peak absolute acceleration,mean,direct_code_bias,success,0.1,Peak absolute acceleration,0.42055839896307395,0.3344775714801736,0.4073019923173429,0.542007315448494,3.9233588896301965,0.0764988620290248,0.4205583989630712,0.10719345611604614,0.08525286135923711,0.10381461491934374,0.13814879818440007,5.4975771901483705,4.372320876528436,5.324288251017466,7.085168342018584,1.0000000000000069,0.7953177782321349,0.9684790348298516,1.2887801475011966,density1.0000_damping0.005_lm500_bias_summary.pkl,0.3,0.005,0.10719345611604614,0.14130062151743172,0.7586198486948822,1.3181832794388273
3.75,0.005,1.0,1.0,500,100,50,50,0.29220493237262973,0.29220493237262973,0.01752565722007963,,0.09477953266114293,Peak absolute acceleration,mean,direct_code_bias,success,0.1,Peak absolute acceleration,0.37656343453350805,0.2796896160908615,0.35011473259897624,0.5172041592829976,3.973045909392724,0.06963024072765597,0.3765634345335028,0.09477953266114293,0.07039677428082168,0.08812249860271333,0.1301782488997344,5.408044415735351,4.016783701564505,5.028199370563378,7.427866884819956,1.000000000000014,0.7427423654061067,0.929762957555101,1.3734848151778847,density1.0000_damping0.005_lm500_bias_summary.pkl,0.3,0.005,0.09477953266114293,0.14020129529039832,0.6760246577239378,1.479235984330582
3.8,0.005,1.0,1.0,500,100,50,50,0.2580534236832357,0.2580534236832357,0.024493543288183265,,0.09141081713183209,Peak absolute acceleration,mean,direct_code_bias,success,0.1,Peak absolute acceleration,0.36987856186751794,0.30038346897797524,0.35659141466642374,0.4787228418716315,4.046332518109771,0.09910902069070233,0.3698785618674897,0.09141081713183209,0.07423598224653526,0.0881270664411446,0.11831030685912712,3.7320372988229633,3.030838836713024,3.5979713267399527,4.8302650811738035,1.0000000000000764,0.8121137582599034,0.9640770010189827,1.2942703125441903,density1.0000_damping0.005_lm500_bias_summary.pkl,0.3,0.005,0.09141081713183209,0.13924958684958977,0.656453058137805,1.5233381695818877
3.85,0.005,1.0,1.0,500,100,50,50,0.28679230213339,0.28679230213339,0.015468547746822242,,0.09589644254178871,Peak absolute acceleration,mean,direct_code_bias,success,0.1,Peak absolute acceleration,0.37381334397341187,0.3149196968205199,0.37280083993684815,0.4647618654429293,3.8980939653784916,0.0602978526250581,0.3738133439734142,0.09589644254178871,0.08078812353358503,0.09563669917860754,0.11922797899968081,6.199447039977432,5.222734858880332,6.182655330281571,7.707768107977153,0.9999999999999937,0.8424517259686619,0.9972914181559072,1.2432992907711273,density1.0000_damping0.005_lm500_bias_summary.pkl,0.3,0.005,0.09589644254178871,0.1384256736749181,0.6927648607078006,1.443491228724115
3.9,0.005,1.0,1.0,500,100,50,50,0.28373552878717084,0.28373552878717084,0.014119321496142123,,0.09329829811878311,Peak absolute acceleration,mean,direct_code_bias,success,0.1,Peak absolute acceleration,0.3635243262179475,0.3084248986592311,0.35688445471326047,0.4258576953736185,3.8963661025748304,0.0550140456689238,0.36352432621794994,0.09329829811878311,0.07915706341234596,0.09159417911921083,0.10929611955411467,6.607845720084794,5.606293718432227,6.487151605991713,7.740890352555474,0.9999999999999933,0.8484298750183664,0.9817347257781351,1.1714695954578203,density1.0000_damping0.005_lm500_bias_summary.pkl,0.3,0.005,0.09329829811878311,0.1377123954205189,0.6774865678132065,1.4760440243528323
4.0,0.005,1.0,1.0,500,100,50,50,0.3074754669623747,0.29,0.007735492004809287,,0.09765511831566022,Peak absolute acceleration,mean,direct_code_bias,success,0.1,Peak absolute acceleration,0.3666807925824897,0.31212700564903434,0.36630595850968173,0.4303327748544488,3.7548548289832735,0.029045649508819594,0.36668079258246367,0.09765511831566022,0.08312625117747921,0.09755529180042063,0.11460703394782716,12.62429309667007,10.746084557491415,12.611388097844202,14.81573943539393,1.0000000000000708,0.8512226764068626,0.9989777646378964,1.1735896277077842,density1.0000_damping0.005_lm500_bias_summary.pkl,0.3,0.005,0.09765511831566022,0.1365603143844428,0.7151061328165204,1.3983938245103087
4.1,0.005,1.0,1.0,500,100,50,50,0.2739874536024139,0.2739874536024139,0.0052618705197013,,0.09402063421617847,Peak absolute acceleration,mean,direct_code_bias,success,0.1,Peak absolute acceleration,0.3560835891905456,0.31005049550296937,0.3666190780338869,0.3868216505584947,3.7872919296823135,0.019928239754298138,0.3560835891905542,0.09402063421617847,0.08186601436055052,0.09680243425666944,0.10213673985013935,17.868291107534734,15.55834832005659,18.396962428897623,19.410728460102188,0.9999999999999759,0.8707239112248143,1.0295871226957745,1.0863226003698008,density1.0000_damping0.005_lm500_bias_summary.pkl,0.3,0.005,0.09402063421617847,0.13569686257920494,0.6928725722107044,1.4432668287176378
4.2,0.005,1.0,1.0,500,100,50,50,0.29769154780920043,0.29,0.00034990889295816,,0.0912268647824623,Peak absolute acceleration,mean,direct_code_bias,success,0.1,Peak absolute acceleration,0.3328462154060278,0.285565717147639,0.32408451045172604,0.39045141464483724,3.6485548001646886,0.0012766617710228073,0.33284621540602827,0.0912268647824623,0.0782681726843596,0.08882544684188312,0.1070153625285313,260.7160510017979,223.68157614593238,253.85307041197234,305.8377900138923,0.9999999999999987,0.8579509212664073,0.9736764170696244,1.1730685120410285,density1.0000_damping0.005_lm500_bias_summary.pkl,0.3,0.005,0.0912268647824623,0.1350497301322478,0.6755057169912744,1.480372371168127
4.25,0.005,1.0,1.0,500,100,50,50,0.26389332958570577,0.26389332958570577,0.0,,0.10088605441539346,Peak absolute acceleration,mean,direct_code_bias,success,0.1,Peak absolute acceleration,0.3277960941989801,0.2784448136730298,0.33066371686409535,0.37854853563929725,3.2491715143234314,0.0,0.3277960941989797,0.10088605441539346,0.08569717309337233,0.10176862483449073,0.116506172102805,,,,,1.0000000000000013,0.8494451843712557,1.0087481904631084,1.1548293049810097,density1.0000_damping0.005_lm500_bias_summary.pkl,0.3,0.005,0.10088605441539346,0.13478977299688683,0.7484696514603056,1.3360595156382709
4.3,0.005,1.0,1.0,500,100,50,50,0.25783301311113754,0.25783301311113754,0.0,,0.11334732396214774,Peak absolute acceleration,mean,direct_code_bias,success,0.1,Peak absolute acceleration,0.31425815965768966,0.2747557540550725,0.3111363660188725,0.3559448249280169,2.772523855637174,0.0,0.3142581596576937,0.11334732396214774,0.09909950945829785,0.112221348568836,0.1283829620453219,,,,,0.999999999999987,0.874299506986074,0.9900661493015117,1.1326510195176172,density1.0000_damping0.005_lm500_bias_summary.pkl,0.3,0.005,0.11334732396214774,0.13456472286100887,0.8423256969006807,1.1871892353272202
4.35,0.005,1.0,1.0,500,100,50,50,0.30962369385943334,0.29,0.0,,0.15224312412981178,Peak absolute acceleration,mean,direct_code_bias,success,0.1,Peak absolute acceleration,0.334715824673707,0.29010504377137636,0.3407684285446556,0.3707507583811854,2.198561193399499,0.0,0.3347158246737201,0.15224312412981178,0.13195222613877075,0.15499610816733578,0.16863335871398533,,,,,0.9999999999999609,0.8667204308435964,1.0180828136131166,1.107658291156661,density1.0000_damping0.005_lm500_bias_summary.pkl,0.3,0.005,0.15224312412981178,0.13436989241871944,1.133015152348194,0.8826007295025519
4.4,0.005,1.0,1.0,500,100,50,50,0.3010512342615003,0.29,0.0,,0.18468080128159062,Peak absolute acceleration,mean,direct_code_bias,success,0.1,Peak absolute acceleration,0.3238644017842553,0.3022198098465036,0.31135463705088373,0.36553014951624113,1.7536441229234518,0.0,0.3238644017842575,0.18468080128159062,0.17233816479405256,0.17754721894875283,0.2084403242015124,,,,,0.999999999999993,0.9331677337227928,0.9613734493063947,1.1286518292916283,density1.0000_damping0.005_lm500_bias_summary.pkl,0.3,0.005,0.18468080128159062,0.13420122377475427,1.3761484142019516,0.726665808483969
1.5,0.005,1.0,1.0,750,100,50,50,0.1823756434092305,0.1823756434092305,0.19798695686470424,0.2466867151129433,0.04884075202416189,Peak absolute acceleration,mean,theory_times_residual,success,0.1,Peak absolute acceleration,0.39671450633546884,0.3281185187274895,0.39610389109402006,0.48887461540601934,8.122612570325565,1.6081713445891754,0.3967145063355933,0.04884075202414437,0.04039568745728544,0.048765577289887126,0.06018686859349056,0.2466867151129433,0.20403206401573512,0.24630701972569286,0.303994109241455,0.9999999999996865,0.8270897925016225,0.9984608194764204,1.2323083920517515,density1.0000_damping0.005_lm750_bias_summary.pkl,0.2,0.005,0.04884075202416189,0.05850882449997484,0.8347587298419844,1.1979509339051553
1.6,0.005,1.0,1.0,750,100,50,50,0.1979184616265469,0.1979184616265469,0.2029552546919332,0.21225702306442926,0.04307867817619278,Peak absolute acceleration,mean,theory_times_residual,success,0.1,Peak absolute acceleration,0.4833524307496287,0.3724114692590763,0.4499728440189562,0.6837882763366112,11.22022427829671,2.277203476103169,0.4833524307494689,0.04307867817620881,0.03319108959162538,0.04010372991289836,0.060942478454665425,0.21225702306442926,0.16353895168663626,0.1975988745586168,0.30027544025478736,1.0000000000003306,0.7704760451532817,0.9309415147064524,1.4146784682066327,density1.0000_damping0.005_lm750_bias_summary.pkl,0.2,0.005,0.04307867817619278,0.05892943364644672,0.7310214185098408,1.3679489747903588
1.7,0.005,1.0,1.0,750,100,50,50,0.2167282664802801,0.2167282664802801,0.1858765519132172,0.22789461886500237,0.04236026595420346,Peak absolute acceleration,mean,theory_times_residual,success,0.1,Peak absolute acceleration,0.6005478907603125,0.4531802210260916,0.5610334447277716,0.8095957380876942,14.177151092713892,2.635199961066472,0.6005478907603017,0.042360265954205285,0.03196553511085848,0.039573073677412196,0.057105671851361756,0.22789461886500237,0.1719718532641024,0.2128997620737365,0.307223645282709,1.0000000000000182,0.7546112941173757,0.9342026728584389,1.3480952152920482,density1.0000_damping0.005_lm750_bias_summary.pkl,0.2,0.005,0.04236026595420346,0.06365635466360954,0.6654522738233445,1.5027373702617852
1.75,0.005,1.0,1.0,750,100,50,50,0.1954234362810293,0.1954234362810293,0.22170647365492102,0.2031404440484278,0.045037551506671714,Peak absolute acceleration,mean,theory_times_residual,success,0.1,Peak absolute acceleration,0.6489352885493341,0.5009690636189844,0.6542817361765787,0.836571932866285,14.408760397488246,3.194515457466612,0.6489352885492153,0.04503755150668321,0.03476836659080777,0.04540860685632846,0.05805995170910867,0.2031404440484278,0.1568216120063086,0.20481407740485696,0.2618775660987793,1.0000000000001832,0.7719861632721039,1.0082387993405568,1.2891453857233706,density1.0000_damping0.005_lm750_bias_summary.pkl,0.2,0.005,0.045037551506671714,0.07003715949710329,0.6430522287035741,1.5550836391878058
1.8,0.005,1.0,1.0,750,100,50,50,0.18222146271013726,0.18222146271013726,0.2511462627057683,0.22762578116210666,0.05716736423434416,Peak absolute acceleration,mean,theory_times_residual,success,0.1,Peak absolute acceleration,0.8315607229139164,0.5935775843410731,0.8223786660747021,1.1430825187061286,14.546074216490045,3.653192176512332,0.8315607229139296,0.05716736423434606,0.04080672045988659,0.05653612471895811,0.07858357531341907,0.22762578116210666,0.1624818940972758,0.22511234732245022,0.31289964049945457,0.9999999999999841,0.7138114727942859,0.9889580440896102,1.3746230277694864,density1.0000_damping0.005_lm750_bias_summary.pkl,0.2,0.005,0.05716736423434416,0.08078673327561625,0.7076330718721857,1.4131617638422167
1.85,0.005,1.0,1.0,750,100,50,50,0.18616927334685848,0.18616927334685848,0.25587714254566146,0.25164851394860344,0.06439110267503068,Peak absolute acceleration,mean,theory_times_residual,success,0.1,Peak absolute acceleration,0.9314092633146731,0.7369690733939538,0.8608233665285773,1.2368548409151385,14.464875186489568,3.7012309299982733,0.9314092633146719,0.06439110267502514,0.050948871932354804,0.059511288927857495,0.08550746722449297,0.25164851394860344,0.19911458845241456,0.2325775891343745,0.3341739178959351,1.0000000000000013,0.7912408673833132,0.9242160245058164,1.3279391666274134,density1.0000_damping0.005_lm750_bias_summary.pkl,0.2,0.005,0.06439110267503068,0.09739320171293858,0.6611457631798593,1.5125257631394053
1.9,0.005,1.0,1.0,750,100,50,50,0.20142358982812616,0.20142358982812616,0.24301528757124796,0.2975146779428636,0.07230061501695223,Peak absolute acceleration,mean,theory_times_residual,success,0.1,Peak absolute acceleration,1.0303480469230963,0.8056136566332128,0.9694820142699793,1.368524074868067,14.250889106287485,3.463183914310844,1.030348046922987,0.0723006150169611,0.05653076454561537,0.06802958096433748,0.09603078549423803,0.2975146779428636,0.23262225644563433,0.2799395118069845,0.39516355721477653,1.000000000000106,0.7818849747316773,0.9409267258430032,1.3282153336001388,density1.0000_damping0.005_lm750_bias_summary.pkl,0.2,0.005,0.07230061501695223,0.12150571129568555,0.5950388195417046,1.680562624082745
1.95,0.005,1.0,1.0,750,100,50,50,0.1707027575929834,0.1707027575929834,0.25575507619366444,0.3172192662850954,0.08113043761884291,Peak absolute acceleration,mean,theory_times_residual,success,0.1,Peak absolute acceleration,1.1836341961082228,0.9671161468334073,1.2029466327107345,1.376231772063421,14.589274147257292,3.731280921141945,1.1836341961081747,0.08113043761884069,0.06628953140997902,0.0824541797329158,0.0943317507212753,0.3172192662850954,0.25919145925293263,0.32239508579873344,0.368836279323142,1.0000000000000404,0.817073509715514,1.0163162205570435,1.1627171440200978,density1.0000_damping0.005_lm750_bias_summary.pkl,0.2,0.005,0.08113043761884291,0.15492500927961983,0.5236755382238908,1.909579361662876
2.0,0.005,1.0,1.0,750,100,50,50,0.17202234852352424,0.17202234852352424,0.2364528294645798,0.3860617787722436,0.09128539993882566,Peak absolute acceleration,mean,theory_times_residual,success,0.1,Peak absolute acceleration,1.3243517203740682,0.9282070920715528,1.2566229796557695,1.9113322330659395,14.507815283293743,3.430413973084258,1.3243517203739652,0.09128539993882508,0.06397979805687323,0.08661696851784534,0.13174500748344276,0.3860617787722436,0.2705816555536617,0.36631817311715,0.557172471912326,1.000000000000078,0.700876570620869,0.9488589476071578,1.4432210142228872,density1.0000_damping0.005_lm750_bias_summary.pkl,0.2,0.005,0.09128539993882566,0.19959575195263912,0.45735141678011937,2.186502464648202
2.05,0.005,1.0,1.0,750,100,50,50,0.16784064962910228,0.16784064962910228,0.22161439361945265,0.4702953179906835,0.10422421171857299,Peak absolute acceleration,mean,theory_times_residual,success,0.1,Peak absolute acceleration,1.5153182190868153,1.0885729204075538,1.4590416316575432,1.9760995527577145,14.53902307439612,3.2220567824509656,1.5153182190869285,0.10422421171855485,0.074872494172224,0.10035348483812381,0.13591694178116517,0.4702953179906835,0.3378503216754281,0.45282927340208895,0.6133037640803239,0.9999999999999253,0.7183790880990563,0.9628615384408858,1.3040822236984881,density1.0000_damping0.005_lm750_bias_summary.pkl,0.2,0.005,0.10422421171857299,0.2576000566030344,0.4045970062777443,2.4715951539034715
2.1,0.005,1.0,1.0,750,100,50,50,0.22121923403033864,0.22121923403033864,0.18039498339809007,0.5384769793253886,0.09713854574565717,Peak absolute acceleration,mean,theory_times_residual,success,0.1,Peak absolute acceleration,1.3460354788117728,1.0457258819090438,1.2913168220796738,1.8445145713144078,13.856862571694393,2.4997084935703366,1.3460354788117594,0.09713854574565371,0.07546628080480229,0.09318969683061336,0.1331119913884564,0.5384769793253886,0.41833913218234187,0.5165869642004874,0.7378918686154022,1.0000000000000098,0.7768932530903122,0.9593482804922872,1.3703313176727638,density1.0000_damping0.005_lm750_bias_summary.pkl,0.2,0.005,0.09713854574565717,0.3311519858939578,0.2933352354310327,3.409068803243462
2.15,0.005,1.0,1.0,750,100,50,50,0.19608788965268095,0.19608788965268095,0.2343037793571057,0.5999532033075795,0.1405713029723679,Peak absolute acceleration,mean,theory_times_residual,success,0.1,Peak absolute acceleration,1.48624522650434,1.158148780065969,1.455186746028629,1.9970057135669022,10.572892155638034,2.4772685908010446,1.4862452265043604,0.14057130297236542,0.10953944890550898,0.1376337452995437,0.1888797960075656,0.5999532033075795,0.46751037992673716,0.5874158141076187,0.8061320928148346,0.9999999999999859,0.7792447433388417,0.9791027214608582,1.3436582859639168,density1.0000_damping0.005_lm750_bias_summary.pkl,0.2,0.005,0.1405713029723679,0.42259275376703204,0.33264011680110445,3.0062519506566794
2.2,0.005,1.0,1.0,750,100,50,50,0.17027157844971488,0.17027157844971488,0.34900329760335025,0.6326528588081336,0.22079793396222538,Peak absolute acceleration,mean,theory_times_residual,success,0.1,Peak absolute acceleration,1.5846192656604166,1.2702625702199188,1.5536984772143665,1.9173801122307366,7.176784842251407,2.504721576135308,1.5846192656605733,0.22079793396221012,0.17699605020086245,0.21648948817127428,0.26716421829210657,0.6326528588081336,0.5071472144141014,0.6203078585731134,0.7655062864069638,0.9999999999999013,0.8016200470025145,0.9804869288691141,1.2099941946821193,density1.0000_damping0.005_lm750_bias_summary.pkl,0.2,0.005,0.22079793396222538,0.5343865039960992,0.4131802212651226,2.4202513782919874
2.25,0.005,1.0,1.0,750,100,50,50,0.17271800264057402,0.17271800264057402,0.641000913806684,0.6796169561739022,0.4356350899459884,Peak absolute acceleration,mean,theory_times_residual,success,0.1,Peak absolute acceleration,1.5537390877449224,1.2150971459646571,1.6350374497273767,1.7637018912180742,3.566606831276465,2.2861982380371146,1.5537390877450523,0.4356350899459387,0.3406871582561798,0.4584294056158154,0.494504153289825,0.6796169561739022,0.5314924689155197,0.7151774603462158,0.7714562376412092,0.9999999999999162,0.7820470988653135,1.0523243333604442,1.1351338877480013,density1.0000_damping0.005_lm750_bias_summary.pkl,0.2,0.005,0.4356350899459884,0.669116552732615,0.6510601003171349,1.5359565107934132
2.3,0.005,1.0,1.0,750,100,50,50,0.1910613115840101,0.1910613115840101,0.5637024883654836,0.805656231491584,0.45415042245896403,Peak absolute acceleration,mean,theory_times_residual,success,0.1,Peak absolute acceleration,1.5881183973277215,1.2045937240746498,1.613150106844947,2.1006463385553333,3.4968995266567666,1.9712109647405012,1.588118397327596,0.4541504224589639,0.3444747882780348,0.46130868060347435,0.6007168128629848,0.805656231491584,0.6110932546650215,0.8183548771286939,1.0656628722800716,1.000000000000079,0.7585037274939186,1.0157618660922718,1.3227265310257679,density1.0000_damping0.005_lm750_bias_summary.pkl,0.2,0.005,0.45415042245896403,0.5971421943959438,0.7605398290743944,1.3148555299426155
2.35,0.005,1.0,1.0,750,100,50,50,0.1920089185825061,0.1920089185825061,0.5167480633007342,0.8786249158790483,0.4540277236482687,Peak absolute acceleration,mean,theory_times_residual,success,0.1,Peak absolute acceleration,1.5794830323348226,1.3585934746618689,1.5652173334273742,1.7988986174521444,3.4788250806430385,1.7976761229842642,1.5794830323349256,0.454027723648257,0.3905322754574201,0.4499270003934931,0.5170994734577542,0.8786249158790483,0.7557498579925018,0.8706892823547143,1.0006800415560122,0.9999999999999352,0.8601507245402192,0.9909681214577768,1.1389160760991905,density1.0000_damping0.005_lm750_bias_summary.pkl,0.2,0.005,0.4540277236482687,0.534832540533598,0.8489156684356932,1.17797331016713
2.4,0.005,1.0,1.0,750,100,50,50,0.1688744377522362,0.1688744377522362,0.4359342296670383,0.8776007577016965,0.3825762102638982,Peak absolute acceleration,mean,theory_times_residual,success,0.1,Peak absolute acceleration,1.350988020235196,0.939535258693834,1.4055358592228964,1.6674740150970762,3.531291240778511,1.5394107267788022,1.350988020235,0.38257621026391364,0.26605997484554783,0.3980232055040102,0.4721995160981012,0.8776007577016965,0.6103213667088054,0.9130349910994597,1.0831898115886491,1.0000000000001452,0.6954430717530751,1.0403762566143318,1.234262621223706,density1.0000_damping0.005_lm750_bias_summary.pkl,0.2,0.005,0.3825762102638982,0.4808898162896827,0.7955589769309943,1.2569778344502092
2.45,0.005,1.0,1.0,750,100,50,50,0.189137586980795,0.189137586980795,0.36757851374095096,1.0358776772946527,0.3807663770373969,Peak absolute acceleration,mean,theory_times_residual,success,0.1,Peak absolute acceleration,1.3153814298598427,0.9781422139531564,1.2906954389247232,1.6805840005138046,3.454562979258848,1.2698231255404167,1.3153814298598696,0.3807663770373782,0.28314499397634657,0.3736204685437904,0.48648237435646985,1.0358776772946527,0.7702979999965542,1.016437181655062,1.3234788111128268,0.9999999999999796,0.743618688654712,0.9812328269391971,1.2776400535720205,density1.0000_damping0.005_lm750_bias_summary.pkl,0.2,0.005,0.3807663770373969,0.43419051181497065,0.8769569271464226,1.1403068600574644
2.5,0.005,1.0,1.0,750,100,50,50,0.21108311321458284,0.21108311321458284,0.30544488489036276,1.1985870087690396,0.3661022709245435,Peak absolute acceleration,mean,theory_times_residual,success,0.1,Peak absolute acceleration,1.2327915833187275,0.9428560353758624,1.186540103247009,1.5699417368062827,3.3673420823243423,1.0285374147220372,1.2327915833184377,0.36610227092454495,0.2800000749330007,0.3523669630939271,0.4662257942390618,1.1985870087690396,0.916695904184166,1.1536188049782052,1.5263827200982867,1.0000000000002351,0.7648138161666187,0.9624823200472148,1.2734851195043866,density1.0000_damping0.005_lm750_bias_summary.pkl,0.2,0.005,0.3661022709245435,0.39376198244951943,0.9297552512489298,1.0755518709433978
2.55,0.005,1.0,1.0,750,100,50,50,0.18083329870782652,0.18083329870782652,0.16344783219244463,2.213888901758294,0.3618553417073052,Peak absolute acceleration,mean,theory_times_residual,success,0.1,Peak absolute acceleration,1.2460712610098432,0.8153142483056386,1.282621123890838,1.5194811026996604,3.4435618806414987,0.5628427244114192,1.2460712610098428,0.3618553417073236,0.2367648024242138,0.37246931181962656,0.4412527363720838,2.213888901758294,1.4485649595244143,2.2788268698544725,2.6996548712406745,1.0000000000000004,0.6543078825563239,1.0293320807763229,1.2194175006237127,density1.0000_damping0.005_lm750_bias_summary.pkl,0.2,0.005,0.3618553417073052,0.35876219815891053,1.0086217097683874,0.9914519887041031
2.6,0.005,1.0,1.0,750,100,50,50,0.22639865270627393,0.22639865270627393,0.1643560929424774,1.8941963804416746,0.31132271635517617,Peak absolute acceleration,mean,theory_times_residual,success,0.1,Peak absolute acceleration,1.0266592351390988,0.6795928640576446,1.0723146100811918,1.2299340654058595,3.2977331277292077,0.5420025324405435,1.0266592351391044,0.3113227163551734,0.20607879344245383,0.3251671886559173,0.37296349272895285,1.8941963804416746,1.2538555142861707,1.978430995982149,2.2692404403862825,0.9999999999999947,0.6619458928507714,1.0444698429424846,1.1979963977426384,density1.0000_damping0.005_lm750_bias_summary.pkl,0.2,0.005,0.31132271635517617,0.3284623004683286,0.9478187174335804,1.055054074799985
2.65,0.005,1.0,1.0,750,100,50,50,0.16818743682359893,0.16818743682359893,0.08602598260774871,,0.2640275647710885,Peak absolute acceleration,mean,direct_code_bias,success,0.1,Peak absolute acceleration,0.9090078234936788,0.5754072846991122,0.9353860699593909,1.2072131983668388,3.442851977526616,0.29617472433975167,0.9090078234936685,0.2640275647710885,0.16713099734031878,0.27168930760461646,0.35064336377136796,3.0691606973555454,1.9427967257565293,3.1582238222542554,4.076016956065452,1.0000000000000113,0.6330058662065191,1.0290187232540426,1.3280558947524257,density1.0000_damping0.005_lm750_bias_summary.pkl,0.2,0.005,0.2640275647710885,0.30223232059135424,0.8735914287872638,1.1446998757625522
2.7,0.005,1.0,1.0,750,100,50,50,0.18505029158711073,0.18505029158711073,0.07645820002096446,,0.24843398377891393,Peak absolute acceleration,mean,direct_code_bias,success,0.1,Peak absolute acceleration,0.8382331663774285,0.5080111246797503,0.826225559462838,1.1574259733317527,3.374068046678299,0.25797516959727734,0.838233166377367,0.24843398377891393,0.15056339043899153,0.24487519161809446,0.3430357530789027,3.2492784777929855,1.9692248888635357,3.2027328860860957,4.486578980211931,1.0000000000000735,0.6060498976379647,0.9856750992490277,1.3807923854097264,density1.0000_damping0.005_lm750_bias_summary.pkl,0.2,0.005,0.24843398377891393,0.27953441361413733,0.8887420356116316,1.125185891890299
2.75,0.005,1.0,1.0,750,100,50,50,0.15646555085481118,0.15646555085481118,0.07562239700428218,,0.20661108420195065,Peak absolute acceleration,mean,direct_code_bias,success,0.1,Peak absolute acceleration,0.7101784567640751,0.4497906503216655,0.6611355640250249,1.0645616193088556,3.4372718167913767,0.259934733941003,0.7101784567640735,0.20661108420195065,0.13085687553844255,0.1923431137436729,0.30971121169654897,2.7321414341080827,1.7303984100245478,2.54346756203456,4.095495831466977,1.000000000000002,0.6333487675353255,0.9309428605276027,1.4990057909662988,density1.0000_damping0.005_lm750_bias_summary.pkl,0.2,0.005,0.20661108420195065,0.25994434783403464,0.794828146576455,1.2581336032289232
2.8,0.005,1.0,1.0,750,100,50,50,0.16456996847030003,0.16456996847030003,0.06878476667947632,,0.18210184673776686,Peak absolute acceleration,mean,direct_code_bias,success,0.1,Peak absolute acceleration,0.6177958595219906,0.4147171781389162,0.5659227055222562,0.9067571480470942,3.3925842630889873,0.23335811697705056,0.6177958595220149,0.18210184673776686,0.1222422631181197,0.16681168738517257,0.2672762347902543,2.6474153439571473,1.777170571614191,2.425125437474761,3.88568934217218,0.9999999999999606,0.6712851369055476,0.9160351219577731,1.4677294029594938,density1.0000_damping0.005_lm750_bias_summary.pkl,0.2,0.005,0.18210184673776686,0.24325976372398775,0.7485900830865713,1.3358445731431294
2.85,0.005,1.0,1.0,750,100,50,50,0.17706416094122057,0.17706416094122057,0.06202815948368393,,0.18439836178449698,Peak absolute acceleration,mean,direct_code_bias,success,0.1,Peak absolute acceleration,0.6150784474220734,0.4327457059386912,0.5876620625534804,0.787963531636845,3.3355960512323013,0.20690088383898125,0.6150784474221024,0.18439836178449698,0.12973564523162745,0.17617902573555777,0.23622870381614106,2.972816916049293,2.0915604511166404,2.840307163747174,3.8084106602950545,0.9999999999999529,0.7035618102900557,0.9554261980995616,1.281078104653696,density1.0000_damping0.005_lm750_bias_summary.pkl,0.2,0.005,0.18439836178449698,0.2297587123915467,0.8025739692962899,1.2459910715479214
2.9,0.005,1.0,1.0,750,100,50,50,0.17112961929537662,0.17112961929537662,0.05835502641551298,,0.16238580625952861,Peak absolute acceleration,mean,direct_code_bias,success,0.1,Peak absolute acceleration,0.5409006828860977,0.34262142625661485,0.49250432249337744,0.8731876492661672,3.3309603551286875,0.1943782795125593,0.5409006828860964,0.16238580625952861,0.10285965299139026,0.14785655486264415,0.26214291260528455,2.7827218362180672,1.7626528391742309,2.5337415462696047,4.492207933190129,1.0000000000000024,0.6334276089807869,0.9105263462887689,1.614321587850619,density1.0000_damping0.005_lm750_bias_summary.pkl,0.2,0.005,0.16238580625952861,0.22043657589902887,0.7366554556441212,1.357486722372288
2.95,0.005,1.0,1.0,750,100,50,50,0.22333059338628544,0.22333059338628544,0.04929154376233772,,0.1977495672775379,Peak absolute acceleration,mean,direct_code_bias,success,0.1,Peak absolute acceleration,0.626352302033502,0.35168817583110373,0.6516612120677072,0.8638836374424016,3.1674016315516282,0.15612611613452282,0.6263523020335319,0.1977495672775379,0.11103365368250466,0.20574000012384763,0.2727420573497676,4.01183554386134,2.252590306724078,4.173941094558561,5.533242348115893,0.9999999999999524,0.5614862030351028,1.0404068284765726,1.3792296039109209,density1.0000_damping0.005_lm750_bias_summary.pkl,0.2,0.005,0.1977495672775379,0.21650593111593985,0.9133678983216065,1.0948490765194836
3.0,0.005,1.0,1.0,750,100,50,50,0.2067970323306022,0.2067970323306022,0.08444563234610482,,0.16885029550720831,Peak absolute acceleration,mean,direct_code_bias,success,0.1,Peak absolute acceleration,0.5385464971919927,0.41577067123285694,0.504450822719869,0.7015949779454954,3.1894909959988893,0.2693385840193486,0.5385464971919603,0.16885029550720831,0.13035643359847307,0.15816029057698727,0.2199708288330718,1.9995148454233531,1.5436728931603392,1.8729244625553925,2.6048810663350577,1.0000000000000602,0.7720237220012203,0.9366894508647443,1.3027565523194142,density1.0000_damping0.005_lm750_bias_summary.pkl,0.2,0.005,0.16885029550720831,0.21753549264442829,0.7761965344350129,1.2883335027100475
3.1,0.005,1.0,1.0,750,100,50,50,0.1975945993585032,0.1975945993585032,0.06219245933209945,,0.20280827199456833,Peak absolute acceleration,mean,direct_code_bias,success,0.1,Peak absolute acceleration,0.4285153360001624,0.22546618489115675,0.41875692762967576,0.6576576251820307,2.112908570177251,0.13140698032319786,0.42851533600018904,0.20280827199456833,0.10670891683317962,0.19818980032559877,0.311257020045529,3.2609784879480617,1.71578545018399,3.186717529005959,5.00473889259543,0.9999999999999378,0.5261566295285574,0.9772273999301884,1.534735329009883,density1.0000_damping0.005_lm750_bias_summary.pkl,0.2,0.005,0.20280827199456833,0.21687603744070033,0.935134533016396,1.0693648503967765
3.2,0.005,1.0,1.0,750,100,50,50,0.16687167302133998,0.16687167302133998,0.04999127350757258,,0.13477495322128225,Peak absolute acceleration,mean,direct_code_bias,success,0.1,Peak absolute acceleration,0.3360294278853049,0.22338129029986895,0.31588319131747367,0.5076392619496548,2.493263175788976,0.12464140134722798,0.3360294278853101,0.13477495322128225,0.08959394759006196,0.1266946844540447,0.20360436350206626,2.695969591590107,1.7921917427546392,2.5343360063602085,4.0727980948759175,0.9999999999999846,0.6647670464627016,0.9400462135277255,1.510698825231809,density1.0000_damping0.005_lm750_bias_summary.pkl,0.2,0.005,0.13477495322128225,0.19052116182191703,0.7074014872282604,1.413624395840873
3.3,0.005,1.0,1.0,750,100,50,50,0.136114232801446,0.136114232801446,0.03946627394783383,,0.09763213107102992,Peak absolute acceleration,mean,direct_code_bias,success,0.1,Peak absolute acceleration,0.2814551571606091,0.2384033547257264,0.2694395935585862,0.3561234246365435,2.882812800181972,0.1137738797123048,0.28145515716061786,0.09763213107102992,0.08269817405787766,0.09346413112276258,0.12353331600791556,2.473811720865218,2.0954137744846784,2.368202563188552,3.130098275079111,0.9999999999999688,0.8470385020860601,0.9573091368328535,1.2652936554056984,density1.0000_damping0.005_lm750_bias_summary.pkl,0.2,0.005,0.09763213107102992,0.1641455959553598,0.594789829741021,1.6812661380497738
3.4,0.005,1.0,1.0,750,100,50,50,0.18495521386321287,0.18495521386321287,0.03144148770394457,,0.09545433220013148,Peak absolute acceleration,mean,direct_code_bias,success,0.1,Peak absolute acceleration,0.2922092024183855,0.21587011716097132,0.26461655832879494,0.39835855925103947,3.061246102541829,0.09625013169181859,0.2922092024183803,0.09545433220013148,0.07051707374383555,0.08644079876788643,0.13012954395279505,3.035935611537701,2.242803343398652,2.7492591820660097,4.138784563189335,1.0000000000000178,0.7387519468051936,0.9055722959399524,1.363264934691127,density1.0000_damping0.005_lm750_bias_summary.pkl,0.2,0.005,0.09545433220013148,0.15297803995098472,0.623974083016866,1.6026306656281233
3.45,0.005,1.0,1.0,750,100,50,50,0.18299855464828876,0.18299855464828876,0.03294564214850217,,0.09693480267537428,Peak absolute acceleration,mean,direct_code_bias,success,0.1,Peak absolute acceleration,0.2946284325694038,0.2109550360019183,0.2785408214507945,0.4147039690236611,3.0394494488846004,0.10013661387141114,0.2946284325693963,0.09693480267537428,0.06940567347791665,0.09164186677064552,0.1364404889760041,2.942264783865633,2.106672353359311,2.7816081519241136,4.141381987972918,1.0000000000000255,0.71600365980371,0.9453969497162751,1.4075490454438147,density1.0000_damping0.005_lm750_bias_summary.pkl,0.2,0.005,0.09693480267537428,0.1500315479177272,0.6460961312518945,1.5477572943555578
3.5,0.005,1.0,1.0,750,100,50,50,0.2092901719102902,0.2092901719102902,0.031220984850689297,,0.10194347396446778,Peak absolute acceleration,mean,direct_code_bias,success,0.1,Peak absolute acceleration,0.3009520315870255,0.24594058314304335,0.289448015986094,0.3956478535258039,2.9521461245466467,0.09216890943148472,0.30095203158701417,0.10194347396446778,0.08330908185678369,0.09804664260328366,0.13402041661693237,3.2652228766007387,2.668368158634527,3.1404083846870288,4.292638981693878,1.0000000000000375,0.8172085825309826,0.9617745873312238,1.3146542039920084,density1.0000_damping0.005_lm750_bias_summary.pkl,0.2,0.005,0.10194347396446778,0.14770129248064487,0.6902002836422743,1.4488548088142053
3.55,0.005,1.0,1.0,750,100,50,50,0.16128128041361425,0.16128128041361425,0.03873273754778494,,0.08488900007956594,Peak absolute acceleration,mean,direct_code_bias,success,0.1,Peak absolute acceleration,0.25880953035877724,0.20797096256376926,0.2424575228762712,0.3230609537163841,3.048799374668057,0.11808834601487098,0.25880953035877596,0.08488900007956594,0.06821405314228407,0.07952557485113929,0.10596333638764208,2.191660219596819,1.7611472222464637,2.053187558793806,2.73575644522704,1.0000000000000049,0.8035676363056202,0.9368183719516174,1.248257563268784,density1.0000_damping0.005_lm750_bias_summary.pkl,0.2,0.005,0.08488900007956594,0.14573308045043787,0.5824964367540156,1.716748699052211
3.6,0.005,1.0,1.0,750,100,50,50,0.20031622966001925,0.20031622966001925,0.03438548140322351,,0.1000248104765668,Peak absolute acceleration,mean,direct_code_bias,success,0.1,Peak absolute acceleration,0.29259419678832793,0.2218886556622354,0.29782581640586075,0.35861201895698364,2.9252162078015145,0.10058496751376911,0.2925941967883323,0.1000248104765668,0.07585376255965667,0.10181326618236392,0.12259333788749355,2.908925697552913,2.2059822769427346,2.9609376407572165,3.565264550171407,0.999999999999985,0.7583494754776475,1.0178801209147461,1.2256292944060327,density1.0000_damping0.005_lm750_bias_summary.pkl,0.2,0.005,0.1000248104765668,0.1440374018047415,0.6944363701600221,1.4400167430308273
3.65,0.005,1.0,1.0,750,100,50,50,0.21970529593435206,0.21970529593435206,0.033834105652920984,,0.10108794438793468,Peak absolute acceleration,mean,direct_code_bias,success,0.1,Peak absolute acceleration,0.2885963077622136,0.22058739312471276,0.29154929439834054,0.3608081804726607,2.8549033172016784,0.09659310046307935,0.2885963077622124,0.10108794438793468,0.07726615181523144,0.10212230047920207,0.12638192624551572,2.9877528144209773,2.2836764951863984,3.0183242177817764,3.735341124189009,1.0000000000000038,0.7643458602611948,1.0102322398336478,1.250217590344042,density1.0000_damping0.005_lm750_bias_summary.pkl,0.2,0.005,0.10108794438793468,0.14257047059861033,0.7090384422769829,1.410360765191569
3.7,0.005,1.0,1.0,750,100,50,50,0.19674667185304084,0.19674667185304084,0.03758577926763943,,0.09682439177726725,Peak absolute acceleration,mean,direct_code_bias,success,0.1,Peak absolute acceleration,0.2792327492194809,0.22832867976818086,0.2768796278794164,0.33558735595055994,2.883909148242542,0.10839397267377579,0.27923274921947666,0.09682439177726725,0.0791733262149831,0.09600844327850869,0.1163654396516157,2.5760911084960805,2.1064702597012697,2.5543821399804,3.095996462465205,1.0000000000000155,0.8177002174938826,0.9915729034411693,1.2018194745731228,density1.0000_damping0.005_lm750_bias_summary.pkl,0.2,0.005,0.09682439177726725,0.14130062151743172,0.6852368428211328,1.4593494358578223
3.75,0.005,1.0,1.0,750,100,50,50,0.21064163577968584,0.21064163577968584,0.03625568571563778,,0.10408846531954292,Peak absolute acceleration,mean,direct_code_bias,success,0.1,Peak absolute acceleration,0.2942732043232895,0.24524996969992027,0.2966851333303865,0.34158718441213404,2.827145192504234,0.10250008757190551,0.29427320432328546,0.10408846531954292,0.08674827538046685,0.10494159766431668,0.12082406850479523,2.8709556381291086,2.392680587008019,2.894486632728552,3.3325550495018357,1.0000000000000135,0.8334091113185121,1.0081962236848834,1.1607824952926056,density1.0000_damping0.005_lm750_bias_summary.pkl,0.2,0.005,0.10408846531954292,0.14020129529039832,0.7424215668189539,1.3469436297287314
3.8,0.005,1.0,1.0,750,100,50,50,0.2135512366557537,0.2135512366557537,0.03620580257905844,,0.10159668348748956,Peak absolute acceleration,mean,direct_code_bias,success,0.1,Peak absolute acceleration,0.28411280513181,0.2215198890591869,0.2833069417156654,0.3320613501277359,2.7964771622372417,0.10124870005280295,0.284112805131784,0.10159668348748956,0.07921390957541961,0.10130851256050086,0.11874273625824273,2.806088423689788,2.1878788462830676,2.7981291766503262,3.279660380375848,1.0000000000000915,0.7796899156179753,0.9971635793897258,1.168765870914235,density1.0000_damping0.005_lm750_bias_summary.pkl,0.2,0.005,0.10159668348748956,0.13924958684958977,0.7296013279898514,1.370611540353448
3.85,0.005,1.0,1.0,750,100,50,50,0.1931290557533948,0.1931290557533948,0.04234648438765386,,0.09674634471092841,Peak absolute acceleration,mean,direct_code_bias,success,0.1,Peak absolute acceleration,0.27115439139233116,0.24350507165726165,0.2706073245207491,0.31357899914223325,2.802735257879998,0.1186859848405445,0.2711543913923401,0.09674634471092841,0.0868812246795832,0.09655115436248435,0.11188320347438946,2.2846369919466816,2.0516750312550593,2.280027628235229,2.64208954042492,0.9999999999999668,0.8980310826127395,0.9979824524737293,1.1564592317020892,density1.0000_damping0.005_lm750_bias_summary.pkl,0.2,0.005,0.09674634471092841,0.1384256736749181,0.6989046333856136,1.4308103741647782
3.9,0.005,1.0,1.0,750,100,50,50,0.1950429932968143,0.1950429932968143,0.039840741018290146,,0.10037655116153982,Peak absolute acceleration,mean,direct_code_bias,success,0.1,Peak absolute acceleration,0.2800869008228582,0.22125489873983262,0.28880318599312815,0.3237720828549878,2.7903618682027003,0.11117008453837358,0.28008690082285065,0.10037655116153982,0.07929254669837682,0.10350026255883045,0.11603229192044995,2.5194448847088724,1.9902377483886868,2.5978498369625624,2.9124029562398013,1.0000000000000269,0.7899508977028951,1.031119931509365,1.1559701003645548,density1.0000_damping0.005_lm750_bias_summary.pkl,0.2,0.005,0.10037655116153982,0.1377123954205189,0.7288853763311024,1.3719578310565093
4.0,0.005,1.0,1.0,750,100,50,50,0.19358965799697458,0.19358965799697458,0.03531368974540565,,0.10347181226922697,Peak absolute acceleration,mean,direct_code_bias,success,0.1,Peak absolute acceleration,0.28372816480492835,0.24644222563168194,0.2780815438178668,0.32756978295453126,2.742081718513696,0.09683302306414114,0.2837281648049314,0.10347181226922697,0.08987413612358068,0.10141256620484554,0.119460255594456,2.9300764948440157,2.5450225329476837,2.871763526722373,3.3828313171380864,0.9999999999999892,0.8685856964574374,0.9800984826763788,1.154519796015816,density1.0000_damping0.005_lm750_bias_summary.pkl,0.2,0.005,0.10347181226922697,0.1365603143844428,0.7577004544521871,1.319782763919527
4.1,0.005,1.0,1.0,750,100,50,50,0.19180947911176405,0.19180947911176405,0.028067694682195582,,0.09708655756841333,Peak absolute acceleration,mean,direct_code_bias,success,0.1,Peak absolute acceleration,0.26203236796548035,0.21775759840580464,0.2569010021914878,0.3160095621410425,2.6989562152395377,0.07575347900995553,0.2620323679654797,0.09708655756841333,0.08068215303984774,0.09518531673130064,0.11708584242927261,3.459014310498453,2.874555746504882,3.3912766192259745,4.171551805554864,1.0000000000000027,0.8310332043959248,0.9804170537638774,1.2059943761706333,density1.0000_damping0.005_lm750_bias_summary.pkl,0.2,0.005,0.09708655756841333,0.13569686257920494,0.7154664870143561,1.3976895048893287
4.2,0.005,1.0,1.0,750,100,50,50,0.1856872319376295,0.1856872319376295,0.020657795133025368,,0.10156762322957186,Peak absolute acceleration,mean,direct_code_bias,success,0.1,Peak absolute acceleration,0.27038726759395165,0.23445994596684866,0.27378669568035685,0.30043229961407697,2.662140345479968,0.054993949872287506,0.2703872675939537,0.10156762322957186,0.08807197049732438,0.10284457622424664,0.11285366683397408,4.916672983516773,4.263377089867798,4.97848756665364,5.463006390917022,0.9999999999999925,0.86712642963256,1.0125724414342918,1.1111185163690567,density1.0000_damping0.005_lm750_bias_summary.pkl,0.2,0.005,0.10156762322957186,0.1350497301322478,0.7520757215146653,1.3296533465885758
4.25,0.005,1.0,1.0,750,100,50,50,0.18620059844062772,0.18620059844062772,0.017063075826725355,,0.11323281481355431,Peak absolute acceleration,mean,direct_code_bias,success,0.1,Peak absolute acceleration,0.26134004674503847,0.23015736486247532,0.25999509160987916,0.29734288557445804,2.3079886089147656,0.03938138464113134,0.2613400467450415,0.11323281481355431,0.09972205407491033,0.11265007574371473,0.128832042075923,6.63613149020884,5.8443187551635924,6.601979437216915,7.5503410630184495,0.9999999999999885,0.8806815783843972,0.9948536202089437,1.137762425919133,density1.0000_damping0.005_lm750_bias_summary.pkl,0.2,0.005,0.11323281481355431,0.13478977299688683,0.8400697790044375,1.1903773055436937
4.3,0.005,1.0,1.0,750,100,50,50,0.22654194993845098,0.22654194993845098,0.002653120038538116,,0.1379519160678452,Peak absolute acceleration,mean,direct_code_bias,success,0.1,Peak absolute acceleration,0.2614883544909859,0.21086582007151675,0.26001416348045747,0.3122162855629561,1.895503606940734,0.005028998602695721,0.2614883544909773,0.1379519160678452,0.11124527502843723,0.13717418554539698,0.16471416061658703,51.996108002658616,41.92998183743483,51.70296991951453,62.08319194910834,1.000000000000033,0.806406160924435,0.9943623072110055,1.1939969034977778,density1.0000_damping0.005_lm750_bias_summary.pkl,0.2,0.005,0.1379519160678452,0.13456472286100887,1.0251714798263993,0.9754465664313753
4.35,0.005,1.0,1.0,750,100,50,50,0.16883382773595065,0.16883382773595065,0.012820227159448456,,0.15654193155266824,Peak absolute acceleration,mean,direct_code_bias,success,0.1,Peak absolute acceleration,0.2570820407534397,0.2035308803761171,0.2569184883678124,0.30887473342986527,1.6422567308551765,0.021054104343696683,0.25708204075344016,0.15654193155266824,0.12393365577508211,0.1564423415296502,0.18807944435644003,12.21054273108543,9.667040547229526,12.2027745362025,14.670523541997085,0.9999999999999983,0.7916962218738477,0.999363812481228,1.2014636748822838,density1.0000_damping0.005_lm750_bias_summary.pkl,0.2,0.005,0.15654193155266824,0.13436989241871944,1.165007493381454,0.858363577643163
4.4,0.005,1.0,1.0,750,100,50,50,0.1678390980086781,0.1678390980086781,0.006436198497902397,,0.19366415485253272,Peak absolute acceleration,mean,direct_code_bias,success,0.1,Peak absolute acceleration,0.2522381881258073,0.21636256781510482,0.24945285206793671,0.2878124363225649,1.3024515988406646,0.00838283702404821,0.25223818812580295,0.19366415485253272,0.16611946885987394,0.19152562159697845,0.22097745250476247,30.089835625123158,25.810184212625877,29.75756910844389,34.33353594933372,1.0000000000000169,0.8577708610370873,0.9889575163913044,1.1410343471822728,density1.0000_damping0.005_lm750_bias_summary.pkl,0.2,0.005,0.19366415485253272,0.13420122377475427,1.4430878452910785,0.6929585078712319
1.5,0.01,1.0,1.0,1450,100,50,50,0.08689422243050138,0.08689422243050138,0.5181290748570028,0.19798084205550445,0.10257963053362891,Peak absolute acceleration,mean,theory_times_residual,success,0.1,Peak absolute acceleration,0.23798707165671673,0.1894707362927916,0.24537727318784136,0.2751887429902273,2.320022702545134,1.2020712165169822,0.237987071656696,0.10257963053363135,0.08166762165082977,0.10576503105709059,0.11861467678240262,0.19798084205550445,0.1576202255651588,0.20412873198879627,0.22892881820063074,1.0000000000000873,0.79613877751355,1.0310529537579503,1.156318034734239,density1.0000_damping0.010_lm1450_bias_summary.pkl,0.1,0.01,0.10257963053362891,0.13502087672547744,0.7597316283333083,1.3162542702004882
1.6,0.01,1.0,1.0,1450,100,50,50,0.11100185985831841,0.11100185985831841,0.458507569883658,0.22597127843855755,0.10360954174036646,Peak absolute acceleration,mean,theory_times_residual,success,0.1,Peak absolute acceleration,0.3290223618908659,0.2756593708032549,0.3088357271116391,0.4513847214343535,3.1755990458423917,1.4560362014340171,0.329022361890917,0.10360954174036353,0.08680547097536072,0.0972527459082021,0.14214159751223082,0.22597127843855755,0.18932178371098482,0.2121071761866043,0.3100092710536969,0.9999999999998449,0.8378134823998563,0.9386466176242134,1.3718967879271502,density1.0000_damping0.010_lm1450_bias_summary.pkl,0.1,0.01,0.10360954174036646,0.13510798147502553,0.766864700435943,1.3040109936359967
1.7,0.01,1.0,1.0,1450,100,50,50,0.10961112753990744,0.10961112753990744,0.4525486839362009,0.22000596956704746,0.0995634119856752,Peak absolute acceleration,mean,theory_times_residual,success,0.1,Peak absolute acceleration,0.4066756364522541,0.34679010826055934,0.39489471067489745,0.47983456591794976,4.084589191365822,1.8484754629729192,0.4066756364522265,0.09956341198569058,0.08490207754395938,0.09667917437318853,0.11747437586434505,0.22000596956704746,0.1876087160512338,0.21363264949148142,0.25958395203484474,1.0000000000000677,0.8527437524556452,0.9710311493452031,1.179895038965083,density1.0000_damping0.010_lm1450_bias_summary.pkl,0.1,0.01,0.0995634119856752,0.13717433593562506,0.7258166136295812,1.3777584877802418
1.75,0.01,1.0,1.0,1450,100,50,50,0.09104781174177433,0.09104781174177433,0.5475108871779674,0.2182225870263801,0.11947924222508455,Peak absolute acceleration,mean,theory_times_residual,success,0.1,Peak absolute acceleration,0.49607848396087734,0.43229940634896413,0.45478940175765487,0.6286508250352432,4.152005609696854,2.2732682749330078,0.49607848396086623,0.11947924222508384,0.10411821345793586,0.10953487170044068,0.15140895367941043,0.2182225870263801,0.19016647138213538,0.2000597143647981,0.27654053503815745,1.0000000000000222,0.8714334935418537,0.9167690526032399,1.2672406592115675,density1.0000_damping0.010_lm1450_bias_summary.pkl,0.1,0.01,0.11947924222508455,0.1410688938101455,0.8469566819307858,1.1806979286359103
1.8,0.01,1.0,1.0,1450,100,50,50,0.1085892736704392,0.1085892736704392,0.5270784352417344,0.2824361009249346,0.1488659781312911,Peak absolute acceleration,mean,theory_times_residual,success,0.1,Peak absolute acceleration,0.6079865582787632,0.5176786344226489,0.5789424699135253,0.7416098406509073,4.084120266502806,2.152651719407331,0.6079865582787368,0.14886597813128952,0.12675401326169375,0.1417545106744049,0.18158374197093388,0.2824361009249346,0.2404841571701977,0.2689438633728079,0.3445099056038139,1.000000000000043,0.8514639466507984,0.9522290616959725,1.2197799943973593,density1.0000_damping0.010_lm1450_bias_summary.pkl,0.1,0.01,0.1488659781312911,0.14908280491797507,0.9985455949343263,1.0014565234407875
1.85,0.01,1.0,1.0,1450,100,50,50,0.1180086883889615,0.1180086883889615,0.5055965038555724,0.33670808163423893,0.1702384288941879,Peak absolute acceleration,mean,theory_times_residual,success,0.1,Peak absolute acceleration,0.6890194559884235,0.5749453105551442,0.6385192512088513,0.9172881644152283,4.0473790815859285,2.0463407134281244,0.6890194559883646,0.1702384288941963,0.14205373377822003,0.1577611679898917,0.22663757111078345,0.33670808163423893,0.2809626504434685,0.3120297841991202,0.4482577893290042,1.0000000000000857,0.8344398776525307,0.9267071425333365,1.331295011255413,density1.0000_damping0.010_lm1450_bias_summary.pkl,0.1,0.01,0.1702384288941879,0.1637193375262104,1.039818701116772,0.9617061117732152
1.9,0.01,1.0,1.0,1450,100,50,50,0.10620089344317303,0.10620089344317303,0.5024717886820315,0.3885561106344409,0.19523848391382082,Peak absolute acceleration,mean,theory_times_residual,success,0.1,Peak absolute acceleration,0.7981271506202449,0.6661608096368549,0.7925599591926199,0.9999441424109585,4.08796019422306,2.054084670852428,0.7981271506202043,0.19523848391384194,0.16295677501416148,0.19387663321982285,0.24460711330409704,0.3885561106344409,0.32431029698517916,0.3858458078379574,0.48680765530273395,1.0000000000000508,0.8346549908986285,0.993024681063339,1.2528632081165605,density1.0000_damping0.010_lm1450_bias_summary.pkl,0.1,0.01,0.19523848391382082,0.18826006969519155,1.037067946643905,0.9642569739390643
1.95,0.01,1.0,1.0,1450,100,50,50,0.08277770577329076,0.08277770577329076,0.5320248822057736,0.4213642865082267,0.22417628489525915,Peak absolute acceleration,mean,theory_times_residual,success,0.1,Peak absolute acceleration,0.9355948635023325,0.7298994267087924,0.9209455139709843,1.1462262985410754,4.1734783139060525,2.220394308344084,0.9355948635023518,0.22417628489524563,0.17488995313016567,0.22066617931196358,0.2746453227567622,0.4213642865082267,0.32872513857826163,0.4147666522608785,0.5162264622250375,0.9999999999999795,0.7801447562211393,0.9843422082539783,1.2251310297389146,density1.0000_damping0.010_lm1450_bias_summary.pkl,0.1,0.01,0.22417628489525915,0.22684422009746757,0.9882389103805832,1.0119010590413475
2.0,0.01,1.0,1.0,1450,100,50,50,0.09789204728038266,0.09789204728038266,0.46650080060411697,0.4994297782371458,0.2329843913931651,Peak absolute acceleration,mean,theory_times_residual,success,0.1,Peak absolute acceleration,0.9566584835763724,0.826213161419762,0.9632763383885161,1.1208310666720396,4.106105468507857,1.9155014884237032,0.9566584835763909,0.23298439139314628,0.20121576704653052,0.2345961022619731,0.27296694526440046,0.4994297782371458,0.431329950100778,0.502884672348238,0.5851371421247965,0.9999999999999809,0.8636448383659656,1.0069176774426176,1.171610439790282,density1.0000_damping0.010_lm1450_bias_summary.pkl,0.1,0.01,0.2329843913931651,0.2845438150460503,0.8187997035024454,1.2212999048759356
2.05,0.01,1.0,1.0,1450,100,50,50,0.09270824027881219,0.09270824027881219,0.45504483908774246,0.4939490591140512,0.2247689701220952,Peak absolute acceleration,mean,theory_times_residual,success,0.1,Peak absolute acceleration,0.9280805796518519,0.6451977538837611,0.9209867157152989,1.1285248787125792,4.129042274597708,1.8788993774306622,0.9280805796518552,0.22476897012207867,0.15625845195460553,0.22305092911770452,0.27331395603658026,0.4939490591140512,0.34339132879273687,0.49017351688876504,0.6006308226339415,0.9999999999999966,0.6951958353937219,0.9923564137725871,1.21597725828496,density1.0000_damping0.010_lm1450_bias_summary.pkl,0.1,0.01,0.2247689701220952,0.36743540302041444,0.6117237704217806,1.634724770153204
2.1,0.01,1.0,1.0,1450,100,50,50,0.08522001764999369,0.08522001764999369,0.4496831071339226,0.5314288695481603,0.23897458527908474,Peak absolute acceleration,mean,theory_times_residual,success,0.1,Peak absolute acceleration,0.9926692560060969,0.783793327840681,1.0198527980341179,1.1838732696573517,4.153869562517831,1.8679249715020185,0.9926692560061356,0.2389745852790812,0.18868992298486903,0.2455187344438286,0.285004921757764,0.5314288695481603,0.41960642948652505,0.5459816714233674,0.6337905899429068,0.999999999999961,0.7895815480315796,1.0273842892418683,1.1926160324743997,density1.0000_damping0.010_lm1450_bias_summary.pkl,0.1,0.01,0.23897458527908474,0.48266884007618616,0.495110861603071,2.019749671340594
2.15,0.01,1.0,1.0,1450,100,50,50,0.09214226020343884,0.09214226020343884,0.543234710946404,0.6502740046049725,0.3532514109275428,Peak absolute acceleration,mean,theory_times_residual,success,0.1,Peak absolute acceleration,1.0925081632619262,0.7792326611212844,1.0773708517713267,1.50675170809381,3.0927213012206933,1.6800735621064868,1.0925081632619116,0.353251410927559,0.2519569612734656,0.3483569151045358,0.48719285100118687,0.6502740046049725,0.46380865617829115,0.641264094662922,0.8968367469604337,1.0000000000000135,0.7132511109067802,0.9861444408384197,1.379167459577682,density1.0000_damping0.010_lm1450_bias_summary.pkl,0.1,0.01,0.3532514109275428,0.638533545420952,0.5532229488345319,1.8075895117993594
2.2,0.01,1.0,1.0,1450,100,50,50,0.10336835710219565,0.10336835710219565,0.7193138879997042,0.7113851164096464,0.5117091939497449,Peak absolute acceleration,mean,theory_times_residual,success,0.1,Peak absolute acceleration,1.0432379646701184,0.8727273251612131,1.0726420970375252,1.179298653108853,2.0387321099660554,1.4664883206094188,1.0432379646700816,0.5117091939497084,0.4280735663577418,0.5261319482800437,0.5784470884350216,0.7113851164096464,0.5951137236459815,0.7314358266363652,0.8041650496192017,1.000000000000035,0.8365563320322689,1.0281854508398212,1.1304215270595523,density1.0000_damping0.010_lm1450_bias_summary.pkl,0.1,0.01,0.5117091939497449,0.8445225405156471,0.6059153775070638,1.650395479504689
2.25,0.01,1.0,1.0,1450,100,50,50,0.10715186570233248,0.10715186570233248,1.3325088035264057,0.7730908099544541,1.0301503101896696,Peak absolute acceleration,mean,theory_times_residual,success,0.1,Peak absolute acceleration,1.045356328630823,0.8723545720693525,1.03263730278813,1.2268556478118118,1.014760970598811,1.352177926798029,1.0453563286307888,1.0301503101897558,0.8596650810826668,1.0176162985247355,1.209009494214035,0.7730908099544541,0.6451477684856881,0.7636844843588193,0.9073182038380248,1.0000000000000326,0.8345045112148175,0.9878328322177776,1.173624355839268,density1.0000_damping0.010_lm1450_bias_summary.pkl,0.1,0.01,1.0301503101896696,1.1113945233157005,0.9268988541678108,1.0788663676770358
2.3,0.01,1.0,1.0,1450,100,50,50,0.11537397286733825,0.11537397286733825,1.0905543559220048,0.8763633553622934,0.9557218745607728,Peak absolute acceleration,mean,theory_times_residual,success,0.1,Peak absolute acceleration,0.9615829008207166,0.7395082543804175,1.0199620692265268,1.170217991910447,1.0061325647303327,1.0972422511016482,0.961582900820772,0.9557218745607775,0.7350008143098152,1.013745211099395,1.1630852960455493,0.8763633553622934,0.6739699037636764,0.9295687148416579,1.0665083218728864,0.9999999999999422,0.7690530413438095,1.0607115292461258,1.2169704670409507,density1.0000_damping0.010_lm1450_bias_summary.pkl,0.1,0.01,0.9557218745607728,0.9963337703333882,0.959238663807329,1.0424934249739546
2.35,0.01,1.0,1.0,1450,100,50,50,0.10548123239392711,0.10548123239392711,0.7926418249352125,1.1229069010628205,0.8900629752907782,Peak absolute acceleration,mean,theory_times_residual,success,0.1,Peak absolute acceleration,0.9024169575441281,0.4649752083698769,0.9249428789251464,1.2272079612975193,1.0138798968121272,0.8036436116743062,0.9024169575440919,0.8900629752907969,0.4586097523304944,0.9122805194514465,1.210407628315883,1.1229069010628205,0.5785838419111556,1.1509366409298347,1.5270549575336778,1.0000000000000402,0.5152553977213558,1.024961766501328,1.3599123454387858,density1.0000_damping0.010_lm1450_bias_summary.pkl,0.1,0.01,0.8900629752907782,0.8959562311589437,0.9934223841933587,1.0066211673013814
2.4,0.01,1.0,1.0,1450,100,50,50,0.10205909111775242,0.10205909111775242,0.4881807076851343,1.6990889826713245,0.829462461980502,Peak absolute acceleration,mean,theory_times_residual,success,0.1,Peak absolute acceleration,0.8424719564952392,0.6531220788939356,0.8124407170462529,1.1676698454971186,1.0156842474627443,0.4958374547109925,0.8424719564951739,0.8294624619804803,0.6430365347552488,0.7998949664482745,1.149638628751057,1.6990889826713245,1.31721005077081,1.6385222804916948,2.3549448199263514,1.0000000000000775,0.7752448895878198,0.9643534253960735,1.3860044082117855,density1.0000_damping0.010_lm1450_bias_summary.pkl,0.1,0.01,0.829462461980502,0.8083881411771641,1.0260695570975522,0.9745927974208515
2.45,0.01,1.0,1.0,1450,100,50,50,0.09621785183992974,0.09621785183992974,0.2688044795084167,2.9085458276461087,0.7818301473267892,Peak absolute acceleration,mean,theory_times_residual,success,0.1,Peak absolute acceleration,0.7972003379186127,0.6299789313939029,0.7754180975415652,1.0063084138019054,1.019659245226536,0.2740889726890734,0.7972003379186137,0.7818301473268159,0.6178328047758166,0.7604678731366691,0.9869065754200419,2.9085458276461087,2.298446833570905,2.8290744057813653,3.671466253928654,0.9999999999999986,0.7902391675330895,0.9726765790968941,1.2623030447142631,density1.0000_damping0.010_lm1450_bias_summary.pkl,0.1,0.01,0.7818301473267892,0.73199485198746,1.0680814833656533,0.9362581559310232
2.5,0.01,1.0,1.0,1450,100,50,50,0.08404624870411918,0.08404624870411918,0.2747254893830714,1.8936092609777264,0.5202227309224221,Peak absolute acceleration,mean,theory_times_residual,success,0.1,Peak absolute acceleration,0.5350481897684901,0.3642797460669761,0.5519312985673996,0.6715978449194681,1.028498291145004,0.2825546963644595,0.535048189768558,0.5202227309224142,0.35418604892520694,0.5366380317005164,0.652988780537295,1.8936092609777264,1.2892362107374131,1.9533609091228081,2.376877303972299,0.9999999999998731,0.6808353958258415,1.0315543704692183,1.2552100124102399,density1.0000_damping0.010_lm1450_bias_summary.pkl,0.1,0.01,0.5202227309224221,0.665350318086099,0.7818779322429619,1.2789720220536056
2.55,0.01,1.0,1.0,1450,100,50,50,0.0989620139768726,0.0989620139768726,0.2286012110458011,2.687969522824156,0.6144730881718061,Peak absolute acceleration,mean,theory_times_residual,success,0.1,Peak absolute acceleration,0.623074624090388,0.4117729882403666,0.618197332379427,0.7924115532438933,1.0139982304907196,0.23180122348848112,0.6230746240903896,0.6144730881718148,0.4060884682620117,0.6096631274003835,0.7814723235369055,2.687969522824156,1.7764055859732286,2.666928686034943,3.4184959911709467,0.9999999999999977,0.6608726664827721,0.9921722189888846,1.2717763211761581,density1.0000_damping0.010_lm1450_bias_summary.pkl,0.1,0.01,0.6144730881718061,0.6072104922143131,1.0119605903564135,0.9881807745574328
2.6,0.01,1.0,1.0,1450,100,50,50,0.1138851346100707,0.1138851346100707,0.20058612699679854,2.8110955061986185,0.5638667602064857,Peak absolute acceleration,mean,theory_times_residual,success,0.1,Peak absolute acceleration,0.5631550532871851,0.3588768719949195,0.5698282892115341,0.7580795808530127,0.9987378101183675,0.20033294921691477,0.5631550532871772,0.5638667602065067,0.3593304152091593,0.5705484296664403,0.7590376304699703,2.8110955061986185,1.791402130292296,2.8444062319201437,3.78409834136763,1.000000000000014,0.6372612123430821,1.0118497310561356,1.346129412189497,density1.0000_damping0.010_lm1450_bias_summary.pkl,0.1,0.01,0.5638667602064857,0.5564902987015141,1.013255328120169,0.9869180770608461
2.65,0.01,1.0,1.0,1450,100,50,50,0.09303109405240179,0.09303109405240179,0.2082091933749899,2.121356724423523,0.4416859724528324,Peak absolute acceleration,mean,theory_times_residual,success,0.1,Peak absolute acceleration,0.4487584091591952,0.2660791220024241,0.39288846304636627,0.6612370715341951,1.016012364320865,0.21154311483427893,0.4487584091591939,0.4416859724528644,0.2618857125624449,0.386696537210928,0.6508159691306385,2.121356724423523,1.2578009083910304,1.8572500615496361,3.1257792155145423,1.0000000000000029,0.5929228657819633,0.8755010603199456,1.473481182833113,density1.0000_damping0.010_lm1450_bias_summary.pkl,0.1,0.01,0.4416859724528324,0.5122452421587365,0.8622549046848197,1.1597498542099138
2.7,0.01,1.0,1.0,1450,100,50,50,0.08205928794699398,0.08205928794699398,0.2115967987559742,1.6122845324291906,0.3411542457457894,Peak absolute acceleration,mean,theory_times_residual,success,0.1,Peak absolute acceleration,0.34948498715110515,0.23248761615391428,0.336940334450169,0.5132749401475277,1.024419281041379,0.21676384045224603,0.3494849871511079,0.3411542457457793,0.22694576376732947,0.3289086223637362,0.5010399058730671,1.6122845324291906,1.0725387392512649,1.5544120908136354,2.367899272667686,0.9999999999999921,0.6652291935315462,0.9641053173608432,1.468660912537572,density1.0000_damping0.010_lm1450_bias_summary.pkl,0.1,0.01,0.3411542457457894,0.47366695933608444,0.7202407493737072,1.388424635609069
2.75,0.01,1.0,1.0,1450,100,50,50,0.09090384537658697,0.09090384537658697,0.18410851491022942,1.8574792542818521,0.3419777469823922,Peak absolute acceleration,mean,theory_times_residual,success,0.1,Peak absolute acceleration,0.34680324688662406,0.23959573732017103,0.35217032814779436,0.4355373426695481,1.014110566979315,0.18670639044133328,0.34680324688662906,0.34197774698239386,0.23626194728829616,0.3472701494441461,0.42947717620857,1.8574792542818521,1.2832755041421926,1.8862253579823398,2.3327393435223756,0.9999999999999857,0.6908693602816687,1.0154758679722506,1.255862932597994,density1.0000_damping0.010_lm1450_bias_summary.pkl,0.1,0.01,0.3419777469823922,0.44013595665836874,0.7769820706737411,1.2870309853261608
2.8,0.01,1.0,1.0,1450,100,50,50,0.09640129315015651,0.09640129315015651,0.16383891596510297,1.897342151062647,0.3108584812450007,Peak absolute acceleration,mean,theory_times_residual,success,0.1,Peak absolute acceleration,0.3130121606560771,0.215102452673619,0.315587689319233,0.4520982324200153,1.0069281668058632,0.1649740193041977,0.31301216065610205,0.3108584812449945,0.21362244077048545,0.3134162889894395,0.4489875716300032,1.897342151062647,1.303856531960883,1.9129538738903902,2.740420790660289,0.9999999999999204,0.6872015841900347,1.0082282063985386,1.4443471827815768,density1.0000_damping0.010_lm1450_bias_summary.pkl,0.1,0.01,0.3108584812450007,0.4114530731468207,0.7555138156278902,1.3236025328919276
2.85,0.01,1.0,1.0,1450,100,50,50,0.10192744427994842,0.10192744427994842,0.14658275802314333,1.8592923539900632,0.27254020121920597,Peak absolute acceleration,mean,theory_times_residual,success,0.1,Peak absolute acceleration,0.2724841759642533,0.19221292584509386,0.2681951902870015,0.36364063738713953,0.9997944330608742,0.14655262545424827,0.2724841759642631,0.2725402012192067,0.19225244659207924,0.268250333687017,0.36371540524970963,1.8592923539900632,1.3115624865083029,1.830026514064249,2.4812973241524303,0.9999999999999641,0.7054094982392776,0.9842596889816306,1.33453855109308,density1.0000_damping0.010_lm1450_bias_summary.pkl,0.1,0.01,0.27254020121920597,0.38838153767012046,0.70173315357406,1.4250431163281578
2.9,0.01,1.0,1.0,1450,100,50,50,0.10472093301161389,0.10472093301161389,0.1354835655498772,2.0315849392798784,0.2752463712910687,Peak absolute acceleration,mean,theory_times_residual,success,0.1,Peak absolute acceleration,0.27388327847701377,0.15069099276756207,0.2794242969121719,0.39676587618529907,0.9950477355698367,0.13481261510734335,0.2738832784769971,0.2752463712910902,0.15144096848908004,0.28081496688412966,0.39874054480218685,2.0315849392798784,1.117781096728787,2.07268657083525,2.94309160807672,1.000000000000061,0.5502015077573211,1.0202313133754903,1.4486677623826625,density1.0000_damping0.010_lm1450_bias_summary.pkl,0.1,0.01,0.2752463712910687,0.373143321472545,0.7376424967352324,1.355670266322791
2.95,0.01,1.0,1.0,1450,100,50,50,0.09137528229387508,0.09137528229387508,0.1402044025065252,1.520287360553042,0.21315098102456148,Peak absolute acceleration,mean,theory_times_residual,success,0.1,Peak absolute acceleration,0.21418336160286336,0.13727558072805857,0.19691736946254773,0.30804979954401457,1.0048434240056203,0.14088347187530975,0.21418336160287468,0.21315098102454758,0.13661390167717388,0.195968212318665,0.30656497538296235,1.520287360553042,0.9743909551686489,1.3977322310514273,2.1865574111962327,0.9999999999999473,0.6409255121440587,0.9193868654823876,1.4382527066466588,density1.0000_damping0.010_lm1450_bias_summary.pkl,0.1,0.01,0.21315098102456148,0.3683863750239761,0.5786071241388271,1.7282884331718218
3.0,0.01,1.0,1.0,1450,100,50,50,0.0964147946261026,0.0964147946261026,0.22581131390111533,0.9174606874305157,0.20717300328130522,Peak absolute acceleration,mean,theory_times_residual,success,0.1,Peak absolute acceleration,0.20664166888906896,0.1326682784617581,0.17842446103366563,0.3468787346852522,0.9974353106640076,0.22523217803239015,0.206641668889073,0.20717300328128999,0.1330094062675993,0.17888324097417987,0.3477706583841812,0.9174606874305157,0.5890289727726176,0.7921801520207596,1.5400940385852342,0.9999999999999803,0.6420209397988145,0.8634486064349653,1.6786485346837752,density1.0000_damping0.010_lm1450_bias_summary.pkl,0.1,0.01,0.20717300328130522,0.373329208124801,0.5549338191938222,1.802016682732954
3.1,0.01,1.0,1.0,1450,100,50,50,0.11618047142960854,0.11618047142960854,0.15045108056491766,2.2286002586698177,0.3352953170641291,Peak absolute acceleration,mean,theory_times_residual,success,0.1,Peak absolute acceleration,0.21795958165207632,0.152262194037074,0.20097002127059127,0.29190263489785806,0.6500525672727618,0.09780111117018789,0.21795958165207704,0.335295317064136,0.23423058642145914,0.3091596455248892,0.44904466129948506,2.2286002586698177,1.5568554612034629,2.054884846051235,2.9846556077456605,0.9999999999999968,0.6985799517642955,0.9220517847726201,1.3392512166031512,density1.0000_damping0.010_lm1450_bias_summary.pkl,0.1,0.01,0.3352953170641291,0.37618646233617203,0.8913008591056039,1.1219556110418984
3.2,0.01,1.0,1.0,1450,100,50,50,0.09663042586609334,0.09663042586609334,0.12427051503152305,1.7662029543854736,0.2194869507916804,Peak absolute acceleration,mean,theory_times_residual,success,0.1,Peak absolute acceleration,0.16847724151770785,0.1298068507229519,0.15752036200239083,0.22085745283955324,0.7675957085831733,0.09538951404162226,0.1684772415177084,0.2194869507916906,0.16910835908990313,0.20521266630469004,0.2877262735707727,1.7662029543854736,1.3608083868244887,1.651338342426804,2.315322130094764,0.9999999999999969,0.7704711304245094,0.9349652248777715,1.3109037805342938,density1.0000_damping0.010_lm1450_bias_summary.pkl,0.1,0.01,0.2194869507916804,0.3243809840121999,0.6766332233070261,1.477905555852733
3.3,0.01,1.0,1.0,1450,100,50,50,0.09809341617950136,0.09809341617950136,0.07412294477621192,,0.18104284801879056,Peak absolute acceleration,mean,direct_code_bias,success,0.1,Peak absolute acceleration,0.157664747458282,0.10813908678847774,0.15909487118584636,0.19295830048303783,0.870869792337325,0.06455143352469131,0.15766474745827724,0.18104284801879056,0.12417365688875664,0.18268502660868752,0.22156963323432954,2.442467019697933,1.6752391214846358,2.464621813936814,2.9892178987664177,1.00000000000003,0.6858799353171485,1.0090706625965806,1.2238518983712596,density1.0000_damping0.010_lm1450_bias_summary.pkl,0.1,0.01,0.18104284801879056,0.27157491725105765,0.6666405345948455,1.5000587994664705
3.4,0.01,1.0,1.0,1450,100,50,50,0.10223171699900506,0.10223171699900506,0.0926982070998758,,0.16412806240322533,Peak absolute acceleration,mean,direct_code_bias,success,0.1,Peak absolute acceleration,0.15917532941816734,0.09776086539595177,0.16535976593114068,0.22729220803529604,0.9698239721316501,0.08990094341907874,0.15917532941815882,0.16412806240322533,0.10080269018415344,0.17050492737118453,0.23436439453616842,1.770563504280058,1.0874286929363302,1.839355179625936,2.528251644432245,1.0000000000000535,0.6141709632598327,1.0388529839114398,1.4279361560998685,density1.0000_damping0.010_lm1450_bias_summary.pkl,0.1,0.01,0.16412806240322533,0.2496451171706802,0.6574455141096198,1.5210385933720396
3.45,0.01,1.0,1.0,1450,100,50,50,0.09222922251000941,0.09222922251000941,0.10921148499446187,1.4489946670555958,0.15824685933819746,Peak absolute acceleration,mean,theory_times_residual,success,0.1,Peak absolute acceleration,0.15426191851889356,0.11324887009323947,0.155876605948921,0.19085932350759385,0.9748181996409332,0.10646134318241401,0.15426191851888982,0.15824685933819735,0.11617434936581388,0.15990325786524806,0.1957896596287343,1.4489946670555958,1.063755788795521,1.4641615565739896,1.7927570496698493,1.000000000000024,0.7341336810832663,1.0104671810485324,1.2372419929693965,density1.0000_damping0.010_lm1450_bias_summary.pkl,0.1,0.01,0.15824685933819746,0.24396997133217788,0.6486325283152978,1.5417049813973065
3.5,0.01,1.0,1.0,1450,100,50,50,0.10526777166072253,0.10526777166072253,0.09851902205191886,,0.1670936339185911,Peak absolute acceleration,mean,direct_code_bias,success,0.1,Peak absolute acceleration,0.16051416597376855,0.1267549612357407,0.1640517883368574,0.1851893891980871,0.9606240657377283,0.09463974351602293,0.1605141659737762,0.1670936339185911,0.13195064100168777,0.17077626325223377,0.19278029335634814,1.6960545328041048,1.3393417662240443,1.7334344139371287,1.9567824501419293,0.9999999999999525,0.7896808388640858,1.0220393156056962,1.15372614046004,density1.0000_damping0.010_lm1450_bias_summary.pkl,0.1,0.01,0.1670936339185911,0.23948108080706892,0.6977320853716932,1.43321486995576
3.55,0.01,1.0,1.0,1450,100,50,50,0.0986214479574416,0.0986214479574416,0.10792607179751541,1.557868035849246,0.16813457748812005,Peak absolute acceleration,mean,theory_times_residual,success,0.1,Peak absolute acceleration,0.16190773143696155,0.12438828724455292,0.16919714622197762,0.18270535685290643,0.9629651072124354,0.10392904129950918,0.1619077314369597,0.16813457748811642,0.12917216450825375,0.17570433752450781,0.18973206348233823,1.557868035849246,1.1968578338568814,1.628006417709317,1.7579817399294078,1.0000000000000113,0.7682665067355643,1.045022030265776,1.128453565690558,density1.0000_damping0.010_lm1450_bias_summary.pkl,0.1,0.01,0.16813457748812005,0.23566788275337705,0.7134386558056038,1.4016622058007593
3.6,0.01,1.0,1.0,1450,100,50,50,0.09461057095726005,0.09461057095726005,0.11847126283887087,1.3982866453004137,0.16565678467946832,Peak absolute acceleration,mean,theory_times_residual,success,0.1,Peak absolute acceleration,0.15953174924510985,0.12599328584782754,0.160755950676281,0.18566848177827966,0.9630257496171586,0.11409087670349263,0.15953174924510696,0.1656567846794648,0.13083065109932412,0.16692798789667662,0.19279700657234797,1.3982866453004137,1.1043239344655729,1.4090167007311623,1.6273736090292996,1.000000000000018,0.7897693496374165,1.0076737165922576,1.1638340496913615,density1.0000_damping0.010_lm1450_bias_summary.pkl,0.1,0.01,0.16565678467946832,0.23235854175401843,0.7129360660854913,1.4026503182686558
3.65,0.01,1.0,1.0,1450,100,50,50,0.11208019888324224,0.11208019888324224,0.10673371850452217,1.7628359764616608,0.18815403888130336,Peak absolute acceleration,mean,theory_times_residual,success,0.1,Peak absolute acceleration,0.17768484947760022,0.13681844320340147,0.17774407605232156,0.21958040648701077,0.9443584125754151,0.10079488497520156,0.1776848494776026,0.188154038881303,0.14487978439274543,0.18821675508516444,0.23251808165522686,1.7628359764616608,1.3573947054660833,1.7634235715041664,2.1784875942964157,0.9999999999999867,0.7700062419820864,1.0003333237183312,1.235785758507729,density1.0000_damping0.010_lm1450_bias_summary.pkl,0.1,0.01,0.18815403888130336,0.22947371502203073,0.8199372153069342,1.2196055762948241
3.7,0.01,1.0,1.0,1450,100,50,50,0.10706372672381181,0.10706372672381181,0.11409338822364277,1.5640683458415026,0.17844985699040533,Peak absolute acceleration,mean,theory_times_residual,success,0.1,Peak absolute acceleration,0.16863871903120217,0.1551296659726579,0.1703253973112442,0.18209128083730672,0.9450201971317679,0.10782055623053409,0.16863871903121097,0.17844985699039848,0.1641548682700033,0.18023466358517948,0.192685067885292,1.5640683458415026,1.438776346515695,1.5797117290608926,1.6888364074840456,0.9999999999999479,0.9198935266102628,1.0100017261143988,1.0797714895095119,density1.0000_damping0.010_lm1450_bias_summary.pkl,0.1,0.01,0.17844985699040533,0.226957243905186,0.7862708143607239,1.2718264263859218
3.75,0.01,1.0,1.0,1450,100,50,50,0.1144198406645316,0.1144198406645316,0.11363658581123873,1.6722134827482893,0.19002463092703634,Peak absolute acceleration,mean,theory_times_residual,success,0.1,Peak absolute acceleration,0.1776242108322873,0.1439461034728861,0.17611570016705136,0.20440611413648238,0.9347430907548205,0.10622101344402585,0.17762421083228763,0.19002463092704203,0.15399536503302447,0.1884108071072609,0.21867625036032207,1.6722134827482893,1.3551565627712623,1.6580118609003591,1.9243472408046276,0.9999999999999981,0.8103968642472938,0.9915072913868674,1.150778450632961,density1.0000_damping0.010_lm1450_bias_summary.pkl,0.1,0.01,0.19002463092703634,0.2247619226491524,0.8454485025190835,1.1828041530861024
3.8,0.01,1.0,1.0,1450,100,50,50,0.08950004657038535,0.08950004657038535,0.1464056736864632,1.2554106534376601,0.1837992424697036,Peak absolute acceleration,mean,theory_times_residual,success,0.1,Peak absolute acceleration,0.1751008520100926,0.1471201110263868,0.17436457506679304,0.19726820181701632,0.952674503209422,0.13947695244629174,0.17510085201008702,0.18379924246970317,0.15442851732754526,0.18302638989432812,0.2070677877411943,1.2554106534376601,1.0547987208355318,1.250131810371577,1.41434264483932,1.0000000000000318,0.8402021425795899,0.9957951264380395,1.126597612475651,density1.0000_damping0.010_lm1450_bias_summary.pkl,0.1,0.01,0.1837992424697036,0.22284675321388123,0.8247786419096031,1.2124465270884561
3.85,0.01,1.0,1.0,1450,100,50,50,0.10945264028504105,0.10945264028504105,0.12578283416463315,1.5338186303038492,0.19292805441413383,Peak absolute acceleration,mean,theory_times_residual,success,0.1,Peak absolute acceleration,0.17922269529498594,0.15871595718219966,0.18004158690928745,0.1990915811467675,0.9289612951275278,0.1168473845303874,0.17922269529499177,0.19292805441413174,0.17085314319840542,0.19380956758222243,0.21431633609604395,1.5338186303038492,1.358318440931161,1.5408268454863512,1.7038599703957569,0.9999999999999676,0.8855795685973865,1.0045691289986898,1.11086143872054,density1.0000_damping0.010_lm1450_bias_summary.pkl,0.1,0.01,0.19292805441413383,0.2211759837709719,0.8722830170110373,1.1464169088452105
3.9,0.01,1.0,1.0,1450,100,50,50,0.11264193180627924,0.11264193180627924,0.12794635866257986,1.564415125370305,0.20016121872779388,Peak absolute acceleration,mean,theory_times_residual,success,0.1,Peak absolute acceleration,0.18515673355468876,0.15052262459732496,0.186344534114251,0.211501575077926,0.9250380005254223,0.11835524379174052,0.18515673355468654,0.20016121872779236,0.16272047690130353,0.20144527468969614,0.228640958487968,1.564415125370305,1.2717866971926197,1.5744510183439386,1.7870063742176647,1.000000000000012,0.8129470730421354,1.0064151086312703,1.142284004569882,density1.0000_damping0.010_lm1450_bias_summary.pkl,0.1,0.01,0.20016121872779388,0.2197184257358352,0.9109896817140302,1.0977072738282925
4.0,0.01,1.0,1.0,1450,100,50,50,0.10166046816298331,0.10166046816298331,0.1455401782773715,1.3081636233235499,0.19039036695448172,Peak absolute acceleration,mean,theory_times_residual,success,0.1,Peak absolute acceleration,0.17630528739749604,0.1445842501088182,0.17705649876214993,0.20307364195569394,0.926019998898594,0.1347731157281158,0.17630528739749785,0.19039036695448605,0.1561351269743487,0.1912015928087304,0.21929725297210562,1.3081636233235499,1.0727974145859691,1.313737519575747,1.5067815332351895,0.9999999999999898,0.8200789224366176,1.00426085556333,1.1518295619679526,density1.0000_damping0.010_lm1450_bias_summary.pkl,0.1,0.01,0.19039036695448172,0.2173375820959405,0.8760121701843298,1.1415366521558377
4.1,0.01,1.0,1.0,1450,100,50,50,0.08749969352948338,0.08749969352948338,0.17660472549689732,1.082834473303203,0.19123368491628953,Peak absolute acceleration,mean,theory_times_residual,success,0.1,Peak absolute acceleration,0.17785208492291885,0.14407204619731287,0.18005478136394304,0.21409557847591343,0.9300248802964179,0.16424678869003714,0.17785208492291424,0.19123368491629358,0.1549120343440642,0.1936021123505383,0.23020414078349902,1.082834473303203,0.8771681160184045,1.0962453683264297,1.303499326735391,1.000000000000026,0.8100666700632578,1.0123849908309115,1.2037844738716899,density1.0000_damping0.010_lm1450_bias_summary.pkl,0.1,0.01,0.19123368491628953,0.2155256182012931,0.8872898104284253,1.127027481040472
4.2,0.01,1.0,1.0,1450,100,50,50,0.08170476455441099,0.08170476455441099,0.16257003445434826,1.1336310335175066,0.18429443617745947,Peak absolute acceleration,mean,theory_times_residual,success,0.1,Peak absolute acceleration,0.17072104861021017,0.14733804520665655,0.17396575688599092,0.19164952448313055,0.9263494446778722,0.15059666113804715,0.17072104861020668,0.18429443617745841,0.15905233824357906,0.1877971189873014,0.2068868563415338,1.1336310335175066,0.978361964290805,1.1551767188684354,1.272601417819294,1.0000000000000204,0.8630338578991592,1.019005906431565,1.1225887261312937,density1.0000_damping0.010_lm1450_bias_summary.pkl,0.1,0.01,0.18429443617745947,0.21414660569476313,0.8605993804083447,1.161980850515523
4.25,0.01,1.0,1.0,1450,100,50,50,0.11290541483697653,0.11290541483697653,0.09955638748752611,,0.23627902587672886,Peak absolute acceleration,mean,direct_code_bias,success,0.1,Peak absolute acceleration,0.1852557359012473,0.1588737299994976,0.18337603777365669,0.21709850441414152,0.7840549334154553,0.07805767676261534,0.18525573590124506,0.23627902587672886,0.20263086580862508,0.2338816197161651,0.2768919563689618,2.373318597024566,2.0353376706644184,2.3492377095891497,2.7812575702754954,1.0000000000000122,0.8575914220771496,0.9898534956640133,1.1718854660989875,density1.0000_damping0.010_lm1450_bias_summary.pkl,0.1,0.01,0.23627902587672886,0.21358608560313375,1.1062472782789978,0.9039570262769137
4.3,0.01,1.0,1.0,1450,100,50,50,0.0917345209701075,0.0917345209701075,0.1316891233341444,1.9762352581937055,0.2602486886535556,Peak absolute acceleration,mean,theory_times_residual,success,0.1,Peak absolute acceleration,0.17739228029772836,0.14566438216833605,0.18283691223750623,0.19945830779175733,0.6816260293778891,0.08976273425050939,0.17739228029772486,0.2602486886535596,0.21370131991772962,0.26823639995728893,0.29262131901535543,1.9762352581937055,1.622771224435038,2.0368910747220097,2.2220614095278126,1.0000000000000198,0.8211427347563346,1.030692609231041,1.1243911372975088,density1.0000_damping0.010_lm1450_bias_summary.pkl,0.1,0.01,0.2602486886535556,0.21309709499602145,1.2212681203299354,0.8188210134641539
4.35,0.01,1.0,1.0,1450,100,50,50,0.09424340640730762,0.09424340640730762,0.11655465135704288,2.4333044157323758,0.28361294782123997,Peak absolute acceleration,mean,theory_times_residual,success,0.1,Peak absolute acceleration,0.15995296990267174,0.12218090551490066,0.16163837540700762,0.1945826224602929,0.5639833129321264,0.06573487840999506,0.1599529699026723,0.2836129478212444,0.2166392209012126,0.2866013438707189,0.34501485770681,2.4333044157323758,1.8586921961404725,2.458943856241017,2.960112305170194,0.9999999999999968,0.7638551856164029,1.0105368815931386,1.2164989657815792,density1.0000_damping0.010_lm1450_bias_summary.pkl,0.1,0.01,0.28361294782123997,0.21267050580249414,1.3335791286669003,0.7498617656078926
4.4,0.01,1.0,1.0,1450,100,50,50,0.08688594162372909,0.08688594162372909,0.1220708817526861,2.899236982873692,0.35391241490938885,Peak absolute acceleration,mean,theory_times_residual,success,0.1,Peak absolute acceleration,0.15994225049905728,0.12952375568894967,0.16134438957866304,0.19267602708881937,0.4519260804682583,0.055167015129796076,0.15994225049905478,0.3539124149093915,0.28660385245911246,0.3570149999121268,0.4263441200144506,2.899236982873692,2.3478478105840646,2.9246532406920065,3.4925947440784,1.0000000000000158,0.80981576340715,1.0087665333908538,1.204659972506502,density1.0000_damping0.010_lm1450_bias_summary.pkl,0.1,0.01,0.35391241490938885,0.21229835480943324,1.6670520844453984,0.5998612816783705
1.5,0.01,1.0,1.0,2900,100,50,50,0.04345756180725774,0.04345756180725774,0.7118891652789368,0.15296859885854305,0.10889668815529673,Peak absolute acceleration,mean,theory_times_residual,success,0.1,Peak absolute acceleration,0.13729799371679202,0.10226096139951249,0.12971960715167435,0.17519486833929684,1.2608096356518517,0.8975567190999616,0.13729799371679144,0.10889668815531184,0.0811073761715364,0.10288595794606849,0.13895425874400086,0.15296859885854305,0.11393258968865633,0.14452524769883357,0.1951908604895478,1.0000000000000042,0.7448103109973271,0.9448033699549225,1.27601914344558,density1.0000_damping0.010_lm2900_bias_summary.pkl,0.05,0.01,0.10889668815529673,0.13502087672547744,0.8065174126865167,1.2398988345074848
1.6,0.01,1.0,1.0,2900,100,50,50,0.05226583002490263,0.05226583002490263,0.6606311275345168,0.17242987838054544,0.11391254497517933,Peak absolute acceleration,mean,theory_times_residual,success,0.1,Peak absolute acceleration,0.1909662148219297,0.14722460662894563,0.19238180829129287,0.22809861675590787,1.676428306149614,1.1075007221223885,0.1909662148219423,0.1139125449751782,0.08782040131921184,0.11475695535895086,0.1360622556414596,0.17242987838054544,0.1329340953808209,0.1737080657813178,0.2059579846763305,0.9999999999999342,0.7709458281205316,1.0074127953505831,1.1944448758571666,density1.0000_damping0.010_lm2900_bias_summary.pkl,0.05,0.01,0.11391254497517933,0.13510798147502553,0.843122247342792,1.186067623232055
1.7,0.01,1.0,1.0,2900,100,50,50,0.039141455673492094,0.039141455673492094,0.7230830531972005,0.17250726244596748,0.12473707802812092,Peak absolute acceleration,mean,theory_times_residual,success,0.1,Peak absolute acceleration,0.2826732797704498,0.23593930346162748,0.2660262782234863,0.37680816280577634,2.2661528090846352,1.638616692204413,0.2826732797704373,0.12473707802812722,0.10411447212023191,0.11739114730349628,0.16627659057024496,0.17250726244596748,0.14398687904504434,0.16234808267795933,0.22995503744006202,1.000000000000044,0.8346714045743442,0.9411086836347946,1.3330165593005012,density1.0000_damping0.010_lm2900_bias_summary.pkl,0.05,0.01,0.12473707802812092,0.13717433593562506,0.9093324722684616,1.0997077862021127
1.75,0.01,1.0,1.0,2900,100,50,50,0.0579434802118227,0.0579434802118227,0.6730660478089507,0.2577915890395464,0.17351076599323673,Peak absolute acceleration,mean,theory_times_residual,success,0.1,Peak absolute acceleration,0.3714802072054169,0.2541532479979107,0.38685913516733483,0.48209049458510755,2.1409634444233823,1.4410098040414736,0.371480207205461,0.17351076599323548,0.118709755955857,0.18069394700549227,0.2251745567355762,0.2577915890395464,0.17637163000911543,0.26846391612489034,0.3345504612342197,0.9999999999998813,0.6841636325925214,1.041399050780027,1.2977555337651394,density1.0000_damping0.010_lm2900_bias_summary.pkl,0.05,0.01,0.17351076599323673,0.1410688938101455,1.2299718336682488,0.8130267479520218
1.8,0.01,1.0,1.0,2900,100,50,50,0.04660318125623177,0.04660318125623177,0.7187049545468361,0.26054826366800765,0.18725732799677253,Peak absolute acceleration,mean,theory_times_residual,success,0.1,Peak absolute acceleration,0.4239142551563682,0.29564518671427636,0.43905431902699976,0.509642675000092,2.2638059599125557,1.6270085595217114,0.42391425515638737,0.18725732799676117,0.13059652282464007,0.1939452085566376,0.22512648346405892,0.26054826366800765,0.1817108981904721,0.26985372415991943,0.31323908655398264,0.9999999999999548,0.6974174213726525,1.035714920379422,1.2022305662074948,density1.0000_damping0.010_lm2900_bias_summary.pkl,0.05,0.01,0.18725732799677253,0.14908280491797507,1.256062549264434,0.7961386959475604
1.85,0.01,1.0,1.0,2900,100,50,50,0.0480576378052053,0.0480576378052053,0.6887949309705903,0.31493835010905824,0.21692793912336036,Peak absolute acceleration,mean,theory_times_residual,success,0.1,Peak absolute acceleration,0.49080000224545167,0.37958093105776447,0.49605159429158535,0.6017764062593485,2.2625024892083587,1.5584002458750903,0.4908000022454367,0.21692793912336458,0.16777039268167987,0.21924908222538664,0.26597822947364264,0.31493835010905824,0.24357088755759143,0.31830821100328877,0.38615009709616177,1.0000000000000304,0.7733922765304831,1.0107000652447482,1.2261132915774018,density1.0000_damping0.010_lm2900_bias_summary.pkl,0.05,0.01,0.21692793912336036,0.1637193375262104,1.324998881629595,0.7547176181538707
1.9,0.01,1.0,1.0,2900,100,50,50,0.046152593498805385,0.046152593498805385,0.677393397916054,0.36311874942549643,0.2459742435203652,Peak absolute acceleration,mean,theory_times_residual,success,0.1,Peak absolute acceleration,0.5561607052073032,0.45877757739128955,0.5169354582732755,0.700082458756478,2.261052609605046,1.5316221100871976,0.5561607052072938,0.24597424352034505,0.2029044240025125,0.22862601961463086,0.3096267887719633,0.36311874942549643,0.2995370557592503,0.33750848519929344,0.45708563107424793,1.000000000000017,0.8249010998004483,0.9294713801842616,1.2587772782248996,density1.0000_damping0.010_lm2900_bias_summary.pkl,0.05,0.01,0.2459742435203652,0.18826006969519155,1.3065661981248697,0.7653649707417628
1.95,0.01,1.0,1.0,2900,100,50,50,0.04370131307558012,0.04370131307558012,0.6700704183891466,0.40061229912174334,0.26843845088434454,Peak absolute acceleration,mean,theory_times_residual,success,0.1,Peak absolute acceleration,0.6065298713453195,0.43833817698594113,0.6018025713116495,0.8142196946923197,2.2594746369126626,1.5140071152957768,0.6065298713453576,0.26843845088435225,0.19400004311837937,0.26634623884689856,0.360357970561186,0.40061229912174334,0.2895218738125331,0.3974899227564602,0.5377911942859354,0.999999999999937,0.7226984155185189,0.9922059897508059,1.3424230745408805,density1.0000_damping0.010_lm2900_bias_summary.pkl,0.05,0.01,0.26843845088434454,0.22684422009746757,1.1833603288150274,0.8450511443131609
2.0,0.01,1.0,1.0,2900,100,50,50,0.048455482858106524,0.048455482858106524,0.6156865944249679,0.5240506713358585,0.3226509731408928,Peak absolute acceleration,mean,theory_times_residual,success,0.1,Peak absolute acceleration,0.7272650599704557,0.5794508730011527,0.6841550803269835,0.9709825950539502,2.2540302695845504,1.3877762204112496,0.7272650599704333,0.32265097314088015,0.25707324378920327,0.3035252407915014,0.43077620037148656,0.5240506713358585,0.417539128051524,0.49298659990314786,0.6996679873691826,1.0000000000000304,0.7967533501811707,0.9407231530616877,1.335115143704862,density1.0000_damping0.010_lm2900_bias_summary.pkl,0.05,0.01,0.3226509731408928,0.2845438150460503,1.1339236914662338,0.8818935590868274
2.05,0.01,1.0,1.0,2900,100,50,50,0.043784880642590056,0.043784880642590056,0.6238194673194025,0.4684151395942376,0.29220648286602086,Peak absolute acceleration,mean,theory_times_residual,success,0.1,Peak absolute acceleration,0.6591942322893115,0.44706444077475016,0.6745262059559657,0.8501137975480787,2.2559192589562,1.4072863504376378,0.6591942322893455,0.29220648286602086,0.19817395458630205,0.2990028137212964,0.3768369786166111,0.4684151395942376,0.31767837486359624,0.47930984745656174,0.6040801840248862,0.9999999999999482,0.6781983501617115,1.023258658701204,1.2896256610068932,density1.0000_damping0.010_lm2900_bias_summary.pkl,0.05,0.01,0.29220648286602086,0.36743540302041444,0.7952594672804867,1.2574512359087073
2.1,0.01,1.0,1.0,2900,100,50,50,0.0414780548786148,0.0414780548786148,0.6170842771129166,0.5076925211519837,0.31328907241070597,Peak absolute acceleration,mean,theory_times_residual,success,0.1,Peak absolute acceleration,0.7061320149179395,0.5250870779047029,0.7193408986915463,0.870794780118401,2.2539311999756535,1.3908655051992598,0.7061320149179381,0.3132890724107138,0.23296499818200964,0.3191494481727377,0.38634488050380916,0.5076925211519837,0.37752541560765596,0.5171894018526912,0.6260812255845314,1.0000000000000022,0.743610354454365,1.0187059692728182,1.233189774322297,density1.0000_damping0.010_lm2900_bias_summary.pkl,0.05,0.01,0.31328907241070597,0.48266884007618616,0.6490766471712904,1.5406500978860571
2.15,0.01,1.0,1.0,2900,100,50,50,0.04746594054185047,0.04746594054185047,0.7072836503317573,0.5828720266423585,0.41225585467987663,Peak absolute acceleration,mean,theory_times_residual,success,0.1,Peak absolute acceleration,0.6962365753171657,0.562505576109159,0.6987063639328823,0.8183546484398145,1.6888458160472968,1.1944930336215391,0.696236575317127,0.4122558546799082,0.3330710066983437,0.413718266815018,0.48456445263615244,0.5828720266423585,0.47091574440055056,0.584939672535804,0.6851062546247553,1.0000000000000553,0.8079230480716195,1.0035473410954177,1.1753973828034878,density1.0000_damping0.010_lm2900_bias_summary.pkl,0.05,0.01,0.41225585467987663,0.638533545420952,0.645629125730772,1.5488768398857153
2.2,0.01,1.0,1.0,2900,100,50,50,0.036486540692618676,0.036486540692618676,0.9301109321823077,0.588257563276862,0.5471447905427349,Peak absolute acceleration,mean,theory_times_residual,success,0.1,Peak absolute acceleration,0.6153935795786075,0.4346955098549932,0.5752831891069515,0.8244841348852534,1.1247362493722803,1.046129481362867,0.6153935795786245,0.5471447905427258,0.3864866186162298,0.5114827493361394,0.73304664568729,0.588257563276862,0.41552744435486566,0.5499158558819023,0.7881281902228198,0.9999999999999725,0.7063699139543187,0.9348215649257544,1.3397672030471923,density1.0000_damping0.010_lm2900_bias_summary.pkl,0.05,0.01,0.5471447905427349,0.8445225405156471,0.6478747035083813,1.5435083274354697
2.25,0.01,1.0,1.0,2900,100,50,50,0.04773685644919857,0.04773685644919857,1.2843270638304507,0.8814141510280514,1.1320240486084667,Peak absolute acceleration,mean,theory_times_residual,success,0.1,Peak absolute acceleration,0.6359113972813921,0.4839559162891002,0.6079286556209645,0.9119690718673454,0.5617472509202115,0.7214671973892032,0.6359113972813671,1.132024048608499,0.8615189758317829,1.0822102905267488,1.623450885382042,0.8814141510280514,0.6707940680330405,0.8426282689232383,1.2640478668573119,1.0000000000000393,0.7610429980624607,0.9559958481951516,1.4341134248673215,density1.0000_damping0.010_lm2900_bias_summary.pkl,0.05,0.01,1.1320240486084667,1.1113945233157005,1.0185618381771984,0.9817764248753152
2.3,0.01,1.0,1.0,2900,100,50,50,0.04972824442981078,0.04972824442981078,0.839090161699443,1.198171727952064,1.0053741089509984,Peak absolute acceleration,mean,theory_times_residual,success,0.1,Peak absolute acceleration,0.5641224883324755,0.4295703235720793,0.5804544348840909,0.6879117447457036,0.5611070379772193,0.4708193952269959,0.5641224883324917,1.0053741089509887,0.7655764310507894,1.0344807596365546,1.22599022679454,1.198171727952064,0.9123887586767125,1.2328600749428276,1.4610947461372976,0.9999999999999712,0.7614841323590209,1.028951064510609,1.2194368403555842,density1.0000_damping0.010_lm2900_bias_summary.pkl,0.05,0.01,1.0053741089509984,0.9963337703333882,1.0090736045357134,0.9910079854482797
2.35,0.01,1.0,1.0,2900,100,50,50,0.04192130098899435,0.04192130098899435,0.5097287606340807,1.5616780931318939,0.7960322389215146,Peak absolute acceleration,mean,theory_times_residual,success,0.1,Peak absolute acceleration,0.44610649583306056,0.3227980032886815,0.43796792901092285,0.577278433233547,0.5604125989136324,0.2856584194879808,0.44610649583304857,0.7960322389215451,0.5760006179633184,0.781509783791317,1.0300953874923748,1.5616780931318939,1.1300139651660552,1.5331875384451972,2.0208696605836822,1.0000000000000269,0.7235895605731907,0.9817564485203741,1.2940372727717202,density1.0000_damping0.010_lm2900_bias_summary.pkl,0.05,0.01,0.7960322389215146,0.8959562311589437,0.8884722391983889,1.1255275695527216
2.4,0.01,1.0,1.0,2900,100,50,50,0.04828876099355184,0.04828876099355184,0.4210418201370814,1.9287452520860005,0.8120824115190436,Peak absolute acceleration,mean,theory_times_residual,success,0.1,Peak absolute acceleration,0.4544998112223891,0.32633690516701575,0.4662356228420198,0.5616029391040426,0.5596720293106114,0.2356453299007906,0.4544998112223381,0.8120824115191704,0.5830859647729556,0.8330514987792332,1.003450073779477,1.9287452520860005,1.3848647257486806,1.9785481131253924,2.383255120483329,1.0000000000001121,0.7180132908952387,1.025821378425041,1.2356505442624055,density1.0000_damping0.010_lm2900_bias_summary.pkl,0.05,0.01,0.8120824115190436,0.8083881411771641,1.0045699214941366,0.9954508676835283
2.45,0.01,1.0,1.0,2900,100,50,50,0.05094710618285824,0.05094710618285824,0.37556513892538596,1.98545541925587,0.7456678403629913,Peak absolute acceleration,mean,theory_times_residual,success,0.1,Peak absolute acceleration,0.39653953246089263,0.2933583939665618,0.4061464642468948,0.4886173103597222,0.5317911152878187,0.19972220409235478,0.3965395324608975,0.7456678403629883,0.5516421495830913,0.7637330759598684,0.9188143545709113,1.98545541925587,1.4688321476309574,2.0335568901447036,2.446484668944359,0.9999999999999879,0.7397960857672865,1.0242269206461643,1.232203274481604,density1.0000_damping0.010_lm2900_bias_summary.pkl,0.05,0.01,0.7456678403629913,0.73199485198746,1.0186790772344894,0.9816634329182343
2.5,0.01,1.0,1.0,2900,100,50,50,0.051361265649171935,0.051361265649171935,0.3498818865730988,1.869398260591349,0.6540685901721707,Peak absolute acceleration,mean,theory_times_residual,success,0.1,Peak absolute acceleration,0.3468108779041532,0.22226781086428593,0.33883682879657273,0.5072561340106603,0.530236252153475,0.1855200602328827,0.3468108779042008,0.6540685901720843,0.41918637203997,0.6390299181175141,0.9566606054386427,1.869398260591349,1.1980796609556612,1.826416121098883,2.7342387307006226,0.9999999999998628,0.6408905401337577,0.9770075000074515,1.4626304027025907,density1.0000_damping0.010_lm2900_bias_summary.pkl,0.05,0.01,0.6540685901721707,0.665350318086099,0.9830439279769636,1.0172485395009698
2.55,0.01,1.0,1.0,2900,100,50,50,0.04528144223744298,0.04528144223744298,0.38097512818873785,1.2464117074645196,0.47485186002723895,Peak absolute acceleration,mean,theory_times_residual,success,0.1,Peak absolute acceleration,0.2645745256091209,0.19125402056230667,0.2689124822215414,0.32836372419795945,0.5571727687745395,0.21226896700715747,0.2645745256091115,0.4748518600272464,0.34325801848312837,0.4826375180054018,0.5893391468505744,1.2464117074645196,0.9009984985504631,1.2668478393851794,1.5469228914035626,1.0000000000000357,0.7228739052710985,1.0163959723727858,1.2411010600585621,density1.0000_damping0.010_lm2900_bias_summary.pkl,0.05,0.01,0.47485186002723895,0.6072104922143131,0.782021829523424,1.2787366825929285
2.6,0.01,1.0,1.0,2900,100,50,50,0.05366704967312159,0.05366704967312159,0.2934482254476995,1.5333707593470962,0.44996492828379686,Peak absolute acceleration,mean,theory_times_residual,success,0.1,Peak absolute acceleration,0.2375402284949867,0.16518827115231216,0.23485316503825993,0.3035750204312521,0.5279083181015648,0.1549137591459814,0.23754022849497852,0.44996492828378987,0.3129109079893896,0.44487490911836003,0.575052542310665,1.5333707593470962,1.066324076460172,1.5160252151453406,1.9596388474775908,1.0000000000000344,0.6954117717193496,0.9886879646713171,1.277994141685645,density1.0000_damping0.010_lm2900_bias_summary.pkl,0.05,0.01,0.44996492828379686,0.5564902987015141,0.8085764106467578,1.2367414963295333
2.65,0.01,1.0,1.0,2900,100,50,50,0.05607874677848703,0.05607874677848703,0.2705702586017274,1.537346496847354,0.4159602392124483,Peak absolute acceleration,mean,theory_times_residual,success,0.1,Peak absolute acceleration,0.2187041534044363,0.1360951552046119,0.22442364652895452,0.27920105293975567,0.5257813915544219,0.1422608070808593,0.2187041534044246,0.4159602392124578,0.25884361331666705,0.4268383212754405,0.5310211761476089,1.537346496847354,0.9566595185085452,1.577550775466885,1.9625999505335379,1.0000000000000537,0.6222797010761232,1.0261517352802787,1.2766152292657242,density1.0000_damping0.010_lm2900_bias_summary.pkl,0.05,0.01,0.4159602392124483,0.5122452421587365,0.812033387483512,1.231476458251365
2.7,0.01,1.0,1.0,2900,100,50,50,0.048974314811231705,0.048974314811231705,0.29235055123253656,1.0799714792733976,0.31573025728099574,Peak absolute acceleration,mean,theory_times_residual,success,0.1,Peak absolute acceleration,0.17499071632486088,0.1076483179831864,0.16787060417777214,0.2545741808521222,0.5542411989013989,0.16203272001460098,0.17499071632485977,0.3157302572809862,0.19422648153288466,0.30288366240279585,0.45932020455486144,1.0799714792733976,0.6643616053195063,1.0360290450141496,1.571128231564478,1.0000000000000067,0.6151658799049873,0.959311486365542,1.454786780685671,density1.0000_damping0.010_lm2900_bias_summary.pkl,0.05,0.01,0.31573025728099574,0.47366695933608444,0.6665659300440574,1.5002266916551084
2.75,0.01,1.0,1.0,2900,100,50,50,0.04860033700329647,0.04860033700329647,0.2789398654810209,0.9206652956343758,0.25681025371729715,Peak absolute acceleration,mean,theory_times_residual,success,0.1,Peak absolute acceleration,0.14205422167161355,0.0938859130882966,0.12423694537136556,0.21340710038822025,0.5531485585773971,0.15429518452059432,0.1420542216716173,0.2568102537172881,0.1697300148982671,0.2245996006766819,0.38580431437273666,0.9206652956343758,0.6084824576995487,0.805190037248267,1.3831092723424305,0.9999999999999734,0.6609160360283413,0.8745741162030409,1.502293264339214,density1.0000_damping0.010_lm2900_bias_summary.pkl,0.05,0.01,0.25681025371729715,0.44013595665836874,0.5834793768431538,1.7138566326205997
2.8,0.01,1.0,1.0,2900,100,50,50,0.048396055136730794,0.048396055136730794,0.26534822685935366,0.9344554501778871,0.24795609678376143,Peak absolute acceleration,mean,theory_times_residual,success,0.1,Peak absolute acceleration,0.13687143616315212,0.08232318281667593,0.14472325021517868,0.18892856424849347,0.5519986720975945,0.1464718688698286,0.13687143616315448,0.24795609678378536,0.14913655952078275,0.2621804318210232,0.3422627151086525,0.9344554501778871,0.5620409123736761,0.988061744086819,1.2898624541781238,0.9999999999999828,0.6014635713951628,1.0573663451785853,1.380335952808192,density1.0000_damping0.010_lm2900_bias_summary.pkl,0.05,0.01,0.24795609678376143,0.4114530731468207,0.6026351799668728,1.6593787306857084
2.85,0.01,1.0,1.0,2900,100,50,50,0.05040870280327132,0.05040870280327132,0.2345823401108562,1.0480272490147342,0.24584868457381936,Peak absolute acceleration,mean,theory_times_residual,success,0.1,Peak absolute acceleration,0.12892682740611924,0.0864458383593767,0.13064339540264003,0.17177507472844147,0.5244153639854294,0.12301858327378916,0.12892682740612357,0.24584868457382072,0.1648423068737142,0.24912198302082902,0.32755538171687537,1.0480272490147342,0.7027055267494305,1.0619809782062042,1.3963343598758593,0.9999999999999664,0.6705031070614155,1.0133142809068683,1.3323454721129884,density1.0000_damping0.010_lm2900_bias_summary.pkl,0.05,0.01,0.24584868457381936,0.38838153767012046,0.6330081652404074,1.5797584532265565
2.9,0.01,1.0,1.0,2900,100,50,50,0.05697012191859788,0.05697012191859788,0.1953527557493699,1.1197995985618565,0.2187559374660968,Peak absolute acceleration,mean,theory_times_residual,success,0.1,Peak absolute acceleration,0.11375320504212467,0.056458949698873044,0.11264789498822521,0.1555134728538496,0.520000537401427,0.1015835379725233,0.11375320504212229,0.21875593746609948,0.10857479105889498,0.216630343405326,0.2990640618007615,1.1197995985618565,0.5557883769921881,1.108918799606041,1.5308924650361504,1.0000000000000213,0.49632843028876905,0.9902832623178591,1.3671128896655145,density1.0000_damping0.010_lm2900_bias_summary.pkl,0.05,0.01,0.2187559374660968,0.373143321472545,0.5862517828345939,1.7057517423058535
2.95,0.01,1.0,1.0,2900,100,50,50,0.04919413556469682,0.04919413556469682,0.22102703031828952,0.8608248298785552,0.19026555577230383,Peak absolute acceleration,mean,theory_times_residual,success,0.1,Peak absolute acceleration,0.10432843354183974,0.058531210188452296,0.09418676069309087,0.16262938774910893,0.5483306377676154,0.12119589249831277,0.10432843354183804,0.19026555577230855,0.10674437311536483,0.1717700128458034,0.2965900071008469,0.8608248298785552,0.4829471443454005,0.7771448252208886,1.3418721080120186,1.0000000000000162,0.561028362080985,0.9027909026863694,1.5588213320953477,density1.0000_damping0.010_lm2900_bias_summary.pkl,0.05,0.01,0.19026555577230383,0.3683863750239761,0.5164836939474856,1.9361695474972593
3.0,0.01,1.0,1.0,2900,100,50,50,0.056869738275146374,0.056869738275146374,0.3153041661035366,0.6408169185266707,0.20205224412108985,Peak absolute acceleration,mean,theory_times_residual,success,0.1,Peak absolute acceleration,0.10453743646820503,0.07539060362341808,0.10608066157388035,0.1291287795188627,0.5173782499815335,0.16313151767052514,0.10453743646821356,0.20205224412107822,0.14571660796739902,0.20503502336572255,0.24958292994240025,0.6408169185266707,0.4621461548324685,0.6502769243410722,0.7915624237595988,0.9999999999999183,0.7211828237852562,1.0147624158177633,1.2352395838415893,density1.0000_damping0.010_lm2900_bias_summary.pkl,0.05,0.01,0.20205224412108985,0.373329208124801,0.5412173484522241,1.8476865216159883
3.1,0.01,1.0,1.0,2900,100,50,50,0.042802258533599265,0.042802258533599265,0.3102989943688422,0.6841177652004503,0.21228105457155944,Peak absolute acceleration,mean,theory_times_residual,success,0.1,Peak absolute acceleration,0.07701301720844861,0.06069847717874894,0.07042924409112056,0.10728451965350654,0.36278799049626553,0.11257274862009081,0.07701301720844386,0.21228105457157176,0.16731115353547998,0.19413333940514094,0.29572235703488897,0.6841177652004503,0.5391933476155356,0.6256331568202562,0.9530238976003781,1.0000000000000615,0.7881586695202721,0.9145109053511873,1.3930699450864217,density1.0000_damping0.010_lm2900_bias_summary.pkl,0.05,0.01,0.21228105457155944,0.37618646233617203,0.5642974317929375,1.7721151004050646
3.2,0.01,1.0,1.0,2900,100,50,50,0.05797073965240943,0.05797073965240943,0.13627665168972503,1.7029141764350035,0.23206744207952792,Peak absolute acceleration,mean,theory_times_residual,success,0.1,Peak absolute acceleration,0.09232161484160756,0.0698149627058385,0.09261591076061172,0.12117149897728552,0.3978223485997063,0.054213897634512564,0.09232161484160573,0.23206744207953664,0.17549281218508708,0.23280720926466347,0.3045869579821162,1.7029141764350035,1.2877687410800416,1.7083425985157805,2.2350634111233454,1.0000000000000198,0.7562147047104686,1.0031877249927974,1.3124932789052373,density1.0000_damping0.010_lm2900_bias_summary.pkl,0.05,0.01,0.23206744207952792,0.3243809840121999,0.715416296014456,1.3977875616909534
3.3,0.01,1.0,1.0,2900,100,50,50,0.048216125325099835,0.048216125325099835,0.18947970183587015,0.9145812380659847,0.17329458029342376,Peak absolute acceleration,mean,theory_times_residual,success,0.1,Peak absolute acceleration,0.08286049036465688,0.047725568766818695,0.07659960367668549,0.12122245389660866,0.4781481926576039,0.09059937697812112,0.08286049036465815,0.17329458029342018,0.09981334134414346,0.16020055048401602,0.2535248606145304,0.9145812380659847,0.5267759046328095,0.8454760532755491,1.338005380830408,0.9999999999999849,0.5759749737997534,0.9244406271261573,1.4629705105910493,density1.0000_damping0.010_lm2900_bias_summary.pkl,0.05,0.01,0.17329458029342376,0.27157491725105765,0.6381096680339549,1.567128739924958
3.4,0.01,1.0,1.0,2900,100,50,50,0.052870548094790526,0.052870548094790526,0.16287904242790063,1.037888738667068,0.16905032390079366,Peak absolute acceleration,mean,theory_times_residual,success,0.1,Peak absolute acceleration,0.08581769643988313,0.06780983540558302,0.08071137521216903,0.11123431165922752,0.5076458563323638,0.08268487097190827,0.08581769643988137,0.1690503239007962,0.13357704895986947,0.1589914981189682,0.21911793481950664,1.037888738667068,0.8200996700910502,0.976132323404003,1.3452801020517862,1.0000000000000207,0.7901614494288652,0.9404980389879201,1.2961698609231662,density1.0000_damping0.010_lm2900_bias_summary.pkl,0.05,0.01,0.16905032390079366,0.2496451171706802,0.6771625490484515,1.4767503037567866
3.45,0.01,1.0,1.0,2900,100,50,50,0.049286885272138724,0.049286885272138724,0.19846845764968324,0.8321055696793643,0.16514670901597447,Peak absolute acceleration,mean,theory_times_residual,success,0.1,Peak absolute acceleration,0.08791790862626175,0.06579841522879556,0.08630758020028187,0.10731579799862483,0.5323624621412231,0.10565715677175337,0.08791790862626477,0.1651467090159697,0.12359702253263082,0.16212183678981207,0.2015840815804111,0.8321055696793643,0.6227539831583493,0.8168644968057245,1.0156983329624754,0.9999999999999657,0.7484074207053968,0.9816837268863123,1.2206363831380436,density1.0000_damping0.010_lm2900_bias_summary.pkl,0.05,0.01,0.16514670901597447,0.24396997133217788,0.6769140813281194,1.4772923589326803
3.5,0.01,1.0,1.0,2900,100,50,50,0.04665688518671549,0.04665688518671549,0.22639943052499967,0.761346175459506,0.17236834055641864,Peak absolute acceleration,mean,theory_times_residual,success,0.1,Peak absolute acceleration,0.09150576877390913,0.07321442432661426,0.08767261145451208,0.11685734749131936,0.5308734102708439,0.12018943776617957,0.09150576877391249,0.17236834055641292,0.13791315012228872,0.1651478671907542,0.22012281125871505,0.761346175459506,0.609158555754691,0.7294535450367379,0.972276346933725,0.9999999999999633,0.8001071987877454,0.9581102112931135,1.2770489670442984,density1.0000_damping0.010_lm2900_bias_summary.pkl,0.05,0.01,0.17236834055641864,0.23948108080706892,0.7197576525691227,1.3893565374824928
3.55,0.01,1.0,1.0,2900,100,50,50,0.04497045135977513,0.04497045135977513,0.24700206802822594,0.6737429560004582,0.1664159034515632,Peak absolute acceleration,mean,theory_times_residual,success,0.1,Peak absolute acceleration,0.08802853122081757,0.06833795288364367,0.08607335522402139,0.10922620504101316,0.5289670602091167,0.1306559577904629,0.08802853122081336,0.1664159034515632,0.12919132026222502,0.16271968842444365,0.2064896158143245,0.6737429560004582,0.5230374032636108,0.6587786479822064,0.8359833480856853,1.0000000000000477,0.7763159504754512,0.9777892920661422,1.2408045837664488,density1.0000_damping0.010_lm2900_bias_summary.pkl,0.05,0.01,0.1664159034515632,0.23566788275337705,0.7061458757438023,1.4161379884102858
3.6,0.01,1.0,1.0,2900,100,50,50,0.04204040598176687,0.04204040598176687,0.2791433712880369,0.6193934496665221,0.17289957569363998,Peak absolute acceleration,mean,theory_times_residual,success,0.1,Peak absolute acceleration,0.09113002078037873,0.06861043423307182,0.09171125760063996,0.10931268161390899,0.5270690828174913,0.14712784067936557,0.09113002078038081,0.17289957569363704,0.13017351324480858,0.1740023473021598,0.20739725621842398,0.6193934496665221,0.4663320953822325,0.6233440059825626,0.7429775432654732,0.9999999999999766,0.7528850936884985,1.0063781047703249,1.1995243793189463,density1.0000_damping0.010_lm2900_bias_summary.pkl,0.05,0.01,0.17289957569363998,0.23235854175401843,0.7441068203839586,1.3438930710028667
3.65,0.01,1.0,1.0,2900,100,50,50,0.05926724393821516,0.05926724393821516,0.1795012522773228,1.2285739944224578,0.2205305705141838,Peak absolute acceleration,mean,theory_times_residual,success,0.1,Peak absolute acceleration,0.10932166163699991,0.08451059615243205,0.10929444222011449,0.12964988123455046,0.4957211210314595,0.08898256200546643,0.10932166163699954,0.2205305705141866,0.17048011990408782,0.22047566178480105,0.2615379408583291,1.2285739944224578,0.9497433457494776,1.228268098342687,1.457025717315104,1.0000000000000036,0.7730452948387104,0.9997510153387951,1.1859486884223402,density1.0000_damping0.010_lm2900_bias_summary.pkl,0.05,0.01,0.2205305705141838,0.22947371502203073,0.9610275865059857,1.0405528561731614
3.7,0.01,1.0,1.0,2900,100,50,50,0.04903987649715966,0.04903987649715966,0.23120522663768855,0.9124422617735153,0.21096141992715076,Peak absolute acceleration,mean,theory_times_residual,success,0.1,Peak absolute acceleration,0.11035366363410719,0.08687357573861458,0.1087309051194038,0.13852451501427013,0.5230987906329846,0.12094317444219715,0.11035366363410838,0.2109614199271458,0.16607489310669546,0.20785921716208158,0.2648152079392999,0.9124422617735153,0.7183007733944871,0.8990247330689173,1.145368605158249,0.999999999999989,0.7872287414639443,0.9852949284938555,1.2552778988250521,density1.0000_damping0.010_lm2900_bias_summary.pkl,0.05,0.01,0.21096141992715076,0.226957243905186,0.9295205400682429,1.0758234561729767
3.75,0.01,1.0,1.0,2900,100,50,50,0.057045742337313105,0.057045742337313105,0.19597330327296347,1.1891867319780873,0.23304885207412604,Peak absolute acceleration,mean,theory_times_residual,success,0.1,Peak absolute acceleration,0.11483235998109603,0.09872315218083004,0.11919173418941512,0.12929389199511618,0.49273943621301797,0.09656377496752296,0.11483235998109245,0.2330488520741264,0.20035569496846742,0.2418960721014563,0.2623981002795577,1.1891867319780873,1.0223621872077115,1.2343317587729206,1.3389481929284688,1.0000000000000313,0.8597154338470893,1.0379629418836331,1.1259360342015514,density1.0000_damping0.010_lm2900_bias_summary.pkl,0.05,0.01,0.23304885207412604,0.2247619226491524,1.036869810185405,0.9644412347401831
3.8,0.01,1.0,1.0,2900,100,50,50,0.04961384848175507,0.04961384848175507,0.24016984152912246,0.9097446467666231,0.21849322764590737,Peak absolute acceleration,mean,theory_times_residual,success,0.1,Peak absolute acceleration,0.11339131188579687,0.0929082960468909,0.11237470966323099,0.1370552183686446,0.5189694578065367,0.12464081243985067,0.11339131188579522,0.21849322764590762,0.17902459316117517,0.21653434122730675,0.26409110653239354,0.9097446467666231,0.7454082994823762,0.9015883919840535,1.099601452251323,1.0000000000000144,0.8193599183371801,0.9910345668847351,1.2086924129309222,density1.0000_damping0.010_lm2900_bias_summary.pkl,0.05,0.01,0.21849322764590737,0.22284675321388123,0.9804640386041779,1.0199252197190718
3.85,0.01,1.0,1.0,2900,100,50,50,0.04240377156129044,0.04240377156129044,0.31278801914245274,0.6696237320173433,0.2094502807084814,Peak absolute acceleration,mean,theory_times_residual,success,0.1,Peak absolute acceleration,0.10793376801824474,0.07510181444068739,0.10807440222784336,0.13492185776585602,0.5153192808009145,0.1611856970676321,0.10793376801824503,0.2094502807084823,0.14573841352096,0.20972318765149445,0.2618218700378513,0.6696237320173433,0.46593349042114646,0.6704962300873152,0.8370584997330377,0.9999999999999974,0.6958138849372167,1.0013029676641563,1.2500430610654578,density1.0000_damping0.010_lm2900_bias_summary.pkl,0.05,0.01,0.2094502807084814,0.2211759837709719,0.9469847364864307,1.055983229159815
3.9,0.01,1.0,1.0,2900,100,50,50,0.03831363418837281,0.03831363418837281,0.3577828056278983,0.6047899114253552,0.2163834313252117,Peak absolute acceleration,mean,theory_times_residual,success,0.1,Peak absolute acceleration,0.11135481600780484,0.08764363796773898,0.11241885308943118,0.1378591739423414,0.5146180339494174,0.18412148401312833,0.11135481600780614,0.2163834313252032,0.17030813571596212,0.21845105626531736,0.267886402822587,0.6047899114253552,0.4760098390337206,0.6105689061327326,0.7487402932973954,0.9999999999999885,0.7870664342132723,1.0095553755084148,1.2380171678670573,density1.0000_damping0.010_lm2900_bias_summary.pkl,0.05,0.01,0.2163834313252117,0.2197184257358352,0.9848215078027384,1.015412429640286
4.0,0.01,1.0,1.0,2900,100,50,50,0.051302849881577774,0.051302849881577774,0.2537825702078674,0.9917955734239424,0.2517004297443137,Peak absolute acceleration,mean,theory_times_residual,success,0.1,Peak absolute acceleration,0.1221220964914343,0.10401009758255306,0.12137688438582994,0.1398244435402395,0.4851882716906157,0.12313232662436302,0.12212209649142416,0.251700429744325,0.2143705931310639,0.2501645061676736,0.2881859511010598,0.9917955734239424,0.8447017971150199,0.9857434494526498,1.1355624259971855,1.0000000000000828,0.8516894204306181,0.9938978110677411,1.144956134535886,density1.0000_damping0.010_lm2900_bias_summary.pkl,0.05,0.01,0.2517004297443137,0.2173375820959405,1.1581081712468169,0.863477199131999
4.1,0.01,1.0,1.0,2900,100,50,50,0.05448743049960771,0.05448743049960771,0.24935031432047983,1.0113169086178833,0.25217218904148514,Peak absolute acceleration,mean,theory_times_residual,success,0.1,Peak absolute acceleration,0.12093430018401001,0.10039264782468679,0.11906397390768972,0.1457979554954613,0.4795703310650002,0.1195810127898335,0.12093430018400755,0.25217218904148336,0.20933873786925264,0.24827218490201386,0.30401788027979587,1.0113169086178833,0.8395366913401985,0.995676246001926,1.219240012222548,1.0000000000000202,0.8301420496247498,0.9845343606117367,1.2055963880687484,density1.0000_damping0.010_lm2900_bias_summary.pkl,0.05,0.01,0.25217218904148514,0.2155256182012931,1.1700334797600282,0.8546763979823196
4.2,0.01,1.0,1.0,2900,100,50,50,0.053095963005935165,0.053095963005935165,0.23140925413074376,1.1112685722854867,0.257157831451521,Peak absolute acceleration,mean,theory_times_residual,success,0.1,Peak absolute acceleration,0.12234476732777481,0.08248035219585446,0.1262394108561615,0.15104824478981058,0.4757575012870558,0.11009468851994512,0.12234476732777363,0.2571578314515239,0.1733663725169278,0.2653440261365274,0.31748999097477865,1.1112685722854867,0.7491764889358132,1.1466439712329222,1.3719848506810224,1.0000000000000095,0.6741633009516582,1.0318333477880075,1.2346114025877175,density1.0000_damping0.010_lm2900_bias_summary.pkl,0.05,0.01,0.257157831451521,0.21414660569476313,1.2008494396500824,0.832743861954419
4.25,0.01,1.0,1.0,2900,100,50,50,0.04105132230508211,0.04105132230508211,0.3514179331058328,0.7483464315334931,0.26298235621662575,Peak absolute acceleration,mean,theory_times_residual,success,0.1,Peak absolute acceleration,0.11473643819473407,0.09805265496977893,0.1176836123106126,0.13502061692556672,0.4362894904638516,0.15331995097460274,0.11473643819473285,0.26298235621662414,0.22474218864527748,0.26973744470785777,0.30947483236879325,0.7483464315334931,0.6395296525109198,0.7675688099463764,0.8806461003104071,1.0000000000000107,0.8545903682608842,1.025686470333668,1.1767893360643389,density1.0000_damping0.010_lm2900_bias_summary.pkl,0.05,0.01,0.26298235621662575,0.21358608560313375,1.2312710140925494,0.8121688796004134
4.3,0.01,1.0,1.0,2900,100,50,50,0.04335190466761707,0.04335190466761707,0.32949409101882243,0.9112366048516122,0.3002470768186598,Peak absolute acceleration,mean,theory_times_residual,success,0.1,Peak absolute acceleration,0.11171513168335849,0.0861371504757075,0.10992328883796239,0.13683868490016413,0.37207733333181564,0.1225972827348726,0.1117151316833599,0.3002470768186564,0.23150335362915286,0.2954312961062147,0.3677694732834813,0.9112366048516122,0.7026024439871694,0.8966209232849081,1.116164093098946,0.9999999999999871,0.7710428227381996,0.9839606074987564,1.2248894383261637,density1.0000_damping0.010_lm2900_bias_summary.pkl,0.05,0.01,0.3002470768186598,0.21309709499602145,1.408968418008052,0.7097391163768954
4.35,0.01,1.0,1.0,2900,100,50,50,0.05076187086350662,0.05076187086350662,0.25119072497950706,1.407401903790807,0.35352630455075124,Peak absolute acceleration,mean,theory_times_residual,success,0.1,Peak absolute acceleration,0.10381679694008838,0.08228050359695083,0.10421187098897414,0.12286854585535355,0.29366074208259324,0.07376485470174514,0.10381679694008943,0.3535263045507442,0.2801889793420501,0.35487164627427165,0.4184030353665601,1.407401903790807,1.115443173170166,1.4127577612717603,1.6656786806149122,0.9999999999999899,0.7925548275625691,1.0038054925650683,1.1835131643125003,density1.0000_damping0.010_lm2900_bias_summary.pkl,0.05,0.01,0.35352630455075124,0.21267050580249414,1.6623193856465714,0.6015691139949213
4.4,0.01,1.0,1.0,2900,100,50,50,0.05293620500812105,0.05293620500812105,0.21913698119581448,2.231863656038769,0.48908386402498943,Peak absolute acceleration,mean,theory_times_residual,success,0.1,Peak absolute acceleration,0.11407819905070622,0.08924830522660541,0.10658827681063425,0.15768688965228422,0.23324874820421032,0.05111342654917294,0.11407819905070929,0.4890838640249861,0.3826314435285549,0.45697255668577363,0.6760460275406437,2.231863656038769,1.7460833924085555,2.085328337517981,3.0850385172393757,0.999999999999973,0.7823432169273057,0.9343439649082673,1.382270152969283,density1.0000_damping0.010_lm2900_bias_summary.pkl,0.05,0.01,0.48908386402498943,0.21229835480943324,2.3037572027536237,0.4340735207706341
1.5,0.01,1.0,1.0,483,100,50,50,0.3306916963471324,0.29,0.08969684885053178,,0.08912010673656105,Peak absolute acceleration,mean,direct_code_bias,success,0.1,Peak absolute acceleration,0.5066429641284581,0.44040485101758686,0.48989636827605115,0.5995241953048616,5.684945661320787,0.5099217117069406,0.5066429641285674,0.08912010673656105,0.07746861223564752,0.08617432733072654,0.1054582103368027,0.9935700961476875,0.8636715027162718,0.960728592309091,1.1757181181753973,0.9999999999997846,0.8692607658631737,0.9669459618741167,1.183326795697343,density1.0000_damping0.010_lm483_bias_summary.pkl,0.3,0.01,0.08912010673656105,0.13502087672547744,0.660046867550265,1.5150439297003875
1.6,0.01,1.0,1.0,483,100,50,50,0.26620156185113025,0.26620156185113025,0.19642029550656093,0.33759555543237935,0.06631061875972952,Peak absolute acceleration,mean,theory_times_residual,success,0.1,Peak absolute acceleration,0.5543000709233797,0.4675388764582886,0.5440437430833923,0.6571325717967195,8.35914490455633,1.6419057123351448,0.5543000709233066,0.06631061875973063,0.05593142382343995,0.06508365978759975,0.07861241542044992,0.33759555543237935,0.28475379124745676,0.3313489556654532,0.4002255226106345,1.0000000000001321,0.843476125989848,0.9814967950070255,1.1855177479990633,density1.0000_damping0.010_lm483_bias_summary.pkl,0.3,0.01,0.06631061875972952,0.13510798147502553,0.490797198180299,2.0375014439931105
1.7,0.01,1.0,1.0,483,100,50,50,0.3210448579409209,0.29,0.19807037767665664,0.3072832691616347,0.060863713176562716,Peak absolute acceleration,mean,theory_times_residual,success,0.1,Peak absolute acceleration,0.6264469748210163,0.4966590038634965,0.6365558750785343,0.7594790121783528,10.292618411299328,2.038662816007394,0.6264469748210548,0.06086371317655157,0.04825390236154678,0.0618458636705814,0.07378870777377601,0.3072832691616347,0.24361998461137144,0.3122418626956629,0.37253782538975694,0.9999999999999386,0.7928189037952775,1.0161368809552749,1.2123596133500345,density1.0000_damping0.010_lm483_bias_summary.pkl,0.3,0.01,0.060863713176562716,0.13717433593562506,0.4436960657503885,2.2537950574538375
1.75,0.01,1.0,1.0,483,100,50,50,0.26372590966379467,0.26372590966379467,0.2486526111383625,0.2611140572711515,0.06492669214540375,Peak absolute acceleration,mean,theory_times_residual,success,0.1,Peak absolute acceleration,0.6982265383078645,0.5354471825658195,0.6901974579644274,0.8355596409878074,10.754075330746563,2.674028911368788,0.6982265383077575,0.06492669214540389,0.049790164760604105,0.06418008399021628,0.07769702324837646,0.2611140572711515,0.20023986288604995,0.2581114418883106,0.3124721791284221,1.0000000000001534,0.7668674179350804,0.9885007516861366,1.1966884601849916,density1.0000_damping0.010_lm483_bias_summary.pkl,0.3,0.01,0.06492669214540375,0.1410688938101455,0.4602481127610874,2.172741120003785
1.8,0.01,1.0,1.0,483,100,50,50,0.3065489919500929,0.29,0.2468115956519953,0.3062236954993053,0.07557955891263428,Peak absolute acceleration,mean,theory_times_residual,success,0.1,Peak absolute acceleration,0.7857277620298859,0.6209801549612418,0.7636459299887908,1.0575734777384151,10.396035294916778,2.5658620595925385,0.7857277620299077,0.07557955891262448,0.0597324015689784,0.07345549609303284,0.10172853859543203,0.3062236954993053,0.24201618814218487,0.2976176864745639,0.4121708233631074,0.9999999999999724,0.7903248236475129,0.9718963321544487,1.345979522228158,density1.0000_damping0.010_lm483_bias_summary.pkl,0.3,0.01,0.07557955891263428,0.14908280491797507,0.5069636230296032,1.9725281155756202
1.85,0.01,1.0,1.0,483,100,50,50,0.3149029385514644,0.29,0.26516319820468864,0.3300755381595542,0.08752388534752115,Peak absolute acceleration,mean,theory_times_residual,success,0.1,Peak absolute acceleration,0.903599961685836,0.6050070942817242,0.887131483553115,1.2758092805797243,10.324038496440744,2.737555066104437,0.9035999616858895,0.08752388534751743,0.05860178596682906,0.0859287268116016,0.12357657141820663,0.3300755381595542,0.2210027121546286,0.3240597767465223,0.46603967765850685,0.9999999999999406,0.6695519255588874,0.981774591820424,1.4119182544003057,density1.0000_damping0.010_lm483_bias_summary.pkl,0.3,0.01,0.08752388534752115,0.1637193375262104,0.534597114000073,1.8705675242380824
1.9,0.01,1.0,1.0,483,100,50,50,0.3327836185134077,0.29,0.28017580093086575,0.3149548478052612,0.08824272674089798,Peak absolute acceleration,mean,theory_times_residual,success,0.1,Peak absolute acceleration,0.8982230310642301,0.6628957430343012,0.904958548428132,1.2016674603224737,10.1790035761424,2.8519104796240753,0.8982230310641947,0.08824272674090515,0.0651238343788384,0.0889044336863363,0.1180535453528033,0.3149548478052612,0.2324391834072158,0.31731660404271145,0.4213552525256233,1.0000000000000393,0.7380079558290965,1.0074987137169678,1.3378274868979532,density1.0000_damping0.010_lm483_bias_summary.pkl,0.3,0.01,0.08824272674089798,0.18826006969519155,0.4687277917392341,2.1334344103845377
1.95,0.01,1.0,1.0,483,100,50,50,0.2664517101333335,0.2664517101333335,0.314731184426365,0.3488610288550223,0.10979744481174146,Peak absolute acceleration,mean,theory_times_residual,success,0.1,Peak absolute acceleration,1.1753448664703516,0.8786461122443441,1.1095012309627688,1.5765933420049132,10.704665017347372,3.3690918997971395,1.175344866470435,0.10979744481173907,0.08208067331583567,0.10364651571672483,0.14728096016549566,0.3488610288550223,0.26079612500248195,0.3293175917907061,0.467957950954037,0.9999999999999294,0.7475645126037957,0.9439793056608186,1.3413878657924707,density1.0000_damping0.010_lm483_bias_summary.pkl,0.3,0.01,0.10979744481174146,0.22684422009746757,0.4840213462990475,2.066024582688735
2.0,0.01,1.0,1.0,483,100,50,50,0.2586972401218039,0.2586972401218039,0.3176877847444372,0.37651554515846525,0.11961438946323694,Peak absolute acceleration,mean,theory_times_residual,success,0.1,Peak absolute acceleration,1.2852160409508715,0.8970630060638544,1.1999706635691765,1.8275987468011003,10.744660794729626,3.413447485707286,1.2852160409511433,0.11961438946320985,0.08348918809087706,0.11168064646189439,0.1700936662139728,0.37651554515846525,0.262802638628547,0.3515421486909255,0.535411414546022,0.9999999999997885,0.697986157564583,0.9336723362720563,1.422016757158243,density1.0000_damping0.010_lm483_bias_summary.pkl,0.3,0.01,0.11961438946323694,0.2845438150460503,0.4203724809265433,2.3788426820796826
2.05,0.01,1.0,1.0,483,100,50,50,0.3149887303933708,0.29,0.2887068423894038,0.464876804021795,0.13421311418921011,Peak absolute acceleration,mean,theory_times_residual,success,0.1,Peak absolute acceleration,1.3814994617814422,0.9565221642728018,1.1987334728663286,2.0299948014420126,10.29332692358041,2.9717539137888944,1.381499461781348,0.13421311418921728,0.09292643392891353,0.11645733996072899,0.19721464367284502,0.464876804021795,0.32187125583802656,0.40337575305418893,0.6830965350202339,1.0000000000000682,0.6923796865178887,0.8677046253211309,1.469414109524498,density1.0000_damping0.010_lm483_bias_summary.pkl,0.3,0.01,0.13421311418921011,0.36743540302041444,0.3652699578917889,2.7377011944035043
2.1,0.01,1.0,1.0,483,100,50,50,0.21716779266023445,0.21716779266023445,0.30085973792511866,0.5254148960116712,0.15807618791602487,Peak absolute acceleration,mean,theory_times_residual,success,0.1,Peak absolute acceleration,1.756349344476751,1.1391185117776625,1.5572642959988843,2.821756842841676,11.110777452513808,3.3427855925077092,1.7563493444767093,0.15807618791602904,0.10252374477358805,0.14015799548271518,0.25396574226255025,0.5254148960116712,0.3407692417757229,0.4658582648822078,0.8441333626560342,1.0000000000000238,0.6485717180126566,0.8866483771557754,1.606603408208859,density1.0000_damping0.010_lm483_bias_summary.pkl,0.3,0.01,0.15807618791602487,0.48266884007618616,0.32750443946428637,3.0533937238706392
2.15,0.01,1.0,1.0,483,100,50,50,0.30981031545492793,0.29,0.33872850189935677,0.5546965095257148,0.18789151768044765,Peak absolute acceleration,mean,theory_times_residual,success,0.1,Peak absolute acceleration,1.453593645684789,1.0868046626268657,1.4417133616297126,1.8207865543908475,7.736345225317321,2.620520628348037,1.4535936456847567,0.1878915176804519,0.14048037296348656,0.1863558721386529,0.23535487382753972,0.5546965095257148,0.41472852793835163,0.5501629508402539,0.6948186305782534,1.0000000000000224,0.7476674556560099,0.991826956529211,1.2526104250635426,density1.0000_damping0.010_lm483_bias_summary.pkl,0.3,0.01,0.18789151768044765,0.638533545420952,0.29425473262580865,3.398416029120185
2.2,0.01,1.0,1.0,483,100,50,50,0.2801622784062162,0.2801622784062162,0.4820140691282645,0.6581783471943677,0.3172512233432728,Peak absolute acceleration,mean,theory_times_residual,success,0.1,Peak absolute acceleration,1.6724117775190568,1.291492916518539,1.7321745792951506,2.0446856192973977,5.271569199622783,2.540970520601423,1.6724117775188538,0.317251223343275,0.2449921204887065,0.3285880377742362,0.387870393400832,0.6581783471943677,0.5082675717988476,0.6816980225670473,0.8046868716971343,1.0000000000001212,0.7722338086105588,1.0357345018611142,1.2225969984083942,density1.0000_damping0.010_lm483_bias_summary.pkl,0.3,0.01,0.3172512233432728,0.8445225405156471,0.3756574965418976,2.6619993190754543
2.25,0.01,1.0,1.0,483,100,50,50,0.27246861131747363,0.27246861131747363,0.9111329973559539,0.7823093959867172,0.7127879048251035,Peak absolute acceleration,mean,theory_times_residual,success,0.1,Peak absolute acceleration,1.8880280609245481,1.469275092079114,1.724053789215911,2.519591410977504,2.648793628713263,2.4134032783067907,1.88802806092471,0.7127879048250803,0.554695947676702,0.6508826397522807,0.9512222408211836,0.7823093959867172,0.60879800126481,0.7143662249541165,1.0439993322397463,0.9999999999999143,0.7782061731431571,0.9131505113178835,1.3345095145161507,density1.0000_damping0.010_lm483_bias_summary.pkl,0.3,0.01,0.7127879048251035,1.1113945233157005,0.6413455257081281,1.559221916915668
2.3,0.01,1.0,1.0,483,100,50,50,0.26471623927210636,0.26471623927210636,0.8603992551995386,0.6749036611902399,0.5806866074195242,Peak absolute acceleration,mean,theory_times_residual,success,0.1,Peak absolute acceleration,1.5457835327727325,1.2715188377710502,1.5484027642248246,1.8735432845767783,2.661992739322701,2.2903765702598724,1.5457835327728082,0.5806866074195346,0.477656764043078,0.5816705437817196,0.7038123195833621,0.6749036611902399,0.5551571100933765,0.6760472423314821,0.8180066583392447,0.9999999999999512,0.8225723788700315,1.001694436120249,1.2120347026960745,density1.0000_damping0.010_lm483_bias_summary.pkl,0.3,0.01,0.5806866074195242,0.9963337703333882,0.5828233717554202,1.715785688188904
2.35,0.01,1.0,1.0,483,100,50,50,0.2608768006079252,0.2608768006079252,0.8079927022389676,0.7799239153095624,0.630172831871769,Peak absolute acceleration,mean,theory_times_residual,success,0.1,Peak absolute acceleration,1.680541175242355,1.1798620570795377,1.6040901986953862,2.173712784754173,2.6667940765563407,2.154750152231613,1.680541175242517,0.630172831871764,0.4424271328077592,0.6015050853745576,0.8151033496973682,0.7799239153095624,0.547563278210046,0.7444437105778021,1.0088003857444545,0.9999999999999036,0.7020726861448505,0.9545081205546193,1.293459997753692,density1.0000_damping0.010_lm483_bias_summary.pkl,0.3,0.01,0.630172831871769,0.8959562311589437,0.7033522508756511,1.4217627067446441
2.4,0.01,1.0,1.0,483,100,50,50,0.3295187041401178,0.29,0.7292812523855926,0.9524658218334264,0.694615467401154,Peak absolute acceleration,mean,theory_times_residual,success,0.1,Peak absolute acceleration,1.7544372777333315,1.3609986055598877,1.7828553404517196,2.130934506115771,2.525767651413152,1.8419949960578839,1.754437277733223,0.694615467401261,0.5388455287240761,0.7058667250941402,0.8436779625883345,0.9524658218334264,0.7388720427974056,0.9678936936676098,1.1568622665513513,1.000000000000062,0.7757465158961578,1.0161978219906573,1.2145971435747145,density1.0000_damping0.010_lm483_bias_summary.pkl,0.3,0.01,0.694615467401154,0.8083881411771641,0.8592598431611171,1.163792312603808
2.45,0.01,1.0,1.0,483,100,50,50,0.2769879078651967,0.2769879078651967,0.692126476587451,0.8565119902617809,0.5928146259747915,Peak absolute acceleration,mean,theory_times_residual,success,0.1,Peak absolute acceleration,1.5567121199204195,1.30097730604675,1.5208823146555077,2.0373261217961915,2.625967801250942,1.8175018419119058,1.5567121199204221,0.5928146259747901,0.49542774493540953,0.5791702068589718,0.7758381960455352,0.8565119902617809,0.7158052201356769,0.8367982246750454,1.1209485871293772,0.9999999999999981,0.8357211904493008,0.9769836665325468,1.3087365966549667,density1.0000_damping0.010_lm483_bias_summary.pkl,0.3,0.01,0.5928146259747915,0.73199485198746,0.8098617420125601,1.2347786642136371
2.5,0.01,1.0,1.0,483,100,50,50,0.2652325134406293,0.2652325134406293,0.6531056385315864,0.9037638502218037,0.5902532664808762,Peak absolute acceleration,mean,theory_times_residual,success,0.1,Peak absolute acceleration,1.5604278421766526,1.1539589342395078,1.4659498525630221,2.0860672627928047,2.6436581223511437,1.7265880260575694,1.5604278421763536,0.5902532664809482,0.4365008184996446,0.5545156690908566,0.789083597896371,0.9037638502218037,0.668346424754501,0.8490443756350614,1.2082020906608844,1.0000000000001918,0.739514447928629,0.9394537914155894,1.3368559611723754,density1.0000_damping0.010_lm483_bias_summary.pkl,0.3,0.01,0.5902532664808762,0.665350318086099,0.8871315612786831,1.12722852353356
2.55,0.01,1.0,1.0,483,100,50,50,0.28034665178455015,0.28034665178455015,0.564959959516921,1.0814614792479051,0.610982433535006,Peak absolute acceleration,mean,theory_times_residual,success,0.1,Peak absolute acceleration,1.5953107142520173,1.2683580604670532,1.591022178891467,1.9385579914831348,2.6110582345582056,1.4751433544923536,1.595310714252041,0.6109824335350168,0.4857639878268211,0.6093399824767485,0.7424414997052493,1.0814614792479051,0.8598202043241675,1.0785542801967143,1.3141488829404364,0.999999999999985,0.7950539347199965,0.997311786774663,1.215160140381822,density1.0000_damping0.010_lm483_bias_summary.pkl,0.3,0.01,0.610982433535006,0.6072104922143131,1.0062119172330648,0.9938264324575269
2.6,0.01,1.0,1.0,483,100,50,50,0.3704329458766748,0.29,0.48081363693426227,1.350193817730303,0.6491916000690634,Peak absolute acceleration,mean,theory_times_residual,success,0.1,Peak absolute acceleration,1.5809977458156428,1.0507745842863536,1.653601341232556,2.033237225611936,2.435333029027948,1.1709413308330243,1.5809977458156836,0.6491916000690431,0.431470592219482,0.6790041943021581,0.834890834796214,1.350193817730303,0.8973759458459099,1.4121982867033658,1.736412552937611,0.9999999999999742,0.6646275031494291,1.0459226432226276,1.2860468846291293,density1.0000_damping0.010_lm483_bias_summary.pkl,0.3,0.01,0.6491916000690634,0.5564902987015141,1.1665820618685303,0.8572050202780083
2.65,0.01,1.0,1.0,483,100,50,50,0.24817531063917278,0.24817531063917278,0.25259672429354774,1.9698842577266042,0.497586310739167,Peak absolute acceleration,mean,theory_times_residual,success,0.1,Peak absolute acceleration,1.3281544927896654,0.8211984958620089,1.4106423619494222,1.8102273638030866,2.669194196312684,0.6742297104919536,1.3281544927896407,0.4975863107391824,0.3076578305903859,0.5284899704555523,0.6781924546006418,1.9698842577266042,1.2179802863668217,2.0922281234390323,2.684882222829144,1.0000000000000187,0.618300431403257,1.0621071340778472,1.3629644545348827,density1.0000_damping0.010_lm483_bias_summary.pkl,0.3,0.01,0.497586310739167,0.5122452421587365,0.9713829817964075,1.029460077785889
2.7,0.01,1.0,1.0,483,100,50,50,0.31727192540420407,0.29,0.2566854766170622,2.0979324585155648,0.5385087930244729,Peak absolute acceleration,mean,theory_times_residual,success,0.1,Peak absolute acceleration,1.3594724598333394,1.0091004912292942,1.3346801207311323,1.7460097044147052,2.524513020851627,0.6480058279832623,1.359472459833354,0.5385087930244585,0.39972085027665305,0.528688150826367,0.6916223802346247,2.0979324585155648,1.5572398389839153,2.0596730200482183,2.6944351871782914,0.9999999999999892,0.7422735811455798,0.9817632649172894,1.2843288525526535,density1.0000_damping0.010_lm483_bias_summary.pkl,0.3,0.01,0.5385087930244729,0.47366695933608444,1.1368933011060518,0.8795900187177786
2.75,0.01,1.0,1.0,483,100,50,50,0.29302559358186847,0.29302559358186847,0.17539499242397674,2.5484136624938274,0.4469789950262637,Peak absolute acceleration,mean,theory_times_residual,success,0.1,Peak absolute acceleration,1.1472974387924326,0.7810893194450789,1.2079898078393834,1.4652353097742064,2.5667815525090734,0.45020063095632207,1.1472974387924118,0.44697899502625354,0.30430689307453945,0.47062431419555456,0.5708453484644666,2.5484136624938274,1.7349805081034175,2.683225488319187,3.2546274017025127,1.0000000000000182,0.6808080389922379,1.0529002915851127,1.2771189581983555,density1.0000_damping0.010_lm483_bias_summary.pkl,0.3,0.01,0.4469789950262637,0.44013595665836874,1.0155475558503726,0.9846904699235522
2.8,0.01,1.0,1.0,483,100,50,50,0.32558202298547223,0.29,0.10618260919027381,4.403119553640011,0.4675347227822102,Peak absolute acceleration,mean,theory_times_residual,success,0.1,Peak absolute acceleration,1.168152501427518,0.658189989211057,1.2471853194322338,1.5206055228423112,2.4985363535698015,0.2653011091787909,1.1681525014275536,0.4675347227822048,0.26343022316672055,0.49916636900251976,0.6085985183564511,4.403119553640011,2.4809168391659138,4.701018112184878,5.731621430265297,0.9999999999999695,0.5634452594217867,1.0676562502824738,1.3017183295708723,density1.0000_damping0.010_lm483_bias_summary.pkl,0.3,0.01,0.4675347227822102,0.4114530731468207,1.1363014479548275,0.8800481613394225
2.85,0.01,1.0,1.0,483,100,50,50,0.3070610059287657,0.29,0.09934799840108087,,0.41115422731158385,Peak absolute acceleration,mean,direct_code_bias,success,0.1,Peak absolute acceleration,1.0396732383630154,0.6583283378833414,1.025709473287081,1.3534954119220781,2.528669704215695,0.2512182737312806,1.0396732383630387,0.41115422731158385,0.2603457212248018,0.40563204896909233,0.5352598679319746,4.1385255257152105,2.620543195784922,4.082941332461534,5.3877267438349845,0.9999999999999775,0.6332069669503821,0.9865690828996005,1.301846928418732,density1.0000_damping0.010_lm483_bias_summary.pkl,0.3,0.01,0.41115422731158385,0.38838153767012046,1.0586348408270543,0.9446127800013944
2.9,0.01,1.0,1.0,483,100,50,50,0.3797425024318147,0.29,0.09300148203906378,,0.4460683311988715,Peak absolute acceleration,mean,direct_code_bias,success,0.1,Peak absolute acceleration,1.0661642050936024,0.7676065403113863,1.119325844123296,1.2606742167564782,2.390136511659852,0.22228623786003496,1.0661642050936306,0.4460683311988715,0.3211559409124774,0.46831042438909487,0.5274486250498687,4.796357234517256,3.4532346568154093,5.035515715678684,5.6714002130454695,0.9999999999999735,0.719970279103466,1.0498625247177538,1.1824390752696163,density1.0000_damping0.010_lm483_bias_summary.pkl,0.3,0.01,0.4460683311988715,0.373143321472545,1.195434315797289,0.8365160567881376
2.95,0.01,1.0,1.0,483,100,50,50,0.28427526102052253,0.28427526102052253,0.08754807646321774,,0.3165512083863892,Peak absolute acceleration,mean,direct_code_bias,success,0.1,Peak absolute acceleration,0.8109285991448324,0.45176469175347145,0.8562200942203919,1.0765205537899747,2.561761186376504,0.22427726422538627,0.8109285991448332,0.3165512083863892,0.1763492608741068,0.3342310355757543,0.42022674069500776,3.615741443724291,2.0143133692743502,3.817685654306617,4.799954010086956,0.9999999999999991,0.5570955226266296,1.055851396933492,1.3275158317578417,density1.0000_damping0.010_lm483_bias_summary.pkl,0.3,0.01,0.3165512083863892,0.3683863750239761,0.8592913035010769,1.1637497038846105
3.0,0.01,1.0,1.0,483,100,50,50,0.31843213618343547,0.29,0.14696770217990857,2.533938603440745,0.37240713401265285,Peak absolute acceleration,mean,theory_times_residual,success,0.1,Peak absolute acceleration,0.9267105080046592,0.5186629530116146,0.8446498096629633,1.429975841217279,2.488433822466064,0.365719400914573,0.9267105080047062,0.3724071340126214,0.20842947412506002,0.33943028825492594,0.574648933118968,2.533938603440745,1.4181991759654202,2.3095570198100095,3.9100355016476187,0.999999999999949,0.5596817436853545,0.9114494789549465,1.5430663932970283,density1.0000_damping0.010_lm483_bias_summary.pkl,0.3,0.01,0.37240713401265285,0.373329208124801,0.9975301313369006,1.0024759840183857
3.1,0.01,1.0,1.0,483,100,50,50,0.30360628003311274,0.29,0.1078405773317262,4.025493580914265,0.43411155181095223,Peak absolute acceleration,mean,theory_times_residual,success,0.1,Peak absolute acceleration,0.7248732048634627,0.41113179011092893,0.7884119619047327,0.9780748606819513,1.6697855697217634,0.1800706398589835,0.7248732048634785,0.43411155181096,0.24621831543282285,0.4721635976505091,0.5857487802130953,4.025493580914265,2.2831694852247626,4.378348200029455,5.431617622105963,0.9999999999999782,0.5671775247760205,1.0876549948528185,1.3493047530514808,density1.0000_damping0.010_lm483_bias_summary.pkl,0.3,0.01,0.43411155181095223,0.37618646233617203,1.153979728869156,0.8665663485960273
3.2,0.01,1.0,1.0,483,100,50,50,0.2267298699839083,0.2267298699839083,0.08644410119379635,,0.2338118326517732,Peak absolute acceleration,mean,direct_code_bias,success,0.1,Peak absolute acceleration,0.4813207944812768,0.3146265753610071,0.44338769344941076,0.7336971687921092,2.0585818477293674,0.17795225756083305,0.4813207944812778,0.2338118326517732,0.15283656353428104,0.2153850204879981,0.3564090345017776,2.704774870960753,1.768039246444805,2.4916103876784956,4.123000061077025,0.9999999999999982,0.6536733483540472,0.9211895653235848,1.5243413066805453,density1.0000_damping0.010_lm483_bias_summary.pkl,0.3,0.01,0.2338118326517732,0.3243809840121999,0.7207938941420166,1.3873591440314978
3.3,0.01,1.0,1.0,483,100,50,50,0.2740356806940208,0.2740356806940208,0.06413440310652965,,0.23988930011797535,Peak absolute acceleration,mean,direct_code_bias,success,0.1,Peak absolute acceleration,0.5401893907002707,0.3694358510899424,0.5300722151922823,0.777619328053241,2.2518277823754986,0.14441963072135527,0.5401893907002701,0.23988930011797535,0.1640604374728058,0.23539642744486367,0.3453280637797774,3.740415260737772,2.5580722595997756,3.6703612420600153,5.384443404052097,1.000000000000001,0.6839006049545463,0.9812710584802999,1.4395309153428217,density1.0000_damping0.010_lm483_bias_summary.pkl,0.3,0.01,0.23988930011797535,0.27157491725105765,0.8833264225805131,1.1320843285527933
3.4,0.01,1.0,1.0,483,100,50,50,0.29731930572397314,0.29,0.050260186888795695,,0.20127171189253532,Peak absolute acceleration,mean,direct_code_bias,success,0.1,Peak absolute acceleration,0.4975376241190175,0.36641749724744116,0.47886722060773884,0.691661230247593,2.4719699526611416,0.12424167180423765,0.497537624119021,0.20127171189253532,0.1482289446329972,0.19371886785768794,0.27980163330990376,4.00459537362767,2.9492318634023995,3.8543204840503895,5.5670631294901955,0.9999999999999928,0.7364618864678799,0.962474388656855,1.39016869623137,density1.0000_damping0.010_lm483_bias_summary.pkl,0.3,0.01,0.20127171189253532,0.2496451171706802,0.8062313181752566,1.2403388177270178
3.45,0.01,1.0,1.0,483,100,50,50,0.2818623244859642,0.2818623244859642,0.04567906669079012,,0.19096794276641205,Peak absolute acceleration,mean,direct_code_bias,success,0.1,Peak absolute acceleration,0.475861705564699,0.29265679764382596,0.479449006078021,0.6079292214369066,2.491840770085495,0.11382496071956591,0.4758617055647082,0.19096794276641205,0.11744602671132348,0.1924075614436516,0.24396792473061935,4.180644584074089,2.571112660999318,4.212160523026706,5.340913079115228,0.9999999999999806,0.6150038849974873,1.0075385358211495,1.2775333974720093,density1.0000_damping0.010_lm483_bias_summary.pkl,0.3,0.01,0.19096794276641205,0.24396997133217788,0.7827518350870956,1.277544114462168
3.5,0.01,1.0,1.0,483,100,50,50,0.30040909133507826,0.29,0.04298042544857823,,0.193774790329304,Peak absolute acceleration,mean,direct_code_bias,success,0.1,Peak absolute acceleration,0.4746379915571874,0.33005486551293844,0.4617837152873091,0.6713045519954268,2.449431067635681,0.10527758939395056,0.47463799155719144,0.193774790329304,0.13474756235190755,0.18852692830953877,0.2740655007056006,4.508442815698259,3.1350914037162028,4.386343930799047,6.376519028027832,0.9999999999999917,0.6953823153306693,0.9729177257224817,1.4143506502566556,density1.0000_damping0.010_lm483_bias_summary.pkl,0.3,0.01,0.193774790329304,0.23948108080706892,0.8091444621690659,1.235873254720549
3.55,0.01,1.0,1.0,483,100,50,50,0.27381674580784476,0.27381674580784476,0.04784715587849827,,0.17521638344326562,Peak absolute acceleration,mean,direct_code_bias,success,0.1,Peak absolute acceleration,0.43656672637309674,0.2743340135584932,0.42373412127352683,0.6216981200539173,2.491586219244476,0.11921531421690905,0.43656672637310023,0.17521638344326562,0.11010416233626445,0.1700660077506833,0.24951900731030485,3.662002061067216,2.3011642032780273,3.5543598073528875,5.214918268996501,0.9999999999999917,0.6283896526828773,0.9706056272172094,1.4240620791667924,density1.0000_damping0.010_lm483_bias_summary.pkl,0.3,0.01,0.17521638344326562,0.23566788275337705,0.7434885967326549,1.3450105413783147
3.6,0.01,1.0,1.0,483,100,50,50,0.22000782559801024,0.22000782559801024,0.06369154600978072,,0.13378464220031092,Peak absolute acceleration,mean,direct_code_bias,success,0.1,Peak absolute acceleration,0.34678909504578864,0.25119375975879293,0.32107704841458773,0.48394666103567835,2.5921442801076813,0.1650976766804689,0.34678909504578975,0.13378464220031092,0.09690577861983748,0.12386542326311009,0.18669742450276514,2.100508632335066,1.521485733835946,1.9447702406860778,2.9312748111671603,0.9999999999999968,0.7243415763278991,0.9258568190334618,1.3955071481465655,density1.0000_damping0.010_lm483_bias_summary.pkl,0.3,0.01,0.13378464220031092,0.23235854175401843,0.5757681262345794,1.7368102790611524
3.65,0.01,1.0,1.0,483,100,50,50,0.32508878420252246,0.29,0.038974683840412784,,0.19492564044569116,Peak absolute acceleration,mean,direct_code_bias,success,0.1,Peak absolute acceleration,0.46346954666774653,0.3257022732133687,0.4707097322754733,0.5863117309389453,2.3776735867484566,0.09266907631922094,0.46346954666773604,0.19492564044569116,0.13698359397547785,0.1979707117490352,0.24659050519240744,5.001339876003664,3.5146813386960805,5.079469343732318,6.326940487884581,1.0000000000000229,0.7027479487166102,1.0156217073156002,1.2650490957915634,density1.0000_damping0.010_lm483_bias_summary.pkl,0.3,0.01,0.19492564044569116,0.22947371502203073,0.8494464842170778,1.1772371992588893
3.7,0.01,1.0,1.0,483,100,50,50,0.2917361308893532,0.2917361308893532,0.03559768104462506,,0.1642585609093611,Peak absolute acceleration,mean,direct_code_bias,success,0.1,Peak absolute acceleration,0.3991095940775984,0.28525139086793033,0.4039952526989963,0.515992018694764,2.429764341463027,0.08649397604100452,0.3991095940776037,0.1642585609093611,0.11739878884557697,0.166269315013381,0.21236298923708427,4.614305092049313,3.297933612540833,4.670790628326218,5.965641103724331,0.9999999999999867,0.7147194532549007,1.0122413960824068,1.2928579677150869,density1.0000_damping0.010_lm483_bias_summary.pkl,0.3,0.01,0.1642585609093611,0.226957243905186,0.7237423141161329,1.3817072464821023
3.75,0.01,1.0,1.0,483,100,50,50,0.30168678449530667,0.29,0.03372995123371468,,0.16677607772228906,Peak absolute acceleration,mean,direct_code_bias,success,0.1,Peak absolute acceleration,0.4003986542963946,0.3228021591500322,0.37433984997067715,0.5020427345528946,2.400815870985571,0.08097940224947335,0.400398654296425,0.16677607772228906,0.13445519210830487,0.15592193241250318,0.20911338542043148,4.9444506031655555,3.986225511464942,4.622655139111153,6.199634976388821,0.9999999999999241,0.8062019082388169,0.9349178523800535,1.2538571974850345,density1.0000_damping0.010_lm483_bias_summary.pkl,0.3,0.01,0.16677607772228906,0.2247619226491524,0.742012151153421,1.3476868248659726
3.8,0.01,1.0,1.0,483,100,50,50,0.3109219816262969,0.29,0.03050625038861953,,0.15875672043951194,Peak absolute acceleration,mean,direct_code_bias,success,0.1,Peak absolute acceleration,0.37709547247416336,0.306457651869334,0.3579836533189146,0.4761382664680198,2.375303996140692,0.07246161845535647,0.37709547247415054,0.15875672043951194,0.1290182866560471,0.150710668571498,0.20045361235514783,5.204071900581291,4.229241057569563,4.940320971984196,6.570903005173258,1.000000000000034,0.8126792131940573,0.9493183542357537,1.2626464681319094,density1.0000_damping0.010_lm483_bias_summary.pkl,0.3,0.01,0.15875672043951194,0.22284675321388123,0.7124031117794554,1.403699651875766
3.85,0.01,1.0,1.0,483,100,50,50,0.30973195056485153,0.29,0.026768202751865547,,0.15764096099545963,Peak absolute acceleration,mean,direct_code_bias,success,0.1,Peak absolute acceleration,0.37214937083010113,0.28651191515619256,0.3509900252337001,0.48892854948080866,2.36074030810317,0.06319277521180698,0.3721493708300971,0.15764096099545963,0.12136528281943976,0.1486779481965625,0.20710814645836992,5.889112633251917,4.533934681549806,5.554274583720464,7.737095701874744,1.0000000000000107,0.7698841852590371,0.9431428688185068,1.3137965231278774,density1.0000_damping0.010_lm483_bias_summary.pkl,0.3,0.01,0.15764096099545963,0.2211759837709719,0.712739956245425,1.4030362564038301
3.9,0.01,1.0,1.0,483,100,50,50,0.3454913548075916,0.29,0.022765258029115755,,0.1743286668538946,Peak absolute acceleration,mean,direct_code_bias,success,0.1,Peak absolute acceleration,0.40006185482733964,0.31294436957888405,0.38803121044138217,0.4965660940251051,2.2948713028513703,0.05224333735302523,0.400061854827351,0.1743286668538946,0.13636684950047162,0.1690862620310144,0.21638080244766814,7.657662681922318,5.990129755000472,7.427381750505888,9.50486931318431,0.9999999999999716,0.7822399606529269,0.9699280392749248,1.241223295931078,density1.0000_damping0.010_lm483_bias_summary.pkl,0.3,0.01,0.1743286668538946,0.2197184257358352,0.7934185140370652,1.2603688750742408
4.0,0.01,1.0,1.0,483,100,50,50,0.3667471133749239,0.29,0.013180629405809996,,0.17631634183162995,Peak absolute acceleration,mean,direct_code_bias,success,0.1,Peak absolute acceleration,0.39481785326301405,0.31704377618725854,0.3963290583032245,0.4512070143438725,2.2392584213211397,0.02951483539527338,0.39481785326302143,0.17631634183162995,0.14158427324355263,0.1769912103621316,0.201498411281028,13.376928855454223,10.741844633090217,13.428130395966708,15.287465042618214,0.9999999999999813,0.8030127654233735,1.0038276005700186,1.1428232300409311,density1.0000_damping0.010_lm483_bias_summary.pkl,0.3,0.01,0.17631634183162995,0.2173375820959405,0.8112556518356516,1.2326570517410294
4.1,0.01,1.0,1.0,483,100,50,50,0.3343397281403886,0.29,0.0021653148614332526,,0.1517535502065812,Peak absolute acceleration,mean,direct_code_bias,success,0.1,Peak absolute acceleration,0.34508048792392026,0.2635370671799727,0.3443162460914817,0.41490378924918103,2.2739533108396093,0.004923824898166345,0.3450804879239235,0.1517535502065812,0.11589378986970811,0.15141746510369214,0.18245923839834097,70.08382610283923,53.52283491602537,69.9286130625211,84.26452967563755,0.9999999999999906,0.7636973877180565,0.9977853229632321,1.2023391752611954,density1.0000_damping0.010_lm483_bias_summary.pkl,0.3,0.01,0.1517535502065812,0.2155256182012931,0.7041091053261588,1.4202344387192216
4.2,0.01,1.0,1.0,483,100,50,50,0.33703256989968366,0.29,0.00045752291217920774,,0.1528371707530278,Peak absolute acceleration,mean,direct_code_bias,success,0.1,Peak absolute acceleration,0.3436329820260345,0.2808776845381785,0.3430638122482106,0.40782026236518487,2.2483600051803947,0.001028676217197397,0.3436329820260336,0.1528371707530278,0.12492558304320246,0.15258402189051803,0.18138565951428398,334.0535887592055,273.0477091260288,333.5002856223112,396.45153212181873,1.0000000000000027,0.8173769667921434,0.9983436695323387,1.1867902200793068,density1.0000_damping0.010_lm483_bias_summary.pkl,0.3,0.01,0.1528371707530278,0.21414660569476313,0.7137034474918403,1.4011421739859755
4.25,0.01,1.0,1.0,483,100,50,50,0.2714521990068337,0.2714521990068337,0.0,,0.1628923247754471,Peak absolute acceleration,mean,direct_code_bias,success,0.1,Peak absolute acceleration,0.33537414726827114,0.271408429090297,0.34673899749224824,0.3788321445075748,2.058870163039274,0.0,0.3353741472682733,0.1628923247754471,0.13182396537800511,0.16841226985406266,0.18400001676081817,,,,,0.9999999999999934,0.8092705752694506,1.0338870790027948,1.129580641779578,density1.0000_damping0.010_lm483_bias_summary.pkl,0.3,0.01,0.1628923247754471,0.21358608560313375,0.7626541977931922,1.3112102482272865
4.3,0.01,1.0,1.0,483,100,50,50,0.35887441591924113,0.29,0.0,,0.21197651714460405,Peak absolute acceleration,mean,direct_code_bias,success,0.1,Peak absolute acceleration,0.3482538205901396,0.2990555747715135,0.34749408612740085,0.39363464626918454,1.642888680695566,0.0,0.3482538205901358,0.21197651714460405,0.1820303336954634,0.21151407895772878,0.239599098158329,,,,,1.0000000000000107,0.8587287693348113,0.9978184461510068,1.1303096276220266,density1.0000_damping0.010_lm483_bias_summary.pkl,0.3,0.01,0.21197651714460405,0.21309709499602145,0.9947414681958191,1.0052863301393566
4.35,0.01,1.0,1.0,483,100,50,50,0.28711955986666843,0.28711955986666843,0.0,,0.22203163792603478,Peak absolute acceleration,mean,direct_code_bias,success,0.1,Peak absolute acceleration,0.31937463056377324,0.2641105095414033,0.31731940988217233,0.40162318734520075,1.4384194682658977,0.0,0.31937463056377885,0.22203163792603478,0.1836116066058287,0.2206028330975805,0.27921145132259784,,,,,0.9999999999999823,0.8269614561281212,0.9935648593065186,1.2575300255885447,density1.0000_damping0.010_lm483_bias_summary.pkl,0.3,0.01,0.22203163792603478,0.21267050580249414,1.0440170680377765,0.9578387467165418
4.4,0.01,1.0,1.0,483,100,50,50,0.2974205892572841,0.29,0.0,,0.2824239924752216,Peak absolute acceleration,mean,direct_code_bias,success,0.1,Peak absolute acceleration,0.3207719828610061,0.2731567528181404,0.32301058872776045,0.3595696486885615,1.135781631191086,0.0,0.32077198286101066,0.2824239924752216,0.24050111862760348,0.2843949751054008,0.3165834336583551,,,,,0.9999999999999859,0.8515605084390996,1.0069788073346784,1.1209509180992336,density1.0000_damping0.010_lm483_bias_summary.pkl,0.3,0.01,0.2824239924752216,0.21229835480943324,1.33031644417938,0.751700848602865
1.5,0.01,1.0,1.0,580,100,50,50,0.23885040328604532,0.23885040328604532,0.16174100011293296,0.5876839776124306,0.09505259428938104,Peak absolute acceleration,mean,theory_times_residual,success,0.1,Peak absolute acceleration,0.4836872412354323,0.40207949929183784,0.4842207366651785,0.5402691464665841,5.088627457794328,0.8230396942256222,0.48368724123538837,0.0950525942893621,0.07901531456698929,0.09515743502179361,0.10617188052134681,0.5876839776124306,0.4885298997275515,0.5883321789488779,0.6564314579929345,1.0000000000000908,0.8312799367311907,1.0011029760231582,1.116980355087886,density1.0000_damping0.010_lm580_bias_summary.pkl,0.25,0.01,0.09505259428938104,0.13502087672547744,0.7039844251837386,1.4204859713183182
1.6,0.01,1.0,1.0,580,100,50,50,0.2488311501481498,0.2488311501481498,0.214627801838074,0.32318077596669065,0.06936357954205387,Peak absolute acceleration,mean,theory_times_residual,success,0.1,Peak absolute acceleration,0.48990089341085835,0.42810561001949593,0.4968098079767549,0.562974199008678,7.062797171733287,1.5158726317971067,0.48990089341086607,0.06936357954204585,0.060614173054956096,0.07034179177126679,0.07970980693907112,0.32318077596669065,0.28241529073057114,0.32773849039531366,0.3713862149099277,0.9999999999999843,0.8738616642212487,1.014102678028992,1.149159363823669,density1.0000_damping0.010_lm580_bias_summary.pkl,0.25,0.01,0.06936357954205387,0.13510798147502553,0.5133936484342675,1.9478230847805662
1.7,0.01,1.0,1.0,580,100,50,50,0.2191941682079055,0.2191941682079055,0.26816042407513707,0.24500243023007515,0.06569995558993613,Peak absolute acceleration,mean,theory_times_residual,success,0.1,Peak absolute acceleration,0.6105924011091256,0.5306256331208902,0.5915364893182007,0.7310730157814996,9.293650134561762,2.4921891612900935,0.6105924011091521,0.06569995558993763,0.05709550342847198,0.06364953282654365,0.0786637118028301,0.24500243023007515,0.2129154726145303,0.2373561760504524,0.2933457167444931,0.9999999999999566,0.8690341251496073,0.9687911088373585,1.1973175795399555,density1.0000_damping0.010_lm580_bias_summary.pkl,0.25,0.01,0.06569995558993613,0.13717433593562506,0.4789522408970567,2.087890847168812
1.75,0.01,1.0,1.0,580,100,50,50,0.21907769442747962,0.21907769442747962,0.2965954893261232,0.2455917605284713,0.072841408388406,Peak absolute acceleration,mean,theory_times_residual,success,0.1,Peak absolute acceleration,0.6766883071485296,0.5052303336442733,0.707391699550626,0.8181893228898952,9.28988499975458,2.7553379872859436,0.6766883071484288,0.07284140838841452,0.05438499331882154,0.07614644310121318,0.08807313792490544,0.2455917605284713,0.18336419559980519,0.2567350005025769,0.29694699041108424,1.000000000000149,0.746621935545656,1.045373020455432,1.2091081141002025,density1.0000_damping0.010_lm580_bias_summary.pkl,0.25,0.01,0.072841408388406,0.1410688938101455,0.5163534385294668,1.9366579660010956
1.8,0.01,1.0,1.0,580,100,50,50,0.25945747437217687,0.25945747437217687,0.27496496601666737,0.3198382687536118,0.0879443186986666,Peak absolute acceleration,mean,theory_times_residual,success,0.1,Peak absolute acceleration,0.7903755262150226,0.5863649523392106,0.7928119926108312,0.9693005763478515,8.987226666945569,2.471172475060795,0.7903755262151198,0.0879443186986673,0.06524425988896246,0.08821542195288586,0.10785313559664357,0.3198382687536118,0.23728208300182893,0.32082422437605324,0.392243190683809,0.999999999999877,0.7418814637987883,1.0030826693323605,1.2263797956770652,density1.0000_damping0.010_lm580_bias_summary.pkl,0.25,0.01,0.0879443186986666,0.14908280491797507,0.5899024957777156,1.6951954045922404
1.85,0.01,1.0,1.0,580,100,50,50,0.26439310142071515,0.26439310142071515,0.28953643625320846,0.3245891774391072,0.09398039368207943,Peak absolute acceleration,mean,theory_times_residual,success,0.1,Peak absolute acceleration,0.840841643329068,0.6701501965411657,0.8300165571727999,1.0674398372734482,8.946990009144224,2.5904796024408716,0.8408416433289666,0.09398039368208638,0.07490230746387805,0.09277047994068238,0.11930714532848219,0.3245891774391072,0.25869734542967204,0.3204103813018714,0.41206262974147956,1.0000000000001206,0.7969992945258773,0.9871258919654486,1.2694897377434342,density1.0000_damping0.010_lm580_bias_summary.pkl,0.25,0.01,0.09398039368207943,0.1637193375262104,0.5740335570747415,1.7420584348693686
1.9,0.01,1.0,1.0,580,100,50,50,0.20311651985545773,0.20311651985545773,0.37584755417742777,0.3014521030187001,0.11330003562122043,Peak absolute acceleration,mean,theory_times_residual,success,0.1,Peak absolute acceleration,1.0646406103727226,0.9618002087609918,1.0440328170047506,1.2199880611727543,9.396648505318991,3.5317073581891023,1.0646406103727462,0.1133000356212197,0.10235566523708566,0.11110693524545202,0.12983225460462608,0.3014521030187001,0.2723329288681945,0.29561702347277236,0.3454386044596595,0.9999999999999778,0.9034036456905882,0.9806434273056892,1.145915390871309,density1.0000_damping0.010_lm580_bias_summary.pkl,0.25,0.01,0.11330003562122043,0.18826006969519155,0.6018272265842669,1.6616064475440602
1.95,0.01,1.0,1.0,580,100,50,50,0.28624775182348156,0.28624775182348156,0.29580017294347183,0.38057134061238945,0.11257306837047372,Peak absolute acceleration,mean,theory_times_residual,success,0.1,Peak absolute acceleration,0.9887519430915487,0.7261550767087982,0.9101878562981021,1.3220514389767788,8.783201501070401,2.598072523013731,0.9887519430916332,0.11257306837046267,0.08267544318780598,0.1036282563012107,0.1505204496123266,0.38057134061238945,0.2794976161275389,0.35033196657739785,0.5088585585144544,0.9999999999999146,0.7344158277335505,0.9205421669788314,1.3370911159405499,density1.0000_damping0.010_lm580_bias_summary.pkl,0.25,0.01,0.11257306837047372,0.22684422009746757,0.4962571597464336,2.015084277093095
2.0,0.01,1.0,1.0,580,100,50,50,0.27008982214932203,0.27008982214932203,0.31086356780516616,0.4567148157142955,0.14197599708242487,Peak absolute acceleration,mean,theory_times_residual,success,0.1,Peak absolute acceleration,1.259825050942658,0.8816708345182778,1.1920067529458982,1.816391260449619,8.873507331041662,2.758450147872495,1.2598250509429871,0.1419759970824036,0.09935990377040443,0.13433321329165662,0.20469823179110314,0.4567148157142955,0.31962543720367126,0.43212916277107827,0.6584825402230103,0.9999999999997388,0.6998359286937036,0.9461684795469606,1.4417805544428874,density1.0000_damping0.010_lm580_bias_summary.pkl,0.25,0.01,0.14197599708242487,0.2845438150460503,0.4989600531623241,2.0041684572981517
2.05,0.01,1.0,1.0,580,100,50,50,0.20181181040178844,0.20181181040178844,0.3285526227235345,0.43363265654290356,0.14247114660574461,Peak absolute acceleration,mean,theory_times_residual,success,0.1,Peak absolute acceleration,1.3371619445393303,1.0622452035781866,1.3393071305950068,1.6520633887042389,9.38549296749666,3.0836283300241516,1.3371619445393417,0.14247114660573698,0.11317947893167656,0.14269971063142065,0.1760230809852585,0.43363265654290356,0.3444790000258776,0.4343283260030618,0.5357530843191143,0.9999999999999911,0.7944028080638617,1.0016042829101035,1.2354998550855276,density1.0000_damping0.010_lm580_bias_summary.pkl,0.25,0.01,0.14247114660574461,0.36743540302041444,0.3877447448846614,2.5790162553910334
2.1,0.01,1.0,1.0,580,100,50,50,0.21306983377640656,0.21306983377640656,0.3028733836677768,0.5219081298245913,0.1580720812436953,Peak absolute acceleration,mean,theory_times_residual,success,0.1,Peak absolute acceleration,1.4685205494356746,1.1008412545680113,1.4336906263664857,1.9312437868230392,9.290195573320277,2.813752968226862,1.4685205494358056,0.1580720812436924,0.11849494942059385,0.15432297577069096,0.2078797772965312,0.5219081298245913,0.3912359283131122,0.5095296717785258,0.6863586848706367,0.9999999999999107,0.7496260471063521,0.976282304607381,1.3150948330719705,density1.0000_damping0.010_lm580_bias_summary.pkl,0.25,0.01,0.1580720812436953,0.48266884007618616,0.32749593120353604,3.0534730502603376
2.15,0.01,1.0,1.0,580,100,50,50,0.21592486561089155,0.21592486561089155,0.37681827585269234,0.5654136915474426,0.21305821239241332,Peak absolute acceleration,mean,theory_times_residual,success,0.1,Peak absolute acceleration,1.4796246081893276,1.143492919456556,1.4183379442645199,1.9519291388880653,6.944696435658626,2.616888537205109,1.479624608189284,0.21305821239240416,0.16465700553664425,0.20423325301619272,0.2810675969745172,0.5654136915474426,0.4369666125244409,0.5419940223282624,0.7458969349045205,1.0000000000000295,0.7728263730730492,0.9585795859398656,1.3192056472193796,density1.0000_damping0.010_lm580_bias_summary.pkl,0.25,0.01,0.21305821239241332,0.638533545420952,0.3336680021281598,2.996991001899954
2.2,0.01,1.0,1.0,580,100,50,50,0.21726699019973572,0.21726699019973572,0.5281370697416686,0.658210578176958,0.3476254060313481,Peak absolute acceleration,mean,theory_times_residual,success,0.1,Peak absolute acceleration,1.6060030318495115,1.0780041882361395,1.6059557654976495,2.080429977890895,4.619924217232612,2.4399532385177536,1.606003031849492,0.3476254060313409,0.23333806736809998,0.3476151750514288,0.450316905660651,0.658210578176958,0.44181346233135843,0.6581912063500246,0.8526515775174178,1.0000000000000122,0.6712342174066118,0.9999705689522963,1.2954084996309425,density1.0000_damping0.010_lm580_bias_summary.pkl,0.25,0.01,0.3476254060313481,0.8445225405156471,0.4116235971855764,2.429403967210296
2.25,0.01,1.0,1.0,580,100,50,50,0.2286579617391773,0.2286579617391773,0.9699096159019155,0.7297969624022415,0.7078370914899427,Peak absolute acceleration,mean,theory_times_residual,success,0.1,Peak absolute acceleration,1.6181295064454426,1.261095596798005,1.615409485995421,2.167624314230819,2.286019658901052,2.217232449309072,1.6181295064452372,0.7078370914899824,0.551655621983691,0.7066472415079708,0.9482089560300857,0.7297969624022415,0.5687701337723902,0.7285701986270363,0.9776261009107496,1.0000000000001268,0.7793539341411698,0.9983190341446824,1.339586420986001,density1.0000_damping0.010_lm580_bias_summary.pkl,0.25,0.01,0.7078370914899427,1.1113945233157005,0.6368909299447444,1.5701275571421391
2.3,0.01,1.0,1.0,580,100,50,50,0.25898274904302393,0.25898274904302393,0.8663794382282377,0.8640745124694315,0.7486163907006044,Peak absolute acceleration,mean,theory_times_residual,success,0.1,Peak absolute acceleration,1.6682274871777467,1.237768284437529,1.6193252220147656,2.129984124521732,2.2284143226097455,1.9306523489625136,1.6682274871777634,0.7486163907006521,0.5554480025904479,0.7266715195576099,0.9558294895660426,0.8640745124694315,0.6411140178099264,0.8387451126998355,1.1032458151600075,0.9999999999999899,0.7419661250945655,0.9706860931504441,1.2767947662372767,density1.0000_damping0.010_lm580_bias_summary.pkl,0.25,0.01,0.7486163907006044,0.9963337703333882,0.7513710896802168,1.3309002884654364
2.35,0.01,1.0,1.0,580,100,50,50,0.26347925456941135,0.26347925456941135,0.8054939428672647,0.9511074780240185,0.766111312564107,Peak absolute acceleration,mean,theory_times_residual,success,0.1,Peak absolute acceleration,1.6990323750012808,1.4200267806732194,1.6635204772511725,2.120639554090823,2.217735656865295,1.7863726384857368,1.6990323750013183,0.7661113125641016,0.6403047974979967,0.7500986296998581,0.9562183606175525,0.9511074780240185,0.7949219273068023,0.931228144348033,1.18712048561628,0.9999999999999778,0.8357855927684237,0.9790987515761032,1.2481454652029087,density1.0000_damping0.010_lm580_bias_summary.pkl,0.25,0.01,0.766111312564107,0.8959562311589437,0.8550767168314731,1.169485708493531
2.4,0.01,1.0,1.0,580,100,50,50,0.25619829788782306,0.25619829788782306,0.759074517761217,0.9029251588820922,0.6853874795528945,Peak absolute acceleration,mean,theory_times_residual,success,0.1,Peak absolute acceleration,1.5267979672893757,1.3455352318333165,1.4794531719932036,1.8426797046881387,2.227642046051465,1.6909463118512476,1.526797967289314,0.6853874795529434,0.6040177030319127,0.6641341568388692,0.8271884201298503,0.9029251588820922,0.7957291265860622,0.8749261650853353,1.0897328269818178,1.0000000000000402,0.8812791611336682,0.9689907922918141,1.2068916413084063,density1.0000_damping0.010_lm580_bias_summary.pkl,0.25,0.01,0.6853874795528945,0.8083881411771641,0.8478445497170083,1.1794614948386681
2.45,0.01,1.0,1.0,580,100,50,50,0.20063210712819213,0.20063210712819213,0.7006772659892252,0.894065685456055,0.6264515001001312,Peak absolute acceleration,mean,theory_times_residual,success,0.1,Peak absolute acceleration,1.4580400072330137,1.2027968017574366,1.505391938668442,1.6472534259273708,2.3274587210661113,1.6307974133793988,1.4580400072330637,0.626451500100138,0.516785449671256,0.646796407189935,0.7077476438219421,0.894065685456055,0.7375513303427166,0.9231017453902586,1.0100907767040612,0.9999999999999657,0.824940876649877,1.0324764280818592,1.1297724464045258,density1.0000_damping0.010_lm580_bias_summary.pkl,0.25,0.01,0.6264515001001312,0.73199485198746,0.8558140790187437,1.1684780894777311
2.5,0.01,1.0,1.0,580,100,50,50,0.29118044509501445,0.29118044509501445,0.6358004064197954,0.9924465554640846,0.630997923313991,Peak absolute acceleration,mean,theory_times_residual,success,0.1,Peak absolute acceleration,1.362173364352589,0.9752220549275368,1.3890411341162046,1.6526108690609518,2.1587604554998223,1.3725407749696041,1.362173364352804,0.630997923313915,0.4517509353309613,0.6434438478699097,0.7655369380380461,0.9924465554640846,0.7105231937092242,1.0120217624477976,1.2040522942551926,0.9999999999998422,0.715930938343435,1.0197241925782083,1.213216255954425,density1.0000_damping0.010_lm580_bias_summary.pkl,0.25,0.01,0.630997923313991,0.665350318086099,0.9483694621638968,1.0544413753244857
2.55,0.01,1.0,1.0,580,100,50,50,0.26517816463187394,0.26517816463187394,0.5381489766745366,1.165276062246799,0.6270921204414486,Peak absolute acceleration,mean,theory_times_residual,success,0.1,Peak absolute acceleration,1.3808278659501017,1.058214896170235,1.4071438448864901,1.7006058282269736,2.2019537814922634,1.1849791741947322,1.3808278659500506,0.6270921204414722,0.4805799763213391,0.6390433154018651,0.7723167681905084,1.165276062246799,0.893024045666759,1.1874840297026594,1.4351356253856886,1.0000000000000369,0.7663626453845873,1.019058116935041,1.2315842330259654,density1.0000_damping0.010_lm580_bias_summary.pkl,0.25,0.01,0.6270921204414486,0.6072104922143131,1.0327425637107426,0.9682955221744143
2.6,0.01,1.0,1.0,580,100,50,50,0.20608456550697526,0.20608456550697526,0.2383410730198162,2.028092754680405,0.4833778033342425,Peak absolute acceleration,mean,theory_times_residual,success,0.1,Peak absolute acceleration,1.1146559854945,0.682167479579948,1.1362663574098721,1.5150154552204316,2.305972632184976,0.5496079915093194,1.1146559854944398,0.4833778033342621,0.29582635546440744,0.4927492813881432,0.6569962861115617,2.028092754680405,1.2411891568508624,2.067412364746529,2.75653825749501,1.000000000000054,0.6119982204889446,1.0193874811571093,1.3591776072044328,density1.0000_damping0.010_lm580_bias_summary.pkl,0.25,0.01,0.4833778033342425,0.5564902987015141,0.8686185625556412,1.1512533154459232
2.65,0.01,1.0,1.0,580,100,50,50,0.2602118263631373,0.2602118263631373,0.28369893296731785,1.9096421447451928,0.5417634388136315,Peak absolute acceleration,mean,theory_times_residual,success,0.1,Peak absolute acceleration,1.1935418750938889,0.808333892380443,1.2509508737245683,1.61733327331125,2.20306833127683,0.6250081348372973,1.19354187509395,0.5417634388136064,0.3669127647583939,0.5678220942877228,0.7341276030117022,1.9096421447451928,1.293317394326186,2.0014953470169106,2.5876995564742136,0.999999999999949,0.6772564157556807,1.0480996937171554,1.3550704060416323,density1.0000_damping0.010_lm580_bias_summary.pkl,0.25,0.01,0.5417634388136315,0.5122452421587365,1.0576251260635823,0.9455146018721108
2.7,0.01,1.0,1.0,580,100,50,50,0.21795356513856856,0.21795356513856856,0.14063958775958502,3.1948620665198226,0.44932408398408374,Peak absolute acceleration,mean,theory_times_residual,success,0.1,Peak absolute acceleration,1.022345704018161,0.7790511692967025,1.0631202175837549,1.2133939997073722,2.2752969192151777,0.3199968207490743,1.0223457040181583,0.4493240839840807,0.3423953870448794,0.4672446082115994,0.5332903980399667,3.1948620665198226,2.4345590917842146,3.3222836873663852,3.791893922155107,1.0000000000000024,0.7620232238808972,1.0398832932982838,1.1868724981562797,density1.0000_damping0.010_lm580_bias_summary.pkl,0.25,0.01,0.44932408398408374,0.47366695933608444,0.9486076136994656,1.0541766538222397
2.75,0.01,1.0,1.0,580,100,50,50,0.28411772596428025,0.28411772596428025,0.16406799191794671,3.178985838257016,0.5215698228184192,Peak absolute acceleration,mean,theory_times_residual,success,0.1,Peak absolute acceleration,1.1233611601803306,0.9144358341798027,1.0379151419091817,1.463379281338252,2.1538078144744013,0.3533709230979936,1.1233611601803508,0.5215698228184148,0.4245670519135685,0.4818977510128807,0.6794381891939434,3.178985838257016,2.587750645024689,2.937183209104492,4.141198909375011,0.9999999999999822,0.8140176700011543,0.9239371795109499,1.3026792568681231,density1.0000_damping0.010_lm580_bias_summary.pkl,0.25,0.01,0.5215698228184192,0.44013595665836874,1.1850197988328635,0.8438677573023601
2.8,0.01,1.0,1.0,580,100,50,50,0.24574774174015004,0.24574774174015004,0.11086933060204646,3.580826462226135,0.3970038328691058,Peak absolute acceleration,mean,theory_times_residual,success,0.1,Peak absolute acceleration,0.8795744965802527,0.590619876079132,0.917509241050628,1.163233229677478,2.215531498080842,0.24563449411995156,0.879574496580232,0.3970038328690726,0.2665815749361922,0.414126019804007,0.5250357445538936,3.580826462226135,2.4044663523141523,3.735262200603542,4.735626540747296,1.0000000000000233,0.6714836302956149,1.0431285179571321,1.322495404539474,density1.0000_damping0.010_lm580_bias_summary.pkl,0.25,0.01,0.3970038328691058,0.4114530731468207,0.9648824101198299,1.0363957198430347
2.85,0.01,1.0,1.0,580,100,50,50,0.22539949160361797,0.22539949160361797,0.10649794941198469,3.4928303623100665,0.3719792712299416,Peak absolute acceleration,mean,theory_times_residual,success,0.1,Peak absolute acceleration,0.8360740921432491,0.4969117188386885,0.7881263702867771,1.2046374396903037,2.2476362442960283,0.23936865104158442,0.8360740921432844,0.37197927122994573,0.22108191220876308,0.35064676158646946,0.5359574720986947,3.4928303623100665,2.0759264702225453,3.2925212506204895,5.032561425435061,0.9999999999999577,0.5943393336885374,0.9426513483588603,1.4408261791753447,density1.0000_damping0.010_lm580_bias_summary.pkl,0.25,0.01,0.3719792712299416,0.38838153767012046,0.9577676463752864,1.04409457114625
2.9,0.01,1.0,1.0,580,100,50,50,0.2705134040736901,0.2705134040736901,0.09464413445608995,,0.3788348664497338,Peak absolute acceleration,mean,direct_code_bias,success,0.1,Peak absolute acceleration,0.8194212068361106,0.5995509409146892,0.8631133267238107,1.0146626676691501,2.1630036710067095,0.20471561026776772,0.8194212068361078,0.3788348664497338,0.2771844305912089,0.3990346102011462,0.4690989115135916,4.002729473166745,2.928701627250005,4.216157847439478,4.956449907957547,1.0000000000000036,0.7316761342187295,1.0533207092069339,1.2382675224954152,density1.0000_damping0.010_lm580_bias_summary.pkl,0.25,0.01,0.3788348664497338,0.373143321472545,1.0152529729186348,0.9849761849258296
2.95,0.01,1.0,1.0,580,100,50,50,0.25423576010667626,0.25423576010667626,0.08984000210136292,,0.345861418128183,Peak absolute acceleration,mean,direct_code_bias,success,0.1,Peak absolute acceleration,0.756023779633416,0.4558262990465477,0.7886764664976722,1.013428784871796,2.185915340673295,0.19638263879948548,0.7560237796333655,0.345861418128183,0.20852879824071607,0.36079918184514315,0.46361758207874815,3.8497485534113163,2.3211130160643405,4.016019294368188,5.160480534669601,1.0000000000000668,0.6029258752517033,1.0431900262186748,1.3404721017680943,density1.0000_damping0.010_lm580_bias_summary.pkl,0.25,0.01,0.345861418128183,0.3683863750239761,0.9388550760209197,1.0651271165708482
3.0,0.01,1.0,1.0,580,100,50,50,0.2598167422626366,0.2598167422626366,0.15072424777976878,2.1049113035504905,0.3172611728707802,Peak absolute acceleration,mean,theory_times_residual,success,0.1,Peak absolute acceleration,0.6885083069466028,0.48916042893670464,0.6957576307422177,0.8822986555745672,2.1701625216741762,0.3270961136392071,0.688508306946585,0.3172611728708003,0.22540267102177253,0.320601624898339,0.4065587930686021,2.1049113035504905,1.495463897428807,2.1270739752953807,2.697368200918946,1.0000000000000258,0.7104640917203255,1.0105290288039983,1.281464067568638,density1.0000_damping0.010_lm580_bias_summary.pkl,0.25,0.01,0.3172611728707802,0.373329208124801,0.8498161032306115,1.176725171714779
3.1,0.01,1.0,1.0,580,100,50,50,0.2326480189140234,0.2326480189140234,0.11357665778559273,3.438227315820978,0.3905023672380763,Peak absolute acceleration,mean,theory_times_residual,success,0.1,Peak absolute acceleration,0.5746554041402158,0.43477142814524555,0.5400655295182724,0.7646329540206285,1.471579822177793,0.16713711786767063,0.5746554041402239,0.39050236723807646,0.29544535851397224,0.36699710160406296,0.5196000532876615,3.438227315820978,2.6012859004154425,3.231272241668452,4.574884165622744,0.9999999999999858,0.7565776376813735,0.9398076231899298,1.3305938628814278,density1.0000_damping0.010_lm580_bias_summary.pkl,0.25,0.01,0.3905023672380763,0.37618646233617203,1.0380553431215862,0.9633397743446295
3.2,0.01,1.0,1.0,580,100,50,50,0.2946363210532704,0.2946363210532704,0.08139188658699069,,0.3377636783757611,Peak absolute acceleration,mean,direct_code_bias,success,0.1,Peak absolute acceleration,0.5490324282147067,0.3950168835519645,0.5058693422143458,0.7827706887399071,1.6254928027042321,0.1323019258456748,0.5490324282146855,0.3377636783757611,0.2430136158676306,0.31120983210307795,0.4815590000999449,4.149844567305334,2.985722853443092,3.823597721505757,5.916547954509593,1.0000000000000386,0.7194782370805665,0.9213833577359081,1.425727604624884,density1.0000_damping0.010_lm580_bias_summary.pkl,0.25,0.01,0.3377636783757611,0.3243809840121999,1.0412561001512681,0.9603785272948354
3.3,0.01,1.0,1.0,580,100,50,50,0.24018846946115022,0.24018846946115022,0.06595147990737531,,0.23860650823054108,Peak absolute acceleration,mean,direct_code_bias,success,0.1,Peak absolute acceleration,0.4599674705746358,0.2820248627821117,0.46436550234955537,0.6177975224370437,1.927723908227249,0.12713624460041317,0.45996747057464127,0.23860650823054108,0.14629940603966682,0.24088797175140592,0.32048029274336043,3.6179098416844457,2.2182884484948455,3.6525029019776967,4.859334365103907,0.9999999999999881,0.613140886745264,1.0095616148016284,1.3431330734437024,density1.0000_damping0.010_lm580_bias_summary.pkl,0.25,0.01,0.23860650823054108,0.27157491725105765,0.8786028939850814,1.1381706193389434
3.4,0.01,1.0,1.0,580,100,50,50,0.3082860580949342,0.29,0.050260186888795695,,0.2338222738287722,Peak absolute acceleration,mean,direct_code_bias,success,0.1,Peak absolute acceleration,0.4776271366683497,0.3620728469968099,0.4788934693735518,0.6383429119787462,2.042693062758065,0.1026661350906635,0.47762713666833373,0.2338222738287722,0.17725269331846433,0.23444220676352864,0.3125006510360637,4.652236457976738,3.52670183480723,4.664570931307052,6.2176579591218815,1.0000000000000333,0.7580659037139985,1.0026512997440877,1.3364879483847547,density1.0000_damping0.010_lm580_bias_summary.pkl,0.25,0.01,0.2338222738287722,0.2496451171706802,0.9366186548279962,1.0676703852152898
3.45,0.01,1.0,1.0,580,100,50,50,0.2326976737570989,0.2326976737570989,0.055798867857160525,,0.17249540697622304,Peak absolute acceleration,mean,direct_code_bias,success,0.1,Peak absolute acceleration,0.37247608039214625,0.320378635007789,0.36864776550517603,0.437447765085339,2.1593391205105466,0.12048867824416441,0.3724760803921528,0.17249540697622304,0.14836883746728946,0.17072249652848148,0.2025840966480107,3.091378259103662,2.658993688673034,3.059605025777852,3.6306130290422187,0.9999999999999822,0.8601321047796836,0.9897219846091964,1.1744318309642388,density1.0000_damping0.010_lm580_bias_summary.pkl,0.25,0.01,0.17249540697622304,0.24396997133217788,0.707035402899476,1.4143563333591078
3.5,0.01,1.0,1.0,580,100,50,50,0.3204408095132305,0.29,0.04298042544857823,,0.21865302899208994,Peak absolute acceleration,mean,direct_code_bias,success,0.1,Peak absolute acceleration,0.43953912333969286,0.3270022271858794,0.423898889238457,0.5987451066262814,2.0102128260733765,0.08639980250682,0.4395391233396947,0.21865302899208994,0.16267045108085645,0.21087264181199883,0.29785160001980115,5.087270000472487,3.784756651035948,4.906248358669528,6.92993605603461,0.999999999999996,0.7439661450413324,0.9644167418308511,1.3622111771914909,density1.0000_damping0.010_lm580_bias_summary.pkl,0.25,0.01,0.21865302899208994,0.23948108080706892,0.9130284039775176,1.095256177840246
3.55,0.01,1.0,1.0,580,100,50,50,0.24472825180766744,0.24472825180766744,0.05777892270893736,,0.17432843803149745,Peak absolute acceleration,mean,direct_code_bias,success,0.1,Peak absolute acceleration,0.3704182067147908,0.2645203567093851,0.33477243954429625,0.5689077971524414,2.124829493670241,0.1227703590844408,0.37041820671478215,0.17432843803149745,0.12449015673840079,0.15755261329982773,0.26774279952682734,3.017163177473637,2.1545946324670227,2.726818118321553,4.633918165549631,1.0000000000000233,0.714112729650632,0.9037688576740701,1.535852684451048,density1.0000_damping0.010_lm580_bias_summary.pkl,0.25,0.01,0.17432843803149745,0.23566788275337705,0.7397208138621656,1.3518613796722991
3.6,0.01,1.0,1.0,580,100,50,50,0.22999079867008654,0.22999079867008654,0.06206056959308341,,0.15948167813100736,Peak absolute acceleration,mean,direct_code_bias,success,0.1,Peak absolute acceleration,0.3417011814624494,0.26076679791859575,0.33826758769255183,0.42610795517026145,2.1425732752934574,0.13296931785963337,0.34170118146245015,0.15948167813100736,0.12170729511357312,0.1578791220786701,0.1988767245833866,2.569774643975838,1.961105028709476,2.543952192412071,3.2045584803260745,0.9999999999999978,0.7631428044894004,0.9899514723501897,1.2470192621124632,density1.0000_damping0.010_lm580_bias_summary.pkl,0.25,0.01,0.15948167813100736,0.23235854175401843,0.6863602987310834,1.4569607272576217
3.65,0.01,1.0,1.0,580,100,50,50,0.28037904107538486,0.28037904107538486,0.04371715735227212,,0.17869515730371885,Peak absolute acceleration,mean,direct_code_bias,success,0.1,Peak absolute acceleration,0.36642677211098446,0.2896880327459813,0.35660475440549333,0.4438052457995385,2.0505691236399204,0.08964505303987678,0.3664267721109803,0.17869515730371885,0.14127201536701306,0.17390525893245284,0.21643027815212076,4.087529201951466,3.2315004891248096,3.9779635608767494,4.950694218476515,1.0000000000000113,0.7905755113827846,0.9731951416952902,1.2111703608412172,density1.0000_damping0.010_lm580_bias_summary.pkl,0.25,0.01,0.17869515730371885,0.22947371502203073,0.77871732405851,1.2841630320848942
3.7,0.01,1.0,1.0,580,100,50,50,0.23214318523518832,0.23214318523518832,0.06201835677287097,,0.1642911218744414,Peak absolute acceleration,mean,direct_code_bias,success,0.1,Peak absolute acceleration,0.34874391302116803,0.2507605689054997,0.3403472453202996,0.44994837865151593,2.122719164871816,0.13164755449562981,0.3487439130211608,0.1642911218744414,0.11813176846718783,0.1603355031379537,0.21196792590257071,2.649072475043545,1.9047871406819332,2.585291057051863,3.41782557507707,1.0000000000000207,0.7190392707736931,0.975923113243408,1.290197081157985,density1.0000_damping0.010_lm580_bias_summary.pkl,0.25,0.01,0.1642911218744414,0.226957243905186,0.7238857815134523,1.3814334050176909
3.75,0.01,1.0,1.0,580,100,50,50,0.2289950697766805,0.2289950697766805,0.06226267261611744,,0.15051264350191254,Peak absolute acceleration,mean,direct_code_bias,success,0.1,Peak absolute acceleration,0.3189362992711058,0.26054189652100795,0.3152814503501412,0.39505676971945175,2.1190000510957283,0.13193460645491276,0.31893629927110234,0.15051264350191254,0.12295511573314145,0.1487878446190269,0.18643546965238114,2.417381669911593,1.9747805638094305,2.389679696796498,2.9943377278686785,1.0000000000000109,0.8169088846783853,0.9885405050183566,1.2386698241069307,density1.0000_damping0.010_lm580_bias_summary.pkl,0.25,0.01,0.15051264350191254,0.2247619226491524,0.6696536572026951,1.4933092491083408
3.8,0.01,1.0,1.0,580,100,50,50,0.19197844240113815,0.19197844240113815,0.07973819871031505,,0.1417955433569496,Peak absolute acceleration,mean,direct_code_bias,success,0.1,Peak absolute acceleration,0.3086782178170165,0.2565714716075796,0.3069679623251924,0.35828925375965953,2.1769246797832293,0.1735840526939473,0.30867821781702404,0.1417955433569496,0.11785959982461501,0.14100991420417874,0.16458504838823212,1.7782636885501164,1.4780820451285959,1.7684110813245004,2.0640678000033392,0.9999999999999756,0.8311939644528727,0.9944594228127706,1.1607208836875025,density1.0000_damping0.010_lm580_bias_summary.pkl,0.25,0.01,0.1417955433569496,0.22284675321388123,0.63629171756815,1.571606186894725
3.85,0.01,1.0,1.0,580,100,50,50,0.2514392954135272,0.2514392954135272,0.04516501883940487,,0.15739551626361223,Peak absolute acceleration,mean,direct_code_bias,success,0.1,Peak absolute acceleration,0.32406263947246755,0.28322789066683723,0.329406727577057,0.3805900897270586,2.058906423545857,0.09299054740801987,0.3240626394724692,0.15739551626361223,0.137562293957518,0.15999111169401833,0.18485060096689815,3.4848987182596045,3.045770764463857,3.5423678724214893,4.092782549791023,0.9999999999999948,0.8739911861728168,1.0164909108723155,1.174433715489723,density1.0000_damping0.010_lm580_bias_summary.pkl,0.25,0.01,0.15739551626361223,0.2211759837709719,0.7116302302812167,1.4052241704302275
3.9,0.01,1.0,1.0,580,100,50,50,0.2687834651162808,0.2687834651162808,0.03266486907535824,,0.16469419306590893,Peak absolute acceleration,mean,direct_code_bias,success,0.1,Peak absolute acceleration,0.3339994733880545,0.26673756034081775,0.3338997875510339,0.40007958852243153,2.027997873940773,0.06624428503737916,0.33399947338805097,0.16469419306590893,0.13152753450500299,0.1646450382623948,0.1972781104277014,5.0419364206224175,4.026574672672636,5.0404315989315425,6.039458170567946,1.0000000000000109,0.7986167092871843,0.9997015389395503,1.197844968029655,density1.0000_damping0.010_lm580_bias_summary.pkl,0.25,0.01,0.16469419306590893,0.2197184257358352,0.7495693295377993,1.3340994096124938
4.0,0.01,1.0,1.0,580,100,50,50,0.2326137868961633,0.2326137868961633,0.04093099748343601,,0.15154041864577544,Peak absolute acceleration,mean,direct_code_bias,success,0.1,Peak absolute acceleration,0.3135520192527929,0.2721713788867021,0.31673268055201953,0.35369552581627683,2.0690982779037874,0.08469025640585975,0.3135520192527949,0.15154041864577544,0.13154105911413747,0.15307763963387122,0.17094186853927854,3.702338764333911,3.213727179929408,3.739895166146937,4.176342602167449,0.9999999999999937,0.8680262354402812,1.0101439668824468,1.128028218919289,density1.0000_damping0.010_lm580_bias_summary.pkl,0.25,0.01,0.15154041864577544,0.2173375820959405,0.6972582338699211,1.4341888721052396
4.1,0.01,1.0,1.0,580,100,50,50,0.2892763470781083,0.2892763470781083,0.002455488273709488,,0.15526258560734005,Peak absolute acceleration,mean,direct_code_bias,success,0.1,Peak absolute acceleration,0.30449805158254856,0.2550302933552321,0.3049503443084134,0.35104259530602605,1.961181120303032,0.0048156572435246086,0.30449805158254933,0.15526258560734005,0.130039133415595,0.15549320822611934,0.17899550004427162,63.23083977623054,52.95856421221828,63.32476106318945,72.89609238241712,0.9999999999999973,0.8375432684372808,1.0014853714942127,1.1528566225024217,density1.0000_damping0.010_lm580_bias_summary.pkl,0.25,0.01,0.15526258560734005,0.2155256182012931,0.7203903967570575,1.3881362168369307
4.2,0.01,1.0,1.0,580,100,50,50,0.21924179139775277,0.21924179139775277,0.017908764693445236,,0.14416718577778695,Peak absolute acceleration,mean,direct_code_bias,success,0.1,Peak absolute acceleration,0.29621031454497887,0.2637505310478481,0.2865348524075174,0.3469825119382298,2.054630621711272,0.03679589633617477,0.2962103145449787,0.14416718577778695,0.12836883100095828,0.1394580852537215,0.16887829290173484,8.050091016637872,7.167933310773838,7.787141527676806,9.429924162415483,1.0000000000000007,0.8904164308154042,0.9673358365243823,1.1714059062097295,density1.0000_damping0.010_lm580_bias_summary.pkl,0.25,0.01,0.14416718577778695,0.21414660569476313,0.6732172350341978,1.4854046330961848
4.25,0.01,1.0,1.0,580,100,50,50,0.24314215604183284,0.24314215604183284,0.0020390516875451424,,0.16843102329573645,Peak absolute acceleration,mean,direct_code_bias,success,0.1,Peak absolute acceleration,0.2955602662770941,0.2560120068936842,0.29016757407975924,0.35732574307020215,1.7547851963004473,0.0035780977157956946,0.2955602662771006,0.16843102329573645,0.14589364409582747,0.16535788807171925,0.2036293352733654,82.60262568356595,71.54975275367863,81.09548624085915,99.86472462525812,0.9999999999999781,0.8661922325298687,0.9817543397653952,1.2089776057218522,density1.0000_damping0.010_lm580_bias_summary.pkl,0.25,0.01,0.16843102329573645,0.21358608560313375,0.78858612357687,1.2680923111659343
4.3,0.01,1.0,1.0,580,100,50,50,0.20942309164765635,0.20942309164765635,0.006799777741451003,,0.1923675184850234,Peak absolute acceleration,mean,direct_code_bias,success,0.1,Peak absolute acceleration,0.2959079985815995,0.24336307113993533,0.29808428212794036,0.3514563624255406,1.538243051176216,0.010459710860329942,0.29590799858160705,0.1923675184850234,0.158208464490607,0.19378230371332447,0.22847908343015094,28.290265623295184,23.26671113471474,28.49832907508665,33.60096346051905,0.9999999999999746,0.8224281611394814,1.0073545952010932,1.1877217382098382,density1.0000_damping0.010_lm580_bias_summary.pkl,0.25,0.01,0.1923675184850234,0.21309709499602145,0.902722388067327,1.107760274053813
4.35,0.01,1.0,1.0,580,100,50,50,0.27084137353704313,0.27084137353704313,0.0,,0.23678973026348593,Peak absolute acceleration,mean,direct_code_bias,success,0.1,Peak absolute acceleration,0.28746946377413857,0.25648384308725286,0.28790949952304556,0.31908417421022056,1.2140284270532307,0.0,0.2874694637741384,0.23678973026348593,0.2112667523855329,0.23715218944409594,0.26283089184717245,,,,,1.0000000000000002,0.8922124796140761,1.0015307217091165,1.1099758910773267,density1.0000_damping0.010_lm580_bias_summary.pkl,0.25,0.01,0.23678973026348593,0.21267050580249414,1.1134112338237971,0.8981407494566875
4.4,0.01,1.0,1.0,580,100,50,50,0.19873228085771813,0.19873228085771813,0.0006089877329863835,,0.2653153216839985,Peak absolute acceleration,mean,direct_code_bias,success,0.1,Peak absolute acceleration,0.2717887743442327,0.23752226636443455,0.27542331416959565,0.30687080825939267,1.0243990909350662,0.0006238464800618744,0.27178877434423176,0.2653153216839985,0.23186497183204785,0.26886329420518196,0.29956177331169104,435.66611823677545,380.73832898901117,441.49213463908393,491.90116169118494,1.0000000000000036,0.8739222837202347,1.0133726635109683,1.129078303545856,density1.0000_damping0.010_lm580_bias_summary.pkl,0.25,0.01,0.2653153216839985,0.21229835480943324,1.2497285809028345,0.8001737459485635
1.5,0.01,1.0,1.0,725,100,50,50,0.21049665032339646,0.21049665032339646,0.20821104638311566,0.4793841878464579,0.09981308337103108,Peak absolute acceleration,mean,theory_times_residual,success,0.1,Peak absolute acceleration,0.4158468253330323,0.36747740006248936,0.39802640137324685,0.48864260317160885,4.16625567799816,0.8674604542155321,0.41584682533303524,0.09981308337102394,0.08820327614628254,0.09553575971710265,0.11728579351289266,0.4793841878464579,0.4236243834248434,0.4588409759073028,0.5633024546502255,0.999999999999993,0.883684514768608,0.9571466634486948,1.1750543070282533,density1.0000_damping0.010_lm725_bias_summary.pkl,0.2,0.01,0.09981308337103108,0.13502087672547744,0.7392418549760194,1.3527372581364898
1.6,0.01,1.0,1.0,725,100,50,50,0.14227471436310882,0.14227471436310882,0.38241576638477787,0.20722352706002045,0.07924554391361448,Peak absolute acceleration,mean,theory_times_residual,success,0.1,Peak absolute acceleration,0.48952483730051194,0.4186413002013616,0.4958169007328159,0.5464162010989939,6.177316895371244,2.362303374745308,0.4895248373004898,0.07924554391362378,0.06777073400832904,0.08026411937913351,0.08845526469727201,0.20722352706002045,0.17721741613584982,0.2098870560121316,0.23130653198084936,1.0000000000000455,0.8551993041047331,1.0128534099863535,1.116217522510675,density1.0000_damping0.010_lm725_bias_summary.pkl,0.2,0.01,0.07924554391361448,0.13510798147502553,0.5865348815700165,1.7049284389076396
1.7,0.01,1.0,1.0,725,100,50,50,0.22839385474439622,0.22839385474439622,0.25787168924716736,0.2700297657577749,0.06963303184297431,Peak absolute acceleration,mean,theory_times_residual,success,0.1,Peak absolute acceleration,0.513838750028173,0.41239152112713917,0.5333148628742843,0.6063432654255737,7.379238508339728,1.9028966995034997,0.5138387500281567,0.06963303184298116,0.05588537633809645,0.07227234385655819,0.08216881250555978,0.2700297657577749,0.2167177657277663,0.2802647474313429,0.3186422392680484,1.000000000000032,0.8025699134301207,1.0379031609528484,1.1800263514426423,density1.0000_damping0.010_lm725_bias_summary.pkl,0.2,0.01,0.06963303184297431,0.13717433593562506,0.5076243407196432,1.9699606968853445
1.75,0.01,1.0,1.0,725,100,50,50,0.19717361834565594,0.19717361834565594,0.32348980673547234,0.25243946401473333,0.08166159342653231,Peak absolute acceleration,mean,theory_times_residual,success,0.1,Peak absolute acceleration,0.6180056162437703,0.45904088395724757,0.5776719494738268,0.8450928501699912,7.567885836072666,2.4481339265072317,0.6180056162438765,0.0816615934265312,0.06065642292979748,0.07633201160624381,0.11166828734939664,0.25243946401473333,0.1875064427591035,0.2359641942865418,0.3451987822315304,0.9999999999998278,0.7427778516758681,0.9347357601453685,1.3674517317598323,density1.0000_damping0.010_lm725_bias_summary.pkl,0.2,0.01,0.08166159342653231,0.1410688938101455,0.5788773926052099,1.7274815233315228
1.8,0.01,1.0,1.0,725,100,50,50,0.1929774190864139,0.1929774190864139,0.355398043314766,0.2750210288568233,0.09774193552612878,Peak absolute acceleration,mean,theory_times_residual,success,0.1,Peak absolute acceleration,0.7419043232079882,0.6195938386318305,0.7221303071392438,0.924230508806236,7.590440267163068,2.6976276188473776,0.7419043232080235,0.0977419355261293,0.08162818187401455,0.09513681443001994,0.12176243752349135,0.2750210288568233,0.22968101093825766,0.2676908784941156,0.34260863224744653,0.9999999999999524,0.8351398141915152,0.9733469458928664,1.2457543107577902,density1.0000_damping0.010_lm725_bias_summary.pkl,0.2,0.01,0.09774193552612878,0.14908280491797507,0.6556217907216159,1.5252696206135763
1.85,0.01,1.0,1.0,725,100,50,50,0.26410020242168686,0.26410020242168686,0.28981522429172807,0.3680438453907355,0.10666470960110609,Peak absolute acceleration,mean,theory_times_residual,success,0.1,Peak absolute acceleration,0.7636393713753337,0.5991659105605368,0.7825097182783204,0.9293026202394262,7.1592504609180185,2.0748597780914184,0.7636393713753497,0.10666470960109609,0.0836911508867238,0.10930050883818088,0.12980445722809136,0.3680438453907355,0.2887741701329262,0.37713860307134595,0.4478869512301477,0.9999999999999792,0.7846189353508731,1.0247110712337741,1.2169391142912254,density1.0000_damping0.010_lm725_bias_summary.pkl,0.2,0.01,0.10666470960110609,0.1637193375262104,0.6515095358483695,1.5348969508141113
1.9,0.01,1.0,1.0,725,100,50,50,0.16557684567334036,0.16557684567334036,0.42080121179817476,0.3261377586051277,0.13723916403417835,Peak absolute acceleration,mean,theory_times_residual,success,0.1,Peak absolute acceleration,1.0648975093536457,0.8056177836757711,1.0502075928611143,1.3374393437970842,7.759428708619513,3.2651770034483296,1.064897509353699,0.13723916403416545,0.10382436825289156,0.13534599418311527,0.17236312027860995,0.3261377586051277,0.24673020262759537,0.3216387937781008,0.40960699600193934,0.9999999999999499,0.7565214272730449,0.9862053236451833,1.2559324555175218,density1.0000_damping0.010_lm725_bias_summary.pkl,0.2,0.01,0.13723916403417835,0.18826006969519155,0.7289871094617828,1.3717663687335404
1.95,0.01,1.0,1.0,725,100,50,50,0.2014658956145289,0.2014658956145289,0.3713573602895939,0.37884017643015594,0.14068508789074674,Peak absolute acceleration,mean,theory_times_residual,success,0.1,Peak absolute acceleration,1.0582885091994338,0.8646811562715834,1.0077733661727244,1.3332992708469753,7.522392920714387,2.793495978097621,1.0582885091995615,0.14068508789074663,0.11494761911339595,0.13396978551833183,0.1772440345645165,0.37884017643015594,0.3095337036641928,0.36075704925804863,0.4772869842307616,0.9999999999998795,0.8170561701795163,0.9522671345406136,1.2598636943109387,density1.0000_damping0.010_lm725_bias_summary.pkl,0.2,0.01,0.14068508789074674,0.22684422009746757,0.6201837006483215,1.6124254780551461
2.0,0.01,1.0,1.0,725,100,50,50,0.1671231813257857,0.1671231813257857,0.3781382241102528,0.41763598587944206,0.15792413002498681,Peak absolute acceleration,mean,theory_times_residual,success,0.1,Peak absolute acceleration,1.2199766916455401,0.8546725613602436,1.1973055976264582,1.545756594594513,7.725080970541827,2.9211483993089327,1.2199766916452,0.1579241300250051,0.11063606512596826,0.1549893913335229,0.20009584371852815,0.41763598587944206,0.2925810142211319,0.4098749648972676,0.5291605845701638,1.0000000000002789,0.7005646642377034,0.9814167810139318,1.2670378091486179,density1.0000_damping0.010_lm725_bias_summary.pkl,0.2,0.01,0.15792413002498681,0.2845438150460503,0.5550081276567989,1.801775415834361
2.05,0.01,1.0,1.0,725,100,50,50,0.16656912596039397,0.16656912596039397,0.35629330205241927,0.4500539184971863,0.1603511967229929,Peak absolute acceleration,mean,theory_times_residual,success,0.1,Peak absolute acceleration,1.240352911230154,0.9528071794872217,1.1897430587445847,1.678330544885525,7.735227030284261,2.756009580745176,1.2403529112301497,0.16035119672299677,0.12317766185231244,0.1538084214059407,0.21697237047014614,0.4500539184971863,0.34571983571610065,0.4316904654674311,0.6089712302203732,1.0000000000000033,0.7681742598098572,0.9591972155445894,1.3531072726882227,density1.0000_damping0.010_lm725_bias_summary.pkl,0.2,0.01,0.1603511967229929,0.36743540302041444,0.4364064959578335,2.291441601494001
2.1,0.01,1.0,1.0,725,100,50,50,0.23318874432597123,0.23318874432597123,0.2929873990291978,0.6531112807013161,0.19135337540930691,Peak absolute acceleration,mean,theory_times_residual,success,0.1,Peak absolute acceleration,1.3989662005597723,1.0907445977233663,1.372820529219732,1.75208313717976,7.310904224016461,2.142002813146255,1.3989662005598882,0.19135337540931552,0.1491942124122279,0.18777711855532042,0.23965341132826404,0.6531112807013161,0.5092171639687249,0.6409051009616934,0.81796490948872,0.9999999999999173,0.7796790210419904,0.9813107197802975,1.252412772001603,density1.0000_damping0.010_lm725_bias_summary.pkl,0.2,0.01,0.19135337540930691,0.48266884007618616,0.3964485782406985,2.522395223202895
2.15,0.01,1.0,1.0,725,100,50,50,0.17436753338280575,0.17436753338280575,0.4113671380589766,0.612673473553976,0.2520337333805512,Peak absolute acceleration,mean,theory_times_residual,success,0.1,Peak absolute acceleration,1.449788431723657,1.1479244700114029,1.373111252423509,2.0340839732028257,5.752358671505562,2.36633132378618,1.449788431723529,0.2520337333805724,0.1995571791615972,0.2387040396533767,0.35360868286581404,0.612673473553976,0.48510724532636434,0.5802700740260254,0.8595939008017899,1.0000000000000882,0.7917875773410152,0.9471114697688234,1.403021246889574,density1.0000_damping0.010_lm725_bias_summary.pkl,0.2,0.01,0.2520337333805512,0.638533545420952,0.3947071147443329,2.533524131298791
2.2,0.01,1.0,1.0,725,100,50,50,0.14942103261530107,0.14942103261530107,0.6117410609625374,0.6407000329772453,0.3919425179322328,Peak absolute acceleration,mean,theory_times_residual,success,0.1,Peak absolute acceleration,1.5341008910742167,1.1751011417776343,1.5021920199591143,2.054152117309709,3.9140966363321943,2.3944136290199016,1.5341008910741345,0.39194251793225665,0.30022282303147046,0.3837902227592373,0.5248087383030494,0.6407000329772453,0.49076781368749345,0.6273736507981715,0.8578935954981716,1.0000000000000535,0.7659868712773261,0.9792002786122636,1.3389941491210848,density1.0000_damping0.010_lm725_bias_summary.pkl,0.2,0.01,0.3919425179322328,0.8445225405156471,0.46409953450495495,2.1547101982481673
2.25,0.01,1.0,1.0,725,100,50,50,0.19692841540645326,0.19692841540645326,1.0245754617622773,0.7684912462799613,0.7873772735175594,Peak absolute acceleration,mean,theory_times_residual,success,0.1,Peak absolute acceleration,1.4781402568184243,1.1032118782724032,1.5226246605040052,1.7829280865814479,1.8772960644585004,1.9234314821068736,1.4781402568184128,0.7873772735174773,0.5876600389031449,0.8110732714624855,0.9497319684072993,0.7684912462799613,0.5735644282290604,0.7916188721399965,0.9269517022922374,1.0000000000000078,0.7463512837726136,1.030094846196356,1.2061968262870184,density1.0000_damping0.010_lm725_bias_summary.pkl,0.2,0.01,0.7873772735175594,1.1113945233157005,0.7084588388725618,1.4115146076678262
2.3,0.01,1.0,1.0,725,100,50,50,0.19289984812355473,0.19289984812355473,0.9671626496871052,0.8436312110562803,0.8159285974439335,Peak absolute acceleration,mean,theory_times_residual,success,0.1,Peak absolute acceleration,1.5351608242144408,1.2767499794056314,1.5238469876721648,1.894258118823456,1.8814891756750711,1.819706056503435,1.5351608242145396,0.8159285974439001,0.678584812451838,0.8099153624550692,1.0067866152585243,0.8436312110562803,0.7016242952221121,0.8374138131958722,1.0409692884483073,0.9999999999999356,0.8316718087558526,0.9926301945933492,1.2339150979785114,density1.0000_damping0.010_lm725_bias_summary.pkl,0.2,0.01,0.8159285974439335,0.9963337703333882,0.818930986521574,1.2211041180007804
2.35,0.01,1.0,1.0,725,100,50,50,0.21862299955352948,0.21862299955352948,0.8610076462880862,0.8716953795222055,0.7505363870026143,Peak absolute acceleration,mean,theory_times_residual,success,0.1,Peak absolute acceleration,1.380607611618928,1.1427507775235382,1.369542126500561,1.656345644576746,1.8394945741839754,1.5838188936778212,1.380607611618985,0.7505363870026005,0.6212308498004011,0.7445208840086459,0.9004351890037638,0.8716953795222055,0.7215160660635452,0.8647087946528511,1.045792325870358,0.9999999999999588,0.8277158317151958,0.9919850614864799,1.199722231456057,density1.0000_damping0.010_lm725_bias_summary.pkl,0.2,0.01,0.7505363870026143,0.8959562311589437,0.8376931382370589,1.193754555641315
2.4,0.01,1.0,1.0,725,100,50,50,0.1487691969105504,0.1487691969105504,0.7228254947945932,0.8807136581524625,0.63660228572641,Peak absolute acceleration,mean,theory_times_residual,success,0.1,Peak absolute acceleration,1.2405920843786975,0.9528207715102329,1.2488958317185332,1.5261300306498082,1.948771017940973,1.4086213752846506,1.240592084378655,0.6366022857264569,0.4889341860784453,0.6408633031899705,0.7831243468831358,0.8807136581524625,0.6764207815018349,0.8866086044350701,1.083421036644011,1.0000000000000344,0.7680371199429737,1.0066933744334159,1.2301626375555699,density1.0000_damping0.010_lm725_bias_summary.pkl,0.2,0.01,0.63660228572641,0.8083881411771641,0.7874958244679593,1.2698480029092791
2.45,0.01,1.0,1.0,725,100,50,50,0.21307790974334542,0.21307790974334542,0.7051391699121492,0.9888734452187267,0.6972934003097001,Peak absolute acceleration,mean,theory_times_residual,success,0.1,Peak absolute acceleration,1.2850167472319267,0.8755979030390718,1.2164696865623656,1.7426212592097325,1.842863773931037,1.2994754318108894,1.2850167472319158,0.6972934003096932,0.47512893542387147,0.6600974547171754,0.9456050327000157,0.9888734452187267,0.6738087397457593,0.9361236517316446,1.3410190116340217,1.0000000000000084,0.6813902658663534,0.9466566791310627,1.3561078195778797,density1.0000_damping0.010_lm725_bias_summary.pkl,0.2,0.01,0.6972934003097001,0.73199485198746,0.9525933118470231,1.0497659258819134
2.5,0.01,1.0,1.0,725,100,50,50,0.1782558336130228,0.1782558336130228,0.42914882549822964,1.4990426459626327,0.6433123908866223,Peak absolute acceleration,mean,theory_times_residual,success,0.1,Peak absolute acceleration,1.2174852232398472,0.9336356320601903,1.1771799659508444,1.5881485653749436,1.892525685012519,0.8121751749484224,1.2174852232398723,0.6433123908866756,0.4933278525379773,0.6220153180869814,0.8391688302842971,1.4990426459626327,1.1495495809995442,1.4494163356145449,1.9554261375642266,0.9999999999999795,0.7668558223447471,0.9668946640832561,1.304449972007621,density1.0000_damping0.010_lm725_bias_summary.pkl,0.2,0.01,0.6433123908866223,0.665350318086099,0.9668777084786211,1.0342569605555145
2.55,0.01,1.0,1.0,725,100,50,50,0.19703165798407563,0.19703165798407563,0.3493910155863257,1.759074274935676,0.6146047474115554,Peak absolute acceleration,mean,theory_times_residual,success,0.1,Peak absolute acceleration,1.1443006591621427,0.690667800370603,1.1116725282448077,1.6725780816836715,1.8618480641117259,0.6505129859874654,1.1443006591621065,0.6146047474115887,0.37095819668836166,0.5970801536779418,0.8983429496335654,1.759074274935676,1.0617279212684487,1.7089167352398222,2.5711678593852083,1.0000000000000315,0.6035719675948907,0.9714864003126678,1.4616596331495488,density1.0000_damping0.010_lm725_bias_summary.pkl,0.2,0.01,0.6146047474115554,0.6072104922143131,1.0121774167147493,0.9879690887055729
2.6,0.01,1.0,1.0,725,100,50,50,0.21083477628300049,0.21083477628300049,0.25347821648918156,2.304275398783892,0.5840836183836386,Peak absolute acceleration,mean,theory_times_residual,success,0.1,Peak absolute acceleration,1.0732775260131782,0.7334391249737403,0.999611031230931,1.4746220445051947,1.8375408798200596,0.4657765849427602,1.0732775260131293,0.5840836183836512,0.39914166429078957,0.5439939008751835,0.8024975447890969,2.304275398783892,1.574658642541839,2.146116965827671,3.165942840785809,1.0000000000000455,0.6833639083995581,0.9313630510313162,1.3739429073698464,density1.0000_damping0.010_lm725_bias_summary.pkl,0.2,0.01,0.5840836183836386,0.5564902987015141,1.0495845475591146,0.9527579291497941
2.65,0.01,1.0,1.0,725,100,50,50,0.1830921692493961,0.1830921692493961,0.15165305720518119,3.154541269926465,0.47839582766426314,Peak absolute acceleration,mean,theory_times_residual,success,0.1,Peak absolute acceleration,0.8981116066377733,0.563947528285593,0.87874326857114,1.2492502050273628,1.8773399655735876,0.2847043451927034,0.89811160663775,0.47839582766426186,0.3003971249891806,0.46807892267006407,0.6654363237005275,3.154541269926465,1.9808181287288842,3.0865116160287576,4.387885981093132,1.0000000000000258,0.6279258881831365,0.9784343750559923,1.390974346389049,density1.0000_damping0.010_lm725_bias_summary.pkl,0.2,0.01,0.47839582766426314,0.5122452421587365,0.9339195141143515,1.0707560821751747
2.7,0.01,1.0,1.0,725,100,50,50,0.20597666844168547,0.20597666844168547,0.13711726858057594,3.4132307256621455,0.4680128741380905,Peak absolute acceleration,mean,theory_times_residual,success,0.1,Peak absolute acceleration,0.860355007692673,0.5970720951272576,0.8769100294710226,1.1149936739021795,1.8383148311402948,0.2520647084371273,0.8603550076927027,0.4680128741381042,0.3247931665529226,0.477018416332463,0.6065303151640005,3.4132307256621455,2.368725470651064,3.4789083918495116,4.423442221703532,0.9999999999999657,0.6939834019545996,1.0192420821989716,1.2959692963168377,density1.0000_damping0.010_lm725_bias_summary.pkl,0.2,0.01,0.4680128741380905,0.47366695933608444,0.9880631631855111,1.0120810462925975
2.75,0.01,1.0,1.0,725,100,50,50,0.20374698961145452,0.20374698961145452,0.12592989548652223,3.5741577160499927,0.45009330763452254,Peak absolute acceleration,mean,theory_times_residual,success,0.1,Peak absolute acceleration,0.8273116078112955,0.5146903820415554,0.8313580197177675,1.1235329956165636,1.8380891112539686,0.23147036967512594,0.827311607811312,0.4500933076345209,0.28001383550464903,0.452294730776466,0.6112505583856458,3.5741577160499927,2.2235691884189555,3.591639054642708,4.853895542628062,0.9999999999999801,0.6221239701969016,1.0048910372684852,1.3580529814986133,density1.0000_damping0.010_lm725_bias_summary.pkl,0.2,0.01,0.45009330763452254,0.44013595665836874,1.0226233526834385,0.9778771405678416
2.8,0.01,1.0,1.0,725,100,50,50,0.19096866272452653,0.19096866272452653,0.12057300375503077,3.2600709350265493,0.3930765450906228,Peak absolute acceleration,mean,theory_times_residual,success,0.1,Peak absolute acceleration,0.7287437116150141,0.41585696088861573,0.7519495997154777,1.001508511686253,1.8539486029292331,0.22353615186262177,0.7287437116149925,0.39307654509062506,0.22430878624766784,0.40559355233872163,0.5402029539027525,3.2600709350265493,1.8603566243020424,3.363883619941718,4.480297720709393,1.0000000000000295,0.5706491243224887,1.0318436889823144,1.3742945506408248,density1.0000_damping0.010_lm725_bias_summary.pkl,0.2,0.01,0.3930765450906228,0.4114530731468207,0.9553374874183308,1.0467505077209867
2.85,0.01,1.0,1.0,725,100,50,50,0.2127799021433536,0.2127799021433536,0.10830115986874239,3.451557618263676,0.3738076934117501,Peak absolute acceleration,mean,theory_times_residual,success,0.1,Peak absolute acceleration,0.6791410059850906,0.477246966742465,0.716046780608199,0.9046550865670445,1.816819230729459,0.19676362995983712,0.679141005985069,0.37380769341175085,0.2626826921855339,0.394121092785166,0.497933460448799,3.451557618263676,2.4254836467485346,3.6391216240234874,4.59767430978835,1.000000000000032,0.7027214710003202,1.0543418440322265,1.3320578180298148,density1.0000_damping0.010_lm725_bias_summary.pkl,0.2,0.01,0.3738076934117501,0.38838153767012046,0.9624754452907671,1.0389875449736057
2.9,0.01,1.0,1.0,725,100,50,50,0.2428802380162088,0.2428802380162088,0.09721558206019278,,0.3771942466205982,Peak absolute acceleration,mean,direct_code_bias,success,0.1,Peak absolute acceleration,0.6672095775833738,0.4461773029666174,0.6524443089658768,0.9078859221805134,1.7688752772904524,0.17196223967367122,0.6672095775833532,0.3771942466205982,0.25223785345118727,0.3688469827930917,0.513256041189747,3.8799772487816053,2.594623702350689,3.7941138136139965,5.279565583138413,1.0000000000000309,0.6687213702517293,0.9778701189048327,1.3607207580396177,density1.0000_damping0.010_lm725_bias_summary.pkl,0.2,0.01,0.3771942466205982,0.373143321472545,1.0108562177451779,0.9892603739734984
2.95,0.01,1.0,1.0,725,100,50,50,0.14015898592335263,0.14015898592335263,0.11065754393210557,2.1572194865549563,0.2387126101046493,Peak absolute acceleration,mean,theory_times_residual,success,0.1,Peak absolute acceleration,0.45921117794236127,0.2640474896861251,0.4065292373951924,0.7373931289506545,1.92369886844698,0.21287179204732376,0.4592111779423398,0.23871261010466083,0.13726030306359388,0.21132685788986674,0.38332045677500387,2.1572194865549563,1.240406195422193,1.9097374691373692,3.464024621856539,1.0000000000000469,0.5750023134656357,0.8852773123180326,1.60578218556179,density1.0000_damping0.010_lm725_bias_summary.pkl,0.2,0.01,0.2387126101046493,0.3683863750239761,0.6479952199348418,1.5432212603367668
3.0,0.01,1.0,1.0,725,100,50,50,0.19305844165472705,0.19305844165472705,0.16424891199566535,1.8804606818200245,0.30886362103956605,Peak absolute acceleration,mean,theory_times_residual,success,0.1,Peak absolute acceleration,0.5662323297159545,0.33741432985078423,0.5447724150677381,0.8214421291455374,1.8332762136575653,0.30111362348077403,0.5662323297159716,0.3088636210395517,0.18404991421211409,0.2971578483423749,0.4480733034258269,1.8804606818200245,1.1205548455443033,1.8091921872227132,2.7280138296299508,0.9999999999999698,0.5958937915467225,0.9621005133016725,1.450715697490431,density1.0000_damping0.010_lm725_bias_summary.pkl,0.2,0.01,0.30886362103956605,0.373329208124801,0.8273224122777612,1.2087186146049127
3.1,0.01,1.0,1.0,725,100,50,50,0.1588027030013638,0.1588027030013638,0.12891308581603303,2.359424313454964,0.30416066899685457,Peak absolute acceleration,mean,theory_times_residual,success,0.1,Peak absolute acceleration,0.38089603211164985,0.25784630341826903,0.3456410091353159,0.5853998229465557,1.2522856205172068,0.16143600366391675,0.38089603211165945,0.30416066899685057,0.20590055430946805,0.27600812743706393,0.4674651000981546,2.359424313454964,1.5972044498516125,2.1410404202948667,3.6262036327736533,0.9999999999999747,0.676946677519291,0.9074418738864454,1.5369018671608166,density1.0000_damping0.010_lm725_bias_summary.pkl,0.2,0.01,0.30416066899685457,0.37618646233617203,0.8085369875033922,1.2368017981314419
3.2,0.01,1.0,1.0,725,100,50,50,0.19996969498928077,0.19996969498928077,0.0892751358838248,,0.2552088504071057,Peak absolute acceleration,mean,direct_code_bias,success,0.1,Peak absolute acceleration,0.3580537923559253,0.26721235712162444,0.356432101431428,0.4588418679610418,1.4029834458513597,0.12525153777112624,0.3580537923559153,0.2552088504071057,0.19046009267734043,0.25405296298071256,0.32704724301476484,2.8586778152792163,2.13340579985457,2.845730342111575,3.663363150075566,1.0000000000000282,0.7462910959926603,0.9954708176282203,1.2814886415305453,density1.0000_damping0.010_lm725_bias_summary.pkl,0.2,0.01,0.2552088504071057,0.3243809840121999,0.7867565085057964,1.2710412804836184
3.3,0.01,1.0,1.0,725,100,50,50,0.18554676268565984,0.18554676268565984,0.07158540780389117,,0.21548532775766607,Peak absolute acceleration,mean,direct_code_bias,success,0.1,Peak absolute acceleration,0.34763342368092126,0.20569036178803965,0.361472892089594,0.5195387939989056,1.613257975837076,0.11548573009317359,0.34763342368091826,0.21548532775766607,0.1274999813227717,0.2240639113543111,0.3220432204770789,3.010185097331519,1.7810889849515539,3.130022140380102,4.498727189755331,1.0000000000000087,0.5916875299563724,1.0398105229990156,1.4945018476582785,density1.0000_damping0.010_lm725_bias_summary.pkl,0.2,0.01,0.21548532775766607,0.27157491725105765,0.7934655009338081,1.2602942394132268
3.4,0.01,1.0,1.0,725,100,50,50,0.1959814795795318,0.1959814795795318,0.05899929059998598,,0.1829631586579871,Peak absolute acceleration,mean,direct_code_bias,success,0.1,Peak absolute acceleration,0.3270657059607991,0.22095049480409248,0.32682963823985345,0.4371133092362954,1.7876041732105359,0.10546737809299622,0.32706570596079254,0.1829631586579871,0.12360146508679579,0.18283110049629592,0.24452466367386028,3.101107772608206,2.094965275511719,3.0988694717685155,4.144535657754469,1.0000000000000198,0.6755538436994653,0.9992782253943575,1.336469404373123,density1.0000_damping0.010_lm725_bias_summary.pkl,0.2,0.01,0.1829631586579871,0.2496451171706802,0.732892999196537,1.3644556587336887
3.45,0.01,1.0,1.0,725,100,50,50,0.20645858188717417,0.20645858188717417,0.059298508405351086,,0.16917216982210012,Peak absolute acceleration,mean,direct_code_bias,success,0.1,Peak absolute acceleration,0.298595954156638,0.20360966123415353,0.3086665652280735,0.40842784924104497,1.765041817874883,0.10466434707304689,0.2985959541566393,0.16917216982210012,0.11535684830362848,0.1748777632927186,0.2313983981029943,2.852890812458259,1.945358347213031,2.9491089741633822,3.9022633844550403,0.9999999999999956,0.6818902212162684,1.033726548974442,1.367827807294366,density1.0000_damping0.010_lm725_bias_summary.pkl,0.2,0.01,0.16917216982210012,0.24396997133217788,0.6934139021222518,1.4421401084394343
3.5,0.01,1.0,1.0,725,100,50,50,0.21411439152462572,0.21411439152462572,0.0603410424083769,,0.17492939864346835,Peak absolute acceleration,mean,direct_code_bias,success,0.1,Peak absolute acceleration,0.30595260895594917,0.1935868864788774,0.31585012860253825,0.4026591421223692,1.7490062352499438,0.10553685941373496,0.30595260895596305,0.17492939864346835,0.11068393158198926,0.1805883376724505,0.23022167331772073,2.89901187751406,1.8343059245297504,2.992794464011048,3.8153413353322283,0.9999999999999546,0.6327348772722546,1.032349845554021,1.3160833747958838,density1.0000_damping0.010_lm725_bias_summary.pkl,0.2,0.01,0.17492939864346835,0.23948108080706892,0.7304518505342277,1.3690156295292957
3.55,0.01,1.0,1.0,725,100,50,50,0.23517492576847276,0.23517492576847276,0.05924212463040227,,0.1798927553414116,Peak absolute acceleration,mean,direct_code_bias,success,0.1,Peak absolute acceleration,0.30815826960431847,0.22186801170712467,0.3034527660983013,0.4049122611469466,1.7130110049149927,0.10148241144642416,0.3081582696043162,0.1798927553414116,0.12951931486168983,0.17714583574047735,0.23637458252466986,3.036568260570012,2.1862705915719784,2.990200585236426,3.9899747687875244,1.0000000000000073,0.7199807163767157,0.9847302377701663,1.3139749962474323,density1.0000_damping0.010_lm725_bias_summary.pkl,0.2,0.01,0.1798927553414116,0.23566788275337705,0.7633316565654727,1.31004654582177
3.6,0.01,1.0,1.0,725,100,50,50,0.21654511320280997,0.21654511320280997,0.06425726948850813,,0.1673324768824392,Peak absolute acceleration,mean,direct_code_bias,success,0.1,Peak absolute acceleration,0.28998768449716167,0.2133201212425606,0.29586127524355854,0.34497468286705585,1.733003000373292,0.11135804081937926,0.2899876844971666,0.1673324768824392,0.12309275932967864,0.17072173284167974,0.19906179204118382,2.6041018893958134,1.9156238711900653,2.656846987129023,3.0978875016901433,0.999999999999983,0.7356178646429549,1.0202546213525467,1.1896183917783807,density1.0000_damping0.010_lm725_bias_summary.pkl,0.2,0.01,0.1673324768824392,0.23235854175401843,0.7201477321181481,1.3886039702697033
3.65,0.01,1.0,1.0,725,100,50,50,0.21908699883211194,0.21908699883211194,0.06550420886418128,,0.18426642747066382,Peak absolute acceleration,mean,direct_code_bias,success,0.1,Peak absolute acceleration,0.31747861230567503,0.2313220510097243,0.3016258979872889,0.44159332281356,1.722932476976682,0.1128593288307594,0.31747861230567404,0.18426642747066382,0.13426065971873544,0.175065420158872,0.2563033251241781,2.813047141027719,2.049649359129259,2.672582772839261,3.912776439382877,1.0000000000000029,0.7286224710690222,0.9500668274840453,1.3909388087799317,density1.0000_damping0.010_lm725_bias_summary.pkl,0.2,0.01,0.18426642747066382,0.22947371502203073,0.8029957917096247,1.245336538901337
3.7,0.01,1.0,1.0,725,100,50,50,0.22691859881368084,0.22691859881368084,0.06362463156171426,,0.17415028137602837,Peak absolute acceleration,mean,direct_code_bias,success,0.1,Peak absolute acceleration,0.2969970515216875,0.25621594309999696,0.2950944719489918,0.32902554182020693,1.7054066704630022,0.10850587107109558,0.29699705152168354,0.17415028137602837,0.1502374463156267,0.17303466502149684,0.19293084020298779,2.7371519033019704,2.3613094901760503,2.719617556506588,3.032329389850451,1.0000000000000133,0.862688507469209,0.9935939445764066,1.107841105271663,density1.0000_damping0.010_lm725_bias_summary.pkl,0.2,0.01,0.17415028137602837,0.226957243905186,0.7673263843862326,1.303226397981729
3.75,0.01,1.0,1.0,725,100,50,50,0.1979115118035596,0.1979115118035596,0.075097631750535,,0.15786668008746366,Peak absolute acceleration,mean,direct_code_bias,success,0.1,Peak absolute acceleration,0.2745597257167102,0.21828319411118,0.2685816752246808,0.34175241640688386,1.7391873038984194,0.13060884769337341,0.27455972571672665,0.15786668008746366,0.12550873251080796,0.15442941345227748,0.19650121389504152,2.1021525766867346,1.6712741745003148,2.056381937119774,2.616609995742448,0.99999999999994,0.795029910309536,0.9782267756990197,1.2447288673338872,density1.0000_damping0.010_lm725_bias_summary.pkl,0.2,0.01,0.15786668008746366,0.2247619226491524,0.7023728851700562,1.423745166013667
3.8,0.01,1.0,1.0,725,100,50,50,0.19910567347341737,0.19910567347341737,0.07726551165638595,,0.1665589038086745,Peak absolute acceleration,mean,direct_code_bias,success,0.1,Peak absolute acceleration,0.28834484204232724,0.24219153536132748,0.29228423371872786,0.32212963126099714,1.7311883991116304,0.13376115743096126,0.28834484204232474,0.1665589038086745,0.13989900549565232,0.16883444567253064,0.1860742778927469,2.155669460255321,1.8106267919095338,2.1851203991680905,2.4082449453030437,1.0000000000000087,0.8399371171195681,1.0136620847749547,1.1171680026574335,density1.0000_damping0.010_lm725_bias_summary.pkl,0.2,0.01,0.1665589038086745,0.22284675321388123,0.7474145411883923,1.3379456043362554
3.85,0.01,1.0,1.0,725,100,50,50,0.19492427949735167,0.19492427949735167,0.07927946628205673,,0.1645026303936398,Peak absolute acceleration,mean,direct_code_bias,success,0.1,Peak absolute acceleration,0.2837715448211272,0.23407655593380705,0.28896055782882024,0.33315007069917074,1.7250274001217356,0.13675925160357763,0.28377154482112465,0.1645026303936398,0.13569439877725317,0.16751070609569924,0.19312740810705978,2.0749714662353687,1.7115957654720273,2.1129141497968025,2.436033151635465,1.000000000000009,0.8248767721984146,1.0182858820850642,1.1740080243393392,density1.0000_damping0.010_lm725_bias_summary.pkl,0.2,0.01,0.1645026303936398,0.2211759837709719,0.7437635297871402,1.3445133566662
3.9,0.01,1.0,1.0,725,100,50,50,0.23240466872100055,0.23240466872100055,0.052122721902058716,,0.16660765468259287,Peak absolute acceleration,mean,direct_code_bias,success,0.1,Peak absolute acceleration,0.2782829564664289,0.24373978249139047,0.2710856622977521,0.3201226470807583,1.6702891412557883,0.0870600164057017,0.27828295646642576,0.16660765468259287,0.14592670003717886,0.1622986437509492,0.19165702462753104,3.196449621254651,2.7996753567740837,3.1137791317944004,3.6770340771471868,1.0000000000000113,0.8758703212957893,0.974136776969516,1.1503494541872183,density1.0000_damping0.010_lm725_bias_summary.pkl,0.2,0.01,0.16660765468259287,0.2197184257358352,0.7582780284567718,1.3187774964747243
4.0,0.01,1.0,1.0,725,100,50,50,0.17741406312453634,0.17741406312453634,0.07971454179914107,,0.15319060405692767,Peak absolute acceleration,mean,direct_code_bias,success,0.1,Peak absolute acceleration,0.26546119018214376,0.21074091767769204,0.27184938918825086,0.3086701912260787,1.7328816725828362,0.1381358685220799,0.26546119018215,0.15319060405692767,0.12161298778328333,0.1568770640773545,0.17812537122976785,1.9217397553750637,1.525606056793329,1.96798552104371,2.234540489219426,0.9999999999999768,0.7938671469569212,1.0240645308706613,1.1627695597020427,density1.0000_damping0.010_lm725_bias_summary.pkl,0.2,0.01,0.15319060405692767,0.2173375820959405,0.7048509630943642,1.4187396376815316
4.1,0.01,1.0,1.0,725,100,50,50,0.15543823648855418,0.15543823648855418,0.08004425873616645,,0.15347072081044574,Peak absolute acceleration,mean,direct_code_bias,success,0.1,Peak absolute acceleration,0.2686782453991346,0.23886928182987552,0.26797152840679883,0.30672956049318995,1.7506808072595397,0.14013194750072516,0.26867824539913066,0.15347072081044574,0.13644365142940817,0.15306703957432022,0.17520587374995827,1.9173232813148784,1.7046025984091844,1.9122800559480708,2.1888624682933395,1.0000000000000144,0.8890533041669493,0.9973696530908858,1.1416241014881303,density1.0000_damping0.010_lm725_bias_summary.pkl,0.2,0.01,0.15347072081044574,0.2155256182012931,0.7120764672490668,1.4043435585833495
4.2,0.01,1.0,1.0,725,100,50,50,0.1691426099122775,0.1691426099122775,0.04878657406263823,,0.15190331068836696,Peak absolute acceleration,mean,direct_code_bias,success,0.1,Peak absolute acceleration,0.2603834243797241,0.22678079751389102,0.2612599066869541,0.29362451008896695,1.7141392323825415,0.08362698061430524,0.260383424379724,0.15190331068836696,0.13230010329947384,0.15241463572583885,0.17129560104685781,3.1136293869156257,2.7118137692884474,3.124110242505431,3.5111217448252523,1.0000000000000007,0.870949439481872,1.00336612174649,1.127662065234869,density1.0000_damping0.010_lm725_bias_summary.pkl,0.2,0.01,0.15190331068836696,0.21414660569476313,0.7093426029123459,1.409756013376757
4.25,0.01,1.0,1.0,725,100,50,50,0.19107664907792177,0.19107664907792177,0.02648539038126948,,0.1876782614016528,Peak absolute acceleration,mean,direct_code_bias,success,0.1,Peak absolute acceleration,0.274984999836767,0.23941703162617659,0.27482808965224403,0.3016288112282592,1.4651936659209979,0.038806226226080404,0.2749849998367704,0.1876782614016528,0.1634029938804593,0.18757116963066542,0.20586275947259167,7.086105158351071,6.169552025784774,7.082061730278245,7.77269115195603,0.9999999999999876,0.8706548785144398,0.9994293863860956,1.0968918719468497,density1.0000_damping0.010_lm725_bias_summary.pkl,0.2,0.01,0.1876782614016528,0.21358608560313375,0.8787007864846457,1.1380438203550662
4.3,0.01,1.0,1.0,725,100,50,50,0.20809296448028824,0.20809296448028824,0.0070334594692809446,,0.2003119907419464,Peak absolute acceleration,mean,direct_code_bias,success,0.1,Peak absolute acceleration,0.2467742252988386,0.2242446484961059,0.24457994134729527,0.26961188854848095,1.2319493425470849,0.008664865769012394,0.24677422529883694,0.2003119907419464,0.18202424462719766,0.19853084286860398,0.21884981730746483,28.479867072074153,25.87976022641432,28.226627840210853,31.115529742269835,1.0000000000000067,0.9087036874477132,0.9911081315364907,1.0925447672745734,density1.0000_damping0.010_lm725_bias_summary.pkl,0.2,0.01,0.2003119907419464,0.21309709499602145,0.9400033855256805,1.063825955733951
4.35,0.01,1.0,1.0,725,100,50,50,0.18626931479652767,0.18626931479652767,0.01005382611172562,,0.22886933217153937,Peak absolute acceleration,mean,direct_code_bias,success,0.1,Peak absolute acceleration,0.238130209503965,0.19719078478673385,0.23300710460326554,0.2809223868457235,1.0404636009750947,0.010460640119783642,0.23813020950396863,0.22886933217153937,0.18952204056146885,0.22394546468026127,0.26999732290726036,22.76440129639889,18.850737863909266,22.27465068438707,26.855181291862845,0.9999999999999846,0.8280796678316764,0.9784861193740406,1.1797007504041261,density1.0000_damping0.010_lm725_bias_summary.pkl,0.2,0.01,0.22886933217153937,0.21267050580249414,1.0761686549242775,0.9292223811056342
4.4,0.01,1.0,1.0,725,100,50,50,0.16214694602386304,0.16214694602386304,0.011083263809027941,,0.27805711207035294,Peak absolute acceleration,mean,direct_code_bias,success,0.1,Peak absolute acceleration,0.23504679548859406,0.1789007928550473,0.2290946941780664,0.300506481029449,0.8453184086480889,0.009368886925674582,0.2350467954885916,0.27805711207035294,0.21163716656917708,0.27101585844374987,0.3554950157894309,25.088017109531943,19.095202479686886,24.45271204525409,32.07493946862976,1.0000000000000104,0.7611284062952928,0.9746769518888674,1.2784963964507,density1.0000_damping0.010_lm725_bias_summary.pkl,0.2,0.01,0.27805711207035294,0.21229835480943324,1.3097468999227528,0.7635062927493771
1.5,0.01,1.0,1.0,967,100,50,50,0.14677948913845587,0.14677948913845587,0.33644054493039266,0.2924222323608033,0.09838269520523056,Peak absolute acceleration,mean,theory_times_residual,success,0.1,Peak absolute acceleration,0.3244950495067371,0.2509326048352965,0.3132333652799023,0.43417631637851845,3.2982939614518507,1.109679817731372,0.32449504950678565,0.09838269520522062,0.07607951497593028,0.09496829844178671,0.13163663440944534,0.2924222323608033,0.2261306377080037,0.28227364350941897,0.39126269527560475,0.9999999999998503,0.7733017967969004,0.9652947425731133,1.338005978946188,density1.0000_damping0.010_lm967_bias_summary.pkl,0.15,0.01,0.09838269520523056,0.13502087672547744,0.7286480253364533,1.372404734834902
1.6,0.01,1.0,1.0,967,100,50,50,0.16956333075588656,0.16956333075588656,0.3315675443253903,0.2606828360249926,0.08643396778858518,Peak absolute acceleration,mean,theory_times_residual,success,0.1,Peak absolute acceleration,0.3911027924080497,0.3349145516404455,0.37084007643777545,0.4660173359623601,4.5248737552434495,1.5003012794081818,0.39110279240802187,0.08643396778856816,0.07401633056664722,0.08195589457231682,0.10299012992845084,0.2606828360249926,0.22323153105125523,0.24717707138399517,0.31061583587143793,1.000000000000071,0.8563338287061949,0.948190817443443,1.191546941133018,density1.0000_damping0.010_lm967_bias_summary.pkl,0.15,0.01,0.08643396778858518,0.13510798147502553,0.6397399091079493,1.5631352456883096
1.7,0.01,1.0,1.0,967,100,50,50,0.14272506209332828,0.14272506209332828,0.3797754266508583,0.21358263571672498,0.08111343660453407,Peak absolute acceleration,mean,theory_times_residual,success,0.1,Peak absolute acceleration,0.4825696428718766,0.4110256908847131,0.4527146291495193,0.6093341117565979,5.9493181780052025,2.2594048493338645,0.48256964287189935,0.0811134366045424,0.06908786495976744,0.07609521219141012,0.10242083101376614,0.21358263571672498,0.18191768111230483,0.20036897295453365,0.2696878834867716,0.9999999999999528,0.8517437782422257,0.9381332535865601,1.2626863723343427,density1.0000_damping0.010_lm967_bias_summary.pkl,0.15,0.01,0.08111343660453407,0.13717433593562506,0.5913164153577255,1.6911419572125157
1.75,0.01,1.0,1.0,967,100,50,50,0.12758852595126674,0.12758852595126674,0.44892703204457224,0.22607676274889651,0.10149197011510702,Peak absolute acceleration,mean,theory_times_residual,success,0.1,Peak absolute acceleration,0.6116070891058002,0.4819102094166055,0.588166295273123,0.8091349305881307,6.026162349712969,2.705307178275161,0.6116070891059616,0.10149197011509847,0.07996966916093114,0.09760213235893617,0.13427035045391209,0.22607676274889651,0.17813511651710467,0.2174120188629092,0.2990917028150628,0.9999999999997361,0.7879408496082917,0.9616734432115495,1.322965258252504,density1.0000_damping0.010_lm967_bias_summary.pkl,0.15,0.01,0.10149197011510702,0.1410688938101455,0.7194496772029062,1.3899512803835845
1.8,0.01,1.0,1.0,967,100,50,50,0.1387786395298154,0.1387786395298154,0.45262054128741935,0.25829667747556695,0.11691038197173309,Peak absolute acceleration,mean,theory_times_residual,success,0.1,Peak absolute acceleration,0.6972246343678128,0.5768279324055124,0.692133280170323,0.7989202742020569,5.963752941432321,2.6993170844552012,0.6972246343678978,0.1169103819717186,0.09672230524475332,0.11605666548689939,0.13396267116494256,0.25829667747556695,0.21369402495443868,0.2564105136651685,0.2959712583611872,0.9999999999998783,0.827320068701335,0.9926976845816835,1.1458577835913042,density1.0000_damping0.010_lm967_bias_summary.pkl,0.15,0.01,0.11691038197173309,0.14908280491797507,0.7841976278621979,1.2751887591473332
1.85,0.01,1.0,1.0,967,100,50,50,0.16897100683720356,0.16897100683720356,0.417146159193376,0.3035709480190108,0.12663345500882234,Peak absolute acceleration,mean,theory_times_residual,success,0.1,Peak absolute acceleration,0.7352813308673772,0.5765739333314518,0.7217989693467958,0.9193478929245469,5.806375027958855,2.4221070417493675,0.7352813308673505,0.12663345500882237,0.099300153805969,0.12431146212071897,0.15833422548452403,0.3035709480190108,0.23804642957274966,0.29800457077465753,0.379565344172629,1.0000000000000366,0.7841541857880647,0.9816636694628834,1.2503348777264185,density1.0000_damping0.010_lm967_bias_summary.pkl,0.15,0.01,0.12663345500882234,0.1637193375262104,0.773478911668292,1.2928600701513226
1.9,0.01,1.0,1.0,967,100,50,50,0.15478938005416784,0.15478938005416784,0.4336929620401683,0.34249477699218017,0.1485375743170255,Peak absolute acceleration,mean,theory_times_residual,success,0.1,Peak absolute acceleration,0.8724970572061027,0.6764518243712586,0.8521623167060549,1.0833818635269812,5.873914807198817,2.547475511505461,0.8724970572062524,0.14853757431701395,0.11516200806014898,0.14507570243641965,0.18443949207421853,0.34249477699218017,0.26553810677124084,0.33451246650157573,0.4252766547250316,0.9999999999998286,0.7753055655422686,0.9766936285546801,1.2417025989703447,density1.0000_damping0.010_lm967_bias_summary.pkl,0.15,0.01,0.1485375743170255,0.18826006969519155,0.7890020149121082,1.2674238862510698
1.95,0.01,1.0,1.0,967,100,50,50,0.15611638045446127,0.15611638045446127,0.41063101797322044,0.3830549101355589,0.15729422768860504,Peak absolute acceleration,mean,theory_times_residual,success,0.1,Peak absolute acceleration,0.922228328780781,0.7205069654659185,0.9196550753417645,1.1341511187115538,5.863078018390222,2.40756169514813,0.9222283287807148,0.15729422768861426,0.12288885858348893,0.1568553364729516,0.1934395406566581,0.3830549101355589,0.2992683289977281,0.381986088744937,0.47107873538491934,1.0000000000000717,0.7812674399392028,0.9972097436625565,1.2297942747117991,density1.0000_damping0.010_lm967_bias_summary.pkl,0.15,0.01,0.15729422768860504,0.22684422009746757,0.6934019637839223,1.4421649378421595
2.0,0.01,1.0,1.0,967,100,50,50,0.15362543523151626,0.15362543523151626,0.3893677172099524,0.4410149034126039,0.17171696619733323,Peak absolute acceleration,mean,theory_times_residual,success,0.1,Peak absolute acceleration,1.0065326919487654,0.8863486413371479,0.9869259817545911,1.155078688189,5.861579750902295,2.282309926853142,1.0065326919488942,0.17171696619735086,0.15121326997226453,0.16837201295481308,0.1970592804800096,0.4410149034126039,0.3883559506570823,0.43242417260804217,0.5061007160327375,0.999999999999872,0.8805959790744198,0.9805205430969761,1.147581889220592,density1.0000_damping0.010_lm967_bias_summary.pkl,0.15,0.01,0.17171696619733323,0.2845438150460503,0.6034816331169269,1.6570512590995756
2.05,0.01,1.0,1.0,967,100,50,50,0.15449242341784505,0.15449242341784505,0.3658884800117361,0.5650496354745617,0.20674515225497292,Peak absolute acceleration,mean,theory_times_residual,success,0.1,Peak absolute acceleration,1.211957964216361,1.0202969290964745,1.2180584038134574,1.3894962671031128,5.862086491496867,2.144869916071157,1.2119579642163052,0.2067451522549765,0.1740501322483805,0.207785812369075,0.23703100749513317,0.5650496354745617,0.47569175242356554,0.5678938357458168,0.6478230948608333,1.000000000000046,0.8418583475840555,1.005033540582488,1.1464888289270085,density1.0000_damping0.010_lm967_bias_summary.pkl,0.15,0.01,0.20674515225497292,0.36743540302041444,0.5626707458113278,1.7772383004524663
2.1,0.01,1.0,1.0,967,100,50,50,0.14607050191944115,0.14607050191944115,0.3511475656037115,0.621364385342608,0.21819059126590332,Peak absolute acceleration,mean,theory_times_residual,success,0.1,Peak absolute acceleration,1.287315792252886,0.9831307943013083,1.237869112454021,1.7141795741328336,5.899960143946866,2.071756641705632,1.2873157922529426,0.2181905912658788,0.1666334636700831,0.20980974146478387,0.2905408735500555,0.621364385342608,0.4745397092063469,0.5974973544358524,0.8274039236199031,0.9999999999999559,0.7637059998935635,0.9615893162373279,1.33159212716006,density1.0000_damping0.010_lm967_bias_summary.pkl,0.15,0.01,0.21819059126590332,0.48266884007618616,0.4520502944243381,2.21214323347229
2.15,0.01,1.0,1.0,967,100,50,50,0.12980895161380343,0.12980895161380343,0.4664662914832343,0.5765485908095429,0.2689404830148122,Peak absolute acceleration,mean,theory_times_residual,success,0.1,Peak absolute acceleration,1.2060378243377574,0.9622969849630997,1.2307962433723507,1.4901337741302376,4.4844041730652275,2.0918233841215996,1.2060378243378334,0.2689404830148023,0.21458747869850014,0.27446148827639316,0.33229247780127846,0.5765485908095429,0.460027836129764,0.5883843983746209,0.7123611799358367,0.9999999999999373,0.7978995065859084,1.0205287251650756,1.235561392901077,density1.0000_damping0.010_lm967_bias_summary.pkl,0.15,0.01,0.2689404830148122,0.638533545420952,0.42118457979759993,2.3742559627431916
2.2,0.01,1.0,1.0,967,100,50,50,0.1193766489402283,0.1193766489402283,0.6813081475678199,0.5655910241803239,0.3853417729652825,Peak absolute acceleration,mean,theory_times_residual,success,0.1,Peak absolute acceleration,1.1615563886125384,0.9822667605588615,1.1373581898908984,1.398247322411898,3.014353672777576,2.0537037169143733,1.1615563886125069,0.3853417729652879,0.3258631425468239,0.37731411551414923,0.4638630612722638,0.5655910241803239,0.478290394309987,0.5538083125251114,0.6808417937290009,1.000000000000027,0.8456470733480197,0.9791674352112052,1.203770506640768,density1.0000_damping0.010_lm967_bias_summary.pkl,0.15,0.01,0.3853417729652825,0.8445225405156471,0.4562835856696159,2.1916194914890132
2.25,0.01,1.0,1.0,967,100,50,50,0.15774398771013248,0.15774398771013248,1.1239657370649423,0.8936532107085807,1.004435589654522,Peak absolute acceleration,mean,theory_times_residual,success,0.1,Peak absolute acceleration,1.462077086712488,1.2140576812052113,1.4639399077996833,1.7423237361549324,1.4556205512544609,1.6360676257775677,1.4620770867126218,1.0044355896545036,0.8340481866369162,1.005715333256358,1.1969628586607886,0.8936532107085807,0.7420583734295279,0.8947918073398232,1.0649460381118812,0.9999999999999085,0.8303650281086993,1.0012740922513532,1.1916770681855262,density1.0000_damping0.010_lm967_bias_summary.pkl,0.15,0.01,1.004435589654522,1.1113945233157005,0.9037615073518876,1.106486602787509
2.3,0.01,1.0,1.0,967,100,50,50,0.16263757407790236,0.16263757407790236,1.0390048288814795,0.8641381971556368,0.8978437596656426,Peak absolute acceleration,mean,theory_times_residual,success,0.1,Peak absolute acceleration,1.2999357493582024,1.0087453833803273,1.3176439413935208,1.5878664335265584,1.4478418270037017,1.5043146497134599,1.299935749358244,0.8978437596656605,0.6967234711459599,0.9100745100867653,1.0967126407810974,0.8641381971556368,0.6705680780097913,0.8759097982888782,1.0555414280044495,0.9999999999999681,0.7759963397255039,1.0136223594466258,1.2214960887955124,density1.0000_damping0.010_lm967_bias_summary.pkl,0.15,0.01,0.8978437596656426,0.9963337703333882,0.9011475736340664,1.109696157719494
2.35,0.01,1.0,1.0,967,100,50,50,0.183887175771228,0.183887175771228,0.9151323181277184,0.8944564038214221,0.8185459622932807,Peak absolute acceleration,mean,theory_times_residual,success,0.1,Peak absolute acceleration,1.1624128489117063,0.8883445532650717,1.1246389951388371,1.5716169007658425,1.4200947808172693,1.2995746287303473,1.1624128489117338,0.8185459622932588,0.625553002000209,0.7919464322596861,1.1066985964566194,0.8944564038214221,0.6835656326508641,0.8653900824745879,1.2093317813546989,0.9999999999999761,0.7642246505591809,0.9675039261581968,1.3520298766803986,density1.0000_damping0.010_lm967_bias_summary.pkl,0.15,0.01,0.8185459622932807,0.8959562311589437,0.9136003900932188,1.0945704608312847
2.4,0.01,1.0,1.0,967,100,50,50,0.14517541426317657,0.14517541426317657,0.7078362264820691,1.1264484363272722,0.7973410104965236,Peak absolute acceleration,mean,theory_times_residual,success,0.1,Peak absolute acceleration,1.169029435280958,0.9131386282860074,1.1394067142470863,1.4684857670061218,1.4661599239113383,1.037801107960626,1.1690294352809325,0.7973410104965136,0.622809704039644,0.7771367199885273,1.0015863502042661,1.1264484363272722,0.8798782553628299,1.0979047001463744,1.4149973012573,1.000000000000022,0.7811083286081405,0.9746604147510387,1.2561580766811284,density1.0000_damping0.010_lm967_bias_summary.pkl,0.15,0.01,0.7973410104965236,0.8083881411771641,0.9863343731582501,1.0138549636042942
2.45,0.01,1.0,1.0,967,100,50,50,0.14196920329767895,0.14196920329767895,0.46859169509192306,1.3238708954717369,0.6203549069919633,Peak absolute acceleration,mean,theory_times_residual,success,0.1,Peak absolute acceleration,0.9108094394786445,0.5983310897858676,0.9458562951393137,1.1425560222179019,1.4682070363480186,0.6879896239082244,0.9108094394786279,0.6203549069919791,0.4075250117818134,0.6442254203412707,0.778198165471177,1.3238708954717369,0.869680397775422,1.3748118609205768,1.6607169389088274,1.000000000000018,0.6569223636157839,1.0384788015380555,1.2544402513789623,density1.0000_damping0.010_lm967_bias_summary.pkl,0.15,0.01,0.6203549069919633,0.73199485198746,0.8474853413348894,1.1799614119872561
2.5,0.01,1.0,1.0,967,100,50,50,0.1636220984534498,0.1636220984534498,0.3695895431904744,1.7555282915836081,0.6488248993443396,Peak absolute acceleration,mean,theory_times_residual,success,0.1,Peak absolute acceleration,0.9325168640231807,0.5932381919150712,0.9851239717480742,1.1553330462331557,1.437239638869461,0.5311887415850108,0.9325168640232289,0.648824899344345,0.41276219766782596,0.6854277777385662,0.8038555401533077,1.7555282915836081,1.1168124349640984,1.8545648554383303,2.1749953562377176,0.9999999999999485,0.6361688617143268,1.0564141086927676,1.2389406463370687,density1.0000_damping0.010_lm967_bias_summary.pkl,0.15,0.01,0.6488248993443396,0.665350318086099,0.9751628303277458,1.0254697665864225
2.55,0.01,1.0,1.0,967,100,50,50,0.13037202570551312,0.13037202570551312,0.20265417411964562,2.7853191705727105,0.564456556172029,Peak absolute acceleration,mean,theory_times_residual,success,0.1,Peak absolute acceleration,0.8346776033685243,0.6158327299306448,0.7730390274800107,1.171437009092415,1.4787278033034799,0.299670361726229,0.8346776033685556,0.5644565561720375,0.4164611827510605,0.5227730389278138,0.7921924552141532,2.7853191705727105,2.0550338257783842,2.579631242232219,3.909085310754252,0.9999999999999627,0.7378090983216679,0.9261528335733624,1.4034604551083922,density1.0000_damping0.010_lm967_bias_summary.pkl,0.15,0.01,0.564456556172029,0.6072104922143131,0.9295895960453605,1.0757435369910986
2.6,0.01,1.0,1.0,967,100,50,50,0.12386851242757811,0.12386851242757811,0.1933619565379602,2.403369328203368,0.46472019558472627,Peak absolute acceleration,mean,theory_times_residual,success,0.1,Peak absolute acceleration,0.6900136844267785,0.4673367315548062,0.7050386166047607,0.8786014519278275,1.4847938415042439,0.28710264224874515,0.6900136844268283,0.46472019558467864,0.3147485654179085,0.47483939985263307,0.5917329580500663,2.403369328203368,1.6277688282294058,2.4557022919834948,3.0602346430744753,0.9999999999999277,0.6772861786690614,1.0217748321765723,1.2733101846489507,density1.0000_damping0.010_lm967_bias_summary.pkl,0.15,0.01,0.46472019558472627,0.5564902987015141,0.8350912795228361,1.1974738864131345
2.65,0.01,1.0,1.0,967,100,50,50,0.1553527499926324,0.1553527499926324,0.16126223045850557,3.0358748332834824,0.4895719470081381,Peak absolute acceleration,mean,theory_times_residual,success,0.1,Peak absolute acceleration,0.7058675113162535,0.5098761708345536,0.6739503790419424,0.9539955658035111,1.4418054703296201,0.23250876603262824,0.7058675113162751,0.48957194700813605,0.35363728417397916,0.467435027062192,0.6616673229748616,3.0358748332834824,2.1929331075758323,2.8986020206539918,4.103052035765549,0.9999999999999692,0.7223397630013538,0.9547831118975645,1.3515221348331161,density1.0000_damping0.010_lm967_bias_summary.pkl,0.15,0.01,0.4895719470081381,0.5122452421587365,0.9557374216789947,1.0463124884690778
2.7,0.01,1.0,1.0,967,100,50,50,0.14358019149541018,0.14358019149541018,0.15514473084438665,2.8158043745119072,0.43685721179409637,Peak absolute acceleration,mean,theory_times_residual,success,0.1,Peak absolute acceleration,0.6351721506870897,0.3861290141750096,0.6092835409387164,0.9245797223056209,1.453958258073752,0.22557396260782167,0.6351721506871093,0.4368572117940888,0.2655709075765112,0.4190516045116135,0.6359052725011048,2.8158043745119072,1.7117623404360978,2.70103665287826,4.098787429261402,0.9999999999999689,0.6079123805370046,0.9592415855758357,1.4556364306990468,density1.0000_damping0.010_lm967_bias_summary.pkl,0.15,0.01,0.43685721179409637,0.47366695933608444,0.9222877027487919,1.0842603636799697
2.75,0.01,1.0,1.0,967,100,50,50,0.1425361661922227,0.1425361661922227,0.14503878317459676,2.5970692419380406,0.37667576267086583,Peak absolute acceleration,mean,theory_times_residual,success,0.1,Peak absolute acceleration,0.547090611743093,0.2857659004439307,0.5280306467398312,0.8017142525121805,1.4524178775503742,0.21065692162093894,0.5470906117430944,0.3766757626708697,0.19675184728922443,0.3635528417141214,0.5519859435112019,2.5970692419380406,1.3565464559391247,2.5065905391420378,3.8057816773512156,0.9999999999999974,0.5223374232898044,0.9651612281509716,1.4654140197321712,density1.0000_damping0.010_lm967_bias_summary.pkl,0.15,0.01,0.37667576267086583,0.44013595665836874,0.8558168378941116,1.1684743226841319
2.8,0.01,1.0,1.0,967,100,50,50,0.1512070139998676,0.1512070139998676,0.13131176141717021,2.5816155076928546,0.3389964796170309,Peak absolute acceleration,mean,theory_times_residual,success,0.1,Peak absolute acceleration,0.4876402568615174,0.28220343240119994,0.46589742594994293,0.7631846965458028,1.4384817724727679,0.18888957530988537,0.4876402568615226,0.33899647961701856,0.19618144477151683,0.3238813552354296,0.5305487432307737,2.5816155076928546,1.4940127423031537,2.466506821171092,4.040374887252246,0.9999999999999893,0.5787123364618736,0.9554121494162158,1.5650567930090475,density1.0000_damping0.010_lm967_bias_summary.pkl,0.15,0.01,0.3389964796170309,0.4114530731468207,0.8239007112630353,1.2137384836905831
2.85,0.01,1.0,1.0,967,100,50,50,0.13975858149481676,0.13975858149481676,0.12728796677946824,2.1338387945296082,0.2716120015908253,Peak absolute acceleration,mean,theory_times_residual,success,0.1,Peak absolute acceleration,0.39381255766110096,0.2097030302331065,0.3916223718538566,0.5714856087634708,1.4499085289109424,0.18455590866127947,0.3938125576611103,0.27161200159081905,0.1446319033591857,0.27010143332835806,0.39415287059020615,2.1338387945296082,1.136257472081158,2.1219714648779515,3.0965446346794243,0.9999999999999765,0.5324945234823197,0.9944385069377639,1.4511614666570751,density1.0000_damping0.010_lm967_bias_summary.pkl,0.15,0.01,0.2716120015908253,0.38838153767012046,0.6993432366023484,1.429913020762627
2.9,0.01,1.0,1.0,967,100,50,50,0.15936318906096722,0.15936318906096722,0.11223515346476085,2.861583331109131,0.3211702443192349,Peak absolute acceleration,mean,theory_times_residual,success,0.1,Peak absolute acceleration,0.45677471543975073,0.2816107398061994,0.4309647180258088,0.6557675656531361,1.4222199083478666,0.1596230696740562,0.45677471543976794,0.32117024431922553,0.19800787357373922,0.30302256036230185,0.46108731976260536,2.861583331109131,1.76422330670145,2.6998899276014496,4.10822550269323,0.9999999999999624,0.6165199830184858,0.9434951267188463,1.4356476912733322,density1.0000_damping0.010_lm967_bias_summary.pkl,0.15,0.01,0.3211702443192349,0.373143321472545,0.8607155102006931,1.1618240732838567
2.95,0.01,1.0,1.0,967,100,50,50,0.16558649924105218,0.16558649924105218,0.10344913643746036,2.665982071451751,0.2757935430494354,Peak absolute acceleration,mean,theory_times_residual,success,0.1,Peak absolute acceleration,0.3892260110689836,0.24666260015334499,0.39943199383664585,0.5044535668933743,1.4112948648664752,0.1459972350290533,0.3892260110689913,0.2757935430494242,0.17477750843845247,0.28302518756378864,0.3574402341080589,2.665982071451751,1.6895018601157714,2.7358873868889324,3.455226852707098,0.9999999999999801,0.6337258896852692,1.02622122488583,1.2960427940258046,density1.0000_damping0.010_lm967_bias_summary.pkl,0.15,0.01,0.2757935430494354,0.3683863750239761,0.7486529409006512,1.3357324140034115
3.0,0.01,1.0,1.0,967,100,50,50,0.1664234239298743,0.1664234239298743,0.17372937502620045,1.6654244101591225,0.2893331419303229,Peak absolute acceleration,mean,theory_times_residual,success,0.1,Peak absolute acceleration,0.4069034181240188,0.26252600177694496,0.43515139622766924,0.5382990810853725,1.4063491496663854,0.244324158840173,0.40690341812401226,0.2893331419303269,0.18667199524330177,0.30941917683165376,0.3827634703750971,1.6654244101591225,1.0744987438949043,1.781041213007215,2.203216757772636,1.000000000000016,0.6451801338688552,1.0694218255375967,1.3229160953406263,density1.0000_damping0.010_lm967_bias_summary.pkl,0.15,0.01,0.2893331419303229,0.373329208124801,0.7750080508932633,1.2903091765916883
3.1,0.01,1.0,1.0,967,100,50,50,0.11458363926015154,0.11458363926015154,0.1513961196430474,1.6920920198262754,0.2561761658806645,Peak absolute acceleration,mean,theory_times_residual,success,0.1,Peak absolute acceleration,0.25014896868862735,0.1611425595180789,0.24595760365590558,0.36215663237527224,0.9764724514034325,0.14783414008081536,0.2501489686886403,0.25617616588066705,0.16502519788087947,0.25188381229025314,0.3708825905480114,1.6920920198262754,1.0900226390872116,1.6637402126562226,2.4497496463083213,0.999999999999948,0.6441863836690552,0.9832445240341898,1.4477638435761355,density1.0000_damping0.010_lm967_bias_summary.pkl,0.15,0.01,0.2561761658806645,0.37618646233617203,0.6809818840629202,1.4684678453319204
3.2,0.01,1.0,1.0,967,100,50,50,0.1378913159744458,0.1378913159744458,0.10458992135737473,2.2406056619296764,0.2343447699741134,Peak absolute acceleration,mean,theory_times_residual,success,0.1,Peak absolute acceleration,0.26003815331142244,0.17231137263020563,0.27993398162039995,0.3312229776381968,1.1096392436671327,0.11605708123020177,0.26003815331143015,0.23434476997411255,0.1552859396543614,0.2522747669731605,0.298496091886199,2.2406056619296764,1.4847122709248757,2.412037065322578,2.85396611845863,0.9999999999999701,0.6626388106357605,1.0765111890528691,1.2737476151875045,density1.0000_damping0.010_lm967_bias_summary.pkl,0.15,0.01,0.2343447699741134,0.3243809840121999,0.7224368305304012,1.3842040684246215
3.3,0.01,1.0,1.0,967,100,50,50,0.1461763850030453,0.1461763850030453,0.07756550905479781,,0.19799690104299125,Peak absolute acceleration,mean,direct_code_bias,success,0.1,Peak absolute acceleration,0.24779310192740692,0.16832748778251344,0.21616119219399393,0.3512306618961819,1.251499900362599,0.09707322685365766,0.24779310192740137,0.19799690104299125,0.13450060022677082,0.172721701481051,0.2806477745578879,2.5526410315067243,1.734025881680794,2.226784863347201,3.618203219160297,1.0000000000000224,0.6793065927712152,0.8723454790009652,1.4174351875181972,density1.0000_damping0.010_lm967_bias_summary.pkl,0.15,0.01,0.19799690104299125,0.27157491725105765,0.7290691756336146,1.3716119586744964
3.4,0.01,1.0,1.0,967,100,50,50,0.13469288629216827,0.13469288629216827,0.07625359398668158,,0.15846421654789966,Peak absolute acceleration,mean,direct_code_bias,success,0.1,Peak absolute acceleration,0.22392802811378099,0.15988528883212094,0.22117788519795872,0.28906052774744695,1.4131141590953016,0.10775503334448586,0.22392802811378787,0.15846421654789966,0.11314392952829945,0.15651805890867326,0.20455568001137867,2.078121282723728,1.4837848763962427,2.0525991068172877,2.6825710017957047,0.999999999999969,0.7140030222160313,0.9877186302268884,1.290863542997674,density1.0000_damping0.010_lm967_bias_summary.pkl,0.15,0.01,0.15846421654789966,0.2496451171706802,0.6347579249449296,1.5754037258955487
3.45,0.01,1.0,1.0,967,100,50,50,0.137703313013506,0.137703313013506,0.07779689118953977,,0.14816479192285928,Peak absolute acceleration,mean,direct_code_bias,success,0.1,Peak absolute acceleration,0.2079903447721171,0.1711378974793833,0.20071476288715223,0.2688322327259548,1.4037771191985033,0.10920949579665185,0.2079903447721273,0.14816479192285928,0.12191244260847885,0.14298193077954696,0.19150635029544183,1.9045078750239381,1.567060595152295,1.8378874604538349,2.4616195758885344,0.999999999999951,0.8228165478877432,0.9650196171704695,1.2925226554169396,density1.0000_damping0.010_lm967_bias_summary.pkl,0.15,0.01,0.14816479192285928,0.24396997133217788,0.6073074940895817,1.646612317042221
3.5,0.01,1.0,1.0,967,100,50,50,0.14743767841505656,0.14743767841505656,0.07572719128892656,,0.16722890617427508,Peak absolute acceleration,mean,direct_code_bias,success,0.1,Peak absolute acceleration,0.23210953045759863,0.183654338939657,0.2272404637785917,0.2950230751179829,1.3879749366757754,0.10510744353388032,0.23210953045759963,0.16722890617427508,0.1323181954419958,0.16372086971745803,0.21255648594388055,2.2083072583035515,1.7473009785501812,2.161982597410839,2.8068713803593295,0.9999999999999956,0.7912399744102963,0.9790225473749026,1.2710511047794997,density1.0000_damping0.010_lm967_bias_summary.pkl,0.15,0.01,0.16722890617427508,0.23948108080706892,0.6982969410806923,1.432055535647033
3.55,0.01,1.0,1.0,967,100,50,50,0.13819096718347423,0.13819096718347423,0.08400971332442989,,0.1563065067705793,Peak absolute acceleration,mean,direct_code_bias,success,0.1,Peak absolute acceleration,0.2179266326722684,0.18214878761997325,0.22403948492088827,0.241040528277095,1.3942262364812026,0.11712854643618414,0.2179266326722755,0.1563065067705793,0.13064507240925746,0.16069091160293114,0.1728848030327141,1.86057659983856,1.5551186552051552,1.9127658605663058,2.057914450500097,0.9999999999999672,0.8358261924502545,1.0280500468146334,1.1060627391952542,density1.0000_damping0.010_lm967_bias_summary.pkl,0.15,0.01,0.1563065067705793,0.23566788275337705,0.6632490814802569,1.5077291894142406
3.6,0.01,1.0,1.0,967,100,50,50,0.15343088111461858,0.15343088111461858,0.08020856855221203,,0.1712211656848307,Peak absolute acceleration,mean,direct_code_bias,success,0.1,Peak absolute acceleration,0.23472166311170706,0.1770715019090039,0.23398158680539627,0.2987201311641624,1.3708682695442145,0.1099553815737935,0.23472166311170536,0.1712211656848307,0.12916740860000833,0.17068130614999963,0.21790578847045655,2.1346991820876013,1.6103941378273263,2.1279684855476217,2.7167395255109428,1.0000000000000073,0.7543892607165729,0.9968470046756746,1.2726568447242121,density1.0000_damping0.010_lm967_bias_summary.pkl,0.15,0.01,0.1712211656848307,0.23235854175401843,0.736883457747345,1.357066696892627
3.65,0.01,1.0,1.0,967,100,50,50,0.16398391498561016,0.16398391498561016,0.08019767943331116,,0.17241298076560618,Peak absolute acceleration,mean,direct_code_bias,success,0.1,Peak absolute acceleration,0.2333381253068759,0.2012997053979889,0.2259450077862607,0.2859190200531607,1.3533675032513757,0.1085369331812095,0.2333381253068717,0.17241298076560618,0.14873986918880475,0.1669502239734904,0.21126487769675215,2.149849995460095,1.854665499548489,2.0817338500713922,2.6343016305408247,1.000000000000018,0.8626953059353335,0.9683158613240419,1.225342063913207,density1.0000_damping0.010_lm967_bias_summary.pkl,0.15,0.01,0.17241298076560618,0.22947371502203073,0.7513408703435018,1.3309538179958624
3.7,0.01,1.0,1.0,967,100,50,50,0.1684685705880085,0.1684685705880085,0.08181755530903957,,0.16513943416568203,Peak absolute acceleration,mean,direct_code_bias,success,0.1,Peak absolute acceleration,0.22178758401371576,0.18290245459556217,0.21409960818447663,0.2716926915093599,1.3430322389938636,0.10988361449570468,0.2217875840137184,0.16513943416568203,0.13618619813071953,0.15941509218339386,0.20229796695937785,2.01838631748308,1.66451072286771,1.9484216019563656,2.4725496404195937,0.999999999999988,0.8246740024195807,0.9653363110318824,1.2250130805002801,density1.0000_damping0.010_lm967_bias_summary.pkl,0.15,0.01,0.16513943416568203,0.226957243905186,0.7276235440833471,1.3743370567534043
3.75,0.01,1.0,1.0,967,100,50,50,0.1418433419490277,0.1418433419490277,0.09555715611982904,,0.16437498779494772,Peak absolute acceleration,mean,direct_code_bias,success,0.1,Peak absolute acceleration,0.22493657102406017,0.1873685724351561,0.2131547056843751,0.27249882503417444,1.3684355146822034,0.13076380611640617,0.22493657102406314,0.16437498779494772,0.1369217405020867,0.15576525411493491,0.19913165224848597,1.720174547564188,1.432877934650818,1.6300741926601954,2.0839009900919794,0.9999999999999868,0.8329840344863793,0.9476213881715676,1.211447404010721,density1.0000_damping0.010_lm967_bias_summary.pkl,0.15,0.01,0.16437498779494772,0.2247619226491524,0.7313293366489425,1.3673730149841006
3.8,0.01,1.0,1.0,967,100,50,50,0.17804526387736028,0.17804526387736028,0.08457210823372427,,0.1778362766338705,Peak absolute acceleration,mean,direct_code_bias,success,0.1,Peak absolute acceleration,0.2350281792572171,0.19913040854695685,0.23239433807659907,0.26948228533880386,1.3215986282770267,0.11177038223218516,0.23502817925721697,0.1778362766338705,0.15067389166903414,0.1758433559964968,0.20390629921440595,2.102776912482803,1.7816026443686588,2.0792121618930928,2.411034837288087,1.0000000000000004,0.8472618439894678,0.9887935089786173,1.146595638831376,density1.0000_damping0.010_lm967_bias_summary.pkl,0.15,0.01,0.1778362766338705,0.22284675321388123,0.7980204964583396,1.2531006464596555
3.85,0.01,1.0,1.0,967,100,50,50,0.16281529924509083,0.16281529924509083,0.0923832855476085,,0.18345734153706791,Peak absolute acceleration,mean,direct_code_bias,success,0.1,Peak absolute acceleration,0.24390489021974684,0.17469688314403317,0.24134387301575683,0.29969191583646754,1.3294910314094213,0.12282274958768369,0.24390489021975026,0.18345734153706791,0.1314013250310033,0.18153102752404665,0.22541853142007123,1.985828285383093,1.4223495543821572,1.9649769592844069,2.4400358796927617,0.9999999999999862,0.7162500226487343,0.9894999349882405,1.228724506369901,density1.0000_damping0.010_lm967_bias_summary.pkl,0.15,0.01,0.18345734153706791,0.2211759837709719,0.8294632102870435,1.2055989796749718
3.9,0.01,1.0,1.0,967,100,50,50,0.14915232179447924,0.14915232179447924,0.10122111730081891,1.6944335372451276,0.17151245583193056,Peak absolute acceleration,mean,theory_times_residual,success,0.1,Peak absolute acceleration,0.230421407472045,0.1982534815843163,0.21736555933089413,0.28061918088949134,1.3434674837717449,0.13598727976470093,0.23042140747203962,0.17151245583193706,0.14756850015284745,0.1617944326576828,0.20887679402679799,1.6944335372451276,1.4578825455392204,1.5984256741292437,2.0635693380663787,1.0000000000000233,0.8603952374015998,0.9433392570404738,1.217852038871618,density1.0000_damping0.010_lm967_bias_summary.pkl,0.15,0.01,0.17151245583193056,0.2197184257358352,0.7806011501199354,1.2810639592913466
4.0,0.01,1.0,1.0,967,100,50,50,0.1380241320163396,0.1380241320163396,0.11377708901167247,1.5452102718520517,0.1758095266422615,Peak absolute acceleration,mean,theory_times_residual,success,0.1,Peak absolute acceleration,0.2364007370621847,0.20359583388015665,0.232974404030379,0.27791174229552573,1.344641223812722,0.15298936421050352,0.23640073706218764,0.1758095266422606,0.15141275626137796,0.17326138742777902,0.2066809624559246,1.5452102718520517,1.3307842341250722,1.5228143814613233,1.8165428932245058,0.9999999999999875,0.8612318066783297,0.9855062506386885,1.1755959213545861,density1.0000_damping0.010_lm967_bias_summary.pkl,0.15,0.01,0.1758095266422615,0.2173375820959405,0.8089237256934733,1.236210495795149
4.1,0.01,1.0,1.0,967,100,50,50,0.1475708728966212,0.1475708728966212,0.08627455443275533,,0.18304910851939735,Peak absolute acceleration,mean,direct_code_bias,success,0.1,Peak absolute acceleration,0.24199231448097092,0.20055786241620513,0.24155275026894174,0.29016444225278015,1.3220076100798246,0.11405561751634789,0.24199231448096983,0.18304910851939735,0.15170704078178127,0.1827166110294603,0.21948772460943675,2.121704478486432,1.758421608540751,2.11785053230122,2.5440609465043678,1.0000000000000047,0.8287778181979284,0.9981835612714772,1.1990647011874362,density1.0000_damping0.010_lm967_bias_summary.pkl,0.15,0.01,0.18304910851939735,0.2155256182012931,0.8493148519747522,1.1774196550017848
4.2,0.01,1.0,1.0,967,100,50,50,0.14224482603809785,0.14224482603809785,0.06989922172221352,,0.16730927179489175,Peak absolute acceleration,mean,direct_code_bias,success,0.1,Peak absolute acceleration,0.22015784173169314,0.19023821027295626,0.21539555075610103,0.2583839773559863,1.3158735279273086,0.09197853548698064,0.22015784173168781,0.16730927179489175,0.14457180438351774,0.16369016184661775,0.19635927911930753,2.393578464432672,2.068289185794702,2.3418023522084654,2.8091769018496713,1.0000000000000242,0.8640991789191166,0.9783687424525596,1.1736305885069753,density1.0000_damping0.010_lm967_bias_summary.pkl,0.15,0.01,0.16730927179489175,0.21414660569476313,0.7812837903831753,1.2799446402306403
4.25,0.01,1.0,1.0,967,100,50,50,0.13746129708298974,0.13746129708298974,0.07037123760475736,,0.2022864960533737,Peak absolute acceleration,mean,direct_code_bias,success,0.1,Peak absolute acceleration,0.2327688023909269,0.19283332414548832,0.23089791434993617,0.2819046424690138,1.1506887851253815,0.08097539390718791,0.23276880239092418,0.2022864960533737,0.16758077999732723,0.20066061070090035,0.24498773787761985,2.8745621498022107,2.381381736364374,2.8514577479497776,3.481361792350479,1.0000000000000118,0.8284328576886943,0.9919624622295993,1.2110928937786445,density1.0000_damping0.010_lm967_bias_summary.pkl,0.15,0.01,0.2022864960533737,0.21358608560313375,0.9470958535625138,1.055859336981044
4.3,0.01,1.0,1.0,967,100,50,50,0.14121119772792898,0.14121119772792898,0.057922728653186505,,0.21463274256811185,Peak absolute acceleration,mean,direct_code_bias,success,0.1,Peak absolute acceleration,0.20993406815797103,0.18504408354131557,0.2008971728199319,0.24644489404368794,0.978108305592518,0.056654701978263285,0.20993406815796703,0.21463274256811185,0.18918567860357718,0.20539358644770173,0.2519607416015107,3.705501235158142,3.2661734521578007,3.545992932713866,4.349945996331275,1.0000000000000189,0.8814390401946447,0.956953650175372,1.173915678413129,density1.0000_damping0.010_lm967_bias_summary.pkl,0.15,0.01,0.21463274256811185,0.21309709499602145,1.0072063280455472,0.9928452315629193
4.35,0.01,1.0,1.0,967,100,50,50,0.16488774878479576,0.16488774878479576,0.024787569060980216,,0.25691861077884454,Peak absolute acceleration,mean,direct_code_bias,success,0.1,Peak absolute acceleration,0.20416506974752632,0.1814459243034044,0.20785748401361878,0.22006015958160868,0.7946682769636784,0.01969789479580734,0.20416506974752852,0.25691861077884454,0.22832914004908453,0.2615650958256627,0.2769207806085191,10.364816741278487,9.211437373603234,10.552268969263704,11.171760325801317,0.9999999999999893,0.8887216825472706,1.018085435822378,1.0778541101753407,density1.0000_damping0.010_lm967_bias_summary.pkl,0.15,0.01,0.25691861077884454,0.21267050580249414,1.2080594335795705,0.8277738430773349
4.4,0.01,1.0,1.0,967,100,50,50,0.14263523947057685,0.14263523947057685,0.0225443851856426,,0.3170162669241511,Peak absolute acceleration,mean,direct_code_bias,success,0.1,Peak absolute acceleration,0.20441608748385617,0.17273279005808076,0.19842196484436575,0.2569319848544344,0.6448126131419132,0.014536903923231868,0.20441608748385162,0.3170162669241511,0.26788060056149204,0.307720352859624,0.398459924042906,14.061872360398047,11.882364427134394,13.649534033671474,17.6744639856788,1.000000000000022,0.8450058514681542,0.9706768546777934,1.2569068707702933,density1.0000_damping0.010_lm967_bias_summary.pkl,0.15,0.01,0.3170162669241511,0.21229835480943324,1.49325823654509,0.6696765338550513
1.5,0.015,1.0,1.0,1450,100,50,50,0.1024902966406284,0.1024902966406284,0.5006408073632065,0.3355054909994144,0.16796773988873584,Peak absolute acceleration,mean,theory_times_residual,success,0.1,Peak absolute acceleration,0.2565146961852355,0.22498370417547692,0.25395189456657213,0.2943352522775873,1.5271664449092517,0.7645618419571057,0.25651469618531625,0.16796773988867875,0.14732101070282883,0.1662895982380379,0.19273292263508152,0.3355054909994144,0.2942648871928652,0.3321535036544756,0.38497245889770726,0.9999999999996853,0.8770791986629097,0.9900091431139966,1.1474401141716573,density1.0000_damping0.015_lm1450_bias_summary.pkl,0.1,0.015,0.16796773988873584,0.21153292895098003,0.7940500834629264,1.2593664062581444
1.6,0.015,1.0,1.0,1450,100,50,50,0.08103013265845896,0.08103013265845896,0.6054651828648637,0.23067736796267002,0.13966711477630347,Peak absolute acceleration,mean,theory_times_residual,success,0.1,Peak absolute acceleration,0.3044838482662387,0.23732470006494155,0.3121920626430302,0.3761297031274558,2.180068291336363,1.3199554466717887,0.30448384826623487,0.1396671147762957,0.10886113109762427,0.14320288216827334,0.1725311563046915,0.23067736796267002,0.1797975080623711,0.23651712141512743,0.2849563627892523,1.0000000000000124,0.7794328054387614,1.025315675759771,1.2353026450144415,density1.0000_damping0.015_lm1450_bias_summary.pkl,0.1,0.015,0.13966711477630347,0.21154843613135152,0.6602134117861557,1.5146617474713078
1.7,0.015,1.0,1.0,1450,100,50,50,0.10728342114226767,0.10728342114226767,0.5190043751438912,0.2903098007803041,0.15067205675212927,Peak absolute acceleration,mean,theory_times_residual,success,0.1,Peak absolute acceleration,0.41218835587334746,0.32662706513122375,0.3943073583045682,0.5395745442587495,2.7356655557669605,1.4198223923734374,0.4121883558733908,0.15067205675212297,0.11939583200975452,0.14413580544352095,0.19723702815985358,0.2903098007803041,0.23004783336683374,0.2777159737884023,0.3800296059261138,0.9999999999998949,0.7924218636383596,0.9566193529874605,1.3090484885615912,density1.0000_damping0.015_lm1450_bias_summary.pkl,0.1,0.015,0.15067205675212927,0.212307394810966,0.7096882182849478,1.4090694677396822
1.75,0.015,1.0,1.0,1450,100,50,50,0.10855407488919938,0.10855407488919938,0.5651705932828828,0.3179874749057865,0.17971716984902916,Peak absolute acceleration,mean,theory_times_residual,success,0.1,Peak absolute acceleration,0.4909850197428775,0.4040088140579545,0.49947916649119817,0.5927502334975125,2.7319872673008008,1.5440388647016574,0.49098501974287306,0.1797171698490271,0.14788092861688723,0.18282631565288474,0.21696668962998092,0.3179874749057865,0.2616571533877925,0.32348872681239704,0.38389592843056125,1.0000000000000087,0.8228536468781316,1.0173002157026572,1.207267451475268,density1.0000_damping0.015_lm1450_bias_summary.pkl,0.1,0.015,0.17971716984902916,0.21426057057277936,0.8387785459947001,1.1922097969424306
1.8,0.015,1.0,1.0,1450,100,50,50,0.09719363464606834,0.09719363464606834,0.6401216112231162,0.3337233445150957,0.21362352499377016,Peak absolute acceleration,mean,theory_times_residual,success,0.1,Peak absolute acceleration,0.5895355239084702,0.4415835137329732,0.5821601027631942,0.7332012019398412,2.75969383018858,1.766539661062887,0.5895355239085012,0.2136235249937799,0.16001177699585542,0.2109509744866926,0.2656820818017116,0.3337233445150957,0.24997090270098005,0.3295482776836845,0.4150493861534309,0.9999999999999476,0.7490363104929859,0.9874894372837628,1.2436929959349448,density1.0000_damping0.015_lm1450_bias_summary.pkl,0.1,0.015,0.21362352499377016,0.21916325697906305,0.9747232630977313,1.0259322187734448
1.85,0.015,1.0,1.0,1450,100,50,50,0.08145781795475507,0.08145781795475507,0.670644878805151,0.36530102940471204,0.24498726459252002,Peak absolute acceleration,mean,theory_times_residual,success,0.1,Peak absolute acceleration,0.6857751982149569,0.5622238185767984,0.6715087526012414,0.888038384932951,2.7992279490758065,1.8772878886557853,0.6857751982149102,0.24498726459250042,0.20084960167764196,0.2398907001564295,0.3172440405312993,0.36530102940471204,0.29948726669694414,0.35770153137357585,0.47304326113179296,1.0000000000000682,0.8198369087133522,0.9791966147932958,1.2949409474774487,density1.0000_damping0.015_lm1450_bias_summary.pkl,0.1,0.015,0.24498726459252002,0.22974125157877334,1.0663616695260139,0.9377681405639394
1.9,0.015,1.0,1.0,1450,100,50,50,0.10065510099801313,0.10065510099801313,0.6016272978837869,0.44890501528108157,0.27007351135003715,Peak absolute acceleration,mean,theory_times_residual,success,0.1,Peak absolute acceleration,0.7426201671392181,0.5628766632070573,0.7376330275747667,0.9027629551463279,2.749696419419443,1.654292426816009,0.7426201671392414,0.2700735113500316,0.20470502097315177,0.2682598058335861,0.32831368174706815,0.44890501528108157,0.3402522154383656,0.44589034902038305,0.5457094166137614,0.9999999999999688,0.7579603788238057,0.9932844005789846,1.2156456222081828,density1.0000_damping0.015_lm1450_bias_summary.pkl,0.1,0.015,0.27007351135003715,0.25021161546357684,1.0793803910727844,0.9264574456518333
1.95,0.015,1.0,1.0,1450,100,50,50,0.10576664002939207,0.10576664002939207,0.5701554664799494,0.5494232616469894,0.31325667603927454,Peak absolute acceleration,mean,theory_times_residual,success,0.1,Peak absolute acceleration,0.8571422627150217,0.7385724314751585,0.840993235178027,0.9919183604133952,2.7362298341169162,1.560076397467396,0.8571422627150028,0.3132566760392968,0.2699233895728366,0.3073547494775588,0.3625128079686787,0.5494232616469894,0.47342068162440354,0.5390718278561759,0.6358139652799442,1.000000000000022,0.8616684342873565,0.9811594548076259,1.157238889693163,density1.0000_damping0.015_lm1450_bias_summary.pkl,0.1,0.015,0.31325667603927454,0.286709781571965,1.0925915199745395,0.9152551358107968
2.0,0.015,1.0,1.0,1450,100,50,50,0.12280287428648973,0.12280287428648973,0.5215075692581187,0.6228785591029051,0.32483588330075547,Peak absolute acceleration,mean,theory_times_residual,success,0.1,Peak absolute acceleration,0.8748065588647588,0.7684995267554298,0.874113231881021,0.9969502965181285,2.693072421604276,1.404457652426968,0.8748065588647216,0.32483588330076635,0.2853616265906548,0.3245784349758807,0.3701906746066044,0.6228785591029051,0.5471859727685109,0.6223848973805032,0.7098471746694193,1.0000000000000424,0.8784793837768529,0.99920745109113,1.1396237104256726,density1.0000_damping0.015_lm1450_bias_summary.pkl,0.1,0.015,0.32483588330075547,0.3477579075577836,0.9340862601285188,1.0705649388980998
2.05,0.015,1.0,1.0,1450,100,50,50,0.10048343800308235,0.10048343800308235,0.5288249036487043,0.68399106169379,0.3617115072967934,Peak absolute acceleration,mean,theory_times_residual,success,0.1,Peak absolute acceleration,0.9938472937212238,0.7555463847190849,0.951934472173305,1.3419544283367297,2.7476242078902278,1.4530121070005306,0.9938472937212107,0.36171150729682666,0.2749817033018622,0.34645730279987996,0.48840537380734234,0.68399106169379,0.5199862967960864,0.6551455886616073,0.9235672723381096,1.000000000000013,0.760223818580953,0.9578277047060482,1.3502621950220537,density1.0000_damping0.015_lm1450_bias_summary.pkl,0.1,0.015,0.3617115072967934,0.44477252537711137,0.8132505644095531,1.2296333304435467
2.1,0.015,1.0,1.0,1450,100,50,50,0.09544249842301787,0.09544249842301787,0.517113823573643,0.6952438302690207,0.3595201953863982,Peak absolute acceleration,mean,theory_times_residual,success,0.1,Peak absolute acceleration,0.9920138662343972,0.7746869421977541,0.9928606500345363,1.2386097877963418,2.759271604111833,1.4268574894804074,0.9920138662344364,0.3595201953863875,0.2807577699286018,0.3598270821020255,0.44889012953657065,0.6952438302690207,0.5429322464991635,0.6958372909379256,0.8680683228199502,0.9999999999999604,0.7809235017433488,1.0008536007700317,1.248581123667105,density1.0000_damping0.015_lm1450_bias_summary.pkl,0.1,0.015,0.3595201953863982,0.5926098505235493,0.6066726617331131,1.6483353595383856
2.15,0.015,1.0,1.0,1450,100,50,50,0.08115352365414204,0.08115352365414204,0.705896228705706,0.6847327183827465,0.483350243577787,Peak absolute acceleration,mean,theory_times_residual,success,0.1,Peak absolute acceleration,1.0130996865476904,0.7855161568603607,0.998220771381112,1.3122524086427139,2.0959949850209996,1.479554955312353,1.0130996865477269,0.48335024357777284,0.3747700554982438,0.47625150752501005,0.6260761204204726,0.6847327183827465,0.5309138089396134,0.6746763733222567,0.8869237360403963,0.999999999999964,0.7753591944511526,0.9853134737240746,1.2952845865685636,density1.0000_damping0.015_lm1450_bias_summary.pkl,0.1,0.015,0.483350243577787,0.810147347084105,0.5966201646125874,1.6761082834826906
2.2,0.015,1.0,1.0,1450,100,50,50,0.08987169466148144,0.08987169466148144,0.952494298310551,0.7766655000373182,0.7397694604800585,Peak absolute acceleration,mean,theory_times_residual,success,0.1,Peak absolute acceleration,1.0249885841991915,0.8969734387467686,1.0328433261386718,1.1402072415447149,1.38555136289894,1.3197297731776956,1.024988584199243,0.7397694604800823,0.647376533822653,0.7454384974784987,0.8229267222249341,0.7766655000373182,0.6796644714523654,0.7826172805450561,0.8639702344513153,0.9999999999999498,0.8751057841756508,1.00766324821614,1.1124096981387208,density1.0000_damping0.015_lm1450_bias_summary.pkl,0.1,0.015,0.7397694604800585,1.1209003255375805,0.659977915632445,1.5152022155796951
2.25,0.015,1.0,1.0,1450,100,50,50,0.11499222736835434,0.11499222736835434,1.6533402117733713,0.8543371390393243,1.4125099463851325,Peak absolute acceleration,mean,theory_times_residual,success,0.1,Peak absolute acceleration,0.9560869637511301,0.7858358220506703,0.9220054853643422,1.25242219687459,0.6768709602349778,1.1190979767381066,0.9560869637511171,1.412509946385086,1.1609832127793824,1.3621584312677046,1.850311611004567,0.8543371390393243,0.7022046669597125,0.8238827203063666,1.119135431309679,1.000000000000014,0.8219292301272653,0.9643531606653652,1.3099458986040657,density1.0000_damping0.015_lm1450_bias_summary.pkl,0.1,0.015,1.4125099463851325,1.5536724938987867,0.909142661617571,1.0999373830074008
2.3,0.015,1.0,1.0,1450,100,50,50,0.12284384782201124,0.12284384782201124,1.4039432452619514,1.0497009397329464,1.4737205438831928,Peak absolute acceleration,mean,theory_times_residual,success,0.1,Peak absolute acceleration,0.990058977570378,0.7133263993227297,0.9953081154758537,1.2644854649231805,0.6718091714739933,0.9431819483959479,0.9900589775703348,1.4737205438832037,1.0617991382249885,1.4815339797938194,1.882209291886886,1.0497009397329464,0.7562977647482235,1.055266289996915,1.3406591030221344,1.0000000000000437,0.7204887945900721,1.005301843652184,1.2771819594286242,density1.0000_damping0.015_lm1450_bias_summary.pkl,0.1,0.015,1.4737205438831928,1.4004659163252184,1.0523073262291571,0.9502927282502615
2.35,0.015,1.0,1.0,1450,100,50,50,0.09597054526453146,0.09597054526453146,0.9509764080183841,1.251011926971592,1.1896828286996017,Peak absolute acceleration,mean,theory_times_residual,success,0.1,Peak absolute acceleration,0.8184121585685341,0.6685625034632554,0.817146455910519,0.9627545940306677,0.6879246626288655,0.6542001246540622,0.8184121585685236,1.1896828286996108,0.9718542447778822,1.1878429431325221,1.399505856283092,1.251011926971592,1.02195410588891,1.2490771938367056,1.4716514989045095,1.0000000000000129,0.8169019686029976,0.9984534654761015,1.1763688796053713,density1.0000_damping0.015_lm1450_bias_summary.pkl,0.1,0.015,1.1896828286996017,1.2657811306719398,0.9398803630988511,1.063965201595385
2.4,0.015,1.0,1.0,1450,100,50,50,0.09213816343809805,0.09213816343809805,0.6054881937245989,1.8159835240785693,1.0995565838279646,Peak absolute acceleration,mean,theory_times_residual,success,0.1,Peak absolute acceleration,0.7585846817814087,0.591084656491784,0.7422512032270763,0.9753471806158237,0.6899005407620881,0.4177266322756506,0.758584681781427,1.0995565838279384,0.8567679275027837,1.0758814631557758,1.4137504219643333,1.8159835240785693,1.4150035234089107,1.7768826449573307,2.334893457241215,0.9999999999999759,0.7791940315795814,0.97846848355019,1.28574594773699,density1.0000_damping0.015_lm1450_bias_summary.pkl,0.1,0.015,1.0995565838279646,1.1473789590851888,0.9583203309781978,1.043492418635462
2.45,0.015,1.0,1.0,1450,100,50,50,0.1045477851602729,0.1045477851602729,0.3711021829912376,2.9541671227358406,1.0962978681682138,Peak absolute acceleration,mean,theory_times_residual,success,0.1,Peak absolute acceleration,0.7474496402117744,0.5157482870895155,0.6892775585252555,1.0073609981785727,0.6817943023647858,0.2530153539585685,0.7474496402117653,1.0962978681682507,0.7564573146191689,1.0109758267772468,1.4775145446134814,2.9541671227358406,2.038407073010952,2.724251899108563,3.981422401517692,1.0000000000000122,0.6900107503475355,0.9221725738338323,1.3477309292612276,density1.0000_damping0.015_lm1450_bias_summary.pkl,0.1,0.015,1.0962978681682138,1.0432909274728177,1.0508074395162326,0.9516491436912446
2.5,0.015,1.0,1.0,1450,100,50,50,0.10035403021963717,0.10035403021963717,0.3217135056052916,2.6038643344912296,0.8376983231697631,Peak absolute acceleration,mean,theory_times_residual,success,0.1,Peak absolute acceleration,0.5728272844661845,0.42520836308882975,0.5686277146064103,0.7246060258022369,0.6838109479540143,0.21999121723755605,0.5728272844661395,0.8376983231697347,0.6218215200576529,0.8315569037140511,1.0596584157803892,2.6038643344912296,1.9328424490222778,2.584774618490253,3.293795247379244,1.0000000000000784,0.7422976778857753,0.9926686979241167,1.2649642317187306,density1.0000_damping0.015_lm1450_bias_summary.pkl,0.1,0.015,0.8376983231697631,0.9517865404200554,0.8801325587143987,1.136192486119101
2.55,0.015,1.0,1.0,1450,100,50,50,0.10760897213372587,0.10760897213372587,0.2950868310582818,2.9145051510855,0.860032089136859,Peak absolute acceleration,mean,theory_times_residual,success,0.1,Peak absolute acceleration,0.5839751733226887,0.3800354474872299,0.5687073665585148,0.8342448739542856,0.6790155631387818,0.20036855076587826,0.583975173322679,0.860032089136861,0.5596859160790041,0.8375468802653624,1.2286093563127611,2.9145051510855,1.8966821191978598,2.8383065325607113,4.16355196843772,1.0000000000000167,0.6507732945647657,0.9738553838217231,1.4285622267255504,density1.0000_damping0.015_lm1450_bias_summary.pkl,0.1,0.015,0.860032089136859,0.8713445348002864,0.9870172529790344,1.0131535157889058
2.6,0.015,1.0,1.0,1450,100,50,50,0.10146606085274572,0.10146606085274572,0.2823255356253573,2.661867921685672,0.751513286753864,Peak absolute acceleration,mean,theory_times_residual,success,0.1,Peak absolute acceleration,0.5127616907806576,0.40732241396863683,0.4883323352554943,0.6499265795203416,0.6823055557614026,0.19263228149048903,0.5127616907806524,0.7515132867538407,0.5969794771993248,0.715709158648945,0.9525447565718141,2.661867921685672,2.114507551989659,2.5350493254662774,3.3739234903493105,1.00000000000001,0.7943698238230515,0.9523572919654633,1.2675022163431575,density1.0000_damping0.015_lm1450_bias_summary.pkl,0.1,0.015,0.751513286753864,0.8006278861010955,0.9386548979871253,1.0653542661359725
2.65,0.015,1.0,1.0,1450,100,50,50,0.08862508002432994,0.08862508002432994,0.2893959238786885,2.074126397724799,0.6002437251107443,Peak absolute acceleration,mean,theory_times_residual,success,0.1,Peak absolute acceleration,0.41406483333128136,0.27333327460183837,0.4248215253361216,0.5528971133469911,0.6898278416070016,0.1996333655390951,0.41406483333127875,0.6002437251107301,0.396234042924521,0.6158370244182527,0.8015001424978427,2.074126397724799,1.3691763090990434,2.1280086331707255,2.7695626522847694,1.0000000000000064,0.6601219243923427,1.025978279580765,1.3352911641849998,density1.0000_damping0.015_lm1450_bias_summary.pkl,0.1,0.015,0.6002437251107443,0.7384644097391451,0.8128268839967224,1.2302742683447447
2.7,0.015,1.0,1.0,1450,100,50,50,0.08823682181604298,0.08823682181604298,0.27253635558027434,1.9204663534909028,0.5233969009949495,Peak absolute acceleration,mean,theory_times_residual,success,0.1,Peak absolute acceleration,0.360888560050004,0.23535702062763714,0.3361005497964916,0.5310997406891792,0.6895122217268991,0.1879171480375085,0.3608885600500229,0.5233969009949533,0.3413384320268901,0.48744683445163617,0.770254281148241,1.9204663534909028,1.252451003463822,1.7885571024598859,2.826244151934293,0.9999999999999477,0.6521598262771593,0.9313139484108464,1.4716447110863347,density1.0000_damping0.015_lm1450_bias_summary.pkl,0.1,0.015,0.5233969009949495,0.683847288631473,0.7653710260990476,1.3065558610139187
2.75,0.015,1.0,1.0,1450,100,50,50,0.07566560568184726,0.07566560568184726,0.27952120974198635,1.4641997438674024,0.40927488370972287,Peak absolute acceleration,mean,theory_times_residual,success,0.1,Peak absolute acceleration,0.2852447007135576,0.16622778394511017,0.29192733796835435,0.4067912668076862,0.6969513939581208,0.19481269677055027,0.2852447007135456,0.4092748837097495,0.23850699688118948,0.4188632672221845,0.5836723627130445,1.4641997438674024,0.8532697647571333,1.4985026274349322,2.0881147561280544,1.0000000000000424,0.5827550293810468,1.02342773498716,1.4261133188104436,density1.0000_damping0.015_lm1450_bias_summary.pkl,0.1,0.015,0.40927488370972287,0.6360213340812055,0.6434923826902402,1.5540199494193785
2.8,0.015,1.0,1.0,1450,100,50,50,0.08935047919929136,0.08935047919929136,0.2384263163755977,1.7384235302141973,0.41448591860963363,Peak absolute acceleration,mean,theory_times_residual,success,0.1,Peak absolute acceleration,0.28498872852998264,0.17251785868591288,0.30006844284534423,0.41431660432245754,0.6875715572822579,0.16393515364743608,0.2849887285299885,0.41448591860961853,0.25090895174288286,0.43641776578341196,0.6025796150732492,1.7384235302141973,1.0523542684257643,1.8304093793737524,2.5273200720176185,0.9999999999999792,0.6053497609389115,1.0529133709713328,1.4537999676673536,density1.0000_damping0.015_lm1450_bias_summary.pkl,0.1,0.015,0.41448591860963363,0.5948395978920816,0.696802835719795,1.4351261917110063
2.85,0.015,1.0,1.0,1450,100,50,50,0.10158750010048866,0.10158750010048866,0.20400293281213924,1.864246837809551,0.3803118223989049,Peak absolute acceleration,mean,theory_times_residual,success,0.1,Peak absolute acceleration,0.2583440497414528,0.16649801840967784,0.24149712978062532,0.37644075418847184,0.6792953427319103,0.13857824216293235,0.2583440497414542,0.3803118223988921,0.24510401873222867,0.35551124023521274,0.5541636023508517,1.864246837809551,1.201473014890166,1.7426771043659715,2.7164491937044084,0.9999999999999947,0.6444817234084002,0.9347888214275153,1.45712957029669,density1.0000_damping0.015_lm1450_bias_summary.pkl,0.1,0.015,0.3803118223989049,0.5615906096004035,0.677204739355438,1.476658301227768
2.9,0.015,1.0,1.0,1450,100,50,50,0.08702272124326409,0.08702272124326409,0.2148035650967416,1.6565034213052634,0.3558228404913203,Peak absolute acceleration,mean,theory_times_residual,success,0.1,Peak absolute acceleration,0.24469946589113115,0.16767406192420592,0.23145945801882842,0.3461704401642147,0.687700276781701,0.1477204711707248,0.24469946589114114,0.35582284049131907,0.2438185174344946,0.33657025572537524,0.5033740015115636,1.6565034213052634,1.135076679591823,1.5668746260044357,2.343415488867048,0.9999999999999593,0.6852244704072983,0.9458927798469214,1.4146759123626969,density1.0000_damping0.015_lm1450_bias_summary.pkl,0.1,0.015,0.3558228404913203,0.5397555780515426,0.6592295753121932,1.5169222338460564
2.95,0.015,1.0,1.0,1450,100,50,50,0.08575365287270172,0.08575365287270172,0.2046910293880459,1.6390265586910813,0.33549403349282386,Peak absolute acceleration,mean,theory_times_residual,success,0.1,Peak absolute acceleration,0.23074221466739073,0.1693943373793928,0.20970722346543055,0.35126971349156016,0.6877684597402223,0.14078003400485492,0.2307422146673936,0.33549403349281914,0.24629558826145487,0.3049096254641268,0.5107383284546643,1.6390265586910813,1.203255408885262,1.4896091263779536,2.495167130585054,0.9999999999999875,0.7341280728520722,0.9088376991081402,1.5223469792811968,density1.0000_damping0.015_lm1450_bias_summary.pkl,0.1,0.015,0.33549403349282386,0.5334442080723368,0.6289205664171829,1.5900259164631227
3.0,0.015,1.0,1.0,1450,100,50,50,0.09902315847236982,0.09902315847236982,0.30894678363648953,0.9412766658944077,0.2908043984401558,Peak absolute acceleration,mean,theory_times_residual,success,0.1,Peak absolute acceleration,0.19736631454172682,0.12707043350631245,0.1880102403166765,0.29437338734250273,0.678690953783301,0.2096793872545305,0.1973663145417271,0.29080439844015343,0.1872287125649309,0.2770189277883115,0.4337370134396887,0.9412766658944077,0.6060225335934487,0.8966558076042557,1.4039214402375277,0.9999999999999988,0.6438304013598394,0.9525953846441586,1.49150774804718,density1.0000_damping0.015_lm1450_bias_summary.pkl,0.1,0.015,0.2908043984401558,0.5415459442375999,0.5369893386415371,1.8622343648940503
3.1,0.015,1.0,1.0,1450,100,50,50,0.10794190049424136,0.10794190049424136,0.22038009562382022,2.0058288626563723,0.44204475655722986,Peak absolute acceleration,mean,theory_times_residual,success,0.1,Peak absolute acceleration,0.1979232111565714,0.14739839661278617,0.18013168789671144,0.2780923070101192,0.44774473222587585,0.09867402690300131,0.1979232111565745,0.4420447565572345,0.3292018554412102,0.4023088937333149,0.6210956533818666,2.0058288626563723,1.4937912360431176,1.8255228204457974,2.818292875423945,0.9999999999999843,0.7447251676620242,0.9101089601573389,1.4050515115689186,density1.0000_damping0.015_lm1450_bias_summary.pkl,0.1,0.015,0.44204475655722986,0.5463958813277441,0.809019195904355,1.2360646138712976
3.2,0.015,1.0,1.0,1450,100,50,50,0.08927145330926835,0.08927145330926835,0.17919468722839624,1.6990688804232772,0.3044641166069505,Peak absolute acceleration,mean,theory_times_residual,success,0.1,Peak absolute acceleration,0.161336784415751,0.10668413298197782,0.16605121259868494,0.20398412076033556,0.5299041023741784,0.0949559998859836,0.1613367844157491,0.30446411660694617,0.2013272448807077,0.3133608738915406,0.38494535114260603,1.6990688804232772,1.1235112379425893,1.748717435423432,2.1481962277819746,1.0000000000000115,0.6612511422507543,1.0292210372235213,1.2643373394296025,density1.0000_damping0.015_lm1450_bias_summary.pkl,0.1,0.015,0.3044641166069505,0.46766849277351075,0.6510255048428166,1.5360381314729767
3.3,0.015,1.0,1.0,1450,100,50,50,0.09463606670567593,0.09463606670567593,0.11442259122498177,2.202019286589515,0.25196075269895807,Peak absolute acceleration,mean,theory_times_residual,success,0.1,Peak absolute acceleration,0.15140509370817914,0.11014769620761454,0.143189021654138,0.20653448452942996,0.6009074512056246,0.06875738765334573,0.15140509370817506,0.25196075269895396,0.18330226391205637,0.2382879782350046,0.34370431605574464,2.202019286589515,1.601976165280543,2.082525624388966,3.0038151764973287,1.0000000000000266,0.7275032398838451,0.9457345069917322,1.3641184683489826,density1.0000_damping0.015_lm1450_bias_summary.pkl,0.1,0.015,0.25196075269895807,0.38706730978399695,0.6509481589638029,1.5362206440400017
3.4,0.015,1.0,1.0,1450,100,50,50,0.10231586813979715,0.10231586813979715,0.13323773711867054,1.7962343149996685,0.23932619546546108,Peak absolute acceleration,mean,theory_times_residual,success,0.1,Peak absolute acceleration,0.16015856450598515,0.12127637774991794,0.15873094486425718,0.20481552326375976,0.6692061610493324,0.08916351456408664,0.16015856450598567,0.23932619546546374,0.18122423971673163,0.23719289227009355,0.3060574381781001,1.7962343149996685,1.3601569918237133,1.7802230614201358,2.2970777258510573,0.9999999999999966,0.7572269277262749,0.9910862110550751,1.278829664186364,density1.0000_damping0.015_lm1450_bias_summary.pkl,0.1,0.015,0.23932619546546108,0.3531443434152443,0.6777007756968342,1.4755774758731297
3.45,0.015,1.0,1.0,1450,100,50,50,0.07349131326167256,0.07349131326167256,0.19147312391522214,1.0558634747558233,0.2021694779394788,Peak absolute acceleration,mean,theory_times_residual,success,0.1,Peak absolute acceleration,0.13867488817390608,0.11157216642063203,0.13594859664775133,0.1736341442785957,0.6859338491017114,0.13133789688669337,0.13867488817390888,0.20216947793947282,0.16265732703925495,0.19819490877405677,0.2531354073078393,1.0558634747558233,0.8495047436071445,1.0351056311266782,1.3220414548619714,0.9999999999999799,0.8045592672893453,0.9803404094132847,1.2520950733404972,density1.0000_damping0.015_lm1450_bias_summary.pkl,0.1,0.015,0.2021694779394788,0.3441786506709897,0.5873969159485559,1.7024263710767586
3.5,0.015,1.0,1.0,1450,100,50,50,0.09562214713053296,0.09562214713053296,0.15427493868630415,1.477023088449519,0.22786764640880514,Peak absolute acceleration,mean,theory_times_residual,success,0.1,Peak absolute acceleration,0.15289361687482608,0.10931867485088413,0.15102237117593573,0.21736142701880512,0.6709755390220079,0.10351471014263132,0.15289361687482397,0.22786764640880766,0.16292497787657576,0.22507880301577166,0.32394836231380963,1.477023088449519,1.056068984787337,1.458945989104779,2.099811966041408,1.0000000000000135,0.7149982915270084,0.98776112608795,1.4216514165974752,density1.0000_damping0.015_lm1450_bias_summary.pkl,0.1,0.015,0.22786764640880514,0.33700519786259975,0.6761546939157658,1.4789515017765917
3.55,0.015,1.0,1.0,1450,100,50,50,0.10513624939142667,0.10513624939142667,0.1469100363475727,1.61054616146765,0.23660539512065612,Peak absolute acceleration,mean,theory_times_residual,success,0.1,Peak absolute acceleration,0.15711615511446234,0.12126751959562726,0.15442676674560796,0.19467102457199673,0.6640429946001155,0.09755458047305292,0.1571161551144619,0.23660539512065357,0.1826199818110485,0.2325553736751688,0.2931602714809558,1.61054616146765,1.2430735595149678,1.5829781235978417,1.9955088077670518,1.0000000000000029,0.7718335489261543,0.9828828017914857,1.239026148712559,density1.0000_damping0.015_lm1450_bias_summary.pkl,0.1,0.015,0.23660539512065612,0.33085655035929545,0.7151298496696346,1.3983474476166373
3.6,0.015,1.0,1.0,1450,100,50,50,0.09305623356020798,0.09305623356020798,0.1711406985098141,1.434675992719587,0.24553145152929104,Peak absolute acceleration,mean,theory_times_residual,success,0.1,Peak absolute acceleration,0.1645263796888945,0.13599546365674775,0.16282061975698925,0.194727935280118,0.6700827069776442,0.11467842253149896,0.1645263796888947,0.24553145152928646,0.20295325075638007,0.2429858554198167,0.29060283641466167,1.434675992719587,1.1858853710635373,1.4198017043028908,1.6980346518686347,0.9999999999999987,0.8265875898679808,0.9896323013055359,1.183566645350927,density1.0000_damping0.015_lm1450_bias_summary.pkl,0.1,0.015,0.24553145152929104,0.32547764642148097,0.7543727018700909,1.3256047011258458
3.65,0.015,1.0,1.0,1450,100,50,50,0.07437668370693669,0.07437668370693669,0.21595206884386164,1.0829445687306567,0.23386412006060883,Peak absolute acceleration,mean,theory_times_residual,success,0.1,Peak absolute acceleration,0.15913731377073062,0.11991363360288558,0.1537228039713487,0.20396083335236156,0.6804691276690249,0.14694871590450745,0.15913731377072646,0.23386412006061474,0.17622200438931696,0.22590709515056545,0.2997356162961248,1.0829445687306567,0.8160236914272171,1.0460983141305111,1.3879728863020664,1.000000000000026,0.7535230472448999,0.9659758627874127,1.2816656792775427,density1.0000_damping0.015_lm1450_bias_summary.pkl,0.1,0.015,0.23386412006060883,0.3207523893479613,0.7291110770399046,1.3715331332777096
3.7,0.015,1.0,1.0,1450,100,50,50,0.11228925912441312,0.11228925912441312,0.15800167849170543,1.6213412240467608,0.25617463480718444,Peak absolute acceleration,mean,theory_times_residual,success,0.1,Peak absolute acceleration,0.16802313771238722,0.14081944839675736,0.1728793480713116,0.18836431149532568,0.6558929530195594,0.1036321874879691,0.16802313771239008,0.2561746348071781,0.21469882813721583,0.26357860269030237,0.2871875824067719,1.6213412240467608,1.3588389071986484,1.6682012824575527,1.8176236173456566,0.999999999999983,0.8380955760854911,1.0289020335237047,1.121061742209303,density1.0000_damping0.015_lm1450_bias_summary.pkl,0.1,0.015,0.25617463480718444,0.3165987177876083,0.8091461538357715,1.2358706709034772
3.75,0.015,1.0,1.0,1450,100,50,50,0.09933566497991075,0.09933566497991075,0.1765894912631019,1.4510269672492948,0.2562361139555946,Peak absolute acceleration,mean,theory_times_residual,success,0.1,Peak absolute acceleration,0.16968916649101837,0.14190314548348898,0.1728572085862154,0.1949687966591563,0.6622375116117484,0.11694418527086188,0.16968916649102112,0.25623611395559615,0.21427832612218878,0.26101995969016745,0.29440917078925777,1.4510269672492948,1.2134262610391278,1.4781171734691192,1.667195305243922,0.9999999999999837,0.8362534180459753,1.0186696779806619,1.148976099599575,density1.0000_damping0.015_lm1450_bias_summary.pkl,0.1,0.015,0.2562361139555946,0.3129472259262184,0.8187837843815929,1.2213236498757227
3.8,0.015,1.0,1.0,1450,100,50,50,0.10178120785327029,0.10178120785327029,0.17921069382174523,1.4557061226209715,0.26087810423546687,Peak absolute acceleration,mean,theory_times_residual,success,0.1,Peak absolute acceleration,0.17202460401409514,0.14086466016951812,0.17305866632228983,0.1995205179297884,0.6594060644461945,0.11817261831967021,0.17202460401409359,0.2608781042354696,0.21362354361697294,0.26244627651041397,0.30257610399345763,1.4557061226209715,1.1920245330306838,1.4644565617912155,1.6883819684020454,1.0000000000000089,0.8188634467542643,1.00601113029222,1.1598371004733843,density1.0000_damping0.015_lm1450_bias_summary.pkl,0.1,0.015,0.26087810423546687,0.3097371798153549,0.8422563425901524,1.187286992609346
3.85,0.015,1.0,1.0,1450,100,50,50,0.09693680942569334,0.09693680942569334,0.194531166951635,1.3241852651728279,0.25759530489423044,Peak absolute acceleration,mean,theory_times_residual,success,0.1,Peak absolute acceleration,0.17022011184261543,0.15106970215369758,0.1732215010370623,0.18975926061233087,0.6608044036847047,0.12854705177556774,0.1702201118426179,0.25759530489423615,0.22861485382258254,0.26213732849109916,0.28716403757937475,1.3241852651728279,1.175209388834934,1.3475338301767696,1.4761852410558154,0.9999999999999853,0.8874961984126388,1.017632400554521,1.114787545127326,density1.0000_damping0.015_lm1450_bias_summary.pkl,0.1,0.015,0.25759530489423044,0.3069152098363981,0.8393044614228746,1.1914627479814455
3.9,0.015,1.0,1.0,1450,100,50,50,0.11565385599910606,0.11565385599910606,0.1779513865962492,1.5609356522041626,0.27777066369725134,Peak absolute acceleration,mean,theory_times_residual,success,0.1,Peak absolute acceleration,0.18009214071967197,0.1507556606885443,0.17449191885005305,0.21104632910323898,0.6483483112383664,0.1153744809822031,0.1800921407196723,0.27777066369724956,0.2325226395679138,0.2691329888972299,0.3255138101619076,1.5609356522041626,1.3066638255282712,1.512396132702595,1.8292288494523636,0.9999999999999979,0.8371029412283317,0.9689035743190124,1.1718797292312124,density1.0000_damping0.015_lm1450_bias_summary.pkl,0.1,0.015,0.27777066369725134,0.3044343997601507,0.9124154954765065,1.0959919082454321
4.0,0.015,1.0,1.0,1450,100,50,50,0.10074505528064033,0.10074505528064033,0.20520728735976873,1.305625546998287,0.2679238768071327,Peak absolute acceleration,mean,theory_times_residual,success,0.1,Peak absolute acceleration,0.17519395080318256,0.12202634790103636,0.18068961967451405,0.20796461650645087,0.6538945050026266,0.13418391759104606,0.1751939508031834,0.26792387680712937,0.18661473214329305,0.27632839592953645,0.3180400124414801,1.305625546998287,0.9093962234202875,1.3465817880292033,1.5498475543117405,0.9999999999999952,0.6965214685872536,1.03136905610117,1.1870536371434577,density1.0000_damping0.015_lm1450_bias_summary.pkl,0.1,0.015,0.2679238768071327,0.3003362684421567,0.892079661896486,1.1209761221033554
4.1,0.015,1.0,1.0,1450,100,50,50,0.11476871480951022,0.11476871480951022,0.1784579063308409,1.5555963352724165,0.2776084650886443,Peak absolute acceleration,mean,theory_times_residual,success,0.1,Peak absolute acceleration,0.17834285437010713,0.1472383903177646,0.17661885495336035,0.21435087492231925,0.6424258507864965,0.11464597230416829,0.17834285437010983,0.2776084650886465,0.22919126018591324,0.2749248878094381,0.3336585454335282,1.5555963352724165,1.284287510137077,1.5405587427421459,1.8696764536448167,0.999999999999985,0.8255917560465023,0.9903332296500553,1.201903354521191,density1.0000_damping0.015_lm1450_bias_summary.pkl,0.1,0.015,0.2776084650886443,0.2971691221277253,0.9341766839736537,1.070461313320669
4.2,0.015,1.0,1.0,1450,100,50,50,0.09760700523999292,0.09760700523999292,0.1693761007468602,1.5110700621580582,0.25593915508364756,Peak absolute acceleration,mean,theory_times_residual,success,0.1,Peak absolute acceleration,0.16614000174404442,0.1362820768747695,0.1678145680433178,0.19386859886464536,0.6491386661401911,0.10994857611484207,0.16614000174404236,0.25593915508364434,0.2099429351283434,0.25851882932987347,0.29865513945948885,1.5110700621580582,1.2395074287494356,1.526300512232503,1.7632661168994879,1.0000000000000122,0.8202845518487932,1.0100792481142218,1.1668989817595046,density1.0000_damping0.015_lm1450_bias_summary.pkl,0.1,0.015,0.25593915508364756,0.2947214661111947,0.8684102941693702,1.1515294172744772
4.25,0.015,1.0,1.0,1450,100,50,50,0.09206599198742166,0.09206599198742166,0.18248769371104784,1.6893483747803988,0.30828528878818184,Peak absolute acceleration,mean,theory_times_residual,success,0.1,Peak absolute acceleration,0.17551891700603953,0.13060716507328893,0.17353629020250225,0.24061080866521925,0.5693392561674772,0.10389740779716648,0.17551891700604078,0.3082852887881822,0.2294012992402362,0.3048029594352347,0.4226141198920614,1.6893483747803988,1.2570781874391563,1.6702658312831842,2.31584996937509,0.9999999999999929,0.7441201626648246,0.9887041987418923,1.370853995509431,density1.0000_damping0.015_lm1450_bias_summary.pkl,0.1,0.015,0.30828528878818184,0.2937148093486832,1.0496075750208398,0.952737026483577
4.3,0.015,1.0,1.0,1450,100,50,50,0.0838391828120922,0.0838391828120922,0.20195752730713348,1.6464619906679412,0.33251539244047806,Peak absolute acceleration,mean,theory_times_residual,success,0.1,Peak absolute acceleration,0.1630487614723887,0.14375754123373288,0.15721894056561825,0.19685526302232761,0.49034951517793485,0.09902977560158714,0.1630487614723902,0.3325153924404771,0.29317361756046006,0.32062627921344566,0.4014590754737344,1.6464619906679412,1.4516597696039704,1.587592616569541,1.9878391304682774,0.9999999999999906,0.8816843497340886,0.9642449237018023,1.207339824262707,density1.0000_damping0.015_lm1450_bias_summary.pkl,0.1,0.015,0.33251539244047806,0.29282985158490665,1.1355242323853767,0.88065051496022
4.35,0.015,1.0,1.0,1450,100,50,50,0.10609722905724352,0.10609722905724352,0.12297701780218966,3.2643796015188133,0.4014436683690839,Peak absolute acceleration,mean,theory_times_residual,success,0.1,Peak absolute acceleration,0.16024706119465884,0.13900413408242077,0.15654781318705208,0.19555447121706587,0.3991769551271885,0.04908959151689985,0.1602470611946627,0.4014436683690816,0.3482268510168136,0.3921764800705285,0.4898941902965239,3.2643796015188133,2.8316416940354134,3.1890225269680252,3.983623924630606,0.9999999999999759,0.8674364013051276,0.9769153457165939,1.2203310922470705,density1.0000_damping0.015_lm1450_bias_summary.pkl,0.1,0.015,0.4014436683690839,0.29205188011257044,1.3745628626473458,0.7275040139481299
4.4,0.015,1.0,1.0,1450,100,50,50,0.10322212087361098,0.10322212087361098,0.10367078191874807,5.2907344557971365,0.5484945779569512,Peak absolute acceleration,mean,theory_times_residual,success,0.1,Peak absolute acceleration,0.17513227344944568,0.13983060016984122,0.17491571968735398,0.2159548351045637,0.3192962710803575,0.03310169408664058,0.1751322734494495,0.5484945779569407,0.43793370870482223,0.547816355936499,0.6763462484978855,5.2907344557971365,4.224273229154005,5.284192380895325,6.523981356945726,0.9999999999999778,0.7984285101523688,0.9987634845489628,1.2330955959804708,density1.0000_damping0.015_lm1450_bias_summary.pkl,0.1,0.015,0.5484945779569512,0.2913679609058659,1.882480751320989,0.5312139310313001
1.5,0.015,1.0,1.0,2900,100,50,50,0.043612989233117815,0.043612989233117815,0.746190622189089,0.2274263849937499,0.16970343572070154,Peak absolute acceleration,mean,theory_times_residual,success,0.1,Peak absolute acceleration,0.14286366529345984,0.10960898215306203,0.13842158159793932,0.1756288717474605,0.8418430934336677,0.6281754216749564,0.14286366529344338,0.16970343572072874,0.13020120139727506,0.1644268185813015,0.208624235463065,0.2274263849937499,0.17448785541593217,0.2203549785963519,0.27958571075443645,1.0000000000001152,0.7672278457081728,0.9689068337538453,1.2293459739165802,density1.0000_damping0.015_lm2900_bias_summary.pkl,0.05,0.015,0.16970343572070154,0.21153292895098003,0.8022554056349669,1.2464858360270419
1.6,0.015,1.0,1.0,2900,100,50,50,0.04613567956132505,0.04613567956132505,0.7403637170291221,0.21910580016576864,0.1622179846333685,Peak absolute acceleration,mean,theory_times_residual,success,0.1,Peak absolute acceleration,0.191151144968847,0.14516252424756093,0.18993555948338586,0.22792267502756233,1.1783597570939426,0.8724148097596137,0.1911511449688571,0.16221798463337014,0.1231903273797801,0.1611863934931067,0.19342367528713186,0.21910580016576864,0.16639163231027587,0.21771244293264685,0.2612549357000994,0.9999999999999468,0.7594122665140783,0.9936407104144247,1.1923688715790646,density1.0000_damping0.015_lm2900_bias_summary.pkl,0.05,0.015,0.1622179846333685,0.21154843613135152,0.7668124974114102,1.3040997680342015
1.7,0.015,1.0,1.0,2900,100,50,50,0.05249338202225825,0.05249338202225825,0.6965214729850261,0.262488124317065,0.18282861499039874,Peak absolute acceleration,mean,theory_times_residual,success,0.1,Peak absolute acceleration,0.26309742631636324,0.2200301774176631,0.264498062148236,0.3069080579634589,1.439038557121837,1.0023212554887333,0.2630974263163521,0.18282861499039596,0.15290082140518638,0.18380192861353759,0.21327299150155735,0.262488124317065,0.21952061398755437,0.2638855164447913,0.30619729580992483,1.0000000000000424,0.8363068407712042,1.005323639427015,1.166518662917015,density1.0000_damping0.015_lm2900_bias_summary.pkl,0.05,0.015,0.18282861499039874,0.212307394810966,0.8611504801949701,1.1612372320498918
1.75,0.015,1.0,1.0,2900,100,50,50,0.047798577526482866,0.047798577526482866,0.7818222407727602,0.2795614118472474,0.21856732944401144,Peak absolute acceleration,mean,theory_times_residual,success,0.1,Peak absolute acceleration,0.3309716567179792,0.27376970015094065,0.3097749268206472,0.4169930011931039,1.5142778088555569,1.183896069672242,0.33097165671795015,0.21856732944407145,0.18079225525852954,0.20456941586878652,0.27537417424630556,0.2795614118472474,0.23124470733882319,0.26165719673890586,0.3522209523920011,1.0000000000000877,0.827169621911896,0.9359560570609027,1.2599054714478468,density1.0000_damping0.015_lm2900_bias_summary.pkl,0.05,0.015,0.21856732944401144,0.21426057057277936,1.0201005666125973,0.9802955049037404
1.8,0.015,1.0,1.0,2900,100,50,50,0.051444640809416214,0.051444640809416214,0.7645333187482478,0.3366426548248529,0.25737452612546563,Peak absolute acceleration,mean,theory_times_residual,success,0.1,Peak absolute acceleration,0.3705896914971363,0.30754125811513633,0.37888076623054023,0.41615678805790685,1.439884891003021,1.1008399743340465,0.3705896914971245,0.2573745261254767,0.21358739162885698,0.2631326772007536,0.2890208728893688,0.3366426548248529,0.27936963163168516,0.34417424427173826,0.3780356798086489,1.0000000000000318,0.8298699752621765,1.0223726534322126,1.122958348832366,density1.0000_damping0.015_lm2900_bias_summary.pkl,0.05,0.015,0.25737452612546563,0.21916325697906305,1.1743507085681844,0.8515343778514614
1.85,0.015,1.0,1.0,2900,100,50,50,0.05765049615843045,0.05765049615843045,0.7271872075307093,0.4539432161529315,0.3301016997317594,Peak absolute acceleration,mean,theory_times_residual,success,0.1,Peak absolute acceleration,0.4724147377867247,0.3760856764301198,0.4759566131081464,0.5892542985517703,1.4311187678542483,1.0406912604407557,0.47241473778671256,0.3301016997317707,0.2627913803366613,0.3325765993704165,0.4117438131534465,0.4539432161529315,0.36138064258446756,0.4573466033591637,0.5662143240274815,1.000000000000026,0.796092175684655,1.0074973853229636,1.2473241231051704,density1.0000_damping0.015_lm2900_bias_summary.pkl,0.05,0.015,0.3301016997317594,0.22974125157877334,1.4368412179498515,0.6959711257635481
1.9,0.015,1.0,1.0,2900,100,50,50,0.05669776809580365,0.05669776809580365,0.708477361279508,0.5009140702731371,0.3548862787348902,Peak absolute acceleration,mean,theory_times_residual,success,0.1,Peak absolute acceleration,0.508211421590625,0.3882646824654375,0.5026899112201475,0.6391944773421628,1.4320402113102775,1.0145680701552442,0.5082114215906418,0.3548862787348866,0.2711269414077318,0.35103058367348494,0.4463523246720268,0.5009140702731371,0.38268963304357406,0.4954718426563811,0.6300163548852433,0.999999999999967,0.7639825985221167,0.9891354067698583,1.2577333963521706,density1.0000_damping0.015_lm2900_bias_summary.pkl,0.05,0.015,0.3548862787348902,0.25021161546357684,1.418344540389809,0.7050473079870518
1.95,0.015,1.0,1.0,2900,100,50,50,0.04398923543983128,0.04398923543983128,0.7421708851965912,0.4485546480122045,0.33290420017426325,Peak absolute acceleration,mean,theory_times_residual,success,0.1,Peak absolute acceleration,0.5036227455649159,0.38572359371765036,0.5057674692907019,0.6059699618377538,1.5128158350098722,1.122767867408684,0.5036227455649157,0.3329042001742594,0.2549706215331447,0.33432190329195055,0.40055765402125065,0.4485546480122045,0.34354705448410217,0.4504648591858963,0.5397108159465901,1.0000000000000002,0.7658978811312079,1.0042585918620106,1.2032219894239184,density1.0000_damping0.015_lm2900_bias_summary.pkl,0.05,0.015,0.33290420017426325,0.286709781571965,1.161119088260696,0.8612381021984187
2.0,0.015,1.0,1.0,2900,100,50,50,0.04164029950674334,0.04164029950674334,0.7354443125691049,0.5654837413413113,0.4158818014197662,Peak absolute acceleration,mean,theory_times_residual,success,0.1,Peak absolute acceleration,0.6287695029626353,0.44090783902918357,0.580503012767093,0.9019613372473623,1.5118947278194594,1.1119143787780918,0.6287695029625798,0.415881801419787,0.29162601794708676,0.3839572968180976,0.5965768122944791,0.5654837413413113,0.39653038709123206,0.52207528191606,0.8111787692129211,1.0000000000000884,0.7012233210290154,0.9232365915203122,1.4344864580702175,density1.0000_damping0.015_lm2900_bias_summary.pkl,0.05,0.015,0.4158818014197662,0.3477579075577836,1.1958945932831158,0.8361940973867658
2.05,0.015,1.0,1.0,2900,100,50,50,0.045028040095939276,0.045028040095939276,0.696287880485559,0.5761793473966522,0.4011866965783676,Peak absolute acceleration,mean,theory_times_residual,success,0.1,Peak absolute acceleration,0.6065371030113877,0.42952691573566637,0.5903308795651085,0.7843344381921671,1.5118574673199032,1.0526880315164036,0.6065371030113756,0.4011866965783535,0.2841054299232959,0.3904672843344146,0.5187886127801258,0.5761793473966522,0.4080286873946218,0.5607842607602684,0.7450777578066775,1.0000000000000202,0.7081626393556514,0.9732807385305774,1.2931351343521302,density1.0000_damping0.015_lm2900_bias_summary.pkl,0.05,0.015,0.4011866965783676,0.44477252537711137,0.9020042239304679,1.1086422585057722
2.1,0.015,1.0,1.0,2900,100,50,50,0.046613568634279436,0.046613568634279436,0.6652276050232199,0.6283465224419503,0.41799345224872747,Peak absolute acceleration,mean,theory_times_residual,success,0.1,Peak absolute acceleration,0.63171839069268,0.45937905661970685,0.6389237901189813,0.7653157180496439,1.511311689917948,1.0053662559277412,0.6317183906926453,0.4179934522487398,0.30396049979911655,0.4227610984426844,0.5063917146642295,0.6283465224419503,0.4569270690269953,0.6355134622351029,0.7612307589769052,1.000000000000055,0.727189620229391,1.0114060308081827,1.211482409449116,density1.0000_damping0.015_lm2900_bias_summary.pkl,0.05,0.015,0.41799345224872747,0.5926098505235493,0.7053434091240104,1.4177491234262591
2.15,0.015,1.0,1.0,2900,100,50,50,0.04693000455912804,0.04693000455912804,0.8260310073206294,0.6589180195991616,0.5442867154712097,Peak absolute acceleration,mean,theory_times_residual,success,0.1,Peak absolute acceleration,0.6167019847737119,0.5170291453909089,0.6270188823159073,0.7048385156305765,1.1330461818084976,0.9359312789000201,0.6167019847737164,0.5442867154711828,0.45631780389185844,0.5533921674005369,0.6220739515714685,0.6589180195991616,0.5524221244091363,0.6699411553515222,0.7530878938664793,0.9999999999999926,0.8383776251030229,1.0167291460006835,1.1429159189250861,density1.0000_damping0.015_lm2900_bias_summary.pkl,0.05,0.015,0.5442867154712097,0.810147347084105,0.6718366941892866,1.4884569548656532
2.2,0.015,1.0,1.0,2900,100,50,50,0.053323129125992026,0.053323129125992026,1.095114269206739,0.8338441062938354,0.91315457909632,Peak absolute acceleration,mean,theory_times_residual,success,0.1,Peak absolute acceleration,0.6545618481683806,0.5370980655321307,0.6522763072768369,0.8109640497252607,0.7168138485558052,0.7849930739184499,0.6545618481683335,0.9131545790963075,0.749285280431237,0.9099661070876424,1.1313453993099378,0.8338441062938354,0.6842073941507514,0.8309325635459041,1.0330843375180008,1.000000000000072,0.8205459377675268,0.9965082888685122,1.2389418234420306,density1.0000_damping0.015_lm2900_bias_summary.pkl,0.05,0.015,0.91315457909632,1.1209003255375805,0.8146617128141519,1.2275033725909261
2.25,0.015,1.0,1.0,2900,100,50,50,0.04339201490381028,0.04339201490381028,1.4951227459874246,0.981273777517874,1.467124744807977,Peak absolute acceleration,mean,theory_times_residual,success,0.1,Peak absolute acceleration,0.553623820830475,0.43664153399394834,0.5307801236792087,0.7437085430425834,0.377352929796652,0.5641889486039902,0.5536238208304695,1.467124744808029,1.15711711640677,1.4065880552861625,1.9708566816835187,0.981273777517874,0.7739278393778525,0.9407843329660264,1.3181905545700432,1.0000000000000102,0.7886971578263368,0.9587378716526433,1.343346357327933,density1.0000_damping0.015_lm2900_bias_summary.pkl,0.05,0.015,1.467124744807977,1.5536724938987867,0.9442947278588862,1.0589914043758681
2.3,0.015,1.0,1.0,2900,100,50,50,0.05394626308922631,0.05394626308922631,1.0401548766967517,1.4969879624564824,1.5570993295054438,Peak absolute acceleration,mean,theory_times_residual,success,0.1,Peak absolute acceleration,0.5572282757702657,0.4424889707209115,0.55845197279262,0.6834513854629511,0.3578630246711733,0.3722329703011653,0.557228275770249,1.5570993295054205,1.2364758027949316,1.5605187859398446,1.909812800836154,1.4969879624564824,1.1887420138063096,1.500275411769111,1.8360850327416887,1.00000000000003,0.7940892269138085,1.0021960425835885,1.226519570490614,density1.0000_damping0.015_lm2900_bias_summary.pkl,0.05,0.015,1.5570993295054438,1.4004659163252184,1.1118437880953744,0.8994069227234371
2.35,0.015,1.0,1.0,2900,100,50,50,0.04742869214309706,0.04742869214309706,0.5612910859487836,1.9458972895866264,1.0922148028168723,Peak absolute acceleration,mean,theory_times_residual,success,0.1,Peak absolute acceleration,0.41173503628372354,0.2880779407374389,0.45811949333147106,0.5101502652638493,0.37697258380113763,0.21159135093465792,0.4117350362837201,1.0922148028168646,0.7641880420922259,1.2152594459578538,1.3532821408916205,1.9458972895866264,1.3614825911594137,2.165114459111064,2.411016627146495,1.0000000000000082,0.6996682704916299,1.1126560845207942,1.2390256361674135,density1.0000_damping0.015_lm2900_bias_summary.pkl,0.05,0.015,1.0922148028168723,1.2657811306719398,0.8628780887554226,1.1589122647005259
2.4,0.015,1.0,1.0,2900,100,50,50,0.04637651002612167,0.04637651002612167,0.5283218941795149,2.037662475747971,1.076541698885688,Peak absolute acceleration,mean,theory_times_residual,success,0.1,Peak absolute acceleration,0.4055691657725479,0.29721964690375074,0.4086852642872142,0.4962488663140017,0.37673335477140324,0.19903647959344906,0.40556916577252705,1.0765416988857857,0.7889390284651053,1.0848130623719232,1.3172416512339846,2.037662475747971,1.493292322647839,2.053318392296692,2.493255846001885,1.0000000000000513,0.7328457683354886,1.0076832727378364,1.2235862787269547,density1.0000_damping0.015_lm2900_bias_summary.pkl,0.05,0.015,1.076541698885688,1.1473789590851888,0.9382616705330517,1.0658007583661864
2.45,0.015,1.0,1.0,2900,100,50,50,0.05166803793759044,0.05166803793759044,0.4630552796296254,2.21504549452889,1.025688510861417,Peak absolute acceleration,mean,theory_times_residual,success,0.1,Peak absolute acceleration,0.3672355336036551,0.25215470075278185,0.35575207192253133,0.5286060067227704,0.3580380687848708,0.16579141805923084,0.36723553360367217,1.025688510861426,0.7042678495294041,0.993615212845668,1.4763960953000959,2.21504549452889,1.5209152783933408,2.1457809824356224,3.188379790164531,0.9999999999999534,0.6866293636631366,0.9687299821766867,1.439419550541785,density1.0000_damping0.015_lm2900_bias_summary.pkl,0.05,0.015,1.025688510861417,1.0432909274728177,0.9831279884182574,1.0171615616485918
2.5,0.015,1.0,1.0,2900,100,50,50,0.04608217686066054,0.04608217686066054,0.4848492007703368,1.7198279745188956,0.8338572189079536,Peak absolute acceleration,mean,theory_times_residual,success,0.1,Peak absolute acceleration,0.31371131656454876,0.2189942016575795,0.30213353921488506,0.4176544478193462,0.37621706624477175,0.1824085438849233,0.3137113165645707,0.8338572189078847,0.5820953415098373,0.8030830239325534,1.1101422165352135,1.7198279745188956,1.200569869116093,1.6563562911038479,2.2896649407104155,0.99999999999993,0.6980755557554273,0.963094167349546,1.3313337000177392,density1.0000_damping0.015_lm2900_bias_summary.pkl,0.05,0.015,0.8338572189079536,0.9517865404200554,0.8760968804411606,1.1414262763912337
2.55,0.015,1.0,1.0,2900,100,50,50,0.04881103224262157,0.04881103224262157,0.440029928584572,1.580241873441705,0.6953537187169038,Peak absolute acceleration,mean,theory_times_residual,success,0.1,Peak absolute acceleration,0.2614821092039361,0.17558031192155102,0.2582707916737909,0.3430259280850747,0.37604186497549125,0.16546967498996742,0.26148210920393716,0.6953537187168731,0.46691692674429897,0.6868139314504885,0.9122014329639376,1.580241873441705,1.0611026578265572,1.560834586092286,2.0730440674756427,0.9999999999999961,0.6714811673199831,0.9877187868037209,1.3118523830536306,density1.0000_damping0.015_lm2900_bias_summary.pkl,0.05,0.015,0.6953537187169038,0.8713445348002864,0.7980238481397915,1.2530953834663145
2.6,0.015,1.0,1.0,2900,100,50,50,0.05321208586328779,0.05321208586328779,0.3825138618610026,1.886837233075011,0.7217413967266512,Peak absolute acceleration,mean,theory_times_residual,success,0.1,Peak absolute acceleration,0.25750508731694294,0.14918599522834577,0.25280107713154304,0.3564542462267597,0.35678303681183443,0.13647445725738752,0.2575050873169387,0.7217413967266325,0.41814206348331995,0.7085568848523172,0.999078457910968,1.886837233075011,1.093142249666431,1.8523691701133957,2.6118751698311984,1.0000000000000162,0.5793516422637771,0.9817323601859331,1.384260986611242,density1.0000_damping0.015_lm2900_bias_summary.pkl,0.05,0.015,0.7217413967266512,0.8006278861010955,0.9014692209153559,1.1093002143596336
2.65,0.015,1.0,1.0,2900,100,50,50,0.05964682776069465,0.05964682776069465,0.34807731572227985,1.9442385985529045,0.6767453525079422,Peak absolute acceleration,mean,theory_times_residual,success,0.1,Peak absolute acceleration,0.23980221931130788,0.14244470638125736,0.26281098804218267,0.2991345700987002,0.35434631124192867,0.12333991285318197,0.23980221931131065,0.6767453525079418,0.40199291445143265,0.7416783516697862,0.8441870582771982,1.9442385985529045,1.1548954680292083,2.1307862310152634,2.4252860503864304,0.9999999999999885,0.5940091246459066,1.0959489399095264,1.2474220253581743,density1.0000_damping0.015_lm2900_bias_summary.pkl,0.05,0.015,0.6767453525079422,0.7384644097391451,0.9164224349647233,1.0911998242802539
2.7,0.015,1.0,1.0,2900,100,50,50,0.04160476642441458,0.04160476642441458,0.43907295089677095,0.9767298558383661,0.4288556600319291,Peak absolute acceleration,mean,theory_times_residual,success,0.1,Peak absolute acceleration,0.16089647735797472,0.09346951088567552,0.15297521885504325,0.2515272842792786,0.3751762943877057,0.16472976268332748,0.16089647735796248,0.428855660031934,0.2491349061331804,0.40774222983544706,0.6704242459928753,0.9767298558383661,0.5674111912937011,0.9286434725770785,1.5269085572763714,1.000000000000076,0.5809295046138553,0.9507679805487848,1.5632864585324682,density1.0000_damping0.015_lm2900_bias_summary.pkl,0.05,0.015,0.4288556600319291,0.683847288631473,0.6271219717638934,1.5945861332005256
2.75,0.015,1.0,1.0,2900,100,50,50,0.05052082336533865,0.05052082336533865,0.3434500551844403,1.1892768740784134,0.40845720803180974,Peak absolute acceleration,mean,theory_times_residual,success,0.1,Peak absolute acceleration,0.14574433291351382,0.08909906078761247,0.15001924378787806,0.18535103993228524,0.35681665067388096,0.1225486983646706,0.14574433291351668,0.4084572080318066,0.24970544569414213,0.4204379013831136,0.5194573728054249,1.1892768740784134,0.7270502418759163,1.2241602382545331,1.5124684505479813,0.9999999999999806,0.6113380809151805,1.0293315752928662,1.2717546969203313,density1.0000_damping0.015_lm2900_bias_summary.pkl,0.05,0.015,0.40845720803180974,0.6360213340812055,0.6422067722332897,1.5571308856218633
2.8,0.015,1.0,1.0,2900,100,50,50,0.04719824427686308,0.04719824427686308,0.35463955538287567,0.9297963422671036,0.3297425614182297,Peak absolute acceleration,mean,theory_times_residual,success,0.1,Peak absolute acceleration,0.12348964531914834,0.07122055374816462,0.1153687915467411,0.18826780314853156,0.3745032027046072,0.1328136492966256,0.1234896453191461,0.3297425614182315,0.19017341703307272,0.30805822410479966,0.5027134662371084,0.9297963422671036,0.536244234876047,0.8686516194512266,1.4175335452763205,1.0000000000000184,0.5767330010876827,0.9342385853371147,1.5245634778687158,density1.0000_damping0.015_lm2900_bias_summary.pkl,0.05,0.015,0.3297425614182297,0.5948395978920816,0.554338619329877,1.8039515291373487
2.85,0.015,1.0,1.0,2900,100,50,50,0.04659774753742049,0.04659774753742049,0.34364304150476394,0.92884765080107,0.31919203181583455,Peak absolute acceleration,mean,theory_times_residual,success,0.1,Peak absolute acceleration,0.1194262187363321,0.08100265382983593,0.11390769605072498,0.16037465762444728,0.37415162921497574,0.1285746038473961,0.11942621873633388,0.3191920318158325,0.216496862514781,0.3044426033630264,0.42863546514801104,0.92884765080107,0.6300050819209768,0.8859268676878124,1.2473276434496685,0.999999999999985,0.6782652476728874,0.9537913638730156,1.3428764581295025,density1.0000_damping0.015_lm2900_bias_summary.pkl,0.05,0.015,0.31919203181583455,0.5615906096004035,0.5683713836364696,1.7594129978922113
2.9,0.015,1.0,1.0,2900,100,50,50,0.05506845160879401,0.05506845160879401,0.2689884761466458,1.1813538996099326,0.31777058524597335,Peak absolute acceleration,mean,theory_times_residual,success,0.1,Peak absolute acceleration,0.11257472173906675,0.07453681687189471,0.11276118740896636,0.15752620550054833,0.3542641357189346,0.0952929700204464,0.11257472173906564,0.3177705852459789,0.21039899147745114,0.3182969316951367,0.4446575016149142,1.1813538996099326,0.7821858932080912,1.1833106616865012,1.6530726817177483,1.00000000000001,0.6621097145117701,1.0016563724699488,1.3993035298428247,density1.0000_damping0.015_lm2900_bias_summary.pkl,0.05,0.015,0.31777058524597335,0.5397555780515426,0.5887305257559224,1.6985699844865745
2.95,0.015,1.0,1.0,2900,100,50,50,0.05172837235020383,0.05172837235020383,0.2701424442255513,1.1039270911438892,0.29821756264841315,Peak absolute acceleration,mean,theory_times_residual,success,0.1,Peak absolute acceleration,0.10587006642980941,0.07422386960157645,0.10168323276399965,0.14513253171310042,0.35500949538181237,0.09590313280572438,0.10587006642980877,0.29821756264841953,0.20907573055686512,0.28642398044773265,0.4088130982440639,1.1039270911438892,0.77394624586389,1.0602701891916744,1.5133241998163127,1.0000000000000062,0.7010845662478775,0.9604530930507638,1.3708552058888377,density1.0000_damping0.015_lm2900_bias_summary.pkl,0.05,0.015,0.29821756264841315,0.5334442080723368,0.5590417107087151,1.7887752932286107
3.0,0.015,1.0,1.0,2900,100,50,50,0.0458844021422834,0.0458844021422834,0.5575604109264369,0.450668223808641,0.25127476005823335,Peak absolute acceleration,mean,theory_times_residual,success,0.1,Peak absolute acceleration,0.09371255435648934,0.0640361100566053,0.09771988018053343,0.12331469191326896,0.3729485378267681,0.20794134000510495,0.09371255435648794,0.25127476005823124,0.1717022687091204,0.2620197433939897,0.3306480101298795,0.450668223808641,0.307952762327266,0.4699396482591408,0.5930263405547046,1.0000000000000149,0.6833247743200793,1.0427618887518677,1.3158823037111207,density1.0000_damping0.015_lm2900_bias_summary.pkl,0.05,0.015,0.25127476005823335,0.5415459442375999,0.463995276360138,2.1551943542283984
3.1,0.015,1.0,1.0,2900,100,50,50,0.05239069958183004,0.05239069958183004,0.34580505847826376,1.0766690442132878,0.37231760179591233,Peak absolute acceleration,mean,theory_times_residual,success,0.1,Peak absolute acceleration,0.08775139787324425,0.06211387319345606,0.08294587644950754,0.11489986414155715,0.23568963017048672,0.08150266634382841,0.08775139787324601,0.37231760179592555,0.26354096762138335,0.3519284085155059,0.4875049617517921,1.0766690442132878,0.7621084803707097,1.017707520139167,1.4097681621462395,0.9999999999999799,0.7078391307586631,0.9452370954741954,1.3093793025101002,density1.0000_damping0.015_lm2900_bias_summary.pkl,0.05,0.015,0.37231760179591233,0.5463958813277441,0.6814063109172266,1.4675531822619914
3.2,0.015,1.0,1.0,2900,100,50,50,0.05269875960470196,0.05269875960470196,0.1941216567839143,1.6279009643967335,0.31601083228882576,Peak absolute acceleration,mean,theory_times_residual,success,0.1,Peak absolute acceleration,0.0866365733475233,0.07053712473937615,0.08662686909235634,0.10366577427169502,0.2741569734177314,0.05321980589871389,0.08663657334752058,0.3160108322888277,0.2572873630024327,0.3159754355777903,0.3781256153340301,1.6279009643967335,1.325392371284104,1.6277186214700148,1.947879600857398,1.0000000000000315,0.8141726064861131,0.9998879889313568,1.1965590312057488,density1.0000_damping0.015_lm2900_bias_summary.pkl,0.05,0.015,0.31601083228882576,0.46766849277351075,0.6757154633503993,1.479912854208978
3.3,0.015,1.0,1.0,2900,100,50,50,0.049389478192407195,0.049389478192407195,0.24114518514142785,1.078766622907581,0.2601393770054415,Peak absolute acceleration,mean,theory_times_residual,success,0.1,Peak absolute acceleration,0.08555658530214637,0.06899925009669168,0.08436701355013755,0.10424433758885725,0.32888748442091886,0.07930963332138252,0.08555658530214565,0.26013937700544665,0.20979591308614412,0.25652242042194107,0.3169604880903361,1.078766622907581,0.8699983495963146,1.0637675401708298,1.3143969177922317,1.0000000000000087,0.8064750346571073,0.9860960819344637,1.2184256445101829,density1.0000_damping0.015_lm2900_bias_summary.pkl,0.05,0.015,0.2601393770054415,0.38706730978399695,0.6720778800736612,1.4879227983078487
3.4,0.015,1.0,1.0,2900,100,50,50,0.06119964878053242,0.06119964878053242,0.20963581663137246,1.248796886201384,0.2617925550455423,Peak absolute acceleration,mean,theory_times_residual,success,0.1,Peak absolute acceleration,0.090990528681079,0.0738090267275462,0.09376802911976492,0.10912892118906789,0.3475672891662291,0.07286255249871407,0.09099052868107914,0.2617925550455396,0.21235895617393952,0.2697838146527046,0.3139792626942963,1.248796886201384,1.0129898582519303,1.2869166108532886,1.4977367309633283,0.9999999999999983,0.8111726329917929,1.0305251599144003,1.199343742375249,density1.0000_damping0.015_lm2900_bias_summary.pkl,0.05,0.015,0.2617925550455423,0.3531443434152443,0.7413188400917224,1.3489472355461376
3.45,0.015,1.0,1.0,2900,100,50,50,0.05488977919903221,0.05488977919903221,0.2273361125553727,1.144359671097262,0.26015427899239646,Peak absolute acceleration,mean,theory_times_residual,success,0.1,Peak absolute acceleration,0.0907976613280654,0.07461935260453999,0.09333269982445017,0.10527280133149335,0.34901467575215256,0.07934363961026748,0.09079766132806724,0.2601542789923939,0.2138000427739313,0.26741769417951056,0.3016285808171895,1.144359671097262,0.9404578989704405,1.1763097871851649,1.326795718580453,0.9999999999999795,0.8218202045416972,1.0279196452783448,1.1594219475667438,density1.0000_damping0.015_lm2900_bias_summary.pkl,0.05,0.015,0.26015427899239646,0.3441786506709897,0.7558698904920751,1.3229790107778663
3.5,0.015,1.0,1.0,2900,100,50,50,0.0499031283334245,0.0499031283334245,0.26633355905553463,0.9051533952984308,0.2410727252610323,Peak absolute acceleration,mean,theory_times_residual,success,0.1,Peak absolute acceleration,0.08861057858502269,0.06360024533797438,0.09111520029577146,0.11303644557249845,0.3675678303676834,0.09789564845614662,0.08861057858501956,0.2410727252610335,0.17302995551692907,0.24788676474931878,0.3075254041122871,0.9051533952984308,0.6496738756111798,0.9307380024821783,1.1546626163177653,1.0000000000000355,0.7177500288743922,1.028265493248628,1.2756540740115234,density1.0000_damping0.015_lm2900_bias_summary.pkl,0.05,0.015,0.2410727252610323,0.33700519786259975,0.7153382997947958,1.397939968105858
3.55,0.015,1.0,1.0,2900,100,50,50,0.047883720856635635,0.047883720856635635,0.29236720430557434,0.8532529702467974,0.24946318547648355,Peak absolute acceleration,mean,theory_times_residual,success,0.1,Peak absolute acceleration,0.0915352752487422,0.07459804258856356,0.0927051439170842,0.11002351516536359,0.36692899224351333,0.1072780036408971,0.09153527524874265,0.24946318547648197,0.20330375676353313,0.25265145539538125,0.2998496098458914,0.8532529702467974,0.6953712788902506,0.8641579892501154,1.0255924926945585,0.999999999999995,0.8149649671762829,1.0127805227565274,1.2019793993777812,density1.0000_damping0.015_lm2900_bias_summary.pkl,0.05,0.015,0.24946318547648355,0.33085655035929545,0.7539919799247632,1.3262740541348723
3.6,0.015,1.0,1.0,2900,100,50,50,0.04138448512937446,0.04138448512937446,0.3608388448211895,0.6643599483954051,0.23972687632446305,Peak absolute acceleration,mean,theory_times_residual,success,0.1,Peak absolute acceleration,0.08779254649329847,0.06447590961067338,0.08724425046210606,0.11320676222646392,0.36621903993140553,0.13214605532037169,0.08779254649329922,0.23972687632445988,0.1760583218795779,0.23822969575379613,0.30912309269247185,0.6643599483954051,0.4879139937575856,0.6602107815522242,0.8566790885434166,0.9999999999999917,0.7344121133972862,0.9937546403072497,1.2894803345874521,density1.0000_damping0.015_lm2900_bias_summary.pkl,0.05,0.015,0.23972687632446305,0.32547764642148097,0.7365386807978328,1.3577019456965553
3.65,0.015,1.0,1.0,2900,100,50,50,0.049530687779471755,0.049530687779471755,0.29258014181292885,0.9232027899608876,0.27011080320884806,Peak absolute acceleration,mean,theory_times_residual,success,0.1,Peak absolute acceleration,0.09873632525534183,0.08399874744508545,0.09500409678947697,0.11725805624046533,0.36554008237500474,0.1069497691395895,0.09873632525534064,0.27011080320885034,0.22979353426667937,0.25990062751042714,0.3207802971389912,0.9232027899608876,0.7854037285059619,0.8883057677803754,1.0963843791698284,1.0000000000000122,0.8507380361569813,0.9622000468802965,1.1875878096255446,density1.0000_damping0.015_lm2900_bias_summary.pkl,0.05,0.015,0.27011080320884806,0.3207523893479613,0.8421162621982138,1.1874844898371484
3.7,0.015,1.0,1.0,2900,100,50,50,0.04701457811915046,0.04701457811915046,0.3244003397063651,0.8953834221047802,0.2904626862982384,Peak absolute acceleration,mean,theory_times_residual,success,0.1,Peak absolute acceleration,0.10595246428553567,0.09226829119554124,0.10168425873653783,0.1282827925984271,0.36477134338951955,0.1183319477107058,0.10595246428554064,0.2904626862982347,0.252948299990257,0.27876164227066136,0.35168001797071224,0.8953834221047802,0.7797411686412518,0.8593136570787483,1.0840926316200659,0.9999999999999529,0.8708461083725176,0.9597158444800298,1.2107579890988327,density1.0000_damping0.015_lm2900_bias_summary.pkl,0.05,0.015,0.2904626862982384,0.3165987177876083,0.9174474499706692,1.089980685032067
3.75,0.015,1.0,1.0,2900,100,50,50,0.049015159162633715,0.049015159162633715,0.31405855346038236,0.9031770295622256,0.2836504714229576,Peak absolute acceleration,mean,theory_times_residual,success,0.1,Peak absolute acceleration,0.10325179463155254,0.0963345219225008,0.09914418798452515,0.11716454110558475,0.36401065760118195,0.11432066057038584,0.10325179463155516,0.2836504714229479,0.26464753135895,0.27236616817178383,0.3218711833265958,0.9031770295622256,0.8426693953818506,0.867246458250504,1.024876347993528,0.9999999999999747,0.9330057871271097,0.9602175762495205,1.1347458077961354,density1.0000_damping0.015_lm2900_bias_summary.pkl,0.05,0.015,0.2836504714229576,0.3129472259262184,0.9063843610801807,1.1032847023179304
3.8,0.015,1.0,1.0,2900,100,50,50,0.043854583226494125,0.043854583226494125,0.37099205267862095,0.7987468430742505,0.2963287308826845,Peak absolute acceleration,mean,theory_times_residual,success,0.1,Peak absolute acceleration,0.10764455408174689,0.08259465164669542,0.10339127373379296,0.14065670691273496,0.3632606050756576,0.1347667975342976,0.10764455408174346,0.29632873088268785,0.2273702418942267,0.2846201109868748,0.38720605798539565,0.7987468430742505,0.6128709233865665,0.7671865446493251,1.0437044545555698,1.0000000000000318,0.7672905736036998,0.9604877331302739,1.3066774079989467,density1.0000_damping0.015_lm2900_bias_summary.pkl,0.05,0.015,0.2963287308826845,0.3097371798153549,0.9567102375612311,1.0452485619356928
3.85,0.015,1.0,1.0,2900,100,50,50,0.05883456126263886,0.05883456126263886,0.28068712199673596,1.171472454252432,0.32881723168256805,Peak absolute acceleration,mean,theory_times_residual,success,0.1,Peak absolute acceleration,0.11255142634011829,0.08957967649629368,0.10852873845251841,0.13401291496107698,0.3422917520599192,0.09607688676891876,0.11255142634011697,0.3288172316825671,0.26170562380542695,0.3170650119361338,0.39151663501847284,1.171472454252432,0.9323748875392687,1.1296029888390167,1.3948507228736586,1.0000000000000115,0.7958999668790923,0.9642591123150899,1.19068162278198,density1.0000_damping0.015_lm2900_bias_summary.pkl,0.05,0.015,0.32881723168256805,0.3069152098363981,1.0713618000810343,0.9333915022211682
3.9,0.015,1.0,1.0,2900,100,50,50,0.05466871308106166,0.05466871308106166,0.29869031504464216,1.1019388561271812,0.3291384640965604,Peak absolute acceleration,mean,theory_times_residual,success,0.1,Peak absolute acceleration,0.11286789735448773,0.08851629874705691,0.10966385696438953,0.14311580041289065,0.34291919561664447,0.10242664257358847,0.11286789735449133,0.32913846409655295,0.25812582053881544,0.3197950373328903,0.41734555032866216,1.1019388561271812,0.864192133247581,1.0706575380092294,1.3972516995279722,0.9999999999999681,0.7842469012162794,0.971612473828243,1.2679938562459245,density1.0000_damping0.015_lm2900_bias_summary.pkl,0.05,0.015,0.3291384640965604,0.3044343997601507,1.0811474142076662,0.9249432472007824
4.0,0.015,1.0,1.0,2900,100,50,50,0.052117593876200914,0.052117593876200914,0.32809736926106053,1.0049719225530114,0.3297286439708733,Peak absolute acceleration,mean,theory_times_residual,success,0.1,Peak absolute acceleration,0.11278642442196947,0.0969103335369446,0.11561296128944597,0.12879594569049937,0.3420583151760902,0.11222843334314155,0.11278642442197667,0.3297286439708606,0.28331523964577665,0.3379919626568028,0.376532129102594,1.0049719225530114,0.8635096352155124,1.0301574908023188,1.1476231277033173,0.9999999999999362,0.8592375725501004,1.025060967061906,1.1419454632999537,density1.0000_damping0.015_lm2900_bias_summary.pkl,0.05,0.015,0.3297286439708733,0.3003362684421567,1.0978648888499338,0.9108588954397514
4.1,0.015,1.0,1.0,2900,100,50,50,0.048636845525246976,0.048636845525246976,0.37759377046878,0.8215173497364009,0.31019983359248704,Peak absolute acceleration,mean,theory_times_residual,success,0.1,Peak absolute acceleration,0.11107577324357339,0.08741876658571024,0.11279823467822697,0.1302888533016994,0.3580781200208354,0.13520806746103914,0.11107577324357441,0.3101998335924861,0.24413322595813347,0.31501012871622436,0.3638559465574671,0.8215173497364009,0.6465499302465837,0.8342566889415111,0.9636174508539792,0.9999999999999908,0.7870192034946495,1.0155070847976493,1.1729727329108324,density1.0000_damping0.015_lm2900_bias_summary.pkl,0.05,0.015,0.31019983359248704,0.2971691221277253,1.0438494799576055,0.9579925259344905
4.2,0.015,1.0,1.0,2900,100,50,50,0.05548798144077993,0.05548798144077993,0.2976665100216582,1.1408188457609465,0.33958356438459736,Peak absolute acceleration,mean,theory_times_residual,success,0.1,Peak absolute acceleration,0.11461665330391556,0.09465876513207319,0.11468804965717161,0.1298665567879105,0.3375212033940077,0.10046875867260434,0.11461665330391568,0.3395835643845966,0.2804527957953878,0.3397950958455481,0.3847656250392953,1.1408188457609465,0.9421711423800501,1.1415294781425875,1.2926063634478078,0.9999999999999988,0.8258727017711599,1.0006229143078067,1.1330513764309487,density1.0000_damping0.015_lm2900_bias_summary.pkl,0.05,0.015,0.33958356438459736,0.2947214661111947,1.1522186315959637,0.8678908434373054
4.25,0.015,1.0,1.0,2900,100,50,50,0.04647763137972579,0.04647763137972579,0.3709434017290145,0.9084758686115699,0.336993129091497,Peak absolute acceleration,mean,theory_times_residual,success,0.1,Peak absolute acceleration,0.10476375665209332,0.08142131948648834,0.10443544571273858,0.1276650098463048,0.3108780197819567,0.11531815018070267,0.10476375665209259,0.336993129091508,0.2619076110417698,0.33593705269348856,0.41065949254259376,0.9084758686115699,0.7060581474720307,0.9056288671738926,1.1070677915510672,1.0000000000000069,0.7771897657018775,0.9968661782486066,1.218599007195441,density1.0000_damping0.015_lm2900_bias_summary.pkl,0.05,0.015,0.336993129091497,0.2937148093486832,1.1473481021906466,0.8715750678374713
4.3,0.015,1.0,1.0,2900,100,50,50,0.04197796368124173,0.04197796368124173,0.41588978332983106,0.9577216393609845,0.39830664508413044,Peak absolute acceleration,mean,theory_times_residual,success,0.1,Peak absolute acceleration,0.1058420283476665,0.07490770591592075,0.10768495752377652,0.13587050477441684,0.2657300089113771,0.1105143958303865,0.10584202834766758,0.3983066450841297,0.28189404058200673,0.40524198966060415,0.5113103534337012,0.9577216393609845,0.6778094867467437,0.9743975589302186,1.2294371584218402,0.9999999999999901,0.7077312017289158,1.0174120734917829,1.2837103265643433,density1.0000_damping0.015_lm2900_bias_summary.pkl,0.05,0.015,0.39830664508413044,0.29282985158490665,1.3601982274974334,0.7351869600946653
4.35,0.015,1.0,1.0,2900,100,50,50,0.04694032197912728,0.04694032197912728,0.35946341423854944,1.2314460768769642,0.44265981124486076,Peak absolute acceleration,mean,theory_times_residual,success,0.1,Peak absolute acceleration,0.09772346653982328,0.08172251869052541,0.09754075089482925,0.11878030031927395,0.22076426198484578,0.07935667535492665,0.0977234665398236,0.4426598112448629,0.37018001897487923,0.44183216077575493,0.5380413444247943,1.2314460768769642,1.0298127829198667,1.2291436159412354,1.4967902799357862,0.9999999999999968,0.8362629937735826,0.9981302787194938,1.2154736679430975,density1.0000_damping0.015_lm2900_bias_summary.pkl,0.05,0.015,0.44265981124486076,0.29205188011257044,1.515688962776879,0.6597659708281484
4.4,0.015,1.0,1.0,2900,100,50,50,0.04810295166974119,0.04810295166974119,0.33413515760624374,1.7717077804475598,0.5919898584520537,Peak absolute acceleration,mean,theory_times_residual,success,0.1,Peak absolute acceleration,0.10426560776900647,0.0854141822835801,0.10122754831465289,0.13452860961369312,0.176127354684149,0.058850341416160315,0.10426560776900601,0.5919898584520676,0.484956936057742,0.5747406386485807,0.7638143992734386,1.7717077804475598,1.451379554106127,1.7200842999163262,2.2859444206512545,1.0000000000000047,0.8191980472871737,0.9708623052283574,1.2902491290486977,density1.0000_damping0.015_lm2900_bias_summary.pkl,0.05,0.015,0.5919898584520537,0.2913679609058659,2.031760309580896,0.4921840412397273
1.5,0.015,1.0,1.0,483,100,50,50,0.3146434565722248,0.29,0.1027949779854523,1.3343395207127908,0.1371634016567903,Peak absolute acceleration,mean,theory_times_residual,success,0.1,Peak absolute acceleration,0.5270061238130511,0.42119700213541583,0.5282233851161381,0.6019148199329409,3.842177413561774,0.394956542643307,0.5270061238130032,0.13716340165679805,0.10962455836857307,0.13748021714241054,0.15665981945767413,1.3343395207127908,1.0664388525291684,1.337421533976681,1.5240026558479929,1.0000000000000913,0.7992260110527075,1.0023097669042778,1.142140086680506,density1.0000_damping0.015_lm483_bias_summary.pkl,0.3,0.015,0.1371634016567903,0.21153292895098003,0.6484257667920281,1.5421965801072566
1.6,0.015,1.0,1.0,483,100,50,50,0.28793151086011304,0.28793151086011304,0.20322045437645941,0.498481071179256,0.10130154978311261,Peak absolute acceleration,mean,theory_times_residual,success,0.1,Peak absolute acceleration,0.5561032950924063,0.47824536307824234,0.5389157652783167,0.6658398612571571,5.4895832914995015,1.1155956108360012,0.5561032950923702,0.10130154978311741,0.08711870057947653,0.09817061453695691,0.12129151265237116,0.498481071179256,0.4286906101395079,0.4830744761307064,0.5968469710616666,1.0000000000000648,0.8599937588911508,0.9690929185895245,1.1973312640533076,density1.0000_damping0.015_lm483_bias_summary.pkl,0.3,0.015,0.10130154978311261,0.21154843613135152,0.4788574741352402,2.088304044550931
1.7,0.015,1.0,1.0,483,100,50,50,0.3181215489016526,0.29,0.23682579940562554,0.3735423287522213,0.08846446061858379,Peak absolute acceleration,mean,theory_times_residual,success,0.1,Peak absolute acceleration,0.6099011097099613,0.48581929099798465,0.6082429817259514,0.7445613454668878,6.894306543499727,1.6327496585119856,0.609901109709901,0.08846446061859614,0.07046673772520859,0.08822395376362124,0.10799655349948063,0.3735423287522213,0.2975467111355812,0.3725267854474865,0.4560168434795126,1.0000000000000993,0.7965542007770149,0.9972813166633878,1.2207902783141973,density1.0000_damping0.015_lm483_bias_summary.pkl,0.3,0.015,0.08846446061858379,0.212307394810966,0.4166810143252874,2.399917360332229
1.75,0.015,1.0,1.0,483,100,50,50,0.2859681653609564,0.2859681653609564,0.27540870941286677,0.36105252021924766,0.09943700862384598,Peak absolute acceleration,mean,theory_times_residual,success,0.1,Peak absolute acceleration,0.702550644959511,0.5633757514580177,0.6864541761170134,0.8845411337547766,7.065283385757966,1.9458405789077167,0.7025506449595368,0.09943700862384323,0.07973859231091246,0.0971587604682286,0.1251954218195712,0.36105252021924766,0.2895282160135979,0.3527802758139361,0.454580474548078,0.9999999999999636,0.8019005540738848,0.9770885288370201,1.2590425189997818,density1.0000_damping0.015_lm483_bias_summary.pkl,0.3,0.015,0.09943700862384598,0.21426057057277936,0.46409382910732944,2.1547366874570035
1.8,0.015,1.0,1.0,483,100,50,50,0.2824497494461648,0.2824497494461648,0.3094197060754868,0.37422254367508795,0.11579182947076673,Peak absolute acceleration,mean,theory_times_residual,success,0.1,Peak absolute acceleration,0.8201739862994645,0.559078929697767,0.8428019604593577,1.0584097719581798,7.083176680497634,2.1916744465602425,0.8201739862994843,0.11579182947076262,0.07893053567858885,0.11898643765019654,0.14942586069783317,0.37422254367508795,0.2550921422546228,0.38454705797300615,0.4829228965183755,0.9999999999999759,0.6816589394894814,1.027589236598405,1.2904698145006812,density1.0000_damping0.015_lm483_bias_summary.pkl,0.3,0.015,0.11579182947076673,0.21916325697906305,0.5283359586220499,1.8927350744932645
1.85,0.015,1.0,1.0,483,100,50,50,0.28097876145355616,0.28097876145355616,0.337099614959835,0.3694098131250554,0.12452790576684077,Peak absolute acceleration,mean,theory_times_residual,success,0.1,Peak absolute acceleration,0.8828701944823211,0.571524240660216,0.8838410823131937,1.1766357607479012,7.089737750310497,2.389947865795989,0.8828701944823407,0.12452790576684669,0.08061288876802052,0.12466484846699522,0.1659632277225445,0.3694098131250554,0.23913669785004532,0.3698160512044576,0.4923269572476697,0.9999999999999781,0.6473479841454176,1.0010996948780475,1.3327392498937016,density1.0000_damping0.015_lm483_bias_summary.pkl,0.3,0.015,0.12452790576684077,0.22974125157877334,0.5420354634228155,1.8448977372905337
1.9,0.015,1.0,1.0,483,100,50,50,0.3143231189078895,0.29,0.34893604220565727,0.37152050524204755,0.12963689469740622,Peak absolute acceleration,mean,theory_times_residual,success,0.1,Peak absolute acceleration,0.8955435719402637,0.6679654215098317,0.8557199749025218,1.2830667608355435,6.908091820855173,2.4104822191626067,0.8955435719402105,0.12963689469741327,0.09669318805133403,0.12387211940628051,0.18573388919962402,0.37152050524204755,0.2771086283896675,0.35499949682258847,0.5322863411459955,1.0000000000000593,0.7458770767151767,0.9555313685615429,1.432723991369574,density1.0000_damping0.015_lm483_bias_summary.pkl,0.3,0.015,0.12963689469740622,0.25021161546357684,0.5181090192684723,1.9300957188739503
1.95,0.015,1.0,1.0,483,100,50,50,0.2905905925355735,0.2905905925355735,0.3667742145615322,0.3828817182938697,0.1404311414972039,Peak absolute acceleration,mean,theory_times_residual,success,0.1,Peak absolute acceleration,0.9876776770524794,0.6984848872997494,0.9127511463026001,1.3492618599419224,7.033181291003894,2.5795895438768803,0.9876776770524468,0.14043114149720737,0.09931279436706372,0.12977784995676073,0.19184232626958675,0.3828817182938697,0.2707736542651636,0.3538358063472459,0.5230529264411999,1.000000000000033,0.7071992245327006,0.9241386815854217,1.3660953277475716,density1.0000_damping0.015_lm483_bias_summary.pkl,0.3,0.015,0.1404311414972039,0.286709781571965,0.48980240830032484,2.0416396143705318
2.0,0.015,1.0,1.0,483,100,50,50,0.321291223228943,0.29,0.379482546844741,0.4270705686054887,0.16206582705684253,Peak absolute acceleration,mean,theory_times_residual,success,0.1,Peak absolute acceleration,1.1126759416634482,0.8344436099240921,1.116506883261709,1.4788088352748205,6.865580251370784,2.605367879356949,1.1126759416635676,0.16206582705683048,0.1215401436400786,0.162623819456307,0.2153945888229274,0.4270705686054887,0.32027861268100366,0.4285409719326404,0.5676007779906371,0.9999999999998929,0.749943068488127,1.0034429985000068,1.3290561788042667,density1.0000_damping0.015_lm483_bias_summary.pkl,0.3,0.015,0.16206582705684253,0.3477579075577836,0.4660306021363331,2.145781833673128
2.05,0.015,1.0,1.0,483,100,50,50,0.28269679522236696,0.28269679522236696,0.37301649322030095,0.5230356411527975,0.19510092069204826,Peak absolute acceleration,mean,theory_times_residual,success,0.1,Peak absolute acceleration,1.379750004124708,0.9454044903543164,1.2828802311002026,1.7880690240909416,7.071980999529386,2.637965552564769,1.3797500041249313,0.19510092069202745,0.13368312081398825,0.18140323498968297,0.2528384937982626,0.5230356411527975,0.3583839407740349,0.4863142469214273,0.6778212180793972,0.9999999999998382,0.6851998460068232,0.9297917936328141,1.2959369586847551,density1.0000_damping0.015_lm483_bias_summary.pkl,0.3,0.015,0.19510092069204826,0.44477252537711137,0.4386532655689458,2.279704902465071
2.1,0.015,1.0,1.0,483,100,50,50,0.25222833814089046,0.25222833814089046,0.3657089732833657,0.5131202721798472,0.1876526879097731,Peak absolute acceleration,mean,theory_times_residual,success,0.1,Peak absolute acceleration,1.3588751258778389,1.0932505437419753,1.347429637413554,1.6439478177907645,7.241437045289118,2.648258506928677,1.3588751258779412,0.18765268790976355,0.15097149045204836,0.18607213305681056,0.22701955530501047,0.5131202721798472,0.41281866588238575,0.5087983797232234,0.6207656138891577,0.9999999999999248,0.8045261282089099,0.9915772330757819,1.2097857900876974,density1.0000_damping0.015_lm483_bias_summary.pkl,0.3,0.015,0.1876526879097731,0.5926098505235493,0.3166546889896863,3.158014186338152
2.15,0.015,1.0,1.0,483,100,50,50,0.3301797348249912,0.29,0.44141305431405076,0.6426316157365858,0.2836659843010597,Peak absolute acceleration,mean,theory_times_residual,success,0.1,Peak absolute acceleration,1.4497689385254195,1.1183707425259002,1.4187817068390751,1.7768521941167645,5.11083111391593,2.2559875720768754,1.4497689385253858,0.283665984301055,0.21882365462649814,0.27760293291162996,0.34766404025339365,0.6426316157365858,0.49573444302989733,0.6288960650314825,0.787616127016597,1.0000000000000233,0.7714130940503091,0.9786260893975085,1.225610610697776,density1.0000_damping0.015_lm483_bias_summary.pkl,0.3,0.015,0.2836659843010597,0.810147347084105,0.3501412247068899,2.8559904673811056
2.2,0.015,1.0,1.0,483,100,50,50,0.24653237713308865,0.24653237713308865,0.6578261891647391,0.6648779077654968,0.4373741003252017,Peak absolute acceleration,mean,theory_times_residual,success,0.1,Peak absolute acceleration,1.5895410650739217,1.118984034703047,1.5343571684898203,2.2152159622718806,3.6342825601517177,2.3907262468924673,1.589541065073942,0.4373741003252,0.3078968176476442,0.42218983887311357,0.6095332230247401,0.6648779077654968,0.4680519303109395,0.6417954253374767,0.9265870423898512,0.9999999999999872,0.7039667356130835,0.9652831261823647,1.3936198384209932,density1.0000_damping0.015_lm483_bias_summary.pkl,0.3,0.015,0.4373741003252017,1.1209003255375805,0.39019892345506524,2.562795384326953
2.25,0.015,1.0,1.0,483,100,50,50,0.3188501672572647,0.29,1.18002898150182,0.7392646574223564,0.872353720758395,Peak absolute acceleration,mean,theory_times_residual,success,0.1,Peak absolute acceleration,1.497611377449002,1.19129417867789,1.4647405072427424,1.9092222688390166,1.7167478533215563,2.0258122208504115,1.4976113774490714,0.8723537207583693,0.6939249560574543,0.853206546557649,1.1121157164373683,0.7392646574223564,0.5880575536156056,0.7230386371288955,0.9424477990549134,0.9999999999999539,0.7954628260817962,0.9780511348262332,1.2748449281221774,density1.0000_damping0.015_lm483_bias_summary.pkl,0.3,0.015,0.872353720758395,1.5536724938987867,0.561478512481913,1.781012056150888
2.3,0.015,1.0,1.0,483,100,50,50,0.323734783145835,0.29,1.1123470524612518,0.7895191794830837,0.8782193321596341,Peak absolute acceleration,mean,theory_times_residual,success,0.1,Peak absolute acceleration,1.5013832083198075,1.2278084901930488,1.4708969291894394,1.7752062645169364,1.7095765867824222,1.901642477264197,1.501383208319919,0.8782193321596353,0.7181944931194311,0.8603866832066298,1.0383894341101356,0.7895191794830837,0.6456568492093417,0.7734876280769396,0.9335121011131606,0.9999999999999255,0.8177848822266992,0.979694538368659,1.1823805239592573,density1.0000_damping0.015_lm483_bias_summary.pkl,0.3,0.015,0.8782193321596341,1.4004659163252184,0.627090828789315,1.5946653245281277
2.35,0.015,1.0,1.0,483,100,50,50,0.3099058595279995,0.29,1.047651703015892,0.8699688182423037,0.9114243140022725,Peak absolute acceleration,mean,theory_times_residual,success,0.1,Peak absolute acceleration,1.573781866704391,1.379397869725163,1.5306728495414985,1.7648052909124363,1.726727982264972,1.8090095112651057,1.5737818667044488,0.911424314002279,0.7988507071714843,0.8864585883027707,1.0220517122781076,0.8699688182423037,0.76251554297274,0.8461386410683069,0.9755644068881895,0.9999999999999633,0.8764860613203453,0.9726080099949164,1.1213785901651014,density1.0000_damping0.015_lm483_bias_summary.pkl,0.3,0.015,0.9114243140022725,1.2657811306719398,0.7200489025447943,1.3887945616829174
2.4,0.015,1.0,1.0,483,100,50,50,0.26921314679183966,0.26921314679183966,1.009293105419787,0.9824553332662105,0.9915853942484852,Peak absolute acceleration,mean,theory_times_residual,success,0.1,Peak absolute acceleration,1.7659722610572768,1.417618511213874,1.7664985718797754,2.104022170272847,1.7809583232068855,1.7975089566527511,1.7659722610571893,0.991585394248517,0.7959863477665423,0.9918809153820776,1.181398881072206,0.9824553332662105,0.7886572725922357,0.9827481333774704,1.1705211050468824,1.0000000000000495,0.8027410976235972,1.0002980289295547,1.191424246388381,density1.0000_damping0.015_lm483_bias_summary.pkl,0.3,0.015,0.9915853942484852,1.1473789590851888,0.8642178648971657,1.1571156309283663
2.45,0.015,1.0,1.0,483,100,50,50,0.23953008341802273,0.23953008341802273,0.9675463721129794,0.8823218244358012,0.8536872802689647,Peak absolute acceleration,mean,theory_times_residual,success,0.1,Peak absolute acceleration,1.5559794811813736,1.2154758073585001,1.5750178676034943,1.7490699186065306,1.82265744979958,1.7635056031582819,1.5559794811814358,0.8536872802689665,0.6668701282800858,0.864132680431358,0.9596262417816682,0.8823218244358012,0.689238415336867,0.8931175862343603,0.9918142111224948,0.99999999999996,0.7811644189778162,1.0122356282022453,1.124095747894107,density1.0000_damping0.015_lm483_bias_summary.pkl,0.3,0.015,0.8536872802689647,1.0432909274728177,0.818263878069785,1.222099651226051
2.5,0.015,1.0,1.0,483,100,50,50,0.3400967571283752,0.29,0.8718347848159701,1.2040391275469513,1.0497231936749047,Peak absolute acceleration,mean,theory_times_residual,success,0.1,Peak absolute acceleration,1.7681999534307007,1.391862046189963,1.7774055276831229,2.1889795198102266,1.6844440173228035,1.4685568873771917,1.7681999534308088,1.049723193674917,0.826303535098863,1.0551882457382402,1.299526429669841,1.2040391275469513,0.9477753692441536,1.2103075767514375,1.490565015645865,0.9999999999999388,0.7871632636848317,1.0052061839694388,1.2379705788154707,density1.0000_damping0.015_lm483_bias_summary.pkl,0.3,0.015,1.0497231936749047,0.9517865404200554,1.1028977077271573,0.9067024013140174
2.55,0.015,1.0,1.0,483,100,50,50,0.33853658582863516,0.29,0.8016505424807767,1.181984591741849,0.9475385891737726,Peak absolute acceleration,mean,theory_times_residual,success,0.1,Peak absolute acceleration,1.5971919154290257,1.2968124736287296,1.5500886351887162,2.0081539642983426,1.6856220249790952,1.3512798107421187,1.5971919154290586,0.9475385891738296,0.7693376417793382,0.9195944358925543,1.1913429787577958,1.181984591741849,0.9596920366304624,1.1471263189652872,1.4861126084578078,0.9999999999999792,0.811932780964749,0.9705086910437504,1.2573028606639836,density1.0000_damping0.015_lm483_bias_summary.pkl,0.3,0.015,0.9475385891737726,0.8713445348002864,1.0874442328268352,0.9195873864726445
2.6,0.015,1.0,1.0,483,100,50,50,0.3080018994919404,0.29,0.6692354562965932,1.2456815567159358,0.8336542650090398,Peak absolute acceleration,mean,theory_times_residual,success,0.1,Peak absolute acceleration,1.436983823082352,1.0400526712798452,1.4933210718883427,1.7193084988809464,1.7237167533315303,1.1535723679418979,1.4369838230824201,0.8336542650090321,0.6033779443575479,0.8663378533637338,0.9974425876861358,1.2456815567159358,0.901592912749302,1.2945187604940596,1.490421014459964,0.9999999999999524,0.7237747945198625,1.0392052073941067,1.1964703229525036,density1.0000_damping0.015_lm483_bias_summary.pkl,0.3,0.015,0.8336542650090398,0.8006278861010955,1.0412505977886142,0.9603836022987464
2.65,0.015,1.0,1.0,483,100,50,50,0.3059901378946123,0.29,0.5052529532233329,1.4651473734207965,0.7402700373282667,Peak absolute acceleration,mean,theory_times_residual,success,0.1,Peak absolute acceleration,1.2770078827021154,0.8078231833985933,1.308788990227191,1.6208485611347931,1.725056828331225,0.8715900569924124,1.2770078827021194,0.740270037328254,0.4682878674669868,0.7586932608436322,0.9395914004194051,1.4651473734207965,0.9268384568155139,1.5016107397363123,1.8596455387844142,0.9999999999999969,0.6325906005288378,1.0248871662857895,1.2692549381176212,density1.0000_damping0.015_lm483_bias_summary.pkl,0.3,0.015,0.7402700373282667,0.7384644097391451,1.002445111186546,0.9975608527995563
2.7,0.015,1.0,1.0,483,100,50,50,0.3370151474599496,0.29,0.3620953014934154,2.124583672554518,0.769301765461616,Peak absolute acceleration,mean,theory_times_residual,success,0.1,Peak absolute acceleration,1.2952393697381201,0.9359652699406951,1.3001952473544671,1.7223548148289272,1.6836557874801874,0.6096438499787462,1.2952393697381512,0.7693017654615831,0.5559124833594938,0.772245287322286,1.0229851182388403,2.124583672554518,1.535265663671216,2.132712808305694,2.825181972866573,0.9999999999999761,0.7226195341251186,1.003826225277045,1.3297579235698516,density1.0000_damping0.015_lm483_bias_summary.pkl,0.3,0.015,0.769301765461616,0.683847288631473,1.1249613448071683,0.8889194323129281
2.75,0.015,1.0,1.0,483,100,50,50,0.308630228132007,0.29,0.2464010283193161,2.7586444301169912,0.6797328243481804,Peak absolute acceleration,mean,theory_times_residual,success,0.1,Peak absolute acceleration,1.1682218312591441,0.761366880352808,1.2438964240219192,1.4276087566205464,1.718648547507527,0.42347676942533735,1.1682218312591621,0.6797328243481542,0.4430032431336713,0.7237642773596045,0.8306577622812635,2.7586444301169912,1.7978952691690533,2.9373427631222846,3.3711619141655094,0.9999999999999845,0.6517314263269438,1.0647775882438282,1.2220356771468697,density1.0000_damping0.015_lm483_bias_summary.pkl,0.3,0.015,0.6797328243481804,0.6360213340812055,1.0687264529107499,0.9356931301517014
2.8,0.015,1.0,1.0,483,100,50,50,0.37820855614825044,0.29,0.14965139693022111,5.314850833895595,0.7953748517682264,Peak absolute acceleration,mean,theory_times_residual,success,0.1,Peak absolute acceleration,1.2967811684322792,0.9427663626282322,1.2838029819963634,1.8030536578396528,1.6304025272478215,0.2439920157611997,1.2967811684322899,0.7953748517682273,0.5782414752629561,0.7874147399436809,1.105894788376753,5.314850833895595,3.863923004558224,5.261659804691517,7.389805982849623,0.999999999999992,0.727004976304495,0.9899919996126902,1.3904070337629966,density1.0000_damping0.015_lm483_bias_summary.pkl,0.3,0.015,0.7953748517682264,0.5948395978920816,1.3371249234024942,0.7478732783286677
2.85,0.015,1.0,1.0,483,100,50,50,0.31100136840619014,0.29,0.14056720804187267,4.2261487726407605,0.5940579337396986,Peak absolute acceleration,mean,theory_times_residual,success,0.1,Peak absolute acceleration,1.0172496322497617,0.66117655765937,1.0859458276711513,1.228562897992696,1.7123744579017681,0.24070369666946692,1.017249632249719,0.5940579337396991,0.38611680675822074,0.6341754413936997,0.7174615881026961,4.2261487726407605,2.7468483733645948,4.511546115398329,5.104046655667911,1.000000000000042,0.6499649021225316,1.0675313052406867,1.2077299996419195,density1.0000_damping0.015_lm483_bias_summary.pkl,0.3,0.015,0.5940579337396986,0.5615906096004035,1.0578131535397681,0.9453465355897065
2.9,0.015,1.0,1.0,483,100,50,50,0.29340909899951007,0.29340909899951007,0.13166933406726772,3.955371853192945,0.5208011778983297,Peak absolute acceleration,mean,theory_times_residual,success,0.1,Peak absolute acceleration,0.9030215547972884,0.5629466042769273,0.8661980938274296,1.1885559961235737,1.7339084340042688,0.22830256883896538,0.9030215547972508,0.5208011778983396,0.3246691654742487,0.4995639197780713,0.6854779484397199,3.955371853192945,2.4657918092634565,3.7940794894796293,5.206056165587557,1.0000000000000417,0.6234032856539309,0.9592219468359326,1.3161989210661,density1.0000_damping0.015_lm483_bias_summary.pkl,0.3,0.015,0.5208011778983297,0.5397555780515426,0.9648833640189242,1.036394695245703
2.95,0.015,1.0,1.0,483,100,50,50,0.28405866894560444,0.28405866894560444,0.12476560712334726,3.7775801384069205,0.4713120794254376,Peak absolute acceleration,mean,theory_times_residual,success,0.1,Peak absolute acceleration,0.8222833719219927,0.5115045934796354,0.8029399859069093,1.230154293851432,1.7446685706091651,0.21767463344106996,0.8222833719220048,0.47131207942542686,0.2931815257616749,0.46022493866932923,0.705093399729161,3.7775801384069205,2.3498585268922145,3.688716380102625,5.651344276568937,0.9999999999999852,0.622053918327504,0.9764760097606227,1.4960223395689856,density1.0000_damping0.015_lm483_bias_summary.pkl,0.3,0.015,0.4713120794254376,0.5334442080723368,0.8835264724844837,1.1318279996613765
3.0,0.015,1.0,1.0,483,100,50,50,0.2677839195809343,0.2677839195809343,0.213567657777379,2.1981614173291786,0.46945618531559635,Peak absolute acceleration,mean,theory_times_residual,success,0.1,Peak absolute acceleration,0.8286153625722134,0.5210210876539835,0.735261708040055,1.3727955302953347,1.7650536695244228,0.376958378051691,0.8286153625722061,0.4694561853155865,0.29518710770668394,0.41656620460621147,0.7777641858704623,2.1981614173291786,1.3821713960752922,1.950511650225827,3.64176951681145,1.0000000000000087,0.6287852134874959,0.8873377700331784,1.6567343453950367,density1.0000_damping0.015_lm483_bias_summary.pkl,0.3,0.015,0.46945618531559635,0.5415459442375999,0.8668815458982173,1.1535601429418607
3.1,0.015,1.0,1.0,483,100,50,50,0.2925990470600303,0.2925990470600303,0.15448478356820974,4.066067341605583,0.6281455332417045,Peak absolute acceleration,mean,theory_times_residual,success,0.1,Peak absolute acceleration,0.7232162341930493,0.4962457189743654,0.6704186137974498,1.0414597477064402,1.1513513921856449,0.17786627063276084,0.7232162341930344,0.6281455332417206,0.43101152466783166,0.5822884467310836,0.9045542088844014,4.066067341605583,2.7899933877792953,3.7692284850434525,5.8552964764001505,1.0000000000000204,0.6861650714022993,0.9269960795964485,1.4400392281963945,density1.0000_damping0.015_lm483_bias_summary.pkl,0.3,0.015,0.6281455332417045,0.5463958813277441,1.1496161569068224,0.8698555548233057
3.2,0.015,1.0,1.0,483,100,50,50,0.30925350026380877,0.29,0.11786789185931336,4.134592145972895,0.4873356599438995,Peak absolute acceleration,mean,theory_times_residual,success,0.1,Peak absolute acceleration,0.644558145922233,0.3657883415532552,0.6204034791429955,1.026972409730559,1.3226164200592667,0.15589400917090082,0.6445581459222097,0.48733565994390887,0.27656419201030646,0.4690728693018912,0.7764703311974156,4.134592145972895,2.346391266082938,3.9796492658218203,6.587632297048229,1.0000000000000362,0.5675024726123024,0.9625252323129754,1.5932967665177906,density1.0000_damping0.015_lm483_bias_summary.pkl,0.3,0.015,0.4873356599438995,0.46766849277351075,1.0420536501267599,0.9596434884887086
3.3,0.015,1.0,1.0,483,100,50,50,0.30942272813975963,0.29,0.09191638261217022,,0.3672559750200714,Peak absolute acceleration,mean,direct_code_bias,success,0.1,Peak absolute acceleration,0.5534655425436482,0.3878630458461003,0.605285956238552,0.652297894711361,1.5070293751201738,0.13852068865133238,0.5534655425436703,0.3672559750200714,0.2573692671486057,0.40164177701598225,0.4328368812713723,3.99554426080544,2.8000369448233293,4.369642990745628,4.709028673350353,0.9999999999999604,0.7007898704290099,1.093628979062943,1.1785700184937755,density1.0000_damping0.015_lm483_bias_summary.pkl,0.3,0.015,0.3672559750200714,0.38706730978399695,0.9488168226477307,1.0539442136042656
3.4,0.015,1.0,1.0,483,100,50,50,0.3015511571942599,0.29,0.07333753741415573,,0.3136418337983054,Peak absolute acceleration,mean,direct_code_bias,success,0.1,Peak absolute acceleration,0.5332894369441777,0.3186444475095301,0.560467754360955,0.7088625816400914,1.7003134769551238,0.12469680323199112,0.533289436944181,0.3136418337983054,0.18740335345700493,0.3296261318616528,0.4169011133814593,4.276688921623948,2.5553537801342885,4.494644127470032,5.684689288475936,0.9999999999999941,0.597507517372564,1.0509635397477763,1.3292267435521838,density1.0000_damping0.015_lm483_bias_summary.pkl,0.3,0.015,0.3136418337983054,0.3531443434152443,0.8881406134530895,1.1259478339944342
3.45,0.015,1.0,1.0,483,100,50,50,0.296519395555902,0.29,0.06260585304885746,,0.29390430650652805,Peak absolute acceleration,mean,direct_code_bias,success,0.1,Peak absolute acceleration,0.5007626749941633,0.3111324539354634,0.5007986134878692,0.6659056992387828,1.7038289807537765,0.10666966678945897,0.5007626749941722,0.29390430650652805,0.18260779541255245,0.29392539928879197,0.3908289545258147,4.694518039346199,2.9167847177170456,4.694854953248601,6.24269034751112,0.9999999999999823,0.6213171817150397,1.0000717675168131,1.329783013972702,density1.0000_damping0.015_lm483_bias_summary.pkl,0.3,0.015,0.29390430650652805,0.3441786506709897,0.8539295099610188,1.1710568475911223
3.5,0.015,1.0,1.0,483,100,50,50,0.2826943615988873,0.2826943615988873,0.06491251829042069,,0.25895280748873123,Peak absolute acceleration,mean,direct_code_bias,success,0.1,Peak absolute acceleration,0.4452348785631061,0.3149218633130657,0.4284512765070404,0.6103914795932049,1.7193668718284945,0.11160843351550809,0.4452348785631024,0.25895280748873123,0.1831615279281006,0.24919130612967755,0.3550094453919961,3.989258378948938,2.8216672646812757,3.83887904355818,5.469044411490557,1.0000000000000084,0.7073162469423032,0.9623039369462083,1.3709426394515838,density1.0000_damping0.015_lm483_bias_summary.pkl,0.3,0.015,0.25895280748873123,0.33700519786259975,0.768394105287097,1.3014155016537718
3.55,0.015,1.0,1.0,483,100,50,50,0.2486625055716188,0.2486625055716188,0.08384854225875735,,0.21539059057325524,Peak absolute acceleration,mean,direct_code_bias,success,0.1,Peak absolute acceleration,0.3797676171635646,0.28047991405717543,0.3842967356785969,0.48559957370863877,1.7631578805407664,0.1478382180553863,0.3797676171635703,0.21539059057325524,0.15907816149235104,0.21795934437858272,0.2754146858134473,2.568805429062247,1.8972084332895303,2.599441069660509,3.284668741926483,0.9999999999999849,0.738556689356611,1.011926026102104,1.2786755683265258,density1.0000_damping0.015_lm483_bias_summary.pkl,0.3,0.015,0.21539059057325524,0.33085655035929545,0.6510089957093109,1.5360770843272735
3.6,0.015,1.0,1.0,483,100,50,50,0.300741344079562,0.29,0.05770169082257486,,0.22085659217954753,Peak absolute acceleration,mean,direct_code_bias,success,0.1,Peak absolute acceleration,0.3730908408284377,0.29667718877193294,0.36053714348081956,0.5090390580651651,1.6892900372433974,0.09747489143867548,0.3730908408284354,0.22085659217954753,0.17562241073537269,0.2134252470162839,0.3013331321694295,3.8275584134726723,3.0436267678080147,3.6987693770107435,5.222258271356143,1.0000000000000062,0.7951875422971292,0.9663521695688353,1.3643836898672221,density1.0000_damping0.015_lm483_bias_summary.pkl,0.3,0.015,0.22085659217954753,0.32547764642148097,0.678561476057708,1.4737058251667703
3.65,0.015,1.0,1.0,483,100,50,50,0.3189943635748384,0.29,0.054826046509985675,,0.2636890961606217,Peak absolute acceleration,mean,direct_code_bias,success,0.1,Peak absolute acceleration,0.43846858492959906,0.3455974250146447,0.41925238772462925,0.601588560939466,1.6628241035136069,0.09116607163716253,0.43846858492960056,0.2636890961606217,0.207837632545971,0.25213273420726456,0.36178725077913404,4.8095588309945745,3.7908557296414966,4.598776498709275,6.5988207030984665,0.9999999999999968,0.7881919865938241,0.9561742896402563,1.3720220367350962,density1.0000_damping0.015_lm483_bias_summary.pkl,0.3,0.015,0.2636890961606217,0.3207523893479613,0.8220955008212377,1.2164036891103776
3.7,0.015,1.0,1.0,483,100,50,50,0.3129773907973969,0.29,0.051207996295217995,,0.23719820488422527,Peak absolute acceleration,mean,direct_code_bias,success,0.1,Peak absolute acceleration,0.3953931202479906,0.3029578868613614,0.38883850296789835,0.5022960827111037,1.666931334665788,0.08536021360994483,0.3953931202479881,0.23719820488422527,0.18174587072724446,0.23326605894408886,0.30132979821380096,4.632054015876146,3.549169736684744,4.5552662830098285,5.884428605185496,1.0000000000000064,0.7662194189705377,0.9834225307815707,1.2703713266332675,density1.0000_damping0.015_lm483_bias_summary.pkl,0.3,0.015,0.23719820488422527,0.3165987177876083,0.7492077243450882,1.3347433128431045
3.75,0.015,1.0,1.0,483,100,50,50,0.3091623738362107,0.29,0.04687317159692355,,0.23531319983213408,Peak absolute acceleration,mean,direct_code_bias,success,0.1,Peak absolute acceleration,0.39257362599313295,0.29894790662082577,0.4033827331287064,0.5048526322268658,1.6683026123191733,0.0781986346228344,0.39257362599312345,0.23531319983213408,0.17919285411011043,0.24179230443567323,0.3026145427687428,5.020210747752614,3.822930004631199,5.158437037606749,6.456028735819466,1.0000000000000242,0.7615078722228331,1.0275339615804255,1.286007512475403,density1.0000_damping0.015_lm483_bias_summary.pkl,0.3,0.015,0.23531319983213408,0.3129472259262184,0.7519261406957418,1.3299178547972075
3.8,0.015,1.0,1.0,483,100,50,50,0.31055566541070195,0.29,0.04205160702927211,,0.23255447105933344,Peak absolute acceleration,mean,direct_code_bias,success,0.1,Peak absolute acceleration,0.38676019360228514,0.3089995732445557,0.3587038709542584,0.5162483801071408,1.6630950668912667,0.06993582020523063,0.3867601936022773,0.23255447105933344,0.18579790139246324,0.21568452585501563,0.3104142333078625,5.530216024739761,4.418330582779738,5.129043598854229,7.381744842516763,1.0000000000000204,0.7989435788790448,0.9274580913131136,1.334802258988478,density1.0000_damping0.015_lm483_bias_summary.pkl,0.3,0.015,0.23255447105933344,0.3097371798153549,0.7508122570172944,1.3318908830453287
3.85,0.015,1.0,1.0,483,100,50,50,0.26698720079993826,0.26698720079993826,0.052487475918240954,,0.20599552181411707,Peak absolute acceleration,mean,direct_code_bias,success,0.1,Peak absolute acceleration,0.3535609890696561,0.2610413687589892,0.35307269050210344,0.4749891035263933,1.716352792313111,0.09008702585373836,0.35356098906965205,0.20599552181411707,0.15209074144202397,0.205711024029198,0.2767432812494542,3.9246604682419353,2.8976577513259834,3.9192401697813617,5.272558384795235,1.0000000000000115,0.7383206202864301,0.998618912768534,1.3434431914455915,density1.0000_damping0.015_lm483_bias_summary.pkl,0.3,0.015,0.20599552181411707,0.3069152098363981,0.6711805580568193,1.489912048249997
3.9,0.015,1.0,1.0,483,100,50,50,0.2603783132076291,0.2603783132076291,0.05053032667792598,,0.20075058870157617,Peak absolute acceleration,mean,direct_code_bias,success,0.1,Peak absolute acceleration,0.3456352358706985,0.3011696841904542,0.342083312744201,0.389747764968071,1.7217146814174435,0.08699880529820299,0.34563523587069533,0.20075058870157617,0.1749242702295533,0.1986875737520996,0.2263718658931349,3.9728733594211527,3.461768045643209,3.932046096169403,4.479920886639135,1.000000000000009,0.8713512192464196,0.9897234924050882,1.1276274075073713,density1.0000_damping0.015_lm483_bias_summary.pkl,0.3,0.015,0.20075058870157617,0.3044343997601507,0.659421500526024,1.5164807322817104
4.0,0.015,1.0,1.0,483,100,50,50,0.26944091954143207,0.26944091954143207,0.029658432894551792,,0.19968637918549278,Peak absolute acceleration,mean,direct_code_bias,success,0.1,Peak absolute acceleration,0.3396679965751408,0.2531904544822215,0.34518469746774855,0.4131620048796221,1.7010073394120497,0.05044921202909165,0.33966799657513597,0.19968637918549278,0.1488473615697251,0.2029295755931665,0.24289254684958084,6.7328702057679415,5.01871970440725,6.842221782744535,8.189662202084966,1.0000000000000142,0.7454056815335405,1.016241450322778,1.216370129201233,density1.0000_damping0.015_lm483_bias_summary.pkl,0.3,0.015,0.19968637918549278,0.3003362684421567,0.664876007886987,1.5040398331984786
4.1,0.015,1.0,1.0,483,100,50,50,0.31957616760247226,0.29,0.0028105601580587017,,0.21205193040148962,Peak absolute acceleration,mean,direct_code_bias,success,0.1,Peak absolute acceleration,0.34525485735170064,0.2913764171119742,0.3448868024444297,0.40349451206163633,1.6281618219556433,0.004576046747660746,0.34525485735169836,0.21205193040148962,0.17896035466670723,0.21182587491836274,0.24782211855145006,75.4482802275115,63.67426584112684,75.36784946979273,88.17534748042092,1.0000000000000064,0.8439458878203697,0.9989339616824168,1.1686859821659552,density1.0000_damping0.015_lm483_bias_summary.pkl,0.3,0.015,0.21205193040148962,0.2971691221277253,0.7135732302306619,1.4013978630851347
4.2,0.015,1.0,1.0,483,100,50,50,0.2634797747783744,0.2634797747783744,0.0018585061818248692,,0.19291646629055714,Peak absolute acceleration,mean,direct_code_bias,success,0.1,Peak absolute acceleration,0.3263695274867214,0.2660048873206193,0.33731467369342744,0.3805588647173563,1.6917660465290023,0.003144157655675516,0.32636952748672365,0.19291646629055714,0.15723503132503558,0.19938612338597067,0.2249476903134149,103.80189647856623,84.60291004824587,107.2830025188276,121.0368265186734,0.9999999999999929,0.8150420456500495,1.033536054333838,1.1660367548647352,density1.0000_damping0.015_lm483_bias_summary.pkl,0.3,0.015,0.19291646629055714,0.2947214661111947,0.654572158709915,1.527715449998478
4.25,0.015,1.0,1.0,483,100,50,50,0.299527257241472,0.29,0.0,,0.24386853539246414,Peak absolute acceleration,mean,direct_code_bias,success,0.1,Peak absolute acceleration,0.35003755312658386,0.28795226235207366,0.34972040719979436,0.4355977913568827,1.435353488974127,0.0,0.3500375531265967,0.24386853539246414,0.20061417940877985,0.24364758220621024,0.30347771103284965,,,,,0.9999999999999633,0.8226324855148645,0.9990939659931641,1.244431597313051,density1.0000_damping0.015_lm483_bias_summary.pkl,0.3,0.015,0.24386853539246414,0.2937148093486832,0.8302902258596941,1.2043981355610314
4.3,0.015,1.0,1.0,483,100,50,50,0.3378359419246988,0.29,0.0,,0.2765025797684659,Peak absolute acceleration,mean,direct_code_bias,success,0.1,Peak absolute acceleration,0.32952712994710126,0.2686054718653035,0.3210560990253578,0.4014531601330178,1.1917687358397757,0.0,0.3295271299470959,0.2765025797684659,0.22538388849077462,0.2693946311648516,0.33685491829095116,,,,,1.0000000000000164,0.8151239987688628,0.9742933732858412,1.2182704355707201,density1.0000_damping0.015_lm483_bias_summary.pkl,0.3,0.015,0.2765025797684659,0.29282985158490665,0.9442431441737691,1.0590492567198204
4.35,0.015,1.0,1.0,483,100,50,50,0.2865536706422374,0.2865536706422374,0.0,,0.30218746427473614,Peak absolute acceleration,mean,direct_code_bias,success,0.1,Peak absolute acceleration,0.3111225942978754,0.2686170407602071,0.2970551688966001,0.3771346267351613,1.0295681690323724,0.0,0.31112259429786965,0.30218746427473614,0.2609026277615631,0.28852404127429854,0.3663036971020645,,,,,1.0000000000000184,0.8633800491616895,0.9547849443946159,1.2121737014512406,density1.0000_damping0.015_lm483_bias_summary.pkl,0.3,0.015,0.30218746427473614,0.29205188011257044,1.034704738617894,0.9664592831920028
4.4,0.015,1.0,1.0,483,100,50,50,0.34485366433642706,0.29,0.0,,0.4101640717666615,Peak absolute acceleration,mean,direct_code_bias,success,0.1,Peak absolute acceleration,0.3223024768292397,0.28455069685928663,0.32310680344727083,0.3754981916718982,0.785789148817975,0.0,0.3223024768292398,0.4101640717666615,0.36212092937058576,0.4111876626615485,0.4778612586299291,,,,,0.9999999999999997,0.8828684770239772,1.0024955644956375,1.1650490414035577,density1.0000_damping0.015_lm483_bias_summary.pkl,0.3,0.015,0.4101640717666615,0.2913679609058659,1.4077185099262703,0.7103692911250951
1.5,0.015,1.0,1.0,580,100,50,50,0.2249834977018287,0.2249834977018287,0.20904551851830092,0.6508382366379891,0.13605481664952507,Peak absolute acceleration,mean,theory_times_residual,success,0.1,Peak absolute acceleration,0.46750347224950795,0.3895488231172339,0.46774153901700477,0.5859151909597665,3.4361405480690954,0.7183097825728144,0.46750347224954314,0.13605481664951594,0.11336812847662385,0.13612409983632578,0.17051549049383782,0.6508382366379891,0.542313125295277,0.6511696629574861,0.8156859410450432,0.9999999999999248,0.8332533258903824,1.0005092299450014,1.2532852176272562,density1.0000_damping0.015_lm580_bias_summary.pkl,0.25,0.015,0.13605481664952507,0.21153292895098003,0.6431850460551405,1.5547625152873883
1.6,0.015,1.0,1.0,580,100,50,50,0.20474751484645304,0.20474751484645304,0.3142096484703506,0.32726929912994135,0.10283117143475688,Peak absolute acceleration,mean,theory_times_residual,success,0.1,Peak absolute acceleration,0.5028942276298042,0.363367642686496,0.5040568019255861,0.6165572296446298,4.890484282277327,1.5366373471840125,0.5028942276298263,0.10283117143474879,0.07430095297582441,0.10306889314668538,0.12607283738319688,0.32726929912994135,0.23646935521409185,0.32802586950610235,0.40123795687675484,0.999999999999956,0.7225528206976479,1.0023117670314872,1.2260177106237722,density1.0000_damping0.015_lm580_bias_summary.pkl,0.25,0.015,0.10283117143475688,0.21154843613135152,0.4860880719104156,2.057240359899744
1.7,0.015,1.0,1.0,580,100,50,50,0.23909543348144824,0.23909543348144824,0.2915580376596639,0.33656714008912814,0.0981288549051114,Peak absolute acceleration,mean,theory_times_residual,success,0.1,Peak absolute acceleration,0.5997272507397375,0.5101017936140995,0.5851492278089988,0.7246032581426661,6.111629971833577,1.7818948414896374,0.5997272507398171,0.0981288549051033,0.0834641161138657,0.09574356276570284,0.11856137584934233,0.33656714008912814,0.2862693026192623,0.32838594858932457,0.40664759854005117,0.9999999999998673,0.8505563036944599,0.9756922452450927,1.2082213326954934,density1.0000_damping0.015_lm580_bias_summary.pkl,0.25,0.015,0.0981288549051114,0.212307394810966,0.4622017758376727,2.1635572433435906
1.75,0.015,1.0,1.0,580,100,50,50,0.273707247208504,0.273707247208504,0.2885299745713329,0.378536822560024,0.10921921978755689,Peak absolute acceleration,mean,theory_times_residual,success,0.1,Peak absolute acceleration,0.6492396160393668,0.5102425468194401,0.6151457937926947,0.822655980447825,5.944371487932654,1.7151293542556691,0.649239616039443,0.10921921978755078,0.0858362482653138,0.10348374004576748,0.13839242418106848,0.378536822560024,0.297495081378789,0.3586585421480676,0.4796466099811117,0.9999999999998824,0.7859079055157988,0.9474865343942953,1.267106874140358,density1.0000_damping0.015_lm580_bias_summary.pkl,0.25,0.015,0.10921921978755689,0.21426057057277936,0.509749504986242,1.9617478589348942
1.8,0.015,1.0,1.0,580,100,50,50,0.2417991540205633,0.2417991540205633,0.35504702904110363,0.35262071063994654,0.1251969356910757,Peak absolute acceleration,mean,theory_times_residual,success,0.1,Peak absolute acceleration,0.7631792085754087,0.5949040407507805,0.7324819189593952,0.9978384758153656,6.095829777004762,2.1643062518658316,0.7631792085754183,0.12519693569107554,0.09759197066081654,0.12016115045117064,0.163691984900809,0.35262071063994654,0.27487054581019593,0.33843727907172483,0.46104310559336814,0.9999999999999871,0.7795076622452187,0.9597770886954271,1.3074759697371365,density1.0000_damping0.015_lm580_bias_summary.pkl,0.25,0.015,0.1251969356910757,0.21916325697906305,0.5712496584362876,1.7505480926454133
1.85,0.015,1.0,1.0,580,100,50,50,0.2040181956878152,0.2040181956878152,0.4361423433571512,0.331701274575824,0.14466897118805372,Peak absolute acceleration,mean,theory_times_residual,success,0.1,Peak absolute acceleration,0.9093481795441839,0.6872720793772028,0.8916909067062779,1.1524225003198694,6.285716778632093,2.7414672455119398,0.9093481795442222,0.14466897118805241,0.10933869653713033,0.1418598607142985,0.18333987052001113,0.331701274575824,0.25069498112820315,0.325260463412819,0.4203670506027391,0.9999999999999579,0.755785401936663,0.9805824949836108,1.2673061058938715,density1.0000_damping0.015_lm580_bias_summary.pkl,0.25,0.015,0.14466897118805372,0.22974125157877334,0.6297039395140744,1.588047870196955
1.9,0.015,1.0,1.0,580,100,50,50,0.2657295049206263,0.2657295049206263,0.37655584565225153,0.39265914253806083,0.14785809547150747,Peak absolute acceleration,mean,theory_times_residual,success,0.1,Peak absolute acceleration,0.8838533481806085,0.6545010723687156,0.8489459570470244,1.247067526484691,5.977713600070484,2.2509429997416537,0.8838533481805787,0.14785809547151718,0.10949020246821432,0.14201850637959879,0.20861948395620472,0.39265914253806083,0.2907675016399057,0.377151246008655,0.5540200381030617,1.0000000000000335,0.7405086756937821,0.960505449003037,1.4109439411547091,density1.0000_damping0.015_lm580_bias_summary.pkl,0.25,0.015,0.14785809547150747,0.25021161546357684,0.5909321803369119,1.6922415689561827
1.95,0.015,1.0,1.0,580,100,50,50,0.201407896910094,0.201407896910094,0.4603844026635137,0.4070675648996413,0.18740755771001247,Peak absolute acceleration,mean,theory_times_residual,success,0.1,Peak absolute acceleration,1.179920331943036,0.94300548058625,1.1246500661417789,1.5573201337433893,6.296012532049636,2.8985859687296247,1.179920331943103,0.18740755771000964,0.14977820895144553,0.1786289433854819,0.24735022775382112,0.4070675648996413,0.3253329350102198,0.38799955505017636,0.5372689133750007,0.9999999999999432,0.7992111459197422,0.9531576291169551,1.3198519354088771,density1.0000_damping0.015_lm580_bias_summary.pkl,0.25,0.015,0.18740755771001247,0.286709781571965,0.6536489849857529,1.5298731015726117
2.0,0.015,1.0,1.0,580,100,50,50,0.2549305148450626,0.2549305148450626,0.40437016820294513,0.47262900808857355,0.1911170714983676,Peak absolute acceleration,mean,theory_times_residual,success,0.1,Peak absolute acceleration,1.1512545490630897,0.85444572353479,1.1256330092507731,1.4159548304030176,6.023818490086282,2.4358524960603725,1.1512545490630954,0.19111707149838109,0.14184453348669065,0.18686369967874816,0.2350593452862714,0.47262900808857355,0.350778926440221,0.4621104976887215,0.5812974441979196,0.9999999999999951,0.7421866208738528,0.9777446787652884,1.22992333151286,density1.0000_damping0.015_lm580_bias_summary.pkl,0.25,0.015,0.1911170714983676,0.3477579075577836,0.5495693048090088,1.8196067197521595
2.05,0.015,1.0,1.0,580,100,50,50,0.2925626202848977,0.2925626202848977,0.36873613461619875,0.5389304830748401,0.1987231431558573,Peak absolute acceleration,mean,theory_times_residual,success,0.1,Peak absolute acceleration,1.1621915379357737,0.7875692462166902,1.1769541844536586,1.4750586060212032,5.848294866312273,2.156477643099625,1.1621915379358132,0.19872314315584608,0.13466647359956108,0.20124740823743797,0.25222028638089566,0.5389304830748401,0.3652109488529977,0.5457762051091599,0.6840129369025221,0.9999999999999661,0.6776587339600704,1.0127024212756406,1.2692043934867037,density1.0000_damping0.015_lm580_bias_summary.pkl,0.25,0.015,0.1987231431558573,0.44477252537711137,0.44679725436583173,2.238151622975685
2.1,0.015,1.0,1.0,580,100,50,50,0.2121208069779491,0.2121208069779491,0.3877617501006619,0.5846162042475673,0.2266918024962427,Peak absolute acceleration,mean,theory_times_residual,success,0.1,Peak absolute acceleration,1.4132336032384707,0.9955831875182922,1.4738184046977056,1.7756998683954128,6.234162804638328,2.4173698795389686,1.4132336032384447,0.22669180249623896,0.15969797689235204,0.2364099961587719,0.28483373374116255,0.5846162042475673,0.41184561615707976,0.609678484526657,0.7345586140645003,1.0000000000000184,0.7044717768080941,1.042869629847769,1.2564800782590875,density1.0000_damping0.015_lm580_bias_summary.pkl,0.25,0.015,0.2266918024962427,0.5926098505235493,0.38253127634644096,2.614165329305948
2.15,0.015,1.0,1.0,580,100,50,50,0.27434733444993364,0.27434733444993364,0.44956909029157593,0.6504733950711098,0.2924327324809917,Peak absolute acceleration,mean,theory_times_residual,success,0.1,Peak absolute acceleration,1.300037211269497,1.0217971292398698,1.2905576712863795,1.6388154616895072,4.445594035387185,1.9986016662947097,1.3000372112695,0.29243273248099705,0.2298449028647928,0.2903003875327945,0.36863812769327153,0.6504733950711098,0.5112560178808525,0.6457303088709005,0.8199810344038064,0.9999999999999977,0.7859752939241439,0.9927082548861323,1.2605911949929391,density1.0000_damping0.015_lm580_bias_summary.pkl,0.25,0.015,0.2924327324809917,0.810147347084105,0.36096240212785924,2.770371634566472
2.2,0.015,1.0,1.0,580,100,50,50,0.2036742540462225,0.2036742540462225,0.701652147172044,0.6563435560409865,0.46052486537869297,Peak absolute acceleration,mean,theory_times_residual,success,0.1,Peak absolute acceleration,1.4443821912265957,1.2635568125044612,1.4595975538758812,1.5922179672132482,3.1363826360144182,2.20064961091261,1.4443821912265635,0.46052486537868836,0.4028707460611807,0.46537611103812115,0.5076606243543584,0.6563435560409865,0.5741744647756368,0.6632575884129893,0.723521799798449,1.0000000000000224,0.874807803765189,1.010534166608906,1.1023522561304517,density1.0000_damping0.015_lm580_bias_summary.pkl,0.25,0.015,0.46052486537869297,1.1209003255375805,0.4108526466506618,2.4339626582722214
2.25,0.015,1.0,1.0,580,100,50,50,0.250545771855924,0.250545771855924,1.2346254244870565,0.7914539016130465,0.9771491092409446,Peak absolute acceleration,mean,theory_times_residual,success,0.1,Peak absolute acceleration,1.4742766219305545,1.2047893864291184,1.4893150873986905,1.714854356025188,1.5087529712593297,1.8627447775869959,1.4742766219305956,0.9771491092408597,0.7985332319998693,0.9871165895074162,1.1366037971039282,0.7914539016130465,0.6467817818766377,0.7995271844637528,0.9206061810822063,0.9999999999999721,0.8172071431556867,1.0102005724328733,1.1631835779770765,density1.0000_damping0.015_lm580_bias_summary.pkl,0.25,0.015,0.9771491092409446,1.5536724938987867,0.6289286275441864,1.5900055367247778
2.3,0.015,1.0,1.0,580,100,50,50,0.22484622007378333,0.22484622007378333,1.2088832008118617,0.844430431430879,1.0208177628111024,Peak absolute acceleration,mean,theory_times_residual,success,0.1,Peak absolute acceleration,1.571708323379607,1.2263012092354528,1.6295671378544967,1.849849635959803,1.539656127310643,1.8612644273328267,1.5717083233797386,1.0208177628110704,0.7964773350900534,1.0583968127356487,1.201469343151956,0.844430431430879,0.6588538367934803,0.875516188846767,0.9938671844766404,0.9999999999999164,0.7802345963266669,1.0368126920333034,1.1769675126374342,density1.0000_damping0.015_lm580_bias_summary.pkl,0.25,0.015,1.0208177628111024,1.4004659163252184,0.7289129645436949,1.3719059046040212
2.35,0.015,1.0,1.0,580,100,50,50,0.2775573287974904,0.2775573287974904,1.0626617342451847,1.0160607050356234,1.0797288309115407,Peak absolute acceleration,mean,theory_times_residual,success,0.1,Peak absolute acceleration,1.592993746810693,1.3153409440724908,1.5483370406752872,1.9178089991171012,1.4753646482383929,1.5678135557410835,1.592993746810677,1.0797288309115658,0.8915361674437755,1.0494605808293052,1.2998881336942658,1.0160607050356234,0.8389651558094532,0.9875772760131609,1.2232379239829827,1.0000000000000102,0.8257037710951012,0.9719668038717688,1.2039024026031082,density1.0000_damping0.015_lm580_bias_summary.pkl,0.25,0.015,1.0797288309115407,1.2657811306719398,0.8530138463498645,1.172313912932498
2.4,0.015,1.0,1.0,580,100,50,50,0.30153972693417125,0.29,0.9859930988964118,1.0745173163310917,1.059466658547149,Peak absolute acceleration,mean,theory_times_residual,success,0.1,Peak absolute acceleration,1.5333240326177204,1.2815951239052927,1.536656227758363,1.7682212851826633,1.4472602986112002,1.426988666737555,1.5333240326176318,1.0594666585472614,0.8855318736616483,1.061769074459479,1.2217714303912428,1.0745173163310917,0.8981116345060628,1.0768524400908768,1.2391277705276031,1.0000000000000577,0.8358279767632696,1.0021731839258026,1.1531947895997063,density1.0000_damping0.015_lm580_bias_summary.pkl,0.25,0.015,1.059466658547149,1.1473789590851888,0.9233798913237248,1.0829778830969483
2.45,0.015,1.0,1.0,580,100,50,50,0.22872893365276112,0.22872893365276112,0.9633834669100805,0.9391909492014808,0.9048010327322918,Peak absolute acceleration,mean,theory_times_residual,success,0.1,Peak absolute acceleration,1.3863563884369225,0.993279807204513,1.4275440863491946,1.768469395786149,1.5322223762835327,1.476117704941291,1.386356388436932,0.904801032732328,0.6482608677297569,0.9316820511470147,1.1541858565436454,0.9391909492014808,0.6729001378951811,0.9670936684591638,1.1980544572199177,0.9999999999999932,0.7164678689326062,1.0297093144705023,1.2756239380698031,density1.0000_damping0.015_lm580_bias_summary.pkl,0.25,0.015,0.9048010327322918,1.0432909274728177,0.8672566864201546,1.1530611590067688
2.5,0.015,1.0,1.0,580,100,50,50,0.2270139869083456,0.2270139869083456,0.8210751172472998,1.0130031451221828,0.8317516761530797,Peak absolute acceleration,mean,theory_times_residual,success,0.1,Peak absolute acceleration,1.2751247287527023,0.7964004219653087,1.3446586406963954,1.5195625308102494,1.5330594037997294,1.2587569297219743,1.2751247287527352,0.8317516761531034,0.5194843852700088,0.8771079824849723,0.9911961187178869,1.0130031451221828,0.6326880139926715,1.068243287441837,1.2071929813692308,0.9999999999999742,0.6245666827780124,1.0545310669425059,1.191697170124378,density1.0000_damping0.015_lm580_bias_summary.pkl,0.25,0.015,0.8317516761530797,0.9517865404200554,0.8738846798421611,1.1443157467648841
2.55,0.015,1.0,1.0,580,100,50,50,0.26861203374775233,0.26861203374775233,0.7507918899370436,1.2307879522003577,0.9240656127442503,Peak absolute acceleration,mean,theory_times_residual,success,0.1,Peak absolute acceleration,1.3695572292086178,1.031898842426026,1.3556561416322648,1.6449187092903552,1.4820995504219572,1.1127483225361228,1.369557229208647,0.9240656127442327,0.6962412492010014,0.9146862916504538,1.1098571002346254,1.2307879522003577,0.9273425279798865,1.2182953810638133,1.4782486533354957,0.9999999999999786,0.7534543430669738,0.9898499403457461,1.2010587613347246,density1.0000_damping0.015_lm580_bias_summary.pkl,0.25,0.015,0.9240656127442503,0.8713445348002864,1.0605054325107208,0.9429466076684803
2.6,0.015,1.0,1.0,580,100,50,50,0.21143021762644035,0.21143021762644035,0.35611031628808376,2.005279122025819,0.7141005823905053,Peak absolute acceleration,mean,theory_times_residual,success,0.1,Peak absolute acceleration,1.1075185806438694,0.9242823645584857,1.1479578587072887,1.2351313433052038,1.550927989634686,0.5523014569288522,1.107518580643833,0.7141005823905083,0.595954403257753,0.7401748284765208,0.7963821347992651,2.005279122025819,1.6735106398199349,2.0784986972344153,2.2363354791300396,1.0000000000000329,0.834552467752887,1.0365134082355054,1.1152240376745515,density1.0000_damping0.015_lm580_bias_summary.pkl,0.25,0.015,0.7141005823905053,0.8006278861010955,0.8919256933056152,1.121169630503498
2.65,0.015,1.0,1.0,580,100,50,50,0.25483204588520525,0.25483204588520525,0.3784930109225097,1.979046264961463,0.7490551795802111,Peak absolute acceleration,mean,theory_times_residual,success,0.1,Peak absolute acceleration,1.1206945837528288,0.8574345724269825,1.0663698275183646,1.4537279152692544,1.4961442284944781,0.5662801338172109,1.1206945837527698,0.749055179580212,0.5730962002839735,0.712745340461874,0.9716495826957098,1.979046264961463,1.5141526626532746,1.883113610802701,2.567153301794094,1.0000000000000528,0.7650920998973404,0.9515258153095622,1.2971668966234187,density1.0000_damping0.015_lm580_bias_summary.pkl,0.25,0.015,0.7490551795802111,0.7384644097391451,1.014341611730275,0.9858611619947661
2.7,0.015,1.0,1.0,580,100,50,50,0.2256320822575232,0.2256320822575232,0.20098309988707208,3.479044800782298,0.6992292087072274,Peak absolute acceleration,mean,theory_times_residual,success,0.1,Peak absolute acceleration,1.0701997248930633,0.7505367487522462,1.0924448452925446,1.3970527954962073,1.5305420762838764,0.3076130909991208,1.0701997248930797,0.6992292087072087,0.4903731562705767,0.7137633536641981,0.9127830048868841,3.479044800782298,2.439872589019273,3.551360059951632,4.541590837238458,0.9999999999999848,0.701305308994758,1.0207859522685707,1.3054131513963736,density1.0000_damping0.015_lm580_bias_summary.pkl,0.25,0.015,0.6992292087072274,0.683847288631473,1.0224932091293748,0.9780016053617193
2.75,0.015,1.0,1.0,580,100,50,50,0.21307181446959622,0.21307181446959622,0.1739439749126118,3.427325517201242,0.596162623781407,Peak absolute acceleration,mean,theory_times_residual,success,0.1,Peak absolute acceleration,0.9210814045799883,0.610169648741507,0.8711246116024386,1.3122802371861624,1.54501702696098,0.2687464029772534,0.9210814045800187,0.5961626237813951,0.3949274591113727,0.5638284862891929,0.8493629612402352,3.427325517201242,2.2704290810290457,3.241437287911051,4.882968563107553,0.999999999999967,0.6624492099259385,0.9457628905228428,1.4247168932745056,density1.0000_damping0.015_lm580_bias_summary.pkl,0.25,0.015,0.596162623781407,0.6360213340812055,0.9373311740283085,1.0668587877028892
2.8,0.015,1.0,1.0,580,100,50,50,0.25633563585166996,0.25633563585166996,0.1544105683256619,4.147633109357754,0.6404383856222631,Peak absolute acceleration,mean,theory_times_residual,success,0.1,Peak absolute acceleration,0.9545467775731503,0.6300319119100042,0.9758316010583877,1.2294715703711865,1.490458409430986,0.23014253006601118,0.9545467775731309,0.6404383856222923,0.4227101594539174,0.6547191084861819,0.8248949199733544,4.147633109357754,2.7375727195199158,4.240118507337573,5.342218016020508,1.0000000000000204,0.6600325167005611,1.0222983556021967,1.288016050399366,density1.0000_damping0.015_lm580_bias_summary.pkl,0.25,0.015,0.6404383856222631,0.5948395978920816,1.0766572835631352,0.9288006641171629
2.85,0.015,1.0,1.0,580,100,50,50,0.24725234067619498,0.24725234067619498,0.14613258083588138,3.8613382618380236,0.5642673256827266,Peak absolute acceleration,mean,theory_times_residual,success,0.1,Peak absolute acceleration,0.846346534425033,0.5329151154756906,0.8639198924782514,1.1577102550476952,1.4999034959201827,0.21918476886357172,0.8463465344250458,0.5642673256827127,0.3552996022245752,0.5759836515003528,0.771856494898991,3.8613382618380236,2.4313510388461146,3.9415142619512276,5.281891899013726,0.9999999999999849,0.6296653838580664,1.020763785681646,1.3678915290108327,density1.0000_damping0.015_lm580_bias_summary.pkl,0.25,0.015,0.5642673256827266,0.5615906096004035,1.0047663120368397,0.9952562979274328
2.9,0.015,1.0,1.0,580,100,50,50,0.20998301940401662,0.20998301940401662,0.1438324191603705,3.0367476191527545,0.4367827564422362,Peak absolute acceleration,mean,theory_times_residual,success,0.1,Peak absolute acceleration,0.6746274975094636,0.4495768681180283,0.6416965164714342,0.9599878848804457,1.5445378453228378,0.22215461477753068,0.6746274975094565,0.43678275644223774,0.29107533329755236,0.4154618278953906,0.6215373017809026,3.0367476191527545,2.023711587392601,2.888513106576876,4.321260154067893,1.0000000000000107,0.6664075653271552,0.951186423382393,1.4229895585704155,density1.0000_damping0.015_lm580_bias_summary.pkl,0.25,0.015,0.4367827564422362,0.5397555780515426,0.8092232377087752,1.2357529460367431
2.95,0.015,1.0,1.0,580,100,50,50,0.2581290225982661,0.2581290225982661,0.1275382963630596,3.8298120884908524,0.4884477091567746,Peak absolute acceleration,mean,theory_times_residual,success,0.1,Peak absolute acceleration,0.7247804325066146,0.38563608637009184,0.7627494234911896,1.1324213984549552,1.4838444707988034,0.18924699587342322,0.7247804325066101,0.4884477091567696,0.2598898293986909,0.5140359643491315,0.7631671787308912,3.8298120884908524,2.037739540277946,4.030444023541332,5.983827607030385,1.0000000000000062,0.5320729824843538,1.052386887506422,1.562433735329392,density1.0000_damping0.015_lm580_bias_summary.pkl,0.25,0.015,0.4884477091567746,0.5334442080723368,0.9156491002533155,1.0921214248158546
3.0,0.015,1.0,1.0,580,100,50,50,0.22932510530362146,0.22932510530362146,0.2221552934189641,1.9213178752248519,0.4268309363216776,Peak absolute acceleration,mean,theory_times_residual,success,0.1,Peak absolute acceleration,0.647452707642739,0.3791458919982936,0.6649749225823851,0.8798067039424818,1.5168832728534631,0.33698364856308205,0.6474527076427055,0.4268309363216806,0.24995060515438922,0.4383823953253022,0.5800094968991557,1.9213178752248519,1.125116585374376,1.973315101245645,2.610829064537787,1.0000000000000517,0.5855962721643663,1.0270633124749386,1.358874082318303,density1.0000_damping0.015_lm580_bias_summary.pkl,0.25,0.015,0.4268309363216776,0.5415459442375999,0.788171236186805,1.2687598253877932
3.1,0.015,1.0,1.0,580,100,50,50,0.25406326728260437,0.25406326728260437,0.1591858523659251,3.9219114067000884,0.6243128101791979,Peak absolute acceleration,mean,theory_times_residual,success,0.1,Peak absolute acceleration,0.6174051954972336,0.3884935555040708,0.6499586449682278,0.8215683424025202,0.9889356512162825,0.15742456457391546,0.6174051954972292,0.6243128101791992,0.39284007511132424,0.6572304721433087,0.8307601625971125,3.9219114067000884,2.4678077182907603,4.128699016747499,5.218806509811051,1.0000000000000073,0.6292359674608767,1.0527262318302677,1.3306793470386455,density1.0000_damping0.015_lm580_bias_summary.pkl,0.25,0.015,0.6243128101791979,0.5463958813277441,1.1426016035518423,0.8751956910365347
3.2,0.015,1.0,1.0,580,100,50,50,0.2465176494665291,0.2465176494665291,0.12180149278848748,3.285833389996032,0.4002194119557731,Peak absolute acceleration,mean,theory_times_residual,success,0.1,Peak absolute acceleration,0.46331155324563283,0.34220161807770666,0.4443961462992074,0.6177707214802239,1.1576438808441263,0.14100275280427177,0.4633115532456276,0.400219411955771,0.29560180271344016,0.38387983874208736,0.5336448727477057,3.285833389996032,2.426914448632945,3.1516841867341476,4.381267097230092,1.0000000000000113,0.7385993629567149,0.9591734615424276,1.3333807826560042,density1.0000_damping0.015_lm580_bias_summary.pkl,0.25,0.015,0.4002194119557731,0.46766849277351075,0.8557758714560266,1.1685302581604693
3.3,0.015,1.0,1.0,580,100,50,50,0.25958459859143374,0.25958459859143374,0.09393701420861432,,0.356531953781081,Peak absolute acceleration,mean,direct_code_bias,success,0.1,Peak absolute acceleration,0.4654665416116703,0.3002071052839939,0.4266499649287814,0.6871854424276577,1.305539480193345,0.12263848070082736,0.46546654161167866,0.356531953781081,0.2299486992454142,0.3267997417171913,0.5263612880752472,3.79543630149138,2.4479030037589875,3.478924090470268,5.603342755884464,0.9999999999999819,0.644959580219292,0.9166071603159813,1.4763369243432127,density1.0000_damping0.015_lm580_bias_summary.pkl,0.25,0.015,0.356531953781081,0.38706730978399695,0.9211109922458638,1.0856454959480726
3.4,0.015,1.0,1.0,580,100,50,50,0.26009672433909875,0.26009672433909875,0.07579375521815811,,0.28378009930318326,Peak absolute acceleration,mean,direct_code_bias,success,0.1,Peak absolute acceleration,0.41532115422789445,0.31026138807041925,0.4053601634357126,0.5657296044974862,1.4635316403359773,0.11092655890165258,0.4153211542278942,0.28378009930318326,0.21199499861799623,0.2769739664409685,0.3865509900200134,3.7441092407465537,2.796998222450016,3.6543111717285366,5.100037449093339,1.0000000000000007,0.7470396942510982,0.9760161728080052,1.3621497454161948,density1.0000_damping0.015_lm580_bias_summary.pkl,0.25,0.015,0.28378009930318326,0.3531443434152443,0.8035810415615265,1.2444295575425608
3.45,0.015,1.0,1.0,580,100,50,50,0.2620884742021415,0.2620884742021415,0.0736423925974815,,0.27721414834497654,Peak absolute acceleration,mean,direct_code_bias,success,0.1,Peak absolute acceleration,0.4043396856028914,0.2410494356304898,0.40157528046006613,0.5278779469223885,1.458582428122372,0.10741349980757552,0.4043396856028988,0.27721414834497654,0.16526281338847051,0.27531887997376503,0.3619116319685298,3.764328378902469,2.24412607411838,3.738592273591893,4.914446953763246,0.9999999999999818,0.5961557675721794,0.9931631614672927,1.3055308833593358,density1.0000_damping0.015_lm580_bias_summary.pkl,0.25,0.015,0.27721414834497654,0.3441786506709897,0.8054367922139613,1.2415623543235599
3.5,0.015,1.0,1.0,580,100,50,50,0.252450663047103,0.252450663047103,0.07953497290450551,,0.26017188788622037,Peak absolute acceleration,mean,direct_code_bias,success,0.1,Peak absolute acceleration,0.3817747843269988,0.25822290792793284,0.3780332307014421,0.5370420618981547,1.4673944499874578,0.11670917781997119,0.381774784327001,0.26017188788622037,0.17597375261310272,0.2576220938444147,0.36598343540330613,3.2711633434339027,2.212533005127091,3.239104565405938,4.601540957871922,0.9999999999999943,0.6763749690360836,0.9901995789686462,1.4066986190427988,density1.0000_damping0.015_lm580_bias_summary.pkl,0.25,0.015,0.26017188788622037,0.33700519786259975,0.7720114987433916,1.2953174941405678
3.55,0.015,1.0,1.0,580,100,50,50,0.2652596012403226,0.2652596012403226,0.07415267527536308,,0.2569999303773695,Peak absolute acceleration,mean,direct_code_bias,success,0.1,Peak absolute acceleration,0.3726536647798624,0.25902240785817393,0.385260636345661,0.4704681871468512,1.4500146526602986,0.10752246568323516,0.372653664779856,0.2569999303773695,0.1786343381999301,0.26569430566707364,0.3244575399867148,3.4658214207783584,2.409007328954516,3.583071071683307,4.375533839903435,1.000000000000017,0.6950754342136702,1.0338302632103527,1.2624810423500834,density1.0000_damping0.015_lm580_bias_summary.pkl,0.25,0.015,0.2569999303773695,0.33085655035929545,0.7767714742183083,1.2873799221403583
3.6,0.015,1.0,1.0,580,100,50,50,0.2182174154995479,0.2182174154995479,0.09367557926007046,,0.2312486682162557,Peak absolute acceleration,mean,direct_code_bias,success,0.1,Peak absolute acceleration,0.34758846894684453,0.2649648305988959,0.3260638968297598,0.49659870851377036,1.5030939275368795,0.14080319434430721,0.3475884689468366,0.2312486682162557,0.17627962281312246,0.21692849053291086,0.33038434885273393,2.46861209765514,1.8818097972335432,2.315742184317445,3.526899448740015,1.0000000000000224,0.762294650917842,0.9380745506826091,1.4286973040803745,density1.0000_damping0.015_lm580_bias_summary.pkl,0.25,0.015,0.2312486682162557,0.32547764642148097,0.7104901696284321,1.4074790092071172
3.65,0.015,1.0,1.0,580,100,50,50,0.22846745181826314,0.22846745181826314,0.09151501628208294,,0.22173302339229772,Peak absolute acceleration,mean,direct_code_bias,success,0.1,Peak absolute acceleration,0.32989196220100864,0.2579743218834459,0.32637953248047646,0.4162884821725089,1.487789040865385,0.13615503829909778,0.3298919622010028,0.22173302339229772,0.17339442272904024,0.21937218484324567,0.27980343364430965,2.42291410088197,1.894710068067715,2.397116820337593,3.057459256542748,1.0000000000000175,0.7819963850051685,0.9893527878124347,1.2618933768348826,density1.0000_damping0.015_lm580_bias_summary.pkl,0.25,0.015,0.22173302339229772,0.3207523893479613,0.6912903247363166,1.4465702241405651
3.7,0.015,1.0,1.0,580,100,50,50,0.2290703124842043,0.2290703124842043,0.09051434759370677,,0.22954975404111763,Peak absolute acceleration,mean,direct_code_bias,success,0.1,Peak absolute acceleration,0.340636216275822,0.25889083567706217,0.3300379883666707,0.447320648320694,1.4839319593207065,0.13431713317136634,0.34063621627581736,0.22954975404111763,0.17446274005418252,0.22240776357276573,0.3014428293096822,2.536059311519304,1.9274595099253682,2.457154799050074,3.330332011702388,1.0000000000000135,0.7600214636820504,0.9688869609197246,1.313191689395977,density1.0000_damping0.015_lm580_bias_summary.pkl,0.25,0.015,0.22954975404111763,0.3165987177876083,0.7250495379299522,1.3792161055023313
3.75,0.015,1.0,1.0,580,100,50,50,0.22151019916565984,0.22151019916565984,0.09416068736941251,,0.21486387573848628,Peak absolute acceleration,mean,direct_code_bias,success,0.1,Peak absolute acceleration,0.32014771860163127,0.252852005483407,0.30503024064709394,0.44534935217785737,1.490002530678016,0.14029966247081213,0.3201477186016454,0.21486387573848628,0.16969904431527935,0.20471793461202506,0.29889167501964176,2.28188516610462,1.802228180955248,2.174133816683645,3.1742724418207895,0.9999999999999556,0.7897979301174614,0.9527796792662393,1.3910745768330721,density1.0000_damping0.015_lm580_bias_summary.pkl,0.25,0.015,0.21486387573848628,0.3129472259262184,0.6865818193548514,1.4564906494896828
3.8,0.015,1.0,1.0,580,100,50,50,0.25730432234340855,0.25730432234340855,0.06496982360547375,,0.22554199547848738,Peak absolute acceleration,mean,direct_code_bias,success,0.1,Peak absolute acceleration,0.3258181821676217,0.25506027098993744,0.31076152171417737,0.41075162715735747,1.444600955473496,0.09385546925741214,0.3258181821676214,0.22554199547848738,0.17656105654889068,0.2151192829664987,0.2843357022581545,3.471488499769986,2.7175855920596153,3.311064599356156,4.3764271854079375,1.000000000000001,0.7828300719531925,0.9537881515596391,1.2606774257491897,density1.0000_damping0.015_lm580_bias_summary.pkl,0.25,0.015,0.22554199547848738,0.3097371798153549,0.7281721736245582,1.373301584737013
3.85,0.015,1.0,1.0,580,100,50,50,0.24652819493734301,0.24652819493734301,0.06692220332370316,,0.21893935607180215,Peak absolute acceleration,mean,direct_code_bias,success,0.1,Peak absolute acceleration,0.3182850775111879,0.2573111939407963,0.3184030523692418,0.373004352829323,1.4537590829800602,0.09728876093487314,0.3182850775111921,0.21893935607180215,0.1769971358757286,0.21902050765973374,0.25657920710266624,3.2715503255741307,2.6448193138470035,3.272762951338095,3.8339922232026256,0.999999999999987,0.8084299645865373,1.0003706578359632,1.1719190725057058,density1.0000_damping0.015_lm580_bias_summary.pkl,0.25,0.015,0.21893935607180215,0.3069152098363981,0.7133545326362466,1.40182749845918
3.9,0.015,1.0,1.0,580,100,50,50,0.23204394664654704,0.23204394664654704,0.07321972700110665,,0.21771727413101552,Peak absolute acceleration,mean,direct_code_bias,success,0.1,Peak absolute acceleration,0.3195542164962407,0.26418062334040093,0.3178463896184123,0.3824969741724673,1.4677485641490386,0.10746814917325843,0.31955421649624655,0.21771727413101552,0.17999038104565668,0.21655370502964255,0.26060115711591847,2.9734783650275816,2.4582225093919985,2.9575868949411737,3.5591659213913864,0.9999999999999817,0.8267161242214558,0.9946555958592576,1.1969705121289178,density1.0000_damping0.015_lm580_bias_summary.pkl,0.25,0.015,0.21771727413101552,0.3044343997601507,0.7151533279502598,1.3983015402670873
4.0,0.015,1.0,1.0,580,100,50,50,0.2505288730609743,0.2505288730609743,0.04177326639633005,,0.22501447590460066,Peak absolute acceleration,mean,direct_code_bias,success,0.1,Peak absolute acceleration,0.3237808618719828,0.2868012407596441,0.3279569409659445,0.3575769914073363,1.4389334755922822,0.060108951402509485,0.32378086187197164,0.22501447590460066,0.19931514946623452,0.22791668032530382,0.24850140570963733,5.3865664650151475,4.7713565794739585,5.456041626310132,5.9488143290486315,1.0000000000000344,0.8857881194752334,1.0128978565003148,1.1043796391793168,density1.0000_damping0.015_lm580_bias_summary.pkl,0.25,0.015,0.22501447590460066,0.3003362684421567,0.7492084691328084,1.3347419859755612
4.1,0.015,1.0,1.0,580,100,50,50,0.23815738234202755,0.23815738234202755,0.03236729494090662,,0.19093709436106757,Peak absolute acceleration,mean,direct_code_bias,success,0.1,Peak absolute acceleration,0.2760973554982445,0.23102981947566836,0.2690095025827911,0.3494827909081527,1.4460121351597421,0.04680350126684528,0.2760973554982405,0.19093709436106757,0.15977031855970303,0.18603543915146564,0.24168731534852925,5.899074813315871,4.936165312899904,5.747636294324681,7.467022369023485,1.0000000000000144,0.8367694035270855,0.974328428815775,1.2657955027402639,density1.0000_damping0.015_lm580_bias_summary.pkl,0.25,0.015,0.19093709436106757,0.2971691221277253,0.6425199663880431,1.5563718675103009
4.2,0.015,1.0,1.0,580,100,50,50,0.26064238810218116,0.26064238810218116,0.002023708671510315,,0.20920063707987477,Peak absolute acceleration,mean,direct_code_bias,success,0.1,Peak absolute acceleration,0.29559389115139445,0.24324692746352444,0.3014856089983241,0.34869787225760385,1.4129684081149996,0.0028594364200724308,0.2955938911513892,0.20920063707987477,0.17215312533988864,0.21337038200346417,0.2467839126869026,103.37487802715577,85.06813641877126,105.43532525569755,121.9463632098423,1.0000000000000175,0.8229091829876312,1.0199317984007914,1.179651821962103,density1.0000_damping0.015_lm580_bias_summary.pkl,0.25,0.015,0.20920063707987477,0.2947214661111947,0.7098249063437736,1.4087981290356553
4.25,0.015,1.0,1.0,580,100,50,50,0.25947730019291965,0.25947730019291965,0.0,,0.23568189677870965,Peak absolute acceleration,mean,direct_code_bias,success,0.1,Peak absolute acceleration,0.2908679710138424,0.2465930193739818,0.2926638318466673,0.3335357446764718,1.2341549138453725,0.0,0.290867971013843,0.23568189677870965,0.19980718514959256,0.2371370308244263,0.27025435861794944,,,,,0.9999999999999979,0.8477833379676099,1.006174144325911,1.146691206714534,density1.0000_damping0.015_lm580_bias_summary.pkl,0.25,0.015,0.23568189677870965,0.2937148093486832,0.8024174787145978,1.2462340695792293
4.3,0.015,1.0,1.0,580,100,50,50,0.2163972908367606,0.2163972908367606,0.005341685053604874,,0.24941369587561113,Peak absolute acceleration,mean,direct_code_bias,success,0.1,Peak absolute acceleration,0.2724303322891067,0.21560819337351508,0.2753092422016924,0.33380313240921183,1.0922829691957836,0.005834631610860229,0.2724303322891065,0.24941369587561113,0.19739225040948974,0.25204937728214755,0.30560133392446964,46.6919508306268,36.95318020973168,47.185368428273776,57.210661216021066,1.0000000000000007,0.7914250647564052,1.0105675087219392,1.2252788799412238,density1.0000_damping0.015_lm580_bias_summary.pkl,0.25,0.015,0.24941369587561113,0.29282985158490665,0.8517358955232515,1.1740728613834752
4.35,0.015,1.0,1.0,580,100,50,50,0.21053411955839565,0.21053411955839565,0.0,,0.29885592978456127,Peak absolute acceleration,mean,direct_code_bias,success,0.1,Peak absolute acceleration,0.27251073601606546,0.23233778326680124,0.2702308827259311,0.3175949991759743,0.911846508156999,0.0,0.2725107360160666,0.29885592978456127,0.2547992246374847,0.2963556698507459,0.34829875021168777,,,,,0.9999999999999957,0.8525821281885317,0.9916338955174187,1.165440319229293,density1.0000_damping0.015_lm580_bias_summary.pkl,0.25,0.015,0.29885592978456127,0.29205188011257044,1.0232974006856828,0.9772330109799202
4.4,0.015,1.0,1.0,580,100,50,50,0.24058134052819138,0.24058134052819138,0.0,,0.39512965045920817,Peak absolute acceleration,mean,direct_code_bias,success,0.1,Peak absolute acceleration,0.28048600208280033,0.24493508609853748,0.2707342361021631,0.3364374336281437,0.7098581484756399,0.0,0.2804860020827984,0.39512965045920817,0.345047931934732,0.3813920241438968,0.4739502312548141,,,,,1.0000000000000069,0.8732524414043078,0.9652326108674878,1.1994802989449316,density1.0000_damping0.015_lm580_bias_summary.pkl,0.25,0.015,0.39512965045920817,0.2913679609058659,1.3561190778517611,0.737398371818583
1.5,0.015,1.0,1.0,725,100,50,50,0.1880681617099107,0.1880681617099107,0.28137680571401313,0.5266762272479154,0.14819447446852613,Peak absolute acceleration,mean,theory_times_residual,success,0.1,Peak absolute acceleration,0.4200314387242534,0.35350212313315393,0.4295965336724663,0.4649102177252409,2.8343259101296807,0.7975135709448635,0.42003143872414317,0.14819447446854672,0.12472176254317201,0.15156920809181423,0.16402849653375592,0.5266762272479154,0.44325530751074016,0.5386698726185899,0.5829496006875884,1.0000000000002627,0.8416087238777321,1.0227723309887884,1.1068462378373825,density1.0000_damping0.015_lm725_bias_summary.pkl,0.2,0.015,0.14819447446852613,0.21153292895098003,0.7005740203356575,1.4274009183514185
1.6,0.015,1.0,1.0,725,100,50,50,0.17580425445306616,0.17580425445306616,0.36736523117226344,0.30128780573017905,0.11068266440145122,Peak absolute acceleration,mean,theory_times_residual,success,0.1,Peak absolute acceleration,0.44369289205971024,0.3743892465267092,0.44619351865003476,0.49972188221055175,4.0086936329109335,1.4726546631530892,0.44369289205976015,0.11068266440144998,0.0933943276315792,0.11130646527507992,0.12465953449470174,0.30128780573017905,0.2542274546057576,0.3029858457750667,0.33933405754516893,0.9999999999998873,0.8438026689782612,1.0056359401627235,1.1262787643288303,density1.0000_damping0.015_lm725_bias_summary.pkl,0.2,0.015,0.11068266440145122,0.21154843613135152,0.5232024704390408,1.9113059599293292
1.7,0.015,1.0,1.0,725,100,50,50,0.21933515630110123,0.21933515630110123,0.31639792219434326,0.3261841521126276,0.10320398798115897,Peak absolute acceleration,mean,theory_times_residual,success,0.1,Peak absolute acceleration,0.5127730352811937,0.4006278134244575,0.5208659043720146,0.6403735681333337,4.968538961642087,1.572035403805085,0.512773035281193,0.10320398798115166,0.08063292177385908,0.10483281069006048,0.12888568914868528,0.3261841521126276,0.254846559088138,0.33133217172543794,0.40735314648978027,1.0000000000000013,0.7812965695529649,1.0157825558950924,1.2488440773453844,density1.0000_damping0.015_lm725_bias_summary.pkl,0.2,0.015,0.10320398798115897,0.212307394810966,0.4861064216489009,2.057162702372752
1.75,0.015,1.0,1.0,725,100,50,50,0.23596635859348544,0.23596635859348544,0.331795896199293,0.3773205144347726,0.12519339824126366,Peak absolute acceleration,mean,theory_times_residual,success,0.1,Peak absolute acceleration,0.6135363910316106,0.4282971572882947,0.5837557401479803,0.8187921525664591,4.900708820518569,1.626035075115622,0.6135363910316418,0.12519339824125467,0.0873949408083736,0.11911659344131571,0.16707627050566504,0.3773205144347726,0.263399703882673,0.359005626066505,0.5035513471369845,0.999999999999949,0.6980794677364235,0.9514606609828208,1.3345453742192641,density1.0000_damping0.015_lm725_bias_summary.pkl,0.2,0.015,0.12519339824126366,0.21426057057277936,0.5843044191779185,1.7114366538710923
1.8,0.015,1.0,1.0,725,100,50,50,0.18969276296607507,0.18969276296607507,0.4318198063042504,0.3210639141384872,0.13864175721456604,Peak absolute acceleration,mean,theory_times_residual,success,0.1,Peak absolute acceleration,0.7057216033795052,0.5442981757937405,0.695563473101567,0.8765852606794726,5.090252875887017,2.1980720109052814,0.7057216033794733,0.13864175721457211,0.10692949624804098,0.13664615296354204,0.17220858807072933,0.3210639141384872,0.24762527027927989,0.3164425322058022,0.39879733526948863,1.0000000000000453,0.7712647213678482,0.9856060375234904,1.2421119836516104,density1.0000_damping0.015_lm725_bias_summary.pkl,0.2,0.015,0.13864175721456604,0.21916325697906305,0.6325958060927016,1.580788222698877
1.85,0.015,1.0,1.0,725,100,50,50,0.1550167770302178,0.1550167770302178,0.5275756256382746,0.29982794390892475,0.1581819150915885,Peak absolute acceleration,mean,theory_times_residual,success,0.1,Peak absolute acceleration,0.8291753496434762,0.6632817552056194,0.793875007186831,1.1040677357382724,5.241909918484509,2.765503904783955,0.8291753496434225,0.15818191509158927,0.12653436734322615,0.1514476630716975,0.21062317989193338,0.29982794390892475,0.2398411927960868,0.28706341936944385,0.3992284132480817,1.0000000000000646,0.7999294184165704,0.957427168485204,1.331525034135499,density1.0000_damping0.015_lm725_bias_summary.pkl,0.2,0.015,0.1581819150915885,0.22974125157877334,0.6885220394882436,1.452386332822886
1.9,0.015,1.0,1.0,725,100,50,50,0.19734040435620906,0.19734040435620906,0.4691226261692826,0.39347372916102746,0.18458742915264223,Peak absolute acceleration,mean,theory_times_residual,success,0.1,Peak absolute acceleration,0.933147888343747,0.651419576946989,0.9420280786837324,1.2237433141781846,5.0553165653123475,2.3715633832363436,0.9331478883437744,0.18458742915263737,0.12885831550427157,0.18634403335837946,0.24207056044225678,0.39347372916102746,0.27467938725636426,0.39721817487255934,0.5160070031559555,0.9999999999999706,0.6980882506235755,1.0095163804696803,1.3114141171665537,density1.0000_damping0.015_lm725_bias_summary.pkl,0.2,0.015,0.18458742915264223,0.25021161546357684,0.7377252603187284,1.355518177007967
1.95,0.015,1.0,1.0,725,100,50,50,0.1968909182565375,0.1968909182565375,0.4645572360096138,0.3980872882029973,0.184934330298147,Peak absolute acceleration,mean,theory_times_residual,success,0.1,Peak absolute acceleration,0.9349944227816658,0.7344089658695019,0.968675830933557,1.1169099898435502,5.055818577731067,2.3487171042369046,0.9349944227816974,0.1849343302981551,0.14526015017712274,0.1915962402607168,0.22091575729459684,0.3980872882029973,0.31268515247948964,0.4124276308909832,0.475540450499011,0.9999999999999662,0.7854688198936688,1.0360231112947758,1.1945632643675421,density1.0000_damping0.015_lm725_bias_summary.pkl,0.2,0.015,0.184934330298147,0.286709781571965,0.6450227448962068,1.5503329268813306
2.0,0.015,1.0,1.0,725,100,50,50,0.17950185831265886,0.17950185831265886,0.4574075490675842,0.5042934102014063,0.2306676127711591,Peak absolute acceleration,mean,theory_times_residual,success,0.1,Peak absolute acceleration,1.1826862167944765,0.8999590152343223,1.2186951811498727,1.510527542448058,5.127231355048103,2.3452343276152106,1.1826862167944545,0.23066761277117773,0.17552533773383414,0.23769069440371277,0.2946088127973477,0.5042934102014063,0.3837394859171536,0.5196475110395994,0.6440838446979676,1.0000000000000189,0.7609448748574797,1.0304467608094874,1.277200597249017,density1.0000_damping0.015_lm725_bias_summary.pkl,0.2,0.015,0.2306676127711591,0.3477579075577836,0.6632994038613935,1.5076148028756318
2.05,0.015,1.0,1.0,725,100,50,50,0.22119946564710782,0.22119946564710782,0.40391355301021115,0.5821525400337563,0.23513930083895368,Peak absolute acceleration,mean,theory_times_residual,success,0.1,Peak absolute acceleration,1.164419467364823,0.9026431487542985,1.0866774905826015,1.7135735710916153,4.952041037845621,2.000196490248593,1.1644194673647636,0.23513930083895307,0.18227699283101909,0.21944032415679637,0.34603379858845096,0.5821525400337563,0.45127723858875196,0.5432853701525816,0.8567026186905492,1.0000000000000508,0.7751872706122822,0.9332354199143522,1.471611922608663,density1.0000_damping0.015_lm725_bias_summary.pkl,0.2,0.015,0.23513930083895368,0.44477252537711137,0.5286731698177557,1.8915278041152932
2.1,0.015,1.0,1.0,725,100,50,50,0.1953401812957258,0.1953401812957258,0.39878682950022115,0.6882530370470353,0.2744662465378855,Peak absolute acceleration,mean,theory_times_residual,success,0.1,Peak absolute acceleration,1.3880702861706522,1.1170614704462034,1.416694299775917,1.6576464988029893,5.057344222394392,2.0168022681399242,1.388070286170583,0.27446624653788587,0.22087906642774105,0.2801261368571003,0.3277701548300343,0.6882530370470353,0.5538775357866181,0.7024458084740849,0.8219182043720228,1.00000000000005,0.8047585785644614,1.0206214439502932,1.194209338906112,density1.0000_damping0.015_lm725_bias_summary.pkl,0.2,0.015,0.2744662465378855,0.5926098505235493,0.4631483028765354,2.1591356241385746
2.15,0.015,1.0,1.0,725,100,50,50,0.18667349686875434,0.18667349686875434,0.5125387193639701,0.6619292005301864,0.33926434474935835,Peak absolute acceleration,mean,theory_times_residual,success,0.1,Peak absolute acceleration,1.2957301952266054,1.0579109908225561,1.3030311167798423,1.5714279415448478,3.8192348099058218,1.9575057184193756,1.2957301952267248,0.3392643447493496,0.27699553535663424,0.3411759636773874,0.411450989467599,0.6619292005301864,0.5404382632796526,0.6656589069032192,0.8027705496634393,0.9999999999999076,0.8164593174719097,1.005634600150566,1.2127740384022476,density1.0000_damping0.015_lm725_bias_summary.pkl,0.2,0.015,0.33926434474935835,0.810147347084105,0.4187686918563796,2.3879531097870763
2.2,0.015,1.0,1.0,725,100,50,50,0.2273714305455888,0.2273714305455888,0.6774198339639281,0.8653263270267976,0.586189216779109,Peak absolute acceleration,mean,theory_times_residual,success,0.1,Peak absolute acceleration,1.4424136188063799,1.224403963450722,1.426930932887362,1.6466843818598536,2.460662150579829,1.6669013454871011,1.4424136188063925,0.5861892167791057,0.49759125329830595,0.5798971356352682,0.669203767559813,0.8653263270267976,0.7345389496298759,0.856038023336279,0.9878715296007277,0.9999999999999912,0.8488577391996097,0.9892661260839712,1.141617328337829,density1.0000_damping0.015_lm725_bias_summary.pkl,0.2,0.015,0.586189216779109,1.1209003255375805,0.5229628392675943,1.9121817554006018
2.25,0.015,1.0,1.0,725,100,50,50,0.20128348439381738,0.20128348439381738,1.32848963821418,0.7888950603578412,1.0480389133237422,Peak absolute acceleration,mean,theory_times_residual,success,0.1,Peak absolute acceleration,1.3168600405197155,1.0989133095999921,1.29183853561093,1.5901355998275035,1.2564991850765492,1.669246147798657,1.3168600405197415,1.0480389133236794,0.8745833842566667,1.0281252474765656,1.2655285564157595,0.7888950603578412,0.6583290972689679,0.7739053568070601,0.9526070207946973,0.9999999999999801,0.8344951443482714,0.9809991159736795,1.2075205799394635,density1.0000_damping0.015_lm725_bias_summary.pkl,0.2,0.015,1.0480389133237422,1.5536724938987867,0.6745558780498018,1.4824568765023067
2.3,0.015,1.0,1.0,725,100,50,50,0.21397244011822006,0.21397244011822006,1.228665173755958,0.9470801317671064,1.1636443746584473,Peak absolute acceleration,mean,theory_times_residual,success,0.1,Peak absolute acceleration,1.446127999628137,1.1161022294825267,1.4217400712804533,1.7716137631225275,1.2427576939498095,1.5269330979733298,1.4461279996282195,1.1636443746583967,0.8980851495960257,1.144020333329654,1.4255504284925204,0.9470801317671064,0.7309437662749656,0.931108293590271,1.1602432126685562,0.9999999999999428,0.7717866120906738,0.9831357055848196,1.2250739654982037,density1.0000_damping0.015_lm725_bias_summary.pkl,0.2,0.015,1.1636443746584473,1.4004659163252184,0.8308980326431288,1.2035171112620064
2.35,0.015,1.0,1.0,725,100,50,50,0.18869951814548336,0.18869951814548336,1.2037693792372213,0.8245092526735324,0.9925189912661633,Peak absolute acceleration,mean,theory_times_residual,success,0.1,Peak absolute acceleration,1.259031211497562,0.8025750635454785,1.3367615868647396,1.5845519584553858,1.2685210283899795,1.5270067708943955,1.259031211497441,0.9925189912661817,0.6326856595858843,1.0537953703151235,1.2491333789448615,0.8245092526735324,0.5255871020633365,0.8754130055898666,1.037684959004658,1.0000000000000961,0.6374544619834548,1.061738243387032,1.2585485919533193,density1.0000_damping0.015_lm725_bias_summary.pkl,0.2,0.015,0.9925189912661633,1.2657811306719398,0.7841158058181671,1.2753218243785684
2.4,0.015,1.0,1.0,725,100,50,50,0.1764626294340983,0.1764626294340983,1.0415123647830882,0.914479628081834,0.95244183998947,Peak absolute acceleration,mean,theory_times_residual,success,0.1,Peak absolute acceleration,1.2199847258268266,1.0394566414446216,1.2113157497633031,1.4134847698215944,1.2809020715010735,1.334075345544662,1.2199847258267342,0.952441839989486,0.8115035993551757,0.9456739720498515,1.1035072869896674,0.914479628081834,0.7791588720352549,0.9079815122951397,1.059523942588499,1.0000000000000757,0.8520243077143642,0.9928941929518367,1.1586085791883445,density1.0000_damping0.015_lm725_bias_summary.pkl,0.2,0.015,0.95244183998947,1.1473789590851888,0.8301022364476066,1.2046708900334262
2.45,0.015,1.0,1.0,725,100,50,50,0.16884325181732643,0.16884325181732643,0.7830148737703734,1.2390559757180462,0.9701992584212927,Peak absolute acceleration,mean,theory_times_residual,success,0.1,Peak absolute acceleration,1.2501799711654364,1.0485685413178778,1.240898241030485,1.4705130805108955,1.2885806295088427,1.008977798957746,1.2501799711654578,0.9701992584212267,0.8137391772818684,0.9629961933414035,1.1411882553840642,1.2390559757180462,1.0392384672893975,1.2298568336313327,1.4574285797268347,0.999999999999983,0.8387340746951566,0.9925756848221459,1.1762411128215693,density1.0000_damping0.015_lm725_bias_summary.pkl,0.2,0.015,0.9701992584212927,1.0432909274728177,0.9299412396611244,1.0753367603789552
2.5,0.015,1.0,1.0,725,100,50,50,0.187215592151756,0.187215592151756,0.6320556477681123,1.6253381485836582,1.0273041563452685,Peak absolute acceleration,mean,theory_times_residual,success,0.1,Peak absolute acceleration,1.3021707544818815,0.9897318932147399,1.2850598061979377,1.658867065168584,1.2675610688801606,0.8011691324765932,1.3021707544819474,1.0273041563451433,0.7808159445044555,1.013805044780396,1.3087078057975752,1.6253381485836582,1.2353594928891694,1.603980675373164,2.0705578858744276,0.9999999999999495,0.7600630637788303,0.986859673952041,1.27392437547758,density1.0000_damping0.015_lm725_bias_summary.pkl,0.2,0.015,1.0273041563452685,0.9517865404200554,1.0793430172818295,0.9264895255618607
2.55,0.015,1.0,1.0,725,100,50,50,0.16938148049565727,0.16938148049565727,0.353903397890324,2.2688478819395677,0.8029529747146776,Peak absolute acceleration,mean,theory_times_residual,success,0.1,Peak absolute acceleration,1.0328329604513293,0.7301806442634142,1.0125260035683614,1.4294165993151253,1.286293211402974,0.4552235381987764,1.0328329604512956,0.8029529747146901,0.5676626742568269,0.7871657835028051,1.1112680892998301,2.2688478819395677,1.6040045889379646,2.2242391234309045,3.140032268478527,1.0000000000000326,0.7069687667058595,0.9803385855597975,1.3839765519204021,density1.0000_damping0.015_lm725_bias_summary.pkl,0.2,0.015,0.8029529747146776,0.8713445348002864,0.9215103126787179,1.0851750503943411
2.6,0.015,1.0,1.0,725,100,50,50,0.16890752808421103,0.16890752808421103,0.2680116045437281,2.8423814168424486,0.7617912042532199,Peak absolute acceleration,mean,theory_times_residual,success,0.1,Peak absolute acceleration,0.979570779028593,0.6050441106107418,0.8898256541203888,1.4082185772454539,1.2858783004574499,0.3446303065535732,0.9795707790285845,0.7617912042532421,0.4705298397177229,0.6919983437031594,1.095141411706288,2.8423814168424486,1.7556323373338816,2.581971571272895,4.086171617720291,1.0000000000000089,0.6176624737732058,0.9083832155577429,1.4375873672364428,density1.0000_damping0.015_lm725_bias_summary.pkl,0.2,0.015,0.7617912042532199,0.8006278861010955,0.9514922193917127,1.0509807433205363
2.65,0.015,1.0,1.0,725,100,50,50,0.18675618515707185,0.18675618515707185,0.20770783048895344,3.5563470689740253,0.7386811341623433,Peak absolute acceleration,mean,theory_times_residual,success,0.1,Peak absolute acceleration,0.9348556415895671,0.689801260121245,0.9455988231289945,1.2375487309804445,1.2655740052840292,0.2628696309607556,0.9348556415896044,0.7386811341623281,0.5450501173706036,0.7471699159282088,0.9778556811481798,3.5563470689740253,2.624119254856895,3.597215926666573,4.707842159086079,0.99999999999996,0.7378692810243138,1.0114918079984228,1.3237859150918194,density1.0000_damping0.015_lm725_bias_summary.pkl,0.2,0.015,0.7386811341623433,0.7384644097391451,1.0002934798486027,0.9997066062565089
2.7,0.015,1.0,1.0,725,100,50,50,0.1691727212098032,0.1691727212098032,0.20192187740911724,2.8485251231161044,0.5751795407066407,Peak absolute acceleration,mean,theory_times_residual,success,0.1,Peak absolute acceleration,0.7382783562265902,0.4405011487786305,0.7344783478152359,1.144407652998877,1.283561573347302,0.2591791626604862,0.7382783562265963,0.5751795407066376,0.3431866128789453,0.5722190217177086,0.8915876548208466,2.8485251231161044,1.6996009411283903,2.8338634181690434,4.415507949217364,0.9999999999999917,0.5966599793471793,0.9948528784850437,1.5501032142511155,density1.0000_damping0.015_lm725_bias_summary.pkl,0.2,0.015,0.5751795407066407,0.683847288631473,0.8410935456916048,1.1889283958037309
2.75,0.015,1.0,1.0,725,100,50,50,0.16444443672285805,0.16444443672285805,0.19090799573294542,2.7684235468238243,0.5285141906640283,Peak absolute acceleration,mean,theory_times_residual,success,0.1,Peak absolute acceleration,0.6805305896040507,0.41310483238723655,0.724687231424751,0.826794860874107,1.287629739419165,0.24581881279864645,0.6805305896040343,0.528514190664026,0.3208257931147066,0.5628071558456309,0.642106061675047,2.7684235468238243,1.680525699738109,2.948054394918717,3.363431998800458,1.000000000000024,0.6070334511011488,1.064885609104521,1.2149268137309983,density1.0000_damping0.015_lm725_bias_summary.pkl,0.2,0.015,0.5285141906640283,0.6360213340812055,0.8309692809715745,1.2034139202243646
2.8,0.015,1.0,1.0,725,100,50,50,0.1870003875792947,0.1870003875792947,0.17061338269027115,3.4548005098316263,0.5894352015024471,Peak absolute acceleration,mean,theory_times_residual,success,0.1,Peak absolute acceleration,0.7438763223984443,0.360978399246545,0.6895898351793286,1.1674445597136551,1.262015435288459,0.21531672242189692,0.743876322398424,0.5894352015024416,0.2860332680194487,0.5464194936900347,0.9250636141758537,3.4548005098316263,1.676499601081773,3.202676631070619,5.421987417336473,1.0000000000000273,0.4852666879927966,0.92702216002243,1.5694068013208862,density1.0000_damping0.015_lm725_bias_summary.pkl,0.2,0.015,0.5894352015024471,0.5948395978920816,0.9909145315665435,1.0091687710130968
2.85,0.015,1.0,1.0,725,100,50,50,0.21105623251148709,0.21105623251148709,0.15320062357957911,3.6294394971086206,0.5560323942013947,Peak absolute acceleration,mean,theory_times_residual,success,0.1,Peak absolute acceleration,0.6871371307187871,0.4658980329550045,0.6006643921213146,1.023775834750926,1.2357861482255244,0.18932320851916457,0.6871371307187668,0.5560323942014183,0.3770053852958227,0.4860585247567417,0.8284409371483685,3.6294394971086206,2.4608606446041885,3.17269286116346,5.407555908008461,1.0000000000000295,0.6780277358431507,0.8741550489245151,1.489914878679347,density1.0000_damping0.015_lm725_bias_summary.pkl,0.2,0.015,0.5560323942013947,0.5615906096004035,0.9901027273177746,1.0099962078774058
2.9,0.015,1.0,1.0,725,100,50,50,0.21395598942401997,0.21395598942401997,0.1431191070774076,3.2947315775523935,0.4715390414390371,Peak absolute acceleration,mean,theory_times_residual,success,0.1,Peak absolute acceleration,0.5807410572057777,0.3374349226614115,0.5611999930359413,0.7786116502992264,1.231586371795365,0.1762635418200598,0.5807410572058068,0.47153904143904507,0.2739839692846798,0.4556724610534971,0.6322022296854363,3.2947315775523935,1.9143772965023302,3.18386880940386,4.417315357784419,0.9999999999999502,0.5810419609127604,0.966351502227368,1.34072086111056,density1.0000_damping0.015_lm725_bias_summary.pkl,0.2,0.015,0.4715390414390371,0.5397555780515426,0.8736158746913129,1.1446678442665599
2.95,0.015,1.0,1.0,725,100,50,50,0.18382772405545125,0.18382772405545125,0.14137149045349764,2.781084563319381,0.3931660697936755,Peak absolute acceleration,mean,theory_times_residual,success,0.1,Peak absolute acceleration,0.4960107342459037,0.31590442621785586,0.4945518063183093,0.687145869260072,1.26158072212643,0.17835154701440897,0.496010734245907,0.39316606979366625,0.2504036568388505,0.3920096412734718,0.544670552750575,2.781084563319381,1.7712457867961977,2.772904494505756,3.8527609138403367,0.9999999999999932,0.6368903017756871,0.9970586767042133,1.3853447553000053,density1.0000_damping0.015_lm725_bias_summary.pkl,0.2,0.015,0.3931660697936755,0.5334442080723368,0.7370331589397596,1.356791058679799
3.0,0.015,1.0,1.0,725,100,50,50,0.19561306159316164,0.19561306159316164,0.23250720820806642,1.7824852905019057,0.4144406785665424,Peak absolute acceleration,mean,theory_times_residual,success,0.1,Peak absolute acceleration,0.5171072483312095,0.33807236887009895,0.5047036830985631,0.772351222275245,1.2477231967667166,0.2901046370966709,0.5171072483312051,0.41444067856653916,0.270951417546906,0.4044997194942158,0.6190084662020188,1.7824852905019057,1.165346311777305,1.7397298028379389,2.662319465158622,1.0000000000000082,0.653776116968225,0.9760135537208761,1.4935996831755045,density1.0000_damping0.015_lm725_bias_summary.pkl,0.2,0.015,0.4144406785665424,0.5415459442375999,0.7652918149908856,1.30669109535938
3.1,0.015,1.0,1.0,725,100,50,50,0.17727261151465737,0.17727261151465737,0.17765124431001134,2.6357051279735924,0.4682362956187863,Peak absolute acceleration,mean,theory_times_residual,success,0.1,Peak absolute acceleration,0.3946076517978618,0.2722085281711336,0.3579342532538924,0.6563632230243557,0.8427532326949838,0.14971616043455052,0.39460765179784946,0.46823629561879293,0.32299909108702707,0.42472011897157436,0.7788320442573872,2.6357051279735924,1.8181639669428438,2.3907522889645962,4.384050600277647,1.0000000000000315,0.6898207040105274,0.9070636406139834,1.663331210213326,density1.0000_damping0.015_lm725_bias_summary.pkl,0.2,0.015,0.4682362956187863,0.5463958813277441,0.8569542919704759,1.1669233812933444
3.2,0.015,1.0,1.0,725,100,50,50,0.18948291327639835,0.18948291327639835,0.13164698533525135,2.6136838230679946,0.34408359592641596,Peak absolute acceleration,mean,theory_times_residual,success,0.1,Peak absolute acceleration,0.3339405514214155,0.20644770257642872,0.32509093783641696,0.5024456005626544,0.970521569103905,0.12776623877536544,0.3339405514214205,0.3440835959264121,0.21271830441341405,0.33496518592222285,0.5177067842258971,2.6136838230679946,1.6158235896683044,2.544419722709233,3.9325380897064552,0.9999999999999849,0.6182169302221084,0.9734994341138413,1.5045959480631836,density1.0000_damping0.015_lm725_bias_summary.pkl,0.2,0.015,0.34408359592641596,0.46766849277351075,0.7357425211303438,1.3591711383809302
3.3,0.015,1.0,1.0,725,100,50,50,0.20135004281014376,0.20135004281014376,0.10000352578692791,3.35395538713291,0.33540736404535176,Peak absolute acceleration,mean,theory_times_residual,success,0.1,Peak absolute acceleration,0.36729106517229965,0.2784390427171071,0.3787324307033698,0.42104193881452634,1.0950596335822338,0.1095098243051689,0.3672910651722945,0.3354073640453645,0.254268383363067,0.34585553068414593,0.38449224672558263,3.35395538713291,2.5425941871770927,3.458433369849663,3.844786908261463,1.0000000000000142,0.7580882551185739,1.0311506775306616,1.1463440816808805,density1.0000_damping0.015_lm725_bias_summary.pkl,0.2,0.015,0.33540736404535176,0.38706730978399695,0.8665349812995852,1.1540215012442603
3.4,0.015,1.0,1.0,725,100,50,50,0.16915410981908938,0.16915410981908938,0.0949925121418416,,0.22757655139918176,Peak absolute acceleration,mean,direct_code_bias,success,0.1,Peak absolute acceleration,0.28717837712839234,0.1999329503660457,0.2629620501262103,0.40309673950459307,1.2618979212171368,0.11987085360298246,0.2871783771283935,0.22757655139918176,0.15843829124720693,0.20838615049985648,0.3194368837027599,2.3957314768070286,1.6679029501886458,2.1937113336754255,3.3627585638095745,0.9999999999999959,0.6961977860772519,0.915674963956787,1.4036458577951154,density1.0000_damping0.015_lm725_bias_summary.pkl,0.2,0.015,0.22757655139918176,0.3531443434152443,0.6444292699078723,1.5517606767659018
3.45,0.015,1.0,1.0,725,100,50,50,0.1551542805753562,0.1551542805753562,0.10328057831687211,2.0538566278103416,0.21212350030019284,Peak absolute acceleration,mean,theory_times_residual,success,0.1,Peak absolute acceleration,0.27043292030068633,0.14673855619976903,0.289788003687102,0.37700458723773184,1.2748843005041004,0.13167078784316139,0.27043292030069227,0.21212350030018787,0.11509950835675622,0.22730533552928475,0.2957167070679755,2.0538566278103416,1.1144351651829978,2.200852660138107,2.863236359508974,0.9999999999999781,0.5426061148051485,1.0715707368943432,1.3940780095061776,density1.0000_damping0.015_lm725_bias_summary.pkl,0.2,0.015,0.21212350030019284,0.3441786506709897,0.6163180077748727,1.6225389934821701
3.5,0.015,1.0,1.0,725,100,50,50,0.23679574120616642,0.23679574120616642,0.08392929662106052,,0.27571995799549726,Peak absolute acceleration,mean,direct_code_bias,success,0.1,Peak absolute acceleration,0.3277688736238256,0.23597109866011762,0.3375828069609963,0.39488366306450245,1.1887745667986003,0.09977301323241039,0.32776887362382817,0.27571995799549726,0.19849945082152431,0.28397546211820063,0.33217707889556725,3.2851455820054625,2.365079403890996,3.383508185471294,3.957820359145251,0.999999999999992,0.7199313835118326,1.0299416269417678,1.2047625471529677,density1.0000_damping0.015_lm725_bias_summary.pkl,0.2,0.015,0.27571995799549726,0.33700519786259975,0.8181474937009984,1.2222734992151105
3.55,0.015,1.0,1.0,725,100,50,50,0.20609795116917087,0.20609795116917087,0.09328348060980067,,0.22565093547747528,Peak absolute acceleration,mean,direct_code_bias,success,0.1,Peak absolute acceleration,0.27459749939312,0.22557994404164133,0.2717420508937475,0.32518248269634165,1.2169127453962212,0.11351785648898977,0.2745974993931278,0.22565093547747528,0.1853706807616626,0.22330446609404975,0.267219226626198,2.4189806598378953,1.9871758595399533,2.393826480683275,2.8645932257175897,0.9999999999999716,0.8214930745552405,0.9896013310183414,1.1842150180355204,density1.0000_damping0.015_lm725_bias_summary.pkl,0.2,0.015,0.22565093547747528,0.33085655035929545,0.682020456395444,1.4662316806230211
3.6,0.015,1.0,1.0,725,100,50,50,0.21036115549768583,0.21036115549768583,0.09549023666526493,,0.23764845693397618,Peak absolute acceleration,mean,direct_code_bias,success,0.1,Peak absolute acceleration,0.28762122559610503,0.20898285590395171,0.2958838635226046,0.3562904301936117,1.210280215183608,0.11556994417916981,0.28762122559609926,0.23764845693397618,0.17267311592980766,0.2444755022932577,0.2943867260852148,2.4887199491089276,1.8082803222606258,2.560214644249472,3.0828986958862705,1.0000000000000202,0.7265905201218431,1.0287274971079792,1.238748737876332,density1.0000_damping0.015_lm725_bias_summary.pkl,0.2,0.015,0.23764845693397618,0.32547764642148097,0.7301529292313839,1.369576098328741
3.65,0.015,1.0,1.0,725,100,50,50,0.20331450021258435,0.20331450021258435,0.100178599032085,2.3723799566311294,0.2376617004271051,Peak absolute acceleration,mean,theory_times_residual,success,0.1,Peak absolute acceleration,0.2887852761224444,0.19871186548428577,0.276720796213453,0.39546154905407394,1.215110704011077,0.12172808799671811,0.2887852761224416,0.23766170042710102,0.16353396018020291,0.22773299198171693,0.32545310295486374,2.3723799566311294,1.6324241081453872,2.273269881811613,3.248728831300923,1.0000000000000098,0.6880955571988173,0.9582233551828543,1.3693965092818752,density1.0000_damping0.015_lm725_bias_summary.pkl,0.2,0.015,0.2376617004271051,0.3207523893479613,0.7409506782170382,1.3496174973566746
3.7,0.015,1.0,1.0,725,100,50,50,0.21248691811429463,0.21248691811429463,0.09869587043091796,,0.24403689086499736,Peak absolute acceleration,mean,direct_code_bias,success,0.1,Peak absolute acceleration,0.29366969057569875,0.25575330906244303,0.28841448015339866,0.33181055750320976,1.2033823637679375,0.11876886985329368,0.29366969057570136,0.24403689086499736,0.21252871636048254,0.2396698579247394,0.27573161074446056,2.4726150121529904,2.1533698971654442,2.428367639682482,2.793750230284001,0.999999999999991,0.8708876580387708,0.9821050295929398,1.1298767566129762,density1.0000_damping0.015_lm725_bias_summary.pkl,0.2,0.015,0.24403689086499736,0.3165987177876083,0.7708082097436303,1.2973395811814066
3.75,0.015,1.0,1.0,725,100,50,50,0.21008227224491927,0.21008227224491927,0.10176585445844215,2.288472971207218,0.2328884073199524,Peak absolute acceleration,mean,theory_times_residual,success,0.1,Peak absolute acceleration,0.28022511936797145,0.23291452803022072,0.27230909570256473,0.35347589319649075,1.2032592029494764,0.12245070092313427,0.2802251193679839,0.2328884073199462,0.1935697042327135,0.22630958901878326,0.29376537684485327,2.288472971207218,1.9021085732814849,2.2238263533787426,2.886679214832567,0.9999999999999557,0.831169341833213,0.9717511988815534,1.2613997417280638,density1.0000_damping0.015_lm725_bias_summary.pkl,0.2,0.015,0.2328884073199524,0.3129472259262184,0.7441778933514136,1.343764722029627
3.8,0.015,1.0,1.0,725,100,50,50,0.18364295717750845,0.18364295717750845,0.11967240229572396,1.8193385485300924,0.2177246146918117,Peak absolute acceleration,mean,theory_times_residual,success,0.1,Peak absolute acceleration,0.2672791648637353,0.22756137483558772,0.24901542994525072,0.3393612772938267,1.2276019651800574,0.14691007623604718,0.267279164863733,0.21772461469180882,0.18537065049599394,0.20284704408136606,0.27644243567502863,1.8193385485300924,1.5489841178079193,1.6950194045583786,2.309993201205337,1.0000000000000089,0.8513996029267953,0.9316679437853165,1.2696884827025083,density1.0000_damping0.015_lm725_bias_summary.pkl,0.2,0.015,0.2177246146918117,0.3097371798153549,0.7029334186538627,1.4226098425012101
3.85,0.015,1.0,1.0,725,100,50,50,0.19452907325951177,0.19452907325951177,0.11260428466681881,1.9841181412965294,0.22342020399515383,Peak absolute acceleration,mean,theory_times_residual,success,0.1,Peak absolute acceleration,0.2711504028330613,0.2214519919344979,0.27454523958280896,0.311133423357975,1.2136342102656839,0.13666041209414934,0.2711504028330603,0.2234202039951578,0.1824701298474592,0.22621745272218935,0.2563650733690697,1.9841181412965294,1.6204545891602697,2.00895954706815,2.2766902176734702,1.0000000000000036,0.8167127528511905,1.012520124308422,1.147456983678284,density1.0000_damping0.015_lm725_bias_summary.pkl,0.2,0.015,0.22342020399515383,0.3069152098363981,0.727954160741168,1.3737128708514443
3.9,0.015,1.0,1.0,725,100,50,50,0.2202682978468877,0.2202682978468877,0.08376233922593576,,0.2293068483267279,Peak absolute acceleration,mean,direct_code_bias,success,0.1,Peak absolute acceleration,0.2718501313190576,0.22310143892951637,0.2648979970922921,0.3347440356945011,1.1855299277050457,0.09930275996692933,0.2718501313190617,0.2293068483267279,0.18818709989160473,0.22344269081851262,0.28235814876685583,2.737588878794421,2.2466791356435163,2.667579402430615,3.3709439274999053,0.9999999999999846,0.8206780620152412,0.9744265923542628,1.2313550634324428,density1.0000_damping0.015_lm725_bias_summary.pkl,0.2,0.015,0.2293068483267279,0.3044343997601507,0.7532225284244628,1.3276289041589253
4.0,0.015,1.0,1.0,725,100,50,50,0.17005487652727558,0.17005487652727558,0.12037118951834308,1.8037342113186539,0.21711763259135677,Peak absolute acceleration,mean,theory_times_residual,success,0.1,Peak absolute acceleration,0.26712423446649664,0.2367313406122177,0.2656975186549657,0.2963882337561931,1.2303203165873489,0.1480951199962052,0.267124234466498,0.2171176325913591,0.19241439600774937,0.21595800302798787,0.24090330766731713,1.8037342113186539,1.5985087193844316,1.7941004312753448,2.0013369364486,0.9999999999999948,0.8862218775657656,0.9946589802517103,1.109552019299714,density1.0000_damping0.015_lm725_bias_summary.pkl,0.2,0.015,0.21711763259135677,0.3003362684421567,0.7229151301557555,1.3832882426800779
4.1,0.015,1.0,1.0,725,100,50,50,0.193096329316876,0.193096329316876,0.06991838304860745,,0.21599295555781395,Peak absolute acceleration,mean,direct_code_bias,success,0.1,Peak absolute acceleration,0.25929960410881264,0.20972532446574008,0.26108700618314173,0.31674165370867857,1.2005002822390982,0.0839370385835572,0.25929960410881275,0.21599295555781395,0.174698271686012,0.21748183656914977,0.2638413821260515,3.0892155416072544,2.4986028576283856,3.1105100988669765,3.773562411227676,0.9999999999999997,0.8088146728435833,1.0068931924538491,1.2215277180900006,density1.0000_damping0.015_lm725_bias_summary.pkl,0.2,0.015,0.21599295555781395,0.2971691221277253,0.7268351234183027,1.3758278429047341
4.2,0.015,1.0,1.0,725,100,50,50,0.16314440308109182,0.16314440308109182,0.0724337140630146,,0.20967202955139433,Peak absolute acceleration,mean,direct_code_bias,success,0.1,Peak absolute acceleration,0.2568746268788186,0.2333477666183187,0.25231640701315416,0.29306930055916763,1.2251258664706828,0.08874041670313784,0.2568746268788129,0.20967202955139433,0.19046840247569186,0.20595141602880532,0.23921566638980177,2.8946745623038708,2.6295545512135012,2.8433087919479236,3.302545913657004,1.0000000000000224,0.9084111165576755,0.9822550793706488,1.1409040438136793,density1.0000_damping0.015_lm725_bias_summary.pkl,0.2,0.015,0.20967202955139433,0.2947214661111947,0.7114243570988901,1.4056308165746698
4.25,0.015,1.0,1.0,725,100,50,50,0.17352307321063262,0.17352307321063262,0.05253411981177092,,0.23635395036619367,Peak absolute acceleration,mean,direct_code_bias,success,0.1,Peak absolute acceleration,0.2504501180584752,0.22132054699473455,0.24584719965076024,0.28356723382932547,1.0596400765480827,0.055667258738731476,0.25045011805847417,0.23635395036619367,0.20886388868540667,0.23201009955346338,0.2676071244427477,4.499056065144808,3.9757759230336753,4.416369787573314,5.093967985027231,1.0000000000000042,0.8836911266420783,0.9816214164984371,1.1322303859450338,density1.0000_damping0.015_lm725_bias_summary.pkl,0.2,0.015,0.23635395036619367,0.2937148093486832,0.8047055948261953,1.2426905025010915
4.3,0.015,1.0,1.0,725,100,50,50,0.179059706126662,0.179059706126662,0.03211478526215739,,0.2616233600770494,Peak absolute acceleration,mean,direct_code_bias,success,0.1,Peak absolute acceleration,0.23585295110485474,0.1830444951804907,0.2332488909190121,0.2801393015295343,0.9014980582597628,0.02895141655526382,0.23585295110484894,0.2616233600770494,0.20304480248558363,0.2587347679586487,0.310748646614182,8.146508156333132,6.322471124377862,8.056562291996169,9.67618634462294,1.0000000000000246,0.7760958441394185,0.9889589671291448,1.1877710251969575,density1.0000_damping0.015_lm725_bias_summary.pkl,0.2,0.015,0.2616233600770494,0.29282985158490665,0.8934313174051436,1.119280218320974
4.35,0.015,1.0,1.0,725,100,50,50,0.1722760282685923,0.1722760282685923,0.02543465971932538,,0.3158312834638397,Peak absolute acceleration,mean,direct_code_bias,success,0.1,Peak absolute acceleration,0.23791072588458997,0.20223414618924615,0.22965620621789112,0.2824660139189948,0.7532842322499981,0.019159528119212198,0.23791072588459192,0.3158312834638397,0.268469904892592,0.30487324224473267,0.3749793262966517,12.41735831928059,10.555278028296327,11.986527266692107,14.74284816209812,0.999999999999992,0.8500421552551097,0.9653041297906637,1.1872773405601569,density1.0000_damping0.015_lm725_bias_summary.pkl,0.2,0.015,0.3158312834638397,0.29205188011257044,1.0814218464955647,0.9247085244676472
4.4,0.015,1.0,1.0,725,100,50,50,0.1725753461552939,0.1725753461552939,0.00833416390588439,,0.3918626596327799,Peak absolute acceleration,mean,direct_code_bias,success,0.1,Peak absolute acceleration,0.23543982522545293,0.19234999982774253,0.21739429631428586,0.3066280504217267,0.6008223019924558,0.005007351543115806,0.23543982522544893,0.3918626596327799,0.3201445738446602,0.3618279407960718,0.510347318008806,47.01883284970071,38.41352023550027,43.41502577608383,61.235574890539546,1.000000000000017,0.8169815775370836,0.9233539657367511,1.3023627167923286,density1.0000_damping0.015_lm725_bias_summary.pkl,0.2,0.015,0.3918626596327799,0.2913679609058659,1.3449064832470998,0.7435461219471919
1.5,0.015,1.0,1.0,967,100,50,50,0.14989589894916724,0.14989589894916724,0.36638897326760184,0.3949489210362034,0.1447049296716017,Peak absolute acceleration,mean,theory_times_residual,success,0.1,Peak absolute acceleration,0.3178159666739643,0.2905626239304502,0.31468328016577857,0.3488328149771366,2.1963036601114774,0.8047014430122508,0.3178159666739854,0.14470492967162518,0.13229619802013268,0.14327858477903108,0.15882722471965965,0.3949489210362034,0.36108127611003504,0.3910559411796505,0.4334934627075423,0.9999999999999337,0.9142480378542731,0.9901430801573908,1.097593738375543,density1.0000_damping0.015_lm967_bias_summary.pkl,0.15,0.015,0.1447049296716017,0.21153292895098003,0.6840775589370559,1.4618225476563933
1.6,0.015,1.0,1.0,967,100,50,50,0.14493197085997428,0.14493197085997428,0.42742948067099007,0.30558466797334904,0.13061589593286552,Peak absolute acceleration,mean,theory_times_residual,success,0.1,Peak absolute acceleration,0.40328680285905144,0.3371664630680162,0.4069402583150671,0.46401084124630393,3.0875782765855253,1.3197219792919164,0.403286802859106,0.13061589593285908,0.10920094419140687,0.13179917134444022,0.15028310205610132,0.30558466797334904,0.25548294895332385,0.30835302033342415,0.35159741864363303,0.9999999999998644,0.836046358764212,1.0090591991358504,1.1505728378828521,density1.0000_damping0.015_lm967_bias_summary.pkl,0.15,0.015,0.13061589593286552,0.21154843613135152,0.6174278492503141,1.619622440442349
1.7,0.015,1.0,1.0,967,100,50,50,0.17480534474150858,0.17480534474150858,0.3823703967072742,0.3406990923182131,0.13027324708752339,Peak absolute acceleration,mean,theory_times_residual,success,0.1,Peak absolute acceleration,0.5038495625060484,0.4199144005793689,0.4900272933920745,0.5861495291606714,3.867636477714322,1.478869694303302,0.5038495625060057,0.1302732470875368,0.10857132075337339,0.1266994186800277,0.15155238413385516,0.3406990923182131,0.2839427991505305,0.33135258317868715,0.3963496793656371,1.0000000000000846,0.8334122560131502,0.9725666743756152,1.1633423402122827,density1.0000_damping0.015_lm967_bias_summary.pkl,0.15,0.015,0.13027324708752339,0.212307394810966,0.6136067337811146,1.629708321220614
1.75,0.015,1.0,1.0,967,100,50,50,0.1519023276038729,0.1519023276038729,0.4630182946142963,0.29888855027789013,0.13839086682940804,Peak absolute acceleration,mean,theory_times_residual,success,0.1,Peak absolute acceleration,0.5457793363388026,0.4762018249370402,0.5296983881009811,0.6308704914020808,3.9437525672235707,1.8260295880567088,0.5457793363387664,0.1383908668294155,0.12074840315661324,0.1343132914836725,0.15996705692066734,0.29888855027789013,0.26078538269679524,0.2900820400531927,0.34548755153166155,1.0000000000000664,0.8725171387607477,0.9705358060170242,1.1559076157667103,density1.0000_damping0.015_lm967_bias_summary.pkl,0.15,0.015,0.13839086682940804,0.21426057057277936,0.6458998333639229,1.5482276791928369
1.8,0.015,1.0,1.0,967,100,50,50,0.14347620869255837,0.14347620869255837,0.5198601445976931,0.3142563264140467,0.1633693392903462,Peak absolute acceleration,mean,theory_times_residual,success,0.1,Peak absolute acceleration,0.6488993858236327,0.5422254490122191,0.6293859175669334,0.8170057989600886,3.971977781402166,2.064872943778637,0.6488993858236334,0.16336933929035266,0.13651270949980132,0.15845655545050685,0.20569243936497392,0.3142563264140467,0.2625950669971818,0.30480612352602277,0.3956687995848306,0.9999999999999988,0.8356078937014013,0.969928360724318,1.2590639116156377,density1.0000_damping0.015_lm967_bias_summary.pkl,0.15,0.015,0.1633693392903462,0.21916325697906305,0.7454230309506346,1.3415201281408
1.85,0.015,1.0,1.0,967,100,50,50,0.1646488732368724,0.1646488732368724,0.5093002846128993,0.3460728433700176,0.1762549976251453,Peak absolute acceleration,mean,theory_times_residual,success,0.1,Peak absolute acceleration,0.687201408495027,0.5366472245764616,0.6663828006260863,0.8475875443195111,3.898904528974649,1.9857131862851145,0.687201408495012,0.17625499762512786,0.13764051430045954,0.17091539320182705,0.21739120258541275,0.3460728433700176,0.27025414761958894,0.3355886465521034,0.4268428845482885,1.000000000000022,0.7809169450798017,0.9697052310842627,1.2333902897197908,density1.0000_damping0.015_lm967_bias_summary.pkl,0.15,0.015,0.1762549976251453,0.22974125157877334,0.7671891591689842,1.303459502847013
1.9,0.015,1.0,1.0,967,100,50,50,0.13993436774052545,0.13993436774052545,0.544907768067709,0.38222465733027616,0.2082771849262857,Peak absolute acceleration,mean,theory_times_residual,success,0.1,Peak absolute acceleration,0.8294450354604459,0.5821703851412268,0.8054421140272692,1.0814317264452304,3.9824094787627113,2.170045860604256,0.8294450354604392,0.20827718492628358,0.14618546592102338,0.2022499490126542,0.2715521174334938,0.38222465733027616,0.26827561376012565,0.3711636369763132,0.49834510232152535,1.000000000000008,0.7018794015905514,0.9710614683227978,1.3038015543066204,density1.0000_damping0.015_lm967_bias_summary.pkl,0.15,0.015,0.2082771849262857,0.25021161546357684,0.8324041413521274,1.2013395300696654
1.95,0.015,1.0,1.0,967,100,50,50,0.15737984230132004,0.15737984230132004,0.5008622989303803,0.4607295255099865,0.23076204933203512,Peak absolute acceleration,mean,theory_times_residual,success,0.1,Peak absolute acceleration,0.9048868810366132,0.7489238953353325,0.8970910021918075,1.085378044052952,3.921298513581051,1.9640305883044593,0.9048868810365114,0.2307620493320317,0.1909887484315475,0.2287739632891545,0.2767904662942254,0.4607295255099865,0.3813198734251262,0.456760198916384,0.5526278717430542,1.0000000000001126,0.8276436657778378,0.991384692376384,1.1994626806940722,density1.0000_damping0.015_lm967_bias_summary.pkl,0.15,0.015,0.23076204933203512,0.286709781571965,0.804862840977538,1.2424477179062867
2.0,0.015,1.0,1.0,967,100,50,50,0.15449651435254966,0.15449651435254966,0.4798583479269035,0.5215683463740803,0.2502789250220332,Peak absolute acceleration,mean,theory_times_residual,success,0.1,Peak absolute acceleration,0.9832703980840489,0.7904904093228823,0.9428361653361367,1.1846270844145685,3.9286983432477403,1.8852186964943338,0.9832703980838552,0.2502789250220744,0.2012092403789411,0.23998690735739248,0.30153169852060263,0.5215683463740803,0.41930965929461766,0.5001203134094689,0.6283764778152512,1.0000000000001972,0.8039400055807108,0.9588778093731749,1.204782618009356,density1.0000_damping0.015_lm967_bias_summary.pkl,0.15,0.015,0.2502789250220332,0.3477579075577836,0.7196929806132334,1.3894813857266202
2.05,0.015,1.0,1.0,967,100,50,50,0.11558586126153549,0.11558586126153549,0.5075510304683178,0.5617534838440909,0.2851185595942359,Peak absolute acceleration,mean,theory_times_residual,success,0.1,Peak absolute acceleration,1.1591859092835084,0.9107109338632228,1.0797901135008938,1.4170724211101864,4.0656276846139585,2.063513520826208,1.1591859092834693,0.2851185595942182,0.22400254143037623,0.2655900139570755,0.3485494814178345,0.5617534838440909,0.4413399401902558,0.5232774598290773,0.6867279554062754,1.0000000000000335,0.7856470015462514,0.931507280112081,1.2224720899049966,density1.0000_damping0.015_lm967_bias_summary.pkl,0.15,0.015,0.2851185595942359,0.44477252537711137,0.6410435522124498,1.559956412553731
2.1,0.015,1.0,1.0,967,100,50,50,0.1712759024159496,0.1712759024159496,0.41909026394300986,0.7082329523235295,0.2968135349224051,Peak absolute acceleration,mean,theory_times_residual,success,0.1,Peak absolute acceleration,1.1489424924929652,0.9432113305038768,1.0976534854121662,1.4472677667918936,3.8709235169928498,1.6222663584398065,1.1489424924928777,0.29681353492241774,0.2436657108732069,0.2835637233837379,0.37388177793711935,0.7082329523235295,0.5814158233614597,0.6766173012844945,0.8921270907594883,1.000000000000076,0.8209386776681722,0.9553598135539152,1.2596520506885729,density1.0000_damping0.015_lm967_bias_summary.pkl,0.15,0.015,0.2968135349224051,0.5926098505235493,0.5008582538076335,1.9965728674687062
2.15,0.015,1.0,1.0,967,100,50,50,0.15076496209341458,0.15076496209341458,0.5514297857276778,0.7004371071522297,0.3862418839126685,Peak absolute acceleration,mean,theory_times_residual,success,0.1,Peak absolute acceleration,1.1408803635163909,0.881230494994925,1.1423027378220199,1.4563484734019614,2.9537976357178928,1.6288119973467334,1.14088036351643,0.3862418839126434,0.29833814081876,0.3867234247902002,0.49304273786108893,0.7004371071522297,0.5410265251179465,0.7013103658880111,0.8941169857382509,0.9999999999999659,0.7724127114247018,1.001246733970603,1.276512875472055,density1.0000_damping0.015_lm967_bias_summary.pkl,0.15,0.015,0.3862418839126685,0.810147347084105,0.4767551054790504,2.09751293380519
2.2,0.015,1.0,1.0,967,100,50,50,0.14139685282140044,0.14139685282140044,0.8038055800551277,0.7675143348650306,0.6169323051368114,Peak absolute acceleration,mean,theory_times_residual,success,0.1,Peak absolute acceleration,1.2243021340127864,0.9848902526154995,1.2390112388766938,1.3778975831324705,1.9844999586158838,1.5951521403545945,1.224302134012784,0.6169323051368026,0.4962913948874176,0.6243443006876448,0.694329862366691,0.7675143348650306,0.6174271580117513,0.7767354646192355,0.8638032374931777,1.000000000000002,0.804450327459133,1.0120142769135745,1.1254555104108663,density1.0000_damping0.015_lm967_bias_summary.pkl,0.15,0.015,0.6169323051368114,1.1209003255375805,0.5503899776645472,1.8168935492671416
2.25,0.015,1.0,1.0,967,100,50,50,0.16173004421935702,0.16173004421935702,1.4455171358584005,0.9200111955706408,1.3298919483789355,Peak absolute acceleration,mean,theory_times_residual,success,0.1,Peak absolute acceleration,1.2959212729123306,1.098252257500658,1.1789678763660392,1.6331643539896508,0.9744560635109905,1.408592937946293,1.2959212729123535,1.329891948378968,1.1270413296456145,1.2098727900755089,1.6759753621988018,0.9200111955706408,0.7796803660693438,0.8369826687367583,1.159429605241937,0.9999999999999823,0.8474683458452154,0.9097526994957941,1.2602342350005593,density1.0000_damping0.015_lm967_bias_summary.pkl,0.15,0.015,1.3298919483789355,1.5536724938987867,0.8559667198855277,1.1682697198013923
2.3,0.015,1.0,1.0,967,100,50,50,0.14124342093884587,0.14124342093884587,1.4028927562556501,0.8691914134243345,1.219382337692609,Peak absolute acceleration,mean,theory_times_residual,success,0.1,Peak absolute acceleration,1.208973181278727,0.9444721340522446,1.1662207258757946,1.665025051211737,0.9914635827565021,1.3909170783403875,1.2089731812787514,1.2193823376926232,0.9526039589133366,1.176261787279596,1.6793607754937157,0.8691914134243345,0.6790283538535371,0.8384545304938698,1.197069959913361,0.9999999999999799,0.7812184328632173,0.9646373831405122,1.3772224868136544,density1.0000_damping0.015_lm967_bias_summary.pkl,0.15,0.015,1.219382337692609,1.4004659163252184,0.8706976181842455,1.1485043476808652
2.35,0.015,1.0,1.0,967,100,50,50,0.145040944630409,0.145040944630409,1.271337477498139,0.8599355582958083,1.0932683034947468,Peak absolute acceleration,mean,theory_times_residual,success,0.1,Peak absolute acceleration,1.0797799623194488,0.8557671801989932,1.1269552337854412,1.3149220635139545,0.9876623687596433,1.255652184518711,1.0797799623194884,1.0932683034947375,0.8664572097382928,1.1410328766506808,1.3313477409950332,0.8599355582958083,0.6815320283355435,0.8975058919022236,1.0472024655601277,0.9999999999999635,0.7925384893795486,1.043689708192598,1.2177685356277168,density1.0000_damping0.015_lm967_bias_summary.pkl,0.15,0.015,1.0932683034947468,1.2657811306719398,0.863710381678976,1.1577955078599989
2.4,0.015,1.0,1.0,967,100,50,50,0.15706647705450877,0.15706647705450877,0.9883754989320661,1.1750184347843584,1.1613594317343656,Peak absolute acceleration,mean,theory_times_residual,success,0.1,Peak absolute acceleration,1.1343894273878548,0.8766076587817299,1.1173398902315728,1.5154795989907766,0.976777211593947,0.9654226638546651,1.134389427387811,1.161359431734396,0.8974489252787171,1.1439045433996657,1.5515099871318165,1.1750184347843584,0.908004018966862,1.1573582556787554,1.5697576364531225,1.0000000000000382,0.7727572539179228,0.9849702961393967,1.335942986070059,density1.0000_damping0.015_lm967_bias_summary.pkl,0.15,0.015,1.1613594317343656,1.1473789590851888,1.0121847037010057,0.9879619760539607
2.45,0.015,1.0,1.0,967,100,50,50,0.13871533429991292,0.13871533429991292,0.6085540163169837,1.6104820804277755,0.9800653382508544,Peak absolute acceleration,mean,theory_times_residual,success,0.1,Peak absolute acceleration,0.9722265998073961,0.6875201508717916,0.9107573264828179,1.3794816912476082,0.9920018205546357,0.6036866920923167,0.9722265998073238,0.9800653382509084,0.6930633962822709,0.9181004587003749,1.3906039915091382,1.6104820804277755,1.1388691516271736,1.5086589424826073,2.2850954134278907,1.0000000000000744,0.7071603996517319,0.9367747464051202,1.4188890650811183,density1.0000_damping0.015_lm967_bias_summary.pkl,0.15,0.015,0.9800653382508544,1.0432909274728177,0.9393979305704854,1.0645116062718873
2.5,0.015,1.0,1.0,967,100,50,50,0.1377250174057323,0.1377250174057323,0.39190172602855555,2.2372658924544075,0.8767883648376991,Peak absolute acceleration,mean,theory_times_residual,success,0.1,Peak absolute acceleration,0.8697926225664555,0.6188396447553953,0.8505479754754681,1.0911269264125012,0.9920211734646515,0.3887748101376738,0.8697926225664996,0.8767883648377074,0.6238169721661151,0.8573889330455662,1.0999028605425034,2.2372658924544075,1.5917688816727875,2.187765136260423,2.8065782503401104,0.9999999999999494,0.7114795282229268,0.9778744420316576,1.2544679020073886,density1.0000_damping0.015_lm967_bias_summary.pkl,0.15,0.015,0.8767883648376991,0.9517865404200554,0.9212027357002742,1.0855373754831237
2.55,0.015,1.0,1.0,967,100,50,50,0.1647061781479402,0.1647061781479402,0.3329457787669757,2.751087199445181,0.9159628700751339,Peak absolute acceleration,mean,theory_times_residual,success,0.1,Peak absolute acceleration,0.8871916488096833,0.6622813413975671,0.8656079102185231,1.1333770370997587,0.9685890965612335,0.3224876510597722,0.8871916488097022,0.915962870075108,0.6837588237869434,0.8936791806677127,1.170131938428348,2.751087199445181,2.053664192167207,2.6841583154391397,3.5144819758995682,0.9999999999999787,0.7464918569579805,0.9756718420195492,1.2774883968084574,density1.0000_damping0.015_lm967_bias_summary.pkl,0.15,0.015,0.9159628700751339,0.8713445348002864,1.0512063064526531,0.9512880524609174
2.6,0.015,1.0,1.0,967,100,50,50,0.16640247334842304,0.16640247334842304,0.26476689573097595,2.9530516279681476,0.7818703124704313,Peak absolute acceleration,mean,theory_times_residual,success,0.1,Peak absolute acceleration,0.7556593848907612,0.4996379428216736,0.7649058848768486,1.0914460976187847,0.9664766302522751,0.2558910171884445,0.755659384890766,0.7818703124704783,0.5169684679196592,0.7914375380987624,1.1293041791749163,2.9530516279681476,1.9525419387962644,2.9891861515152485,4.265277107461013,0.9999999999999934,0.6611946504097194,1.012236333156134,1.444362525553174,density1.0000_damping0.015_lm967_bias_summary.pkl,0.15,0.015,0.7818703124704313,0.8006278861010955,0.976571421060519,1.023990645675492
2.65,0.015,1.0,1.0,967,100,50,50,0.13354272497898959,0.13354272497898959,0.23733219552816054,2.7247633195043583,0.6466740609125682,Peak absolute acceleration,mean,theory_times_residual,success,0.1,Peak absolute acceleration,0.6426231441434456,0.45567563702225156,0.6418886314670155,0.7973385000905454,0.9937357673456301,0.23584549143899236,0.6426231441434576,0.646674060912548,0.4585480889345543,0.6459349180734086,0.8023646992402398,2.7247633195043583,1.932093907082909,2.721648938678384,3.380766345057726,0.9999999999999815,0.7090868749049095,0.9988570086789808,1.2407559661631944,density1.0000_damping0.015_lm967_bias_summary.pkl,0.15,0.015,0.6466740609125682,0.7384644097391451,0.8757010525950562,1.1419422153674217
2.7,0.015,1.0,1.0,967,100,50,50,0.16071923083939663,0.16071923083939663,0.20545601511209854,3.213329368441651,0.6601978472826979,Peak absolute acceleration,mean,theory_times_residual,success,0.1,Peak absolute acceleration,0.6401799536601532,0.31174758217844944,0.6501905156726202,0.90505841262337,0.9696789474475228,0.19922637248064534,0.640179953660185,0.6601978472826425,0.3214956692615219,0.6705214312263981,0.933358834906901,3.213329368441651,1.5647907367722385,3.2635765414831597,4.542864488040084,0.9999999999999503,0.4869686724741286,1.0156371063404916,1.4137562531421994,density1.0000_damping0.015_lm967_bias_summary.pkl,0.15,0.015,0.6601978472826979,0.683847288631473,0.9654170722879729,1.0358217486562757
2.75,0.015,1.0,1.0,967,100,50,50,0.15843818384784722,0.15843818384784722,0.19324046696640448,3.1647326047866957,0.6115544063727867,Peak absolute acceleration,mean,theory_times_residual,success,0.1,Peak absolute acceleration,0.5936517747376895,0.30388448661745954,0.5909174285014664,0.8484355871820981,0.9707260197154045,0.1875835493462494,0.5936517747376787,0.6115544063728046,0.31304866712705587,0.6087376010325863,0.8740216806291448,3.1647326047866957,1.6199953976589765,3.1501559201800093,4.522974376692388,1.0000000000000182,0.5118901341644927,0.995394023310348,1.429180579064221,density1.0000_damping0.015_lm967_bias_summary.pkl,0.15,0.015,0.6115544063727867,0.6360213340812055,0.9615312782805429,1.0400077694698262
2.8,0.015,1.0,1.0,967,100,50,50,0.1549514050465672,0.1549514050465672,0.18217360882044037,2.894123173742372,0.5272328629315143,Peak absolute acceleration,mean,theory_times_residual,success,0.1,Peak absolute acceleration,0.5128779808790062,0.3293666590504662,0.5148698388337521,0.6772072174234369,0.972773165214517,0.17721359807081297,0.5128779808789729,0.52723286293152,0.3385852640968297,0.5292804707664942,0.6961614913319474,2.894123173742372,1.858585699043559,2.9053630445899232,3.821417909210506,1.000000000000065,0.6421930192557613,1.0038836877952249,1.320406105683921,density1.0000_damping0.015_lm967_bias_summary.pkl,0.15,0.015,0.5272328629315143,0.5948395978920816,0.8863445957530243,1.128229364506342
2.85,0.015,1.0,1.0,967,100,50,50,0.15332874555501416,0.15332874555501416,0.17112449516294514,2.596918548468639,0.44439637558598416,Peak absolute acceleration,mean,theory_times_residual,success,0.1,Peak absolute acceleration,0.4324986832290721,0.30237387331724186,0.39368009920143954,0.5936603373542986,0.9732272965970502,0.16654302980896712,0.4324986832290844,0.4443963755859815,0.3106919363796216,0.4045099234042926,0.6099914577304489,2.596918548468639,1.8155900830198615,2.3638341373578324,3.5646063244751556,0.9999999999999717,0.6991324714787202,0.9102457752291386,1.3726292365145782,density1.0000_damping0.015_lm967_bias_summary.pkl,0.15,0.015,0.44439637558598416,0.5615906096004035,0.7913173190381142,1.2637155486695548
2.9,0.015,1.0,1.0,967,100,50,50,0.1290418672914849,0.1290418672914849,0.1739187354290379,2.3638326398583245,0.41111478349004416,Peak absolute acceleration,mean,theory_times_residual,success,0.1,Peak absolute acceleration,0.40830117510186836,0.25159423956227783,0.3946292325404789,0.5592753210876692,0.9931561488392753,0.17272846148970167,0.4083011751018641,0.41111478349004776,0.25332797854226835,0.3973486274053594,0.5631292941611521,2.3638326398583245,1.4565882043549507,2.2846798329411815,3.2378874695240314,1.0000000000000104,0.6161976866696731,0.9665150545844639,1.369761722944196,density1.0000_damping0.015_lm967_bias_summary.pkl,0.15,0.015,0.41111478349004416,0.5397555780515426,0.7616684295771929,1.3129072456831603
2.95,0.015,1.0,1.0,967,100,50,50,0.14021564158438649,0.14021564158438649,0.15640082740943415,2.2416142342302403,0.3505903209663747,Peak absolute acceleration,mean,theory_times_residual,success,0.1,Peak absolute acceleration,0.34441038952357755,0.2010708424320889,0.3480631910423036,0.46316070709176405,0.9823727836360001,0.15364391618518,0.34441038952358016,0.35059032096637605,0.2046787592057232,0.35430866656752974,0.4714714361054404,2.2416142342302403,1.3086807953381465,2.2653886966978822,3.0145073009824714,0.9999999999999923,0.5838117796336759,1.0106059562366174,1.3447930758780249,density1.0000_damping0.015_lm967_bias_summary.pkl,0.15,0.015,0.3505903209663747,0.5334442080723368,0.6572202222108123,1.5215599980111822
3.0,0.015,1.0,1.0,967,100,50,50,0.1543709182930525,0.1543709182930525,0.2526584508936557,1.5684814752665142,0.3962900997962332,Peak absolute acceleration,mean,theory_times_residual,success,0.1,Peak absolute acceleration,0.38409310549971876,0.19131107609119416,0.37568525802511865,0.5514034956382083,0.9692220565116744,0.2448821433702009,0.38409310549971626,0.39629009979623,0.1973862179527172,0.38761525854791923,0.5689134826571774,1.5684814752665142,0.7812373473143748,1.534147214062791,2.251709692056327,1.0000000000000064,0.49808516047767354,0.9781098713978249,1.435598524792098,density1.0000_damping0.015_lm967_bias_summary.pkl,0.15,0.015,0.3962900997962332,0.5415459442375999,0.7317755843488801,1.3665391704613747
3.1,0.015,1.0,1.0,967,100,50,50,0.15750901626689282,0.15750901626689282,0.18478035981800237,2.503847950924856,0.46266192530146283,Peak absolute acceleration,mean,theory_times_residual,success,0.1,Peak absolute acceleration,0.2974244119937109,0.18698299289493245,0.31849475068541677,0.38374188889012456,0.6428547406401116,0.11878693028618215,0.2974244119937211,0.4626619253014384,0.29086352028569834,0.49543813018829264,0.5969340577748873,2.503847950924856,1.5741040907821422,2.6812272185003634,3.230505982144765,0.9999999999999655,0.6286739936427271,1.0708426673871694,1.2902165169220396,density1.0000_damping0.015_lm967_bias_summary.pkl,0.15,0.015,0.46266192530146283,0.5463958813277441,0.8467522196125941,1.1809830276647935
3.2,0.015,1.0,1.0,967,100,50,50,0.13335411520684073,0.13335411520684073,0.15311416677117567,2.1647917957796374,0.3314602920438763,Peak absolute acceleration,mean,theory_times_residual,success,0.1,Peak absolute acceleration,0.2532147779929607,0.1826455652902947,0.2672940408268955,0.3297431157358459,0.7639369905564213,0.11696957577473027,0.2532147779929519,0.3314602920438885,0.23908459408054444,0.3498901665073309,0.43163653522743306,2.1647917957796374,1.5614792486043438,2.28515867529239,2.8190502833907223,1.0000000000000349,0.7213068950319264,1.0556020582429653,1.302226980389842,density1.0000_damping0.015_lm967_bias_summary.pkl,0.15,0.015,0.3314602920438763,0.46766849277351075,0.70875052984254,1.410933689491845
3.3,0.015,1.0,1.0,967,100,50,50,0.1569652800714406,0.1569652800714406,0.11023579749691975,2.7931912201450437,0.30790966171408324,Peak absolute acceleration,mean,theory_times_residual,success,0.1,Peak absolute acceleration,0.2625851093809594,0.1734608129391192,0.2753510135269659,0.34509087051527276,0.8527991876551873,0.09400899855589696,0.26258510938095386,0.30790966171409,0.20340170986332445,0.3228790757693577,0.40465665951689855,2.7931912201450437,1.845151162162214,2.9289857115459483,3.6708280676991216,1.0000000000000215,0.6605889166680251,1.0486162531306809,1.3142057877113702,density1.0000_damping0.015_lm967_bias_summary.pkl,0.15,0.015,0.30790966171408324,0.38706730978399695,0.795493842882053,1.2570807542356934
3.4,0.015,1.0,1.0,967,100,50,50,0.15186528724761855,0.15186528724761855,0.10036906465828224,2.4633257847723704,0.24724170496623188,Peak absolute acceleration,mean,theory_times_residual,success,0.1,Peak absolute acceleration,0.23750665909161464,0.17325951943103635,0.2394114500723554,0.2979764599957038,0.9606253893292468,0.09641707181397528,0.23750665909161056,0.24724170496623332,0.1803611702913809,0.24922457050559904,0.3101900733685218,2.4633257847723704,1.7969796859763487,2.48308152869722,3.0904948095770037,1.0000000000000175,0.7294933122873286,1.008019947684962,1.2546025493995476,density1.0000_damping0.015_lm967_bias_summary.pkl,0.15,0.015,0.24724170496623188,0.3531443434152443,0.7001151500125188,1.4283364671970553
3.45,0.015,1.0,1.0,967,100,50,50,0.13738770911240994,0.13738770911240994,0.11313256654475619,1.9517863031987452,0.22081059382777574,Peak absolute acceleration,mean,theory_times_residual,success,0.1,Peak absolute acceleration,0.21442820274842975,0.15766148286749118,0.1986226105937937,0.29864876699985976,0.9710956301112745,0.10986254099488632,0.21442820274843694,0.22081059382777693,0.1623542295720405,0.20453455296780013,0.30753795788952176,1.9517863031987452,1.4350795224627995,1.8079193216825273,2.7183857600177,0.9999999999999666,0.7352646752930007,0.9262895834034199,1.392768130180286,density1.0000_damping0.015_lm967_bias_summary.pkl,0.15,0.015,0.22081059382777574,0.3441786506709897,0.6415580786236726,1.5587053352133846
3.5,0.015,1.0,1.0,967,100,50,50,0.17027425203895508,0.17027425203895508,0.10199858156113452,2.484785684420275,0.2534446152942809,Peak absolute acceleration,mean,theory_times_residual,success,0.1,Peak absolute acceleration,0.2388100890866509,0.18550617939724853,0.23194301763094727,0.3164354350930487,0.9422574979916812,0.09610892826049408,0.2388100890866551,0.25344461529427836,0.19687418756829708,0.2461567226849438,0.3358269217995041,2.484785684420275,1.930165935202729,2.41333476326245,3.2924665878635193,0.9999999999999823,0.7767937280486311,0.9712446342532202,1.325050529913861,density1.0000_damping0.015_lm967_bias_summary.pkl,0.15,0.015,0.2534446152942809,0.33700519786259975,0.7520495734241115,1.3296995774453308
3.55,0.015,1.0,1.0,967,100,50,50,0.13633511370990292,0.13633511370990292,0.12295714795519483,1.8443110436542431,0.22677122586999457,Peak absolute acceleration,mean,theory_times_residual,success,0.1,Peak absolute acceleration,0.2196763510552715,0.17132886512773515,0.21104742193925582,0.2773242773707165,0.9687135138618004,0.11911025085010263,0.21967635105526995,0.22677122586999565,0.1768622638954714,0.21786360871328206,0.2862810040350902,1.8443110436542431,1.4384057115566686,1.7718661528540807,2.328298995186589,1.000000000000007,0.7799149262299486,0.9607198085976805,1.2624220861213344,density1.0000_damping0.015_lm967_bias_summary.pkl,0.15,0.015,0.22677122586999457,0.33085655035929545,0.6854064869615933,1.4589882340230054
3.6,0.015,1.0,1.0,967,100,50,50,0.13057974180600687,0.13057974180600687,0.13225361604694197,1.6944836946970296,0.22410159595626458,Peak absolute acceleration,mean,theory_times_residual,success,0.1,Peak absolute acceleration,0.21777319710453877,0.16524498699903953,0.2007952989166212,0.3289962503866178,0.9717610272933452,0.1285189097930365,0.21777319710453813,0.22410159595626544,0.17004693783542427,0.2066303270834993,0.3385567450703122,1.6944836946970296,1.2857639958597977,1.5623794135818354,2.5599053938165577,1.0000000000000029,0.7587939617735263,0.9220386236063431,1.5107288443246254,density1.0000_damping0.015_lm967_bias_summary.pkl,0.15,0.015,0.22410159595626458,0.32547764642148097,0.6885314503782,1.4523664815176096
3.65,0.015,1.0,1.0,967,100,50,50,0.15120132925202248,0.15120132925202248,0.12162253167590127,2.004398854272254,0.24378006314486741,Peak absolute acceleration,mean,theory_times_residual,success,0.1,Peak absolute acceleration,0.23222109326875584,0.17251581014418804,0.24355496645142488,0.27612842319455577,0.9525844331690041,0.1158557303970668,0.23222109326875356,0.24378006314486558,0.18110290714102076,0.2556780879162386,0.2898729116073704,2.004398854272254,1.489057205482481,2.102226325937445,2.383381661383464,1.0000000000000098,0.7428946600666135,1.0488063897346072,1.1890755456696926,density1.0000_damping0.015_lm967_bias_summary.pkl,0.15,0.015,0.24378006314486741,0.3207523893479613,0.7600257121714229,1.3157449596579713
3.7,0.015,1.0,1.0,967,100,50,50,0.1410653349978125,0.1410653349978125,0.13330578793518866,1.6320467153945977,0.21756127334271344,Peak absolute acceleration,mean,theory_times_residual,success,0.1,Peak absolute acceleration,0.20864671423640913,0.16374973459799233,0.20560390783629762,0.25656766316589136,0.9590250646664596,0.12784359189495526,0.20864671423641193,0.21756127334270933,0.17074604265420637,0.2143884611689527,0.26752967426886104,1.6320467153945977,1.2808599333828161,1.6082457070295348,2.006887160810565,0.9999999999999866,0.7848181803258687,0.9854164662441481,1.229675071111743,density1.0000_damping0.015_lm967_bias_summary.pkl,0.15,0.015,0.21756127334271344,0.3165987177876083,0.68718305261319,1.4552163302008538
3.75,0.015,1.0,1.0,967,100,50,50,0.13370367888062684,0.13370367888062684,0.14467027338673558,1.562425528912101,0.22603652841412858,Peak absolute acceleration,mean,theory_times_residual,success,0.1,Peak absolute acceleration,0.21772732106420814,0.15518543631897616,0.2215271269805268,0.2600924329927899,0.9632395373959135,0.1393521272119825,0.21772732106420462,0.22603652841413344,0.1611078348574799,0.22998134771275908,0.2700184355969661,1.562425528912101,1.1136208640927887,1.589693185261102,1.866440349325541,1.0000000000000164,0.7127513238139472,1.0174521318580945,1.1945787589794137,density1.0000_damping0.015_lm967_bias_summary.pkl,0.15,0.015,0.22603652841412858,0.3129472259262184,0.7222832148300414,1.3844984619161111
3.8,0.015,1.0,1.0,967,100,50,50,0.1678591100843021,0.1678591100843021,0.12722710187295744,2.000202036935871,0.25447990831973705,Peak absolute acceleration,mean,theory_times_residual,success,0.1,Peak absolute acceleration,0.23746581906507624,0.20101190853520032,0.23678104819265894,0.27755095910064054,0.9331417188610366,0.11872091652743862,0.23746581906507544,0.2544799083197347,0.21541412678510305,0.25374607458518356,0.2974370918057447,2.000202036935871,1.6931465357138034,1.9944341327413393,2.337843803930652,1.0000000000000036,0.8464877569605701,0.997116339205733,1.1688038311929858,density1.0000_damping0.015_lm967_bias_summary.pkl,0.15,0.015,0.25447990831973705,0.3097371798153549,0.8215994878995225,1.2171380517246604
3.85,0.015,1.0,1.0,967,100,50,50,0.13803979992642237,0.13803979992642237,0.15080468822062362,1.4955496067211496,0.22553589216005923,Peak absolute acceleration,mean,theory_times_residual,success,0.1,Peak absolute acceleration,0.2154777914654804,0.17675134553220104,0.2241093255393406,0.27429352737722196,0.9554035475318422,0.14407933411041773,0.21547779146547746,0.2255358921600601,0.18500176808932162,0.23457033011683615,0.287097036729477,1.4955496067211496,1.226764036796176,1.5554578102616052,1.9037673172962633,1.0000000000000138,0.8202763928946203,1.040057650559529,1.2729549783842462,density1.0000_damping0.015_lm967_bias_summary.pkl,0.15,0.015,0.22553589216005923,0.3069152098363981,0.7348475570183857,1.3608264604668123
3.9,0.015,1.0,1.0,967,100,50,50,0.11709075893490672,0.11709075893490672,0.17653404314020307,1.3004800584541238,0.22957900274211412,Peak absolute acceleration,mean,theory_times_residual,success,0.1,Peak absolute acceleration,0.22298277820896586,0.1868864298099654,0.2165472370800437,0.2677352255870412,0.9712681715036722,0.17146189728893246,0.22298277820897178,0.22957900274211016,0.19241486058442184,0.22295308693663393,0.2756553065797946,1.3004800584541238,1.0899589516091779,1.262946698385924,1.5614852618589508,0.9999999999999737,0.8381204652263409,0.971138842288094,1.20069912007343,density1.0000_damping0.015_lm967_bias_summary.pkl,0.15,0.015,0.22957900274211412,0.3044343997601507,0.7541164957803139,1.3260550665520643
4.0,0.015,1.0,1.0,967,100,50,50,0.13966291580574705,0.13966291580574705,0.1572715724377791,1.508338620917372,0.23721878668030627,Peak absolute acceleration,mean,theory_times_residual,success,0.1,Peak absolute acceleration,0.22472782887074286,0.20502738123541914,0.21807233157123307,0.2555349348006911,0.9473441459491062,0.1489903034731441,0.2247278288707442,0.23721878668031146,0.21642333687512302,0.23019335951324754,0.26973823176442485,1.508338620917372,1.376112246609229,1.463667946756959,1.7151111773307581,0.9999999999999942,0.9123364127428291,0.970384187250173,1.1370862971655644,density1.0000_damping0.015_lm967_bias_summary.pkl,0.15,0.015,0.23721878668030627,0.3003362684421567,0.7898439569445209,1.2660728631367306
4.1,0.015,1.0,1.0,967,100,50,50,0.12783764207110662,0.12783764207110662,0.1551313235179148,1.4581231201496934,0.22620056948089345,Peak absolute acceleration,mean,theory_times_residual,success,0.1,Peak absolute acceleration,0.21544908330408893,0.1870378128188161,0.2066816178817849,0.2722822619273714,0.9524692347084704,0.14775781299042193,0.21544908330408655,0.2262005694808957,0.1963715005199766,0.21699558405689137,0.28586987590282736,1.4581231201496934,1.2658404251756243,1.3987863903696423,1.8427605039404686,1.0000000000000109,0.8681300006035739,0.959306090850583,1.2637893731163854,density1.0000_damping0.015_lm967_bias_summary.pkl,0.15,0.015,0.22620056948089345,0.2971691221277253,0.7611846340605785,1.3137417063524517
4.2,0.015,1.0,1.0,967,100,50,50,0.16232397523962896,0.16232397523962896,0.07323256519144897,,0.24518278526043868,Peak absolute acceleration,mean,direct_code_bias,success,0.1,Peak absolute acceleration,0.225443069367359,0.1878847864444766,0.22383985165690717,0.28429767540062667,0.9194897966751142,0.06733659647788347,0.22544306936735664,0.24518278526043868,0.20433591228947853,0.2434391903709151,0.30919067990602006,3.3480021438476655,2.7902328937309275,3.324193133676229,4.2220380932678045,1.0000000000000104,0.8334023617214007,0.9928885917187498,1.2610619443677251,density1.0000_damping0.015_lm967_bias_summary.pkl,0.15,0.015,0.24518278526043868,0.2947214661111947,0.8319135640019409,1.2020479569890477
4.25,0.015,1.0,1.0,967,100,50,50,0.15405129614434154,0.15405129614434154,0.0725076398945065,,0.26419067789837075,Peak absolute acceleration,mean,direct_code_bias,success,0.1,Peak absolute acceleration,0.21350209957218816,0.17771568788468692,0.21634080153916366,0.23928617615195485,0.8081363856991143,0.05859606203991926,0.21350209957219066,0.26419067789837075,0.21990803907554052,0.2677033299917667,0.29609627828469787,3.6436253928930813,3.0328947321343196,3.6920706615365884,4.083656270090954,0.9999999999999885,0.8323837950108616,1.0132958971956767,1.1207673209370286,density1.0000_damping0.015_lm967_bias_summary.pkl,0.15,0.015,0.26419067789837075,0.2937148093486832,0.8994802764089911,1.1117531159130067
4.3,0.015,1.0,1.0,967,100,50,50,0.15622462399787504,0.15622462399787504,0.057419516423735426,,0.3035711948642,Peak absolute acceleration,mean,direct_code_bias,success,0.1,Peak absolute acceleration,0.20930456715175497,0.18233183124531285,0.20028112253603136,0.2543620330760034,0.689474399062749,0.039589286580728876,0.20930456715175344,0.3035711948642,0.26445047342318917,0.29048376967772493,0.3689216502045262,5.286899189884353,4.605585171975988,5.058972763442609,6.425021894681496,1.0000000000000073,0.8711316419250212,0.9568884485488569,1.2152722539092118,density1.0000_damping0.015_lm967_bias_summary.pkl,0.15,0.015,0.3035711948642,0.29282985158490665,1.0366811758472003,0.9646167243104262
4.35,0.015,1.0,1.0,967,100,50,50,0.1579902424612118,0.1579902424612118,0.03814674001734715,,0.3525153959773229,Peak absolute acceleration,mean,direct_code_bias,success,0.1,Peak absolute acceleration,0.20161447831960086,0.18184760704476374,0.19825160590113,0.22514350760326543,0.5719309869024009,0.021817302665230676,0.20161447831959978,0.3525153959773229,0.31795375877368887,0.3466355389744975,0.39365502614686243,9.241035952666389,8.33501784501375,9.08689808924342,10.319493250743008,1.0000000000000056,0.9019570844336807,0.9833202831140979,1.1167030735082792,density1.0000_damping0.015_lm967_bias_summary.pkl,0.15,0.015,0.3525153959773229,0.29205188011257044,1.2070300517889114,0.8284797868271204
4.4,0.015,1.0,1.0,967,100,50,50,0.11872977521457106,0.11872977521457106,0.07298631543225692,,0.4013444585975044,Peak absolute acceleration,mean,direct_code_bias,success,0.1,Peak absolute acceleration,0.1895564835030484,0.1600937453751445,0.1865010822701011,0.22220088285064074,0.4723037267424901,0.03447170877985728,0.18955648350304877,0.4013444585975044,0.33896354466504347,0.39487531372325035,0.4704618453535712,5.498900118749297,4.644206830521018,5.410265080304883,6.44589115873706,0.9999999999999979,0.8445701377055226,0.98388131507568,1.1722146282960926,density1.0000_damping0.015_lm967_bias_summary.pkl,0.15,0.015,0.4013444585975044,0.2913679609058659,1.377448836000086,0.725979777879703
1.5,0.02,1.0,1.0,1450,100,50,50,0.09577223929194399,0.09577223929194399,0.5493084352421479,0.4088918891560869,0.22460776381553585,Peak absolute acceleration,mean,theory_times_residual,success,0.1,Peak absolute acceleration,0.2589947942079924,0.19510181786211736,0.2616620665101824,0.3232361789310317,1.1530981378751504,0.6334065337968247,0.25899479420798455,0.22460776381553274,0.16919792986712956,0.22692089937145785,0.2803197475686406,0.4088918891560869,0.3080199010462046,0.41310288503293957,0.5103139321810578,1.0000000000000304,0.7533040131510974,1.0102985556538095,1.2480412199770254,density1.0000_damping0.020_lm1450_bias_summary.pkl,0.1,0.02,0.22460776381553585,0.2880449811764827,0.7797662812876001,1.2824355502379075
1.6,0.02,1.0,1.0,1450,100,50,50,0.09073221513507355,0.09073221513507355,0.5998209290739018,0.3053081265642315,0.18313020412956976,Peak absolute acceleration,mean,theory_times_residual,success,0.1,Peak absolute acceleration,0.2969721622541222,0.24947399892317706,0.29067247626517323,0.35946946453003786,1.6216449037756082,0.9726965528107042,0.2969721622541264,0.18313020412958123,0.15384009060327397,0.17924545354436883,0.221669653876197,0.3053081265642315,0.2564766968714929,0.29883160932897934,0.36955971879546073,0.9999999999999859,0.840058532859036,0.9787869477693254,1.2104483524702592,density1.0000_damping0.020_lm1450_bias_summary.pkl,0.1,0.02,0.18313020412956976,0.2880475368676021,0.6357638260720173,1.5729111330198724
1.7,0.02,1.0,1.0,1450,100,50,50,0.06623746936216222,0.06623746936216222,0.6830118612796846,0.2588549825573802,0.17680102343803655,Peak absolute acceleration,mean,theory_times_residual,success,0.1,Peak absolute acceleration,0.37704515264037614,0.2849034230240119,0.37732241420236645,0.47381005541503185,2.132595984505321,1.4565883527345151,0.3770451526403963,0.17680102343803097,0.13359465416516686,0.1769310347313115,0.22217525441179017,0.2588549825573802,0.1955963896657217,0.25904533253613005,0.3252875491730578,0.9999999999999463,0.7556214979263669,1.0007353537368893,1.2566400922993015,density1.0000_damping0.020_lm1450_bias_summary.pkl,0.1,0.02,0.17680102343803655,0.28830282244512184,0.6132476329526082,1.6306626332746503
1.75,0.02,1.0,1.0,1450,100,50,50,0.08532740636164497,0.08532740636164497,0.6843866914664716,0.2987032569865227,0.2044285337792655,Peak absolute acceleration,mean,theory_times_residual,success,0.1,Peak absolute acceleration,0.4282594690334181,0.3567407988310556,0.42767709126026787,0.5257576625948288,2.094910436993363,1.4337288228924163,0.42825946903345896,0.20442853377925815,0.1702892842249875,0.20415053727741908,0.250969040638034,0.2987032569865227,0.24882027419338879,0.2982970589915801,0.36670648884226303,0.9999999999999049,0.8330015437514685,0.9986401286712808,1.227661501055456,density1.0000_damping0.020_lm1450_bias_summary.pkl,0.1,0.02,0.2044285337792655,0.2891837776976723,0.706915634780061,1.4145959585559733
1.8,0.02,1.0,1.0,1450,100,50,50,0.09908251978299121,0.09908251978299121,0.6873953621800143,0.34295164330518196,0.23574336905999663,Peak absolute acceleration,mean,theory_times_residual,success,0.1,Peak absolute acceleration,0.4876356217685324,0.4616022713387538,0.47424489171570083,0.5375288000968697,2.068501963439908,1.4218786563288188,0.487635621768506,0.23574336905999202,0.22315776320130323,0.22926973244300625,0.2598638094609115,0.34295164330518196,0.3246425208537663,0.33353401122157966,0.3780412609081056,1.0000000000000542,0.9466131076820493,0.9725394752658942,1.1023165168849156,density1.0000_damping0.020_lm1450_bias_summary.pkl,0.1,0.02,0.23574336905999663,0.2918778686109412,0.8076781229831566,1.2381169819315614
1.85,0.02,1.0,1.0,1450,100,50,50,0.09578641045061533,0.09578641045061533,0.6921008177927266,0.4171598457011311,0.2887166703600405,Peak absolute acceleration,mean,theory_times_residual,success,0.1,Peak absolute acceleration,0.5989476659241777,0.5215532488554501,0.5738480632744112,0.7345603106263292,2.0745170868634037,1.4357749723430624,0.5989476659241801,0.2887166703600235,0.2514094736351486,0.2766176605187905,0.35408737545611557,0.4171598457011311,0.36325556504465295,0.39967827433148534,0.5116124217067173,0.9999999999999959,0.8707826718895215,0.9580938300994294,1.2264181871264126,density1.0000_damping0.020_lm1450_bias_summary.pkl,0.1,0.02,0.2887166703600405,0.2987396120301824,0.9664492378428529,1.034715493420047
1.9,0.02,1.0,1.0,1450,100,50,50,0.10717333471436148,0.10717333471436148,0.6513882207407625,0.4959914734439585,0.3230830033892493,Peak absolute acceleration,mean,theory_times_residual,success,0.1,Peak absolute acceleration,0.6632681544640978,0.5322277294155309,0.6324720049088008,0.8299313188956811,2.052934222804022,1.3372571706901324,0.6632681544641179,0.3230830033892494,0.2592522076467613,0.3080819628234032,0.4042659086086599,0.4959914734439585,0.39799953298501173,0.4729621338148401,0.6206220741126178,0.9999999999999698,0.8024322075971518,0.9535690816029023,1.2512756919050596,density1.0000_damping0.020_lm1450_bias_summary.pkl,0.1,0.02,0.3230830033892493,0.3140583437884852,1.0287356148284101,0.9720670555055748
1.95,0.02,1.0,1.0,1450,100,50,50,0.10332717605180182,0.10332717605180182,0.6346184120360593,0.5492097756885398,0.34853863572214144,Peak absolute acceleration,mean,theory_times_residual,success,0.1,Peak absolute acceleration,0.7179311046027571,0.5757497184528033,0.740993928533118,0.8096858846780584,2.0598321994213182,1.3072074394573414,0.7179311046028287,0.34853863572209903,0.27951292275873363,0.3597350933446376,0.3930834195647241,0.5492097756885398,0.44044250443664335,0.5668525944441729,0.6194012214420856,0.9999999999999001,0.8019567821501723,1.03212400714,1.1278044362292812,density1.0000_damping0.020_lm1450_bias_summary.pkl,0.1,0.02,0.34853863572214144,0.3450219971629742,1.0101925053708136,0.989910333607977
2.0,0.02,1.0,1.0,1450,100,50,50,0.1111561094153871,0.1111561094153871,0.6009946037063705,0.6117502947963167,0.3676586259883677,Peak absolute acceleration,mean,theory_times_residual,success,0.1,Peak absolute acceleration,0.7518684301216108,0.5887765666570971,0.7183347852790236,0.9815244887794695,2.0450177881734874,1.2290446551757637,0.751868430121574,0.3676586259883558,0.2879077972143041,0.3512608982832399,0.47995890033607996,0.6117502947963167,0.4790522168398325,0.5844659770936441,0.7986076703121119,1.000000000000049,0.7830845704771703,0.9553995838911229,1.305447136037832,density1.0000_damping0.020_lm1450_bias_summary.pkl,0.1,0.02,0.3676586259883677,0.40293708903548553,0.9124467218156903,1.0959544005047608
2.05,0.02,1.0,1.0,1450,100,50,50,0.09243873021067406,0.09243873021067406,0.6121658564566751,0.7051199749394842,0.4316503733635386,Peak absolute acceleration,mean,theory_times_residual,success,0.1,Peak absolute acceleration,0.8977194337796544,0.7264410374320571,0.8749368947721944,1.1754992689650383,2.0797374198575715,1.2731442388321215,0.8977194337797016,0.4316503733635439,0.3492945938732047,0.4206958467055487,0.5652152323371386,0.7051199749394842,0.5705881668980687,0.6872252711717801,0.9233040790753964,0.9999999999999473,0.8092072089533534,0.9746217602624629,1.3094283411196634,density1.0000_damping0.020_lm1450_bias_summary.pkl,0.1,0.02,0.4316503733635386,0.5047284688806579,0.8552130501392002,1.1692992755865694
2.1,0.02,1.0,1.0,1450,100,50,50,0.09601052735465083,0.09601052735465083,0.583226409891909,0.749479887414218,0.43711646402278653,Peak absolute acceleration,mean,theory_times_residual,success,0.1,Peak absolute acceleration,0.9059643584687397,0.7126736723719691,0.9321023033128576,1.0845564136931107,2.072592622412816,1.208790754338197,0.9059643584687764,0.43711646402275517,0.34385612718350195,0.4497276952707413,0.5232848954323308,0.749479887414218,0.5895757142534996,0.7711031044601064,0.8972242795544018,0.9999999999999595,0.7866464786501102,1.0288509637269379,1.1971292287107005,density1.0000_damping0.020_lm1450_bias_summary.pkl,0.1,0.02,0.43711646402278653,0.6747413824538804,0.6478281537039807,1.5436192364941592
2.15,0.02,1.0,1.0,1450,100,50,50,0.07616467109673808,0.07616467109673808,0.8135361168308044,0.6947137366500574,0.5651747156233058,Peak absolute acceleration,mean,theory_times_residual,success,0.1,Peak absolute acceleration,0.8945685301784562,0.6929943439283598,0.8909861301655264,1.0801100581709926,1.5828176764629311,1.2876793461607767,0.8945685301784319,0.5651747156232916,0.43782322767393567,0.5629114100851986,0.6823970152928024,0.6947137366500574,0.5381730676930762,0.6919316775733078,0.8388035898776717,1.000000000000027,0.7746688158034513,0.9959953878411183,1.2074089594405388,density1.0000_damping0.020_lm1450_bias_summary.pkl,0.1,0.02,0.5651747156233058,0.946867548719153,0.5968888852383255,1.6753536960245918
2.2,0.02,1.0,1.0,1450,100,50,50,0.08980322131273583,0.08980322131273583,1.0939236002168111,0.7405295225291594,0.8100827213519342,Peak absolute acceleration,mean,theory_times_residual,success,0.1,Peak absolute acceleration,0.8439302496630452,0.6603938438635222,0.8142792090446531,1.0601549516759994,1.0417828049148243,1.1396307965963832,0.8439302496629943,0.8100827213519276,0.6339074140482821,0.7816208956445851,1.017635294683787,0.7405295225291594,0.5794805175815289,0.7145114114821889,0.9302617609512256,1.0000000000000602,0.7825218305982473,0.9648655316832383,1.256211579214455,density1.0000_damping0.020_lm1450_bias_summary.pkl,0.1,0.02,0.8100827213519342,1.3670162097432603,0.5925918914334781,1.6875019966625986
2.25,0.02,1.0,1.0,1450,100,50,50,0.07459714476682856,0.07459714476682856,1.8763376055896872,0.8269900822147895,1.5517125907093168,Peak absolute acceleration,mean,theory_times_residual,success,0.1,Peak absolute acceleration,0.8195260076694729,0.6323180828481036,0.8189140440049225,1.0618633265455555,0.5281429129184594,0.9909744086345911,0.8195260076694864,1.5517125907093268,1.1972480693795242,1.5505538822431488,2.0105605898937773,0.8269900822147895,0.6380771060670879,0.8263725449108812,1.07153455961455,0.9999999999999837,0.7715656085720182,0.9992532712094103,1.2957042444146611,density1.0000_damping0.020_lm1450_bias_summary.pkl,0.1,0.02,1.5517125907093168,1.995950464481873,0.7774304113865367,1.2862887601946227
2.3,0.02,1.0,1.0,1450,100,50,50,0.07953683295608709,0.07953683295608709,1.426604350346573,1.0586527063311,1.5102785563581202,Peak absolute acceleration,mean,theory_times_residual,success,0.1,Peak absolute acceleration,0.7938087241134127,0.5113260981625167,0.8799361607205604,0.9703682665239765,0.525604181276082,0.7498292115687883,0.7938087241133885,1.5102785563580818,0.9728349133774005,1.6741422387170086,1.8461958658092847,1.0586527063311,0.6819234170574966,1.173515444776502,1.2941190494483106,1.0000000000000304,0.6441427041931556,1.1084989796545361,1.2224207633996322,density1.0000_damping0.020_lm1450_bias_summary.pkl,0.1,0.02,1.5102785563581202,1.8095955992181156,0.834594512172069,1.1981866468274351
2.35,0.02,1.0,1.0,1450,100,50,50,0.0973595923275815,0.0973595923275815,1.1367196716326715,1.3421867494535997,1.5256900811086187,Peak absolute acceleration,mean,theory_times_residual,success,0.1,Peak absolute acceleration,0.7886785937720258,0.5977579020865947,0.7431244821321097,1.106126946102583,0.5169323727915301,0.5876071970559197,0.7886785937720078,1.5256900811087064,1.1563560990746078,1.4375661522591447,2.139790433571211,1.3421867494535997,1.017274643812283,1.2646619814314328,1.8824257967645663,1.0000000000000224,0.757923324922136,0.9422399542733539,1.4025066165575983,density1.0000_damping0.020_lm1450_bias_summary.pkl,0.1,0.02,1.5256900811086187,1.6445083011644366,0.9277484826487945,1.0778783460199732
2.4,0.02,1.0,1.0,1450,100,50,50,0.10739614476314224,0.10739614476314224,0.8056771056691818,1.8834871337132968,1.5174824624552723,Peak absolute acceleration,mean,theory_times_residual,success,0.1,Peak absolute acceleration,0.777089762454458,0.62079974190191,0.7556418924345731,0.9733008839089897,0.5120914288505782,0.41258034023435286,0.7770897624544362,1.5174824624553578,1.2122830161311906,1.4755995704334661,1.9006388880470533,1.8834871337132968,1.504676014250424,1.831502422062465,2.3590578343023756,1.0000000000000282,0.7988777769264589,0.9723997521829139,1.2524947965275224,density1.0000_damping0.020_lm1450_bias_summary.pkl,0.1,0.02,1.5174824624552723,1.4982614299627515,1.012828890945315,0.9873336048566773
2.45,0.02,1.0,1.0,1450,100,50,50,0.09531825744042145,0.09531825744042145,0.4183752090669268,2.959075075290285,1.2380036532693053,Peak absolute acceleration,mean,theory_times_residual,success,0.1,Peak absolute acceleration,0.6407806422402823,0.4741513916143193,0.6317531187192191,0.809715740009746,0.5175918831483941,0.2165476123235642,0.640780642240283,1.2380036532693652,0.9160719227862768,1.2205622601274349,1.56439033603933,2.959075075290285,2.1895941798972367,2.917386675108,3.7392041931170006,0.999999999999999,0.7399589818390921,0.9859116787774642,1.2636395150434567,density1.0000_damping0.020_lm1450_bias_summary.pkl,0.1,0.02,1.2380036532693053,1.3687048403732118,0.9045073976152017,1.1055741529992682
2.5,0.02,1.0,1.0,1450,100,50,50,0.08720296784616309,0.08720296784616309,0.415615408399445,2.6247636886914303,1.0908922324275225,Peak absolute acceleration,mean,theory_times_residual,success,0.1,Peak absolute acceleration,0.5678226348295293,0.4242582205112965,0.5786620367302402,0.7052738491831932,0.520512125717488,0.21633285970693075,0.5678226348295461,1.0908922324274912,0.8150784574451316,1.1117167269304185,1.3549614203723395,2.6247636886914303,1.961136283623511,2.674868891920358,3.2601327886047358,0.9999999999999706,0.7471667990809384,1.019089414961325,1.2420671630938214,density1.0000_damping0.020_lm1450_bias_summary.pkl,0.1,0.02,1.0908922324275225,1.2539337724068889,0.8699759560136536,1.1494570546318366
2.55,0.02,1.0,1.0,1450,100,50,50,0.10347063714266236,0.10347063714266236,0.3597520707087723,2.9394740091385914,1.057481861582225,Peak absolute acceleration,mean,theory_times_residual,success,0.1,Peak absolute acceleration,0.5429336914850426,0.37725085589799356,0.5308551416263427,0.7170267015262105,0.5134212805056445,0.18470436880785635,0.5429336914850214,1.0574818615822323,0.7347783783454728,1.0339562495413679,1.3965659951220655,2.9394740091385914,2.042457676193024,2.8740800504755737,3.8820235068295363,1.0000000000000389,0.6948378076632978,0.9777531767725787,1.3206524346739532,density1.0000_damping0.020_lm1450_bias_summary.pkl,0.1,0.02,1.057481861582225,1.1522608789602033,0.9177451746314033,1.0896270856468102
2.6,0.02,1.0,1.0,1450,100,50,50,0.09261590432567224,0.09261590432567224,0.36032895374305013,2.5965132150005537,0.9355988901411528,Peak absolute acceleration,mean,theory_times_residual,success,0.1,Peak absolute acceleration,0.48494614346640735,0.31451800861527157,0.4811860504758736,0.6558476874980047,0.518326975989909,0.18676821695525397,0.4849461434663816,0.9355988901412079,0.6067945972030496,0.9283446024720148,1.2653165238900725,2.5965132150005537,1.684001773656296,2.5763808121119256,3.511559398005781,1.000000000000053,0.6485627586748202,0.9922463699502155,1.3524134511309311,density1.0000_damping0.020_lm1450_bias_summary.pkl,0.1,0.02,0.9355988901411528,1.0621918176396505,0.8808191464139156,1.1353068380397489
2.65,0.02,1.0,1.0,1450,100,50,50,0.10577229989774423,0.10577229989774423,0.31787076211460824,2.5499716383059208,0.8105614280389392,Peak absolute acceleration,mean,theory_times_residual,success,0.1,Peak absolute acceleration,0.4149723125031601,0.2568390025082337,0.37220226654692945,0.6767106419265476,0.5119566489946832,0.16273605018558085,0.41497231250318367,0.8105614280389388,0.501681154083226,0.7270191085081401,1.3218123902783327,2.5499716383059208,1.5782551082894034,2.2871531300070123,4.158332718256593,0.9999999999999432,0.618930455766885,0.8969327719763807,1.6307368504768758,density1.0000_damping0.020_lm1450_bias_summary.pkl,0.1,0.02,0.8105614280389392,0.9824070766970984,0.8250769434235359,1.212008174474722
2.7,0.02,1.0,1.0,1450,100,50,50,0.07872195276583176,0.07872195276583176,0.35112893321309185,1.6984132842524204,0.5963620446544962,Peak absolute acceleration,mean,theory_times_residual,success,0.1,Peak absolute acceleration,0.3128347735476407,0.21389080327110258,0.2919185304453835,0.46683840125891995,0.5245719045196263,0.18419237322754403,0.31283477354762373,0.5963620446545213,0.40774353606865743,0.5564890683817811,0.8899416786082444,1.6984132842524204,1.1612359378575914,1.5848567740899826,2.534515371503499,1.0000000000000542,0.6837181200974813,0.9331396479200671,1.4922842367069906,density1.0000_damping0.020_lm1450_bias_summary.pkl,0.1,0.02,0.5963620446544962,0.9117694278029013,0.6540711132326374,1.5288857431078418
2.75,0.02,1.0,1.0,1450,100,50,50,0.10247003022310168,0.10247003022310168,0.2849338734174244,2.1712767779612587,0.6186703026058064,Peak absolute acceleration,mean,theory_times_residual,success,0.1,Peak absolute acceleration,0.3174022658675717,0.1934449227599949,0.2810654610939012,0.4922474485439573,0.5130394404429663,0.1461823149813262,0.3174022658675702,0.6186703026058223,0.3770566305642535,0.5478437697718228,0.9594729171678167,2.1712767779612587,1.3233127604026942,1.9227049532619964,3.3673529428429054,1.0000000000000047,0.6094629546239785,0.8855181305201211,1.5508630576359457,density1.0000_damping0.020_lm1450_bias_summary.pkl,0.1,0.02,0.6186703026058064,0.8494454110231565,0.7283226144698589,1.3730179183408961
2.8,0.02,1.0,1.0,1450,100,50,50,0.10115017761014104,0.10115017761014104,0.26941381004304693,2.1351762975473245,0.5752459814358312,Peak absolute acceleration,mean,theory_times_residual,success,0.1,Peak absolute acceleration,0.29532210664416003,0.1903891433614301,0.28156222480093873,0.3998874746506845,0.5133840412183686,0.13831275055994033,0.29532210664416564,0.5752459814358436,0.37085130832971847,0.5484436643817993,0.7789246305780508,2.1351762975473245,1.3765118732052222,2.035692469863208,2.8911830111959644,0.999999999999981,0.6446830057013999,0.9534072067967256,1.3540722677171946,density1.0000_damping0.020_lm1450_bias_summary.pkl,0.1,0.02,0.5752459814358312,0.7953885780833032,0.7232263541199271,1.3826929761386417
2.85,0.02,1.0,1.0,1450,100,50,50,0.08909881868451854,0.08909881868451854,0.2767891645593228,1.7077329470841833,0.4726819757138613,Peak absolute acceleration,mean,theory_times_residual,success,0.1,Peak absolute acceleration,0.24523910483580744,0.1422388403457457,0.24288774889747922,0.3637063923969962,0.5188247435613089,0.14360506732304573,0.2452391048358043,0.4726819757138814,0.2741558534186168,0.46814989437522353,0.7010197507166839,1.7077329470841833,0.9904862202792143,1.6913591799034002,2.5326849475222426,1.0000000000000127,0.580000650552771,0.9904119861312519,1.4830685042685574,density1.0000_damping0.020_lm1450_bias_summary.pkl,0.1,0.02,0.4726819757138613,0.7514531993082684,0.6290238382762665,1.589764869230304
2.9,0.02,1.0,1.0,1450,100,50,50,0.10138469979764407,0.10138469979764407,0.2389063580086384,2.1034416770380067,0.5025255903447328,Peak absolute acceleration,mean,theory_times_residual,success,0.1,Peak absolute acceleration,0.25767542297383733,0.15011046961737937,0.24548041645582902,0.39559362276258825,0.5127607985039515,0.12250181490018153,0.25767542297384477,0.5025255903447378,0.29274950436021396,0.4787425582689845,0.7714973997949643,2.1034416770380067,1.2253734341788673,2.003892078299856,3.2292878524692132,0.9999999999999715,0.5825564110265039,0.9526729931117506,1.5352400248227898,density1.0000_damping0.020_lm1450_bias_summary.pkl,0.1,0.02,0.5025255903447328,0.7224134352574809,0.6956204934998329,1.4375654675852527
2.95,0.02,1.0,1.0,1450,100,50,50,0.10267454537378805,0.10267454537378805,0.22435614802599277,2.148847730446218,0.48210719949731035,Peak absolute acceleration,mean,theory_times_residual,success,0.1,Peak absolute acceleration,0.24677522012664452,0.15692819988624834,0.21760710612006962,0.3937243147045111,0.5118679422003029,0.11484071981005398,0.2467752201266423,0.48210719949732095,0.30657946503092315,0.42512352929286623,0.7691911960965117,2.148847730446218,1.3664856868348343,1.8948601722454437,3.4284382347631506,1.000000000000009,0.6359155502149468,0.881802905528343,1.5954775139191695,density1.0000_damping0.020_lm1450_bias_summary.pkl,0.1,0.02,0.48210719949731035,0.713868706306587,0.6753443528735701,1.4807260855073991
3.0,0.02,1.0,1.0,1450,100,50,50,0.07738419238121774,0.07738419238121774,0.461761773201288,0.7050394957740941,0.32556028774558765,Peak absolute acceleration,mean,theory_times_residual,success,0.1,Peak absolute acceleration,0.1704133582974051,0.1258649054169522,0.16033081140911226,0.23531315629614724,0.5234463929168603,0.24170753456911045,0.17041335829739732,0.32556028774559165,0.2404542415806531,0.3062984358640481,0.44954585508725114,0.7050394957740941,0.520732237997174,0.6633256662641169,0.9735449774688969,1.0000000000000455,0.7385859106027283,0.9408347620807433,1.3808375038621672,density1.0000_damping0.020_lm1450_bias_summary.pkl,0.1,0.02,0.32556028774558765,0.7244024436097003,0.4494190910280952,2.2250946165024645
3.1,0.02,1.0,1.0,1450,100,50,50,0.08930524690704801,0.08930524690704801,0.3184100560501395,1.6221303594240082,0.5165026186648314,Peak absolute acceleration,mean,theory_times_residual,success,0.1,Peak absolute acceleration,0.17807697518458154,0.11323199506138969,0.1705342936244511,0.25536505385369673,0.34477458341820566,0.10977969443085557,0.17807697518458335,0.5165026186648372,0.3284232669901923,0.4946254794472362,0.7406725035294823,1.6221303594240082,1.0314475336120428,1.5534229213204966,2.326159269959871,0.9999999999999901,0.6358598294025409,0.9576437012572008,1.43401500159693,density1.0000_damping0.020_lm1450_bias_summary.pkl,0.1,0.02,0.5165026186648314,0.7297193026677502,0.7078099986893125,1.41280852467716
3.2,0.02,1.0,1.0,1450,100,50,50,0.11183370037855846,0.11183370037855846,0.21363337453650907,2.221900494679172,0.47467210056265036,Peak absolute acceleration,mean,theory_times_residual,success,0.1,Peak absolute acceleration,0.1867903256684804,0.13988280600687944,0.19392455468058684,0.22566875532186467,0.39351443964596083,0.08406781767040908,0.1867903256684789,0.4746721005626449,0.35547057976507784,0.4928016233789488,0.5734700752655876,2.221900494679172,1.6639281223558702,2.3067632782008816,2.6843655702662246,1.0000000000000078,0.74887607538705,1.038193782181043,1.2081394178967726,density1.0000_damping0.020_lm1450_bias_summary.pkl,0.1,0.02,0.47467210056265036,0.6225359164846286,0.7624814697327981,1.311507282072632
3.3,0.02,1.0,1.0,1450,100,50,50,0.10030625577850615,0.10030625577850615,0.13211060311116282,2.8075067715496496,0.3709014128280978,Peak absolute acceleration,mean,theory_times_residual,success,0.1,Peak absolute acceleration,0.16828558817911368,0.12433894203476886,0.16317743129304768,0.2223285579779921,0.45372053693714026,0.05994129377868809,0.16828558817910602,0.3709014128281094,0.274043010867712,0.3596430357651074,0.4900121107120926,2.8075067715496496,2.0743453168336035,2.722287441701247,3.7091050920399082,1.0000000000000457,0.7388567457270029,0.969645904076933,1.3211384313038632,density1.0000_damping0.020_lm1450_bias_summary.pkl,0.1,0.02,0.3709014128280978,0.5126677290563539,0.7234732982136745,1.3822210197240763
3.4,0.02,1.0,1.0,1450,100,50,50,0.09202569491440517,0.09202569491440517,0.1912289106378534,1.541057281352357,0.29469470514354323,Peak absolute acceleration,mean,theory_times_residual,success,0.1,Peak absolute acceleration,0.1512982557315465,0.11396274265527644,0.1461795674789822,0.19104653737404437,0.5134067667006424,0.09817821671026693,0.1512982557315474,0.29469470514354473,0.22197358906593045,0.28472466075659786,0.37211534745010466,1.541057281352357,1.160774217274603,1.4889205811343238,1.9459157415523296,0.9999999999999941,0.7532323628203859,0.9661682269381386,1.262714738185901,density1.0000_damping0.020_lm1450_bias_summary.pkl,0.1,0.02,0.29469470514354323,0.4653834932921801,0.6332298188292733,1.5792054800085256
3.45,0.02,1.0,1.0,1450,100,50,50,0.09290081094460571,0.09290081094460571,0.19554633383845904,1.5076007810481353,0.29480580562596026,Peak absolute acceleration,mean,theory_times_residual,success,0.1,Peak absolute acceleration,0.1510911214203958,0.11900698343775828,0.1537735553103148,0.17915867035819455,0.5125106715574458,0.10021958287614584,0.1510911214203976,0.29480580562596237,0.2322039130933865,0.30003971398882134,0.3495706144298562,1.5076007810481353,1.1874623703516152,1.5343663473470297,1.7876613054716446,0.999999999999988,0.7876504080384177,1.017753749291817,1.1857657066407066,density1.0000_damping0.020_lm1450_bias_summary.pkl,0.1,0.02,0.29480580562596026,0.4524894495842787,0.651519733546953,1.5348729263438665
3.5,0.02,1.0,1.0,1450,100,50,50,0.08375383703406297,0.08375383703406297,0.2232454893896244,1.296547386268129,0.28944835576426686,Peak absolute acceleration,mean,theory_times_residual,success,0.1,Peak absolute acceleration,0.14944393958183547,0.11316014304023685,0.14700905988296725,0.19398215495699442,0.5163060580780867,0.11526299861047279,0.14944393958183438,0.2894483557642731,0.21917260367129449,0.2847323938638222,0.3757115608503209,1.296547386268129,0.981756022352477,1.2754228300079125,1.6829525285260902,1.0000000000000073,0.7572079761606606,0.9837070696497947,1.2980262398046005,density1.0000_damping0.020_lm1450_bias_summary.pkl,0.1,0.02,0.28944835576426686,0.44202647847646664,0.6548213056419404,1.52713418360705
3.55,0.02,1.0,1.0,1450,100,50,50,0.09452630005977551,0.09452630005977551,0.20551346130393217,1.5081322166554705,0.3099414719488375,Peak absolute acceleration,mean,theory_times_residual,success,0.1,Peak absolute acceleration,0.15829344740783075,0.13937393320492236,0.15302218241648793,0.18691197684838814,0.5107204480011052,0.10495992702740103,0.15829344740782825,0.30994147194883453,0.2728967162963891,0.2996202384599976,0.3659770772443865,1.5081322166554705,1.3278775733955792,1.457910525952821,1.78079370043381,1.0000000000000158,0.8804782224866105,0.9666994112664729,1.1807941510480022,density1.0000_damping0.020_lm1450_bias_summary.pkl,0.1,0.02,0.3099414719488375,0.43297090208476896,0.7158482716886149,1.3969440725771611
3.6,0.02,1.0,1.0,1450,100,50,50,0.09777861610456808,0.09777861610456808,0.20502585355951425,1.4427328905606875,0.29579754234559025,Peak absolute acceleration,mean,theory_times_residual,success,0.1,Peak absolute acceleration,0.15046486034498066,0.10629540429663152,0.15498607109967436,0.1905956541648685,0.5086751537955216,0.10429155759144416,0.1504648603449804,0.2957975423455907,0.20896519812988623,0.3046857507059918,0.37469031609411885,1.4427328905606875,1.0192138918189075,1.4860845372242197,1.8275271610336419,1.0000000000000016,0.706446701594786,1.0300482833289306,1.2667120663780078,density1.0000_damping0.020_lm1450_bias_summary.pkl,0.1,0.02,0.29579754234559025,0.42498451755676697,0.6960195727743889,1.4367412054432935
3.65,0.02,1.0,1.0,1450,100,50,50,0.07575211030171268,0.07575211030171268,0.2651215943243842,1.052252377458401,0.27897482794339495,Peak absolute acceleration,mean,theory_times_residual,success,0.1,Peak absolute acceleration,0.14465298915050806,0.11908747280944916,0.13569630822695833,0.18043966038419884,0.5185162769590689,0.1374698620305343,0.14465298915050523,0.27897482794339895,0.22966969042487706,0.2617011543451896,0.34799227797132887,1.052252377458401,0.8662805872533567,0.9870985990865255,1.3125761364634254,1.0000000000000198,0.8232631313656696,0.9380816049765288,1.2473966935896437,density1.0000_damping0.020_lm1450_bias_summary.pkl,0.1,0.02,0.27897482794339495,0.4179141278307535,0.667541031435002,1.498035256125509
3.7,0.02,1.0,1.0,1450,100,50,50,0.09694506568175672,0.09694506568175672,0.22160904772043566,1.4112197177872776,0.31273905778314054,Peak absolute acceleration,mean,theory_times_residual,success,0.1,Peak absolute acceleration,0.15884333093484101,0.12668858374257186,0.16552146988402927,0.18577223033745602,0.5079101154195621,0.11255747700570641,0.15884333093483682,0.3127390577831425,0.24943110975043295,0.3258873270269471,0.3657580833648052,1.4112197177872776,1.1255456955218446,1.4705506403243005,1.6504654802100602,1.0000000000000264,0.7975694226315615,1.0420422998553969,1.1695311930575567,density1.0000_damping0.020_lm1450_bias_summary.pkl,0.1,0.02,0.31273905778314054,0.41165108461407046,0.7597187751280838,1.3162765390804416
3.75,0.02,1.0,1.0,1450,100,50,50,0.08665882762711896,0.08665882762711896,0.2546713860796419,1.21927565869074,0.31051462201193913,Peak absolute acceleration,mean,theory_times_residual,success,0.1,Peak absolute acceleration,0.15901234557312635,0.12622594411930224,0.15837314557721216,0.19825411417239316,0.5120929395943754,0.13041541872809473,0.15901234557312952,0.31051462201193153,0.2464903035360823,0.3092664110984584,0.3871447911963571,1.21927565869074,0.9678759256409154,1.2143743977650905,1.5201738882251068,0.9999999999999801,0.793812226744691,0.9959801863584019,1.2467844144919957,density1.0000_damping0.020_lm1450_bias_summary.pkl,0.1,0.02,0.31051462201193913,0.4061028385683119,0.7646206638363604,1.3078380526399092
3.8,0.02,1.0,1.0,1450,100,50,50,0.09616512213708679,0.09616512213708679,0.23854891393047653,1.3559931421199947,0.32347069134989903,Peak absolute acceleration,mean,theory_times_residual,success,0.1,Peak absolute acceleration,0.16400902754184624,0.13526503172181778,0.1544267281431644,0.198702284405409,0.5070290197155379,0.12095122198437544,0.16400902754184904,0.32347069134989825,0.2667796644020622,0.3045717742739923,0.39189528937986295,1.3559931421199947,1.118343655422443,1.2767686478034372,1.6428299040341856,0.9999999999999828,0.8247413800883805,0.9415745612159088,1.2115326051470399,density1.0000_damping0.020_lm1450_bias_summary.pkl,0.1,0.02,0.32347069134989903,0.40118778263315846,0.8062825074752373,1.2402600710405403
3.85,0.02,1.0,1.0,1450,100,50,50,0.0979097737981795,0.0979097737981795,0.24162912149289145,1.4302261600367088,0.3455842905858215,Peak absolute acceleration,mean,theory_times_residual,success,0.1,Peak absolute acceleration,0.1747195055767141,0.15312487957475515,0.17087570052665654,0.20957320120775624,0.5055771061830696,0.12216215201393717,0.17471950557670698,0.3455842905858322,0.30287146649260777,0.3379814838071058,0.4145227278781681,1.4302261600367088,1.253455976751994,1.398761381570634,1.7155329842572402,1.0000000000000406,0.8764040343940238,0.9780001377787617,1.1994837125712188,density1.0000_damping0.020_lm1450_bias_summary.pkl,0.1,0.02,0.3455842905858215,0.3968336527492399,0.8708542942153424,1.1482977194262574
3.9,0.02,1.0,1.0,1450,100,50,50,0.09898938799961628,0.09898938799961628,0.24631648034583276,1.3384810713906352,0.32968994651446054,Peak absolute acceleration,mean,theory_times_residual,success,0.1,Peak absolute acceleration,0.16629112680270136,0.1403330161575823,0.16459038984049848,0.19510590194496075,0.5043864047440779,0.12423868395085386,0.16629112680269933,0.329689946514471,0.27822521550474044,0.3263180535645295,0.38681832045801495,1.3384810713906352,1.129543646913509,1.324791800801809,1.570411853542657,1.0000000000000122,0.8438996046017793,0.9897725332980711,1.173279090089091,density1.0000_damping0.020_lm1450_bias_summary.pkl,0.1,0.02,0.32968994651446054,0.3929764336939276,0.8389560244501733,1.1919575887846834
4.0,0.02,1.0,1.0,1450,100,50,50,0.09269296159862465,0.09269296159862465,0.27837110806161336,1.1793887870007225,0.3283077634728332,Peak absolute acceleration,mean,theory_times_residual,success,0.1,Peak absolute acceleration,0.16581822559356815,0.1280661179702536,0.16798455734886375,0.19944916706292015,0.505069462383548,0.14059674589179097,0.16581822559356918,0.32830776347283175,0.2535613960223963,0.33259693935187246,0.3948945282133473,1.1793887870007225,0.9108754058135778,1.194796908586715,1.4185902084563495,0.9999999999999937,0.7723283584287751,1.013064497268258,1.202818124177631,density1.0000_damping0.020_lm1450_bias_summary.pkl,0.1,0.02,0.3283077634728332,0.38653236211840525,0.8493668206033979,1.1773476144142112
4.1,0.02,1.0,1.0,1450,100,50,50,0.08389548554058703,0.08389548554058703,0.3041811426826199,1.0783950534311948,0.3280274396159858,Peak absolute acceleration,mean,theory_times_residual,success,0.1,Peak absolute acceleration,0.16678497782151538,0.13891728091716865,0.1708619932393186,0.18864162896829323,0.5084482505999061,0.1546603698624595,0.16678497782151352,0.32802743961598796,0.27321813135016876,0.33604598508839906,0.37101441247112055,1.0783950534311948,0.8982086428521328,1.1047561401234676,1.2197153617054806,1.0000000000000113,0.8329124285151882,1.0244447399943186,1.1310468810336731,density1.0000_damping0.020_lm1450_bias_summary.pkl,0.1,0.02,0.3280274396159858,0.381475207831564,0.8598918956768122,1.1629368819820327
4.2,0.02,1.0,1.0,1450,100,50,50,0.10457319051211822,0.10457319051211822,0.18812463203878066,1.8452349977705795,0.3471341549806705,Peak absolute acceleration,mean,theory_times_residual,success,0.1,Peak absolute acceleration,0.17263862635617655,0.13633217057580657,0.1661360434074339,0.21040409298346566,0.49732538236058615,0.09355915456012877,0.172638626356179,0.34713415498066164,0.27413073092850676,0.3340590472556594,0.4230712938574931,1.8452349977705795,1.4571761706994517,1.7757326280739454,2.2488883527505883,0.9999999999999858,0.7896967987600478,0.9623341364213053,1.21875444345445,density1.0000_damping0.020_lm1450_bias_summary.pkl,0.1,0.02,0.3471341549806705,0.3775064732852145,0.9195449072959287,1.087494468258922
4.25,0.02,1.0,1.0,1450,100,50,50,0.11038128378244906,0.11038128378244906,0.16957380860331664,2.189364684942172,0.37125890804724454,Peak absolute acceleration,mean,theory_times_residual,success,0.1,Peak absolute acceleration,0.1604372949930759,0.13693868561270195,0.1575837285169022,0.18939255815704914,0.4321439607656773,0.0732802972919578,0.16043729499307618,0.3712589080472429,0.31688209959031366,0.3646556305859132,0.43826265169014833,2.189364684942172,1.8686971897387539,2.15042425236171,2.584494948246262,0.9999999999999986,0.8535339966845717,0.9822138208183008,1.1804771338560809,density1.0000_damping0.020_lm1450_bias_summary.pkl,0.1,0.02,0.37125890804724454,0.37585494973275085,0.9877717675694444,1.0123796132183889
4.3,0.02,1.0,1.0,1450,100,50,50,0.10011687644307972,0.10011687644307972,0.1788770687413794,2.372615904974898,0.4244065783310849,Peak absolute acceleration,mean,theory_times_residual,success,0.1,Peak absolute acceleration,0.1583885336469719,0.13787040565275283,0.1599708284536222,0.1771469908102946,0.3731999967338223,0.0667569214700378,0.15838853364697056,0.4244065783310804,0.36942767111299374,0.428646382244527,0.4746703975365822,2.372615904974898,2.065260090141104,2.396318238333102,2.65361234325047,1.0000000000000087,0.8704569862364518,1.0099899580494787,1.1184331765147497,density1.0000_damping0.020_lm1450_bias_summary.pkl,0.1,0.02,0.4244065783310849,0.37439190469465916,1.1335890894254768,0.8821538680359269
4.35,0.02,1.0,1.0,1450,100,50,50,0.10458186713397034,0.10458186713397034,0.14967214836659515,3.5274534826136903,0.527961541006019,Peak absolute acceleration,mean,theory_times_residual,success,0.1,Peak absolute acceleration,0.16314613013468826,0.13335762044022806,0.15953323041029077,0.19261791520931595,0.3090113909127157,0.04625039874765522,0.1631461301346921,0.5279615410060111,0.4315621506583771,0.5162697398923816,0.6233359703679126,3.5274534826136903,2.883383150226115,3.4493374052992074,4.164675774153865,0.9999999999999766,0.8174120975479413,0.97785482425223,1.180646547057489,density1.0000_damping0.020_lm1450_bias_summary.pkl,0.1,0.02,0.527961541006019,0.37309582824434656,1.4150829385855155,0.7066723601371053
4.4,0.02,1.0,1.0,1450,100,50,50,0.11367144099843944,0.11367144099843944,0.09471945164189297,,0.624100116071121,Peak absolute acceleration,mean,direct_code_bias,success,0.1,Peak absolute acceleration,0.15284639550906245,0.12778617409867876,0.15742268253708083,0.16520060530883496,0.24490685320052785,0.023197442838495595,0.1528463955090621,0.624100116071121,0.5217745948254393,0.6427859428179592,0.6745446407478437,6.588932951498323,5.50863192069691,6.786208446900091,7.121500695528757,1.000000000000002,0.8360430985178349,1.0299404314558886,1.0808276162393402,density1.0000_damping0.020_lm1450_bias_summary.pkl,0.1,0.02,0.624100116071121,0.37194766525460976,1.6779245425398928,0.5959743568005096
1.5,0.02,1.0,1.0,2900,100,50,50,0.05865465004101742,0.05865465004101742,0.6907073910961486,0.41104025603300354,0.28390854288004885,Peak absolute acceleration,mean,theory_times_residual,success,0.1,Peak absolute acceleration,0.16942625843269113,0.1363804923548703,0.1629372897040267,0.21963897331028664,0.596763509523035,0.41218896676409095,0.1694262584326959,0.2839085428800859,0.22853356510332343,0.27303494115157073,0.3680502741962787,0.41104025603300354,0.33086885713009695,0.3952975524385663,0.5328599041225505,0.999999999999972,0.8049548730903896,0.9617003362483689,1.2963691421984485,density1.0000_damping0.020_lm2900_bias_summary.pkl,0.05,0.02,0.28390854288004885,0.2880449811764827,0.9856396098986102,1.0145696154630384
1.6,0.02,1.0,1.0,2900,100,50,50,0.047592262821932595,0.047592262821932595,0.7546108775545567,0.3049032988016627,0.23008334587800192,Peak absolute acceleration,mean,theory_times_residual,success,0.1,Peak absolute acceleration,0.20348344915176617,0.1685808005479558,0.19753406992713474,0.25114247778190185,0.8843901690288276,0.6673704415514724,0.20348344915176186,0.23008334587800397,0.19061813038138908,0.22335624800539353,0.2839724892664604,0.3049032988016627,0.2526045357298816,0.2959886408332927,0.3763164535697105,1.0000000000000209,0.8284742628980354,0.9707623433285231,1.2342157498745512,density1.0000_damping0.020_lm2900_bias_summary.pkl,0.05,0.02,0.23008334587800192,0.2880475368676021,0.7987686629091434,1.2519269300800884
1.7,0.02,1.0,1.0,2900,100,50,50,0.0479869583643374,0.0479869583643374,0.7505594998546836,0.293766772868167,0.22048944211785587,Peak absolute acceleration,mean,theory_times_residual,success,0.1,Peak absolute acceleration,0.250680371922477,0.1915102244400097,0.2532396772786536,0.301923818296033,1.1369268728453512,0.8533312650541802,0.2506803719224732,0.22048944211786206,0.1684455078106502,0.22274051509124648,0.2655613351282811,0.293766772868167,0.22442658822286352,0.29676596610177497,0.35381783213681156,1.0000000000000149,0.7639617851661605,1.0102094365687788,1.204417465877255,density1.0000_damping0.020_lm2900_bias_summary.pkl,0.05,0.02,0.22048944211785587,0.28830282244512184,0.7647841954784508,1.3075584013270731
1.75,0.02,1.0,1.0,2900,100,50,50,0.04757094958698283,0.04757094958698283,0.818277632936186,0.3409625714906885,0.27900204591923566,Peak absolute acceleration,mean,theory_times_residual,success,0.1,Peak absolute acceleration,0.31717841357046245,0.25210352343842884,0.32350453200548296,0.3661790778764112,1.1368318555709165,0.9302440798230676,0.3171784135704645,0.27900204591924943,0.2217597283213203,0.2845667373061244,0.32210487072647714,0.3409625714906885,0.2710079310436235,0.3477630645787217,0.3936376331962881,0.9999999999999934,0.7948319073814316,1.0199449841614554,1.1544892786187693,density1.0000_damping0.020_lm2900_bias_summary.pkl,0.05,0.02,0.27900204591923566,0.2891837776976723,0.9647914836043018,1.0364933946806396
1.8,0.02,1.0,1.0,2900,100,50,50,0.04218546745721478,0.04218546745721478,0.8386956451875411,0.3603854078140886,0.3022536721228122,Peak absolute acceleration,mean,theory_times_residual,success,0.1,Peak absolute acceleration,0.3435799628687403,0.2669732897065233,0.35374097001736726,0.41651904141610674,1.1367271750766839,0.9533681315032111,0.34357996286874787,0.3022536721228314,0.23486135948893208,0.311192498757236,0.3664195336827487,0.3603854078140886,0.28003169068130745,0.3710434178868668,0.43689213814957883,0.9999999999999781,0.777033932588527,1.0295739223666576,1.2122914210082227,density1.0000_damping0.020_lm2900_bias_summary.pkl,0.05,0.02,0.3022536721228122,0.2918778686109412,1.0355484420975225,0.9656718694631606
1.85,0.02,1.0,1.0,2900,100,50,50,0.0450151952408094,0.0450151952408094,0.8141910821387743,0.44252324056916836,0.36029847611056837,Peak absolute acceleration,mean,theory_times_residual,success,0.1,Peak absolute acceleration,0.4095202258368514,0.3460960290201583,0.4168475008585446,0.4666337097846929,1.1366138160161532,0.9254208328361042,0.4095202258368837,0.36029847611058025,0.304497467955501,0.36674505886229747,0.4105472793039331,0.44252324056916836,0.3739877218448715,0.45044101674375203,0.5042394694688439,0.9999999999999211,0.8451256059768145,1.0178923397658495,1.1394643789109409,density1.0000_damping0.020_lm2900_bias_summary.pkl,0.05,0.02,0.36029847611056837,0.2987396120301824,1.2060619402362285,0.829144811421587
1.9,0.02,1.0,1.0,2900,100,50,50,0.042119715172795745,0.042119715172795745,0.8104300317051478,0.45154308777221314,0.36594407893947506,Peak absolute acceleration,mean,theory_times_residual,success,0.1,Peak absolute acceleration,0.4158870343823053,0.30828340708972346,0.42405799743582684,0.535889355173894,1.1364770147054826,0.9210351030599873,0.41588703438231,0.36594407893949543,0.2712623335981986,0.37313380908607396,0.4715355860609019,0.45154308777221314,0.33471406905719736,0.4604145879206602,0.5818338013323161,0.9999999999999886,0.7412671749856227,1.0196470733107914,1.2885454723776508,density1.0000_damping0.020_lm2900_bias_summary.pkl,0.05,0.02,0.36594407893947506,0.3140583437884852,1.1652104972760418,0.8582140328616399
1.95,0.02,1.0,1.0,2900,100,50,50,0.0522131670700282,0.0522131670700282,0.7509641877749962,0.6049812279438358,0.4543192364619625,Peak absolute acceleration,mean,theory_times_residual,success,0.1,Peak absolute acceleration,0.4906406829561585,0.28507789376515796,0.49135719046892545,0.626212560352038,1.0799469702780775,0.811001499374965,0.49064068295617297,0.45431923646197414,0.2639739742885271,0.4549827019213777,0.579854916571314,0.6049812279438358,0.3515133991550769,0.6058647127626917,0.7721472288703005,0.9999999999999704,0.5810319112706414,1.0014603507977273,1.2763160131341476,density1.0000_damping0.020_lm2900_bias_summary.pkl,0.05,0.02,0.4543192364619625,0.3450219971629742,1.3167833940957314,0.7594263448975948
2.0,0.02,1.0,1.0,2900,100,50,50,0.042162485192601296,0.042162485192601296,0.7782232599050574,0.6405742797693504,0.49850980421343816,Peak absolute acceleration,mean,theory_times_residual,success,0.1,Peak absolute acceleration,0.5663903910149465,0.4007121722961214,0.5684943697447645,0.6942647060453425,1.1361670045961105,0.8841915901133042,0.5663903910149496,0.4985098042134126,0.35268773928051905,0.500361625927392,0.6110586764417989,0.6405742797693504,0.45319609095668095,0.6429538304836344,0.7851971380505626,0.9999999999999946,0.7074840580859091,1.0037147147324386,1.225770629337915,density1.0000_damping0.020_lm2900_bias_summary.pkl,0.05,0.02,0.49850980421343816,0.40293708903548553,1.2371901663525768,0.8082831784447053
2.05,0.02,1.0,1.0,2900,100,50,50,0.040079905679728724,0.040079905679728724,0.7712906375222115,0.6004491674101075,0.4631208211314229,Peak absolute acceleration,mean,theory_times_residual,success,0.1,Peak absolute acceleration,0.5261019429087738,0.40843540666821754,0.5453955842459128,0.6053813407912493,1.1359928530604104,0.8761806518576543,0.5261019429087803,0.46312082113143044,0.3595404720794467,0.48010476718809914,0.5329094625554445,0.6004491674101075,0.466154332217065,0.6224693310558502,0.6909321034511963,0.9999999999999875,0.7763427072897833,1.036672819017659,1.1506920834470575,density1.0000_damping0.020_lm2900_bias_summary.pkl,0.05,0.02,0.4631208211314229,0.5047284688806579,0.9175642938439462,1.0898418854233025
2.1,0.02,1.0,1.0,2900,100,50,50,0.05363173806724338,0.05363173806724338,0.6876847683285876,0.8655520260352255,0.5952269445003737,Peak absolute acceleration,mean,theory_times_residual,success,0.1,Peak absolute acceleration,0.6416414567240326,0.49863411372161726,0.6510457975618167,0.7614117252598646,1.0779778413133831,0.7413089420668975,0.6416414567240928,0.5952269445003356,0.46256434465674456,0.603951002154736,0.7063333735433543,0.8655520260352255,0.6726400902858923,0.8782381549945809,1.0271179558915304,0.9999999999999062,0.7771226570480638,1.0146566914266075,1.1866622975816747,density1.0000_damping0.020_lm2900_bias_summary.pkl,0.05,0.02,0.5952269445003737,0.6747413824538804,0.882155682130557,1.1335867582746109
2.15,0.02,1.0,1.0,2900,100,50,50,0.041572872745400245,0.041572872745400245,0.9210438814680871,0.6977604683408071,0.6426680100956073,Peak absolute acceleration,mean,theory_times_residual,success,0.1,Peak absolute acceleration,0.5473514960085201,0.38837030848179865,0.5370109340450226,0.7468093382682098,0.8516862320983889,0.7844403930048632,0.5473514960084932,0.6426680100956343,0.4560016281171176,0.6305267289831988,0.8768597050444471,0.6977604683408071,0.4950921853910586,0.6845783807587449,0.9520281527159704,1.000000000000049,0.7095446186115335,0.9811080045658447,1.3644054025872647,density1.0000_damping0.020_lm2900_bias_summary.pkl,0.05,0.02,0.6426680100956073,0.946867548719153,0.6787306323518942,1.4733385415874227
2.2,0.02,1.0,1.0,2900,100,50,50,0.05399703997177613,0.05399703997177613,1.2260851969224256,0.8882073657061014,1.0890179028897142,Peak absolute acceleration,mean,theory_times_residual,success,0.1,Peak absolute acceleration,0.5865309106653954,0.36171844989105356,0.5799871287688565,0.7983829342857345,0.5385870233254137,0.6603535765537352,0.5865309106654433,1.0890179028896023,0.6716063221458338,1.0768679965362418,1.4823657082494397,0.8882073657061014,0.5477648077243651,0.8782978533950001,1.209023412051994,0.9999999999999183,0.616708247278339,0.9888432446140603,1.361194985239459,density1.0000_damping0.020_lm2900_bias_summary.pkl,0.05,0.02,1.0890179028897142,1.3670162097432603,0.7966386171047335,1.2552743220436287
2.25,0.02,1.0,1.0,2900,100,50,50,0.0528778194878386,0.0528778194878386,1.7764788646515304,1.0808345051052712,1.920079654505611,Peak absolute acceleration,mean,theory_times_residual,success,0.1,Peak absolute acceleration,0.5174976859704407,0.37679589353958876,0.5269015204625034,0.6614078916296594,0.26951886332220637,0.4787945643167983,0.5174976859704196,1.9200796545055876,1.3980316215905602,1.9549708468182403,2.4540319125602523,1.0808345051052712,0.7869677762053262,1.1004751509958135,1.3814022566723074,1.0000000000000409,0.7281112626291562,1.018171742110208,1.2780885974192855,density1.0000_damping0.020_lm2900_bias_summary.pkl,0.05,0.02,1.920079654505611,1.995950464481873,0.961987628788233,1.039514407539409
2.3,0.02,1.0,1.0,2900,100,50,50,0.0474144733973463,0.0474144733973463,1.127593664949139,1.4554653434638922,1.6411735008429076,Peak absolute acceleration,mean,theory_times_residual,success,0.1,Peak absolute acceleration,0.46560836757232,0.34195852025090057,0.478820256552683,0.6057518522430747,0.2837045366216167,0.31990343821187045,0.46560836757229945,1.6411735008429302,1.205333282022834,1.687742685592993,2.1351503908130307,1.4554653434638922,1.0689429352879387,1.4967649589172676,1.893545926323831,1.0000000000000442,0.7344337947229898,1.028375540262025,1.300990047497404,density1.0000_damping0.020_lm2900_bias_summary.pkl,0.05,0.02,1.6411735008429076,1.8095955992181156,0.9069283223014541,1.1026229696547662
2.35,0.02,1.0,1.0,2900,100,50,50,0.04676321545042476,0.04676321545042476,0.6312951126769261,2.2553917777821573,1.4238178064855995,Peak absolute acceleration,mean,theory_times_residual,success,0.1,Peak absolute acceleration,0.4038379412715742,0.21948635878202927,0.43880677848346233,0.5174982674695718,0.2836303489337258,0.1790544530887174,0.403837941271573,1.4238178064856404,0.7738465210340213,1.5471079880312657,1.8245518133551095,2.2553917777821573,1.2258078757375488,2.450688999429931,2.8901725622716756,1.0000000000000029,0.5435010838529137,1.0865912625787022,1.2814503407978808,density1.0000_damping0.020_lm2900_bias_summary.pkl,0.05,0.02,1.4238178064855995,1.6445083011644366,0.8658015319700318,1.1549991113143654
2.4,0.02,1.0,1.0,2900,100,50,50,0.046379189233692115,0.046379189233692115,0.5919339224305931,2.2406592854748055,1.3263222396816317,Peak absolute acceleration,mean,theory_times_residual,success,0.1,Peak absolute acceleration,0.3760707622522001,0.2185350961388423,0.3908597287908303,0.5188843300507974,0.2835440370376972,0.167839334025525,0.37607076225222213,1.3263222396815963,0.7707271802361623,1.3784798046691615,1.829995564258019,2.2406592854748055,1.3020493521834846,2.3287731154330507,3.0915537949637324,0.9999999999999414,0.5811010003279005,1.0393249569576737,1.3797518502722457,density1.0000_damping0.020_lm2900_bias_summary.pkl,0.05,0.02,1.3263222396816317,1.4982614299627515,0.8852408619465882,1.129636060632137
2.45,0.02,1.0,1.0,2900,100,50,50,0.04778075370946664,0.04778075370946664,0.559205010900179,2.104571134352501,1.1768867241257925,Peak absolute acceleration,mean,theory_times_residual,success,0.1,Peak absolute acceleration,0.3336049239315186,0.20505688245558218,0.34734498703092365,0.44404284013808015,0.28346391975771346,0.1585144443379228,0.33360492393150704,1.176886724125816,0.7233967646776758,1.2253587240584678,1.5664880402331949,2.104571134352501,1.2936163850055187,2.1912513303232473,2.8012768299617212,1.0000000000000349,0.6146698317249141,1.041186631592517,1.3310440232868004,density1.0000_damping0.020_lm2900_bias_summary.pkl,0.05,0.02,1.1768867241257925,1.3687048403732118,0.859854286629779,1.1629877475165713
2.5,0.02,1.0,1.0,2900,100,50,50,0.045164647917341594,0.045164647917341594,0.5562243870109607,1.8661854957987183,1.0380178834493878,Peak absolute acceleration,mean,theory_times_residual,success,0.1,Peak absolute acceleration,0.29370836831250363,0.22293855316916034,0.28038962276267443,0.3560495935627917,0.2829511639399829,0.1573843377165451,0.2937083683124959,1.0380178834493237,0.7879047043483733,0.990947055521384,1.2583429189862383,1.8661854957987183,1.416523120430705,1.781559886013984,2.262293686453413,1.0000000000000262,0.7590473313717815,0.9546531628419563,1.2122555295529298,density1.0000_damping0.020_lm2900_bias_summary.pkl,0.05,0.02,1.0380178834493878,1.2539337724068889,0.8278091764423653,1.2080078699993118
2.55,0.02,1.0,1.0,2900,100,50,50,0.04270799978304218,0.04270799978304218,0.5534344957167925,1.4674765002481538,0.8121521168910805,Peak absolute acceleration,mean,theory_times_residual,success,0.1,Peak absolute acceleration,0.2300604854094163,0.1509590032343763,0.22148371605284162,0.3147607917902656,0.28327265376108546,0.1567728582846216,0.2300604854094168,0.8121521168910686,0.5329106118435858,0.7818746819085574,1.11115841084942,1.4674765002481538,0.9629154235378535,1.4127682462147706,2.0077505458171623,0.9999999999999978,0.6561709324646903,0.9627195024764382,1.3681653815087618,density1.0000_damping0.020_lm2900_bias_summary.pkl,0.05,0.02,0.8121521168910805,1.1522608789602033,0.7048335422304385,1.418774703649188
2.6,0.02,1.0,1.0,2900,100,50,50,0.04815833614387732,0.04815833614387732,0.4889646503433151,1.4962975885096228,0.7316366271751533,Peak absolute acceleration,mean,theory_times_residual,success,0.1,Peak absolute acceleration,0.20717472604100182,0.13625575741592227,0.21454888489825558,0.2672317153656575,0.2831661488038132,0.13845823693892126,0.20717472604099332,0.7316366271751619,0.4811866036654146,0.7576784365100862,0.9437276189068927,1.4962975885096228,0.9840928241490566,1.54955667240585,1.930052854013609,1.000000000000041,0.6576852303352947,1.0355939114687334,1.2898856944199881,density1.0000_damping0.020_lm2900_bias_summary.pkl,0.05,0.02,0.7316366271751533,1.0621918176396505,0.6887989674040134,1.4518024087186145
2.65,0.02,1.0,1.0,2900,100,50,50,0.052045328525441935,0.052045328525441935,0.4357858509206773,1.7745789097408664,0.7733363802073112,Peak absolute acceleration,mean,theory_times_residual,success,0.1,Peak absolute acceleration,0.20806684771765785,0.1263366583822708,0.2077401487103183,0.3100424944359976,0.26905089821570105,0.11724857461990289,0.20806684771765327,0.7733363802073182,0.46956415763750886,0.7721221155105409,1.1523562883162468,1.7745789097408664,1.0775112515596006,1.7717925303891455,2.644317813168264,1.000000000000022,0.6071926391354266,0.9984298363198238,1.4901100191450263,density1.0000_damping0.020_lm2900_bias_summary.pkl,0.05,0.02,0.7733363802073112,0.9824070766970984,0.7871852702927626,1.2703489734101747
2.7,0.02,1.0,1.0,2900,100,50,50,0.0472192178905169,0.0472192178905169,0.4545355197697404,1.2285031710414793,0.5583983273881131,Peak absolute acceleration,mean,theory_times_residual,success,0.1,Peak absolute acceleration,0.15798965715716853,0.1067629881282165,0.1618719063275542,0.21615045248693973,0.2829336146047623,0.128603377574704,0.15798965715717145,0.5583983273881,0.3773428911137216,0.5721197410695702,0.763961725752828,1.2285031710414793,0.8301725051210206,1.258690940939906,1.680752532035022,0.9999999999999818,0.6757593506390511,1.0245728058420975,1.3681303977507129,density1.0000_damping0.020_lm2900_bias_summary.pkl,0.05,0.02,0.5583983273881131,0.9117694278029013,0.6124337034788282,1.6328297974452537
2.75,0.02,1.0,1.0,2900,100,50,50,0.047597347768086634,0.047597347768086634,0.4316666755318858,1.2438374631832951,0.5369231826343475,Peak absolute acceleration,mean,theory_times_residual,success,0.1,Peak absolute acceleration,0.15184472373137542,0.09656942818993966,0.15915055769026004,0.21004696846331414,0.28280530370539725,0.1220776252732944,0.15184472373138264,0.5369231826343487,0.3414696504084575,0.5627566230372034,0.7427264118148342,1.2438374631832951,0.7910493669396852,1.3036832698372918,1.7206016908756485,0.9999999999999526,0.6359748683844527,1.0481138480109564,1.3833010677071194,density1.0000_damping0.020_lm2900_bias_summary.pkl,0.05,0.02,0.5369231826343475,0.8494454110231565,0.6320867423223799,1.5820613422863532
2.8,0.02,1.0,1.0,2900,100,50,50,0.05059957628957349,0.05059957628957349,0.38723295237191724,1.3148560356271466,0.5091555846199348,Peak absolute acceleration,mean,theory_times_residual,success,0.1,Peak absolute acceleration,0.136984747058467,0.08624338229063043,0.13923490283094986,0.20109239769512716,0.2690430021713761,0.1041823160458243,0.13698474705846364,0.5091555846199259,0.32055612520891646,0.5175191389748894,0.74743589713229,1.3148560356271466,0.827812104433314,1.336454286250536,1.9301970365745875,1.0000000000000244,0.6295838342777146,1.0164263235199893,1.4679911596968023,density1.0000_damping0.020_lm2900_bias_summary.pkl,0.05,0.02,0.5091555846199348,0.7953885780833032,0.6401343929867471,1.5621719610068312
2.85,0.02,1.0,1.0,2900,100,50,50,0.05631468546977456,0.05631468546977456,0.34198013094465285,1.4013211029799206,0.4792239742925786,Peak absolute acceleration,mean,theory_times_residual,success,0.1,Peak absolute acceleration,0.12817495991140238,0.08743803429056532,0.12328255265007299,0.1716854304311974,0.26746358026142497,0.09146723020072794,0.12817495991140387,0.47922397429257946,0.32691566532199035,0.4609321109422592,0.6419020872426375,1.4013211029799206,0.9559492957060095,1.347833014944535,1.8770157361759823,0.9999999999999885,0.68217719241733,0.9618302415330375,1.3394615496651492,density1.0000_damping0.020_lm2900_bias_summary.pkl,0.05,0.02,0.4792239742925786,0.7514531993082684,0.6377296347047439,1.568062617104141
2.9,0.02,1.0,1.0,2900,100,50,50,0.06159865275799894,0.06159865275799894,0.31515331479756764,1.565742650029866,0.4934489862768401,Peak absolute acceleration,mean,theory_times_residual,success,0.1,Peak absolute acceleration,0.13125194896414014,0.07318295177491346,0.14301360322504603,0.1566563244149261,0.265988891687589,0.08382728091467431,0.13125194896414624,0.493448986276837,0.27513536866369886,0.5376675782123237,0.5889581456616734,1.565742650029866,0.8730207037182149,1.706050842453258,1.868798829039709,0.9999999999999537,0.5575761148880514,1.0896112732323138,1.1935542721557568,density1.0000_damping0.020_lm2900_bias_summary.pkl,0.05,0.02,0.4934489862768401,0.7224134352574809,0.6830562143420592,1.4640083480730564
2.95,0.02,1.0,1.0,2900,100,50,50,0.042921266765320126,0.042921266765320126,0.40683802277724024,0.7899879589454798,0.32139713923520663,Peak absolute acceleration,mean,theory_times_residual,success,0.1,Peak absolute acceleration,0.0907020893566692,0.05505604998796933,0.09069391143121135,0.12909754205452575,0.2822118752285766,0.11481452132225337,0.09070208935666395,0.3213971392352123,0.19508764449893137,0.32136816127157686,0.4574490068852121,0.7899879589454798,0.4795216611446026,0.7899167316707093,1.1244008211486056,1.000000000000058,0.6069986962645897,0.9999098375185114,1.423313872593177,density1.0000_damping0.020_lm2900_bias_summary.pkl,0.05,0.02,0.32139713923520663,0.713868706306587,0.4502188377160688,2.221142067428795
3.0,0.02,1.0,1.0,2900,100,50,50,0.04680822358536892,0.04680822358536892,0.6455258216564339,0.5364672057567473,0.3463034337878555,Peak absolute acceleration,mean,theory_times_residual,success,0.1,Peak absolute acceleration,0.09764940756440045,0.06971196710895523,0.09229435438165262,0.1396077025599706,0.281976434643789,0.1820230696611827,0.09764940756439906,0.3463034337878537,0.24722621660572427,0.327312296498269,0.49510414845954104,0.5364672057567473,0.38298424061695546,0.5070475657478424,0.7669780694273316,1.0000000000000144,0.7139005637385021,0.9451604129885292,1.4296830471593016,density1.0000_damping0.020_lm2900_bias_summary.pkl,0.05,0.02,0.3463034337878555,0.7244024436097003,0.47805392823114884,2.0918142095393346
3.1,0.02,1.0,1.0,2900,100,50,50,0.05052987976668646,0.05052987976668646,0.4368925323758793,1.193143343711499,0.521275416921541,Peak absolute acceleration,mean,theory_times_residual,success,0.1,Peak absolute acceleration,0.09317806282205078,0.05039779408285513,0.08915221313366123,0.12292167028313143,0.17875015739726474,0.07809460892787846,0.09317806282204746,0.5212754169215441,0.28194545289741,0.4987532007343869,0.6876730743791356,1.193143343711499,0.6453428063055958,1.1415924140934572,1.5740096783972815,1.0000000000000357,0.5408761736022074,0.9567940181792054,1.319212554546113,density1.0000_damping0.020_lm2900_bias_summary.pkl,0.05,0.02,0.521275416921541,0.7297193026677502,0.7143505934622405,1.3998728483633496
3.2,0.02,1.0,1.0,2900,100,50,50,0.05601937172571617,0.05601937172571617,0.2367563723463832,1.8753858325346506,0.44400954646070556,Peak absolute acceleration,mean,theory_times_residual,success,0.1,Peak absolute acceleration,0.09197947656692833,0.05899298459484396,0.0899173522129838,0.1203020237224998,0.20715652917851693,0.04904562835617394,0.09197947656692951,0.44400954646071095,0.2847749227542175,0.4340551203939974,0.5807300604985018,1.8753858325346506,1.2028184075129265,1.833340813986429,2.452859260948912,0.9999999999999871,0.6413711710124519,0.9775806035116412,1.3079224650181738,density1.0000_damping0.020_lm2900_bias_summary.pkl,0.05,0.02,0.44400954646070556,0.6225359164846286,0.7132271965414596,1.4020777738834551
3.3,0.02,1.0,1.0,2900,100,50,50,0.05907372987433821,0.05907372987433821,0.24228736594533576,1.6318837264815034,0.3953848096182622,Peak absolute acceleration,mean,theory_times_residual,success,0.1,Peak absolute acceleration,0.0931892482427783,0.06991060338477757,0.08621080455190469,0.13066181602649346,0.235692535413163,0.057105323578232614,0.09318924824277862,0.39538480961825934,0.29661780871518084,0.3657765588578329,0.5543740101800281,1.6318837264815034,1.2242396856223414,1.5096806943716625,2.288084680012199,0.9999999999999968,0.7502003149831725,0.9251153558756742,1.4021125665279595,density1.0000_damping0.020_lm2900_bias_summary.pkl,0.05,0.02,0.3953848096182622,0.5126677290563539,0.771230150074063,1.296629806166116
3.4,0.02,1.0,1.0,2900,100,50,50,0.04907150426737463,0.04907150426737463,0.316888064001993,0.9547066340054902,0.30253513693985906,Peak absolute acceleration,mean,theory_times_residual,success,0.1,Peak absolute acceleration,0.0848086737255488,0.06860363586136209,0.08038380842167649,0.10687409614984618,0.2803266905900102,0.08883218226915673,0.0848086737255476,0.3025351369398683,0.24472744895240048,0.2867504633700444,0.38124837818655705,0.9547066340054902,0.7722835813432655,0.9048951221092134,1.2031010993968763,1.0000000000000144,0.8089223996518656,0.9478253212850543,1.2601788408542418,density1.0000_damping0.020_lm2900_bias_summary.pkl,0.05,0.02,0.30253513693985906,0.4653834932921801,0.6500770682683493,1.5382791499841344
3.45,0.02,1.0,1.0,2900,100,50,50,0.047099396593284014,0.047099396593284014,0.3422368079989847,0.8639970367022087,0.29569158796154554,Peak absolute acceleration,mean,theory_times_residual,success,0.1,Peak absolute acceleration,0.08281187823853778,0.06366601128044236,0.0792000215710532,0.10655476654996753,0.280061664281452,0.09584741002656968,0.0828118782385371,0.29569158796155254,0.2273285472461532,0.2827949400866946,0.3804689471633068,0.8639970367022087,0.6642434183959026,0.8263136327742013,1.1117125284911682,1.0000000000000082,0.7688028895692276,0.9563847995684863,1.286708728463322,density1.0000_damping0.020_lm2900_bias_summary.pkl,0.05,0.02,0.29569158796154554,0.4524894495842787,0.6534773092128721,1.5302750162886765
3.5,0.02,1.0,1.0,2900,100,50,50,0.05110805213367229,0.05110805213367229,0.31165787681405727,1.0744446698118546,0.3348591445477434,Peak absolute acceleration,mean,theory_times_residual,success,0.1,Peak absolute acceleration,0.08912974698447947,0.06332291924309336,0.09207317330921447,0.10347333028064416,0.26617086149717106,0.08295424556397765,0.08912974698447865,0.3348591445477467,0.23790327343463316,0.34591755382732997,0.3887477753899215,1.0744446698118546,0.763347539509068,1.1099271976164733,1.2473542442242016,1.000000000000009,0.7104577471101834,1.033024062384564,1.1609292495653933,density1.0000_damping0.020_lm2900_bias_summary.pkl,0.05,0.02,0.3348591445477434,0.44202647847646664,0.7575544924410547,1.3200370534108068
3.55,0.02,1.0,1.0,2900,100,50,50,0.04479010117780461,0.04479010117780461,0.3794969004106189,0.8333465944547985,0.3162524495633411,Peak absolute acceleration,mean,theory_times_residual,success,0.1,Peak absolute acceleration,0.08839207931537289,0.0646156665406625,0.08674142024955016,0.11250465589347144,0.2794984811577547,0.1060688072688432,0.08839207931537406,0.3162524495633397,0.23118432083425916,0.3103466605265433,0.40252331757742715,0.8333465944547985,0.6091863216382447,0.8177844409025395,1.0606761666350775,0.9999999999999867,0.7310119531199204,0.9813257129076632,1.2727911455964978,density1.0000_damping0.020_lm2900_bias_summary.pkl,0.05,0.02,0.3162524495633411,0.43297090208476896,0.7304242572435493,1.3690673469330734
3.6,0.02,1.0,1.0,2900,100,50,50,0.05231065587709197,0.05231065587709197,0.31714240908581726,1.1774663380779646,0.37342451107550106,Peak absolute acceleration,mean,theory_times_residual,success,0.1,Peak absolute acceleration,0.09907957820908565,0.06457322682539944,0.10086841522637356,0.1258245022235211,0.26532692758632037,0.08414642101006305,0.09907957820908729,0.3734245110754977,0.24337230831722292,0.3801665218979986,0.4742243969285246,1.1774663380779646,0.7673912455251917,1.1987249607955488,1.4953042650319468,0.9999999999999835,0.6517309418610038,1.018054548168456,1.269933769378732,density1.0000_damping0.020_lm2900_bias_summary.pkl,0.05,0.02,0.37342451107550106,0.42498451755676697,0.8786779180152486,1.1380734390808138
3.65,0.02,1.0,1.0,2900,100,50,50,0.05054948319568284,0.05054948319568284,0.34268084170311286,0.9791024306434277,0.3355196450464535,Peak absolute acceleration,mean,theory_times_residual,success,0.1,Peak absolute acceleration,0.08907299294873448,0.06649719750448065,0.09236035315836891,0.10215184303058189,0.26547772764960087,0.09097413116439636,0.08907299294873157,0.33551964504645854,0.2504812667081777,0.3479024548540419,0.3847849834145417,0.9791024306434277,0.7309462223312223,1.015237540345041,1.1228669262692563,1.0000000000000326,0.7465472451650407,1.0369063629817568,1.1468329473264496,density1.0000_damping0.020_lm2900_bias_summary.pkl,0.05,0.02,0.3355196450464535,0.4179141278307535,0.8028435094741351,1.2455727525966245
3.7,0.02,1.0,1.0,2900,100,50,50,0.05040205184200652,0.05040205184200652,0.35325187670923547,1.0491062969465765,0.3705987682638546,Peak absolute acceleration,mean,theory_times_residual,success,0.1,Peak absolute acceleration,0.09828565937864119,0.07671405821716783,0.09375135347082833,0.13397962552811857,0.265207733525611,0.09368512958572603,0.09828565937864038,0.37059876826385896,0.28926026099370733,0.3535015824181266,0.5051874760476402,1.0491062969465765,0.8188498917213011,1.000706877232226,1.4301055687340571,1.0000000000000082,0.7805213771994031,0.9538660478397579,1.3631655561465894,density1.0000_damping0.020_lm2900_bias_summary.pkl,0.05,0.02,0.3705987682638546,0.41165108461407046,0.9002739993052612,1.1107729433169293
3.75,0.02,1.0,1.0,2900,100,50,50,0.051618882610314935,0.051618882610314935,0.35127619743763305,1.0145206569470389,0.3563769585942852,Peak absolute acceleration,mean,theory_times_residual,success,0.1,Peak absolute acceleration,0.09428948125037728,0.08081417584081427,0.09261171547596714,0.10980373560557387,0.2645779391077854,0.09293993237566921,0.09428948125037585,0.35637695859428803,0.3054456320634189,0.35003566732840263,0.41501470597229706,1.0145206569470389,0.8695312528758699,0.996468505072982,1.1814484129570924,1.000000000000015,0.8570858039426549,0.9822062254223927,1.164538548197137,density1.0000_damping0.020_lm2900_bias_summary.pkl,0.05,0.02,0.3563769585942852,0.4061028385683119,0.8775534784506147,1.1395316918640546
3.8,0.02,1.0,1.0,2900,100,50,50,0.04714561737080205,0.04714561737080205,0.40213903116937,0.8674517382106514,0.34883620159021733,Peak absolute acceleration,mean,theory_times_residual,success,0.1,Peak absolute acceleration,0.09693940496137919,0.0677758059889021,0.10306963218082132,0.11764434439983351,0.27789376366176344,0.11175192888695151,0.09693940496138014,0.34883620159021755,0.24389106504525582,0.37089580860933546,0.4233428733687725,0.8674517382106514,0.6064844398119001,0.9223074107748671,1.0527276403331058,0.9999999999999903,0.699156406168404,1.0632377228009955,1.2135864094348636,density1.0000_damping0.020_lm2900_bias_summary.pkl,0.05,0.02,0.34883620159021733,0.40118778263315846,0.8695085361290421,1.150074965855864
3.85,0.02,1.0,1.0,2900,100,50,50,0.048648441728170684,0.048648441728170684,0.3976027390148937,0.9403028873238939,0.37386700350359314,Peak absolute acceleration,mean,theory_times_residual,success,0.1,Peak absolute acceleration,0.10376268293797362,0.08029972733799924,0.10815368275186982,0.11809947717071458,0.27753902314349943,0.11035027578537238,0.10376268293797285,0.3738670035035898,0.28932770040226335,0.3896882014171743,0.4255238626737262,0.9403028873238939,0.7276803502891062,0.9800943584610984,1.070223670309752,1.0000000000000073,0.7738786726052633,1.04231771663539,1.1381690780038134,density1.0000_damping0.020_lm2900_bias_summary.pkl,0.05,0.02,0.37386700350359314,0.3968336527492399,0.9421252479810307,1.0614299979148227
3.9,0.02,1.0,1.0,2900,100,50,50,0.05755914290406532,0.05755914290406532,0.35519751672385347,1.2035606711466182,0.42750176161777326,Peak absolute acceleration,mean,theory_times_residual,success,0.1,Peak absolute acceleration,0.11203665133529872,0.09080837997593007,0.11232365659832244,0.12755763299890002,0.26207295827583,0.09308766398004904,0.11203665133529768,0.4275017616177741,0.3465003813188344,0.4285968965943543,0.4867256577637685,1.2035606711466182,0.9755146503127688,1.2066438429736097,1.3702957786784586,1.000000000000009,0.8105238678025399,1.002561708687328,1.1385348587146888,density1.0000_damping0.020_lm2900_bias_summary.pkl,0.05,0.02,0.42750176161777326,0.3929764336939276,1.0878559754825905,0.9192393318025329
4.0,0.02,1.0,1.0,2900,100,50,50,0.046256536061770666,0.046256536061770666,0.44707143001923433,0.8765608084053024,0.3918852941125746,Peak absolute acceleration,mean,theory_times_residual,success,0.1,Peak absolute acceleration,0.10813797366842032,0.07948434866540943,0.11323245183008501,0.13299831240036725,0.2759429233324559,0.12336619733792582,0.1081379736684223,0.3918852941125645,0.2880463383713839,0.41034736626915636,0.48197761621931845,0.8765608084053024,0.6442960096085735,0.9178563842728947,1.0780774253425114,0.9999999999999815,0.7350271691711928,1.047110908303901,1.2298946234018855,density1.0000_damping0.020_lm2900_bias_summary.pkl,0.05,0.02,0.3918852941125746,0.38653236211840525,1.0138485998037141,0.9863405642554384
4.1,0.02,1.0,1.0,2900,100,50,50,0.0411038343497504,0.0411038343497504,0.5107285199917148,0.758799619419099,0.3875406065961929,Peak absolute acceleration,mean,theory_times_residual,success,0.1,Peak absolute acceleration,0.1067877371639429,0.08658492996529096,0.10799767133553595,0.13107640095945708,0.2755523817281263,0.1407324601001968,0.10678773716394324,0.38754060659618966,0.3142231231037588,0.3919315473095487,0.4756859662667826,0.758799619419099,0.6152449115409863,0.767397025950127,0.9313871218206168,0.9999999999999968,0.8108134160794472,1.011330272592397,1.2274480613651855,density1.0000_damping0.020_lm2900_bias_summary.pkl,0.05,0.02,0.3875406065961929,0.381475207831564,1.0158998504754881,0.9843489981142831
4.2,0.02,1.0,1.0,2900,100,50,50,0.04260692915469886,0.04260692915469886,0.4638938122332153,0.7726002862766023,0.35840449213332654,Peak absolute acceleration,mean,theory_times_residual,success,0.1,Peak absolute acceleration,0.09844157918648046,0.0771745941774168,0.09894482439041674,0.11755429177821425,0.2746661421583416,0.1274159237772233,0.0984415791864808,0.3584044921333264,0.2809760007949091,0.3602366990445305,0.42798974367377857,0.7726002862766023,0.6056903398695322,0.7765499119514605,0.922602829327272,0.9999999999999964,0.7839633904208574,1.0051121203874902,1.1941528442522003,density1.0000_damping0.020_lm2900_bias_summary.pkl,0.05,0.02,0.35840449213332654,0.3775064732852145,0.9493995931098715,1.053297270461616
4.25,0.02,1.0,1.0,2900,100,50,50,0.03930771305877983,0.03930771305877983,0.49619016250966963,0.7978560509965056,0.39588832360327936,Peak absolute acceleration,mean,theory_times_residual,success,0.1,Peak absolute acceleration,0.09498243039884119,0.07588214083545321,0.09672056499059241,0.11747566071441322,0.23992228296691331,0.11904707657504143,0.0949824303988418,0.395888323603272,0.31627800426489683,0.4031328970136998,0.48964047549770023,0.7978560509965056,0.6374128875615087,0.8124564480978624,0.986800046621576,0.9999999999999934,0.7989071296324556,1.0182995379719384,1.2368146426778073,density1.0000_damping0.020_lm2900_bias_summary.pkl,0.05,0.02,0.39588832360327936,0.37585494973275085,1.053300811615679,0.9493964012674342
4.3,0.02,1.0,1.0,2900,100,50,50,0.05783909240979367,0.05783909240979367,0.3394294010835299,1.507826590077767,0.5118006764079176,Peak absolute acceleration,mean,theory_times_residual,success,0.1,Peak absolute acceleration,0.09931885539931079,0.0893628605088096,0.09514584124948414,0.11748347274500164,0.19405768686431452,0.06586888442800863,0.0993188553993114,0.5118006764079112,0.46049637070698607,0.4902966885100011,0.6054048909031173,1.507826590077767,1.3566779107437092,1.4444732452311948,1.783595908222875,0.9999999999999938,0.8997572530364578,0.9579836665147855,1.1828919319766564,density1.0000_damping0.020_lm2900_bias_summary.pkl,0.05,0.02,0.5118006764079176,0.37439190469465916,1.3670185439114153,0.7315189720387546
4.35,0.02,1.0,1.0,2900,100,50,50,0.05236356992651683,0.05236356992651683,0.3541967897751364,1.8216234352931064,0.6452131729599743,Peak absolute acceleration,mean,theory_times_residual,success,0.1,Peak absolute acceleration,0.10463568524212792,0.08080895681782026,0.10661779016820783,0.12179775958635308,0.1621722705413781,0.05744089761630213,0.10463568524212813,0.6452131729599865,0.4982908394145097,0.6574353914654256,0.7510393680729561,1.8216234352931064,1.4068191858284278,1.8561302937917346,2.1204013976234592,0.9999999999999981,0.7722886951122596,1.018942915330397,1.1640174124583953,density1.0000_damping0.020_lm2900_bias_summary.pkl,0.05,0.02,0.6452131729599743,0.37309582824434656,1.7293497383664456,0.5782520318559763
4.4,0.02,1.0,1.0,2900,100,50,50,0.05718426772121399,0.05718426772121399,0.31249529025859785,2.401226990974394,0.7503721255213227,Peak absolute acceleration,mean,theory_times_residual,success,0.1,Peak absolute acceleration,0.09679524563299075,0.07869969899439727,0.10048209215155021,0.10827427125358707,0.1289963237450248,0.040310743630993504,0.09679524563298975,0.7503721255213214,0.6100925724825752,0.7789531455963348,0.8393593562216773,2.401226990974394,1.952325655780953,2.492687633633558,2.6859904209343046,1.0000000000000104,0.8130533527730917,1.0380891281844522,1.1185908000494298,density1.0000_damping0.020_lm2900_bias_summary.pkl,0.05,0.02,0.7503721255213227,0.37194766525460976,2.0174131890508775,0.49568427797900716
1.5,0.02,1.0,1.0,483,100,50,50,0.3001928971872346,0.29,0.11043737246917715,1.5640351183081014,0.17272792891546535,Peak absolute acceleration,mean,theory_times_residual,success,0.1,Peak absolute acceleration,0.5035766574058816,0.4132926827148563,0.5166938614603893,0.5689392229737296,2.9154327303506506,0.3219727303505991,0.5035766574058647,0.1727279289154837,0.14176032203121627,0.1772271594818257,0.19514743627965686,1.5640351183081014,1.2836263563837165,1.604775227075152,1.7670416446579387,1.0000000000000338,0.8207145359832619,1.0260480780068262,1.1297966548024188,density1.0000_damping0.020_lm483_bias_summary.pkl,0.3,0.02,0.17272792891546535,0.2880449811764827,0.5996560961068863,1.6676225031185001
1.6,0.02,1.0,1.0,483,100,50,50,0.3138965818412235,0.29,0.21884780956487895,0.601854664522088,0.13171457500706402,Peak absolute acceleration,mean,theory_times_residual,success,0.1,Peak absolute acceleration,0.5319499885851159,0.4498630532870933,0.5388041447548733,0.5862741555445629,4.038656986567914,0.8838512350943047,0.5319499885851067,0.13171457500706732,0.11138926994376683,0.13341171249424522,0.14516562250630347,0.601854664522088,0.5089805110009197,0.6096095398875403,0.6633176854496434,1.0000000000000173,0.8456867430031343,1.0128849634680837,1.1021226959773962,density1.0000_damping0.020_lm483_bias_summary.pkl,0.3,0.02,0.13171457500706402,0.2880475368676021,0.4572667985271037,2.186907081863596
1.7,0.02,1.0,1.0,483,100,50,50,0.26998490482355225,0.26998490482355225,0.2848414488920467,0.426229940875775,0.12140795392022716,Peak absolute acceleration,mean,theory_times_residual,success,0.1,Peak absolute acceleration,0.6521317701460562,0.5621433548057211,0.63861376810853,0.7730620989247471,5.371408948828668,1.5299999075759918,0.6521317701461321,0.12140795392022148,0.10465473028790828,0.11889129541100965,0.1439216612046132,0.426229940875775,0.36741397958404826,0.41739464489269024,0.505269376224685,0.9999999999998836,0.8620088462792634,0.9792710573898693,1.1854384869970627,density1.0000_damping0.020_lm483_bias_summary.pkl,0.3,0.02,0.12140795392022716,0.28830282244512184,0.4211126096183915,2.374661734556167
1.75,0.02,1.0,1.0,483,100,50,50,0.2978696951003727,0.29,0.3025442100099974,0.43154513641550696,0.13056148238048612,Peak absolute acceleration,mean,theory_times_residual,success,0.1,Peak absolute acceleration,0.6861743200205294,0.5546226245021393,0.6836862736904268,0.8120097788693023,5.255564715640543,1.5900406750497043,0.6861743200205895,0.1305614823804713,0.1055305480021175,0.13008807058464694,0.15450476262860277,0.43154513641550696,0.34881033749957496,0.4299803674324589,0.5106849098963578,0.9999999999999124,0.8082823975188946,0.9963740317036521,1.1833870128583897,density1.0000_damping0.020_lm483_bias_summary.pkl,0.3,0.02,0.13056148238048612,0.2891837776976723,0.4514827332983056,2.2149241294222164
1.8,0.02,1.0,1.0,483,100,50,50,0.3223843922988409,0.29,0.3386196350919983,0.44239154030830213,0.14980246194698432,Peak absolute acceleration,mean,theory_times_residual,success,0.1,Peak absolute acceleration,0.7726302795060181,0.6208584989723349,0.7748641868991164,0.9050004369864018,5.157660758468977,1.7464852039611178,0.7726302795060104,0.14980246194698718,0.12037598594534808,0.15023558608944465,0.17546722814221033,0.44239154030830213,0.35549027129700045,0.44367062780817423,0.5181838557428453,1.00000000000001,0.8035648038144294,1.0028913018973762,1.1713240614450466,density1.0000_damping0.020_lm483_bias_summary.pkl,0.3,0.02,0.14980246194698432,0.2918778686109412,0.5132367954442791,1.9484183692137045
1.85,0.02,1.0,1.0,483,100,50,50,0.29125681402392894,0.29125681402392894,0.36851376832247773,0.46762756512651116,0.1723271961962355,Peak absolute acceleration,mean,theory_times_residual,success,0.1,Peak absolute acceleration,0.9101403567962776,0.6908012513573926,0.8625260489655866,1.189003971933695,5.281466749798591,1.9462932142378089,0.910140356796371,0.1723271961962055,0.13079723570800408,0.16331183927239135,0.22512760720855388,0.46762756512651116,0.35493174733588045,0.44316346717745814,0.6109069092137398,0.9999999999998975,0.7590051866164508,0.9476846538281378,1.3063962750964082,density1.0000_damping0.020_lm483_bias_summary.pkl,0.3,0.02,0.1723271961962355,0.2987396120301824,0.576847492788493,1.7335604514217031
1.9,0.02,1.0,1.0,483,100,50,50,0.29635062293201775,0.29,0.3976624080726144,0.4724070322673988,0.18785851804189105,Peak absolute acceleration,mean,theory_times_residual,success,0.1,Peak absolute acceleration,0.9881509974093063,0.6300608620818845,0.9491735931103408,1.5093639517566477,5.260080872079005,2.091736426247733,0.9881509974093132,0.1878585180418999,0.11978159222347812,0.18044847906210756,0.2869469098409667,0.4724070322673988,0.3012142706775542,0.45377303813225567,0.721584198093363,0.999999999999993,0.6376159754265773,0.9605552143334758,1.5274628631796412,density1.0000_damping0.020_lm483_bias_summary.pkl,0.3,0.02,0.18785851804189105,0.3140583437884852,0.5981643912903342,1.6717812269681191
1.95,0.02,1.0,1.0,483,100,50,50,0.30262135946983865,0.29,0.4216645967917841,0.44880644361411015,0.18924578808409834,Peak absolute acceleration,mean,theory_times_residual,success,0.1,Peak absolute acceleration,0.9905318290028551,0.7725921155506241,0.9772358924957253,1.2637123198180487,5.234102375703481,2.207035667817924,0.9905318290028337,0.18924578808409806,0.1476073756480136,0.18670553656573857,0.2414382121534643,0.44880644361411015,0.35005873571335566,0.44278210214061,0.5725835509797036,1.0000000000000215,0.7799770718406808,0.9865769719681867,1.2757917341134057,density1.0000_damping0.020_lm483_bias_summary.pkl,0.3,0.02,0.18924578808409834,0.3450219971629742,0.5485035436587264,1.823142277859579
2.0,0.02,1.0,1.0,483,100,50,50,0.28344706618298476,0.28344706618298476,0.44355628731055297,0.46117538929866536,0.20455724347631493,Peak absolute acceleration,mean,theory_times_residual,success,0.1,Peak absolute acceleration,1.0865089783264184,0.7903748365230834,1.1277586997084492,1.2950340887564777,5.311515543825226,2.3559561146112595,1.086508978326457,0.20455724347630186,0.1488040145984162,0.21232333604285464,0.2438163040418828,0.46117538929866536,0.3354794393755071,0.47868408613992075,0.5496851493645766,0.9999999999999648,0.7274443675012173,1.037965375532864,1.191922123599209,density1.0000_damping0.020_lm483_bias_summary.pkl,0.3,0.02,0.20455724347631493,0.40293708903548553,0.5076654620351738,1.9698011284657364
2.05,0.02,1.0,1.0,483,100,50,50,0.3013771311959044,0.29,0.4302142028066513,0.5722408413189833,0.24618613736145387,Peak absolute acceleration,mean,theory_times_residual,success,0.1,Peak absolute acceleration,1.2894077263385728,0.9540565503527314,1.3173145848285772,1.6172287497258846,5.237531812952714,2.253260573583947,1.2894077263385988,0.2461861373614561,0.1821576621249909,0.2515143834679502,0.30877688336448594,0.5722408413189833,0.42341154926225283,0.5846259417450813,0.7177282417690309,0.9999999999999799,0.739918437639481,1.0216431605922067,1.254241553459716,density1.0000_damping0.020_lm483_bias_summary.pkl,0.3,0.02,0.24618613736145387,0.5047284688806579,0.48775956289412153,2.0501904546298992
2.1,0.02,1.0,1.0,483,100,50,50,0.2624121036107372,0.2624121036107372,0.424415007138736,0.598078005169906,0.2538332808337066,Peak absolute acceleration,mean,theory_times_residual,success,0.1,Peak absolute acceleration,1.3702516596848644,1.062497240616878,1.3239619930380706,1.677260105718578,5.398234838175679,2.2910918773807674,1.3702516596849283,0.2538332808336915,0.19682308615086974,0.24525831734387843,0.31070528719076707,0.598078005169906,0.4637514763622448,0.5778738103474299,0.7320789368063507,0.9999999999999533,0.7754029948492713,0.9662181276558341,1.2240525992898577,density1.0000_damping0.020_lm483_bias_summary.pkl,0.3,0.02,0.2538332808337066,0.6747413824538804,0.37619343860393,2.6582069153332286
2.15,0.02,1.0,1.0,483,100,50,50,0.31513711356370394,0.29,0.5236534858425796,0.6499889108269662,0.3403689589135625,Peak absolute acceleration,mean,theory_times_residual,success,0.1,Peak absolute acceleration,1.3225520855074693,0.9328193497397426,1.3066395061075708,1.7643153691899003,3.8856424796463034,2.0347302292047043,1.3225520855074953,0.3403689589135479,0.2400682395835486,0.33627373412556205,0.4540601402294994,0.6499889108269662,0.45844866132663925,0.6421684247637509,0.8671003870029008,0.9999999999999803,0.7053176657173371,0.9879682777152641,1.334023354182599,density1.0000_damping0.020_lm483_bias_summary.pkl,0.3,0.02,0.3403689589135625,0.946867548719153,0.35946839594828217,2.781885727010765
2.2,0.02,1.0,1.0,483,100,50,50,0.28360584675641887,0.28360584675641887,0.7542766302910802,0.753649967122803,0.5684605576203712,Peak absolute acceleration,mean,theory_times_residual,success,0.1,Peak absolute acceleration,1.5084057255323085,1.1603661909408327,1.5283648208920375,1.828339885922721,2.6534923229267706,2.001467247840432,1.5084057255323133,0.5684605576203646,0.43729773812232575,0.5759823790280536,0.6890315340750952,0.753649967122803,0.5797577713014584,0.7636221989348722,0.9134997776733472,0.999999999999997,0.7692666311852813,1.013231914346308,1.2121008658181163,density1.0000_damping0.020_lm483_bias_summary.pkl,0.3,0.02,0.5684605576203712,1.3670162097432603,0.4158403927976335,2.4047687942778606
2.25,0.02,1.0,1.0,483,100,50,50,0.3294858638873885,0.29,1.4077742676951315,0.842693580628287,1.186322338360375,Peak absolute acceleration,mean,theory_times_residual,success,0.1,Peak absolute acceleration,1.5192889279406716,1.2469956892165062,1.4649926836212552,1.904796384809736,1.2806712634615014,1.8028960500778177,1.519288927940591,1.1863223383604433,0.9737047474978285,1.143925631361131,1.4873421768372461,0.842693580628287,0.6916625554549762,0.8125774547889338,1.0565203605207965,1.000000000000053,0.8207758684234074,0.9642620680498641,1.2537420300901576,density1.0000_damping0.020_lm483_bias_summary.pkl,0.3,0.02,1.186322338360375,1.995950464481873,0.5943646194989084,1.68246892091781
2.3,0.02,1.0,1.0,483,100,50,50,0.27496613216724713,0.27496613216724713,1.3567260512435968,0.8140908063542036,1.1044982050586543,Peak absolute acceleration,mean,theory_times_residual,success,0.1,Peak absolute acceleration,1.4746429945880444,1.0831012460219132,1.5105674528765847,1.7512302512816555,1.3351248447793849,1.8113986585747544,1.4746429945880168,1.1044982050586536,0.8112359306749954,1.1314053953704906,1.311660297633835,0.8140908063542036,0.5979364293413574,0.8339232480524912,0.9667834537647054,1.0000000000000189,0.7344837021549804,1.0243614613302419,1.1875621812931823,density1.0000_damping0.020_lm483_bias_summary.pkl,0.3,0.02,1.1044982050586543,1.8095955992181156,0.6103563721838754,1.6383870892049275
2.35,0.02,1.0,1.0,483,100,50,50,0.34606713993496774,0.29,1.264264215432064,0.9474743583247506,1.197857926269439,Peak absolute acceleration,mean,theory_times_residual,success,0.1,Peak absolute acceleration,1.5144171994081115,1.0666592343573553,1.5506943284656516,1.844367684607894,1.2642711344946345,1.5983727539453252,1.5144171994080649,1.1978579262694846,0.8436949996360786,1.2265520315667957,1.4588387208137445,0.9474743583247506,0.6673407262007433,0.97017064676435,1.1539033558069418,1.0000000000000309,0.7043364502029407,1.0239545146950035,1.2178729119880545,density1.0000_damping0.020_lm483_bias_summary.pkl,0.3,0.02,1.197857926269439,1.6445083011644366,0.7283988322961349,1.3728742491908266
2.4,0.02,1.0,1.0,483,100,50,50,0.296837480432079,0.29,1.196371236609712,0.9751087215445501,1.1665920270231687,Peak absolute acceleration,mean,theory_times_residual,success,0.1,Peak absolute acceleration,1.5304114779278581,1.304210625407917,1.4834994053866983,1.882447086556027,1.311865195781457,1.5694777865423266,1.530411477927889,1.1665920270231858,0.9941651242839931,1.1308321999525275,1.4349394225941663,0.9751087215445501,0.83098380658269,0.9452184784691697,1.1994098308987184,0.9999999999999799,0.8521960559089389,0.9693467585562625,1.2300267697317449,density1.0000_damping0.020_lm483_bias_summary.pkl,0.3,0.02,1.1665920270231687,1.4982614299627515,0.7786304871054098,1.28430624867711
2.45,0.02,1.0,1.0,483,100,50,50,0.29972231743020655,0.29,1.1311460643246034,0.9898136699372849,1.119623837164252,Peak absolute acceleration,mean,theory_times_residual,success,0.1,Peak absolute acceleration,1.4651213389566855,1.0974387342482737,1.3475608654637976,1.889986661552906,1.3085835530865408,1.480199135913648,1.4651213389567723,1.1196238371641773,0.8386462841136568,1.0297858797669597,1.4442995688697264,0.9898136699372849,0.7414129002114862,0.9103916039189011,1.2768462132538119,0.9999999999999408,0.7490428984057361,0.9197605888556077,1.2899864409173478,density1.0000_damping0.020_lm483_bias_summary.pkl,0.3,0.02,1.119623837164252,1.3687048403732118,0.8180170071283537,1.2224684710534786
2.5,0.02,1.0,1.0,483,100,50,50,0.22870433113331326,0.22870433113331326,1.0145392531366697,1.043583978098255,1.0587569097251983,Peak absolute acceleration,mean,theory_times_residual,success,0.1,Peak absolute acceleration,1.4628998616078117,0.9926848025280105,1.5157724241544006,1.8436325290005904,1.3817145826113377,1.4018036806905416,1.462899861607817,1.058756909725191,0.7184441816137672,1.09702281732433,1.3343077884553134,1.043583978098255,0.708148235164431,1.081301501083031,1.3151859667627637,0.9999999999999964,0.6785733108464368,1.0361422978661528,1.2602588717004353,density1.0000_damping0.020_lm483_bias_summary.pkl,0.3,0.02,1.0587569097251983,1.2539337724068889,0.8443483483923891,1.1843453023908472
2.55,0.02,1.0,1.0,483,100,50,50,0.3077656479083875,0.29,0.9879835520576505,1.1070117928801337,1.0937094432994228,Peak absolute acceleration,mean,theory_times_residual,success,0.1,Peak absolute acceleration,1.4214478578770013,1.1984351018019106,1.4316890731665666,1.722195364785187,1.299657661900473,1.2840403932633755,1.4214478578770036,1.0937094432994272,0.922115982488384,1.101589376292389,1.3251146169267702,1.1070117928801337,0.9333313095829486,1.1149875663396722,1.3412314548830082,0.9999999999999982,0.8431087325227866,1.0072047773211033,1.2115782898694318,density1.0000_damping0.020_lm483_bias_summary.pkl,0.3,0.02,1.0937094432994228,1.1522608789602033,0.9491856082854959,1.0535347262652748
2.6,0.02,1.0,1.0,483,100,50,50,0.2900408428461541,0.2900408428461541,0.8330000039223394,1.2707127543936103,1.058503729394044,Peak absolute acceleration,mean,theory_times_residual,success,0.1,Peak absolute acceleration,1.3940697769852608,0.9660088466814011,1.4002491279193359,1.7127552730434026,1.317019239774743,1.0970770318981466,1.3940697769852683,1.0585037293940338,0.733481195648002,1.0631956509297678,1.30047855135081,1.2707127543936103,0.8805296424901237,1.276345313233516,1.5611987337662316,0.9999999999999943,0.6929415317864747,1.0044325980206175,1.2286008213644113,density1.0000_damping0.020_lm483_bias_summary.pkl,0.3,0.02,1.058503729394044,1.0621918176396505,0.9965278510111215,1.0034842468129213
2.65,0.02,1.0,1.0,483,100,50,50,0.30601216324740327,0.29,0.632363729560142,1.6413804476177758,1.0379494614826719,Peak absolute acceleration,mean,theory_times_residual,success,0.1,Peak absolute acceleration,1.3497462523891093,1.1117783856590988,1.3098838292519503,1.6580600034804152,1.3003968906742933,0.8223238276951996,1.349746252389115,1.037949461482661,0.8549531251821201,1.0072954177649085,1.2750415010763854,1.6413804476177758,1.3519958296419299,1.5929051124826075,2.0163102997119853,0.9999999999999959,0.8236943675088545,0.9704667280486192,1.228423491115882,density1.0000_damping0.020_lm483_bias_summary.pkl,0.3,0.02,1.0379494614826719,0.9824070766970984,1.0565370365330689,0.9464883533864613
2.7,0.02,1.0,1.0,483,100,50,50,0.31685581429837295,0.29,0.45605973977285597,2.2139296706348346,1.0096841894651274,Peak absolute acceleration,mean,theory_times_residual,success,0.1,Peak absolute acceleration,1.3016257258043429,0.9374934523835639,1.2914694452746556,1.6467282463362158,1.2891414358918527,0.5879255077832293,1.3016257258043673,1.0096841894651019,0.7272231163177126,1.0018058603330768,1.2773836915706442,2.2139296706348346,1.5945786327903666,2.196654896202983,2.800913082586258,0.9999999999999812,0.7202480972817433,0.9921972343290655,1.2651319144130968,density1.0000_damping0.020_lm483_bias_summary.pkl,0.3,0.02,1.0096841894651274,0.9117694278029013,1.107389827599455,0.9030243687245457
2.75,0.02,1.0,1.0,483,100,50,50,0.27364775871909297,0.27364775871909297,0.27129608287103996,3.02510126885189,0.8206981245277305,Peak absolute acceleration,mean,theory_times_residual,success,0.1,Peak absolute acceleration,1.0933920220281592,0.7328052285889567,1.045966843325758,1.5528146523127593,1.3322706478187278,0.36143980807727866,1.093392022028162,0.8206981245277191,0.550042312940504,0.7851008689850496,1.1655399410436003,3.02510126885189,2.0274613150311245,2.8938894387142944,4.296191558348646,0.9999999999999974,0.6702127085486289,0.9566256404409887,1.4201810704932727,density1.0000_damping0.020_lm483_bias_summary.pkl,0.3,0.02,0.8206981245277305,0.8494454110231565,0.9661575822031906,1.0350278447534758
2.8,0.02,1.0,1.0,483,100,50,50,0.3275071638706635,0.29,0.18814036653661179,4.8870550261645676,0.9194523239071927,Peak absolute acceleration,mean,theory_times_residual,success,0.1,Peak absolute acceleration,1.1746419553643814,0.9513465826589763,1.1979953605562743,1.438197315509672,1.2775452569120669,0.24035783290254004,1.1746419553643739,0.9194523239071691,0.7446676174576078,0.9377322283297648,1.1257505812247421,4.8870550261645676,3.958042769692998,4.984216016966819,5.983567492442946,1.0000000000000064,0.8099034589343173,1.0198812966668267,1.2243708041771275,density1.0000_damping0.020_lm483_bias_summary.pkl,0.3,0.02,0.9194523239071927,0.7953885780833032,1.1559787872776088,0.8650677771994928
2.85,0.02,1.0,1.0,483,100,50,50,0.22256633514967158,0.22256633514967158,0.1900963921182259,3.32973585884845,0.6329707734737726,Peak absolute acceleration,mean,theory_times_residual,success,0.1,Peak absolute acceleration,0.8776542125380193,0.5553765913918459,0.84283217915731,1.3175073316250916,1.3865635655204054,0.2635807312480173,0.8776542125380118,0.6329707734737844,0.4005417459410899,0.6078568629062296,0.9501961283185775,3.32973585884845,2.1070454913840506,3.1976244058760273,4.998496382443745,1.0000000000000084,0.6327965882893682,0.9603237438124943,1.5011690399287287,density1.0000_damping0.020_lm483_bias_summary.pkl,0.3,0.02,0.6329707734737726,0.7514531993082684,0.8423289355297755,1.187184670761746
2.9,0.02,1.0,1.0,483,100,50,50,0.27078083497722505,0.27078083497722505,0.1699666751666591,3.8628945757442135,0.656563347558566,Peak absolute acceleration,mean,theory_times_residual,success,0.1,Peak absolute acceleration,0.8753547290545219,0.5276173088870462,0.881254501665405,1.2105597203336396,1.3332372760519067,0.2266059070188005,0.8753547290545121,0.6565633475585796,0.39574149205419046,0.6609884958175256,0.9079852041929476,3.8628945757442135,2.3283475520489056,3.888929963296549,5.342136647096338,1.0000000000000113,0.6027468537891331,1.006739864897132,1.3829361745051507,density1.0000_damping0.020_lm483_bias_summary.pkl,0.3,0.02,0.656563347558566,0.7224134352574809,0.9088470888204934,1.1002951016741624
2.95,0.02,1.0,1.0,483,100,50,50,0.25347607833842306,0.25347607833842306,0.1624840155144968,3.4640735455879295,0.5628565797246671,Peak absolute acceleration,mean,theory_times_residual,success,0.1,Peak absolute acceleration,0.7603459328003067,0.5363229933565615,0.8029666867865648,0.9755294366092149,1.3508697600590578,0.21949474305149583,0.7603459328003017,0.5628565797246551,0.3970205042809711,0.5944071816008824,0.7221491408369126,3.4640735455879295,2.4434434551844113,3.65825019598843,4.4444318941175975,1.0000000000000064,0.7053670838763099,1.0560544248974855,1.283007371416333,density1.0000_damping0.020_lm483_bias_summary.pkl,0.3,0.02,0.5628565797246671,0.713868706306587,0.7884595230918264,1.2682959247909844
3.0,0.02,1.0,1.0,483,100,50,50,0.2427190414540401,0.2427190414540401,0.2780538402202925,1.955084980632894,0.5436188868219923,Peak absolute acceleration,mean,theory_times_residual,success,0.1,Peak absolute acceleration,0.7400970013094317,0.48862987264070806,0.7388486611101439,1.0987038864795973,1.3614262109914135,0.378549786142723,0.7400970013094204,0.5436188868219899,0.3589102873852264,0.5427019511928611,0.8070241909618462,1.955084980632894,1.2907942112969046,1.9517872896950443,2.9024026077916143,1.0000000000000153,0.6602240946473195,0.9983132748854977,1.4845403839438747,density1.0000_damping0.020_lm483_bias_summary.pkl,0.3,0.02,0.5436188868219923,0.7244024436097003,0.7504376767603731,1.3325556951204778
3.1,0.02,1.0,1.0,483,100,50,50,0.28201258056298834,0.28201258056298834,0.19940752096803968,4.025811690404509,0.8027771290677164,Peak absolute acceleration,mean,theory_times_residual,success,0.1,Peak absolute acceleration,0.7055239999670794,0.37190724369458333,0.6563192953273982,1.0199068840856365,0.8788541357505576,0.1752501245025172,0.7055239999670855,0.8027771290676683,0.4231728890676127,0.7467897898288769,1.1604961990815656,4.025811690404509,2.122151095471784,3.7450432471331627,5.81972130964727,0.9999999999999912,0.5271362047385117,0.9302579293659992,1.4456019697887212,density1.0000_damping0.020_lm483_bias_summary.pkl,0.3,0.02,0.8027771290677164,0.7297193026677502,1.1001177111978129,0.9089936375182862
3.2,0.02,1.0,1.0,483,100,50,50,0.27712245381155837,0.27712245381155837,0.15305554311166272,3.9750866287306974,0.6084090428762853,Peak absolute acceleration,mean,theory_times_residual,success,0.1,Peak absolute acceleration,0.6252992048198857,0.4184208903704772,0.5755869314387418,0.8522714359730778,1.0277611947773402,0.15730454785574138,0.6252992048198696,0.6084090428763016,0.4071187864425317,0.5600395640189939,0.8292504526381914,3.9750866287306974,2.6599414706954096,3.659060969849346,5.417970729966859,1.000000000000026,0.6691530824687552,0.9204984221986204,1.3629818003984067,density1.0000_damping0.020_lm483_bias_summary.pkl,0.3,0.02,0.6084090428762853,0.6225359164846286,0.9773075364260106,1.0232193682420594
3.3,0.02,1.0,1.0,483,100,50,50,0.32094467148393063,0.29,0.11870757233679922,4.335302580435386,0.514633244668946,Peak absolute acceleration,mean,theory_times_residual,success,0.1,Peak absolute acceleration,0.5834981449844825,0.4562394687572068,0.605817402886219,0.6610911079579744,1.133813547859337,0.13459225374896044,0.5834981449844787,0.514633244668966,0.4023937353885003,0.53431836656919,0.5830686264122772,4.335302580435386,3.389789947407955,4.501131276218771,4.911806508501091,1.0000000000000064,0.7819038889478268,1.0382507778192407,1.1329789368491645,density1.0000_damping0.020_lm483_bias_summary.pkl,0.3,0.02,0.514633244668946,0.5126677290563539,1.0038338976713304,0.9961807449616737
3.4,0.02,1.0,1.0,483,100,50,50,0.307770664617579,0.29,0.0951864980077992,,0.4083594976289157,Peak absolute acceleration,mean,direct_code_bias,success,0.1,Peak absolute acceleration,0.5252061043434773,0.30578791053235976,0.4993911202960024,0.7633293889787498,1.2861366207790335,0.12242284089154054,0.5252061043434755,0.4083594976289157,0.23775694245230272,0.3882877699209849,0.5935056794482603,4.290098975964617,2.4978011317615962,4.079231593215793,6.235187677559409,1.0000000000000038,0.5822245933615042,0.9508478979319126,1.453390169432505,density1.0000_damping0.020_lm483_bias_summary.pkl,0.3,0.02,0.4083594976289157,0.4653834932921801,0.87746880479179,1.1396416539700105
3.45,0.02,1.0,1.0,483,100,50,50,0.30188684053650533,0.29,0.07939656200633387,,0.3898689595422709,Peak absolute acceleration,mean,direct_code_bias,success,0.1,Peak absolute acceleration,0.5032147155162315,0.30945922576575136,0.43763582499848086,0.774556235041176,1.29072782841454,0.10247935206201494,0.5032147155162325,0.3898689595422709,0.2397556006411315,0.33906127640871353,0.6000926128575059,4.9104010260692625,3.0197227006127383,4.270478064045989,7.558168737956662,0.9999999999999978,0.6149645791822416,0.8696801017623734,1.5392161857718778,density1.0000_damping0.020_lm483_bias_summary.pkl,0.3,0.02,0.3898689595422709,0.4524894495842787,0.8616089499997386,1.160619327364579
3.5,0.02,1.0,1.0,483,100,50,50,0.2323656798767045,0.2323656798767045,0.11085954926192568,2.560499067187737,0.28385577247401367,Peak absolute acceleration,mean,theory_times_residual,success,0.1,Peak absolute acceleration,0.3866519939195015,0.2627876744043258,0.37752816832815206,0.4973588108020133,1.3621424378639349,0.1510064966921357,0.38665199391950195,0.2838557724740123,0.1929223164182598,0.27715762891888074,0.3651298109336894,2.560499067187737,1.7402408516243102,2.5000789806933748,3.2936252525346834,0.999999999999999,0.6796490863539585,0.9764030039031704,1.2863215982937868,density1.0000_damping0.020_lm483_bias_summary.pkl,0.3,0.02,0.28385577247401367,0.44202647847646664,0.642169160210446,1.557222087202518
3.55,0.02,1.0,1.0,483,100,50,50,0.3212475218532831,0.29,0.07551422776501392,,0.373887734028263,Peak absolute acceleration,mean,direct_code_bias,success,0.1,Peak absolute acceleration,0.4745595632515256,0.31404187766788294,0.4625400276463364,0.6269539943774772,1.2692568385130618,0.09584694999577541,0.4745595632515203,0.373887734028263,0.24742185201521855,0.3644179913879396,0.4939536076181049,4.951222373507374,3.2764931766918486,4.825818950594917,6.541199218181811,1.000000000000011,0.6617543971007034,0.9746722297137368,1.321128142654638,density1.0000_damping0.020_lm483_bias_summary.pkl,0.3,0.02,0.373887734028263,0.43297090208476896,0.8635400952534814,1.1580238201984978
3.6,0.02,1.0,1.0,483,100,50,50,0.2544286391607137,0.2544286391607137,0.10547763496591829,2.6880411334111773,0.2835282214433174,Peak absolute acceleration,mean,theory_times_residual,success,0.1,Peak absolute acceleration,0.37864294971770013,0.28587548788448314,0.3730791245542723,0.48854224789061196,1.3354682923279948,0.14086203704673028,0.37864294971770224,0.283528221443317,0.21406385275246306,0.2793620235669683,0.36582092641000313,2.6880411334111773,2.029471487691502,2.648542732847922,3.4682321662616626,0.9999999999999943,0.755000160699197,0.9853058794107269,1.2902451986887524,density1.0000_damping0.020_lm483_bias_summary.pkl,0.3,0.02,0.2835282214433174,0.42498451755676697,0.6671495307013008,1.4989143422596798
3.65,0.02,1.0,1.0,483,100,50,50,0.3190734062703933,0.29,0.06844748955987565,,0.3270176686957616,Peak absolute acceleration,mean,direct_code_bias,success,0.1,Peak absolute acceleration,0.41485956163612686,0.3164332267366277,0.4003309799012038,0.5612997983259803,1.2686151280164872,0.0868335207304107,0.4148595616361305,0.3270176686957616,0.24943201428740588,0.31556535237533523,0.4424508157991046,4.777642990247146,3.6441367812212517,4.610327630778658,6.464091212754463,0.9999999999999912,0.7627478211871812,0.9649795181829035,1.3529874931948445,density1.0000_damping0.020_lm483_bias_summary.pkl,0.3,0.02,0.3270176686957616,0.4179141278307535,0.7824996737803371,1.2779558043377672
3.7,0.02,1.0,1.0,483,100,50,50,0.3138694674196093,0.29,0.0635645792374405,,0.31459181187431445,Peak absolute acceleration,mean,direct_code_bias,success,0.1,Peak absolute acceleration,0.4002129942975101,0.33956187340866534,0.38080828856348226,0.4665185980588914,1.2721659597974626,0.08086469395472182,0.400212994297517,0.31459181187431445,0.26691633335537907,0.2993385301899679,0.3667120586477289,4.949168477921891,4.199136320218989,4.7092033610701165,5.7691258724123395,0.9999999999999826,0.8484528944510886,0.9515140537400709,1.165675789407485,density1.0000_damping0.020_lm483_bias_summary.pkl,0.3,0.02,0.31459181187431445,0.41165108461407046,0.7642195627135147,1.3085244722724476
3.75,0.02,1.0,1.0,483,100,50,50,0.2623897468381082,0.2623897468381082,0.08304667000517141,,0.2758886364835739,Peak absolute acceleration,mean,direct_code_bias,success,0.1,Peak absolute acceleration,0.3648434926956507,0.3021733257674505,0.3395639523652203,0.453047152671508,1.3224303013921817,0.10982343284455631,0.3648434926956572,0.2758886364835739,0.2284984890692077,0.256772664697524,0.3425867905435659,3.3220914994712363,2.751446735371544,3.0919080160773875,4.125232119749428,0.9999999999999822,0.8282272585837661,0.930711275282291,1.2417575254642899,density1.0000_damping0.020_lm483_bias_summary.pkl,0.3,0.02,0.2758886364835739,0.4061028385683119,0.679356582328249,1.471981027360983
3.8,0.02,1.0,1.0,483,100,50,50,0.28334895593884163,0.28334895593884163,0.05759756794295593,,0.3021131487662975,Peak absolute acceleration,mean,direct_code_bias,success,0.1,Peak absolute acceleration,0.3925164948177237,0.31478610420198727,0.3788589094412149,0.4990911458879018,1.299236714524327,0.07483287493879497,0.3925164948177163,0.3021131487662975,0.2422854131837214,0.29160114181342367,0.38414181211822335,5.245241414802771,4.206521591739561,5.062733588026381,6.669410286536543,1.0000000000000189,0.8019691104909443,0.9652050663938496,1.271516362948463,density1.0000_damping0.020_lm483_bias_summary.pkl,0.3,0.02,0.3021131487662975,0.40118778263315846,0.7530467323391851,1.3279388344116763
3.85,0.02,1.0,1.0,483,100,50,50,0.34349437699637964,0.29,0.04417959982754685,,0.30800439201393565,Peak absolute acceleration,mean,direct_code_bias,success,0.1,Peak absolute acceleration,0.3817678544433131,0.2831954390422535,0.37701508024875985,0.4712027330052347,1.2394883460818964,0.054760099120804956,0.3817678544433064,0.30800439201393565,0.22847769399159967,0.3041699274063602,0.3801590668397467,6.971642867210743,5.171565493654472,6.884850215793726,8.604855370435425,1.0000000000000175,0.7418001168673798,0.987550617111341,1.2342650841892966,density1.0000_damping0.020_lm483_bias_summary.pkl,0.3,0.02,0.30800439201393565,0.3968336527492399,0.7761549200278378,1.2884025781401363
3.9,0.02,1.0,1.0,483,100,50,50,0.3274032034172791,0.29,0.036313012841997734,,0.2984655099194074,Peak absolute acceleration,mean,direct_code_bias,success,0.1,Peak absolute acceleration,0.3739145900407193,0.3058050721014788,0.3604768088173126,0.4595156447639625,1.2527899459528336,0.04549257739570989,0.3739145900407228,0.2984655099194074,0.2440992387346251,0.2877392255436285,0.36679384780220997,8.219243917272113,6.7220871976868315,7.923859878981199,10.100892740522028,0.9999999999999906,0.817847391480963,0.9640618965364611,1.2289321064308214,density1.0000_damping0.020_lm483_bias_summary.pkl,0.3,0.02,0.2984655099194074,0.3929764336939276,0.7594997672350665,1.3166560980531397
4.0,0.02,1.0,1.0,483,100,50,50,0.27889848557839453,0.27889848557839453,0.02705901853162046,,0.2773091445739969,Peak absolute acceleration,mean,direct_code_bias,success,0.1,Peak absolute acceleration,0.35900593184637136,0.2854302771360503,0.3359722179151369,0.4300841569404426,1.2946054570175722,0.035030753052576226,0.35900593184637725,0.2773091445739969,0.22047665224091206,0.259517072243097,0.3322125320954868,10.24830757442051,8.14799147216903,9.590779205085598,12.277331186541916,0.9999999999999835,0.795057272920463,0.9358402970870778,1.1979862135661885,density1.0000_damping0.020_lm483_bias_summary.pkl,0.3,0.02,0.2773091445739969,0.38653236211840525,0.7174280131531265,1.3938680699195742
4.1,0.02,1.0,1.0,483,100,50,50,0.32639304308178996,0.29,0.0032017301162969823,,0.3080095423115432,Peak absolute acceleration,mean,direct_code_bias,success,0.1,Peak absolute acceleration,0.3839284988188982,0.2748898683282034,0.3818311215601532,0.48456686828732504,1.2464824821257159,0.003990900502458604,0.3839284988189071,0.3080095423115432,0.2205324762040891,0.30632690554061315,0.3887474354721443,96.20096982682931,68.87915851544203,95.67542997499568,121.41792760526263,0.9999999999999765,0.7159923505909482,0.9945370628510097,1.2621278956316482,density1.0000_damping0.020_lm483_bias_summary.pkl,0.3,0.02,0.3080095423115432,0.381475207831564,0.8074169329702128,1.2385174984147482
4.2,0.02,1.0,1.0,483,100,50,50,0.35944378631926427,0.29,0.0,,0.3034418581536414,Peak absolute acceleration,mean,direct_code_bias,success,0.1,Peak absolute acceleration,0.36785241222467585,0.28553806095867823,0.38195319531203586,0.43037167111556174,1.2122665424702925,0.0,0.36785241222467313,0.3034418581536414,0.23554065954573317,0.3150736095823546,0.35501406335818947,,,,,1.0000000000000073,0.7762299538334418,1.0383327188262403,1.169957452535893,density1.0000_damping0.020_lm483_bias_summary.pkl,0.3,0.02,0.3034418581536414,0.3775064732852145,0.8038057083179777,1.2440817347423179
4.25,0.02,1.0,1.0,483,100,50,50,0.2687566177211515,0.2687566177211515,0.0,,0.2799332396283732,Peak absolute acceleration,mean,direct_code_bias,success,0.1,Peak absolute acceleration,0.3176149823353554,0.28191562804241616,0.3171922270887553,0.346109419571716,1.1346097475133958,0.0,0.3176149823353559,0.2799332396283732,0.24846924562411069,0.27956063993272745,0.30504710569448873,,,,,0.9999999999999986,0.8876017937489915,0.998668969443783,1.0897137692524657,density1.0000_damping0.020_lm483_bias_summary.pkl,0.3,0.02,0.2799332396283732,0.37585494973275085,0.7447906162401678,1.3426592362940502
4.3,0.02,1.0,1.0,483,100,50,50,0.3096844681738287,0.29,0.0,,0.3499450845776806,Peak absolute acceleration,mean,direct_code_bias,success,0.1,Peak absolute acceleration,0.32910761307963976,0.2609568922452769,0.327386390195935,0.3955532634136469,0.9404550244699456,0.0,0.3291076130796419,0.3499450845776806,0.2774793960959016,0.3481148823469308,0.42059774590133814,,,,,0.9999999999999932,0.7929226850857656,0.9947700301807045,1.2018964244316206,density1.0000_damping0.020_lm483_bias_summary.pkl,0.3,0.02,0.3499450845776806,0.37439190469465916,0.934702594232322,1.0698590184413688
4.35,0.02,1.0,1.0,483,100,50,50,0.2780185887586409,0.2780185887586409,0.0,,0.3879626405405148,Peak absolute acceleration,mean,direct_code_bias,success,0.1,Peak absolute acceleration,0.3108489352816625,0.2427675318697073,0.32821605621522976,0.36987276760683746,0.8012341983459632,0.0,0.3108489352816599,0.3879626405405148,0.3029919745947779,0.4096381019342238,0.4616287826585391,,,,,1.0000000000000082,0.7809823496732774,1.0558699707876866,1.1898794740014025,density1.0000_damping0.020_lm483_bias_summary.pkl,0.3,0.02,0.3879626405405148,0.37309582824434656,1.039847168396734,0.9616797837145978
4.4,0.02,1.0,1.0,483,100,50,50,0.34667099182053485,0.29,0.0,,0.5235369498367582,Peak absolute acceleration,mean,direct_code_bias,success,0.1,Peak absolute acceleration,0.3181032483121941,0.27800432938473024,0.31652779276465093,0.36283307446441543,0.6076041975860165,0.0,0.3181032483121929,0.5235369498367582,0.4575418183238836,0.520944052102012,0.5971536666565744,,,,,1.0000000000000038,0.8739436986568939,0.9950473453009328,1.1406141760247723,density1.0000_damping0.020_lm483_bias_summary.pkl,0.3,0.02,0.5235369498367582,0.37194766525460976,1.4075554136853714,0.7104516030255078
1.5,0.02,1.0,1.0,580,100,50,50,0.26289933277452654,0.26289933277452654,0.15466374883949446,1.216319125322847,0.1881204757076064,Peak absolute acceleration,mean,theory_times_residual,success,0.1,Peak absolute acceleration,0.4705371391123537,0.38696424017209424,0.44744346242652455,0.5886037632407363,2.5012542486006284,0.38685335888923,0.4705371391124085,0.18812047570757914,0.15470807911214476,0.17888763714318717,0.2353234436563341,1.216319125322847,1.000286623549509,1.1566229222133848,1.5215164860679795,0.9999999999998833,0.8223883047829957,0.950920608032245,1.250918820884237,density1.0000_damping0.020_lm580_bias_summary.pkl,0.25,0.02,0.1881204757076064,0.2880449811764827,0.6530940929407294,1.5311729363484488
1.6,0.02,1.0,1.0,580,100,50,50,0.2712993515491002,0.2712993515491002,0.242617883071339,0.6317118475177222,0.15326459115583427,Peak absolute acceleration,mean,theory_times_residual,success,0.1,Peak absolute acceleration,0.5330990592943001,0.4866106652027639,0.5202265329036231,0.5938990052263174,3.4782923783894235,0.8438959335480001,0.5330990592942081,0.15326459115583158,0.1398992989278499,0.1495637733434321,0.17074441726526576,0.6317118475177222,0.5766240194533251,0.6164581581954418,0.703758581617264,1.0000000000001725,0.9127959554965411,0.9758534062925801,1.1140499966602921,density1.0000_damping0.020_lm580_bias_summary.pkl,0.25,0.02,0.15326459115583427,0.2880475368676021,0.532080894780597,1.8794134685338055
1.7,0.02,1.0,1.0,580,100,50,50,0.28419155488796827,0.28419155488796827,0.26895844333283453,0.4994459959803946,0.13433021760770406,Peak absolute acceleration,mean,theory_times_residual,success,0.1,Peak absolute acceleration,0.5946294914184377,0.47362966991300604,0.6261078325110541,0.7143289691191815,4.426624939705932,1.19057815300171,0.5946294914184181,0.13433021760771538,0.1069956629179589,0.1414413556691901,0.1613710171629394,0.4994459959803946,0.3978148504731766,0.5258855379905116,0.5999849462365832,1.000000000000033,0.7965122429148589,1.0529377394611692,1.2013009435761997,density1.0000_damping0.020_lm580_bias_summary.pkl,0.25,0.02,0.13433021760770406,0.28830282244512184,0.4659344520752242,2.1462246364185686
1.75,0.02,1.0,1.0,580,100,50,50,0.20787929109527103,0.20787929109527103,0.4072291762006833,0.3449371061200492,0.1404684535663153,Peak absolute acceleration,mean,theory_times_residual,success,0.1,Peak absolute acceleration,0.6610305098127287,0.5311683381490081,0.6583826410217543,0.8418831130567372,4.705900100912276,1.9163798213772594,0.6610305098127206,0.14046845356631832,0.11287284616306176,0.13990578357031455,0.1788994868151858,0.3449371061200492,0.27717278809963114,0.3435554025759827,0.43930910963761594,1.000000000000012,0.8035458730936574,0.9959943319534275,1.273591915288834,density1.0000_damping0.020_lm580_bias_summary.pkl,0.25,0.02,0.1404684535663153,0.2891837776976723,0.4857411251926102,2.058709769743057
1.8,0.02,1.0,1.0,580,100,50,50,0.26142678407551045,0.26142678407551045,0.3720844319783693,0.4186606980883822,0.15577712803988325,Peak absolute acceleration,mean,theory_times_residual,success,0.1,Peak absolute acceleration,0.701888119603126,0.5266694517149688,0.6848752506937575,0.9011720617849581,4.505719988774018,1.6765082626766001,0.7018881196031068,0.15577712803988653,0.11688907722343231,0.15200129000473206,0.20000622853400218,0.4186606980883822,0.3141466483881945,0.40851289906578325,0.5375291502269172,1.0000000000000278,0.7503609720774045,0.9757612809873895,1.2839255098013902,density1.0000_damping0.020_lm580_bias_summary.pkl,0.25,0.02,0.15577712803988325,0.2918778686109412,0.5337065423330564,1.8736888546065147
1.85,0.02,1.0,1.0,580,100,50,50,0.26619583359045534,0.26619583359045534,0.3992974951598239,0.44839936021755694,0.17904474136613807,Peak absolute acceleration,mean,theory_times_residual,success,0.1,Peak absolute acceleration,0.8036068407552195,0.6409425424512757,0.7772829936963361,1.0741887030361985,4.488301832400168,1.7921676791985626,0.8036068407552136,0.1790447413661309,0.14280290550524868,0.1731797509885104,0.23933076320354427,0.44839936021755694,0.35763536520081535,0.43371108781736784,0.5993795756413617,1.0000000000000073,0.7975822379124233,0.9672428783282396,1.3367092570126675,density1.0000_damping0.020_lm580_bias_summary.pkl,0.25,0.02,0.17904474136613807,0.2987396120301824,0.5993337815142172,1.6685193307033461
1.9,0.02,1.0,1.0,580,100,50,50,0.28089291616308437,0.28089291616308437,0.4090822114792095,0.4647106075090202,0.19010484301763692,Peak absolute acceleration,mean,theory_times_residual,success,0.1,Peak absolute acceleration,0.8433561531470725,0.6357048030653195,0.772963229543177,1.1925411835241355,4.436268638716271,1.8147985854415916,0.8433561531471907,0.1901048430176031,0.1432971839255601,0.1742372458686024,0.26881626895102156,0.4647106075090202,0.3502894525954431,0.42592232314039047,0.657120406138049,0.9999999999998597,0.75377976515975,0.9165323886695731,1.4140421921081325,density1.0000_damping0.020_lm580_bias_summary.pkl,0.25,0.02,0.19010484301763692,0.3140583437884852,0.6053169634800206,1.6520270541416375
1.95,0.02,1.0,1.0,580,100,50,50,0.20896124131811852,0.20896124131811852,0.515170854828929,0.4538813402437973,0.233826438044297,Peak absolute acceleration,mean,theory_times_residual,success,0.1,Peak absolute acceleration,1.09889805070132,0.809278469484839,1.1407551922792836,1.3366304707534111,4.699631315827181,2.4211130823555322,1.0988980507013186,0.23382643804430078,0.1722004163942375,0.24273291150254825,0.28441177210049956,0.4538813402437973,0.3342588478756562,0.4711697279209396,0.5520727141968049,1.0000000000000013,0.736445450029105,1.038090104492634,1.2163371023366283,density1.0000_damping0.020_lm580_bias_summary.pkl,0.25,0.02,0.233826438044297,0.3450219971629742,0.6777145804238311,1.4755474190545206
2.0,0.02,1.0,1.0,580,100,50,50,0.2513699412398548,0.2513699412398548,0.4684868708875933,0.5096262860426516,0.2387532240701874,Peak absolute acceleration,mean,theory_times_residual,success,0.1,Peak absolute acceleration,1.083866275230747,0.8350240639971774,1.0671503582254316,1.3054294502929904,4.539692728556263,2.126786441192392,1.083866275230798,0.23875322407017707,0.18393845441225185,0.23507105481229618,0.2875589887574065,0.5096262860426516,0.3926224315822785,0.5017665796416912,0.6138037298945237,0.9999999999999528,0.77041244208781,0.9845775098022984,1.2044192905762408,density1.0000_damping0.020_lm580_bias_summary.pkl,0.25,0.02,0.2387532240701874,0.40293708903548553,0.592532260164191,1.6876718235102544
2.05,0.02,1.0,1.0,580,100,50,50,0.2648029617093017,0.2648029617093017,0.4419326154318029,0.5891528304293465,0.26036585124069056,Peak absolute acceleration,mean,theory_times_residual,success,0.1,Peak absolute acceleration,1.1692483143409989,0.9933972578793592,1.1754242303467042,1.3035608674781651,4.490789820436424,1.9846264907000555,1.1692483143409906,0.2603658512406998,0.22120769343483077,0.2617410917334969,0.29027429908787905,0.5891528304293465,0.5005462048070058,0.5922647086767878,0.6568293195654907,1.0000000000000069,0.8496033269368071,1.0052819541665916,1.1148708546249866,density1.0000_damping0.020_lm580_bias_summary.pkl,0.25,0.02,0.26036585124069056,0.5047284688806579,0.5158533098362941,1.9385355893468177
2.1,0.02,1.0,1.0,580,100,50,50,0.23645591844375105,0.23645591844375105,0.4378902024411424,0.6535312360906977,0.2861749252733657,Peak absolute acceleration,mean,theory_times_residual,success,0.1,Peak absolute acceleration,1.314382059441255,1.0072587010212315,1.2991176080842344,1.7227704845523215,4.5929323059514084,2.0112000572515,1.3143820594411726,0.28617492527336214,0.21930623704513358,0.2828514599269991,0.37509163423114206,0.6535312360906977,0.5008247177547063,0.6459415130783184,0.8565883231460596,1.0000000000000628,0.7663363127837285,0.9883865948661623,1.3107075466967197,density1.0000_damping0.020_lm580_bias_summary.pkl,0.25,0.02,0.2861749252733657,0.6747413824538804,0.42412535041593385,2.3577935132134322
2.15,0.02,1.0,1.0,580,100,50,50,0.24814107938411764,0.24814107938411764,0.5476856506368579,0.728092953909302,0.39876606318592783,Peak absolute acceleration,mean,theory_times_residual,success,0.1,Peak absolute acceleration,1.3605175386548896,1.07053518811437,1.3303813675113683,1.6454716522067594,3.411818768590711,1.8686041821308006,1.3605175386548225,0.39876606318596064,0.31377258310721073,0.38993318747141337,0.48228577301790254,0.728092953909302,0.5729063427941283,0.7119653162684845,0.8805886596755876,1.0000000000000495,0.7868587928479297,0.9778494798580468,1.2094453804937186,density1.0000_damping0.020_lm580_bias_summary.pkl,0.25,0.02,0.39876606318592783,0.946867548719153,0.421142390744478,2.374493810115603
2.2,0.02,1.0,1.0,580,100,50,50,0.24892475102216935,0.24892475102216935,0.7828275189082139,0.7542198927486581,0.5904240873516512,Peak absolute acceleration,mean,theory_times_residual,success,0.1,Peak absolute acceleration,1.341816337416368,1.1545966959026053,1.3280718767101685,1.5617021604143666,2.272631429105638,1.7790784230395855,1.3418163374163468,0.5904240873516481,0.5080439710177644,0.5843762695972274,0.6871779296957765,0.7542198927486581,0.6489858349976261,0.7464942857556192,0.8778152442241259,1.000000000000016,0.8604729751060932,0.9897568241473025,1.163871773555394,density1.0000_damping0.020_lm580_bias_summary.pkl,0.25,0.02,0.5904240873516512,1.3670162097432603,0.43190715892282533,2.315312398372863
2.25,0.02,1.0,1.0,580,100,50,50,0.26999587296090005,0.26999587296090005,1.4386930763353896,0.8460445575435177,1.217198447209097,Peak absolute acceleration,mean,theory_times_residual,success,0.1,Peak absolute acceleration,1.3598663504273656,1.0213205706817146,1.3970634924346936,1.5992736366993174,1.1172100601553459,1.6073223783576183,1.3598663504274313,1.217198447209005,0.9141705817970364,1.2504931187608843,1.431488753759469,0.8460445575435177,0.6354173776422577,0.8691868608600037,0.9949924534326927,0.9999999999999519,0.7510448143383314,1.0273535277901173,1.176052070261637,density1.0000_damping0.020_lm580_bias_summary.pkl,0.25,0.02,1.217198447209097,1.995950464481873,0.6098339958176316,1.6397905116116187
2.3,0.02,1.0,1.0,580,100,50,50,0.2609616585205705,0.2609616585205705,1.3771770533289711,0.8903984287908943,1.2262362844509895,Peak absolute acceleration,mean,theory_times_residual,success,0.1,Peak absolute acceleration,1.3794582671012368,1.1982545772431965,1.387760137170467,1.5709211777614218,1.124953065402792,1.5492595477447724,1.3794582671013058,1.2262362844509596,1.06515961784962,1.2336160323929395,1.3964326389020951,0.8903984287908943,0.7734369486297328,0.8957570338621459,1.0139819244930146,0.9999999999999499,0.8686414122270784,1.006018210385303,1.1387957252686176,density1.0000_damping0.020_lm580_bias_summary.pkl,0.25,0.02,1.2262362844509895,1.8095955992181156,0.6776300102524323,1.4757315716100408
2.35,0.02,1.0,1.0,580,100,50,50,0.22326539084890165,0.22326539084890165,1.3694886849020511,0.9458716825415898,1.2953605666099721,Peak absolute acceleration,mean,theory_times_residual,success,0.1,Peak absolute acceleration,1.5017328710968583,1.2091551452260736,1.4690140742347952,1.797986237600837,1.1593164944236158,1.5876708213334503,1.5017328710968187,1.2953605666099695,1.0429896849067402,1.2671380777387746,1.5509019721959123,0.9458716825415898,0.7615905822408013,0.9252636343099145,1.132467897905151,1.0000000000000264,0.8051732558420623,0.9782126385512713,1.1972743436638262,density1.0000_damping0.020_lm580_bias_summary.pkl,0.25,0.02,1.2953605666099721,1.6445083011644366,0.787688676118444,1.2695371030694587
2.4,0.02,1.0,1.0,580,100,50,50,0.26321828733342423,0.26321828733342423,1.2308933316287374,1.0619333212766071,1.3071266437937332,Peak absolute acceleration,mean,theory_times_residual,success,0.1,Peak absolute acceleration,1.4669988917084698,1.2494677560753344,1.398176633920417,1.722820763553035,1.122308154817165,1.3814416237969736,1.4669988917084502,1.3071266437937077,1.1133018598433735,1.2458045750796436,1.535069273227993,1.0619333212766071,0.9044665619970961,1.0121141638091418,1.2471180351564628,1.0000000000000133,0.851716905266519,0.9530863600667867,1.1743845024631598,density1.0000_damping0.020_lm580_bias_summary.pkl,0.25,0.02,1.3071266437937332,1.4982614299627515,0.8724289484153959,1.1462251474075067
2.45,0.02,1.0,1.0,580,100,50,50,0.22712491232273713,0.22712491232273713,1.172493663153876,0.9623311857069506,1.1283272170967555,Peak absolute acceleration,mean,theory_times_residual,success,0.1,Peak absolute acceleration,1.3032090397470137,1.0470414352726947,1.2941909113032108,1.6913401943751198,1.1549921157625012,1.3542209367242384,1.303209039747051,1.1283272170967702,0.9065355693631383,1.1205192603837073,1.4643738007324258,0.9623311857069506,0.7731688433391168,0.9556719115816982,1.2489396290581272,0.9999999999999716,0.8034332201040613,0.9930800599375902,1.297827242437947,density1.0000_damping0.020_lm580_bias_summary.pkl,0.25,0.02,1.1283272170967555,1.3687048403732118,0.8243758506684734,1.2130389302271378
2.5,0.02,1.0,1.0,580,100,50,50,0.25881895615499534,0.25881895615499534,1.103679846455982,1.0289486935340644,1.1356299360907596,Peak absolute acceleration,mean,theory_times_residual,success,0.1,Peak absolute acceleration,1.2763066946633574,1.0117443844968235,1.3019417067526402,1.4951771732018053,1.1238755285519153,1.2403987707877915,1.276306694663282,1.1356299360907391,0.9002281469732061,1.15843941226317,1.3303761272641133,1.0289486935340644,0.8156605829706304,1.049615444173459,1.2054003989799194,1.000000000000059,0.7927125891663085,1.0200853072357514,1.171487370123265,density1.0000_damping0.020_lm580_bias_summary.pkl,0.25,0.02,1.1356299360907596,1.2539337724068889,0.9056538400038612,1.1041746369626122
2.55,0.02,1.0,1.0,580,100,50,50,0.22919396011218596,0.22919396011218596,0.7657962513952417,1.3296824819686082,1.0182658602374812,Peak absolute acceleration,mean,theory_times_residual,success,0.1,Peak absolute acceleration,1.1733171567059417,0.8072040762902383,1.2371654927512674,1.5282383811882065,1.152269954756483,0.8824040119479005,1.173317156705906,1.0182658602375054,0.7005338227888014,1.0736767782969103,1.3262850210402124,1.3296824819686082,0.9147783389020876,1.4020397414334431,1.7319032557599452,1.0000000000000304,0.6879675045036143,1.0544169457341064,1.302493850408481,density1.0000_damping0.020_lm580_bias_summary.pkl,0.25,0.02,1.0182658602374812,1.1522608789602033,0.8837112140406886,1.1315913888063296
2.6,0.02,1.0,1.0,580,100,50,50,0.22609075930854736,0.22609075930854736,0.5244976682592908,1.7314472395161975,0.9081400398402314,Peak absolute acceleration,mean,theory_times_residual,success,0.1,Peak absolute acceleration,1.048676518046295,0.7557153444053891,0.9924334528644692,1.4658627351427966,1.1547519898261687,0.6056647260815853,1.0486765180463489,0.908140039840207,0.6544395255981773,0.8594342868496513,1.2694178040459245,1.7314472395161975,1.2477453479824934,1.6385855245114351,2.4202544279346716,0.9999999999999485,0.7206372331224341,0.9463675745437126,1.3978216446322766,density1.0000_damping0.020_lm580_bias_summary.pkl,0.25,0.02,0.9081400398402314,1.0621918176396505,0.854968024380199,1.169634385712716
2.65,0.02,1.0,1.0,580,100,50,50,0.2284430533361498,0.2284430533361498,0.3630683911191309,2.676641114892274,0.9718037831872548,Peak absolute acceleration,mean,theory_times_residual,success,0.1,Peak absolute acceleration,1.1195988907123453,0.8328221524527444,1.091275185748699,1.427431840589302,1.1520832806807628,0.4182850231520131,1.1195988907123782,0.9718037831872514,0.7228836373362106,0.9472190110283238,1.2390005692521087,2.676641114892274,1.9910398564523315,2.6089272274807405,3.41258176023803,0.9999999999999706,0.743857607721312,0.9747019176254654,1.2749493166084294,density1.0000_damping0.020_lm580_bias_summary.pkl,0.25,0.02,0.9718037831872548,0.9824070766970984,0.9892068229541657,1.0109109407611767
2.7,0.02,1.0,1.0,580,100,50,50,0.24178090965081958,0.24178090965081958,0.26419443210166726,3.4501654458172606,0.9115145006144868,Peak absolute acceleration,mean,theory_times_residual,success,0.1,Peak absolute acceleration,1.0384202656812522,0.7551617415121945,1.0563091514655345,1.2608614877773117,1.1392251741263824,0.30097694791424007,1.03842026568124,0.9115145006144791,0.6628731164506545,0.927217178355954,1.1067710900474144,3.4501654458172606,2.509035149520385,3.509601511962032,4.189229429413245,1.0000000000000122,0.7272216909372258,1.0172270191323345,1.2142111719575719,density1.0000_damping0.020_lm580_bias_summary.pkl,0.25,0.02,0.9115145006144868,0.9117694278029013,0.9997204038865203,1.0002796743093418
2.75,0.02,1.0,1.0,580,100,50,50,0.27419769825097196,0.27419769825097196,0.27267071281051686,3.3208848740928176,0.9055080457805521,Peak absolute acceleration,mean,theory_times_residual,success,0.1,Peak absolute acceleration,1.0048773367200783,0.694690782759139,1.0206459269144381,1.3232745704424027,1.1097387167376052,0.30259324692626854,1.0048773367200625,0.9055080457805446,0.6259949051803667,0.9197173276200719,1.1924199367690327,3.3208848740928176,2.2957907680220337,3.3729963813869714,4.37311335888748,1.0000000000000158,0.6913189872772154,1.0156920547594839,1.3168518406053364,density1.0000_damping0.020_lm580_bias_summary.pkl,0.25,0.02,0.9055080457805521,0.8494454110231565,1.065999102508403,0.9380870937385549
2.8,0.02,1.0,1.0,580,100,50,50,0.23398610070668147,0.23398610070668147,0.19904928339380257,4.143147048364327,0.8246904509720675,Peak absolute acceleration,mean,theory_times_residual,success,0.1,Peak absolute acceleration,0.9445166631247489,0.6834638925769627,0.9027787096119315,1.3087362980510324,1.1452984110722473,0.22797082799598792,0.9445166631247806,0.8246904509720544,0.5967561693699484,0.7882475876018507,1.1427033211595674,4.143147048364327,2.9980322420419117,3.9600624235475412,5.740806003801788,0.9999999999999666,0.7236123186178981,0.955810251801418,1.3856148325867435,density1.0000_damping0.020_lm580_bias_summary.pkl,0.25,0.02,0.8246904509720675,0.7953885780833032,1.0368396953340056,0.9644692467892335
2.85,0.02,1.0,1.0,580,100,50,50,0.26547968740029754,0.26547968740029754,0.18123722627288696,4.491340161264223,0.8139980330755486,Peak absolute acceleration,mean,theory_times_residual,success,0.1,Peak absolute acceleration,0.9086489993360604,0.4810784940658005,0.9395800873037665,1.3791177502171228,1.1162791093030568,0.20231132951646524,0.908648999336042,0.8139980330755905,0.43096613567027997,0.8417071317319451,1.235459607479502,4.491340161264223,2.377911781883909,4.644228721888252,6.816809288502463,1.0000000000000202,0.5294437064447645,1.0340407439950146,1.51776731303821,density1.0000_damping0.020_lm580_bias_summary.pkl,0.25,0.02,0.8139980330755486,0.7514531993082684,1.0832318417499198,0.923163409214927
2.9,0.02,1.0,1.0,580,100,50,50,0.22818905117547647,0.22818905117547647,0.17767200706174327,3.3421869178105155,0.5938130576628958,Peak absolute acceleration,mean,theory_times_residual,success,0.1,Peak absolute acceleration,0.6826190195683474,0.3954177041889278,0.6057260414871916,1.092370570104245,1.1495520530568475,0.20424322048855809,0.6826190195683381,0.593813057662897,0.34397546691117403,0.5269235437198921,0.9502575957299648,3.3421869178105155,1.9360138527147808,2.9657094127201393,5.348381050255916,1.0000000000000135,0.5792655827828745,0.8873559395843222,1.600263893606448,density1.0000_damping0.020_lm580_bias_summary.pkl,0.25,0.02,0.5938130576628958,0.7224134352574809,0.8219850693270375,1.2165671096905901
2.95,0.02,1.0,1.0,580,100,50,50,0.2765333216326215,0.2765333216326215,0.15940210192468146,4.0650503987933675,0.6479775779974274,Peak absolute acceleration,mean,theory_times_residual,success,0.1,Peak absolute acceleration,0.7162639795365764,0.4536799938026317,0.6576078333742883,1.0039473389095024,1.1053838957671913,0.1762005164189811,0.7162639795365688,0.6479775779974193,0.4104275406398564,0.5949135281348348,0.9082340920234894,4.0650503987933675,2.5747937805349093,3.7321561067992866,5.697754804090646,1.0000000000000104,0.6333977510584408,0.9181082005544495,1.4016443205186278,density1.0000_damping0.020_lm580_bias_summary.pkl,0.25,0.02,0.6479775779974274,0.713868706306587,0.9076985337401042,1.1016873585545908
3.0,0.02,1.0,1.0,580,100,50,50,0.2397416734775708,0.2397416734775708,0.27906727021837624,1.9944676196029583,0.5565906341415404,Peak absolute acceleration,mean,theory_times_residual,success,0.1,Peak absolute acceleration,0.6329763931025701,0.4570534871510208,0.6353607687194208,0.8740568482426314,1.1372386710725824,0.3173660915229989,0.6329763931025778,0.5565906341415395,0.40189759526903224,0.5586872702105554,0.7685781977658814,1.9944676196029583,1.4401459366931109,2.0019806327462604,2.754096520041399,0.9999999999999879,0.7220703522776597,1.003766926607098,1.380868003557575,density1.0000_damping0.020_lm580_bias_summary.pkl,0.25,0.02,0.5565906341415404,0.7244024436097003,0.768344501114657,1.3014995207869156
3.1,0.02,1.0,1.0,580,100,50,50,0.27055240334785313,0.27055240334785313,0.201182878407031,3.920718406300285,0.7887814144029186,Peak absolute acceleration,mean,theory_times_residual,success,0.1,Peak absolute acceleration,0.5828931257690543,0.41900463413582656,0.5448707540912328,0.8973690899798669,0.738979285167706,0.14866997967321272,0.582893125769054,0.7887814144029367,0.5670045731264801,0.73732886026376,1.2143359198170427,3.920718406300285,2.8183540150932203,3.6649682423371397,6.035980444420242,1.0000000000000004,0.7188361221158728,0.9347695658142208,1.5395087886752847,density1.0000_damping0.020_lm580_bias_summary.pkl,0.25,0.02,0.7887814144029186,0.7297193026677502,1.0809381244531233,0.9251223334415448
3.2,0.02,1.0,1.0,580,100,50,50,0.21145428499774113,0.21145428499774113,0.16310623137812494,3.055613620351929,0.49838962216327176,Peak absolute acceleration,mean,theory_times_residual,success,0.1,Peak absolute acceleration,0.4499895988010336,0.3312708633498329,0.44141245839839127,0.5816283658215458,0.9028871765985867,0.1472665247346313,0.44998959880103123,0.4983896221632726,0.36690172585883574,0.48888994089085197,0.6441872040011607,3.055613620351929,2.2494647982409477,2.9973713251792953,3.9494947468178396,1.0000000000000053,0.7361744898826175,0.980939247428178,1.2925373550216666,density1.0000_damping0.020_lm580_bias_summary.pkl,0.25,0.02,0.49838962216327176,0.6225359164846286,0.8005797078787188,1.249094862333804
3.3,0.02,1.0,1.0,580,100,50,50,0.22241525337432497,0.22241525337432497,0.12601673931293658,3.101055784146812,0.39078493834570294,Peak absolute acceleration,mean,theory_times_residual,success,0.1,Peak absolute acceleration,0.398989148858874,0.30156286879217636,0.38415547358933727,0.5205452111595654,1.0209941830099305,0.12866235780039254,0.39898914885886183,0.39078493834571953,0.2953619852202853,0.37625628038039555,0.5098415052914189,3.101055784146812,2.3438313578865277,2.9857642915678424,4.045823658595951,1.0000000000000304,0.7558172187255423,0.9628218579077903,1.3046600707020801,density1.0000_damping0.020_lm580_bias_summary.pkl,0.25,0.02,0.39078493834570294,0.5126677290563539,0.762257727953769,1.3118922423842982
3.4,0.02,1.0,1.0,580,100,50,50,0.2295198816510908,0.2295198816510908,0.10484393228690578,3.304213038336569,0.3464266880528704,Peak absolute acceleration,mean,theory_times_residual,success,0.1,Peak absolute acceleration,0.3949210112141846,0.22550358928373565,0.37838839669285973,0.573634059041369,1.1399843742809939,0.119520444545246,0.3949210112141833,0.346426688052867,0.19781287741418763,0.3319241958307676,0.5031946682630356,3.304213038336569,1.8867365340025015,3.1658884647941203,4.799463901125405,1.0000000000000033,0.5710093484021669,0.9581369082630116,1.4525285886353148,density1.0000_damping0.020_lm580_bias_summary.pkl,0.25,0.02,0.3464266880528704,0.4653834932921801,0.7443897195455011,1.34338233554672
3.45,0.02,1.0,1.0,580,100,50,50,0.26406946341185183,0.26406946341185183,0.0944425141543655,,0.3489560823530582,Peak absolute acceleration,mean,direct_code_bias,success,0.1,Peak absolute acceleration,0.3865658653012394,0.25479945917649394,0.3599036220002567,0.568665406290537,1.1077779836779842,0.10462133790340057,0.3865658653012271,0.3489560823530582,0.23000949913314095,0.32488786318475504,0.5133387868952631,3.6949046250791118,2.4354444732082903,3.4400594487958513,5.435462953222789,1.0000000000000318,0.6591359508112397,0.9310279419518995,1.4710698934770428,density1.0000_damping0.020_lm580_bias_summary.pkl,0.25,0.02,0.3489560823530582,0.4524894495842787,0.7711916436364872,1.2966945483027004
3.5,0.02,1.0,1.0,580,100,50,50,0.3180807374212999,0.29,0.07786044142128164,,0.41783011917661667,Peak absolute acceleration,mean,direct_code_bias,success,0.1,Peak absolute acceleration,0.4434407572146383,0.28310767770478734,0.4501251931360009,0.5885177765292124,1.0612943798510517,0.08263284889312889,0.4434407572146395,0.41783011917661667,0.2667569743886897,0.4241284997657051,0.5545283077931765,5.366398026384778,3.4260912155036256,5.447291230611678,7.122080194649431,0.9999999999999974,0.6384340480632776,1.0150740224316501,1.3271621224576589,density1.0000_damping0.020_lm580_bias_summary.pkl,0.25,0.02,0.41783011917661667,0.44202647847646664,0.9452603848908584,1.057909562258297
3.55,0.02,1.0,1.0,580,100,50,50,0.24445918865541175,0.24445918865541175,0.11101593090516869,2.85528616372808,0.3169822514669207,Peak absolute acceleration,mean,theory_times_residual,success,0.1,Peak absolute acceleration,0.35596208636900134,0.24875413488305786,0.3300119062129885,0.5050661309585082,1.1229716639392047,0.12466774465233635,0.3559620863689955,0.3169822514669189,0.2215141689421336,0.29387376085284256,0.4497585710994853,2.85528616372808,1.9953367695610758,2.647131438314697,4.0512975699287495,1.0000000000000162,0.6988219937142286,0.9270984715796202,1.4188761958062837,density1.0000_damping0.020_lm580_bias_summary.pkl,0.25,0.02,0.3169822514669207,0.43297090208476896,0.7321098252576468,1.3659152841557518
3.6,0.02,1.0,1.0,580,100,50,50,0.2314577616475305,0.2314577616475305,0.11685859814199615,2.5873729188493226,0.3023567721672966,Peak absolute acceleration,mean,theory_times_residual,success,0.1,Peak absolute acceleration,0.3427642195630452,0.2595622642892745,0.3475122353968157,0.4397607477454172,1.1336416151889275,0.1324757699464065,0.34276421956304465,0.30235677216729706,0.2289632462425235,0.3065450586329269,0.3879186701099789,2.5873729188493226,1.9593187825538303,2.623213554730823,3.319556081261681,1.0000000000000016,0.7572618420328823,1.0138521338073847,1.2829832364242204,density1.0000_damping0.020_lm580_bias_summary.pkl,0.25,0.02,0.3023567721672966,0.42498451755676697,0.7114536169589049,1.4055730073795714
3.65,0.02,1.0,1.0,580,100,50,50,0.21294987250963418,0.21294987250963418,0.12502255569692827,2.203546198736388,0.2754929773622746,Peak absolute acceleration,mean,theory_times_residual,success,0.1,Peak absolute acceleration,0.31672495923061983,0.2561279763277011,0.28682346798610403,0.43985084994548174,1.149666181196764,0.14373420417155047,0.31672495923061156,0.2754929773622808,0.22278464872392828,0.24948413085225352,0.3825900571308549,2.203546198736388,1.7819556437798605,1.9955129653326833,3.0601682632236122,1.0000000000000262,0.8086763258250544,0.9055916170385048,1.3887470410098643,density1.0000_damping0.020_lm580_bias_summary.pkl,0.25,0.02,0.2754929773622746,0.4179141278307535,0.6592095337677858,1.5169683519053712
3.7,0.02,1.0,1.0,580,100,50,50,0.24272779734917607,0.24272779734917607,0.10589177069717153,2.9494355313726413,0.312320950974202,Peak absolute acceleration,mean,theory_times_residual,success,0.1,Peak absolute acceleration,0.35005545956881523,0.2642680468475654,0.32622158059699924,0.4791891795322247,1.1208196519539022,0.1186855775775857,0.35005545956881146,0.3123209509742006,0.23578106110726402,0.29105626407272905,0.42753459818166456,2.9494355313726413,2.2266230846356314,2.7486202389144174,4.037467646133962,1.0000000000000109,0.7549319389935623,0.9319139915681643,1.368895032011432,density1.0000_damping0.020_lm580_bias_summary.pkl,0.25,0.02,0.312320950974202,0.41165108461407046,0.7587030926130349,1.3180386500810612
3.75,0.02,1.0,1.0,580,100,50,50,0.2711657468474498,0.2711657468474498,0.07501808836586292,,0.2964654083186553,Peak absolute acceleration,mean,direct_code_bias,success,0.1,Peak absolute acceleration,0.32445453923159717,0.26696080427614727,0.30780615745855977,0.4212731003868905,1.0944094323573084,0.08210050350501522,0.32445453923159967,0.2964654083186553,0.2439313810564715,0.2812532022824029,0.3849318983659409,3.9519189941603394,3.251634190767656,3.7491384865837887,5.131187780853944,0.9999999999999923,0.8227987961222121,0.9486880910574776,1.2984040888581327,density1.0000_damping0.020_lm580_bias_summary.pkl,0.25,0.02,0.2964654083186553,0.4061028385683119,0.7300254520845552,1.3698152538990755
3.8,0.02,1.0,1.0,580,100,50,50,0.27290601573100237,0.27290601573100237,0.06700482463912487,,0.2943092085416868,Peak absolute acceleration,mean,direct_code_bias,success,0.1,Peak absolute acceleration,0.3212597498606216,0.270409796966622,0.32409791107277863,0.38073714358306665,1.0915721986834046,0.07314060375372565,0.32125974986062056,0.2943092085416868,0.24772506783589368,0.2969092758717088,0.34879703242927146,4.3923584626447285,3.6971228440652273,4.431162643448506,5.205551007824058,1.0000000000000033,0.8417170127410609,1.0088344749486653,1.1851380191519496,density1.0000_damping0.020_lm580_bias_summary.pkl,0.25,0.02,0.2943092085416868,0.40118778263315846,0.7335946439096845,1.3631506286230697
3.85,0.02,1.0,1.0,580,100,50,50,0.21659397236082353,0.21659397236082353,0.11828326965987956,2.32974700259207,0.27557009294689394,Peak absolute acceleration,mean,theory_times_residual,success,0.1,Peak absolute acceleration,0.31432612745742655,0.2377942569494657,0.30958717869569985,0.4157056090520952,1.140639479763827,0.13491856716961464,0.3143261274574239,0.27557009294690443,0.20847451027970884,0.27141545088357,0.36444960605621707,2.32974700259207,1.7625020924697457,2.294622491109754,3.0811593820847905,1.0000000000000087,0.75652081127642,0.9849234653191026,1.3225296045693922,density1.0000_damping0.020_lm580_bias_summary.pkl,0.25,0.02,0.27557009294689394,0.3968336527492399,0.6944221868225217,1.4400461548841408
3.9,0.02,1.0,1.0,580,100,50,50,0.2202918114374298,0.2202918114374298,0.10456329076084044,2.4931232358478073,0.2606891698125616,Peak absolute acceleration,mean,theory_times_residual,success,0.1,Peak absolute acceleration,0.2960439372989239,0.248982260998609,0.29683381344801507,0.35793624559954146,1.1356203923307646,0.11874420527722195,0.29604393729892176,0.2606891698125628,0.21924778973684508,0.2613847157488858,0.31519004767509295,2.4931232358478073,2.096795042901937,2.4997751490695697,3.014347056042847,1.0000000000000069,0.8410314471233586,1.0026681044587504,1.2090646032657164,density1.0000_damping0.020_lm580_bias_summary.pkl,0.25,0.02,0.2606891698125616,0.3929764336939276,0.6633710000422136,1.507452089308052
4.0,0.02,1.0,1.0,580,100,50,50,0.2525876427085154,0.2525876427085154,0.04881255989635609,,0.2924370904624867,Peak absolute acceleration,mean,direct_code_bias,success,0.1,Peak absolute acceleration,0.32211696364241876,0.26131426729196866,0.3200400773249664,0.41213181238603586,1.1014914802120128,0.05376661885317418,0.32211696364240494,0.2924370904624867,0.2372367576022208,0.29055156855445285,0.3741579665298088,5.991021390466368,4.860158084434607,5.952393588276984,7.66519861536179,1.0000000000000429,0.811240315744638,0.9935523845315264,1.279447712799007,density1.0000_damping0.020_lm580_bias_summary.pkl,0.25,0.02,0.2924370904624867,0.38653236211840525,0.756565605166374,1.3217624395972059
4.1,0.02,1.0,1.0,580,100,50,50,0.24763803908210794,0.24763803908210794,0.028514301303866556,,0.270705043375619,Peak absolute acceleration,mean,direct_code_bias,success,0.1,Peak absolute acceleration,0.2989385427156628,0.22493494395055344,0.28738313678327887,0.388311486933618,1.1042961704295553,0.0314882337323351,0.2989385427156673,0.270705043375619,0.20369077605608013,0.26024099736893136,0.3516370855316563,9.493658655381626,7.143460184607591,9.126683294660845,12.331955175207652,0.9999999999999849,0.7524454421539691,0.9613452122051079,1.2989676185815793,density1.0000_damping0.020_lm580_bias_summary.pkl,0.25,0.02,0.270705043375619,0.381475207831564,0.7096268324077868,1.4091913585157885
4.2,0.02,1.0,1.0,580,100,50,50,0.21224358632764806,0.21224358632764806,0.031677444586134335,,0.24035190680108984,Peak absolute acceleration,mean,direct_code_bias,success,0.1,Peak absolute acceleration,0.2722907002603636,0.23630624876982564,0.2612684269206378,0.3205021768484201,1.132883461938605,0.035886853088107476,0.2722907002603583,0.24035190680108984,0.20858831178050327,0.23062250946231647,0.2829083375442453,7.587477776105085,6.584758161705047,7.2803381862206065,8.930907819126418,1.0000000000000195,0.8678454627494618,0.9595201990770111,1.1770588438825236,density1.0000_damping0.020_lm580_bias_summary.pkl,0.25,0.02,0.24035190680108984,0.3775064732852145,0.6366828751556356,1.5706406423379486
4.25,0.02,1.0,1.0,580,100,50,50,0.2627052874945084,0.2627052874945084,0.0,,0.2880825080309851,Peak absolute acceleration,mean,direct_code_bias,success,0.1,Peak absolute acceleration,0.27368782602777303,0.23311922658964906,0.27613367910286546,0.31690429162016415,0.950032780186488,0.0,0.27368782602776776,0.2880825080309851,0.24538019261176294,0.29065700138121703,0.33357195480976665,,,,,1.0000000000000193,0.8517705371593595,1.0089366527937913,1.1579042305959628,density1.0000_damping0.020_lm580_bias_summary.pkl,0.25,0.02,0.2880825080309851,0.37585494973275085,0.7664725667064644,1.3046781364883329
4.3,0.02,1.0,1.0,580,100,50,50,0.21077914642218135,0.21077914642218135,0.004025318639761633,,0.32980972436182154,Peak absolute acceleration,mean,direct_code_bias,success,0.1,Peak absolute acceleration,0.2795882985675045,0.24164925688433983,0.2801563184784878,0.33340369204196385,0.8477260611660405,0.003412367515423351,0.2795882985675044,0.32980972436182154,0.28505583106876903,0.3304797756165889,0.39329178058224334,81.9338178856206,70.81571835159143,82.10027706928588,97.70450883002282,1.0000000000000002,0.8643039001362052,1.0020316297709657,1.1924808504153694,density1.0000_damping0.020_lm580_bias_summary.pkl,0.25,0.02,0.32980972436182154,0.37439190469465916,0.8809210889076322,1.135175457361373
4.35,0.02,1.0,1.0,580,100,50,50,0.24004922293063105,0.24004922293063105,0.0,,0.39918155858786847,Peak absolute acceleration,mean,direct_code_bias,success,0.1,Peak absolute acceleration,0.27469069746558555,0.22816724952107817,0.277109384219873,0.327163895192955,0.6881347385819183,0.0,0.27469069746558605,0.39918155858786847,0.33157350839644645,0.4026964033103886,0.47543580762564297,,,,,0.9999999999999982,0.8306333327857364,1.0088051280098045,1.1910264825547756,density1.0000_damping0.020_lm580_bias_summary.pkl,0.25,0.02,0.39918155858786847,0.37309582824434656,1.0699169713750785,0.9346519652966887
4.4,0.02,1.0,1.0,580,100,50,50,0.23747495906433422,0.23747495906433422,0.0,,0.502301139622728,Peak absolute acceleration,mean,direct_code_bias,success,0.1,Peak absolute acceleration,0.27677430793152796,0.2339730768243562,0.2720766197168202,0.3314045275831205,0.5510127015427628,0.0,0.2767743079315298,0.502301139622728,0.42462374491415983,0.49377558621614637,0.6014462582354845,,,,,0.9999999999999932,0.8453569212148043,0.9830270076373139,1.197381830921624,density1.0000_damping0.020_lm580_bias_summary.pkl,0.25,0.02,0.502301139622728,0.37194766525460976,1.350461870163599,0.7404874007133946
1.5,0.02,1.0,1.0,725,100,50,50,0.2106857358556454,0.2106857358556454,0.2504076761637116,0.7085036413426224,0.1774147503821339,Peak absolute acceleration,mean,theory_times_residual,success,0.1,Peak absolute acceleration,0.37031803134263547,0.3007521333152342,0.3758387813923642,0.4418049725481516,2.0873012562093614,0.5226762570208935,0.3703180313426271,0.17741475038210375,0.1440865962306823,0.18005967287870336,0.21166325236180353,0.7085036413426224,0.5754080643139141,0.7190661070669992,0.8452746161961033,1.0000000000000224,0.8121455286009855,1.0149081318825364,1.193042021060495,density1.0000_damping0.020_lm725_bias_summary.pkl,0.2,0.02,0.1774147503821339,0.2880449811764827,0.6159272404522034,1.6235683930229148
1.6,0.02,1.0,1.0,725,100,50,50,0.22094413874430466,0.22094413874430466,0.31412909123478633,0.47148671176914636,0.14810769229731957,Peak absolute acceleration,mean,theory_times_residual,success,0.1,Peak absolute acceleration,0.42912687933460253,0.3607063656837042,0.41183984037043503,0.5298954788902365,2.8973976481459314,0.9101568901579469,0.42912687933458665,0.14810769229732904,0.12449322098211929,0.1421412903520422,0.18288669462727042,0.47148671176914636,0.3963122947090011,0.45249324025769355,0.5822023484305869,1.0000000000000369,0.8405587788931405,0.959715786177372,1.234822390319394,density1.0000_damping0.020_lm725_bias_summary.pkl,0.2,0.02,0.14810769229731957,0.2880475368676021,0.5141779510005015,1.9448519681837966
1.7,0.02,1.0,1.0,725,100,50,50,0.18989336616346356,0.18989336616346356,0.39147011743699467,0.3685213006229781,0.14426507683291126,Peak absolute acceleration,mean,theory_times_residual,success,0.1,Peak absolute acceleration,0.5513732484895747,0.4732451442277845,0.5411894475066319,0.6294374876062637,3.8219454118352014,1.4961774192088462,0.5513732484895634,0.14426507683290515,0.1238231040041318,0.14160051732574758,0.16469033954726836,0.3685213006229781,0.3163028248869233,0.3617147542520752,0.4206970908163417,1.0000000000000207,0.8583026933646062,0.9815301141090376,1.1415814773940343,density1.0000_damping0.020_lm725_bias_summary.pkl,0.2,0.02,0.14426507683291126,0.28830282244512184,0.50039425770927,1.9984242116963347
1.75,0.02,1.0,1.0,725,100,50,50,0.21519819040155622,0.21519819040155622,0.3970250049489713,0.3819847785996478,0.15165750861395688,Peak absolute acceleration,mean,theory_times_residual,success,0.1,Peak absolute acceleration,0.5675093603353931,0.490919336417118,0.5563117378732548,0.6791730250461954,3.742045913335002,1.485685797261023,0.5675093603354043,0.1516575086139483,0.13119008900123272,0.14866512885125355,0.181497779764252,0.3819847785996478,0.33043281245749667,0.3744477728055681,0.45714445564351736,0.9999999999999801,0.8650418314280829,0.9802688321201758,1.1967609215199493,density1.0000_damping0.020_lm725_bias_summary.pkl,0.2,0.02,0.15165750861395688,0.2891837776976723,0.5244329741501077,1.9068213657247104
1.8,0.02,1.0,1.0,725,100,50,50,0.20842325183158486,0.20842325183158486,0.4461959011440774,0.38076163994330314,0.1698942830555989,Peak absolute acceleration,mean,theory_times_residual,success,0.1,Peak absolute acceleration,0.6392576380726652,0.5445109071782351,0.6246711466213701,0.7244290059573019,3.7626789234776594,1.6788919129769826,0.6392576380726721,0.16989428305560306,0.1447136251197778,0.1660176590470327,0.19253011502978515,0.38076163994330314,0.3243275537689128,0.37207347405332,0.4314923434664455,0.999999999999989,0.8517863139186052,0.9771821397468483,1.1332348067696412,density1.0000_damping0.020_lm725_bias_summary.pkl,0.2,0.02,0.1698942830555989,0.2918778686109412,0.5820731933672495,1.717997000025142
1.85,0.02,1.0,1.0,725,100,50,50,0.20877271965765423,0.20877271965765423,0.48133079420595687,0.42905929628844014,0.20651945184396386,Peak absolute acceleration,mean,theory_times_residual,success,0.1,Peak absolute acceleration,0.776764261550964,0.5735055867039722,0.7487507712416843,1.0060541090866189,3.7612159756157255,1.8103890727233538,0.7767642615509557,0.20651945184397572,0.1524787702759045,0.19907146414773774,0.2674810794192492,0.42905929628844014,0.31678581987973026,0.413585556012744,0.5557115452388472,1.0000000000000107,0.7383264332461186,0.9639356601533943,1.2951858869997996,density1.0000_damping0.020_lm725_bias_summary.pkl,0.2,0.02,0.20651945184396386,0.2987396120301824,0.6913025374857248,1.4465446686150205
1.9,0.02,1.0,1.0,725,100,50,50,0.2201760829362475,0.2201760829362475,0.4937548875021178,0.4911265331203745,0.24249612611015567,Peak absolute acceleration,mean,theory_times_residual,success,0.1,Peak absolute acceleration,0.9034475509998163,0.7629186614576069,0.8282696456877585,1.088395839505111,3.7256164273299346,1.83954131995223,0.9034475509997896,0.24249612611014193,0.20477649171317766,0.22231747734732873,0.2921384583557733,0.4911265331203745,0.41473309307203754,0.4502587882664508,0.5916669702931028,1.0000000000000295,0.8444526310501722,0.9167877479673985,1.2047139187002616,density1.0000_damping0.020_lm725_bias_summary.pkl,0.2,0.02,0.24249612611015567,0.3140583437884852,0.7721371869472804,1.2951066428410565
1.95,0.02,1.0,1.0,725,100,50,50,0.1914157129194282,0.1914157129194282,0.5322000843032564,0.5301684581834919,0.2821556981401818,Peak absolute acceleration,mean,theory_times_residual,success,0.1,Peak absolute acceleration,1.076444531140555,0.7507460310069304,1.0634563038157583,1.388837188374,3.815072806382455,2.0303820691799745,1.0764445311404929,0.28215569814020564,0.19678419498337335,0.27875124743009916,0.36403949776542516,0.5301684581834919,0.36975603872927215,0.5237715206208771,0.6840275086427058,1.0000000000000577,0.6974312277953746,0.9879341415660559,1.2902078539082056,density1.0000_damping0.020_lm725_bias_summary.pkl,0.2,0.02,0.2821556981401818,0.3450219971629742,0.8177904610728902,1.2228071218733951
2.0,0.02,1.0,1.0,725,100,50,50,0.19163345338233406,0.19163345338233406,0.5096649449165749,0.5496864794365987,0.28015592926344,Peak absolute acceleration,mean,theory_times_residual,success,0.1,Peak absolute acceleration,1.0684625278606936,0.9569899471966917,1.058572156081286,1.183995303404655,3.8138137239135763,1.9437671615205356,1.0684625278607551,0.2801559292634465,0.2509272912822466,0.27756262699559,0.31044916954929,0.5496864794365987,0.4923377481323816,0.5445982301981092,0.6091240385388856,0.9999999999999426,0.8956701075074196,0.9907433611178939,1.1081299273781893,density1.0000_damping0.020_lm725_bias_summary.pkl,0.2,0.02,0.28015592926344,0.40293708903548553,0.6952845416490101,1.4382600792881677
2.05,0.02,1.0,1.0,725,100,50,50,0.19551843514781977,0.19551843514781977,0.4838746052231886,0.6568557217822212,0.3178358030659649,Peak absolute acceleration,mean,theory_times_residual,success,0.1,Peak absolute acceleration,1.2080422689091042,0.8847244068235283,1.1462050798095627,1.5983739940476227,3.800837593675403,1.8391287901570985,1.2080422689090626,0.31783580306595777,0.232770905101473,0.30156644464810833,0.4205320418602779,0.6568557217822212,0.4810562542213017,0.6232326338122594,0.8690930198048227,1.0000000000000342,0.7323621280424976,0.9488120650320101,1.3231109831041374,density1.0000_damping0.020_lm725_bias_summary.pkl,0.2,0.02,0.3178358030659649,0.5047284688806579,0.6297164171675195,1.5880164034758055
2.1,0.02,1.0,1.0,725,100,50,50,0.1880773719993443,0.1880773719993443,0.4706950229917706,0.6837572819416854,0.3218411495443322,Peak absolute acceleration,mean,theory_times_residual,success,0.1,Peak absolute acceleration,1.2307093939085172,1.0413213520829958,1.1690720395661502,1.6906394309786044,3.823965318452721,1.7999214434888886,1.2307093939084877,0.3218411495443414,0.2723145388003525,0.3057224483508622,0.44211683166171667,0.6837572819416854,0.5785371110777725,0.6495128127925809,0.9392851210781418,1.000000000000024,0.8461147345076866,0.9499172146995731,1.3737113240108378,density1.0000_damping0.020_lm725_bias_summary.pkl,0.2,0.02,0.3218411495443322,0.6747413824538804,0.4769844534714576,2.096504388606584
2.15,0.02,1.0,1.0,725,100,50,50,0.21914220928091707,0.21914220928091707,0.5702494589516075,0.7990449246704312,0.4556549359713414,Peak absolute acceleration,mean,theory_times_residual,success,0.1,Peak absolute acceleration,1.273272412685474,1.0666847034126388,1.2134431920666673,1.7500618915871289,2.7943786233134333,1.5934928980503058,1.273272412685408,0.45565493597130785,0.3817251873147447,0.43424437259251125,0.6262794443767945,0.7990449246704312,0.6694003498338554,0.7614989646652064,1.0982552189146189,1.0000000000000517,0.8377505809325883,0.9530114529909923,1.374459914588225,density1.0000_damping0.020_lm725_bias_summary.pkl,0.2,0.02,0.4556549359713414,0.946867548719153,0.48122352127046564,2.0780364130165085
2.2,0.02,1.0,1.0,725,100,50,50,0.22101098380113302,0.22101098380113302,0.8139669532367745,0.9061400277499129,0.7375680375934829,Peak absolute acceleration,mean,theory_times_residual,success,0.1,Peak absolute acceleration,1.3716325587757872,1.0844398659302024,1.405014353584995,1.574125466122701,1.8596691950631299,1.5137092687338456,1.3716325587757936,0.737568037593495,0.5831358979376916,0.755518431619393,0.8464545577791669,0.9061400277499129,0.7164122518964893,0.9281930041693083,1.0399126824660267,0.9999999999999951,0.7906198048390483,1.0243372721036859,1.1476291198042397,density1.0000_damping0.020_lm725_bias_summary.pkl,0.2,0.02,0.7375680375934829,1.3670162097432603,0.5395459339373907,1.853410316156763
2.25,0.02,1.0,1.0,725,100,50,50,0.19158201228489735,0.19158201228489735,1.602656165250376,0.9727657059453603,1.5590089559774658,Peak absolute acceleration,mean,theory_times_residual,success,0.1,Peak absolute acceleration,1.4850866902093116,1.307691194493863,1.4358611324045554,1.724843757114902,0.9525838094228352,1.526664315089175,1.4850866902093809,1.5590089559774445,1.3727833515102312,1.5073331272284958,1.810700266005964,0.9727657059453603,0.856567604003686,0.940521841123066,1.1298120615429144,0.9999999999999533,0.8805487269632004,0.9668534112322524,1.1614431457006176,density1.0000_damping0.020_lm725_bias_summary.pkl,0.2,0.02,1.5590089559774658,1.995950464481873,0.7810859957299063,1.280268761015843
2.3,0.02,1.0,1.0,725,100,50,50,0.1811400680878025,0.1811400680878025,1.5521474319318447,0.8369259587684011,1.2990324776194708,Peak absolute acceleration,mean,theory_times_residual,success,0.1,Peak absolute acceleration,1.2480870544545073,1.036968145825527,1.1916391050430497,1.5746738679182941,0.960782025051166,1.491275352829491,1.2480870544544875,1.299032477619511,1.0792959472470394,1.2402803903201556,1.6389501748166402,0.8369259587684011,0.6953565911607281,0.7990738281713551,1.05592428985738,1.0000000000000158,0.8308460071951983,0.9547724261621238,1.261669898985172,density1.0000_damping0.020_lm725_bias_summary.pkl,0.2,0.02,1.2990324776194708,1.8095955992181156,0.7178578894537393,1.393033377067117
2.35,0.02,1.0,1.0,725,100,50,50,0.21596243261819195,0.21596243261819195,1.3834904568001094,0.9911764400523383,1.3712831458175156,Peak absolute acceleration,mean,theory_times_residual,success,0.1,Peak absolute acceleration,1.2794392547068876,0.9305607281447851,1.2802955089396257,1.5911285984902923,0.9330233938988451,1.2908289614302455,1.2794392547070224,1.371283145817456,0.9973605530470471,1.37220086582141,1.7053469493850617,0.9911764400523383,0.7209016499860049,0.9918397767594641,1.2326409199304864,0.9999999999998948,0.7273191944996821,1.0006692418021825,1.2436140228123949,density1.0000_damping0.020_lm725_bias_summary.pkl,0.2,0.02,1.3712831458175156,1.6445083011644366,0.8338560193623826,1.1992478039129058
2.4,0.02,1.0,1.0,725,100,50,50,0.19497204405641225,0.19497204405641225,1.3154023957280745,0.9636460343988525,1.267582302282109,Peak absolute acceleration,mean,theory_times_residual,success,0.1,Peak absolute acceleration,1.203092256607244,0.9122988045430579,1.170167760336454,1.5475718685488484,0.9491235830930368,1.24847943504252,1.2030922566072892,1.2675823022820332,0.9612012816813875,1.2328929353151998,1.6305272528426358,0.9636460343988525,0.7307279390725306,0.9372743575040154,1.239565366566204,0.9999999999999626,0.758294968264307,0.972633440128954,1.2863285089316334,density1.0000_damping0.020_lm725_bias_summary.pkl,0.2,0.02,1.267582302282109,1.4982614299627515,0.8460354627920811,1.1819835503109628
2.45,0.02,1.0,1.0,725,100,50,50,0.22174111802123683,0.22174111802123683,1.1701613810144742,1.129850475391862,1.3221073926244014,Peak absolute acceleration,mean,theory_times_residual,success,0.1,Peak absolute acceleration,1.2270021474301764,0.9927066435115395,1.2158958846224548,1.4590250454527876,0.9280654160737716,1.0859863089446589,1.2270021474302237,1.3221073926244038,1.0696515852419497,1.3101402805918194,1.5721144438559815,1.129850475391862,0.9141060392153868,1.1196235851297607,1.3435022462397714,0.9999999999999614,0.8090504532454308,0.9909484569109929,1.1890973854516083,density1.0000_damping0.020_lm725_bias_summary.pkl,0.2,0.02,1.3221073926244014,1.3687048403732118,0.9659550793024481,1.0352448280743018
2.5,0.02,1.0,1.0,725,100,50,50,0.21011283553773216,0.21011283553773216,0.9177349694932277,1.2870786798140026,1.1811971129544876,Peak absolute acceleration,mean,theory_times_residual,success,0.1,Peak absolute acceleration,1.1047601120749126,0.7823715612752714,1.162217690789133,1.2672690654334973,0.9352885305583102,0.8583469910592901,1.1047601120749686,1.1811971129544785,0.8365028926509376,1.2426301112613454,1.3549498620249463,1.2870786798140026,0.911486344595608,1.3540184830785447,1.4764064866931663,0.9999999999999494,0.7081823037634979,1.052009099610093,1.1470988602704917,density1.0000_damping0.020_lm725_bias_summary.pkl,0.2,0.02,1.1811971129544876,1.2539337724068889,0.9419932208119371,1.0615787650127824
2.55,0.02,1.0,1.0,725,100,50,50,0.21430635814563012,0.21430635814563012,0.6850755002244039,1.6279593814318283,1.1152750875794208,Peak absolute acceleration,mean,theory_times_residual,success,0.1,Peak absolute acceleration,1.040682795121649,0.6627907050568196,1.09321422116961,1.2932959873102277,0.9331175839140509,0.6392559955681107,1.0406827951216222,1.11527508757943,0.7102970906160407,1.1715717718918324,1.3859946587710565,1.6279593814318283,1.036815782177832,1.7101352646650798,2.02312687917908,1.000000000000026,0.6368806212265292,1.050477846173914,1.2427379345298808,density1.0000_damping0.020_lm725_bias_summary.pkl,0.2,0.02,1.1152750875794208,1.1522608789602033,0.9679015472484586,1.0331629315427964
2.6,0.02,1.0,1.0,725,100,50,50,0.174244320672879,0.174244320672879,0.3402601108011532,2.6590285980652437,0.9047613654011148,Peak absolute acceleration,mean,theory_times_residual,success,0.1,Peak absolute acceleration,0.8727239703584084,0.5856316182125016,0.8824439413437095,1.0862297148651758,0.964590226475358,0.3282115773382121,0.872723970358385,0.9047613654011074,0.607129952324333,0.9148381531587632,1.126104831928779,2.6590285980652437,1.7843112755557249,2.688643552736038,3.309541130981644,1.0000000000000269,0.6710387683886022,1.0111375088979542,1.2446429246341364,density1.0000_damping0.020_lm725_bias_summary.pkl,0.2,0.02,0.9047613654011148,1.0621918176396505,0.8517871728777336,1.1740021825188578
2.65,0.02,1.0,1.0,725,100,50,50,0.17254527715372214,0.17254527715372214,0.26404090747493086,3.101293846091684,0.8188684414684668,Peak absolute acceleration,mean,theory_times_residual,success,0.1,Peak absolute acceleration,0.7907030284830129,0.5129828433876716,0.7501373896292627,1.0770395374101585,0.9656044712934319,0.2549590808621613,0.7907030284830011,0.8188684414684433,0.5312556627876097,0.7768578252588765,1.1154044636593894,3.101293846091684,2.0120202883262115,2.9421873780397334,4.224362332057665,1.0000000000000149,0.6487680265647293,0.9486967453108591,1.3621290150823209,density1.0000_damping0.020_lm725_bias_summary.pkl,0.2,0.02,0.8188684414684668,0.9824070766970984,0.8335327186582935,1.1997129538114324
2.7,0.02,1.0,1.0,725,100,50,50,0.18003742111744314,0.18003742111744314,0.24478175058712817,3.1068654921217966,0.7605039740003129,Peak absolute acceleration,mean,theory_times_residual,success,0.1,Peak absolute acceleration,0.7293739484343593,0.42891016816951716,0.8041226326010905,0.9986359366065635,0.9590665839624808,0.23476199735194914,0.7293739484343852,0.7605039740003003,0.4472162572878218,0.8384429674098084,1.0412581913558054,3.1068654921217966,1.82699999577234,3.425267469485577,4.25382279871062,0.9999999999999646,0.5880524922643328,1.1024833479824099,1.3691686394203608,density1.0000_damping0.020_lm725_bias_summary.pkl,0.2,0.02,0.7605039740003129,0.9117694278029013,0.8340968130867021,1.1989015954866347
2.75,0.02,1.0,1.0,725,100,50,50,0.22331769579882957,0.22331769579882957,0.21441575518345707,4.337346959155352,0.9299955237399659,Peak absolute acceleration,mean,theory_times_residual,success,0.1,Peak absolute acceleration,0.8599815646881602,0.6456085506019291,0.8351321961328704,1.1244816373678455,0.92471581070601,0.1982736388826112,0.8599815646881811,0.9299955237399627,0.6981696896790531,0.9031230854539585,1.2160294269320608,4.337346959155352,3.256149199864963,4.212018303791329,5.671362283483383,0.9999999999999757,0.7507237097995454,0.9711047659907445,1.3075648171313639,density1.0000_damping0.020_lm725_bias_summary.pkl,0.2,0.02,0.9299955237399659,0.8494454110231565,1.0948267088991206,0.9133865586869945
2.8,0.02,1.0,1.0,725,100,50,50,0.1777129790455009,0.1777129790455009,0.21758252210444112,2.9083794901658475,0.6328125447071137,Peak absolute acceleration,mean,theory_times_residual,success,0.1,Peak absolute acceleration,0.6075115397317289,0.35633770578557766,0.562475064894367,0.92945269368386,0.9600181678018044,0.20888317421640404,0.6075115397317079,0.6328125447071223,0.3711780857246688,0.5859004378868067,0.968161566996246,2.9083794901658475,1.7059186654086842,2.692773446230954,4.449629306767152,1.0000000000000346,0.5865529829160862,0.9258672932250305,1.5299342200056467,density1.0000_damping0.020_lm725_bias_summary.pkl,0.2,0.02,0.6328125447071137,0.7953885780833032,0.7956017500679515,1.2569102568145754
2.85,0.02,1.0,1.0,725,100,50,50,0.21080353203110838,0.21080353203110838,0.19290292867670328,3.819602541847241,0.7368125167033129,Peak absolute acceleration,mean,theory_times_residual,success,0.1,Peak absolute acceleration,0.6877035693611476,0.4714195074225015,0.6309408042425555,0.9687965853516458,0.9333494664804143,0.18004584556291547,0.6877035693611583,0.7368125167033336,0.5050835987512657,0.6759963196012555,1.037978399457279,3.819602541847241,2.6183303810682372,3.504334144839119,5.380832766913848,0.9999999999999849,0.6854981251012355,0.9174604180528938,1.4087415399800944,density1.0000_damping0.020_lm725_bias_summary.pkl,0.2,0.02,0.7368125167033129,0.7514531993082684,0.9805168404120926,1.0198702957306718
2.9,0.02,1.0,1.0,725,100,50,50,0.20148537603907898,0.20148537603907898,0.18356741352591432,3.5093850423572945,0.6442087352920598,Peak absolute acceleration,mean,theory_times_residual,success,0.1,Peak absolute acceleration,0.605608511362345,0.38685504269522486,0.561935859962134,0.9137403940959368,0.9400811851577837,0.1725682716637872,0.6056085113623636,0.6442087352920476,0.4115123765936183,0.5977524801411894,0.9719803018316701,3.5093850423572945,2.241750693597547,3.2563104129416516,5.294950139363781,0.9999999999999692,0.6387873278480917,0.9278863315477773,1.5087971469231938,density1.0000_damping0.020_lm725_bias_summary.pkl,0.2,0.02,0.6442087352920598,0.7224134352574809,0.8917452304336403,1.121396522091502
2.95,0.02,1.0,1.0,725,100,50,50,0.19863770926705096,0.19863770926705096,0.17364975257981904,3.2799048977488368,0.5695546739794222,Peak absolute acceleration,mean,theory_times_residual,success,0.1,Peak absolute acceleration,0.536392577494413,0.3371001680805448,0.5605281667310678,0.7326534975194122,0.9417753940050629,0.16353906415474614,0.5363925774944035,0.5695546739794409,0.35794115054011766,0.5951824291642667,0.7779492883156316,3.2799048977488368,2.061282237506076,3.4274879193430947,4.479990767381125,1.0000000000000178,0.6284579284359355,1.044996128301041,1.365890447145601,density1.0000_damping0.020_lm725_bias_summary.pkl,0.2,0.02,0.5695546739794222,0.713868706306587,0.7978423328376355,1.2533804723589694
3.0,0.02,1.0,1.0,725,100,50,50,0.222963401565581,0.222963401565581,0.28477822170505795,2.014591884177275,0.5737118942374465,Peak absolute acceleration,mean,theory_times_residual,success,0.1,Peak absolute acceleration,0.5291188084376577,0.3111744623747872,0.5302929508774242,0.7445604215643558,0.9222726838197062,0.2626431748253274,0.5291188084376667,0.573711894237447,0.3373996301029103,0.5749849910778562,0.8073105000580381,2.014591884177275,1.1847803110883648,2.0190623694299275,2.834874433952189,0.999999999999983,0.5880994162607723,1.0022190525474315,1.4071705819016815,density1.0000_damping0.020_lm725_bias_summary.pkl,0.2,0.02,0.5737118942374465,0.7244024436097003,0.7919795126292342,1.2626589249514257
3.1,0.02,1.0,1.0,725,100,50,50,0.19626822341096462,0.19626822341096462,0.21831299283729197,3.338372741931041,0.7288101444974021,Peak absolute acceleration,mean,theory_times_residual,success,0.1,Peak absolute acceleration,0.4576154471510243,0.34000694248245716,0.41024578649587246,0.63410314622708,0.6278939043399234,0.137077397440743,0.4576154471510099,0.7288101444974128,0.541503811603158,0.6533680031933824,1.0098889985143016,3.338372741931041,2.4804012100495147,2.9928040228019146,4.625876753322484,1.0000000000000313,0.7429970832480601,0.8964858792463233,1.385668141612865,density1.0000_damping0.020_lm725_bias_summary.pkl,0.2,0.02,0.7288101444974021,0.7297193026677502,0.9987540987788024,1.0012474554274695
3.2,0.02,1.0,1.0,725,100,50,50,0.20909634426725934,0.20909634426725934,0.16354144423368008,3.240277849745761,0.5299197192658253,Peak absolute acceleration,mean,theory_times_residual,success,0.1,Peak absolute acceleration,0.3835126335829148,0.24943415176196032,0.38449059205076525,0.5104300811799344,0.7237183664616841,0.11835794686958898,0.3835126335829087,0.5299197192658495,0.3446563792231272,0.5312710162802278,0.7052882790241557,3.240277849745761,2.107455885803729,3.248540568842502,4.312596616282509,1.000000000000016,0.6503935722577364,1.002550003265134,1.3309342026397375,density1.0000_damping0.020_lm725_bias_summary.pkl,0.2,0.02,0.5299197192658253,0.6225359164846286,0.851227544039892,1.1747740154812847
3.3,0.02,1.0,1.0,725,100,50,50,0.2236207784432099,0.2236207784432099,0.1258423612829152,3.6505940610953402,0.4593993767336244,Peak absolute acceleration,mean,theory_times_residual,success,0.1,Peak absolute acceleration,0.37486558701190975,0.2929391995459,0.36563106582469085,0.4863247425000275,0.8159906303688127,0.10268618771034581,0.3748655870119104,0.4593993767336242,0.3589982392487728,0.4480824316076183,0.5959930474694516,3.6505940610953402,2.85276146751318,3.5606645253600444,4.73602880137919,0.9999999999999981,0.7814512979997615,0.9753657804099096,1.2973309883592374,density1.0000_damping0.020_lm725_bias_summary.pkl,0.2,0.02,0.4593993767336244,0.5126677290563539,0.896095756952014,1.1159521649800068
3.4,0.02,1.0,1.0,725,100,50,50,0.21066252841970814,0.21066252841970814,0.1090760809207816,3.325303046149909,0.362711024147969,Peak absolute acceleration,mean,theory_times_residual,success,0.1,Peak absolute acceleration,0.3359402927011757,0.2210183148510835,0.3228951354539571,0.45926664752632074,0.9261926722252671,0.10102546686387964,0.3359402927011707,0.36271102414797435,0.23863103377838835,0.34862631192942867,0.49586512752566736,3.325303046149909,2.187748512450634,3.196175632516716,4.546048256774012,1.0000000000000149,0.6579095144376925,0.9611682268229202,1.3671079578859944,density1.0000_damping0.020_lm725_bias_summary.pkl,0.2,0.02,0.362711024147969,0.4653834932921801,0.7793809393240658,1.2830696127458359
3.45,0.02,1.0,1.0,725,100,50,50,0.18996354981431088,0.18996354981431088,0.11957747230901718,2.5795036830039613,0.308450530225414,Peak absolute acceleration,mean,theory_times_residual,success,0.1,Peak absolute acceleration,0.29037920987380506,0.17645110856247173,0.3059803362461838,0.37399878228209543,0.941412581335448,0.11257173687600394,0.29037920987379945,0.30845053022542507,0.18743228214792462,0.32502256960718867,0.39727404296164875,2.5795036830039613,1.5674547933539478,2.71809198949481,3.322315109111708,1.0000000000000193,0.6076575132192089,1.0537267333262759,1.2879668019092607,density1.0000_damping0.020_lm725_bias_summary.pkl,0.2,0.02,0.308450530225414,0.4524894495842787,0.6816745241437265,1.4669757554107683
3.5,0.02,1.0,1.0,725,100,50,50,0.1787681109749789,0.1787681109749789,0.1286567808236665,2.2953333937909504,0.29531020536220487,Peak absolute acceleration,mean,theory_times_residual,success,0.1,Peak absolute acceleration,0.2803612204300971,0.21056821126108596,0.2674332828130525,0.3699684182662452,0.9493787053048854,0.12214400800707004,0.2803612204300988,0.2953102053622125,0.22179580191180256,0.28169294436319636,0.3896952988295991,2.2953333937909504,1.723934024245362,2.18949162694557,3.0289526625393726,0.9999999999999939,0.7510604032114562,0.9538882817059589,1.3196133819744438,density1.0000_damping0.020_lm725_bias_summary.pkl,0.2,0.02,0.29531020536220487,0.44202647847646664,0.6680826143719925,1.4968208698859926
3.55,0.02,1.0,1.0,725,100,50,50,0.19028136426143882,0.19028136426143882,0.1278580421887964,2.412811738130659,0.30849738500753293,Peak absolute acceleration,mean,theory_times_residual,success,0.1,Peak absolute acceleration,0.2897619105521198,0.20554198188784184,0.301473293287442,0.37083027238109534,0.9392686117746223,0.12009304579088903,0.28976191055212525,0.30849738500752566,0.21883194999937,0.32096600430184563,0.39480747864070664,2.412811738130659,1.7115227658205956,2.510330979633739,3.087858001593201,0.999999999999981,0.7093478280019379,1.0404172608918865,1.2797757706473527,density1.0000_damping0.020_lm725_bias_summary.pkl,0.2,0.02,0.30849738500753293,0.43297090208476896,0.7125129737866959,1.4034832161517241
3.6,0.02,1.0,1.0,725,100,50,50,0.22536941541960476,0.22536941541960476,0.11888350378959982,2.5290479356525073,0.30066207984222443,Peak absolute acceleration,mean,theory_times_residual,success,0.1,Peak absolute acceleration,0.27402924146457197,0.19384373184623438,0.28210310651306036,0.33988905317743184,0.9114193635871229,0.10835272736492084,0.27402924146457447,0.30066207984221466,0.21268335915457515,0.30952064196087714,0.3729227913698388,2.5290479356525073,1.7890064842889337,2.603562580967308,3.136875844691205,0.9999999999999911,0.7073833829200808,1.0294635163945802,1.2403386272241006,density1.0000_damping0.020_lm725_bias_summary.pkl,0.2,0.02,0.30066207984222443,0.42498451755676697,0.7074659603383341,1.4134955687786834
3.65,0.02,1.0,1.0,725,100,50,50,0.2088809857725231,0.2088809857725231,0.1271031072118422,2.3755879008602805,0.3019446036541994,Peak absolute acceleration,mean,theory_times_residual,success,0.1,Peak absolute acceleration,0.27864311853080287,0.19241598078893568,0.27997721603000125,0.3562246065935067,0.9228286088196718,0.11729438360495809,0.27864311853081025,0.3019446036541895,0.20850673564947456,0.3033902648381278,0.3860138309421613,2.3755879008602805,1.640453488693743,2.3869618256655083,3.037013330435788,0.9999999999999735,0.6905463224912183,1.0047878358031062,1.2784259969230787,density1.0000_damping0.020_lm725_bias_summary.pkl,0.2,0.02,0.3019446036541994,0.4179141278307535,0.7225039393175832,1.3840754985287553
3.7,0.02,1.0,1.0,725,100,50,50,0.21358077699297282,0.21358077699297282,0.1264695828087031,2.2853447419140593,0.28902659608393433,Peak absolute acceleration,mean,theory_times_residual,success,0.1,Peak absolute acceleration,0.26538162943784555,0.22194591328671381,0.2631717112020014,0.30750466043449365,0.9181910351280453,0.11612323715133623,0.2653816294378436,0.28902659608393705,0.24172084544014588,0.2866197786011939,0.3349027039799086,2.2853447419140593,1.9112962980653514,2.2663139407578345,2.648088943935845,1.0000000000000073,0.836327343972002,0.9916726781709666,1.1587262505165825,density1.0000_damping0.020_lm725_bias_summary.pkl,0.2,0.02,0.28902659608393433,0.41165108461407046,0.7021154732408965,1.424267144240683
3.75,0.02,1.0,1.0,725,100,50,50,0.16911003700685853,0.16911003700685853,0.1576672039883681,1.8031649306634778,0.2842999729475902,Peak absolute acceleration,mean,theory_times_residual,success,0.1,Peak absolute acceleration,0.27064089783010253,0.19446317753453743,0.2851086275232879,0.3190802099752109,0.9519554118283142,0.15009214810456617,0.2706408978301062,0.28429997294759096,0.20427761123922156,0.2994978798174084,0.3351839865717967,1.8031649306634778,1.2956252541542603,1.899557246156931,2.1258954182794034,0.9999999999999863,0.7185284230641702,1.0534572927047552,1.1789800157089056,density1.0000_damping0.020_lm725_bias_summary.pkl,0.2,0.02,0.2842999729475902,0.4061028385683119,0.7000689134551894,1.4284308027112465
3.8,0.02,1.0,1.0,725,100,50,50,0.22425243306034282,0.22425243306034282,0.11701319262916918,2.5783778368748713,0.30170422249701984,Peak absolute acceleration,mean,theory_times_residual,success,0.1,Peak absolute acceleration,0.2739360597152612,0.2452248427246198,0.27307915143982664,0.30205588417026424,0.9079622997917031,0.10624356748554976,0.2739360597152637,0.30170422249701917,0.2700826265373322,0.3007604517307317,0.33267447804777717,2.5783778368748713,2.3081382574806044,2.5703123295155565,2.843051031878678,0.9999999999999907,0.8951900782230457,0.9968718675579704,1.1026510510672782,density1.0000_damping0.020_lm725_bias_summary.pkl,0.2,0.02,0.30170422249701984,0.40118778263315846,0.7520274434002192,1.329738706713398
3.85,0.02,1.0,1.0,725,100,50,50,0.17591524090386548,0.17591524090386548,0.15755701315842596,1.8371682107228533,0.2894587359511025,Peak absolute acceleration,mean,theory_times_residual,success,0.1,Peak absolute acceleration,0.27327171898705743,0.22747325152021736,0.274560507372121,0.31782277879996124,0.9440783263601922,0.14874616128891963,0.27327171898704955,0.28945873595110644,0.2409474353650504,0.2908238646158354,0.3366487397558399,1.8371682107228533,1.529271408076077,1.8458325579160575,2.136678863144796,1.000000000000029,0.8324068526498251,1.0047161425626063,1.1630284318408484,density1.0000_damping0.020_lm725_bias_summary.pkl,0.2,0.02,0.2894587359511025,0.3968336527492399,0.7294208390486998,1.370950686443528
3.9,0.02,1.0,1.0,725,100,50,50,0.20652233199504888,0.20652233199504888,0.12021083648148524,2.4134567010050056,0.2901236488396576,Peak absolute acceleration,mean,theory_times_residual,success,0.1,Peak absolute acceleration,0.266584339131726,0.20148826988218294,0.26667603811576646,0.3330509126324943,0.9188645606723927,0.11045747745162182,0.26658433913172214,0.2901236488396603,0.2192796180263399,0.29022344481391504,0.36245919898007534,2.4134567010050056,1.824125215700592,2.414286875531494,3.0151957143722026,1.0000000000000144,0.7558143533053734,1.0003439773857046,1.2493266248019557,density1.0000_damping0.020_lm725_bias_summary.pkl,0.2,0.02,0.2901236488396576,0.3929764336939276,0.7382723847141087,1.3545136195054324
4.0,0.02,1.0,1.0,725,100,50,50,0.21366860147291866,0.21366860147291866,0.08927161423894193,,0.29284191297217704,Peak absolute acceleration,mean,direct_code_bias,success,0.1,Peak absolute acceleration,0.26632526685370056,0.20436172051921658,0.26680041285562894,0.32938642863602385,0.9094506457448399,0.0811881272162921,0.26632526685370816,0.29284191297217704,0.22470897291171238,0.29336436683391376,0.36218175244271383,3.2803474594775097,2.517138004363366,3.286199866944213,4.057076322976515,0.9999999999999717,0.7673388369548578,1.0017840815763899,1.236782497309784,density1.0000_damping0.020_lm725_bias_summary.pkl,0.2,0.02,0.29284191297217704,0.38653236211840525,0.757612923707701,1.3199352449085038
4.1,0.02,1.0,1.0,725,100,50,50,0.20259228004310195,0.20259228004310195,0.07321636456851038,,0.28396667922977065,Peak absolute acceleration,mean,direct_code_bias,success,0.1,Peak absolute acceleration,0.2602634195868471,0.22293813709705607,0.25235158944035174,0.30355889814641734,0.9165280246710069,0.06710484999156797,0.2602634195868481,0.28396667922977065,0.24324202980817852,0.27533428618392203,0.33120525502248727,3.878459151902589,3.322235831315758,3.7605566434029862,4.523650647971955,0.9999999999999963,0.8565865208831743,0.9696006831883794,1.16635253094076,density1.0000_damping0.020_lm725_bias_summary.pkl,0.2,0.02,0.28396667922977065,0.381475207831564,0.7443909155825188,1.343380177090759
4.2,0.02,1.0,1.0,725,100,50,50,0.18679048938309536,0.18679048938309536,0.05900288757922179,,0.27278704026475703,Peak absolute acceleration,mean,direct_code_bias,success,0.1,Peak absolute acceleration,0.2525310563257346,0.22168312224971615,0.25209803182578405,0.2872169052442433,0.925744331844494,0.054621588738923074,0.2525310563257361,0.27278704026475703,0.2394647362388111,0.2723192820673207,0.31025510539392626,4.623282884223069,4.058525710581279,4.615355167180266,5.258303756360239,0.9999999999999941,0.8778449885536865,0.9982852623900901,1.1373528049309172,density1.0000_damping0.020_lm725_bias_summary.pkl,0.2,0.02,0.27278704026475703,0.3775064732852145,0.722602285176336,1.3838871264515378
4.25,0.02,1.0,1.0,725,100,50,50,0.1456005366767082,0.1456005366767082,0.10027119372064844,2.891457349164081,0.2899298799930242,Peak absolute acceleration,mean,theory_times_residual,success,0.1,Peak absolute acceleration,0.24287921131754606,0.20241396873117956,0.2457913197505093,0.27674240190968147,0.83771707601641,0.08399889121233704,0.24287921131754636,0.2899298799930256,0.24162569264281594,0.2934061233648465,0.3303530629048087,2.891457349164081,2.4097219119179365,2.9261257643173457,3.2945958918685814,0.9999999999999988,0.8333935524293945,1.0119899451960737,1.139423997667143,density1.0000_damping0.020_lm725_bias_summary.pkl,0.2,0.02,0.2899298799930242,0.37585494973275085,0.7713876861251304,1.2963650029510376
4.3,0.02,1.0,1.0,725,100,50,50,0.15081681223009835,0.15081681223009835,0.07475329262396055,,0.3383004692011778,Peak absolute acceleration,mean,direct_code_bias,success,0.1,Peak absolute acceleration,0.2413830976612589,0.19961773859571902,0.240976540379278,0.2806264174531023,0.7135168870183124,0.05333773664741684,0.24138309766125682,0.3383004692011778,0.27976596241456,0.33773067570451676,0.39330031644492813,4.525559441280662,3.742523607915158,4.517937121558542,5.2613109421599935,1.0000000000000084,0.8269747986905491,0.9983157176872866,1.1625769168267006,density1.0000_damping0.020_lm725_bias_summary.pkl,0.2,0.02,0.3383004692011778,0.37439190469465916,0.9035998507421964,1.1066845564202241
4.35,0.02,1.0,1.0,725,100,50,50,0.18460072892648138,0.18460072892648138,0.016217600167315244,,0.38169081615493594,Peak absolute acceleration,mean,direct_code_bias,success,0.1,Peak absolute acceleration,0.21995918866075037,0.18312572120240986,0.2241035057939082,0.25230551796284906,0.5762758215577933,0.009345810860115374,0.2199591886607488,0.38169081615493594,0.31777443084004975,0.3888823674540255,0.437820759650847,23.535591716226424,19.594417642660186,23.97903286811666,26.99664285306693,1.0000000000000073,0.8325440838248019,1.0188413003266317,1.1470560493473596,density1.0000_damping0.020_lm725_bias_summary.pkl,0.2,0.02,0.38169081615493594,0.37309582824434656,1.0230369445593563,0.9774818058312923
4.4,0.02,1.0,1.0,725,100,50,50,0.19426107689766425,0.19426107689766425,0.0013811382912785487,,0.5272024852536731,Peak absolute acceleration,mean,direct_code_bias,success,0.1,Peak absolute acceleration,0.2408053809570169,0.19615372845685627,0.23493406260837868,0.2938569000150285,0.45676070901135657,0.000630849705167137,0.2408053809570193,0.5272024852536731,0.4294452753640402,0.5143482308644404,0.6433497764093413,381.7159285082301,310.9357535562094,372.4089282821102,465.8112663097373,0.9999999999999901,0.8145736929851547,0.9756179935626581,1.220308694295657,density1.0000_damping0.020_lm725_bias_summary.pkl,0.2,0.02,0.5272024852536731,0.37194766525460976,1.417410389961129,0.705511972455214
1.5,0.02,1.0,1.0,967,100,50,50,0.14171917493911557,0.14171917493911557,0.4093881391831148,0.49300035287716554,0.20182849708100176,Peak absolute acceleration,mean,theory_times_residual,success,0.1,Peak absolute acceleration,0.3350422042077716,0.26919773410878395,0.33109288726584263,0.4283496110387177,1.6600341827513203,0.6795983050568926,0.3350422042078226,0.2018284970809919,0.16216397042054814,0.19944943947906746,0.2580366208657079,0.49300035287716554,0.39611301574133273,0.48718910097653234,0.6302982333113065,0.9999999999998477,0.8034741018531619,0.9882124792268552,1.2784944871393507,density1.0000_damping0.020_lm967_bias_summary.pkl,0.15,0.02,0.20182849708100176,0.2880449811764827,0.7006839565703539,1.4271769613429706
1.6,0.02,1.0,1.0,967,100,50,50,0.11968049149594588,0.11968049149594588,0.5190231716508105,0.3053815083192485,0.1585000790113647,Peak absolute acceleration,mean,theory_times_residual,success,0.1,Peak absolute acceleration,0.3755770401530692,0.299317727921438,0.37384625157583784,0.4648233033050751,2.369570050032138,1.229861762816489,0.37557704015305265,0.15850007901136973,0.12631731563174442,0.1577696559638604,0.19616356279434358,0.3053815083192485,0.24337509870700813,0.3039742049705634,0.3779476013959405,1.000000000000044,0.7969542754782403,0.9953916549943802,1.2376243849082293,density1.0000_damping0.020_lm967_bias_summary.pkl,0.15,0.02,0.1585000790113647,0.2880475368676021,0.5502566719889173,1.8173337115305075
1.7,0.02,1.0,1.0,967,100,50,50,0.16391622075113435,0.16391622075113435,0.4365590481218748,0.37128339603963606,0.16208712595852057,Peak absolute acceleration,mean,theory_times_residual,success,0.1,Peak absolute acceleration,0.4749841195837516,0.4104585697554961,0.4714483296244007,0.5572364074129217,2.930424713097741,1.2793034233425429,0.4749841195838198,0.16208712595849206,0.14006794575575424,0.1608805466037837,0.1901555105382213,0.37128339603963606,0.3208453618321889,0.36851955605075165,0.4355779850545414,0.9999999999998564,0.8641521954779018,0.9925559827926096,1.173168500667288,density1.0000_damping0.020_lm967_bias_summary.pkl,0.15,0.02,0.16208712595852057,0.28830282244512184,0.5622113740816757,1.778690446512704
1.75,0.02,1.0,1.0,967,100,50,50,0.14448141657237915,0.14448141657237915,0.5217583634446983,0.3686363062592173,0.1923390758601078,Peak absolute acceleration,mean,theory_times_residual,success,0.1,Peak absolute acceleration,0.5731585450535447,0.4887215361322481,0.5689912317745803,0.6572225214493865,2.979938124848062,1.5548076391870949,0.573158545053543,0.19233907586009638,0.164003920771733,0.1909406195484651,0.22054904964944408,0.3686363062592173,0.3143292609417381,0.3659560304656516,0.4227034295978918,1.0000000000000029,0.8526812351486324,0.9927292137316501,1.146667928309418,density1.0000_damping0.020_lm967_bias_summary.pkl,0.15,0.02,0.1923390758601078,0.2891837776976723,0.6651101849191194,1.50351027946085
1.8,0.02,1.0,1.0,967,100,50,50,0.1562801351493394,0.1562801351493394,0.5431784803444454,0.4112575815952708,0.22338626820105095,Peak absolute acceleration,mean,theory_times_residual,success,0.1,Peak absolute acceleration,0.6588239949878506,0.528057076491987,0.6261733990353353,0.8226427943489869,2.9492591478136188,1.601974102051245,0.658823994987888,0.22338626820103558,0.17904736410954353,0.21231548929823207,0.2789320141496683,0.4112575815952708,0.3296289720388346,0.3908761060703495,0.5135181606841429,0.9999999999999432,0.8015146389768256,0.9504410947370656,1.2486533590266558,density1.0000_damping0.020_lm967_bias_summary.pkl,0.15,0.02,0.22338626820105095,0.2918778686109412,0.7653415768182175,1.306606135468662
1.85,0.02,1.0,1.0,967,100,50,50,0.13676181454813438,0.13676181454813438,0.6187137903443992,0.3847859956715702,0.23807240185340078,Peak absolute acceleration,mean,theory_times_residual,success,0.1,Peak absolute acceleration,0.7141217569272996,0.6278636023315204,0.702267113064208,0.8030752290250881,2.9995990772885475,1.8558933146226828,0.71412175692733,0.23807240185339093,0.2093158406019615,0.23412032574000327,0.26772752235642727,0.3847859956715702,0.33830802524291104,0.37839842814832503,0.4327162680621862,0.9999999999999575,0.879210857589671,0.9833996881510383,1.1245634532695103,density1.0000_damping0.020_lm967_bias_summary.pkl,0.15,0.02,0.23807240185340078,0.2987396120301824,0.796922779123572,1.2548267237381803
1.9,0.02,1.0,1.0,967,100,50,50,0.15769581910938632,0.15769581910938632,0.5817839870698334,0.44941332873360224,0.2614614782329608,Peak absolute acceleration,mean,theory_times_residual,success,0.1,Peak absolute acceleration,0.7700052052629655,0.6670093655547111,0.7531193300101642,0.8856802488303486,2.9450044054932025,1.7133564049663506,0.7700052052628971,0.2614614782330052,0.22648841010579285,0.25572774309111385,0.3007398722997913,0.44941332873360224,0.389299834886257,0.4395578922325592,0.5169270364666148,1.0000000000000888,0.8662400734381779,0.9780704401251837,1.1502263137662265,density1.0000_damping0.020_lm967_bias_summary.pkl,0.15,0.02,0.2614614782329608,0.3140583437884852,0.8325251769431586,1.2011648748832549
1.95,0.02,1.0,1.0,967,100,50,50,0.1818366789506165,0.1818366789506165,0.5410454303011681,0.5455518560821774,0.2951683387255826,Peak absolute acceleration,mean,theory_times_residual,success,0.1,Peak absolute acceleration,0.8514089795912042,0.6596850626911601,0.8389943302044167,1.0430605298487048,2.8844861317689703,1.5606380403606495,0.8514089795912022,0.29516833872557413,0.2287010692911859,0.2908644007554601,0.3616105199330692,0.5455518560821774,0.42270215490756124,0.5375970010384552,0.6683551873486712,1.0000000000000024,0.7748157213562664,0.985418700431435,1.2250992823090998,density1.0000_damping0.020_lm967_bias_summary.pkl,0.15,0.02,0.2951683387255826,0.3450219971629742,0.8555058551416301,1.1688990718064123
2.0,0.02,1.0,1.0,967,100,50,50,0.1633746645413232,0.1633746645413232,0.5354497530177553,0.6162429446162319,0.32996713249369564,Peak absolute acceleration,mean,theory_times_residual,success,0.1,Peak absolute acceleration,0.9667473958834889,0.812233162784157,0.9655939322521997,1.1513416058612753,2.92982936990535,1.5687764125000005,0.9667473958834938,0.32996713249369886,0.2772288281110366,0.32957343597227773,0.39297223848174817,0.6162429446162319,0.5177494742477566,0.6155076813740654,0.733910579409145,0.9999999999999948,0.8401710376906381,0.9988068614032934,1.1909435812951779,density1.0000_damping0.020_lm967_bias_summary.pkl,0.15,0.02,0.32996713249369564,0.40293708903548553,0.8189048401663384,1.2211431059521787
2.05,0.02,1.0,1.0,967,100,50,50,0.1374509788350426,0.1374509788350426,0.5411202729721998,0.6311488914092275,0.34152746040546245,Peak absolute acceleration,mean,theory_times_residual,success,0.1,Peak absolute acceleration,1.0232654159110617,0.8712620451523848,1.0189331290206272,1.209075937274828,2.99614389629539,1.6212742030273037,1.0232654159110346,0.34152746040545234,0.2907944595817527,0.3400815061921747,0.40354401494861486,0.6311488914092275,0.5373933931259326,0.6284767420082531,0.7457565999737714,1.0000000000000264,0.8514526452325002,0.9957662139039944,1.1815858510163393,density1.0000_damping0.020_lm967_bias_summary.pkl,0.15,0.02,0.34152746040546245,0.5047284688806579,0.6766558287525981,1.4778561825788261
2.1,0.02,1.0,1.0,967,100,50,50,0.13211328698067312,0.13211328698067312,0.5280956937644024,0.6612083335387474,0.34918127362294915,Peak absolute acceleration,mean,theory_times_residual,success,0.1,Peak absolute acceleration,1.0509437995707838,0.8126471566747675,1.0807845271457734,1.3040244980945395,3.0097370018347434,1.5894291500323288,1.0509437995708055,0.3491812736229531,0.2700060358029209,0.3590960029022218,0.4332685870225879,0.6612083335387474,0.5112824039110132,0.6799828272457382,0.8204357508279093,0.9999999999999795,0.7732546278941311,1.0283942182133379,1.2408127804998605,density1.0000_damping0.020_lm967_bias_summary.pkl,0.15,0.02,0.34918127362294915,0.6747413824538804,0.5175038654855426,1.9323527159777636
2.15,0.02,1.0,1.0,967,100,50,50,0.11049865118289465,0.11049865118289465,0.7141219675070285,0.6986842458286254,0.49894576829730236,Peak absolute acceleration,mean,theory_times_residual,success,0.1,Peak absolute acceleration,1.1479809785808124,0.8947914783974276,1.1510600557014459,1.3834870390004546,2.3008131374645897,1.6430612045922546,1.1479809785808024,0.4989457682973093,0.38890228147056494,0.5002840243557855,0.6013035202524121,0.6986842458286254,0.5445880384105842,0.7005582339138093,0.8420179571726809,1.0000000000000087,0.7794480005266449,1.0026821673687052,1.2051480510685795,density1.0000_damping0.020_lm967_bias_summary.pkl,0.15,0.02,0.49894576829730236,0.946867548719153,0.5269435719623519,1.8977364052017602
2.2,0.02,1.0,1.0,967,100,50,50,0.16324067236403292,0.16324067236403292,0.8995619782350001,0.8858820748549467,0.7969058317394423,Peak absolute acceleration,mean,theory_times_residual,success,0.1,Peak absolute acceleration,1.1666818992185513,0.8731862181520585,1.1544625938299884,1.5046351096335318,1.464014759023679,1.3169720127925406,1.1666818992186032,0.7969058317394201,0.5964326607843546,0.7885593958081922,1.027745861412587,0.8858820748549467,0.6630256449417877,0.8766037414736225,1.1424958883090202,0.9999999999999556,0.7484355579159012,0.9895264464145722,1.2896703982818933,density1.0000_damping0.020_lm967_bias_summary.pkl,0.15,0.02,0.7969058317394423,1.3670162097432603,0.5829527302306634,1.7154049516232206
2.25,0.02,1.0,1.0,967,100,50,50,0.1484103532375306,0.1484103532375306,1.7406744054059196,0.8749976023828633,1.5230859312593958,Peak absolute acceleration,mean,theory_times_residual,success,0.1,Peak absolute acceleration,1.129052684398272,0.8749301019543236,1.1116462300353542,1.470972181165588,0.7412928326799912,1.2903494607568589,1.1290526843982918,1.523085931259331,1.1802759495072876,1.4996047189832211,1.984333472978002,0.8749976023828633,0.6780567036786534,0.8615078812706398,1.1399796922476988,0.9999999999999823,0.7749240704569972,0.9845831336274498,1.3028375039465196,density1.0000_damping0.020_lm967_bias_summary.pkl,0.15,0.02,1.5230859312593958,1.995950464481873,0.763088041693833,1.3104647764893207
2.3,0.02,1.0,1.0,967,100,50,50,0.1373454000168686,0.1373454000168686,1.6501653232175306,0.871613261676417,1.4383059796749507,Peak absolute acceleration,mean,theory_times_residual,success,0.1,Peak absolute acceleration,1.0763287680244091,0.935583344382061,1.0648162789164286,1.2792441420324638,0.7483308720357738,1.2348696553265526,1.076328768024428,1.4383059796749311,1.2502268439585849,1.4229217565482521,1.7094632733143609,0.871613261676417,0.7576373266169963,0.8622904241944833,1.0359345510795444,0.9999999999999826,0.8692356575206093,0.9893039288273133,1.1885254580535662,density1.0000_damping0.020_lm967_bias_summary.pkl,0.15,0.02,1.4383059796749507,1.8095955992181156,0.7948217713926715,1.2581436945892934
2.35,0.02,1.0,1.0,967,100,50,50,0.1472767158084049,0.1472767158084049,1.5340751949109372,0.949490845391643,1.4565903537103353,Peak absolute acceleration,mean,theory_times_residual,success,0.1,Peak absolute acceleration,1.080293359024987,0.7971757470271077,1.1245495757101984,1.3452463395438932,0.7416590095308286,1.13776068960348,1.0802933590249282,1.4565903537103626,1.0748548009029093,1.516262273172661,1.8138340157087718,0.949490845391643,0.7006532694541685,0.988388495037664,1.1823631734127884,1.0000000000000544,0.7379252499956473,1.040966850638808,1.2452602140941709,density1.0000_damping0.020_lm967_bias_summary.pkl,0.15,0.02,1.4565903537103353,1.6445083011644366,0.8857300098023453,1.1290122147077404
2.4,0.02,1.0,1.0,967,100,50,50,0.16503584386433715,0.16503584386433715,1.211137626772393,1.2135008410727786,1.469716528743188,Peak absolute acceleration,mean,theory_times_residual,success,0.1,Peak absolute acceleration,1.0730860936066902,0.8014833408863898,1.0504577992748594,1.3197335807674195,0.7301313366356076,0.884289534284989,1.0730860936067004,1.4697165287431615,1.0977248895788627,1.4387244411605353,1.8075290218998905,1.2135008410727786,0.9063585056838269,1.1879116042283924,1.4924224810989286,0.9999999999999903,0.7468956551217256,0.9789128808334603,1.229848740590537,density1.0000_damping0.020_lm967_bias_summary.pkl,0.15,0.02,1.469716528743188,1.4982614299627515,0.9809479836771294,1.019422045449794
2.45,0.02,1.0,1.0,967,100,50,50,0.15481362396994366,0.15481362396994366,0.8604943436038666,1.491942300729125,1.283807910760751,Peak absolute acceleration,mean,theory_times_residual,success,0.1,Peak absolute acceleration,0.9453784407572995,0.6491248723233612,0.9868517235740446,1.2210404215086803,0.7363862092087792,0.6336561677320127,0.9453784407573574,1.2838079107606795,0.8815005824468425,1.3401279263966415,1.658152211759431,1.491942300729125,1.0244118267588465,1.557393068714524,1.9269763062183047,0.9999999999999387,0.6866296546844639,1.043869503501119,1.2915890281255893,density1.0000_damping0.020_lm967_bias_summary.pkl,0.15,0.02,1.283807910760751,1.3687048403732118,0.9379727994609924,1.0661289971037435
2.5,0.02,1.0,1.0,967,100,50,50,0.1433871855176627,0.1433871855176627,0.49264973195236184,2.3938233333115218,1.1793164234972304,Peak absolute acceleration,mean,theory_times_residual,success,0.1,Peak absolute acceleration,0.8755244284552081,0.5993621629323179,0.8584161354527983,1.2091649061824383,0.742399928476296,0.36574312576527596,0.8755244284552189,1.1793164234971538,0.8073305774186303,1.1562718455733345,1.6287244378702086,2.3938233333115218,1.6387516831060616,2.3470465334287827,3.3060495768783023,0.9999999999999879,0.6845750312071093,0.9804593767502219,1.3810750070285267,density1.0000_damping0.020_lm967_bias_summary.pkl,0.15,0.02,1.1793164234972304,1.2539337724068889,0.9404933892430005,1.0632716948759033
2.55,0.02,1.0,1.0,967,100,50,50,0.15085566372396345,0.15085566372396345,0.33019392295540295,3.3006136158865664,1.089842557989603,Peak absolute acceleration,mean,theory_times_residual,success,0.1,Peak absolute acceleration,0.8047617231882311,0.6201956885450672,0.8176055058893357,0.9933741792883986,0.7384201665539389,0.2438218515838204,0.8047617231882281,1.0898425579895727,0.8398953829218913,1.1072361548641596,1.3452695691184595,3.3006136158865664,2.543642764241162,3.35329052986156,4.074180278902931,1.000000000000004,0.7706575383431946,1.0159597335845252,1.234370560459739,density1.0000_damping0.020_lm967_bias_summary.pkl,0.15,0.02,1.089842557989603,1.1522608789602033,0.9458296969806681,1.0572727872599703
2.6,0.02,1.0,1.0,967,100,50,50,0.12271882400422139,0.12271882400422139,0.31984902706639345,2.7935019038628877,0.8934988660586624,Peak absolute acceleration,mean,theory_times_residual,success,0.1,Peak absolute acceleration,0.6760582124725074,0.4727863240237456,0.6060577218333105,1.0378339159934484,0.7566413771230502,0.2420110083109828,0.6760582124725506,0.893498866058659,0.6248486248814513,0.8009841123646999,1.3716325162384937,2.7935019038628877,1.9535736300731321,2.5042568355177037,4.288374827395611,0.9999999999999364,0.6993278319845004,0.8964578946785855,1.5351250777618306,density1.0000_damping0.020_lm967_bias_summary.pkl,0.15,0.02,0.8934988660586624,1.0621918176396505,0.8411840980324006,1.1888004092552622
2.65,0.02,1.0,1.0,967,100,50,50,0.12102245289662834,0.12102245289662834,0.30303840786842046,2.6176292875014817,0.7932422116741968,Peak absolute acceleration,mean,theory_times_residual,success,0.1,Peak absolute acceleration,0.6008695019428397,0.3411305612115293,0.5917825280805189,0.877341548785929,0.757485536069316,0.22954721083380283,0.6008695019428583,0.7932422116741981,0.45034597357686457,0.7812459775157556,1.158228780629344,2.6176292875014817,1.486101965571323,2.5780427735581695,3.8220527515846983,0.999999999999969,0.5677282007299653,0.9848769594180475,1.4601199527503441,density1.0000_damping0.020_lm967_bias_summary.pkl,0.15,0.02,0.7932422116741968,0.9824070766970984,0.8074475749310481,1.2384704977104724
2.7,0.02,1.0,1.0,967,100,50,50,0.13374970457319887,0.13374970457319887,0.2736098728530905,2.9276078362147118,0.8010224078304188,Peak absolute acceleration,mean,theory_times_residual,success,0.1,Peak absolute acceleration,0.5996968717469873,0.3556635575101578,0.5642525379687243,0.930851899513457,0.7486642893939731,0.20484194103072667,0.5996968717469656,0.8010224078303886,0.4750641409623791,0.7536789799677424,1.243350207430036,2.9276078362147118,1.7362828907035577,2.754575235567043,4.544244673866996,1.0000000000000357,0.5930722240956185,0.9408962503422953,1.5522040273476998,density1.0000_damping0.020_lm967_bias_summary.pkl,0.15,0.02,0.8010224078304188,0.9117694278029013,0.8785361555285727,1.1382570810627413
2.75,0.02,1.0,1.0,967,100,50,50,0.1299072124513689,0.1299072124513689,0.26082392859262804,2.729783596518185,0.7119928818515864,Peak absolute acceleration,mean,theory_times_residual,success,0.1,Peak absolute acceleration,0.5346138160092779,0.4302599761102876,0.5282825400506433,0.6671676358626695,0.7508696078800549,0.19584476098807732,0.5346138160092909,0.7119928818515691,0.5730155696740066,0.7035609571975538,0.8885266214813211,2.729783596518185,2.1969440180045514,2.6974555631988757,3.4066146701942435,0.999999999999976,0.8048051943775621,0.9881572907974799,1.2479431243338368,density1.0000_damping0.020_lm967_bias_summary.pkl,0.15,0.02,0.7119928818515864,0.8494454110231565,0.8381855650900206,1.1930532350465575
2.8,0.02,1.0,1.0,967,100,50,50,0.16019832720810112,0.16019832720810112,0.22514318495365715,2.9889479552111857,0.6729412622969674,Peak absolute acceleration,mean,theory_times_residual,success,0.1,Peak absolute acceleration,0.49183972441247453,0.3325124552026921,0.4339924271627439,0.818706878268093,0.730880616138261,0.16455278973826204,0.49183972441245905,0.6729412622969781,0.45494769988508027,0.5937938667135829,1.1201649902741677,2.9889479552111857,2.0207038466597074,2.637405466373758,4.975344869997826,1.0000000000000315,0.6760585587101656,0.8823858782069337,1.6645806298913783,density1.0000_damping0.020_lm967_bias_summary.pkl,0.15,0.02,0.6729412622969674,0.7953885780833032,0.8460534647336985,1.1819584006015373
2.85,0.02,1.0,1.0,967,100,50,50,0.17459589301537928,0.17459589301537928,0.20588800301971263,3.375443824347722,0.6949633883001741,Peak absolute acceleration,mean,theory_times_residual,success,0.1,Peak absolute acceleration,0.5014771817123665,0.33823716928730146,0.4667714445356043,0.6501910384846014,0.7215879140611301,0.14856629462920273,0.5014771817124075,0.6949633883001586,0.46874006991564904,0.6468670489623268,0.9010558877369441,3.375443824347722,2.276675003112155,3.141839444138994,4.3764370654014915,0.9999999999999184,0.6744816745845025,0.93079298831047,1.2965515923663298,density1.0000_damping0.020_lm967_bias_summary.pkl,0.15,0.02,0.6949633883001741,0.7514531993082684,0.9248259092380586,1.0812845855754558
2.9,0.02,1.0,1.0,967,100,50,50,0.11465838220693807,0.11465838220693807,0.22885320172717707,1.9419902181995665,0.44443067915783,Peak absolute acceleration,mean,theory_times_residual,success,0.1,Peak absolute acceleration,0.337758167898663,0.19401285132574503,0.31028309011732463,0.5007314612792592,0.7599794157745855,0.17392372254675986,0.3377581678986667,0.444430679157821,0.2552869818559539,0.4082782818546187,0.6588750311992386,1.9419902181995665,1.1155053979113412,1.7840182211710895,2.8790291165981463,0.9999999999999892,0.5744134998504382,0.9186545866461916,1.4825147364888813,density1.0000_damping0.020_lm967_bias_summary.pkl,0.15,0.02,0.44443067915783,0.7224134352574809,0.6152026768431048,1.6254805735427893
2.95,0.02,1.0,1.0,967,100,50,50,0.13797058824332556,0.13797058824332556,0.19878834691926192,2.4058825731606563,0.4782614196004671,Peak absolute acceleration,mean,theory_times_residual,success,0.1,Peak absolute acceleration,0.35581917859792694,0.2197122726509492,0.3644798016950025,0.501380561702876,0.7439846996129557,0.1478954885692863,0.3558191785979206,0.47826141960047736,0.2953182676542279,0.48990228143753,0.6739124634736575,2.4058825731606563,1.4855914455295778,2.4644416487677407,3.3901004456129065,1.0000000000000178,0.6174829403988545,1.0243399558483846,1.4090880757988633,density1.0000_damping0.020_lm967_bias_summary.pkl,0.15,0.02,0.4782614196004671,0.713868706306587,0.669957115888864,1.492632851094163
3.0,0.02,1.0,1.0,967,100,50,50,0.1511399436639558,0.1511399436639558,0.3221393018733691,1.3756555428881796,0.44315271620422875,Peak absolute acceleration,mean,theory_times_residual,success,0.1,Peak absolute acceleration,0.32565508489766376,0.22070066715723424,0.3194947852459208,0.4228914979562868,0.7348597289147446,0.2367272000474429,0.3256550848976879,0.4431527162042171,0.30033033308706325,0.4347697562877163,0.5754724082932416,1.3756555428881796,0.9322995714603275,1.349632763712367,1.786408565942293,0.9999999999999258,0.6777129465875605,0.9810833610852338,1.2985871173764965,density1.0000_damping0.020_lm967_bias_summary.pkl,0.15,0.02,0.44315271620422875,0.7244024436097003,0.611749339215318,1.6346564448808578
3.1,0.02,1.0,1.0,967,100,50,50,0.16110217727094048,0.16110217727094048,0.2340516005064367,2.6692072749526097,0.6247322347860828,Peak absolute acceleration,mean,theory_times_residual,success,0.1,Peak absolute acceleration,0.3031084719180942,0.17146810714304286,0.33317296211772557,0.4289606097783367,0.48518141859908986,0.11355748755910149,0.30310847191809837,0.6247322347860885,0.3534102926656567,0.6866976956366699,0.8841241509555646,2.6692072749526097,1.5099674255632112,2.9339585550827216,3.7774753474981764,0.9999999999999859,0.5656988274130936,1.0991872315853672,1.4152049497786532,density1.0000_damping0.020_lm967_bias_summary.pkl,0.15,0.02,0.6247322347860828,0.7297193026677502,0.856126777107501,1.168051305880857
3.2,0.02,1.0,1.0,967,100,50,50,0.1370731160700772,0.1370731160700772,0.1925903550443289,2.268465224091523,0.43688452291349955,Peak absolute acceleration,mean,theory_times_residual,success,0.1,Peak absolute acceleration,0.2521555527261191,0.18190520069143845,0.2612434360603618,0.3234487694989037,0.5771675110954717,0.11115689588192942,0.2521555527261109,0.436884522913503,0.3151688152823778,0.45263018281212375,0.5604070972134131,2.268465224091523,1.636472476567335,2.350222484962642,2.9098398883184915,1.0000000000000326,0.7214007334949402,1.0360407821124689,1.2827350657244136,density1.0000_damping0.020_lm967_bias_summary.pkl,0.15,0.02,0.43688452291349955,0.6225359164846286,0.7017820359354338,1.4249438554908178
3.3,0.02,1.0,1.0,967,100,50,50,0.13659289444738074,0.13659289444738074,0.14164882448869026,2.473590423705885,0.3503811757844199,Peak absolute acceleration,mean,theory_times_residual,success,0.1,Peak absolute acceleration,0.23084879396651284,0.14466559909545773,0.22111064919678972,0.3668602571081895,0.6588504460883048,0.09332539120225879,0.23084879396651367,0.35038117578442457,0.2195727421213105,0.3356006670551067,0.5568187124806465,2.473590423705885,1.5501204680935357,2.3692442790578747,3.9309801157234285,0.9999999999999964,0.6266682039345743,0.9578159166335669,1.5891798731311773,density1.0000_damping0.020_lm967_bias_summary.pkl,0.15,0.02,0.3503811757844199,0.5126677290563539,0.6834469109833589,1.4631714386727914
3.4,0.02,1.0,1.0,967,100,50,50,0.1456180272883045,0.1456180272883045,0.13376910837935285,2.305957935877881,0.30846593704267705,Peak absolute acceleration,mean,theory_times_residual,success,0.1,Peak absolute acceleration,0.22643918406195415,0.1492740907264875,0.21926640223255356,0.3129371571174739,0.7340816500935894,0.09819744781066377,0.22643918406194946,0.3084659370426777,0.20334807539114524,0.29869484164956156,0.42629747941196594,2.305957935877881,1.5201422649426237,2.232913452652303,3.1868155852772624,1.0000000000000207,0.659223761756927,0.9683235838394757,1.3819920717955785,density1.0000_damping0.020_lm967_bias_summary.pkl,0.15,0.02,0.30846593704267705,0.4653834932921801,0.6628209669847923,1.508703028133032
3.45,0.02,1.0,1.0,967,100,50,50,0.13137819889049188,0.13137819889049188,0.15138646639727735,1.845998415545264,0.27945917710437035,Peak absolute acceleration,mean,theory_times_residual,success,0.1,Peak absolute acceleration,0.2075314844342451,0.12889671681900658,0.2158094103725351,0.29187917599318625,0.7426182478048894,0.1124223524173206,0.20753148443424446,0.2794591771043722,0.17357062959335204,0.29060612368528205,0.39304067312640645,1.845998415545264,1.1465399366536277,1.9196308005674316,2.596273514271502,1.0000000000000029,0.6210947566360563,1.0398875667509304,1.4064332300657107,density1.0000_damping0.020_lm967_bias_summary.pkl,0.15,0.02,0.27945917710437035,0.4524894495842787,0.6176037416145773,1.6191611750695392
3.5,0.02,1.0,1.0,967,100,50,50,0.16759659728612242,0.16759659728612242,0.13356210282839967,2.301095166607958,0.30733910926042557,Peak absolute acceleration,mean,theory_times_residual,success,0.1,Peak absolute acceleration,0.22092895486206432,0.16830631954926167,0.2267035662834921,0.25996015397513306,0.7188442609653443,0.09601035110066111,0.22092895486206116,0.3073391092604347,0.23413460841050768,0.3153722977200225,0.36163626544924987,2.301095166607958,1.7530018130316236,2.3612408837647827,2.707626323567762,1.0000000000000144,0.7618119573975495,1.0261378660168665,1.176668554547055,density1.0000_damping0.020_lm967_bias_summary.pkl,0.15,0.02,0.30733910926042557,0.44202647847646664,0.6952956988453185,1.4382369999709765
3.55,0.02,1.0,1.0,967,100,50,50,0.16900012284958263,0.16900012284958263,0.1377323559120526,2.343162281132566,0.3227292612646476,Peak absolute acceleration,mean,theory_times_residual,success,0.1,Peak absolute acceleration,0.23148507569173146,0.18229335224395318,0.23225394859283605,0.28076962455705357,0.7172732797287661,0.09879173864980588,0.23148507569173854,0.3227292612646418,0.2541476971132769,0.3238011998448651,0.3914402397134122,2.343162281132566,1.8452287077378142,2.350945046286949,2.8420354616120047,0.9999999999999695,0.7874950542673755,1.00332147936017,1.2129059453100368,density1.0000_damping0.020_lm967_bias_summary.pkl,0.15,0.02,0.3227292612646476,0.43297090208476896,0.7453832571904622,1.3415917118519969
3.6,0.02,1.0,1.0,967,100,50,50,0.13381556990826668,0.13381556990826668,0.1664818443966608,1.6793960169205644,0.27958894636934134,Peak absolute acceleration,mean,theory_times_residual,success,0.1,Peak absolute acceleration,0.2065487800609267,0.16782555759248557,0.1960190618629316,0.26930347263774324,0.7387587483092833,0.12298991898269845,0.2065487800609256,0.27958894636934234,0.22717234547349813,0.265335689508299,0.3645350708253117,1.6793960169205644,1.3645472651794686,1.5937815349769153,2.1896385887987075,1.0000000000000053,0.8125226280348019,0.9490206710739804,1.303825045872006,density1.0000_damping0.020_lm967_bias_summary.pkl,0.15,0.02,0.27958894636934134,0.42498451755676697,0.6578803105033043,1.5200333313440648
3.65,0.02,1.0,1.0,967,100,50,50,0.14495967968739223,0.14495967968739223,0.16127588854745162,1.7718590784356198,0.28575814725557336,Peak absolute acceleration,mean,theory_times_residual,success,0.1,Peak absolute acceleration,0.20882033619365606,0.15860841537277365,0.21199779418933612,0.2608862903828116,0.7307589939225758,0.11785380605890182,0.2088203361936584,0.28575814725556514,0.21704613517158883,0.29010630858112624,0.3570072931739416,1.7718590784356198,1.3458064756390065,1.798820091422269,2.213643318845587,0.9999999999999889,0.7595448712700157,1.015216228714099,1.249333734147749,density1.0000_damping0.020_lm967_bias_summary.pkl,0.15,0.02,0.28575814725557336,0.4179141278307535,0.6837724025718898,1.4624749349910358
3.7,0.02,1.0,1.0,967,100,50,50,0.14729902118933913,0.14729902118933913,0.1645171005686177,1.7722742428174438,0.29156941984076823,Peak absolute acceleration,mean,theory_times_residual,success,0.1,Peak absolute acceleration,0.21238647270926958,0.152365415159799,0.22336699938336174,0.255018240502622,0.7284250619466767,0.1198383791729838,0.21238647270927105,0.29156941984077017,0.20917102268915716,0.30664375932704113,0.3500953685216424,1.7722742428174438,1.2714241982517405,1.8639020397708892,2.128018104571569,0.9999999999999932,0.7173969849217613,1.051700687590973,1.2007273215168848,density1.0000_damping0.020_lm967_bias_summary.pkl,0.15,0.02,0.29156941984076823,0.41165108461407046,0.7082926068666071,1.4118458816390318
3.75,0.02,1.0,1.0,967,100,50,50,0.1528079991763642,0.1528079991763642,0.16685886811669592,1.8953396024044917,0.316254220753962,Peak absolute acceleration,mean,theory_times_residual,success,0.1,Peak absolute acceleration,0.22898714956257013,0.2031144801970679,0.22276234313833454,0.26086555749460755,0.7240603746462398,0.12081589456162335,0.22898714956257193,0.3162542207539645,0.2805214693544102,0.3076571387395303,0.36028149948415666,1.8953396024044917,1.6811900531305288,1.8438165271764997,2.1591989898444237,0.9999999999999923,0.8870125707275369,0.9728159137483108,1.1392148336399317,density1.0000_damping0.020_lm967_bias_summary.pkl,0.15,0.02,0.316254220753962,0.4061028385683119,0.7787540266127969,1.2841025096839733
3.8,0.02,1.0,1.0,967,100,50,50,0.11750221573163559,0.11750221573163559,0.20888364181447128,1.2886140122135539,0.2691703877643247,Peak absolute acceleration,mean,theory_times_residual,success,0.1,Peak absolute acceleration,0.20080635135119754,0.1750981416528971,0.1899239402354131,0.25013578069286285,0.746019474946913,0.1558312647914302,0.2008063513511981,0.26917038776432345,0.23470988028208933,0.25458308611705904,0.33529390195968084,1.2886140122135539,1.123639353676904,1.2187794310057978,1.6051707019618493,0.9999999999999972,0.8719751166966881,0.9458064396740504,1.2456567185735603,density1.0000_damping0.020_lm967_bias_summary.pkl,0.15,0.02,0.2691703877643247,0.40118778263315846,0.6709336610343649,1.4904603213055632
3.85,0.02,1.0,1.0,967,100,50,50,0.14178187099177622,0.14178187099177622,0.1879290705121393,1.5663688723374356,0.29436624625752206,Peak absolute acceleration,mean,theory_times_residual,success,0.1,Peak absolute acceleration,0.21465879111851882,0.17851411349017507,0.2095783633249316,0.2633695329962774,0.7292235228991777,0.1370422988540313,0.21465879111851757,0.2943662462575244,0.24480026752353737,0.2873993456652493,0.3611643408720523,1.5663688723374356,1.3026205411244371,1.5292969037841453,1.9218119894267232,1.0000000000000058,0.8316179950515687,0.9763325426034801,1.226921718993869,density1.0000_damping0.020_lm967_bias_summary.pkl,0.15,0.02,0.29436624625752206,0.3968336527492399,0.7417875077332076,1.3480949592368539
3.9,0.02,1.0,1.0,967,100,50,50,0.1352054472696011,0.1352054472696011,0.20164794244026207,1.4032234511070707,0.28295712169966447,Peak absolute acceleration,mean,theory_times_residual,success,0.1,Peak absolute acceleration,0.20724916767349857,0.17156252170061295,0.20713298335371358,0.24700718345969597,0.7324401889183493,0.1476950570559448,0.20724916767350093,0.2829571216996699,0.2342341726960293,0.28279849534144597,0.33723870863021654,1.4032234511070707,1.1615996169433587,1.40243680108573,1.6724133385596862,0.9999999999999886,0.8278080130622841,0.9994393978943723,1.191836793520105,density1.0000_damping0.020_lm967_bias_summary.pkl,0.15,0.02,0.28295712169966447,0.3929764336939276,0.7200358531423906,1.3888197311783497
4.0,0.02,1.0,1.0,967,100,50,50,0.14130871182057092,0.14130871182057092,0.19362497302295795,1.5800960369652854,0.30594605253108614,Peak absolute acceleration,mean,theory_times_residual,success,0.1,Peak absolute acceleration,0.22191197559797937,0.17945545704244828,0.2236081440531416,0.26050922052626757,0.7253304096003288,0.14044208099159655,0.22191197559797743,0.30594605253109025,0.24741201343168795,0.30828452949650087,0.3591593804398925,1.5800960369652854,1.2777897890389855,1.5921733890180776,1.8549228171993215,1.0000000000000089,0.8086785607621074,1.007643429114601,1.1739304281541527,density1.0000_damping0.020_lm967_bias_summary.pkl,0.15,0.02,0.30594605253108614,0.38653236211840525,0.7915147152345535,1.2634003901035167
4.1,0.02,1.0,1.0,967,100,50,50,0.1284045615609619,0.1284045615609619,0.1898844880269742,1.5237664354232408,0.2893396094630295,Peak absolute acceleration,mean,theory_times_residual,success,0.1,Peak absolute acceleration,0.21196638060800158,0.18298644076888956,0.2033177350910344,0.25358309060609663,0.7325868069061978,0.13910687076469558,0.21196638060800602,0.289339609463022,0.24978123963447185,0.2775339839242664,0.3461474984473287,1.5237664354232408,1.3154378339688044,1.4615937658101292,1.8229372080049289,0.999999999999979,0.8632804893116061,0.9591980318191791,1.1963363712618809,density1.0000_damping0.020_lm967_bias_summary.pkl,0.15,0.02,0.2893396094630295,0.381475207831564,0.7584755274339559,1.3184341008115834
4.2,0.02,1.0,1.0,967,100,50,50,0.14049929652078627,0.14049929652078627,0.12054820921774317,2.4171390214368405,0.2913817804645392,Peak absolute acceleration,mean,theory_times_residual,success,0.1,Peak absolute acceleration,0.21051946407769037,0.18443206081705615,0.20665669303770534,0.23877350492904748,0.7224867105351337,0.08709447913862624,0.21051946407769528,0.29138178046453217,0.2552739837670515,0.28603528621950464,0.33048843867618266,2.4171390214368405,2.1176090911973877,2.372787518583982,2.7415458165723376,0.9999999999999765,0.8760808014834619,0.9816512403880892,1.1342110620276167,density1.0000_damping0.020_lm967_bias_summary.pkl,0.15,0.02,0.2913817804645392,0.3775064732852145,0.7718590304659145,1.2955733631779238
4.25,0.02,1.0,1.0,967,100,50,50,0.17318045794840223,0.17318045794840223,0.06280830293498102,,0.33153895352043633,Peak absolute acceleration,mean,direct_code_bias,success,0.1,Peak absolute acceleration,0.20340427884278156,0.1840112779082958,0.20393845507623037,0.2308989924871242,0.6135154758828169,0.03853386586454731,0.20340427884278467,0.33153895352043633,0.2999293174202544,0.3324096344640264,0.3763539821955959,5.278584805318524,4.775313189575239,5.292447318758689,5.992105575359893,0.9999999999999849,0.9046578516203285,1.0026261799234744,1.1351727397317475,density1.0000_damping0.020_lm967_bias_summary.pkl,0.15,0.02,0.33153895352043633,0.37585494973275085,0.8820928226598317,1.1336675396412592
4.3,0.02,1.0,1.0,967,100,50,50,0.16080823691492982,0.16080823691492982,0.06084531469898431,,0.38275101941534767,Peak absolute acceleration,mean,direct_code_bias,success,0.1,Peak absolute acceleration,0.20306080090073866,0.15562755754844107,0.20817625891951655,0.24513096572188445,0.5305297454489191,0.03228024931901145,0.20306080090073814,0.38275101941534767,0.29334369822516454,0.3923931894588941,0.46204942856589815,6.290558629023537,4.821138647674081,6.449028843061356,7.5938374359926195,1.0000000000000027,0.7664086660650778,1.025191755356461,1.207180138335569,density1.0000_damping0.020_lm967_bias_summary.pkl,0.15,0.02,0.38275101941534767,0.37439190469465916,1.022327178060933,0.9781604377345433
4.35,0.02,1.0,1.0,967,100,50,50,0.1453001211902237,0.1453001211902237,0.058404319613776984,,0.4647331861869661,Peak absolute acceleration,mean,direct_code_bias,success,0.1,Peak absolute acceleration,0.2077526343345577,0.15981532177805183,0.20110435057786324,0.25390136882514897,0.4470363651864902,0.026108854751332858,0.20775263433455948,0.4647331861869661,0.35749960008596093,0.4498612780505419,0.5679658045699009,7.957171477387452,6.121115740241087,7.702534350634313,9.724722560348507,0.9999999999999915,0.7692577390893122,0.9679990399255779,1.2221330893752844,density1.0000_damping0.020_lm967_bias_summary.pkl,0.15,0.02,0.4647331861869661,0.37309582824434656,1.2456134617581431,0.8028172709281126
4.4,0.02,1.0,1.0,967,100,50,50,0.19138540886957886,0.19138540886957886,0.0019830633430415016,,0.6076444197521428,Peak absolute acceleration,mean,direct_code_bias,success,0.1,Peak absolute acceleration,0.20866279452799721,0.19146233729763099,0.20775665602054483,0.23701749925236792,0.343396216183653,0.0006809764484529578,0.2086627945279971,0.6076444197521428,0.5575551746768063,0.6050056646792921,0.6902158150910076,306.4170501080285,281.1585301262549,305.0864042251775,348.05535461736486,1.0000000000000004,0.9175681641316356,0.9956574026073887,1.13588768802081,density1.0000_damping0.020_lm967_bias_summary.pkl,0.15,0.02,0.6076444197521428,0.37194766525460976,1.6336825755746887,0.6121140146507502
