damping_key,linear_mass_key,mass_ratio,bridge_frequency,old_bias,psi_old,psi_env,env_bias,bias_ratio_env_over_old,psi_scale_env_over_old,p95_factor_raw,p95_factor_ideal_cubic,env_bias_idealized_cubic_corrected
0.005,500,0.3,1.5,0.0458690933134703,0.5555555555555556,0.5424700000000002,0.04697555554886833,1.0241221736788308,0.9764460000000004,0.23635716564215078,0.2453079589970755,0.1914962553230014
0.005,500,0.3,1.6,0.03546007470854184,0.777777777777778,0.7594578000000007,0.036315458352845456,1.0241224433770741,0.9764457428571435,0.23635716564215078,0.2453079589970755,0.1480402776221313
0.005,500,0.3,1.7,0.033617208841215426,1.0,0.9764456000000004,0.03442814309493065,1.0241225932094933,0.9764456000000004,0.23635716564215078,0.2453079589970755,0.140346620776952
0.005,500,0.3,1.75,0.0338080967254371,1.0,1.0,0.0338080967254371,1.0,1.0,0.23635716564215078,0.2453079589970755,0.13781899643068718
0.005,500,0.3,1.8,0.04035963142052619,1.0,1.0,0.04035963142052619,1.0,1.0,0.23635716564215078,0.2453079589970755,0.1645263838382323
0.005,500,0.3,1.85,0.046462562551537634,1.0,1.0,0.046462562551537634,1.0,1.0,0.23635716564215078,0.2453079589970755,0.1894050349670536
0.005,500,0.3,1.9,0.053295838055120205,1.0,1.0,0.053295838055120205,1.0,1.0,0.23635716564215078,0.2453079589970755,0.21726094119822498
0.005,500,0.3,1.95,0.05548222878926563,1.0,1.0,0.05548222878926563,1.0,1.0,0.23635716564215078,0.2453079589970755,0.2261737817888211
0.005,500,0.3,2.0,0.06283941259295422,1.0,1.0,0.06283941259295422,1.0,1.0,0.23635716564215078,0.2453079589970755,0.25616540470137533
0.005,500,0.3,2.05,0.08100351305049176,1.0,1.0,0.08100351305049176,1.0,1.0,0.23635716564215078,0.2453079589970755,0.3302115160945816
0.005,500,0.3,2.1,0.07933871393754888,1.0,1.0,0.07933871393754888,1.0,1.0,0.23635716564215078,0.2453079589970755,0.3234249482239373
0.005,500,0.3,2.15,0.10952661077516747,0.7500000000000006,1.0,0.08214495808137566,0.7500000000000006,1.3333333333333324,0.23635716564215078,0.2453079589970755,0.334864626558468
0.005,500,0.3,2.2,0.17657091329512975,0.4999999999999989,1.0,0.08828545664756468,0.4999999999999989,2.0000000000000044,0.23635716564215078,0.2453079589970755,0.35989642165918145
0.005,500,0.3,2.25,0.3459294497029305,0.25,1.0,0.08648236242573262,0.25,4.0,0.23635716564215078,0.2453079589970755,0.35254609259034947
0.005,500,0.3,2.3,0.3382629094720725,0.25,1.0,0.08456572736801812,0.25,4.0,0.23635716564215078,0.2453079589970755,0.3447329133296743
0.005,500,0.3,2.35,0.3502168151696432,0.25,1.0,0.0875542037924108,0.25,4.0,0.23635716564215078,0.2453079589970755,0.3569154631197865
0.005,500,0.3,2.4,0.39813126943011173,0.25,1.0,0.09953281735752793,0.25,4.0,0.23635716564215078,0.2453079589970755,0.4057463841143228
0.005,500,0.3,2.45,0.32529469908296876,0.25,1.0,0.08132367477074219,0.25,4.0,0.23635716564215078,0.2453079589970755,0.3315166580947001
0.005,500,0.3,2.5,0.3559884046590114,0.25,0.9889805000000003,0.0899887319969937,0.2527855705951735,3.955922000000001,0.23635716564215078,0.2453079589970755,0.36683983823805133
0.005,500,0.3,2.55,0.32460305916260085,0.25,0.8155164500000005,0.09950843393857986,0.3065542086857964,3.262065800000002,0.23635716564215078,0.2453079589970755,0.4056469848977308
0.005,500,0.3,2.6,0.31864309847802935,0.25,0.6420524000000007,0.12407207670200633,0.3893763188175914,2.568209600000003,0.23635716564215078,0.2453079589970755,0.5057808854195615
0.005,500,0.3,2.65,0.2714670440581309,0.25,0.468588350000001,0.1448323694230396,0.5335173185590283,1.874353400000004,0.23635716564215078,0.2453079589970755,0.590410396854536
0.005,500,0.3,2.7,0.3046665644760663,0.25,0.29512429999999945,0.2580832588811451,0.8471006962151219,1.1804971999999978,0.23635716564215078,0.2453079589970755,1.0520786196106335
0.005,500,0.3,2.75,0.30620420767258627,0.25,0.25,0.30620420767258627,1.0,1.0,0.23635716564215078,0.2453079589970755,1.2482440803163535
0.005,500,0.3,2.8,0.251894487022744,0.25,0.25,0.251894487022744,1.0,1.0,0.23635716564215078,0.2453079589970755,1.0268500380199528
0.005,500,0.3,2.85,0.1897452015003712,0.25,0.25,0.1897452015003712,1.0,1.0,0.23635716564215078,0.2453079589970755,0.7734979422442355
0.005,500,0.3,2.9,0.1728939579774151,0.25,0.25,0.1728939579774151,1.0,1.0,0.23635716564215078,0.2453079589970755,0.7048037034113366
0.005,500,0.3,2.95,0.17504142758291774,0.25,0.25,0.17504142758291774,1.0,1.0,0.23635716564215078,0.2453079589970755,0.7135578816870126
0.005,500,0.3,3.0,0.16726230534844824,0.25,0.25,0.16726230534844824,1.0,1.0,0.23635716564215078,0.2453079589970755,0.6818462231404497
0.005,500,0.3,3.1,0.20710272307261965,0.1666666666666667,0.25,0.13806848204841313,0.6666666666666669,1.4999999999999996,0.23635716564215078,0.2453079589970755,0.5628373519265192
0.005,500,0.3,3.2,0.20940519149835565,0.1944444444444445,0.25,0.16287070449872112,0.7777777777777781,1.2857142857142854,0.23635716564215078,0.2453079589970755,0.6639438245893311
0.005,500,0.3,3.3,0.12199739786111685,0.22222222222222218,0.25,0.10844213143210385,0.8888888888888887,1.1250000000000002,0.23635716564215078,0.2453079589970755,0.44206527939599655
0.005,500,0.3,3.4,0.12991548092760194,0.25,0.25,0.12991548092760194,1.0,1.0,0.23635716564215078,0.2453079589970755,0.5296015728912846
0.005,500,0.3,3.45,0.1102355656224136,0.25,0.25,0.1102355656224136,1.0,1.0,0.23635716564215078,0.2453079589970755,0.44937622926342885
0.005,500,0.3,3.5,0.1057159802727294,0.25,0.25,0.1057159802727294,1.0,1.0,0.23635716564215078,0.2453079589970755,0.43095210079991625
0.005,500,0.3,3.55,0.10625504713713385,0.25,0.25,0.10625504713713385,1.0,1.0,0.23635716564215078,0.2453079589970755,0.43314961149874714
0.005,500,0.3,3.6,0.08331219524157235,0.25,0.25,0.08331219524157235,1.0,1.0,0.23635716564215078,0.2453079589970755,0.33962287885883713
0.005,500,0.3,3.65,0.10855613984554464,0.25,0.25,0.10855613984554464,1.0,1.0,0.23635716564215078,0.2453079589970755,0.4425300356717689
0.005,500,0.3,3.7,0.10719345611604614,0.25,0.25,0.10719345611604614,1.0,1.0,0.23635716564215078,0.2453079589970755,0.4369750437543858
0.005,500,0.3,3.75,0.09477953266114293,0.25,0.25,0.09477953266114293,1.0,1.0,0.23635716564215078,0.2453079589970755,0.386369578258457
0.005,500,0.3,3.8,0.09141081713183209,0.25,0.25,0.09141081713183209,1.0,1.0,0.23635716564215078,0.2453079589970755,0.3726369804940649
0.005,500,0.3,3.85,0.09589644254178871,0.25,0.25,0.09589644254178871,1.0,1.0,0.23635716564215078,0.2453079589970755,0.39092267097184547
0.005,500,0.3,3.9,0.09329829811878311,0.25,0.25,0.09329829811878311,1.0,1.0,0.23635716564215078,0.2453079589970755,0.3803313129350825
0.005,500,0.3,4.0,0.09765511831566022,0.25,0.25,0.09765511831566022,1.0,1.0,0.23635716564215078,0.2453079589970755,0.39809192785638253
0.005,500,0.3,4.1,0.09402063421617847,0.25,0.25,0.09402063421617847,1.0,1.0,0.23635716564215078,0.2453079589970755,0.3832759222349543
0.005,500,0.3,4.2,0.0912268647824623,0.25,0.24556180000000039,0.09287566794027222,1.0180736580363867,0.9822472000000015,0.23635716564215078,0.2453079589970755,0.3786084573855162
0.005,750,0.2,1.5,0.04884075202416189,0.5555555555555556,0.5424700000000002,0.050018897127093426,1.0241221736788306,0.9764460000000004,0.19441176590427767,0.20854459751731683,0.23984748453116858
0.005,750,0.2,1.6,0.04307867817619278,0.777777777777778,0.7594578000000007,0.044117841151257185,1.0241224433770741,0.9764457428571435,0.19441176590427767,0.20854459751731683,0.21155111029713342
0.005,750,0.2,1.7,0.04236026595420346,1.0,0.9764456000000004,0.04338210541806266,1.0241225932094933,0.9764456000000004,0.19441176590427767,0.20854459751731683,0.20802315636328272
0.005,750,0.2,1.75,0.045037551506671714,1.0,1.0,0.045037551506671714,1.0,1.0,0.19441176590427767,0.20854459751731683,0.21596124782341555
0.005,750,0.2,1.8,0.05716736423434416,1.0,1.0,0.05716736423434416,1.0,1.0,0.19441176590427767,0.20854459751731683,0.27412536653987013
0.005,750,0.2,1.85,0.06439110267503068,1.0,1.0,0.06439110267503068,1.0,1.0,0.19441176590427767,0.20854459751731683,0.30876418493499386
0.005,750,0.2,1.9,0.07230061501695223,1.0,1.0,0.07230061501695223,1.0,1.0,0.19441176590427767,0.20854459751731683,0.3466913834147568
0.005,750,0.2,1.95,0.08113043761884291,1.0,1.0,0.08113043761884291,1.0,1.0,0.19441176590427767,0.20854459751731683,0.3890315960455706
0.005,750,0.2,2.0,0.09128539993882566,1.0,1.0,0.09128539993882566,1.0,1.0,0.19441176590427767,0.20854459751731683,0.4377260357044043
0.005,750,0.2,2.05,0.10422421171857299,1.0,1.0,0.10422421171857299,1.0,1.0,0.19441176590427767,0.20854459751731683,0.4997694160354289
0.005,750,0.2,2.1,0.09713854574565717,1.0,1.0,0.09713854574565717,1.0,1.0,0.19441176590427767,0.20854459751731683,0.4657926740950032
0.005,750,0.2,2.15,0.1405713029723679,0.7500000000000006,1.0,0.105428477229276,0.7500000000000006,1.3333333333333324,0.19441176590427767,0.20854459751731683,0.505544034630394
0.005,750,0.2,2.2,0.22079793396222538,0.4999999999999989,1.0,0.11039896698111244,0.4999999999999989,2.0000000000000044,0.19441176590427767,0.20854459751731683,0.5293782159566387
0.005,750,0.2,2.25,0.4356350899459884,0.25,1.0,0.1089087724864971,0.25,4.0,0.19441176590427767,0.20854459751731683,0.5222325285959695
0.005,750,0.2,2.3,0.45415042245896403,0.25,1.0,0.11353760561474101,0.25,4.0,0.19441176590427767,0.20854459751731683,0.5444284194670315
0.005,750,0.2,2.35,0.4540277236482687,0.25,1.0,0.11350693091206718,0.25,4.0,0.19441176590427767,0.20854459751731683,0.5442813300528773
0.005,750,0.2,2.4,0.3825762102638982,0.25,1.0,0.09564405256597455,0.25,4.0,0.19441176590427767,0.20854459751731683,0.458626373948779
0.005,750,0.2,2.45,0.3807663770373969,0.25,1.0,0.09519159425934923,0.25,4.0,0.19441176590427767,0.20854459751731683,0.456456774198837
0.005,750,0.2,2.5,0.3661022709245435,0.25,0.9889805000000003,0.0925453714518495,0.2527855705951734,3.955922000000001,0.19441176590427767,0.20854459751731683,0.4437677722347368
0.005,750,0.2,2.55,0.3618553417073052,0.25,0.8155164500000005,0.1109282779358114,0.3065542086857964,3.262065800000002,0.19441176590427767,0.20854459751731683,0.5319163347139707
0.005,750,0.2,2.6,0.31132271635517617,0.25,0.6420524000000007,0.12122169325867165,0.3893763188175914,2.568209600000003,0.19441176590427767,0.20854459751731683,0.5812746755456267
0.005,750,0.2,2.65,0.2640275647710885,0.25,0.468588350000001,0.14086327838234133,0.5335173185590284,1.874353400000004,0.19441176590427767,0.20854459751731683,0.6754587750499963
0.005,750,0.2,2.7,0.24843398377891393,0.25,0.29512429999999945,0.21044860062261425,0.8471006962151217,1.1804971999999978,0.19441176590427767,0.20854459751731683,1.0091299565079326
0.005,750,0.2,2.75,0.20661108420195065,0.25,0.25,0.20661108420195065,1.0,1.0,0.19441176590427767,0.20854459751731683,0.9907285379799607
0.005,750,0.2,2.8,0.18210184673776686,0.25,0.25,0.18210184673776686,1.0,1.0,0.19441176590427767,0.20854459751731683,0.8732033766669297
0.005,750,0.2,2.85,0.18439836178449698,0.25,0.25,0.18439836178449698,1.0,1.0,0.19441176590427767,0.20854459751731683,0.8842154818668231
0.005,750,0.2,2.9,0.16238580625952861,0.25,0.25,0.16238580625952861,1.0,1.0,0.19441176590427767,0.20854459751731683,0.7786622535069251
0.005,750,0.2,2.95,0.1977495672775379,0.25,0.25,0.1977495672775379,1.0,1.0,0.19441176590427767,0.20854459751731683,0.9482363467177204
0.005,750,0.2,3.0,0.16885029550720831,0.25,0.25,0.16885029550720831,1.0,1.0,0.19441176590427767,0.20854459751731683,0.80966036769755
0.005,750,0.2,3.1,0.20280827199456833,0.1666666666666667,0.25,0.1352055146630456,0.6666666666666669,1.4999999999999996,0.19441176590427767,0.20854459751731683,0.6483290206154517
0.005,750,0.2,3.2,0.13477495322128225,0.1944444444444445,0.25,0.10482496361655289,0.777777777777778,1.2857142857142854,0.19441176590427767,0.20854459751731683,0.502650103932079
0.005,750,0.2,3.3,0.09763213107102992,0.22222222222222218,0.25,0.08678411650758214,0.8888888888888888,1.1250000000000002,0.19441176590427767,0.20854459751731683,0.41614176315632384
0.005,750,0.2,3.4,0.09545433220013148,0.25,0.25,0.09545433220013148,1.0,1.0,0.19441176590427767,0.20854459751731683,0.45771663872618557
0.005,750,0.2,3.45,0.09693480267537428,0.25,0.25,0.09693480267537428,1.0,1.0,0.19441176590427767,0.20854459751731683,0.46481569807784234
0.005,750,0.2,3.5,0.10194347396446778,0.25,0.25,0.10194347396446778,1.0,1.0,0.19441176590427767,0.20854459751731683,0.4888329651215383
0.005,750,0.2,3.55,0.08488900007956594,0.25,0.25,0.08488900007956594,1.0,1.0,0.19441176590427767,0.20854459751731683,0.4070544194870215
0.005,750,0.2,3.6,0.1000248104765668,0.25,0.25,0.1000248104765668,1.0,1.0,0.19441176590427767,0.20854459751731683,0.47963271006462344
0.005,750,0.2,3.65,0.10108794438793468,0.25,0.25,0.10108794438793468,1.0,1.0,0.19441176590427767,0.20854459751731683,0.48473058324870144
0.005,750,0.2,3.7,0.09682439177726725,0.25,0.25,0.09682439177726725,1.0,1.0,0.19441176590427767,0.20854459751731683,0.4642862626504975
0.005,750,0.2,3.75,0.10408846531954292,0.25,0.25,0.10408846531954292,1.0,1.0,0.19441176590427767,0.20854459751731683,0.49911849339995384
0.005,750,0.2,3.8,0.10159668348748956,0.25,0.25,0.10159668348748956,1.0,1.0,0.19441176590427767,0.20854459751731683,0.4871700571339582
0.005,750,0.2,3.85,0.09674634471092841,0.25,0.25,0.09674634471092841,1.0,1.0,0.19441176590427767,0.20854459751731683,0.4639120162434077
0.005,750,0.2,3.9,0.10037655116153982,0.25,0.25,0.10037655116153982,1.0,1.0,0.19441176590427767,0.20854459751731683,0.4813193549797179
0.005,750,0.2,4.0,0.10347181226922697,0.25,0.25,0.10347181226922697,1.0,1.0,0.19441176590427767,0.20854459751731683,0.4961615572929672
0.005,750,0.2,4.1,0.09708655756841333,0.25,0.25,0.09708655756841333,1.0,1.0,0.19441176590427767,0.20854459751731683,0.4655433836417249
0.005,750,0.2,4.2,0.10156762322957186,0.25,0.24556180000000039,0.10340332171939172,1.018073658036387,0.9822472000000015,0.19441176590427767,0.20854459751731683,0.49583313569561765
0.005,1000,0.15,1.5,0.0566215059197712,0.5555555555555556,0.5424700000000002,0.05798733971952486,1.0241221736788306,0.9764460000000004,0.18844783411514077,0.18844783411514077,0.3077103007938784
0.005,1000,0.15,1.6,0.047874450063744516,0.777777777777778,0.7594578000000007,0.04902929877461576,1.0241224433770741,0.9764457428571435,0.18844783411514077,0.18844783411514077,0.2601743819706576
0.005,1000,0.15,1.7,0.047039160209962204,1.0,0.9764456000000004,0.04817386673662331,1.0241225932094933,0.9764456000000004,0.18844783411514077,0.18844783411514077,0.25563502474212196
0.005,1000,0.15,1.75,0.060750801486910214,1.0,1.0,0.060750801486910214,1.0,1.0,0.18844783411514077,0.18844783411514077,0.3223746336601128
0.005,1000,0.15,1.8,0.06774328157349906,1.0,1.0,0.06774328157349906,1.0,1.0,0.18844783411514077,0.18844783411514077,0.35948028743120614
0.005,1000,0.15,1.85,0.0672507577130473,1.0,1.0,0.0672507577130473,1.0,1.0,0.18844783411514077,0.18844783411514077,0.3568667054669219
0.005,1000,0.15,1.9,0.09018652016281747,1.0,1.0,0.09018652016281747,1.0,1.0,0.18844783411514077,0.18844783411514077,0.4785755197786668
0.005,1000,0.15,1.95,0.09655208052774394,1.0,1.0,0.09655208052774394,1.0,1.0,0.18844783411514077,0.18844783411514077,0.5123544188295158
0.005,1000,0.15,2.0,0.11064689850513013,1.0,1.0,0.11064689850513013,1.0,1.0,0.18844783411514077,0.18844783411514077,0.5871486877239744
0.005,1000,0.15,2.05,0.1198022779199124,1.0,1.0,0.1198022779199124,1.0,1.0,0.18844783411514077,0.18844783411514077,0.6357317847798333
0.005,1000,0.15,2.1,0.12283294187412083,1.0,1.0,0.12283294187412083,1.0,1.0,0.18844783411514077,0.18844783411514077,0.6518140282741083
0.005,1000,0.15,2.15,0.152192885846948,0.7500000000000006,1.0,0.11414466438521109,0.7500000000000006,1.3333333333333324,0.18844783411514077,0.18844783411514077,0.6057096114751269
0.005,1000,0.15,2.2,0.2685762125382621,0.4999999999999989,1.0,0.13428810626913074,0.4999999999999989,2.0000000000000044,0.18844783411514077,0.18844783411514077,0.7126009534664183
0.005,1000,0.15,2.25,0.4996739639526415,0.25,1.0,0.12491849098816038,0.25,4.0,0.18844783411514077,0.18844783411514077,0.6628810120037556
0.005,1000,0.15,2.3,0.5044483186614944,0.25,1.0,0.1261120796653736,0.25,4.0,0.18844783411514077,0.18844783411514077,0.669214800252465
0.005,1000,0.15,2.35,0.4703299408675605,0.25,1.0,0.11758248521689013,0.25,4.0,0.18844783411514077,0.18844783411514077,0.6239524363280703
0.005,1000,0.15,2.4,0.40763591060454685,0.25,1.0,0.10190897765113671,0.25,4.0,0.18844783411514077,0.18844783411514077,0.5407808379950432
0.005,1000,0.15,2.45,0.40067823954452664,0.25,1.0,0.10016955988613166,0.25,4.0,0.18844783411514077,0.18844783411514077,0.5315506031495619
0.005,1000,0.15,2.5,0.35074355330853224,0.25,0.9889805000000003,0.08866290925567596,0.2527855705951735,3.955922000000001,0.18844783411514077,0.18844783411514077,0.47049046582038895
0.005,1000,0.15,2.55,0.3112021495086674,0.25,0.8155164500000005,0.09540032868394845,0.3065542086857964,3.262065800000002,0.18844783411514077,0.18844783411514077,0.5062426380855047
0.005,1000,0.15,2.6,0.3094883793742952,0.25,0.6420524000000007,0.12050744587758523,0.3893763188175914,2.568209600000003,0.18844783411514077,0.18844783411514077,0.6394737644156512
0.005,1000,0.15,2.65,0.25929097894742964,0.25,0.468588350000001,0.13833622781457813,0.5335173185590284,1.874353400000004,0.18844783411514077,0.18844783411514077,0.7340823441359126
0.005,1000,0.15,2.7,0.22794977383387627,0.25,0.29512429999999945,0.19309641211675613,0.8471006962151217,1.1804971999999978,0.18844783411514077,0.18844783411514077,1.0246677178511645
0.005,1000,0.15,2.75,0.19686629545509024,0.25,0.25,0.19686629545509024,1.0,1.0,0.18844783411514077,0.18844783411514077,1.0446726351591062
0.005,1000,0.15,2.8,0.22607217515044634,0.25,0.25,0.22607217515044634,1.0,1.0,0.18844783411514077,0.18844783411514077,1.1996538788146394
0.005,1000,0.15,2.85,0.17450210011029468,0.25,0.25,0.17450210011029468,1.0,1.0,0.18844783411514077,0.18844783411514077,0.9259968464465063
0.005,1000,0.15,2.9,0.1483377575349356,0.25,0.25,0.1483377575349356,1.0,1.0,0.18844783411514077,0.18844783411514077,0.7871555448299922
0.005,1000,0.15,2.95,0.1446370085349082,0.25,0.25,0.1446370085349082,1.0,1.0,0.18844783411514077,0.18844783411514077,0.7675174894636129
0.005,1000,0.15,3.0,0.14271395147018825,0.25,0.25,0.14271395147018825,1.0,1.0,0.18844783411514077,0.18844783411514077,0.7573127711459431
0.005,1000,0.15,3.1,0.1668847927339656,0.1666666666666667,0.25,0.11125652848931042,0.6666666666666669,1.4999999999999996,0.18844783411514077,0.18844783411514077,0.5903836943083846
0.005,1000,0.15,3.2,0.13535636160097536,0.1944444444444445,0.25,0.10527717013409198,0.777777777777778,1.2857142857142854,0.18844783411514077,0.18844783411514077,0.5586541794360348
0.005,1000,0.15,3.3,0.1297031745562637,0.22222222222222218,0.25,0.11529171071667883,0.8888888888888887,1.1250000000000002,0.18844783411514077,0.18844783411514077,0.6117964223788114
0.005,1000,0.15,3.4,0.09792592094687376,0.25,0.25,0.09792592094687376,1.0,1.0,0.18844783411514077,0.18844783411514077,0.5196447144467655
0.005,1000,0.15,3.45,0.10773194994192244,0.25,0.25,0.10773194994192244,1.0,1.0,0.18844783411514077,0.18844783411514077,0.5716804889150315
0.005,1000,0.15,3.5,0.0967762473982255,0.25,0.25,0.0967762473982255,1.0,1.0,0.18844783411514077,0.18844783411514077,0.5135439621932489
0.005,1000,0.15,3.55,0.09235947225119102,0.25,0.25,0.09235947225119102,1.0,1.0,0.18844783411514077,0.18844783411514077,0.4901063081189875
0.005,1000,0.15,3.6,0.09964724533003556,0.25,0.25,0.09964724533003556,1.0,1.0,0.18844783411514077,0.18844783411514077,0.528778936610922
0.005,1000,0.15,3.65,0.1088345289447194,0.25,0.25,0.1088345289447194,1.0,1.0,0.18844783411514077,0.18844783411514077,0.5775313335690662
0.005,1000,0.15,3.7,0.1032811774614784,0.25,0.25,0.1032811774614784,1.0,1.0,0.18844783411514077,0.18844783411514077,0.5480624277081055
0.005,1000,0.15,3.75,0.09761510282053087,0.25,0.25,0.09761510282053087,1.0,1.0,0.18844783411514077,0.18844783411514077,0.51799535547269
0.005,1000,0.15,3.8,0.10363379711744931,0.25,0.25,0.10363379711744931,1.0,1.0,0.18844783411514077,0.18844783411514077,0.5499336068470255
0.005,1000,0.15,3.85,0.10587799678520204,0.25,0.25,0.10587799678520204,1.0,1.0,0.18844783411514077,0.18844783411514077,0.5618424710602462
0.005,1000,0.15,3.9,0.101514204254327,0.25,0.25,0.101514204254327,1.0,1.0,0.18844783411514077,0.18844783411514077,0.5386859696795575
0.005,1000,0.15,4.0,0.10990287264214575,0.25,0.25,0.10990287264214575,1.0,1.0,0.18844783411514077,0.18844783411514077,0.5832005082902444
0.005,1000,0.15,4.1,0.11306246062951476,0.25,0.25,0.11306246062951476,1.0,1.0,0.18844783411514077,0.18844783411514077,0.5999668882393953
0.005,1000,0.15,4.2,0.10946657622401741,0.25,0.24556180000000039,0.11144503768910437,1.0180736580363867,0.9822472000000015,0.18844783411514077,0.18844783411514077,0.5913840199458698
0.005,1500,0.1,1.5,0.06031891621106254,0.5555555555555556,0.5424700000000002,0.06177393958402463,1.0241221736788306,0.9764460000000004,0.15941134902531726,0.17589965257386295,0.35118852527627825
0.005,1500,0.1,1.6,0.04957473401813728,0.777777777777778,0.7594578000000007,0.0507705977324233,1.0241224433770741,0.9764457428571435,0.15941134902531726,0.17589965257386295,0.28863387158257153
0.005,1500,0.1,1.7,0.05440830108972685,1.0,0.9764456000000004,0.055720770404133965,1.0241225932094933,0.9764456000000004,0.15941134902531726,0.17589965257386295,0.3167758980122827
0.005,1500,0.1,1.75,0.06385276094546992,1.0,1.0,0.06385276094546992,1.0,1.0,0.15941134902531726,0.17589965257386295,0.36300674851337283
0.005,1500,0.1,1.8,0.08041341039737318,1.0,1.0,0.08041341039737318,1.0,1.0,0.15941134902531726,0.17589965257386295,0.4571550268617294
0.005,1500,0.1,1.85,0.10083109317135185,1.0,1.0,0.10083109317135185,1.0,1.0,0.15941134902531726,0.17589965257386295,0.5732307693388498
0.005,1500,0.1,1.9,0.11329077024740553,1.0,1.0,0.11329077024740553,1.0,1.0,0.15941134902531726,0.17589965257386295,0.6440647755107589
0.005,1500,0.1,1.95,0.11723369197754614,1.0,1.0,0.11723369197754614,1.0,1.0,0.15941134902531726,0.17589965257386295,0.6664805203541714
0.005,1500,0.1,2.0,0.12394912038539438,1.0,1.0,0.12394912038539438,1.0,1.0,0.15941134902531726,0.17589965257386295,0.704658130767747
0.005,1500,0.1,2.05,0.13520242113184305,1.0,1.0,0.13520242113184305,1.0,1.0,0.15941134902531726,0.17589965257386295,0.7686338156641298
0.005,1500,0.1,2.1,0.14861110296950478,1.0,1.0,0.14861110296950478,1.0,1.0,0.15941134902531726,0.17589965257386295,0.8448629704205965
0.005,1500,0.1,2.15,0.19976288517756835,0.7500000000000006,1.0,0.14982216388317637,0.7500000000000006,1.3333333333333324,0.15941134902531726,0.17589965257386295,0.8517479238355161
0.005,1500,0.1,2.2,0.2911076652697123,0.4999999999999989,1.0,0.14555383263485583,0.49999999999999883,2.0000000000000044,0.15941134902531726,0.17589965257386295,0.8274822065025714
0.005,1500,0.1,2.25,0.5945607558310253,0.25,1.0,0.14864018895775633,0.25,4.0,0.15941134902531726,0.17589965257386295,0.8450283259959257
0.005,1500,0.1,2.3,0.5540235556143056,0.25,1.0,0.1385058889035764,0.25,4.0,0.15941134902531726,0.17589965257386295,0.7874142266734476
0.005,1500,0.1,2.35,0.4728305735383101,0.25,1.0,0.11820764338457752,0.25,4.0,0.15941134902531726,0.17589965257386295,0.672017492103575
0.005,1500,0.1,2.4,0.512579071450846,0.25,1.0,0.1281447678627115,0.25,4.0,0.15941134902531726,0.17589965257386295,0.7285106365340975
0.005,1500,0.1,2.45,0.43358895268054815,0.25,1.0,0.10839723817013704,0.25,4.0,0.15941134902531726,0.17589965257386295,0.6162447542334933
0.005,1500,0.1,2.5,0.32355136203697277,0.25,0.9889805000000003,0.0817891156693617,0.2527855705951734,3.955922000000001,0.15941134902531726,0.17589965257386295,0.4649759932585268
0.005,1500,0.1,2.55,0.32767733148361416,0.25,0.8155164500000005,0.10045086505723273,0.30655420868579636,3.262065800000002,0.15941134902531726,0.17589965257386295,0.5710691498668645
0.005,1500,0.1,2.6,0.27885619024502484,0.25,0.6420524000000007,0.1085799968371057,0.3893763188175914,2.568209600000003,0.15941134902531726,0.17589965257386295,0.6172837481387935
0.005,1500,0.1,2.65,0.2675394505598405,0.25,0.468588350000001,0.14273693027144185,0.5335173185590284,1.874353400000004,0.15941134902531726,0.17589965257386295,0.8114679488153306
0.005,1500,0.1,2.7,0.2102977066516821,0.25,0.29512429999999945,0.17814333371708335,0.8471006962151217,1.1804971999999978,0.15941134902531726,0.17589965257386295,1.012755460914161
0.005,1500,0.1,2.75,0.19885934513861994,0.25,0.25,0.19885934513861994,1.0,1.0,0.15941134902531726,0.17589965257386295,1.1305272195186165
0.005,1500,0.1,2.8,0.1619327581911082,0.25,0.25,0.1619327581911082,1.0,1.0,0.15941134902531726,0.17589965257386295,0.9205973736821916
0.005,1500,0.1,2.85,0.1518471215279444,0.25,0.25,0.1518471215279444,1.0,1.0,0.15941134902531726,0.17589965257386295,0.8632599286356264
0.005,1500,0.1,2.9,0.14234271457648137,0.25,0.25,0.14234271457648137,1.0,1.0,0.15941134902531726,0.17589965257386295,0.8092268091132784
0.005,1500,0.1,2.95,0.11449510818433677,0.25,0.25,0.11449510818433677,1.0,1.0,0.15941134902531726,0.17589965257386295,0.6509115084025452
0.005,1500,0.1,3.0,0.11824360119198976,0.25,0.25,0.11824360119198976,1.0,1.0,0.15941134902531726,0.17589965257386295,0.672221914380061
0.005,1500,0.1,3.1,0.15428961534847788,0.1666666666666667,0.25,0.10285974356565195,0.6666666666666669,1.4999999999999996,0.15941134902531726,0.17589965257386295,0.5847637676399592
0.005,1500,0.1,3.2,0.13116869839233036,0.1944444444444445,0.25,0.10202009874959031,0.777777777777778,1.2857142857142854,0.15941134902531726,0.17589965257386295,0.5799903368584001
0.005,1500,0.1,3.3,0.09554842814338249,0.22222222222222218,0.25,0.08493193612745109,0.8888888888888887,1.1250000000000002,0.15941134902531726,0.17589965257386295,0.48284311472296326
0.005,1500,0.1,3.4,0.09886440390609778,0.25,0.25,0.09886440390609778,1.0,1.0,0.15941134902531726,0.17589965257386295,0.5620500237462557
0.005,1500,0.1,3.45,0.09758419894805533,0.25,0.25,0.09758419894805533,1.0,1.0,0.15941134902531726,0.17589965257386295,0.5547719823214445
0.005,1500,0.1,3.5,0.09559771876326278,0.25,0.25,0.09559771876326278,1.0,1.0,0.15941134902531726,0.17589965257386295,0.5434787241726918
0.005,1500,0.1,3.55,0.09544331161441592,0.25,0.25,0.09544331161441592,1.0,1.0,0.15941134902531726,0.17589965257386295,0.5426009103362943
0.005,1500,0.1,3.6,0.10307284032591757,0.25,0.25,0.10307284032591757,1.0,1.0,0.15941134902531726,0.17589965257386295,0.5859752354123366
0.005,1500,0.1,3.65,0.10229956777340492,0.25,0.25,0.10229956777340492,1.0,1.0,0.15941134902531726,0.17589965257386295,0.5815791349016325
0.005,1500,0.1,3.7,0.10451161136308489,0.25,0.25,0.10451161136308489,1.0,1.0,0.15941134902531726,0.17589965257386295,0.594154734439847
0.005,1500,0.1,3.75,0.11170419629878192,0.25,0.25,0.11170419629878192,1.0,1.0,0.15941134902531726,0.17589965257386295,0.6350450081297098
0.005,1500,0.1,3.8,0.11700111644682291,0.25,0.25,0.11700111644682291,1.0,1.0,0.15941134902531726,0.17589965257386295,0.6651583146117492
0.005,1500,0.1,3.85,0.12048070393813222,0.25,0.25,0.12048070393813222,1.0,1.0,0.15941134902531726,0.17589965257386295,0.6849399767150792
0.005,1500,0.1,3.9,0.12292956322573272,0.25,0.25,0.12292956322573272,1.0,1.0,0.15941134902531726,0.17589965257386295,0.6988618875987417
0.005,1500,0.1,4.0,0.12535215361609903,0.25,0.25,0.12535215361609903,1.0,1.0,0.15941134902531726,0.17589965257386295,0.7126344582372711
0.005,1500,0.1,4.1,0.13193769316004758,0.25,0.25,0.13193769316004758,1.0,1.0,0.15941134902531726,0.17589965257386295,0.7500736427244785
0.005,1500,0.1,4.2,0.1330674759318174,0.25,0.24556180000000039,0.1354724919875742,1.0180736580363867,0.9822472000000015,0.15941134902531726,0.17589965257386295,0.7701691845621311
0.005,2000,0.05,1.5,0.05902749866685943,0.5555555555555556,0.5424700000000002,0.06045137024152837,1.0241221736788308,0.9764460000000004,0.16988152042668445,0.17741903062030537,0.3407265276457316
0.005,2000,0.05,1.6,0.054351857646907226,0.777777777777778,0.7594578000000007,0.055662957255433534,1.0241224433770741,0.9764457428571435,0.16988152042668445,0.17741903062030537,0.3137372414944476
0.005,2000,0.05,1.7,0.06288561908292029,1.0,0.9764456000000004,0.06440258329078473,1.0241225932094935,0.9764456000000004,0.16988152042668445,0.17741903062030537,0.3629970418935089
0.005,2000,0.05,1.75,0.08098262520467157,1.0,1.0,0.08098262520467157,1.0,1.0,0.16988152042668445,0.17741903062030537,0.4564483580004592
0.005,2000,0.05,1.8,0.09645405394343272,1.0,1.0,0.09645405394343272,1.0,1.0,0.16988152042668445,0.17741903062030537,0.5436511157016416
0.005,2000,0.05,1.85,0.1136345082550531,1.0,1.0,0.1136345082550531,1.0,1.0,0.16988152042668445,0.17741903062030537,0.6404865805982359
0.005,2000,0.05,1.9,0.12049749051022711,1.0,1.0,0.12049749051022711,1.0,1.0,0.16988152042668445,0.17741903062030537,0.6791689149069013
0.005,2000,0.05,1.95,0.13638788023205595,1.0,1.0,0.13638788023205595,1.0,1.0,0.16988152042668445,0.17741903062030537,0.7687330933733922
0.005,2000,0.05,2.0,0.15830685829417687,1.0,1.0,0.15830685829417687,1.0,1.0,0.16988152042668445,0.17741903062030537,0.8922766500340628
0.005,2000,0.05,2.05,0.1636779490931547,1.0,1.0,0.1636779490931547,1.0,1.0,0.16988152042668445,0.17741903062030537,0.9225501262231672
0.005,2000,0.05,2.1,0.17592222058382107,1.0,1.0,0.17592222058382107,1.0,1.0,0.16988152042668445,0.17741903062030537,0.9915634189226993
0.005,2000,0.05,2.15,0.23122569613793773,0.7500000000000006,1.0,0.17341927210345343,0.7500000000000006,1.3333333333333324,0.16988152042668445,0.17741903062030537,0.9774558653439391
0.005,2000,0.05,2.2,0.34036181583997865,0.4999999999999989,1.0,0.17018090791998894,0.49999999999999883,2.0000000000000044,0.16988152042668445,0.17741903062030537,0.9592032338638646
0.005,2000,0.05,2.25,0.6164185697618352,0.25,1.0,0.1541046424404588,0.25,4.0,0.16988152042668445,0.17741903062030537,0.8685913901212676
0.005,2000,0.05,2.3,0.553651743144218,0.25,1.0,0.1384129357860545,0.25,4.0,0.16988152042668445,0.17741903062030537,0.7801470637176017
0.005,2000,0.05,2.35,0.48416095670308185,0.25,1.0,0.12104023917577046,0.25,4.0,0.16988152042668445,0.17741903062030537,0.6822280493393563
0.005,2000,0.05,2.4,0.4287855796530784,0.25,1.0,0.1071963949132696,0.25,4.0,0.16988152042668445,0.17741903062030537,0.6041989663593682
0.005,2000,0.05,2.45,0.48719070045476914,0.25,1.0,0.12179767511369229,0.25,4.0,0.16988152042668445,0.17741903062030537,0.6864972415183104
0.005,2000,0.05,2.5,0.2981463043072749,0.25,0.9889805000000003,0.07536708365515671,0.2527855705951735,3.955922000000001,0.16988152042668445,0.17741903062030537,0.42479706597230754
0.005,2000,0.05,2.55,0.3087104211211304,0.25,0.8155164500000005,0.09463647885984709,0.3065542086857964,3.262065800000002,0.16988152042668445,0.17741903062030537,0.5334065828731682
0.005,2000,0.05,2.6,0.2668884481060637,0.25,0.6420524000000007,0.10392004145847886,0.3893763188175914,2.568209600000003,0.16988152042668445,0.17741903062030537,0.5857322131405296
0.005,2000,0.05,2.65,0.22490288920294732,0.25,0.468588350000001,0.1199895863837347,0.5335173185590284,1.874353400000004,0.16988152042668445,0.17741903062030537,0.6763061773261773
0.005,2000,0.05,2.7,0.18019851403858664,0.25,0.29512429999999945,0.15264628669901714,0.8471006962151219,1.1804971999999978,0.16988152042668445,0.17741903062030537,0.8603715518302859
0.005,2000,0.05,2.75,0.13579509626377007,0.25,0.25,0.13579509626377007,1.0,1.0,0.16988152042668445,0.17741903062030537,0.7653919412646621
0.005,2000,0.05,2.8,0.16898335794677094,0.25,0.25,0.16898335794677094,1.0,1.0,0.16988152042668445,0.17741903062030537,0.9524533944073473
0.005,2000,0.05,2.85,0.1279603743276002,0.25,0.25,0.1279603743276002,1.0,1.0,0.16988152042668445,0.17741903062030537,0.7212325187451188
0.005,2000,0.05,2.9,0.13801618883024516,0.25,0.25,0.13801618883024516,1.0,1.0,0.16988152042668445,0.17741903062030537,0.7779108495165534
0.005,2000,0.05,2.95,0.10519675477060086,0.25,0.25,0.10519675477060086,1.0,1.0,0.16988152042668445,0.17741903062030537,0.5929282467771596
0.005,2000,0.05,3.0,0.12332598761769208,0.25,0.25,0.12332598761769208,1.0,1.0,0.16988152042668445,0.17741903062030537,0.695111382282446
0.005,2000,0.05,3.1,0.1444346695389083,0.1666666666666667,0.25,0.09628977969260556,0.6666666666666669,1.4999999999999996,0.16988152042668445,0.17741903062030537,0.5427252045958667
0.005,2000,0.05,3.2,0.12292594375352556,0.1944444444444445,0.25,0.09560906736385325,0.777777777777778,1.2857142857142854,0.16988152042668445,0.17741903062030537,0.538888455367938
0.005,2000,0.05,3.3,0.10454642291425498,0.22222222222222218,0.25,0.09293015370155996,0.8888888888888887,1.1250000000000002,0.16988152042668445,0.17741903062030537,0.5237890962240678
0.005,2000,0.05,3.4,0.09571394221517408,0.25,0.25,0.09571394221517408,1.0,1.0,0.16988152042668445,0.17741903062030537,0.5394795692465009
0.005,2000,0.05,3.45,0.09033992376669701,0.25,0.25,0.09033992376669701,1.0,1.0,0.16988152042668445,0.17741903062030537,0.509189591730064
0.005,2000,0.05,3.5,0.10435036479886069,0.25,0.25,0.10435036479886069,1.0,1.0,0.16988152042668445,0.17741903062030537,0.588157676400459
0.005,2000,0.05,3.55,0.10827308775077,0.25,0.25,0.10827308775077,1.0,1.0,0.16988152042668445,0.17741903062030537,0.6102676098061055
0.005,2000,0.05,3.6,0.10804662020328659,0.25,0.25,0.10804662020328659,1.0,1.0,0.16988152042668445,0.17741903062030537,0.6089911540240419
0.005,2000,0.05,3.65,0.10529108402373961,0.25,0.25,0.10529108402373961,1.0,1.0,0.16988152042668445,0.17741903062030537,0.5934599217209858
0.005,2000,0.05,3.7,0.11960070832584044,0.25,0.25,0.11960070832584044,1.0,1.0,0.16988152042668445,0.17741903062030537,0.6741143151762452
0.005,2000,0.05,3.75,0.12985417085468634,0.25,0.25,0.12985417085468634,1.0,1.0,0.16988152042668445,0.17741903062030537,0.731906664131129
0.005,2000,0.05,3.8,0.12936533702764244,0.25,0.25,0.12936533702764244,1.0,1.0,0.16988152042668445,0.17741903062030537,0.7291514138891747
0.005,2000,0.05,3.85,0.12638638736538885,0.25,0.25,0.12638638736538885,1.0,1.0,0.16988152042668445,0.17741903062030537,0.7123609396551629
0.005,2000,0.05,3.9,0.13707611472993408,0.25,0.25,0.13707611472993408,1.0,1.0,0.16988152042668445,0.17741903062030537,0.7726122403593265
0.005,2000,0.05,4.0,0.1321962005127011,0.25,0.25,0.1321962005127011,1.0,1.0,0.16988152042668445,0.17741903062030537,0.7451072190537119
0.005,2000,0.05,4.1,0.1332687874163167,0.25,0.25,0.1332687874163167,1.0,1.0,0.16988152042668445,0.17741903062030537,0.7511527199217166
0.005,2000,0.05,4.2,0.13622290354509428,0.25,0.24556180000000039,0.13868494972049203,1.018073658036387,0.9822472000000015,0.16988152042668445,0.17741903062030537,0.7816802359679882
0.01,483,0.3,1.5,0.08912010673656105,0.5555555555555556,0.5424700000000002,0.09126987742953632,1.0241221736788308,0.9764460000000004,0.44675132906941567,0.46161418344937294,0.1977189625057226
0.01,483,0.3,1.6,0.06631061875972952,0.777777777777778,0.7594578000000007,0.06791019290605983,1.024122443377074,0.9764457428571435,0.44675132906941567,0.46161418344937294,0.1471146150636158
0.01,483,0.3,1.7,0.060863713176562716,1.0,0.9764456000000004,0.062331903770740216,1.0241225932094933,0.9764456000000004,0.44675132906941567,0.46161418344937294,0.1350303045391074
0.01,483,0.3,1.75,0.06492669214540375,1.0,1.0,0.06492669214540375,1.0,1.0,0.44675132906941567,0.46161418344937294,0.14065142379344703
0.01,483,0.3,1.8,0.07557955891263428,1.0,1.0,0.07557955891263428,1.0,1.0,0.44675132906941567,0.46161418344937294,0.16372884894452855
0.01,483,0.3,1.85,0.08752388534752115,1.0,1.0,0.08752388534752115,1.0,1.0,0.44675132906941567,0.46161418344937294,0.18960397770602783
0.01,483,0.3,1.9,0.08824272674089798,1.0,1.0,0.08824272674089798,1.0,1.0,0.44675132906941567,0.46161418344937294,0.19116121190538746
0.01,483,0.3,1.95,0.10979744481174146,1.0,1.0,0.10979744481174146,1.0,1.0,0.44675132906941567,0.46161418344937294,0.23785544021045746
0.01,483,0.3,2.0,0.11961438946323694,1.0,1.0,0.11961438946323694,1.0,1.0,0.44675132906941567,0.46161418344937294,0.25912199787586365
0.01,483,0.3,2.05,0.13421311418921011,1.0,1.0,0.13421311418921011,1.0,1.0,0.44675132906941567,0.46161418344937294,0.2907473795244201
0.01,483,0.3,2.1,0.15807618791602487,1.0,1.0,0.15807618791602487,1.0,1.0,0.44675132906941567,0.46161418344937294,0.3424422246621929
0.01,483,0.3,2.15,0.18789151768044765,0.7500000000000006,1.0,0.14091863826033585,0.7500000000000006,1.3333333333333324,0.44675132906941567,0.46161418344937294,0.30527363177477185
0.01,483,0.3,2.2,0.3172512233432728,0.4999999999999989,1.0,0.15862561167163605,0.4999999999999989,2.0000000000000044,0.44675132906941567,0.46161418344937294,0.3436324475264594
0.01,483,0.3,2.25,0.7127879048251035,0.25,1.0,0.17819697620627586,0.25,4.0,0.44675132906941567,0.46161418344937294,0.3860301147480219
0.01,483,0.3,2.3,0.5806866074195242,0.25,1.0,0.14517165185488104,0.25,4.0,0.44675132906941567,0.46161418344937294,0.31448698298240785
0.01,483,0.3,2.35,0.630172831871769,0.25,1.0,0.15754320796794224,0.25,4.0,0.44675132906941567,0.46161418344937294,0.3412876242032122
0.01,483,0.3,2.4,0.694615467401154,0.25,1.0,0.1736538668502885,0.25,4.0,0.44675132906941567,0.46161418344937294,0.37618832582802086
0.01,483,0.3,2.45,0.5928146259747915,0.25,1.0,0.14820365649369788,0.25,4.0,0.44675132906941567,0.46161418344937294,0.3210552487496346
0.01,483,0.3,2.5,0.5902532664808762,0.25,0.9889805000000003,0.14920750876303324,0.2527855705951734,3.955922000000001,0.44675132906941567,0.46161418344937294,0.32322990521671746
0.01,483,0.3,2.55,0.610982433535006,0.25,0.8155164500000005,0.18729923643324597,0.3065542086857964,3.262065800000002,0.44675132906941567,0.46161418344937294,0.4057484435024684
0.01,483,0.3,2.6,0.6491916000690634,0.25,0.6420524000000007,0.2527798354421939,0.3893763188175914,2.568209600000003,0.44675132906941567,0.46161418344937294,0.5475998019673441
0.01,483,0.3,2.65,0.497586310739167,0.25,0.468588350000001,0.26547091425723984,0.5335173185590284,1.874353400000004,0.44675132906941567,0.46161418344937294,0.5750926288129427
0.01,483,0.3,2.7,0.5385087930244729,0.25,0.29512429999999945,0.4561711734889959,0.8471006962151219,1.1804971999999978,0.44675132906941567,0.46161418344937294,0.988208746274422
0.01,483,0.3,2.75,0.4469789950262637,0.25,0.25,0.4469789950262637,1.0,1.0,0.44675132906941567,0.46161418344937294,0.9682956266340236
0.01,483,0.3,2.8,0.4675347227822102,0.25,0.25,0.4675347227822102,1.0,1.0,0.44675132906941567,0.46161418344937294,1.0128257309786206
0.01,483,0.3,2.85,0.41115422731158385,0.25,0.25,0.41115422731158385,1.0,1.0,0.44675132906941567,0.46161418344937294,0.8906880292093035
0.01,483,0.3,2.9,0.4460683311988715,0.25,0.25,0.4460683311988715,1.0,1.0,0.44675132906941567,0.46161418344937294,0.9663228453373414
0.01,483,0.3,2.95,0.3165512083863892,0.25,0.25,0.3165512083863892,1.0,1.0,0.44675132906941567,0.46161418344937294,0.6857484447747838
0.01,483,0.3,3.0,0.37240713401265285,0.25,0.25,0.37240713401265285,1.0,1.0,0.44675132906941567,0.46161418344937294,0.8067497649874448
0.01,483,0.3,3.1,0.43411155181095223,0.1666666666666667,0.25,0.2894077012073016,0.6666666666666669,1.4999999999999996,0.44675132906941567,0.46161418344937294,0.6269471597357061
0.01,483,0.3,3.2,0.2338118326517732,0.1944444444444445,0.25,0.18185364761804587,0.777777777777778,1.2857142857142854,0.44675132906941567,0.46161418344937294,0.3939516031746682
0.01,483,0.3,3.3,0.23988930011797535,0.22222222222222218,0.25,0.21323493343820027,0.8888888888888887,1.1250000000000002,0.44675132906941567,0.46161418344937294,0.46193323577022755
0.01,483,0.3,3.4,0.20127171189253532,0.25,0.25,0.20127171189253532,1.0,1.0,0.44675132906941567,0.46161418344937294,0.4360171743176292
0.01,483,0.3,3.45,0.19096794276641205,0.25,0.25,0.19096794276641205,1.0,1.0,0.44675132906941567,0.46161418344937294,0.4136960033147601
0.01,483,0.3,3.5,0.193774790329304,0.25,0.25,0.193774790329304,1.0,1.0,0.44675132906941567,0.46161418344937294,0.41977650877479167
0.01,483,0.3,3.55,0.17521638344326562,0.25,0.25,0.17521638344326562,1.0,1.0,0.44675132906941567,0.46161418344937294,0.37957322310587605
0.01,483,0.3,3.6,0.13378464220031092,0.25,0.25,0.13378464220031092,1.0,1.0,0.44675132906941567,0.46161418344937294,0.28981917583341243
0.01,483,0.3,3.65,0.19492564044569116,0.25,0.25,0.19492564044569116,1.0,1.0,0.44675132906941567,0.46161418344937294,0.4222696083320616
0.01,483,0.3,3.7,0.1642585609093611,0.25,0.25,0.1642585609093611,1.0,1.0,0.44675132906941567,0.46161418344937294,0.355835168845881
0.01,483,0.3,3.75,0.16677607772228906,0.25,0.25,0.16677607772228906,1.0,1.0,0.44675132906941567,0.46161418344937294,0.3612888938465212
0.01,483,0.3,3.8,0.15875672043951194,0.25,0.25,0.15875672043951194,1.0,1.0,0.44675132906941567,0.46161418344937294,0.3439164699256331
0.01,483,0.3,3.85,0.15764096099545963,0.25,0.25,0.15764096099545963,1.0,1.0,0.44675132906941567,0.46161418344937294,0.341499387686706
0.01,483,0.3,3.9,0.1743286668538946,0.25,0.25,0.1743286668538946,1.0,1.0,0.44675132906941567,0.46161418344937294,0.37765015266913676
0.01,483,0.3,4.0,0.17631634183162995,0.25,0.25,0.17631634183162995,1.0,1.0,0.44675132906941567,0.46161418344937294,0.3819560753400621
0.01,483,0.3,4.1,0.1517535502065812,0.25,0.25,0.1517535502065812,1.0,1.0,0.44675132906941567,0.46161418344937294,0.32874542344564817
0.01,483,0.3,4.2,0.1528371707530278,0.25,0.24556180000000039,0.15559949751246688,1.0180736580363867,0.9822472000000015,0.44675132906941567,0.46161418344937294,0.33707694237157704
0.01,580,0.25,1.5,0.09505259428938104,0.5555555555555556,0.5424700000000002,0.09734546947745293,1.0241221736788308,0.9764460000000004,0.38017577488928783,0.4289703595095238,0.22692819519921098
0.01,580,0.25,1.6,0.06936357954205387,0.777777777777778,0.7594578000000007,0.07103679856198823,1.024122443377074,0.9764457428571435,0.38017577488928783,0.4289703595095238,0.16559838456720016
0.01,580,0.25,1.7,0.06569995558993613,1.0,0.9764456000000004,0.06728480889251394,1.0241225932094933,0.9764456000000004,0.38017577488928783,0.4289703595095238,0.15685188358805502
0.01,580,0.25,1.75,0.072841408388406,1.0,1.0,0.072841408388406,1.0,1.0,0.38017577488928783,0.4289703595095238,0.16980522493836503
0.01,580,0.25,1.8,0.0879443186986666,1.0,1.0,0.0879443186986666,1.0,1.0,0.38017577488928783,0.4289703595095238,0.20501257662468894
0.01,580,0.25,1.85,0.09398039368207943,1.0,1.0,0.09398039368207943,1.0,1.0,0.38017577488928783,0.4289703595095238,0.21908365368072225
0.01,580,0.25,1.9,0.11330003562122043,1.0,1.0,0.11330003562122043,1.0,1.0,0.38017577488928783,0.4289703595095238,0.26412089579048176
0.01,580,0.25,1.95,0.11257306837047372,1.0,1.0,0.11257306837047372,1.0,1.0,0.38017577488928783,0.4289703595095238,0.26242621634554786
0.01,580,0.25,2.0,0.14197599708242487,1.0,1.0,0.14197599708242487,1.0,1.0,0.38017577488928783,0.4289703595095238,0.33096924749010026
0.01,580,0.25,2.05,0.14247114660574461,1.0,1.0,0.14247114660574461,1.0,1.0,0.38017577488928783,0.4289703595095238,0.3321235219343437
0.01,580,0.25,2.1,0.1580720812436953,1.0,1.0,0.1580720812436953,1.0,1.0,0.38017577488928783,0.4289703595095238,0.36849184970362936
0.01,580,0.25,2.15,0.21305821239241332,0.7500000000000006,1.0,0.1597936592943101,0.7500000000000006,1.3333333333333324,0.38017577488928783,0.4289703595095238,0.3725051294383486
0.01,580,0.25,2.2,0.3476254060313481,0.4999999999999989,1.0,0.17381270301567367,0.4999999999999989,2.0000000000000044,0.38017577488928783,0.4289703595095238,0.4051858110066338
0.01,580,0.25,2.25,0.7078370914899427,0.25,1.0,0.17695927287248567,0.25,4.0,0.38017577488928783,0.4289703595095238,0.41252097947936867
0.01,580,0.25,2.3,0.7486163907006044,0.25,1.0,0.1871540976751511,0.25,4.0,0.38017577488928783,0.4289703595095238,0.43628678188660724
0.01,580,0.25,2.35,0.766111312564107,0.25,1.0,0.19152782814102676,0.25,4.0,0.38017577488928783,0.4289703595095238,0.4464826622520397
0.01,580,0.25,2.4,0.6853874795528945,0.25,1.0,0.17134686988822362,0.25,4.0,0.38017577488928783,0.4289703595095238,0.39943755107960893
0.01,580,0.25,2.45,0.6264515001001312,0.25,1.0,0.1566128750250328,0.25,4.0,0.38017577488928783,0.4289703595095238,0.3650902015796636
0.01,580,0.25,2.5,0.630997923313991,0.25,0.9889805000000003,0.1595071700892967,0.2527855705951735,3.955922000000001,0.38017577488928783,0.4289703595095238,0.3718372762903107
0.01,580,0.25,2.55,0.6270921204414486,0.25,0.8155164500000005,0.1922377287550264,0.3065542086857964,3.262065800000002,0.38017577488928783,0.4289703595095238,0.44813755657809834
0.01,580,0.25,2.6,0.4833778033342425,0.25,0.6420524000000007,0.188215869660421,0.3893763188175914,2.568209600000003,0.38017577488928783,0.4289703595095238,0.4387619458734242
0.01,580,0.25,2.65,0.5417634388136315,0.25,0.468588350000001,0.2890401771691669,0.5335173185590283,1.874353400000004,0.38017577488928783,0.4289703595095238,0.6737998809513313
0.01,580,0.25,2.7,0.44932408398408374,0.25,0.29512429999999945,0.3806227443691392,0.8471006962151217,1.1804971999999978,0.38017577488928783,0.4289703595095238,0.8872938093073276
0.01,580,0.25,2.75,0.5215698228184192,0.25,0.25,0.5215698228184192,1.0,1.0,0.38017577488928783,0.4289703595095238,1.2158644793425164
0.01,580,0.25,2.8,0.3970038328691058,0.25,0.25,0.3970038328691058,1.0,1.0,0.38017577488928783,0.4289703595095238,0.9254808032028882
0.01,580,0.25,2.85,0.3719792712299416,0.25,0.25,0.3719792712299416,1.0,1.0,0.38017577488928783,0.4289703595095238,0.867144461112081
0.01,580,0.25,2.9,0.3788348664497338,0.25,0.25,0.3788348664497338,1.0,1.0,0.38017577488928783,0.4289703595095238,0.8831259737453331
0.01,580,0.25,2.95,0.345861418128183,0.25,0.25,0.345861418128183,1.0,1.0,0.38017577488928783,0.4289703595095238,0.8062594779826608
0.01,580,0.25,3.0,0.3172611728707802,0.25,0.25,0.3172611728707802,1.0,1.0,0.38017577488928783,0.4289703595095238,0.7395876331258187
0.01,580,0.25,3.1,0.3905023672380763,0.1666666666666667,0.25,0.26033491149205096,0.6666666666666669,1.4999999999999996,0.38017577488928783,0.4289703595095238,0.6068832163362353
0.01,580,0.25,3.2,0.3377636783757611,0.1944444444444445,0.25,0.2627050831811476,0.777777777777778,1.2857142857142854,0.38017577488928783,0.4289703595095238,0.6124084738197748
0.01,580,0.25,3.3,0.23860650823054108,0.22222222222222218,0.25,0.21209467398270315,0.8888888888888887,1.1250000000000002,0.38017577488928783,0.4289703595095238,0.4944273404465707
0.01,580,0.25,3.4,0.2338222738287722,0.25,0.25,0.2338222738287722,1.0,1.0,0.38017577488928783,0.4289703595095238,0.5450779258877465
0.01,580,0.25,3.45,0.17249540697622304,0.25,0.25,0.17249540697622304,1.0,1.0,0.38017577488928783,0.4289703595095238,0.4021149786979475
0.01,580,0.25,3.5,0.21865302899208994,0.25,0.25,0.21865302899208994,1.0,1.0,0.38017577488928783,0.4289703595095238,0.5097159375815464
0.01,580,0.25,3.55,0.17432843803149745,0.25,0.25,0.17432843803149745,1.0,1.0,0.38017577488928783,0.4289703595095238,0.40638807359748846
0.01,580,0.25,3.6,0.15948167813100736,0.25,0.25,0.15948167813100736,1.0,1.0,0.38017577488928783,0.4289703595095238,0.3717778503702576
0.01,580,0.25,3.65,0.17869515730371885,0.25,0.25,0.17869515730371885,1.0,1.0,0.38017577488928783,0.4289703595095238,0.4165676097249128
0.01,580,0.25,3.7,0.1642911218744414,0.25,0.25,0.1642911218744414,1.0,1.0,0.38017577488928783,0.4289703595095238,0.38298944957942693
0.01,580,0.25,3.75,0.15051264350191254,0.25,0.25,0.15051264350191254,1.0,1.0,0.38017577488928783,0.4289703595095238,0.3508695651466589
0.01,580,0.25,3.8,0.1417955433569496,0.25,0.25,0.1417955433569496,1.0,1.0,0.38017577488928783,0.4289703595095238,0.33054858037062473
0.01,580,0.25,3.85,0.15739551626361223,0.25,0.25,0.15739551626361223,1.0,1.0,0.38017577488928783,0.4289703595095238,0.36691466618713503
0.01,580,0.25,3.9,0.16469419306590893,0.25,0.25,0.16469419306590893,1.0,1.0,0.38017577488928783,0.4289703595095238,0.38392907438690405
0.01,580,0.25,4.0,0.15154041864577544,0.25,0.25,0.15154041864577544,1.0,1.0,0.38017577488928783,0.4289703595095238,0.3532654769412128
0.01,580,0.25,4.1,0.15526258560734005,0.25,0.25,0.15526258560734005,1.0,1.0,0.38017577488928783,0.4289703595095238,0.3619424563153133
0.01,580,0.25,4.2,0.14416718577778695,0.25,0.24556180000000039,0.1467728141936029,1.0180736580363867,0.9822472000000015,0.38017577488928783,0.4289703595095238,0.34215141195634136
0.01,725,0.2,1.5,0.09981308337103108,0.5555555555555556,0.5424700000000002,0.10222079190352672,1.0241221736788308,0.9764460000000004,0.3891059704731166,0.3891059704731166,0.26270681937682877
0.01,725,0.2,1.6,0.07924554391361448,0.777777777777778,0.7594578000000007,0.08115714005955608,1.0241224433770741,0.9764457428571435,0.3891059704731166,0.3891059704731166,0.2085733610329252
0.01,725,0.2,1.7,0.06963303184297431,1.0,0.9764456000000004,0.07131276114406608,1.0241225932094933,0.9764456000000004,0.3891059704731166,0.3891059704731166,0.18327336652623552
0.01,725,0.2,1.75,0.08166159342653231,1.0,1.0,0.08166159342653231,1.0,1.0,0.3891059704731166,0.3891059704731166,0.2098698031470435
0.01,725,0.2,1.8,0.09774193552612878,1.0,1.0,0.09774193552612878,1.0,1.0,0.3891059704731166,0.3891059704731166,0.25119618546917616
0.01,725,0.2,1.85,0.10666470960110609,1.0,1.0,0.10666470960110609,1.0,1.0,0.3891059704731166,0.3891059704731166,0.274127661087831
0.01,725,0.2,1.9,0.13723916403417835,1.0,1.0,0.13723916403417835,1.0,1.0,0.3891059704731166,0.3891059704731166,0.35270382478919127
0.01,725,0.2,1.95,0.14068508789074674,1.0,1.0,0.14068508789074674,1.0,1.0,0.3891059704731166,0.3891059704731166,0.3615598283410732
0.01,725,0.2,2.0,0.15792413002498681,1.0,1.0,0.15792413002498681,1.0,1.0,0.3891059704731166,0.3891059704731166,0.40586406277180936
0.01,725,0.2,2.05,0.1603511967229929,1.0,1.0,0.1603511967229929,1.0,1.0,0.3891059704731166,0.3891059704731166,0.4121016095641523
0.01,725,0.2,2.1,0.19135337540930691,1.0,1.0,0.19135337540930691,1.0,1.0,0.3891059704731166,0.3891059704731166,0.4917770220195774
0.01,725,0.2,2.15,0.2520337333805512,0.7500000000000006,1.0,0.18902530003541354,0.7500000000000006,1.3333333333333324,0.3891059704731166,0.3891059704731166,0.48579388233384435
0.01,725,0.2,2.2,0.3919425179322328,0.4999999999999989,1.0,0.19597125896611595,0.4999999999999989,2.0000000000000044,0.3891059704731166,0.3891059704731166,0.5036449549407662
0.01,725,0.2,2.25,0.7873772735175594,0.25,1.0,0.19684431837938984,0.25,4.0,0.3891059704731166,0.3891059704731166,0.5058887123732527
0.01,725,0.2,2.3,0.8159285974439335,0.25,1.0,0.20398214936098338,0.25,4.0,0.3891059704731166,0.3891059704731166,0.5242328949950578
0.01,725,0.2,2.35,0.7505363870026143,0.25,1.0,0.18763409675065357,0.25,4.0,0.3891059704731166,0.3891059704731166,0.4822184982731259
0.01,725,0.2,2.4,0.63660228572641,0.25,1.0,0.1591505714316025,0.25,4.0,0.3891059704731166,0.3891059704731166,0.4090160097982825
0.01,725,0.2,2.45,0.6972934003097001,0.25,1.0,0.17432335007742503,0.25,4.0,0.3891059704731166,0.3891059704731166,0.4480099595117085
0.01,725,0.2,2.5,0.6433123908866223,0.25,0.9889805000000003,0.16262008980122009,0.2527855705951735,3.955922000000001,0.3891059704731166,0.3891059704731166,0.41793265110655897
0.01,725,0.2,2.55,0.6146047474115554,0.25,0.8155164500000005,0.18840967199728312,0.3065542086857964,3.262065800000002,0.3891059704731166,0.3891059704731166,0.48421172198461643
0.01,725,0.2,2.6,0.5840836183836386,0.25,0.6420524000000007,0.22742832920788006,0.3893763188175914,2.568209600000003,0.3891059704731166,0.3891059704731166,0.5844894359532659
0.01,725,0.2,2.65,0.47839582766426314,0.25,0.468588350000001,0.2552324591852647,0.5335173185590284,1.874353400000004,0.3891059704731166,0.3891059704731166,0.6559458824929513
0.01,725,0.2,2.7,0.4680128741380905,0.25,0.29512429999999945,0.3964540315200166,0.8471006962151217,1.1804971999999978,0.3891059704731166,0.3891059704731166,1.0188844726231403
0.01,725,0.2,2.75,0.45009330763452254,0.25,0.25,0.45009330763452254,1.0,1.0,0.3891059704731166,0.3891059704731166,1.156737089094909
0.01,725,0.2,2.8,0.3930765450906228,0.25,0.25,0.3930765450906228,1.0,1.0,0.3891059704731166,0.3891059704731166,1.010204352846805
0.01,725,0.2,2.85,0.3738076934117501,0.25,0.25,0.3738076934117501,1.0,1.0,0.3891059704731166,0.3891059704731166,0.960683520114674
0.01,725,0.2,2.9,0.3771942466205982,0.25,0.25,0.3771942466205982,1.0,1.0,0.3891059704731166,0.3891059704731166,0.9693869414595851
0.01,725,0.2,2.95,0.2387126101046493,0.25,0.25,0.2387126101046493,1.0,1.0,0.3891059704731166,0.3891059704731166,0.6134899698773498
0.01,725,0.2,3.0,0.30886362103956605,0.25,0.25,0.30886362103956605,1.0,1.0,0.3891059704731166,0.3891059704731166,0.7937776453648775
0.01,725,0.2,3.1,0.30416066899685457,0.1666666666666667,0.25,0.20277377933123644,0.6666666666666669,1.4999999999999996,0.3891059704731166,0.3891059704731166,0.5211273912982687
0.01,725,0.2,3.2,0.2552088504071057,0.1944444444444445,0.25,0.19849577253886005,0.777777777777778,1.2857142857142854,0.3891059704731166,0.3891059704731166,0.5101329396141305
0.01,725,0.2,3.3,0.21548532775766607,0.22222222222222218,0.25,0.19154251356236981,0.8888888888888887,1.1250000000000002,0.3891059704731166,0.3891059704731166,0.492263105933512
0.01,725,0.2,3.4,0.1829631586579871,0.25,0.25,0.1829631586579871,1.0,1.0,0.3891059704731166,0.3891059704731166,0.4702142155144033
0.01,725,0.2,3.45,0.16917216982210012,0.25,0.25,0.16917216982210012,1.0,1.0,0.3891059704731166,0.3891059704731166,0.4347714572881072
0.01,725,0.2,3.5,0.17492939864346835,0.25,0.25,0.17492939864346835,1.0,1.0,0.3891059704731166,0.3891059704731166,0.4495675006753828
0.01,725,0.2,3.55,0.1798927553414116,0.25,0.25,0.1798927553414116,1.0,1.0,0.3891059704731166,0.3891059704731166,0.46232329748803075
0.01,725,0.2,3.6,0.1673324768824392,0.25,0.25,0.1673324768824392,1.0,1.0,0.3891059704731166,0.3891059704731166,0.43004345751615813
0.01,725,0.2,3.65,0.18426642747066382,0.25,0.25,0.18426642747066382,1.0,1.0,0.3891059704731166,0.3891059704731166,0.47356360851161705
0.01,725,0.2,3.7,0.17415028137602837,0.25,0.25,0.17415028137602837,1.0,1.0,0.3891059704731166,0.3891059704731166,0.4475651739917479
0.01,725,0.2,3.75,0.15786668008746366,0.25,0.25,0.15786668008746366,1.0,1.0,0.3891059704731166,0.3891059704731166,0.4057164167784742
0.01,725,0.2,3.8,0.1665589038086745,0.25,0.25,0.1665589038086745,1.0,1.0,0.3891059704731166,0.3891059704731166,0.42805537937686844
0.01,725,0.2,3.85,0.1645026303936398,0.25,0.25,0.1645026303936398,1.0,1.0,0.3891059704731166,0.3891059704731166,0.4227707690879683
0.01,725,0.2,3.9,0.16660765468259287,0.25,0.25,0.16660765468259287,1.0,1.0,0.3891059704731166,0.3891059704731166,0.4281806688291456
0.01,725,0.2,4.0,0.15319060405692767,0.25,0.25,0.15319060405692767,1.0,1.0,0.3891059704731166,0.3891059704731166,0.3936989295503797
0.01,725,0.2,4.1,0.15347072081044574,0.25,0.25,0.15347072081044574,1.0,1.0,0.3891059704731166,0.3891059704731166,0.3944188279193959
0.01,725,0.2,4.2,0.15190331068836696,0.25,0.24556180000000039,0.15464875918034351,1.0180736580363867,0.9822472000000015,0.3891059704731166,0.3891059704731166,0.3974463794331015
0.01,967,0.15,1.5,0.09838269520523056,0.5555555555555556,0.5424700000000002,0.10075589966596261,1.0241221736788308,0.9764460000000004,0.3345399207925819,0.35155304564561635,0.28660226646857095
0.01,967,0.15,1.6,0.08643396778858518,0.777777777777778,0.7594578000000007,0.08851896628242117,1.0241224433770741,0.9764457428571435,0.3345399207925819,0.35155304564561635,0.2517940532128198
0.01,967,0.15,1.7,0.08111343660453407,1.0,0.9764456000000004,0.08307010303956927,1.0241225932094933,0.9764456000000004,0.3345399207925819,0.35155304564561635,0.23629464761715713
0.01,967,0.15,1.75,0.10149197011510702,1.0,1.0,0.10149197011510702,1.0,1.0,0.3345399207925819,0.35155304564561635,0.2886960342747711
0.01,967,0.15,1.8,0.11691038197173309,1.0,1.0,0.11691038197173309,1.0,1.0,0.3345399207925819,0.35155304564561635,0.3325540296686401
0.01,967,0.15,1.85,0.12663345500882234,1.0,1.0,0.12663345500882234,1.0,1.0,0.3345399207925819,0.35155304564561635,0.36021151452766936
0.01,967,0.15,1.9,0.1485375743170255,1.0,1.0,0.1485375743170255,1.0,1.0,0.3345399207925819,0.35155304564561635,0.4225182405808512
0.01,967,0.15,1.95,0.15729422768860504,1.0,1.0,0.15729422768860504,1.0,1.0,0.3345399207925819,0.35155304564561635,0.44742672446412474
0.01,967,0.15,2.0,0.17171696619733323,1.0,1.0,0.17171696619733323,1.0,1.0,0.3345399207925819,0.35155304564561635,0.48845250617010105
0.01,967,0.15,2.05,0.20674515225497292,1.0,1.0,0.20674515225497292,1.0,1.0,0.3345399207925819,0.35155304564561635,0.5880909149152493
0.01,967,0.15,2.1,0.21819059126590332,1.0,1.0,0.21819059126590332,1.0,1.0,0.3345399207925819,0.35155304564561635,0.6206477058539004
0.01,967,0.15,2.15,0.2689404830148122,0.7500000000000006,1.0,0.2017053622611093,0.7500000000000006,1.3333333333333324,0.3345399207925819,0.35155304564561635,0.573755126742491
0.01,967,0.15,2.2,0.3853417729652825,0.4999999999999989,1.0,0.19267088648264083,0.49999999999999895,2.0000000000000044,0.3345399207925819,0.35155304564561635,0.5480563712051099
0.01,967,0.15,2.25,1.004435589654522,0.25,1.0,0.2511088974136305,0.25,4.0,0.3345399207925819,0.35155304564561635,0.7142845170135754
0.01,967,0.15,2.3,0.8978437596656426,0.25,1.0,0.22446093991641064,0.25,4.0,0.3345399207925819,0.35155304564561635,0.638483843893871
0.01,967,0.15,2.35,0.8185459622932807,0.25,1.0,0.20463649057332017,0.25,4.0,0.3345399207925819,0.35155304564561635,0.5820927826055711
0.01,967,0.15,2.4,0.7973410104965236,0.25,1.0,0.1993352526241309,0.25,4.0,0.3345399207925819,0.35155304564561635,0.5670133002490644
0.01,967,0.15,2.45,0.6203549069919633,0.25,1.0,0.15508872674799082,0.25,4.0,0.3345399207925819,0.35155304564561635,0.4411531308544779
0.01,967,0.15,2.5,0.6488248993443396,0.25,0.9889805000000003,0.16401357239711487,0.2527855705951734,3.955922000000001,0.3345399207925819,0.35155304564561635,0.4665400411932401
0.01,967,0.15,2.55,0.564456556172029,0.25,0.8155164500000005,0.17303653291482612,0.3065542086857964,3.262065800000002,0.3345399207925819,0.35155304564561635,0.49220604133026313
0.01,967,0.15,2.6,0.46472019558472627,0.25,0.6420524000000007,0.1809510390369718,0.3893763188175914,2.568209600000003,0.3345399207925819,0.35155304564561635,0.5147190197276226
0.01,967,0.15,2.65,0.4895719470081381,0.25,0.468588350000001,0.26119511240950455,0.5335173185590283,1.874353400000004,0.3345399207925819,0.35155304564561635,0.7429749667787056
0.01,967,0.15,2.7,0.43685721179409637,0.25,0.29512429999999945,0.37006204825737593,0.8471006962151217,1.1804971999999978,0.3345399207925819,0.35155304564561635,1.0526492455150498
0.01,967,0.15,2.75,0.37667576267086583,0.25,0.25,0.37667576267086583,1.0,1.0,0.3345399207925819,0.35155304564561635,1.0714620946580407
0.01,967,0.15,2.8,0.3389964796170309,0.25,0.25,0.3389964796170309,1.0,1.0,0.3345399207925819,0.35155304564561635,0.964282584992186
0.01,967,0.15,2.85,0.2716120015908253,0.25,0.25,0.2716120015908253,1.0,1.0,0.3345399207925819,0.35155304564561635,0.7726060261887883
0.01,967,0.15,2.9,0.3211702443192349,0.25,0.25,0.3211702443192349,1.0,1.0,0.3345399207925819,0.35155304564561635,0.9135754853991256
0.01,967,0.15,2.95,0.2757935430494354,0.25,0.25,0.2757935430494354,1.0,1.0,0.3345399207925819,0.35155304564561635,0.7845005084309511
0.01,967,0.15,3.0,0.2893331419303229,0.25,0.25,0.2893331419303229,1.0,1.0,0.3345399207925819,0.35155304564561635,0.8230141809722384
0.01,967,0.15,3.1,0.2561761658806645,0.1666666666666667,0.25,0.1707841105871097,0.6666666666666669,1.4999999999999996,0.3345399207925819,0.35155304564561635,0.48579897885245155
0.01,967,0.15,3.2,0.2343447699741134,0.1944444444444445,0.25,0.1822681544243105,0.777777777777778,1.2857142857142854,0.3345399207925819,0.35155304564561635,0.5184655820278292
0.01,967,0.15,3.3,0.19799690104299125,0.22222222222222218,0.25,0.17599724537154776,0.8888888888888888,1.1250000000000002,0.3345399207925819,0.35155304564561635,0.500627849911908
0.01,967,0.15,3.4,0.15846421654789966,0.25,0.25,0.15846421654789966,1.0,1.0,0.3345399207925819,0.35155304564561635,0.4507547822744218
0.01,967,0.15,3.45,0.14816479192285928,0.25,0.25,0.14816479192285928,1.0,1.0,0.3345399207925819,0.35155304564561635,0.42145785325443336
0.01,967,0.15,3.5,0.16722890617427508,0.25,0.25,0.16722890617427508,1.0,1.0,0.3345399207925819,0.35155304564561635,0.4756861254527445
0.01,967,0.15,3.55,0.1563065067705793,0.25,0.25,0.1563065067705793,1.0,1.0,0.3345399207925819,0.35155304564561635,0.44461713162953037
0.01,967,0.15,3.6,0.1712211656848307,0.25,0.25,0.1712211656848307,1.0,1.0,0.3345399207925819,0.35155304564561635,0.487042191230027
0.01,967,0.15,3.65,0.17241298076560618,0.25,0.25,0.17241298076560618,1.0,1.0,0.3345399207925819,0.35155304564561635,0.4904323341843762
0.01,967,0.15,3.7,0.16513943416568203,0.25,0.25,0.16513943416568203,1.0,1.0,0.3345399207925819,0.35155304564561635,0.469742578569924
0.01,967,0.15,3.75,0.16437498779494772,0.25,0.25,0.16437498779494772,1.0,1.0,0.3345399207925819,0.35155304564561635,0.4675680948605583
0.01,967,0.15,3.8,0.1778362766338705,0.25,0.25,0.1778362766338705,1.0,1.0,0.3345399207925819,0.35155304564561635,0.5058590128476335
0.01,967,0.15,3.85,0.18345734153706791,0.25,0.25,0.18345734153706791,1.0,1.0,0.3345399207925819,0.35155304564561635,0.5218482496721203
0.01,967,0.15,3.9,0.17151245583193056,0.25,0.25,0.17151245583193056,1.0,1.0,0.3345399207925819,0.35155304564561635,0.4878707721531845
0.01,967,0.15,4.0,0.1758095266422615,0.25,0.25,0.1758095266422615,1.0,1.0,0.3345399207925819,0.35155304564561635,0.5000938800555481
0.01,967,0.15,4.1,0.18304910851939735,0.25,0.25,0.18304910851939735,1.0,1.0,0.3345399207925819,0.35155304564561635,0.5206870223047941
0.01,967,0.15,4.2,0.16730927179489175,0.25,0.24556180000000039,0.1703331623596295,1.0180736580363867,0.9822472000000015,0.3345399207925819,0.35155304564561635,0.4845162471763483
0.01,1450,0.1,1.5,0.10257963053362891,0.5555555555555556,0.5424700000000002,0.1050540741972714,1.0241221736788308,0.9764460000000004,0.28555559213876935,0.3258436143324881,0.3224064231317883
0.01,1450,0.1,1.6,0.10360954174036646,0.777777777777778,0.7594578000000007,0.10610885704432306,1.0241224433770741,0.9764457428571435,0.28555559213876935,0.3258436143324881,0.32564350620064775
0.01,1450,0.1,1.7,0.0995634119856752,1.0,0.9764456000000004,0.10196513967155484,1.0241225932094933,0.9764456000000004,0.28555559213876935,0.3258436143324881,0.31292661628627305
0.01,1450,0.1,1.75,0.11947924222508455,1.0,1.0,0.11947924222508455,1.0,1.0,0.28555559213876935,0.3258436143324881,0.36667664170692915
0.01,1450,0.1,1.8,0.1488659781312911,1.0,1.0,0.1488659781312911,1.0,1.0,0.28555559213876935,0.3258436143324881,0.45686326686577167
0.01,1450,0.1,1.85,0.1702384288941879,1.0,1.0,0.1702384288941879,1.0,1.0,0.28555559213876935,0.3258436143324881,0.5224543965452029
0.01,1450,0.1,1.9,0.19523848391382082,1.0,1.0,0.19523848391382082,1.0,1.0,0.28555559213876935,0.3258436143324881,0.5991784872438872
0.01,1450,0.1,1.95,0.22417628489525915,1.0,1.0,0.22417628489525915,1.0,1.0,0.28555559213876935,0.3258436143324881,0.687987350479459
0.01,1450,0.1,2.0,0.2329843913931651,1.0,1.0,0.2329843913931651,1.0,1.0,0.28555559213876935,0.3258436143324881,0.7150190494616531
0.01,1450,0.1,2.05,0.2247689701220952,1.0,1.0,0.2247689701220952,1.0,1.0,0.28555559213876935,0.3258436143324881,0.6898062758803762
0.01,1450,0.1,2.1,0.23897458527908474,1.0,1.0,0.23897458527908474,1.0,1.0,0.28555559213876935,0.3258436143324881,0.7334026961634335
0.01,1450,0.1,2.15,0.3532514109275428,0.7500000000000006,1.0,0.2649385581956573,0.7500000000000006,1.3333333333333324,0.28555559213876935,0.3258436143324881,0.8130850093177404
0.01,1450,0.1,2.2,0.5117091939497449,0.4999999999999989,1.0,0.2558545969748719,0.4999999999999989,2.0000000000000044,0.28555559213876935,0.3258436143324881,0.7852067240875864
0.01,1450,0.1,2.25,1.0301503101896696,0.25,1.0,0.2575375775474174,0.25,4.0,0.28555559213876935,0.3258436143324881,0.7903717188842259
0.01,1450,0.1,2.3,0.9557218745607728,0.25,1.0,0.2389304686401932,0.25,4.0,0.28555559213876935,0.3258436143324881,0.7332673041012568
0.01,1450,0.1,2.35,0.8900629752907782,0.25,1.0,0.22251574382269454,0.25,4.0,0.28555559213876935,0.3258436143324881,0.6828912215405312
0.01,1450,0.1,2.4,0.829462461980502,0.25,1.0,0.2073656154951255,0.25,4.0,0.28555559213876935,0.3258436143324881,0.6363961310701991
0.01,1450,0.1,2.45,0.7818301473267892,0.25,1.0,0.1954575368316973,0.25,4.0,0.28555559213876935,0.3258436143324881,0.5998507512019372
0.01,1450,0.1,2.5,0.5202227309224221,0.25,0.9889805000000003,0.13150479987280386,0.2527855705951735,3.955922000000001,0.28555559213876935,0.3258436143324881,0.4035825595115621
0.01,1450,0.1,2.55,0.6144730881718061,0.25,0.8155164500000005,0.18836931130322562,0.3065542086857964,3.262065800000002,0.28555559213876935,0.3258436143324881,0.5780972927430615
0.01,1450,0.1,2.6,0.5638667602064857,0.25,0.6420524000000007,0.21955636339280293,0.3893763188175914,2.568209600000003,0.28555559213876935,0.3258436143324881,0.6738090106279311
0.01,1450,0.1,2.65,0.4416859724528324,0.25,0.468588350000001,0.235647115668172,0.5335173185590283,1.874353400000004,0.28555559213876935,0.3258436143324881,0.7231908354285552
0.01,1450,0.1,2.7,0.3411542457457894,0.25,0.29512429999999945,0.28899199908800294,0.8471006962151217,1.1804971999999978,0.28555559213876935,0.3258436143324881,0.8869039820836198
0.01,1450,0.1,2.75,0.3419777469823922,0.25,0.25,0.3419777469823922,1.0,1.0,0.28555559213876935,0.3258436143324881,1.0495149572992428
0.01,1450,0.1,2.8,0.3108584812450007,0.25,0.25,0.3108584812450007,1.0,1.0,0.28555559213876935,0.3258436143324881,0.9540112728058661
0.01,1450,0.1,2.85,0.27254020121920597,0.25,0.25,0.27254020121920597,1.0,1.0,0.28555559213876935,0.3258436143324881,0.8364141239272783
0.01,1450,0.1,2.9,0.2752463712910687,0.25,0.25,0.2752463712910687,1.0,1.0,0.28555559213876935,0.3258436143324881,0.8447192431710803
0.01,1450,0.1,2.95,0.21315098102456148,0.25,0.25,0.21315098102456148,1.0,1.0,0.28555559213876935,0.3258436143324881,0.6541511683793932
0.01,1450,0.1,3.0,0.20717300328130522,0.25,0.25,0.20717300328130522,1.0,1.0,0.28555559213876935,0.3258436143324881,0.6358050124926113
0.01,1450,0.1,3.1,0.3352953170641291,0.1666666666666667,0.25,0.2235302113760861,0.6666666666666669,1.4999999999999996,0.28555559213876935,0.3258436143324881,0.686004578711792
0.01,1450,0.1,3.2,0.2194869507916804,0.1944444444444445,0.25,0.1707120728379737,0.7777777777777781,1.2857142857142854,0.28555559213876935,0.3258436143324881,0.5239079893822334
0.01,1450,0.1,3.3,0.18104284801879056,0.22222222222222218,0.25,0.1609269760167027,0.8888888888888887,1.1250000000000002,0.28555559213876935,0.3258436143324881,0.4938779492314806
0.01,1450,0.1,3.4,0.16412806240322533,0.25,0.25,0.16412806240322533,1.0,1.0,0.28555559213876935,0.3258436143324881,0.5037019453011298
0.01,1450,0.1,3.45,0.15824685933819746,0.25,0.25,0.15824685933819746,1.0,1.0,0.28555559213876935,0.3258436143324881,0.48565278672830975
0.01,1450,0.1,3.5,0.1670936339185911,0.25,0.25,0.1670936339185911,1.0,1.0,0.28555559213876935,0.3258436143324881,0.5128031563880524
0.01,1450,0.1,3.55,0.16813457748812005,0.25,0.25,0.16813457748812005,1.0,1.0,0.28555559213876935,0.3258436143324881,0.5159977673110295
0.01,1450,0.1,3.6,0.16565678467946832,0.25,0.25,0.16565678467946832,1.0,1.0,0.28555559213876935,0.3258436143324881,0.508393528038986
0.01,1450,0.1,3.65,0.18815403888130336,0.25,0.25,0.18815403888130336,1.0,1.0,0.28555559213876935,0.3258436143324881,0.5774366309640567
0.01,1450,0.1,3.7,0.17844985699040533,0.25,0.25,0.17844985699040533,1.0,1.0,0.28555559213876935,0.3258436143324881,0.5476549152450678
0.01,1450,0.1,3.75,0.19002463092703634,0.25,0.25,0.19002463092703634,1.0,1.0,0.28555559213876935,0.3258436143324881,0.5831773972809448
0.01,1450,0.1,3.8,0.1837992424697036,0.25,0.25,0.1837992424697036,1.0,1.0,0.28555559213876935,0.3258436143324881,0.5640719485825382
0.01,1450,0.1,3.85,0.19292805441413383,0.25,0.25,0.19292805441413383,1.0,1.0,0.28555559213876935,0.3258436143324881,0.5920878787493182
0.01,1450,0.1,3.9,0.20016121872779388,0.25,0.25,0.20016121872779388,1.0,1.0,0.28555559213876935,0.3258436143324881,0.6142861480892826
0.01,1450,0.1,4.0,0.19039036695448172,0.25,0.25,0.19039036695448172,1.0,1.0,0.28555559213876935,0.3258436143324881,0.5842998253763813
0.01,1450,0.1,4.1,0.19123368491628953,0.25,0.25,0.19123368491628953,1.0,1.0,0.28555559213876935,0.3258436143324881,0.5868879318320974
0.01,1450,0.1,4.2,0.18429443617745947,0.25,0.24556180000000039,0.18762531079493958,1.0180736580363867,0.9822472000000015,0.28555559213876935,0.3258436143324881,0.5758139872690224
0.01,2900,0.05,1.5,0.10889668815529673,0.5555555555555556,0.5424700000000002,0.11152351298002827,1.0241221736788308,0.9764460000000004,0.30494553897393595,0.3215097058391969,0.3468744829613535
0.01,2900,0.05,1.6,0.11391254497517933,0.777777777777778,0.7594578000000007,0.11666039389128151,1.0241224433770741,0.9764457428571435,0.30494553897393595,0.3215097058391969,0.36285185726128344
0.01,2900,0.05,1.7,0.12473707802812092,1.0,0.9764456000000004,0.1277460598195341,1.0241225932094933,0.9764456000000004,0.30494553897393595,0.3215097058391969,0.39733189231751
0.01,2900,0.05,1.75,0.17351076599323673,1.0,1.0,0.17351076599323673,1.0,1.0,0.30494553897393595,0.3215097058391969,0.5396750481928472
0.01,2900,0.05,1.8,0.18725732799677253,1.0,1.0,0.18725732799677253,1.0,1.0,0.30494553897393595,0.3215097058391969,0.5824313375174723
0.01,2900,0.05,1.85,0.21692793912336036,1.0,1.0,0.21692793912336036,1.0,1.0,0.30494553897393595,0.3215097058391969,0.6747166109873426
0.01,2900,0.05,1.9,0.2459742435203652,1.0,1.0,0.2459742435203652,1.0,1.0,0.30494553897393595,0.3215097058391969,0.7650600869990196
0.01,2900,0.05,1.95,0.26843845088434454,1.0,1.0,0.26843845088434454,1.0,1.0,0.30494553897393595,0.3215097058391969,0.8349310954195704
0.01,2900,0.05,2.0,0.3226509731408928,1.0,1.0,0.3226509731408928,1.0,1.0,0.30494553897393595,0.3215097058391969,1.0035497133709137
0.01,2900,0.05,2.05,0.29220648286602086,1.0,1.0,0.29220648286602086,1.0,1.0,0.30494553897393595,0.3215097058391969,0.9088574234588362
0.01,2900,0.05,2.1,0.31328907241070597,1.0,1.0,0.31328907241070597,1.0,1.0,0.30494553897393595,0.3215097058391969,0.9744311500424734
0.01,2900,0.05,2.15,0.41225585467987663,0.7500000000000006,1.0,0.3091918910099077,0.7500000000000006,1.3333333333333324,0.30494553897393595,0.3215097058391969,0.9616875801707523
0.01,2900,0.05,2.2,0.5471447905427349,0.4999999999999989,1.0,0.27357239527136684,0.4999999999999989,2.0000000000000044,0.30494553897393595,0.3215097058391969,0.8508993361718109
0.01,2900,0.05,2.25,1.1320240486084667,0.25,1.0,0.2830060121521167,0.25,4.0,0.30494553897393595,0.3215097058391969,0.880240960108564
0.01,2900,0.05,2.3,1.0053741089509984,0.25,1.0,0.2513435272377496,0.25,4.0,0.30494553897393595,0.3215097058391969,0.7817603097912666
0.01,2900,0.05,2.35,0.7960322389215146,0.25,1.0,0.19900805973037866,0.25,4.0,0.30494553897393595,0.3215097058391969,0.6189799440453364
0.01,2900,0.05,2.4,0.8120824115190436,0.25,1.0,0.2030206028797609,0.25,4.0,0.30494553897393595,0.3215097058391969,0.6314602613623791
0.01,2900,0.05,2.45,0.7456678403629913,0.25,1.0,0.18641696009074782,0.25,4.0,0.30494553897393595,0.3215097058391969,0.5798175193628036
0.01,2900,0.05,2.5,0.6540685901721707,0.25,0.9889805000000003,0.16533910177505282,0.2527855705951734,3.955922000000001,0.30494553897393595,0.3215097058391969,0.5142585084437457
0.01,2900,0.05,2.55,0.47485186002723895,0.25,0.8155164500000005,0.14556783619362879,0.3065542086857964,3.262065800000002,0.30494553897393595,0.3215097058391969,0.4527634268883769
0.01,2900,0.05,2.6,0.44996492828379686,0.25,0.6420524000000007,0.17520568737216632,0.3893763188175914,2.568209600000003,0.30494553897393595,0.3215097058391969,0.544946806239795
0.01,2900,0.05,2.65,0.4159602392124483,0.25,0.468588350000001,0.22192199145179742,0.5335173185590284,1.874353400000004,0.30494553897393595,0.3215097058391969,0.6902497418314074
0.01,2900,0.05,2.7,0.31573025728099574,0.25,0.29512429999999945,0.26745532075891104,0.8471006962151219,1.1804971999999978,0.30494553897393595,0.3215097058391969,0.8318732402208686
0.01,2900,0.05,2.75,0.25681025371729715,0.25,0.25,0.25681025371729715,1.0,1.0,0.30494553897393595,0.3215097058391969,0.7987636113409926
0.01,2900,0.05,2.8,0.24795609678376143,0.25,0.25,0.24795609678376143,1.0,1.0,0.30494553897393595,0.3215097058391969,0.7712242967488412
0.01,2900,0.05,2.85,0.24584868457381936,0.25,0.25,0.24584868457381936,1.0,1.0,0.30494553897393595,0.3215097058391969,0.7646695577420004
0.01,2900,0.05,2.9,0.2187559374660968,0.25,0.25,0.2187559374660968,1.0,1.0,0.30494553897393595,0.3215097058391969,0.6804022817759274
0.01,2900,0.05,2.95,0.19026555577230383,0.25,0.25,0.19026555577230383,1.0,1.0,0.30494553897393595,0.3215097058391969,0.5917879066066676
0.01,2900,0.05,3.0,0.20205224412108985,0.25,0.25,0.20205224412108985,1.0,1.0,0.30494553897393595,0.3215097058391969,0.628448349929897
0.01,2900,0.05,3.1,0.21228105457155944,0.1666666666666667,0.25,0.14152070304770634,0.6666666666666669,1.4999999999999996,0.30494553897393595,0.3215097058391969,0.44017552340546734
0.01,2900,0.05,3.2,0.23206744207952792,0.1944444444444445,0.25,0.18049689939518845,0.7777777777777781,1.2857142857142854,0.30494553897393595,0.3215097058391969,0.5614042006105532
0.01,2900,0.05,3.3,0.17329458029342376,0.22222222222222218,0.25,0.15403962692748777,0.8888888888888887,1.1250000000000002,0.30494553897393595,0.3215097058391969,0.47911345794497007
0.01,2900,0.05,3.4,0.16905032390079366,0.25,0.25,0.16905032390079366,1.0,1.0,0.30494553897393595,0.3215097058391969,0.525801619144102
0.01,2900,0.05,3.45,0.16514670901597447,0.25,0.25,0.16514670901597447,1.0,1.0,0.30494553897393595,0.3215097058391969,0.5136601042413712
0.01,2900,0.05,3.5,0.17236834055641864,0.25,0.25,0.17236834055641864,1.0,1.0,0.30494553897393595,0.3215097058391969,0.5361217326441419
0.01,2900,0.05,3.55,0.1664159034515632,0.25,0.25,0.1664159034515632,1.0,1.0,0.30494553897393595,0.3215097058391969,0.517607712704002
0.01,2900,0.05,3.6,0.17289957569363998,0.25,0.25,0.17289957569363998,1.0,1.0,0.30494553897393595,0.3215097058391969,0.5377740471079766
0.01,2900,0.05,3.65,0.2205305705141838,0.25,0.25,0.2205305705141838,1.0,1.0,0.30494553897393595,0.3215097058391969,0.6859219691006223
0.01,2900,0.05,3.7,0.21096141992715076,0.25,0.25,0.21096141992715076,1.0,1.0,0.30494553897393595,0.3215097058391969,0.6561587911522121
0.01,2900,0.05,3.75,0.23304885207412604,0.25,0.25,0.23304885207412604,1.0,1.0,0.30494553897393595,0.3215097058391969,0.7248579058160236
0.01,2900,0.05,3.8,0.21849322764590737,0.25,0.25,0.21849322764590737,1.0,1.0,0.30494553897393595,0.3215097058391969,0.6795851685895503
0.01,2900,0.05,3.85,0.2094502807084814,0.25,0.25,0.2094502807084814,1.0,1.0,0.30494553897393595,0.3215097058391969,0.6514586555381876
0.01,2900,0.05,3.9,0.2163834313252117,0.25,0.25,0.2163834313252117,1.0,1.0,0.30494553897393595,0.3215097058391969,0.673023014221026
0.01,2900,0.05,4.0,0.2517004297443137,0.25,0.25,0.2517004297443137,1.0,1.0,0.30494553897393595,0.3215097058391969,0.7828703929398688
0.01,2900,0.05,4.1,0.25217218904148514,0.25,0.25,0.25217218904148514,1.0,1.0,0.30494553897393595,0.3215097058391969,0.7843377181515293
0.01,2900,0.05,4.2,0.257157831451521,0.25,0.24556180000000039,0.2618056141585546,1.0180736580363867,0.9822472000000015,0.30494553897393595,0.3215097058391969,0.8143008108423845
0.015,483,0.3,1.5,0.1371634016567903,0.5555555555555556,0.5424700000000002,0.14047208105393463,1.0241221736788308,0.9764460000000004,0.6372715292764676,0.6673860811163563,0.2104809869857682
0.015,483,0.3,1.6,0.10130154978311261,0.777777777777778,0.7594578000000007,0.10374519068176559,1.0241224433770741,0.9764457428571435,0.6372715292764676,0.6673860811163563,0.15545003651893363
0.015,483,0.3,1.7,0.08846446061858379,1.0,0.9764456000000004,0.09059845281558312,1.0241225932094933,0.9764456000000004,0.6372715292764676,0.6673860811163563,0.1357511871749504
0.015,483,0.3,1.75,0.09943700862384598,1.0,1.0,0.09943700862384598,1.0,1.0,0.6372715292764676,0.6673860811163563,0.14899472949378084
0.015,483,0.3,1.8,0.11579182947076673,1.0,1.0,0.11579182947076673,1.0,1.0,0.6372715292764676,0.6673860811163563,0.17350051603874975
0.015,483,0.3,1.85,0.12452790576684077,1.0,1.0,0.12452790576684077,1.0,1.0,0.6372715292764676,0.6673860811163563,0.18659050479227746
0.015,483,0.3,1.9,0.12963689469740622,1.0,1.0,0.12963689469740622,1.0,1.0,0.6372715292764676,0.6673860811163563,0.1942457272716248
0.015,483,0.3,1.95,0.1404311414972039,1.0,1.0,0.1404311414972039,1.0,1.0,0.6372715292764676,0.6673860811163563,0.21041964384738232
0.015,483,0.3,2.0,0.16206582705684253,1.0,1.0,0.16206582705684253,1.0,1.0,0.6372715292764676,0.6673860811163563,0.2428366902494434
0.015,483,0.3,2.05,0.19510092069204826,1.0,1.0,0.19510092069204826,1.0,1.0,0.6372715292764676,0.6673860811163563,0.2923359150159338
0.015,483,0.3,2.1,0.1876526879097731,1.0,1.0,0.1876526879097731,1.0,1.0,0.6372715292764676,0.6673860811163563,0.28117560917045337
0.015,483,0.3,2.15,0.2836659843010597,0.7500000000000006,1.0,0.21274948822579495,0.7500000000000006,1.3333333333333324,0.6372715292764676,0.6673860811163563,0.31878022968342795
0.015,483,0.3,2.2,0.4373741003252017,0.4999999999999989,1.0,0.21868705016260037,0.49999999999999895,2.0000000000000044,0.6372715292764676,0.6673860811163563,0.3276769719212545
0.015,483,0.3,2.25,0.872353720758395,0.25,1.0,0.21808843018959875,0.25,4.0,0.6372715292764676,0.6673860811163563,0.3267800098929181
0.015,483,0.3,2.3,0.8782193321596341,0.25,1.0,0.21955483303990853,0.25,4.0,0.6372715292764676,0.6673860811163563,0.3289772430864196
0.015,483,0.3,2.35,0.9114243140022725,0.25,1.0,0.22785607850056813,0.25,4.0,0.6372715292764676,0.6673860811163563,0.3414156886811702
0.015,483,0.3,2.4,0.9915853942484852,0.25,1.0,0.2478963485621213,0.25,4.0,0.6372715292764676,0.6673860811163563,0.37144368990653476
0.015,483,0.3,2.45,0.8536872802689647,0.25,1.0,0.21342182006724117,0.25,4.0,0.6372715292764676,0.6673860811163563,0.31978764032693674
0.015,483,0.3,2.5,1.0497231936749047,0.25,0.9889805000000003,0.2653548764800986,0.2527855705951735,3.955922000000001,0.6372715292764676,0.6673860811163563,0.3976032524325825
0.015,483,0.3,2.55,0.9475385891737726,0.25,0.8155164500000005,0.2904719424034218,0.30655420868579636,3.262065800000002,0.6372715292764676,0.6673860811163563,0.4352382385882858
0.015,483,0.3,2.6,0.8336542650090398,0.25,0.6420524000000007,0.32460522887580473,0.3893763188175914,2.568209600000003,0.6372715292764676,0.6673860811163563,0.4863829769012084
0.015,483,0.3,2.65,0.7402700373282667,0.25,0.468588350000001,0.3949468853249687,0.5335173185590284,1.874353400000004,0.6372715292764676,0.6673860811163563,0.5917817235030275
0.015,483,0.3,2.7,0.769301765461616,0.25,0.29512429999999945,0.6516760611220572,0.8471006962151217,1.1804971999999978,0.6372715292764676,0.6673860811163563,0.9764603721311951
0.015,483,0.3,2.75,0.6797328243481804,0.25,0.25,0.6797328243481804,1.0,1.0,0.6372715292764676,0.6673860811163563,1.0185001509338811
0.015,483,0.3,2.8,0.7953748517682264,0.25,0.25,0.7953748517682264,1.0,1.0,0.6372715292764676,0.6673860811163563,1.1917762061171242
0.015,483,0.3,2.85,0.5940579337396986,0.25,0.25,0.5940579337396986,1.0,1.0,0.6372715292764676,0.6673860811163563,0.8901263459765305
0.015,483,0.3,2.9,0.5208011778983297,0.25,0.25,0.5208011778983297,1.0,1.0,0.6372715292764676,0.6673860811163563,0.7803596638203336
0.015,483,0.3,2.95,0.4713120794254376,0.25,0.25,0.4713120794254376,1.0,1.0,0.6372715292764676,0.6673860811163563,0.7062060368970537
0.015,483,0.3,3.0,0.46945618531559635,0.25,0.25,0.46945618531559635,1.0,1.0,0.6372715292764676,0.6673860811163563,0.7034251965973326
0.015,483,0.3,3.1,0.6281455332417045,0.1666666666666667,0.25,0.4187636888278031,0.6666666666666669,1.4999999999999996,0.6372715292764676,0.6673860811163563,0.6274684184712465
0.015,483,0.3,3.2,0.4873356599438995,0.1944444444444445,0.25,0.37903884662303305,0.777777777777778,1.2857142857142854,0.6372715292764676,0.6673860811163563,0.5679453877566695
0.015,483,0.3,3.3,0.3672559750200714,0.22222222222222218,0.25,0.3264497555733967,0.8888888888888887,1.1250000000000002,0.6372715292764676,0.6673860811163563,0.4891467844629523
0.015,483,0.3,3.4,0.3136418337983054,0.25,0.25,0.3136418337983054,1.0,1.0,0.6372715292764676,0.6673860811163563,0.46995561141111525
0.015,483,0.3,3.45,0.29390430650652805,0.25,0.25,0.29390430650652805,1.0,1.0,0.6372715292764676,0.6673860811163563,0.44038123482423497
0.015,483,0.3,3.5,0.25895280748873123,0.25,0.25,0.25895280748873123,1.0,1.0,0.6372715292764676,0.6673860811163563,0.3880105006918533
0.015,483,0.3,3.55,0.21539059057325524,0.25,0.25,0.21539059057325524,1.0,1.0,0.6372715292764676,0.6673860811163563,0.3227376127068234
0.015,483,0.3,3.6,0.22085659217954753,0.25,0.25,0.22085659217954753,1.0,1.0,0.6372715292764676,0.6673860811163563,0.3309277769325279
0.015,483,0.3,3.65,0.2636890961606217,0.25,0.25,0.2636890961606217,1.0,1.0,0.6372715292764676,0.6673860811163563,0.39510727541626456
0.015,483,0.3,3.7,0.23719820488422527,0.25,0.25,0.23719820488422527,1.0,1.0,0.6372715292764676,0.6673860811163563,0.35541377262087465
0.015,483,0.3,3.75,0.23531319983213408,0.25,0.25,0.23531319983213408,1.0,1.0,0.6372715292764676,0.6673860811163563,0.35258931297835694
0.015,483,0.3,3.8,0.23255447105933344,0.25,0.25,0.23255447105933344,1.0,1.0,0.6372715292764676,0.6673860811163563,0.34845568051154546
0.015,483,0.3,3.85,0.20599552181411707,0.25,0.25,0.20599552181411707,1.0,1.0,0.6372715292764676,0.6673860811163563,0.30866020080841705
0.015,483,0.3,3.9,0.20075058870157617,0.25,0.25,0.20075058870157617,1.0,1.0,0.6372715292764676,0.6673860811163563,0.3008012818693713
0.015,483,0.3,4.0,0.19968637918549278,0.25,0.25,0.19968637918549278,1.0,1.0,0.6372715292764676,0.6673860811163563,0.2992066883556689
0.015,483,0.3,4.1,0.21205193040148962,0.25,0.25,0.21205193040148962,1.0,1.0,0.6372715292764676,0.6673860811163563,0.3177350208544717
0.015,483,0.3,4.2,0.19291646629055714,0.25,0.24556180000000039,0.1964031725318808,1.0180736580363867,0.9822472000000015,0.6372715292764676,0.6673860811163563,0.2942871871156669
0.015,580,0.25,1.5,0.13605481664952507,0.5555555555555556,0.5424700000000002,0.1393367545665864,1.0241221736788308,0.9764460000000004,0.5853049935530624,0.6215122751395301,0.22418986742507244
0.015,580,0.25,1.6,0.10283117143475688,0.777777777777778,0.7594578000000007,0.10531171054509,1.0241224433770741,0.9764457428571435,0.5853049935530624,0.6215122751395301,0.16944429701158745
0.015,580,0.25,1.7,0.0981288549051114,1.0,0.9764456000000004,0.1004959773541008,1.0241225932094933,0.9764456000000004,0.5853049935530624,0.6215122751395301,0.16169588497916532
0.015,580,0.25,1.75,0.10921921978755689,1.0,1.0,0.10921921978755689,1.0,1.0,0.5853049935530624,0.6215122751395301,0.17573139607425625
0.015,580,0.25,1.8,0.1251969356910757,1.0,1.0,0.1251969356910757,1.0,1.0,0.5853049935530624,0.6215122751395301,0.2014392003166291
0.015,580,0.25,1.85,0.14466897118805372,1.0,1.0,0.14466897118805372,1.0,1.0,0.5853049935530624,0.6215122751395301,0.2327692902856591
0.015,580,0.25,1.9,0.14785809547150747,1.0,1.0,0.14785809547150747,1.0,1.0,0.5853049935530624,0.6215122751395301,0.2379005232653099
0.015,580,0.25,1.95,0.18740755771001247,1.0,1.0,0.18740755771001247,1.0,1.0,0.5853049935530624,0.6215122751395301,0.3015347648088516
0.015,580,0.25,2.0,0.1911170714983676,1.0,1.0,0.1911170714983676,1.0,1.0,0.5853049935530624,0.6215122751395301,0.30750329340713606
0.015,580,0.25,2.05,0.1987231431558573,1.0,1.0,0.1987231431558573,1.0,1.0,0.5853049935530624,0.6215122751395301,0.3197413005418819
0.015,580,0.25,2.1,0.2266918024962427,1.0,1.0,0.2266918024962427,1.0,1.0,0.5853049935530624,0.6215122751395301,0.36474227712614393
0.015,580,0.25,2.15,0.2924327324809917,0.7500000000000006,1.0,0.21932454936074394,0.7500000000000006,1.3333333333333324,0.5853049935530624,0.6215122751395301,0.3528885239016484
0.015,580,0.25,2.2,0.46052486537869297,0.4999999999999989,1.0,0.23026243268934599,0.4999999999999989,2.0000000000000044,0.5853049935530624,0.6215122751395301,0.3704873449806793
0.015,580,0.25,2.25,0.9771491092409446,0.25,1.0,0.24428727731023614,0.25,4.0,0.5853049935530624,0.6215122751395301,0.3930530209647
0.015,580,0.25,2.3,1.0208177628111024,0.25,1.0,0.2552044407027756,0.25,4.0,0.5853049935530624,0.6215122751395301,0.4106185041083572
0.015,580,0.25,2.35,1.0797288309115407,0.25,1.0,0.2699322077278852,0.25,4.0,0.5853049935530624,0.6215122751395301,0.43431516725439595
0.015,580,0.25,2.4,1.059466658547149,0.25,1.0,0.26486666463678726,0.25,4.0,0.5853049935530624,0.6215122751395301,0.4261648164186692
0.015,580,0.25,2.45,0.9048010327322918,0.25,1.0,0.22620025818307296,0.25,4.0,0.5853049935530624,0.6215122751395301,0.3639513928060243
0.015,580,0.25,2.5,0.8317516761530797,0.25,0.9889805000000003,0.21025482204984816,0.2527855705951734,3.955922000000001,0.5853049935530624,0.6215122751395301,0.3382955260258468
0.015,580,0.25,2.55,0.9240656127442503,0.25,0.8155164500000005,0.28327620268856923,0.3065542086857964,3.262065800000002,0.5853049935530624,0.6215122751395301,0.4557853706509231
0.015,580,0.25,2.6,0.7141005823905053,0.25,0.6420524000000007,0.27805385603671307,0.3893763188175913,2.568209600000003,0.5853049935530624,0.6215122751395301,0.4473827262290028
0.015,580,0.25,2.65,0.7490551795802111,0.25,0.468588350000001,0.39963391086238564,0.5335173185590283,1.874353400000004,0.5853049935530624,0.6215122751395301,0.6430024423454347
0.015,580,0.25,2.7,0.6992292087072274,0.25,0.29512429999999945,0.5923175495098411,0.8471006962151219,1.1804971999999978,0.5853049935530624,0.6215122751395301,0.9530263088960957
0.015,580,0.25,2.75,0.596162623781407,0.25,0.25,0.596162623781407,1.0,1.0,0.5853049935530624,0.6215122751395301,0.9592129514217044
0.015,580,0.25,2.8,0.6404383856222631,0.25,0.25,0.6404383856222631,1.0,1.0,0.5853049935530624,0.6215122751395301,1.0304517082602818
0.015,580,0.25,2.85,0.5642673256827266,0.25,0.25,0.5642673256827266,1.0,1.0,0.5853049935530624,0.6215122751395301,0.9078940967916491
0.015,580,0.25,2.9,0.4367827564422362,0.25,0.25,0.4367827564422362,1.0,1.0,0.5853049935530624,0.6215122751395301,0.7027741428665718
0.015,580,0.25,2.95,0.4884477091567746,0.25,0.25,0.4884477091567746,1.0,1.0,0.5853049935530624,0.6215122751395301,0.7859019502826675
0.015,580,0.25,3.0,0.4268309363216776,0.25,0.25,0.4268309363216776,1.0,1.0,0.5853049935530624,0.6215122751395301,0.6867618764663235
0.015,580,0.25,3.1,0.6243128101791979,0.1666666666666667,0.25,0.4162085401194654,0.6666666666666669,1.4999999999999996,0.5853049935530624,0.6215122751395301,0.6696706674474389
0.015,580,0.25,3.2,0.4002194119557731,0.1944444444444445,0.25,0.3112817648544903,0.777777777777778,1.2857142857142854,0.5853049935530624,0.6215122751395301,0.5008457230947003
0.015,580,0.25,3.3,0.356531953781081,0.22222222222222218,0.25,0.3169172922498497,0.8888888888888887,1.1250000000000002,0.5853049935530624,0.6215122751395301,0.5099131665238654
0.015,580,0.25,3.4,0.28378009930318326,0.25,0.25,0.28378009930318326,1.0,1.0,0.5853049935530624,0.6215122751395301,0.4565961295607144
0.015,580,0.25,3.45,0.27721414834497654,0.25,0.25,0.27721414834497654,1.0,1.0,0.5853049935530624,0.6215122751395301,0.4460316544556448
0.015,580,0.25,3.5,0.26017188788622037,0.25,0.25,0.26017188788622037,1.0,1.0,0.5853049935530624,0.6215122751395301,0.41861102072008394
0.015,580,0.25,3.55,0.2569999303773695,0.25,0.25,0.2569999303773695,1.0,1.0,0.5853049935530624,0.6215122751395301,0.413507408714772
0.015,580,0.25,3.6,0.2312486682162557,0.25,0.25,0.2312486682162557,1.0,1.0,0.5853049935530624,0.6215122751395301,0.3720741769168439
0.015,580,0.25,3.65,0.22173302339229772,0.25,0.25,0.22173302339229772,1.0,1.0,0.5853049935530624,0.6215122751395301,0.3567637072695281
0.015,580,0.25,3.7,0.22954975404111763,0.25,0.25,0.22954975404111763,1.0,1.0,0.5853049935530624,0.6215122751395301,0.36934066023005496
0.015,580,0.25,3.75,0.21486387573848628,0.25,0.25,0.21486387573848628,1.0,1.0,0.5853049935530624,0.6215122751395301,0.34571139514541227
0.015,580,0.25,3.8,0.22554199547848738,0.25,0.25,0.22554199547848738,1.0,1.0,0.5853049935530624,0.6215122751395301,0.3628922621485682
0.015,580,0.25,3.85,0.21893935607180215,0.25,0.25,0.21893935607180215,1.0,1.0,0.5853049935530624,0.6215122751395301,0.3522687561120978
0.015,580,0.25,3.9,0.21771727413101552,0.25,0.25,0.21771727413101552,1.0,1.0,0.5853049935530624,0.6215122751395301,0.3503024523242727
0.015,580,0.25,4.0,0.22501447590460066,0.25,0.25,0.22501447590460066,1.0,1.0,0.5853049935530624,0.6215122751395301,0.3620434944009508
0.015,580,0.25,4.1,0.19093709436106757,0.25,0.25,0.19093709436106757,1.0,1.0,0.5853049935530624,0.6215122751395301,0.3072137140303496
0.015,580,0.25,4.2,0.20920063707987477,0.25,0.24556180000000039,0.21298165785545067,1.0180736580363867,0.9822472000000015,0.5853049935530624,0.6215122751395301,0.3426829467006683
0.015,725,0.2,1.5,0.14819447446852613,0.5555555555555556,0.5424700000000002,0.151769247319899,1.0241221736788308,0.9764460000000004,0.5181943903433435,0.563940581388535,0.2691227628027985
0.015,725,0.2,1.6,0.11068266440145122,0.777777777777778,0.7594578000000007,0.11335260070629893,1.0241224433770741,0.9764457428571435,0.5181943903433435,0.563940581388535,0.20100096436968956
0.015,725,0.2,1.7,0.10320398798115897,1.0,0.9764456000000004,0.10569353580082591,1.0241225932094933,0.9764456000000004,0.5181943903433435,0.563940581388535,0.18741963123240252
0.015,725,0.2,1.75,0.12519339824126366,1.0,1.0,0.12519339824126366,1.0,1.0,0.5181943903433435,0.563940581388535,0.2219974982701411
0.015,725,0.2,1.8,0.13864175721456604,1.0,1.0,0.13864175721456604,1.0,1.0,0.5181943903433435,0.563940581388535,0.2458446187241964
0.015,725,0.2,1.85,0.1581819150915885,1.0,1.0,0.1581819150915885,1.0,1.0,0.5181943903433435,0.563940581388535,0.2804939390992449
0.015,725,0.2,1.9,0.18458742915264223,1.0,1.0,0.18458742915264223,1.0,1.0,0.5181943903433435,0.563940581388535,0.3273171593683698
0.015,725,0.2,1.95,0.184934330298147,1.0,1.0,0.184934330298147,1.0,1.0,0.5181943903433435,0.563940581388535,0.3279322971274767
0.015,725,0.2,2.0,0.2306676127711591,1.0,1.0,0.2306676127711591,1.0,1.0,0.5181943903433435,0.563940581388535,0.40902822102855074
0.015,725,0.2,2.05,0.23513930083895368,1.0,1.0,0.23513930083895368,1.0,1.0,0.5181943903433435,0.563940581388535,0.4169575813465906
0.015,725,0.2,2.1,0.2744662465378855,1.0,1.0,0.2744662465378855,1.0,1.0,0.5181943903433435,0.563940581388535,0.486693555307005
0.015,725,0.2,2.15,0.33926434474935835,0.7500000000000006,1.0,0.25444825856201897,0.7500000000000007,1.3333333333333324,0.5181943903433435,0.563940581388535,0.45119692917916326
0.015,725,0.2,2.2,0.586189216779109,0.4999999999999989,1.0,0.2930946083895538,0.4999999999999989,2.0000000000000044,0.5181943903433435,0.563940581388535,0.5197260457261225
0.015,725,0.2,2.25,1.0480389133237422,0.25,1.0,0.26200972833093555,0.25,4.0,0.5181943903433435,0.563940581388535,0.4646052030620229
0.015,725,0.2,2.3,1.1636443746584473,0.25,1.0,0.2909110936646118,0.25,4.0,0.5181943903433435,0.563940581388535,0.5158541578056509
0.015,725,0.2,2.35,0.9925189912661633,0.25,1.0,0.24812974781654082,0.25,4.0,0.5181943903433435,0.563940581388535,0.439992715554528
0.015,725,0.2,2.4,0.95244183998947,0.25,1.0,0.2381104599973675,0.25,4.0,0.5181943903433435,0.563940581388535,0.4222261490937427
0.015,725,0.2,2.45,0.9701992584212927,0.25,1.0,0.24254981460532318,0.25,4.0,0.5181943903433435,0.563940581388535,0.4300981745419293
0.015,725,0.2,2.5,1.0273041563452685,0.25,0.9889805000000003,0.259687667336532,0.2527855705951735,3.955922000000001,0.5181943903433435,0.563940581388535,0.4604876398451922
0.015,725,0.2,2.55,0.8029529747146776,0.25,0.8155164500000005,0.2461486137755643,0.3065542086857964,3.262065800000002,0.5181943903433435,0.563940581388535,0.4364796964415949
0.015,725,0.2,2.6,0.7617912042532199,0.25,0.6420524000000007,0.2966234548197386,0.3893763188175914,2.568209600000003,0.5181943903433435,0.563940581388535,0.5259835248766671
0.015,725,0.2,2.65,0.7386811341623433,0.25,0.468588350000001,0.39409917796843524,0.5335173185590283,1.874353400000004,0.5181943903433435,0.563940581388535,0.6988310310956589
0.015,725,0.2,2.7,0.5751795407066407,0.25,0.29512429999999945,0.4872349893812893,0.8471006962151217,1.1804971999999978,0.5181943903433435,0.563940581388535,0.8639828475929483
0.015,725,0.2,2.75,0.5285141906640283,0.25,0.25,0.5285141906640283,1.0,1.0,0.5181943903433435,0.563940581388535,0.9371806323331443
0.015,725,0.2,2.8,0.5894352015024471,0.25,0.25,0.5894352015024471,1.0,1.0,0.5181943903433435,0.563940581388535,1.0452079899111697
0.015,725,0.2,2.85,0.5560323942013947,0.25,0.25,0.5560323942013947,1.0,1.0,0.5181943903433435,0.563940581388535,0.9859769141499469
0.015,725,0.2,2.9,0.4715390414390371,0.25,0.25,0.4715390414390371,1.0,1.0,0.5181943903433435,0.563940581388535,0.8361502204328216
0.015,725,0.2,2.95,0.3931660697936755,0.25,0.25,0.3931660697936755,1.0,1.0,0.5181943903433435,0.563940581388535,0.6971764096593682
0.015,725,0.2,3.0,0.4144406785665424,0.25,0.25,0.4144406785665424,1.0,1.0,0.5181943903433435,0.563940581388535,0.7349013216004179
0.015,725,0.2,3.1,0.4682362956187863,0.1666666666666667,0.25,0.3121575304125243,0.6666666666666669,1.4999999999999996,0.5181943903433435,0.563940581388535,0.553529114084909
0.015,725,0.2,3.2,0.34408359592641596,0.1944444444444445,0.25,0.2676205746094347,0.777777777777778,1.2857142857142854,0.5181943903433435,0.563940581388535,0.4745545602526052
0.015,725,0.2,3.3,0.33540736404535176,0.22222222222222218,0.25,0.29813987915142376,0.8888888888888888,1.1250000000000002,0.5181943903433435,0.563940581388535,0.5286725037899268
0.015,725,0.2,3.4,0.22757655139918176,0.25,0.25,0.22757655139918176,1.0,1.0,0.5181943903433435,0.563940581388535,0.4035470383047139
0.015,725,0.2,3.45,0.21212350030019284,0.25,0.25,0.21212350030019284,1.0,1.0,0.5181943903433435,0.563940581388535,0.37614512468299793
0.015,725,0.2,3.5,0.27571995799549726,0.25,0.25,0.27571995799549726,1.0,1.0,0.5181943903433435,0.563940581388535,0.4889166821735356
0.015,725,0.2,3.55,0.22565093547747528,0.25,0.25,0.22565093547747528,1.0,1.0,0.5181943903433435,0.563940581388535,0.4001324659450422
0.015,725,0.2,3.6,0.23764845693397618,0.25,0.25,0.23764845693397618,1.0,1.0,0.5181943903433435,0.563940581388535,0.4214069084172626
0.015,725,0.2,3.65,0.2376617004271051,0.25,0.25,0.2376617004271051,1.0,1.0,0.5181943903433435,0.563940581388535,0.4214303922621321
0.015,725,0.2,3.7,0.24403689086499736,0.25,0.25,0.24403689086499736,1.0,1.0,0.5181943903433435,0.563940581388535,0.4327351123838783
0.015,725,0.2,3.75,0.2328884073199524,0.25,0.25,0.2328884073199524,1.0,1.0,0.5181943903433435,0.563940581388535,0.4129662148918852
0.015,725,0.2,3.8,0.2177246146918117,0.25,0.25,0.2177246146918117,1.0,1.0,0.5181943903433435,0.563940581388535,0.3860772249369428
0.015,725,0.2,3.85,0.22342020399515383,0.25,0.25,0.22342020399515383,1.0,1.0,0.5181943903433435,0.563940581388535,0.39617685154887844
0.015,725,0.2,3.9,0.2293068483267279,0.25,0.25,0.2293068483267279,1.0,1.0,0.5181943903433435,0.563940581388535,0.4066152639026764
0.015,725,0.2,4.0,0.21711763259135677,0.25,0.25,0.21711763259135677,1.0,1.0,0.5181943903433435,0.563940581388535,0.3850009021460551
0.015,725,0.2,4.1,0.21599295555781395,0.25,0.25,0.21599295555781395,1.0,1.0,0.5181943903433435,0.563940581388535,0.3830065838248347
0.015,725,0.2,4.2,0.20967202955139433,0.25,0.24556180000000039,0.2134615701133014,1.0180736580363867,0.9822472000000015,0.5181943903433435,0.563940581388535,0.3785178388611725
0.015,967,0.15,1.5,0.1447049296716017,0.5555555555555556,0.5424700000000002,0.14819552711732306,1.0241221736788306,0.9764460000000004,0.5065237410951318,0.5065237410951318,0.29257370404182104
0.015,967,0.15,1.6,0.13061589593286552,0.777777777777778,0.7594578000000007,0.13376667048665186,1.0241224433770741,0.9764457428571435,0.5065237410951318,0.5065237410951318,0.2640876619078922
0.015,967,0.15,1.7,0.13027324708752339,1.0,0.9764456000000004,0.13341577563309553,1.0241225932094935,0.9764456000000004,0.5065237410951318,0.5065237410951318,0.2633949108577683
0.015,967,0.15,1.75,0.13839086682940804,1.0,1.0,0.13839086682940804,1.0,1.0,0.5065237410951318,0.5065237410951318,0.2732169404936469
0.015,967,0.15,1.8,0.1633693392903462,1.0,1.0,0.1633693392903462,1.0,1.0,0.5065237410951318,0.5065237410951318,0.3225304680430829
0.015,967,0.15,1.85,0.1762549976251453,1.0,1.0,0.1762549976251453,1.0,1.0,0.5065237410951318,0.5065237410951318,0.34796986463866914
0.015,967,0.15,1.9,0.2082771849262857,1.0,1.0,0.2082771849262857,1.0,1.0,0.5065237410951318,0.5065237410951318,0.41118938369202424
0.015,967,0.15,1.95,0.23076204933203512,1.0,1.0,0.23076204933203512,1.0,1.0,0.5065237410951318,0.5065237410951318,0.4555799276715343
0.015,967,0.15,2.0,0.2502789250220332,1.0,1.0,0.2502789250220332,1.0,1.0,0.5065237410951318,0.5065237410951318,0.4941109462725609
0.015,967,0.15,2.05,0.2851185595942359,1.0,1.0,0.2851185595942359,1.0,1.0,0.5065237410951318,0.5065237410951318,0.5628927855934138
0.015,967,0.15,2.1,0.2968135349224051,1.0,1.0,0.2968135349224051,1.0,1.0,0.5065237410951318,0.5065237410951318,0.5859814868315514
0.015,967,0.15,2.15,0.3862418839126685,0.7500000000000006,1.0,0.2896814129345016,0.7500000000000007,1.3333333333333324,0.5065237410951318,0.5065237410951318,0.5719009583009766
0.015,967,0.15,2.2,0.6169323051368114,0.4999999999999989,1.0,0.30846615256840504,0.49999999999999895,2.0000000000000044,0.5065237410951318,0.5065237410951318,0.608986563791629
0.015,967,0.15,2.25,1.3298919483789355,0.25,1.0,0.3324729870947339,0.25,4.0,0.5065237410951318,0.5065237410951318,0.6563818437728295
0.015,967,0.15,2.3,1.219382337692609,0.25,1.0,0.30484558442315224,0.25,4.0,0.5065237410951318,0.5065237410951318,0.6018386892666858
0.015,967,0.15,2.35,1.0932683034947468,0.25,1.0,0.2733170758736867,0.25,4.0,0.5065237410951318,0.5065237410951318,0.5395938111069787
0.015,967,0.15,2.4,1.1613594317343656,0.25,1.0,0.2903398579335914,0.25,4.0,0.5065237410951318,0.5065237410951318,0.5732008874961337
0.015,967,0.15,2.45,0.9800653382508544,0.25,1.0,0.2450163345627136,0.25,4.0,0.5065237410951318,0.5065237410951318,0.4837213237685069
0.015,967,0.15,2.5,0.8767883648376991,0.25,0.9889805000000003,0.22163944709670688,0.2527855705951735,3.955922000000001,0.5065237410951318,0.5065237410951318,0.4375697111797966
0.015,967,0.15,2.55,0.9159628700751339,0.25,0.8155164500000005,0.2807922728214536,0.30655420868579636,3.262065800000002,0.5065237410951318,0.5065237410951318,0.5543516523319627
0.015,967,0.15,2.6,0.7818703124704313,0.25,0.6420524000000007,0.30444178406249645,0.3893763188175914,2.568209600000003,0.5065237410951318,0.5065237410951318,0.6010414899887552
0.015,967,0.15,2.65,0.6466740609125682,0.25,0.468588350000001,0.34501181095975114,0.5335173185590284,1.874353400000004,0.5065237410951318,0.5065237410951318,0.681136505494919
0.015,967,0.15,2.7,0.6601978472826979,0.25,0.29512429999999945,0.559254056072898,0.8471006962151217,1.1804971999999978,0.5065237410951318,0.5065237410951318,1.104102356315541
0.015,967,0.15,2.75,0.6115544063727867,0.25,0.25,0.6115544063727867,1.0,1.0,0.5065237410951318,0.5065237410951318,1.2073558586821083
0.015,967,0.15,2.8,0.5272328629315143,0.25,0.25,0.5272328629315143,1.0,1.0,0.5065237410951318,0.5065237410951318,1.0408847999732613
0.015,967,0.15,2.85,0.44439637558598416,0.25,0.25,0.44439637558598416,1.0,1.0,0.5065237410951318,0.5065237410951318,0.8773456000802157
0.015,967,0.15,2.9,0.41111478349004416,0.25,0.25,0.41111478349004416,1.0,1.0,0.5065237410951318,0.5065237410951318,0.8116397122890858
0.015,967,0.15,2.95,0.3505903209663747,0.25,0.25,0.3505903209663747,1.0,1.0,0.5065237410951318,0.5065237410951318,0.6921498293611656
0.015,967,0.15,3.0,0.3962900997962332,0.25,0.25,0.3962900997962332,1.0,1.0,0.5065237410951318,0.5065237410951318,0.782372212089077
0.015,967,0.15,3.1,0.46266192530146283,0.1666666666666667,0.25,0.30844128353430866,0.6666666666666669,1.4999999999999996,0.5065237410951318,0.5065237410951318,0.6089374663217995
0.015,967,0.15,3.2,0.3314602920438763,0.1944444444444445,0.25,0.2578024493674594,0.7777777777777779,1.2857142857142854,0.5065237410951318,0.5065237410951318,0.5089641974334244
0.015,967,0.15,3.3,0.30790966171408324,0.22222222222222218,0.25,0.27369747707918507,0.8888888888888888,1.1250000000000002,0.5065237410951318,0.5065237410951318,0.5403448148105285
0.015,967,0.15,3.4,0.24724170496623188,0.25,0.25,0.24724170496623188,1.0,1.0,0.5065237410951318,0.5065237410951318,0.48811474153547457
0.015,967,0.15,3.45,0.22081059382777574,0.25,0.25,0.22081059382777574,1.0,1.0,0.5065237410951318,0.5065237410951318,0.4359333549704329
0.015,967,0.15,3.5,0.2534446152942809,0.25,0.25,0.2534446152942809,1.0,1.0,0.5065237410951318,0.5065237410951318,0.500360782194177
0.015,967,0.15,3.55,0.22677122586999457,0.25,0.25,0.22677122586999457,1.0,1.0,0.5065237410951318,0.5065237410951318,0.44770107987377433
0.015,967,0.15,3.6,0.22410159595626458,0.25,0.25,0.22410159595626458,1.0,1.0,0.5065237410951318,0.5065237410951318,0.4424305867119768
0.015,967,0.15,3.65,0.24378006314486741,0.25,0.25,0.24378006314486741,1.0,1.0,0.5065237410951318,0.5065237410951318,0.4812806258948529
0.015,967,0.15,3.7,0.21756127334271344,0.25,0.25,0.21756127334271344,1.0,1.0,0.5065237410951318,0.5065237410951318,0.42951841284346154
0.015,967,0.15,3.75,0.22603652841412858,0.25,0.25,0.22603652841412858,1.0,1.0,0.5065237410951318,0.5065237410951318,0.4462506099426364
0.015,967,0.15,3.8,0.25447990831973705,0.25,0.25,0.25447990831973705,1.0,1.0,0.5065237410951318,0.5065237410951318,0.5024047002605203
0.015,967,0.15,3.85,0.22553589216005923,0.25,0.25,0.22553589216005923,1.0,1.0,0.5065237410951318,0.5065237410951318,0.4452622332616403
0.015,967,0.15,3.9,0.22957900274211412,0.25,0.25,0.22957900274211412,1.0,1.0,0.5065237410951318,0.5065237410951318,0.45324430844199304
0.015,967,0.15,4.0,0.23721878668030627,0.25,0.25,0.23721878668030627,1.0,1.0,0.5065237410951318,0.5065237410951318,0.46832708407196555
0.015,967,0.15,4.1,0.22620056948089345,0.25,0.25,0.22620056948089345,1.0,1.0,0.5065237410951318,0.5065237410951318,0.44657446656268385
0.015,967,0.15,4.2,0.24518278526043868,0.25,0.24556180000000039,0.2496141350776447,1.0180736580363867,0.9822472000000015,0.5065237410951318,0.5065237410951318,0.49279849062546494
0.015,1450,0.1,1.5,0.16796773988873584,0.5555555555555556,0.5424700000000002,0.1720194868827726,1.0241221736788308,0.9764460000000004,0.40203411838201836,0.46111449549108213,0.3730515708459211
0.015,1450,0.1,1.6,0.13966711477630347,0.777777777777778,0.7594578000000007,0.14303622684413417,1.0241224433770741,0.9764457428571435,0.40203411838201836,0.46111449549108213,0.3101967694418326
0.015,1450,0.1,1.7,0.15067205675212927,1.0,0.9764456000000004,0.1543066574851986,1.0241225932094933,0.9764456000000004,0.40203411838201836,0.46111449549108213,0.3346384878247291
0.015,1450,0.1,1.75,0.17971716984902916,1.0,1.0,0.17971716984902916,1.0,1.0,0.40203411838201836,0.46111449549108213,0.3897452186091705
0.015,1450,0.1,1.8,0.21362352499377016,1.0,1.0,0.21362352499377016,1.0,1.0,0.40203411838201836,0.46111449549108213,0.46327653344808284
0.015,1450,0.1,1.85,0.24498726459252002,1.0,1.0,0.24498726459252002,1.0,1.0,0.40203411838201836,0.46111449549108213,0.5312937827547822
0.015,1450,0.1,1.9,0.27007351135003715,1.0,1.0,0.27007351135003715,1.0,1.0,0.40203411838201836,0.46111449549108213,0.5856972920844999
0.015,1450,0.1,1.95,0.31325667603927454,1.0,1.0,0.31325667603927454,1.0,1.0,0.40203411838201836,0.46111449549108213,0.6793468414079229
0.015,1450,0.1,2.0,0.32483588330075547,1.0,1.0,0.32483588330075547,1.0,1.0,0.40203411838201836,0.46111449549108213,0.7044581909202586
0.015,1450,0.1,2.05,0.3617115072967934,1.0,1.0,0.3617115072967934,1.0,1.0,0.40203411838201836,0.46111449549108213,0.784428836728662
0.015,1450,0.1,2.1,0.3595201953863982,1.0,1.0,0.3595201953863982,1.0,1.0,0.40203411838201836,0.46111449549108213,0.7796766289108151
0.015,1450,0.1,2.15,0.483350243577787,0.7500000000000006,1.0,0.3625126826833405,0.7500000000000006,1.3333333333333324,0.40203411838201836,0.46111449549108213,0.7861663127663516
0.015,1450,0.1,2.2,0.7397694604800585,0.4999999999999989,1.0,0.36988473024002844,0.4999999999999989,2.0000000000000044,0.40203411838201836,0.46111449549108213,0.8021537684390188
0.015,1450,0.1,2.25,1.4125099463851325,0.25,1.0,0.3531274865962831,0.25,4.0,0.40203411838201836,0.46111449549108213,0.7658130248545018
0.015,1450,0.1,2.3,1.4737205438831928,0.25,1.0,0.3684301359707982,0.25,4.0,0.40203411838201836,0.46111449549108213,0.7989992498032923
0.015,1450,0.1,2.35,1.1896828286996017,0.25,1.0,0.29742070717490043,0.25,4.0,0.40203411838201836,0.46111449549108213,0.6450040284640163
0.015,1450,0.1,2.4,1.0995565838279646,0.25,1.0,0.27488914595699115,0.25,4.0,0.40203411838201836,0.46111449549108213,0.5961407603641631
0.015,1450,0.1,2.45,1.0962978681682138,0.25,1.0,0.27407446704205346,0.25,4.0,0.40203411838201836,0.46111449549108213,0.5943739997810458
0.015,1450,0.1,2.5,0.8376983231697631,0.25,0.9889805000000003,0.21175804860908856,0.2527855705951734,3.955922000000001,0.40203411838201836,0.46111449549108213,0.45923095170445344
0.015,1450,0.1,2.55,0.860032089136859,0.25,0.8155164500000005,0.2636464565297421,0.30655420868579636,3.262065800000002,0.40203411838201836,0.46111449549108213,0.5717592032082214
0.015,1450,0.1,2.6,0.751513286753864,0.25,0.6420524000000007,0.2926214771387285,0.3893763188175913,2.568209600000003,0.40203411838201836,0.46111449549108213,0.6345961361008391
0.015,1450,0.1,2.65,0.6002437251107443,0.25,0.468588350000001,0.3202404227029668,0.5335173185590284,1.874353400000004,0.40203411838201836,0.46111449549108213,0.6944922049390664
0.015,1450,0.1,2.7,0.5233969009949495,0.25,0.29512429999999945,0.44336987922965887,0.8471006962151217,1.1804971999999978,0.40203411838201836,0.46111449549108213,0.9615179821173797
0.015,1450,0.1,2.75,0.40927488370972287,0.25,0.25,0.40927488370972287,1.0,1.0,0.40203411838201836,0.46111449549108213,0.887577570672224
0.015,1450,0.1,2.8,0.41448591860963363,0.25,0.25,0.41448591860963363,1.0,1.0,0.40203411838201836,0.46111449549108213,0.8988785272694809
0.015,1450,0.1,2.85,0.3803118223989049,0.25,0.25,0.3803118223989049,1.0,1.0,0.40203411838201836,0.46111449549108213,0.8247665734166018
0.015,1450,0.1,2.9,0.3558228404913203,0.25,0.25,0.3558228404913203,1.0,1.0,0.40203411838201836,0.46111449549108213,0.7716583277486705
0.015,1450,0.1,2.95,0.33549403349282386,0.25,0.25,0.33549403349282386,1.0,1.0,0.40203411838201836,0.46111449549108213,0.7275720819305977
0.015,1450,0.1,3.0,0.2908043984401558,0.25,0.25,0.2908043984401558,1.0,1.0,0.40203411838201836,0.46111449549108213,0.630655512424202
0.015,1450,0.1,3.1,0.44204475655722986,0.1666666666666667,0.25,0.29469650437148665,0.6666666666666669,1.4999999999999996,0.40203411838201836,0.46111449549108213,0.6390961621313551
0.015,1450,0.1,3.2,0.3044641166069505,0.1944444444444445,0.25,0.23680542402762825,0.777777777777778,1.2857142857142854,0.40203411838201836,0.46111449549108213,0.5135501623635426
0.015,1450,0.1,3.3,0.25196075269895807,0.22222222222222218,0.25,0.22396511351018492,0.8888888888888887,1.1250000000000002,0.40203411838201836,0.46111449549108213,0.48570391020057696
0.015,1450,0.1,3.4,0.23932619546546108,0.25,0.25,0.23932619546546108,1.0,1.0,0.40203411838201836,0.46111449549108213,0.5190168554787703
0.015,1450,0.1,3.45,0.2021694779394788,0.25,0.25,0.2021694779394788,1.0,1.0,0.40203411838201836,0.46111449549108213,0.4384366137181838
0.015,1450,0.1,3.5,0.22786764640880514,0.25,0.25,0.22786764640880514,1.0,1.0,0.40203411838201836,0.46111449549108213,0.49416717244190833
0.015,1450,0.1,3.55,0.23660539512065612,0.25,0.25,0.23660539512065612,1.0,1.0,0.40203411838201836,0.46111449549108213,0.5131163679178505
0.015,1450,0.1,3.6,0.24553145152929104,0.25,0.25,0.24553145152929104,1.0,1.0,0.40203411838201836,0.46111449549108213,0.5324739385340784
0.015,1450,0.1,3.65,0.23386412006060883,0.25,0.25,0.23386412006060883,1.0,1.0,0.40203411838201836,0.46111449549108213,0.5071714776859183
0.015,1450,0.1,3.7,0.25617463480718444,0.25,0.25,0.25617463480718444,1.0,1.0,0.40203411838201836,0.46111449549108213,0.5555553714145575
0.015,1450,0.1,3.75,0.2562361139555946,0.25,0.25,0.2562361139555946,1.0,1.0,0.40203411838201836,0.46111449549108213,0.5556886987096465
0.015,1450,0.1,3.8,0.26087810423546687,0.25,0.25,0.26087810423546687,1.0,1.0,0.40203411838201836,0.46111449549108213,0.5657555916944975
0.015,1450,0.1,3.85,0.25759530489423044,0.25,0.25,0.25759530489423044,1.0,1.0,0.40203411838201836,0.46111449549108213,0.5586363200746793
0.015,1450,0.1,3.9,0.27777066369725134,0.25,0.25,0.27777066369725134,1.0,1.0,0.40203411838201836,0.46111449549108213,0.6023897891161033
0.015,1450,0.1,4.0,0.2679238768071327,0.25,0.25,0.2679238768071327,1.0,1.0,0.40203411838201836,0.46111449549108213,0.5810354682556587
0.015,1450,0.1,4.1,0.2776084650886443,0.25,0.25,0.2776084650886443,1.0,1.0,0.40203411838201836,0.46111449549108213,0.6020380356791737
0.015,1450,0.1,4.2,0.25593915508364756,0.25,0.24556180000000039,0.2605649118507512,1.018073658036387,0.9822472000000015,0.40203411838201836,0.46111449549108213,0.5650763842790331
0.015,2900,0.05,1.5,0.16970343572070154,0.5555555555555556,0.5424700000000002,0.1737970514710506,1.0241221736788308,0.9764460000000004,0.4140256530727771,0.43956558580814714,0.3953836630579767
0.015,2900,0.05,1.6,0.1622179846333685,0.777777777777778,0.7594578000000007,0.16613107878243,1.024122443377074,0.9764457428571435,0.4140256530727771,0.43956558580814714,0.3779437793725271
0.015,2900,0.05,1.7,0.18282861499039874,1.0,0.9764456000000004,0.1872389152968672,1.0241225932094933,0.9764456000000004,0.4140256530727771,0.43956558580814714,0.42596354524120894
0.015,2900,0.05,1.75,0.21856732944401144,1.0,1.0,0.21856732944401144,1.0,1.0,0.4140256530727771,0.43956558580814714,0.4972348530019076
0.015,2900,0.05,1.8,0.25737452612546563,1.0,1.0,0.25737452612546563,1.0,1.0,0.4140256530727771,0.43956558580814714,0.5855201918327595
0.015,2900,0.05,1.85,0.3301016997317594,1.0,1.0,0.3301016997317594,1.0,1.0,0.4140256530727771,0.43956558580814714,0.7509725747179754
0.015,2900,0.05,1.9,0.3548862787348902,1.0,1.0,0.3548862787348902,1.0,1.0,0.4140256530727771,0.43956558580814714,0.8073568318193679
0.015,2900,0.05,1.95,0.33290420017426325,1.0,1.0,0.33290420017426325,1.0,1.0,0.4140256530727771,0.43956558580814714,0.757348188580811
0.015,2900,0.05,2.0,0.4158818014197662,1.0,1.0,0.4158818014197662,1.0,1.0,0.4140256530727771,0.43956558580814714,0.9461200213277889
0.015,2900,0.05,2.05,0.4011866965783676,1.0,1.0,0.4011866965783676,1.0,1.0,0.4140256530727771,0.43956558580814714,0.9126890492138517
0.015,2900,0.05,2.1,0.41799345224872747,1.0,1.0,0.41799345224872747,1.0,1.0,0.4140256530727771,0.43956558580814714,0.9509239707204125
0.015,2900,0.05,2.15,0.5442867154712097,0.7500000000000006,1.0,0.4082150366034075,0.7500000000000006,1.3333333333333324,0.4140256530727771,0.43956558580814714,0.9286783355728333
0.015,2900,0.05,2.2,0.91315457909632,0.4999999999999989,1.0,0.456577289548159,0.4999999999999989,2.0000000000000044,0.4140256530727771,0.43956558580814714,1.0387011729062812
0.015,2900,0.05,2.25,1.467124744807977,0.25,1.0,0.36678118620199424,0.25,4.0,0.4140256530727771,0.43956558580814714,0.834417429489304
0.015,2900,0.05,2.3,1.5570993295054438,0.25,1.0,0.38927483237636096,0.25,4.0,0.4140256530727771,0.43956558580814714,0.8855898754236504
0.015,2900,0.05,2.35,1.0922148028168723,0.25,1.0,0.2730537007042181,0.25,4.0,0.4140256530727771,0.43956558580814714,0.6211898963887386
0.015,2900,0.05,2.4,1.076541698885688,0.25,1.0,0.269135424721422,0.25,4.0,0.4140256530727771,0.43956558580814714,0.6122759228901256
0.015,2900,0.05,2.45,1.025688510861417,0.25,1.0,0.2564221277153543,0.25,4.0,0.4140256530727771,0.43956558580814714,0.5833535108166369
0.015,2900,0.05,2.5,0.8338572189079536,0.25,0.9889805000000003,0.21078707287655152,0.2527855705951735,3.955922000000001,0.4140256530727771,0.43956558580814714,0.4795349765360195
0.015,2900,0.05,2.55,0.6953537187169038,0.25,0.8155164500000005,0.21316360899798628,0.3065542086857964,3.262065800000002,0.4140256530727771,0.43956558580814714,0.4849415329138703
0.015,2900,0.05,2.6,0.7217413967266512,0.25,0.6420524000000007,0.2810290081956902,0.3893763188175914,2.568209600000003,0.4140256530727771,0.43956558580814714,0.6393335085116244
0.015,2900,0.05,2.65,0.6767453525079422,0.25,0.468588350000001,0.3610553658173217,0.5335173185590283,1.874353400000004,0.4140256530727771,0.43956558580814714,0.821391340619891
0.015,2900,0.05,2.7,0.4288556600319291,0.25,0.29512429999999945,0.3632839281888427,0.8471006962151217,1.1804971999999978,0.4140256530727771,0.43956558580814714,0.8264612606579298
0.015,2900,0.05,2.75,0.40845720803180974,0.25,0.25,0.40845720803180974,1.0,1.0,0.4140256530727771,0.43956558580814714,0.9292292691222762
0.015,2900,0.05,2.8,0.3297425614182297,0.25,0.25,0.3297425614182297,1.0,1.0,0.4140256530727771,0.43956558580814714,0.7501555446202497
0.015,2900,0.05,2.85,0.31919203181583455,0.25,0.25,0.31919203181583455,1.0,1.0,0.4140256530727771,0.43956558580814714,0.7261533707853761
0.015,2900,0.05,2.9,0.31777058524597335,0.25,0.25,0.31777058524597335,1.0,1.0,0.4140256530727771,0.43956558580814714,0.7229196176987966
0.015,2900,0.05,2.95,0.29821756264841315,0.25,0.25,0.29821756264841315,1.0,1.0,0.4140256530727771,0.43956558580814714,0.6784370120789511
0.015,2900,0.05,3.0,0.25127476005823335,0.25,0.25,0.25127476005823335,1.0,1.0,0.4140256530727771,0.43956558580814714,0.5716433864954678
0.015,2900,0.05,3.1,0.37231760179591233,0.1666666666666667,0.25,0.2482117345306083,0.6666666666666669,1.4999999999999996,0.4140256530727771,0.43956558580814714,0.5646750850029985
0.015,2900,0.05,3.2,0.31601083228882576,0.1944444444444445,0.25,0.245786202891309,0.777777777777778,1.2857142857142854,0.4140256530727771,0.43956558580814714,0.5591570651269886
0.015,2900,0.05,3.3,0.2601393770054415,0.22222222222222218,0.25,0.2312350017826146,0.8888888888888887,1.1250000000000002,0.4140256530727771,0.43956558580814714,0.5260534701721155
0.015,2900,0.05,3.4,0.2617925550455423,0.25,0.25,0.2617925550455423,1.0,1.0,0.4140256530727771,0.43956558580814714,0.595571089952898
0.015,2900,0.05,3.45,0.26015427899239646,0.25,0.25,0.26015427899239646,1.0,1.0,0.4140256530727771,0.43956558580814714,0.5918440555670421
0.015,2900,0.05,3.5,0.2410727252610323,0.25,0.25,0.2410727252610323,1.0,1.0,0.4140256530727771,0.43956558580814714,0.5484340290603436
0.015,2900,0.05,3.55,0.24946318547648355,0.25,0.25,0.24946318547648355,1.0,1.0,0.4140256530727771,0.43956558580814714,0.5675221025727986
0.015,2900,0.05,3.6,0.23972687632446305,0.25,0.25,0.23972687632446305,1.0,1.0,0.4140256530727771,0.43956558580814714,0.5453722585759803
0.015,2900,0.05,3.65,0.27011080320884806,0.25,0.25,0.27011080320884806,1.0,1.0,0.4140256530727771,0.43956558580814714,0.6144948829700709
0.015,2900,0.05,3.7,0.2904626862982384,0.25,0.25,0.2904626862982384,1.0,1.0,0.4140256530727771,0.43956558580814714,0.6607948749313914
0.015,2900,0.05,3.75,0.2836504714229576,0.25,0.25,0.2836504714229576,1.0,1.0,0.4140256530727771,0.43956558580814714,0.6452972675316755
0.015,2900,0.05,3.8,0.2963287308826845,0.25,0.25,0.2963287308826845,1.0,1.0,0.4140256530727771,0.43956558580814714,0.6741399701204548
0.015,2900,0.05,3.85,0.32881723168256805,0.25,0.25,0.32881723168256805,1.0,1.0,0.4140256530727771,0.43956558580814714,0.7480504441175331
0.015,2900,0.05,3.9,0.3291384640965604,0.25,0.25,0.3291384640965604,1.0,1.0,0.4140256530727771,0.43956558580814714,0.7487812393034249
0.015,2900,0.05,4.0,0.3297286439708733,0.25,0.25,0.3297286439708733,1.0,1.0,0.4140256530727771,0.43956558580814714,0.7501238827982014
0.015,2900,0.05,4.1,0.31019983359248704,0.25,0.25,0.31019983359248704,1.0,1.0,0.4140256530727771,0.43956558580814714,0.7056963593320904
0.015,2900,0.05,4.2,0.33958356438459736,0.25,0.24556180000000039,0.3457210816020619,1.0180736580363867,0.9822472000000015,0.4140256530727771,0.43956558580814714,0.7865062524547938
0.02,483,0.3,1.5,0.17272792891546535,0.5555555555555556,0.5424700000000002,0.17689450201594895,1.0241221736788308,0.9764460000000004,0.7796644302854394,0.8494080085367041,0.2082562210835396
0.02,483,0.3,1.6,0.13171457500706402,0.777777777777778,0.7594578000000007,0.1348918523846073,1.0241224433770741,0.9764457428571435,0.7796644302854394,0.8494080085367041,0.15880689966296502
0.02,483,0.3,1.7,0.12140795392022716,1.0,0.9764456000000004,0.1243366286050417,1.0241225932094933,0.9764456000000004,0.7796644302854394,0.8494080085367041,0.14638033472187229
0.02,483,0.3,1.75,0.13056148238048612,1.0,1.0,0.13056148238048612,1.0,1.0,0.7796644302854394,0.8494080085367041,0.1537087960889462
0.02,483,0.3,1.8,0.14980246194698432,1.0,1.0,0.14980246194698432,1.0,1.0,0.7796644302854394,0.8494080085367041,0.17636101901729498
0.02,483,0.3,1.85,0.1723271961962355,1.0,1.0,0.1723271961962355,1.0,1.0,0.7796644302854394,0.8494080085367041,0.20287917521887716
0.02,483,0.3,1.9,0.18785851804189105,1.0,1.0,0.18785851804189105,1.0,1.0,0.7796644302854394,0.8494080085367041,0.22116405326283597
0.02,483,0.3,1.95,0.18924578808409834,1.0,1.0,0.18924578808409834,1.0,1.0,0.7796644302854394,0.8494080085367041,0.22279727313863767
0.02,483,0.3,2.0,0.20455724347631493,1.0,1.0,0.20455724347631493,1.0,1.0,0.7796644302854394,0.8494080085367041,0.24082330449027753
0.02,483,0.3,2.05,0.24618613736145387,1.0,1.0,0.24618613736145387,1.0,1.0,0.7796644302854394,0.8494080085367041,0.2898326068123195
0.02,483,0.3,2.1,0.2538332808337066,1.0,1.0,0.2538332808337066,1.0,1.0,0.7796644302854394,0.8494080085367041,0.2988355163627329
0.02,483,0.3,2.15,0.3403689589135625,0.7500000000000006,1.0,0.2552767191851721,0.7500000000000007,1.3333333333333324,0.7796644302854394,0.8494080085367041,0.3005348626568091
0.02,483,0.3,2.2,0.5684605576203712,0.4999999999999989,1.0,0.284230278810185,0.49999999999999895,2.0000000000000044,0.7796644302854394,0.8494080085367041,0.33462161405781354
0.02,483,0.3,2.25,1.186322338360375,0.25,1.0,0.29658058459009373,0.25,4.0,0.7796644302854394,0.8494080085367041,0.3491615120288545
0.02,483,0.3,2.3,1.1044982050586543,0.25,1.0,0.27612455126466356,0.25,4.0,0.7796644302854394,0.8494080085367041,0.32507881782319203
0.02,483,0.3,2.35,1.197857926269439,0.25,1.0,0.2994644815673598,0.25,4.0,0.7796644302854394,0.8494080085367041,0.3525566966142155
0.02,483,0.3,2.4,1.1665920270231687,0.25,1.0,0.29164800675579217,0.25,4.0,0.7796644302854394,0.8494080085367041,0.34335443488250283
0.02,483,0.3,2.45,1.119623837164252,0.25,1.0,0.279905959291063,0.25,4.0,0.7796644302854394,0.8494080085367041,0.3295306336624537
0.02,483,0.3,2.5,1.0587569097251983,0.25,0.9889805000000003,0.2676384695464668,0.2527855705951735,3.955922000000001,0.7796644302854394,0.8494080085367041,0.31508823422507415
0.02,483,0.3,2.55,1.0937094432994228,0.25,0.8155164500000005,0.33528123292283746,0.3065542086857964,3.262065800000002,0.7796644302854394,0.8494080085367041,0.3947234186082548
0.02,483,0.3,2.6,1.058503729394044,0.25,0.6420524000000007,0.41215628560614476,0.3893763188175914,2.568209600000003,0.7796644302854394,0.8494080085367041,0.48522768971318797
0.02,483,0.3,2.65,1.0379494614826719,0.25,0.468588350000001,0.5537640134900226,0.5335173185590284,1.874353400000004,0.7796644302854394,0.8494080085367041,0.6519411259660777
0.02,483,0.3,2.7,1.0096841894651274,0.25,0.29512429999999945,0.8553041798533103,0.8471006962151217,1.1804971999999978,0.7796644302854394,0.8494080085367041,1.0069415066226697
0.02,483,0.3,2.75,0.8206981245277305,0.25,0.25,0.8206981245277305,1.0,1.0,0.7796644302854394,0.8494080085367041,0.9662001255928434
0.02,483,0.3,2.8,0.9194523239071927,0.25,0.25,0.9194523239071927,1.0,1.0,0.7796644302854394,0.8494080085367041,1.0824625087902757
0.02,483,0.3,2.85,0.6329707734737726,0.25,0.25,0.6329707734737726,1.0,1.0,0.7796644302854394,0.8494080085367041,0.7451904939820462
0.02,483,0.3,2.9,0.656563347558566,0.25,0.25,0.656563347558566,1.0,1.0,0.7796644302854394,0.8494080085367041,0.772965807903841
0.02,483,0.3,2.95,0.5628565797246671,0.25,0.25,0.5628565797246671,1.0,1.0,0.7796644302854394,0.8494080085367041,0.6626457180387478
0.02,483,0.3,3.0,0.5436188868219923,0.25,0.25,0.5436188868219923,1.0,1.0,0.7796644302854394,0.8494080085367041,0.639997364468576
0.02,483,0.3,3.1,0.8027771290677164,0.1666666666666667,0.25,0.5351847527118111,0.6666666666666669,1.4999999999999996,0.7796644302854394,0.8494080085367041,0.6300679382971524
0.02,483,0.3,3.2,0.6084090428762853,0.1944444444444445,0.25,0.473207033348222,0.777777777777778,1.2857142857142854,0.7796644302854394,0.8494080085367041,0.5571021565518641
0.02,483,0.3,3.3,0.514633244668946,0.22222222222222218,0.25,0.45745177303906304,0.8888888888888887,1.1250000000000002,0.7796644302854394,0.8494080085367041,0.5385536378767212
0.02,483,0.3,3.4,0.4083594976289157,0.25,0.25,0.4083594976289157,1.0,1.0,0.7796644302854394,0.8494080085367041,0.4807577672035452
0.02,483,0.3,3.45,0.3898689595422709,0.25,0.25,0.3898689595422709,1.0,1.0,0.7796644302854394,0.8494080085367041,0.4589890319187215
0.02,483,0.3,3.5,0.28385577247401367,0.25,0.25,0.28385577247401367,1.0,1.0,0.7796644302854394,0.8494080085367041,0.334180711296823
0.02,483,0.3,3.55,0.373887734028263,0.25,0.25,0.373887734028263,1.0,1.0,0.7796644302854394,0.8494080085367041,0.44017448654901253
0.02,483,0.3,3.6,0.2835282214433174,0.25,0.25,0.2835282214433174,1.0,1.0,0.7796644302854394,0.8494080085367041,0.3337950885720496
0.02,483,0.3,3.65,0.3270176686957616,0.25,0.25,0.3270176686957616,1.0,1.0,0.7796644302854394,0.8494080085367041,0.3849948027439992
0.02,483,0.3,3.7,0.31459181187431445,0.25,0.25,0.31459181187431445,1.0,1.0,0.7796644302854394,0.8494080085367041,0.3703659592476288
0.02,483,0.3,3.75,0.2758886364835739,0.25,0.25,0.2758886364835739,1.0,1.0,0.7796644302854394,0.8494080085367041,0.32480107758679366
0.02,483,0.3,3.8,0.3021131487662975,0.25,0.25,0.3021131487662975,1.0,1.0,0.7796644302854394,0.8494080085367041,0.35567494741043854
0.02,483,0.3,3.85,0.30800439201393565,0.25,0.25,0.30800439201393565,1.0,1.0,0.7796644302854394,0.8494080085367041,0.3626106522642073
0.02,483,0.3,3.9,0.2984655099194074,0.25,0.25,0.2984655099194074,1.0,1.0,0.7796644302854394,0.8494080085367041,0.3513806167587014
0.02,483,0.3,4.0,0.2773091445739969,0.25,0.25,0.2773091445739969,1.0,1.0,0.7796644302854394,0.8494080085367041,0.32647342830181714
0.02,483,0.3,4.1,0.3080095423115432,0.25,0.25,0.3080095423115432,1.0,1.0,0.7796644302854394,0.8494080085367041,0.36261671566077974
0.02,483,0.3,4.2,0.3034418581536414,0.25,0.24556180000000039,0.3089261625318361,1.0180736580363867,0.9822472000000015,0.7796644302854394,0.8494080085367041,0.3636958439608201
0.02,580,0.25,1.5,0.1881204757076064,0.5555555555555556,0.5424700000000002,0.19265835049516955,1.0241221736788308,0.9764460000000004,0.8035346668268392,0.8398183654686961,0.2294047837208804
0.02,580,0.25,1.6,0.15326459115583427,0.777777777777778,0.7594578000000007,0.15696170757770128,1.0241224433770741,0.9764457428571435,0.8035346668268392,0.8398183654686961,0.18689958928214456
0.02,580,0.25,1.7,0.13433021760770406,1.0,0.9764456000000004,0.13757061080279742,1.0241225932094933,0.9764456000000004,0.8035346668268392,0.8398183654686961,0.16380995755673947
0.02,580,0.25,1.75,0.1404684535663153,1.0,1.0,0.1404684535663153,1.0,1.0,0.8035346668268392,0.8398183654686961,0.16726051649027815
0.02,580,0.25,1.8,0.15577712803988325,1.0,1.0,0.15577712803988325,1.0,1.0,0.8035346668268392,0.8398183654686961,0.1854890705479455
0.02,580,0.25,1.85,0.17904474136613807,1.0,1.0,0.17904474136613807,1.0,1.0,0.8035346668268392,0.8398183654686961,0.21319460103282523
0.02,580,0.25,1.9,0.19010484301763692,1.0,1.0,0.19010484301763692,1.0,1.0,0.8035346668268392,0.8398183654686961,0.22636423640430972
0.02,580,0.25,1.95,0.233826438044297,1.0,1.0,0.233826438044297,1.0,1.0,0.8035346668268392,0.8398183654686961,0.27842501147709514
0.02,580,0.25,2.0,0.2387532240701874,1.0,1.0,0.2387532240701874,1.0,1.0,0.8035346668268392,0.8398183654686961,0.2842915014569145
0.02,580,0.25,2.05,0.26036585124069056,1.0,1.0,0.26036585124069056,1.0,1.0,0.8035346668268392,0.8398183654686961,0.3100263842115222
0.02,580,0.25,2.1,0.2861749252733657,1.0,1.0,0.2861749252733657,1.0,1.0,0.8035346668268392,0.8398183654686961,0.3407581175170582
0.02,580,0.25,2.15,0.39876606318592783,0.7500000000000006,1.0,0.2990745473894461,0.7500000000000006,1.3333333333333324,0.8035346668268392,0.8398183654686961,0.35611813183263136
0.02,580,0.25,2.2,0.5904240873516512,0.4999999999999989,1.0,0.29521204367582493,0.4999999999999989,2.0000000000000044,0.8035346668268392,0.8398183654686961,0.3515189186307796
0.02,580,0.25,2.25,1.217198447209097,0.25,1.0,0.3042996118022743,0.25,4.0,0.8035346668268392,0.8398183654686961,0.36233979192923105
0.02,580,0.25,2.3,1.2262362844509895,0.25,1.0,0.3065590711127474,0.25,4.0,0.8035346668268392,0.8398183654686961,0.36503020619423954
0.02,580,0.25,2.35,1.2953605666099721,0.25,1.0,0.32384014165249303,0.25,4.0,0.8035346668268392,0.8398183654686961,0.3856073586480338
0.02,580,0.25,2.4,1.3071266437937332,0.25,1.0,0.3267816609484333,0.25,4.0,0.8035346668268392,0.8398183654686961,0.38910992469908534
0.02,580,0.25,2.45,1.1283272170967555,0.25,1.0,0.2820818042741889,0.25,4.0,0.8035346668268392,0.8398183654686961,0.3358843005496328
0.02,580,0.25,2.5,1.1356299360907596,0.25,0.9889805000000003,0.28707086137966303,0.2527855705951735,3.955922000000001,0.8035346668268392,0.8398183654686961,0.34182493880025
0.02,580,0.25,2.55,1.0182658602374812,0.25,0.8155164500000005,0.3121536850168628,0.3065542086857964,3.262065800000002,0.8035346668268392,0.8398183654686961,0.3716919013108891
0.02,580,0.25,2.6,0.9081400398402314,0.25,0.6420524000000007,0.3536082256838501,0.3893763188175914,2.568209600000003,0.8035346668268392,0.8398183654686961,0.42105321843789884
0.02,580,0.25,2.65,0.9718037831872548,0.25,0.468588350000001,0.5184741485715836,0.5335173185590284,1.874353400000004,0.8035346668268392,0.8398183654686961,0.6173646229827651
0.02,580,0.25,2.7,0.9115145006144868,0.25,0.29512429999999945,0.7721445680807109,0.8471006962151219,1.1804971999999978,0.8035346668268392,0.8398183654686961,0.9194185312317895
0.02,580,0.25,2.75,0.9055080457805521,0.25,0.25,0.9055080457805521,1.0,1.0,0.8035346668268392,0.8398183654686961,1.07821891377095
0.02,580,0.25,2.8,0.8246904509720675,0.25,0.25,0.8246904509720675,1.0,1.0,0.8035346668268392,0.8398183654686961,0.9819866829321053
0.02,580,0.25,2.85,0.8139980330755486,0.25,0.25,0.8139980330755486,1.0,1.0,0.8035346668268392,0.8398183654686961,0.9692548609856402
0.02,580,0.25,2.9,0.5938130576628958,0.25,0.25,0.5938130576628958,1.0,1.0,0.8035346668268392,0.8398183654686961,0.7070731982998412
0.02,580,0.25,2.95,0.6479775779974274,0.25,0.25,0.6479775779974274,1.0,1.0,0.8035346668268392,0.8398183654686961,0.7715687160946952
0.02,580,0.25,3.0,0.5565906341415404,0.25,0.25,0.5565906341415404,1.0,1.0,0.8035346668268392,0.8398183654686961,0.6627512055311049
0.02,580,0.25,3.1,0.7887814144029186,0.1666666666666667,0.25,0.5258542762686126,0.6666666666666669,1.4999999999999996,0.8035346668268392,0.8398183654686961,0.6261523894814296
0.02,580,0.25,3.2,0.49838962216327176,0.1944444444444445,0.25,0.3876363727936559,0.777777777777778,1.2857142857142854,0.8035346668268392,0.8398183654686961,0.4615716787490341
0.02,580,0.25,3.3,0.39078493834570294,0.22222222222222218,0.25,0.34736438964062477,0.8888888888888887,1.1250000000000002,0.8035346668268392,0.8398183654686961,0.4136184726643402
0.02,580,0.25,3.4,0.3464266880528704,0.25,0.25,0.3464266880528704,1.0,1.0,0.8035346668268392,0.8398183654686961,0.412501919816355
0.02,580,0.25,3.45,0.3489560823530582,0.25,0.25,0.3489560823530582,1.0,1.0,0.8035346668268392,0.8398183654686961,0.4155137547608982
0.02,580,0.25,3.5,0.41783011917661667,0.25,0.25,0.41783011917661667,1.0,1.0,0.8035346668268392,0.8398183654686961,0.4975243890307506
0.02,580,0.25,3.55,0.3169822514669207,0.25,0.25,0.3169822514669207,1.0,1.0,0.8035346668268392,0.8398183654686961,0.3774414379352318
0.02,580,0.25,3.6,0.3023567721672966,0.25,0.25,0.3023567721672966,1.0,1.0,0.8035346668268392,0.8398183654686961,0.36002638737074255
0.02,580,0.25,3.65,0.2754929773622746,0.25,0.25,0.2754929773622746,1.0,1.0,0.8035346668268392,0.8398183654686961,0.32803876253471087
0.02,580,0.25,3.7,0.312320950974202,0.25,0.25,0.312320950974202,1.0,1.0,0.8035346668268392,0.8398183654686961,0.37189107051725173
0.02,580,0.25,3.75,0.2964654083186553,0.25,0.25,0.2964654083186553,1.0,1.0,0.8035346668268392,0.8398183654686961,0.35301134210514706
0.02,580,0.25,3.8,0.2943092085416868,0.25,0.25,0.2943092085416868,1.0,1.0,0.8035346668268392,0.8398183654686961,0.35044388244288405
0.02,580,0.25,3.85,0.27557009294689394,0.25,0.25,0.27557009294689394,1.0,1.0,0.8035346668268392,0.8398183654686961,0.32813058665739037
0.02,580,0.25,3.9,0.2606891698125616,0.25,0.25,0.2606891698125616,1.0,1.0,0.8035346668268392,0.8398183654686961,0.310411370519473
0.02,580,0.25,4.0,0.2924370904624867,0.25,0.25,0.2924370904624867,1.0,1.0,0.8035346668268392,0.8398183654686961,0.34821468842168013
0.02,580,0.25,4.1,0.270705043375619,0.25,0.25,0.270705043375619,1.0,1.0,0.8035346668268392,0.8398183654686961,0.3223376083524211
0.02,580,0.25,4.2,0.24035190680108984,0.25,0.24556180000000039,0.24469594497300626,1.018073658036387,0.9822472000000015,0.8035346668268392,0.8398183654686961,0.2913676992958392
0.02,725,0.2,1.5,0.1774147503821339,0.5555555555555556,0.5424700000000002,0.18169437980403816,1.0241221736788308,0.9764460000000004,0.6442197682105388,0.7691934452563288,0.23621415513166477
0.02,725,0.2,1.6,0.14810769229731957,0.777777777777778,0.7594578000000007,0.15168041171847077,1.0241224433770741,0.9764457428571435,0.6442197682105388,0.7691934452563288,0.19719410332198584
0.02,725,0.2,1.7,0.14426507683291126,1.0,0.9764456000000004,0.14774512459568787,1.0241225932094933,0.9764456000000004,0.6442197682105388,0.7691934452563288,0.19207798182218355
0.02,725,0.2,1.75,0.15165750861395688,1.0,1.0,0.15165750861395688,1.0,1.0,0.6442197682105388,0.7691934452563288,0.19716432784137672
0.02,725,0.2,1.8,0.1698942830555989,1.0,1.0,0.1698942830555989,1.0,1.0,0.6442197682105388,0.7691934452563288,0.22087328500177572
0.02,725,0.2,1.85,0.20651945184396386,1.0,1.0,0.20651945184396386,1.0,1.0,0.6442197682105388,0.7691934452563288,0.26848831476345014
0.02,725,0.2,1.9,0.24249612611015567,1.0,1.0,0.24249612611015567,1.0,1.0,0.6442197682105388,0.7691934452563288,0.3152602607388904
0.02,725,0.2,1.95,0.2821556981401818,1.0,1.0,0.2821556981401818,1.0,1.0,0.6442197682105388,0.7691934452563288,0.36682020612663335
0.02,725,0.2,2.0,0.28015592926344,1.0,1.0,0.28015592926344,1.0,1.0,0.6442197682105388,0.7691934452563288,0.3642203804402933
0.02,725,0.2,2.05,0.3178358030659649,1.0,1.0,0.3178358030659649,1.0,1.0,0.6442197682105388,0.7691934452563288,0.413206593251777
0.02,725,0.2,2.1,0.3218411495443322,1.0,1.0,0.3218411495443322,1.0,1.0,0.6442197682105388,0.7691934452563288,0.4184137963332237
0.02,725,0.2,2.15,0.4556549359713414,0.7500000000000006,1.0,0.34174120197850627,0.7500000000000006,1.3333333333333324,0.6442197682105388,0.7691934452563288,0.44428511980445073
0.02,725,0.2,2.2,0.7375680375934829,0.4999999999999989,1.0,0.3687840187967406,0.4999999999999989,2.0000000000000044,0.6442197682105388,0.7691934452563288,0.4794424875446588
0.02,725,0.2,2.25,1.5590089559774658,0.25,1.0,0.38975223899436645,0.25,4.0,0.6442197682105388,0.7691934452563288,0.5067024964890126
0.02,725,0.2,2.3,1.2990324776194708,0.25,1.0,0.3247581194048677,0.25,4.0,0.6442197682105388,0.7691934452563288,0.4222060411560633
0.02,725,0.2,2.35,1.3712831458175156,0.25,1.0,0.3428207864543789,0.25,4.0,0.6442197682105388,0.7691934452563288,0.44568864772389744
0.02,725,0.2,2.4,1.267582302282109,0.25,1.0,0.3168955755705273,0.25,4.0,0.6442197682105388,0.7691934452563288,0.4119842381976147
0.02,725,0.2,2.45,1.3221073926244014,0.25,1.0,0.33052684815610034,0.25,4.0,0.6442197682105388,0.7691934452563288,0.4297057524274071
0.02,725,0.2,2.5,1.1811971129544876,0.25,0.9889805000000003,0.2985895861835717,0.2527855705951734,3.955922000000001,0.6442197682105388,0.7691934452563288,0.3881852972421893
0.02,725,0.2,2.55,1.1152750875794208,0.25,0.8155164500000005,0.34189227193989163,0.3065542086857964,3.262065800000002,0.6442197682105388,0.7691934452563288,0.44448152028383214
0.02,725,0.2,2.6,0.9047613654011148,0.25,0.6420524000000007,0.3522926498682638,0.3893763188175914,2.568209600000003,0.6442197682105388,0.7691934452563288,0.45800266765256237
0.02,725,0.2,2.65,0.8188684414684668,0.25,0.468588350000001,0.4368804951448671,0.5335173185590284,1.874353400000004,0.6442197682105388,0.7691934452563288,0.5679722023622802
0.02,725,0.2,2.7,0.7605039740003129,0.25,0.29512429999999945,0.6442234458500319,0.8471006962151217,1.1804971999999978,0.6442197682105388,0.7691934452563288,0.8375311175920753
0.02,725,0.2,2.75,0.9299955237399659,0.25,0.25,0.9299955237399659,1.0,1.0,0.6442197682105388,0.7691934452563288,1.2090528455167098
0.02,725,0.2,2.8,0.6328125447071137,0.25,0.25,0.6328125447071137,1.0,1.0,0.6442197682105388,0.7691934452563288,0.8226962263000472
0.02,725,0.2,2.85,0.7368125167033129,0.25,0.25,0.7368125167033129,1.0,1.0,0.6442197682105388,0.7691934452563288,0.9579027502734047
0.02,725,0.2,2.9,0.6442087352920598,0.25,0.25,0.6442087352920598,1.0,1.0,0.6442197682105388,0.7691934452563288,0.8375119929387611
0.02,725,0.2,2.95,0.5695546739794222,0.25,0.25,0.5695546739794222,1.0,1.0,0.6442197682105388,0.7691934452563288,0.7404570040110283
0.02,725,0.2,3.0,0.5737118942374465,0.25,0.25,0.5737118942374465,1.0,1.0,0.6442197682105388,0.7691934452563288,0.7458616525863149
0.02,725,0.2,3.1,0.7288101444974021,0.1666666666666667,0.25,0.48587342966493485,0.6666666666666669,1.4999999999999996,0.6442197682105388,0.7691934452563288,0.6316661077409735
0.02,725,0.2,3.2,0.5299197192658253,0.1944444444444445,0.25,0.41215978165119754,0.777777777777778,1.2857142857142854,0.6442197682105388,0.7691934452563288,0.5358337154236252
0.02,725,0.2,3.3,0.4593993767336244,0.22222222222222218,0.25,0.4083550015409994,0.8888888888888887,1.1250000000000002,0.6442197682105388,0.7691934452563288,0.5308872612726409
0.02,725,0.2,3.4,0.362711024147969,0.25,0.25,0.362711024147969,1.0,1.0,0.6442197682105388,0.7691934452563288,0.47154721141324585
0.02,725,0.2,3.45,0.308450530225414,0.25,0.25,0.308450530225414,1.0,1.0,0.6442197682105388,0.7691934452563288,0.4010051465306297
0.02,725,0.2,3.5,0.29531020536220487,0.25,0.25,0.29531020536220487,1.0,1.0,0.6442197682105388,0.7691934452563288,0.38392189530917625
0.02,725,0.2,3.55,0.30849738500753293,0.25,0.25,0.30849738500753293,1.0,1.0,0.6442197682105388,0.7691934452563288,0.401066060703011
0.02,725,0.2,3.6,0.30066207984222443,0.25,0.25,0.30066207984222443,1.0,1.0,0.6442197682105388,0.7691934452563288,0.39087966973253485
0.02,725,0.2,3.65,0.3019446036541994,0.25,0.25,0.3019446036541994,1.0,1.0,0.6442197682105388,0.7691934452563288,0.3925470315904451
0.02,725,0.2,3.7,0.28902659608393433,0.25,0.25,0.28902659608393433,1.0,1.0,0.6442197682105388,0.7691934452563288,0.3757528068737222
0.02,725,0.2,3.75,0.2842999729475902,0.25,0.25,0.2842999729475902,1.0,1.0,0.6442197682105388,0.7691934452563288,0.3696078986383575
0.02,725,0.2,3.8,0.30170422249701984,0.25,0.25,0.30170422249701984,1.0,1.0,0.6442197682105388,0.7691934452563288,0.3922345209227294
0.02,725,0.2,3.85,0.2894587359511025,0.25,0.25,0.2894587359511025,1.0,1.0,0.6442197682105388,0.7691934452563288,0.3763146159606732
0.02,725,0.2,3.9,0.2901236488396576,0.25,0.25,0.2901236488396576,1.0,1.0,0.6442197682105388,0.7691934452563288,0.37717904465888386
0.02,725,0.2,4.0,0.29284191297217704,0.25,0.25,0.29284191297217704,1.0,1.0,0.6442197682105388,0.7691934452563288,0.38071295950083056
0.02,725,0.2,4.1,0.28396667922977065,0.25,0.25,0.28396667922977065,1.0,1.0,0.6442197682105388,0.7691934452563288,0.3691745957808319
0.02,725,0.2,4.2,0.27278704026475703,0.25,0.24556180000000039,0.2777172999472603,1.0180736580363867,0.9822472000000015,0.6442197682105388,0.7691934452563288,0.361050008499114
0.02,967,0.15,1.5,0.20182849708100176,0.5555555555555556,0.5424700000000002,0.20669703914092707,1.0241221736788308,0.9764460000000004,0.6771452950920376,0.6771452950920376,0.30524769298268967
0.02,967,0.15,1.6,0.1585000790113647,0.777777777777778,0.7594578000000007,0.1623234881925781,1.024122443377074,0.9764457428571435,0.6771452950920376,0.6771452950920376,0.23971736844234456
0.02,967,0.15,1.7,0.16208712595852057,1.0,0.9764456000000004,0.16599708776251387,1.0241225932094933,0.9764456000000004,0.6771452950920376,0.6771452950920376,0.24514249595421253
0.02,967,0.15,1.75,0.1923390758601078,1.0,1.0,0.1923390758601078,1.0,1.0,0.6771452950920376,0.6771452950920376,0.2840440260815296
0.02,967,0.15,1.8,0.22338626820105095,1.0,1.0,0.22338626820105095,1.0,1.0,0.6771452950920376,0.6771452950920376,0.3298941450530027
0.02,967,0.15,1.85,0.23807240185340078,1.0,1.0,0.23807240185340078,1.0,1.0,0.6771452950920376,0.6771452950920376,0.35158244999847776
0.02,967,0.15,1.9,0.2614614782329608,1.0,1.0,0.2614614782329608,1.0,1.0,0.6771452950920376,0.6771452950920376,0.3861231557363519
0.02,967,0.15,1.95,0.2951683387255826,1.0,1.0,0.2951683387255826,1.0,1.0,0.6771452950920376,0.6771452950920376,0.43590104053733897
0.02,967,0.15,2.0,0.32996713249369564,1.0,1.0,0.32996713249369564,1.0,1.0,0.6771452950920376,0.6771452950920376,0.4872914792221166
0.02,967,0.15,2.05,0.34152746040546245,1.0,1.0,0.34152746040546245,1.0,1.0,0.6771452950920376,0.6771452950920376,0.5043636319721339
0.02,967,0.15,2.1,0.34918127362294915,1.0,1.0,0.34918127362294915,1.0,1.0,0.6771452950920376,0.6771452950920376,0.5156666909654721
0.02,967,0.15,2.15,0.49894576829730236,0.7500000000000006,1.0,0.37420932622297703,0.7500000000000006,1.3333333333333324,0.6771452950920376,0.6771452950920376,0.552627817006562
0.02,967,0.15,2.2,0.7969058317394423,0.4999999999999989,1.0,0.39845291586972026,0.4999999999999989,2.0000000000000044,0.6771452950920376,0.6771452950920376,0.5884304576251431
0.02,967,0.15,2.25,1.5230859312593958,0.25,1.0,0.38077148281484896,0.25,4.0,0.6771452950920376,0.6771452950920376,0.5623187306693086
0.02,967,0.15,2.3,1.4383059796749507,0.25,1.0,0.35957649491873767,0.25,4.0,0.6771452950920376,0.6771452950920376,0.5310182283255236
0.02,967,0.15,2.35,1.4565903537103353,0.25,1.0,0.3641475884275838,0.25,4.0,0.6771452950920376,0.6771452950920376,0.5377687640554143
0.02,967,0.15,2.4,1.469716528743188,0.25,1.0,0.367429132185797,0.25,4.0,0.6771452950920376,0.6771452950920376,0.5426149082758612
0.02,967,0.15,2.45,1.283807910760751,0.25,1.0,0.32095197769018774,0.25,4.0,0.6771452950920376,0.6771452950920376,0.4739780074032176
0.02,967,0.15,2.5,1.1793164234972304,0.25,0.9889805000000003,0.2981141750260066,0.2527855705951735,3.955922000000001,0.6771452950920376,0.6771452950920376,0.44025141603544177
0.02,967,0.15,2.55,1.089842557989603,0.25,0.8155164500000005,0.3340958229566069,0.3065542086857964,3.262065800000002,0.6771452950920376,0.6771452950920376,0.49338867947269216
0.02,967,0.15,2.6,0.8934988660586624,0.25,0.6420524000000007,0.3479072993336141,0.3893763188175914,2.568209600000003,0.6771452950920376,0.6771452950920376,0.5137853011093085
0.02,967,0.15,2.65,0.7932422116741968,0.25,0.468588350000001,0.4232084577402507,0.5335173185590284,1.874353400000004,0.6771452950920376,0.6771452950920376,0.6249891431095718
0.02,967,0.15,2.7,0.8010224078304188,0.25,0.29512429999999945,0.6785466393570609,0.8471006962151217,1.1804971999999978,0.6771452950920376,0.6771452950920376,1.0020694882991588
0.02,967,0.15,2.75,0.7119928818515864,0.25,0.25,0.7119928818515864,1.0,1.0,0.6771452950920376,0.6771452950920376,1.051462495585696
0.02,967,0.15,2.8,0.6729412622969674,0.25,0.25,0.6729412622969674,1.0,1.0,0.6771452950920376,0.6771452950920376,0.9937915351025236
0.02,967,0.15,2.85,0.6949633883001741,0.25,0.25,0.6949633883001741,1.0,1.0,0.6771452950920376,0.6771452950920376,1.0263135450209615
0.02,967,0.15,2.9,0.44443067915783,0.25,0.25,0.44443067915783,1.0,1.0,0.6771452950920376,0.6771452950920376,0.6563298635892065
0.02,967,0.15,2.95,0.4782614196004671,0.25,0.25,0.4782614196004671,1.0,1.0,0.6771452950920376,0.6771452950920376,0.7062906928053924
0.02,967,0.15,3.0,0.44315271620422875,0.25,0.25,0.44315271620422875,1.0,1.0,0.6771452950920376,0.6771452950920376,0.6544425833217898
0.02,967,0.15,3.1,0.6247322347860828,0.1666666666666667,0.25,0.4164881565240553,0.6666666666666669,1.4999999999999996,0.6771452950920376,0.6771452950920376,0.6150646833741144
0.02,967,0.15,3.2,0.43688452291349955,0.1944444444444445,0.25,0.3397990733771664,0.777777777777778,1.2857142857142854,0.6771452950920376,0.6771452950920376,0.5018111708669274
0.02,967,0.15,3.3,0.3503811757844199,0.22222222222222218,0.25,0.3114499340305954,0.8888888888888887,1.1250000000000002,0.6771452950920376,0.6771452950920376,0.45994550399742956
0.02,967,0.15,3.4,0.30846593704267705,0.25,0.25,0.30846593704267705,1.0,1.0,0.6771452950920376,0.6771452950920376,0.45553877325655845
0.02,967,0.15,3.45,0.27945917710437035,0.25,0.25,0.27945917710437035,1.0,1.0,0.6771452950920376,0.6771452950920376,0.4127019402333531
0.02,967,0.15,3.5,0.30733910926042557,0.25,0.25,0.30733910926042557,1.0,1.0,0.6771452950920376,0.6771452950920376,0.4538746875862913
0.02,967,0.15,3.55,0.3227292612646476,0.25,0.25,0.3227292612646476,1.0,1.0,0.6771452950920376,0.6771452950920376,0.4766026783377152
0.02,967,0.15,3.6,0.27958894636934134,0.25,0.25,0.27958894636934134,1.0,1.0,0.6771452950920376,0.6771452950920376,0.4128935819178063
0.02,967,0.15,3.65,0.28575814725557336,0.25,0.25,0.28575814725557336,1.0,1.0,0.6771452950920376,0.6771452950920376,0.4220041833366547
0.02,967,0.15,3.7,0.29156941984076823,0.25,0.25,0.29156941984076823,1.0,1.0,0.6771452950920376,0.6771452950920376,0.43058620056001146
0.02,967,0.15,3.75,0.316254220753962,0.25,0.25,0.316254220753962,1.0,1.0,0.6771452950920376,0.6771452950920376,0.4670404166523474
0.02,967,0.15,3.8,0.2691703877643247,0.25,0.25,0.2691703877643247,1.0,1.0,0.6771452950920376,0.6771452950920376,0.3975075803011215
0.02,967,0.15,3.85,0.29436624625752206,0.25,0.25,0.29436624625752206,1.0,1.0,0.6771452950920376,0.6771452950920376,0.434716520060162
0.02,967,0.15,3.9,0.28295712169966447,0.25,0.25,0.28295712169966447,1.0,1.0,0.6771452950920376,0.6771452950920376,0.4178676625984752
0.02,967,0.15,4.0,0.30594605253108614,0.25,0.25,0.30594605253108614,1.0,1.0,0.6771452950920376,0.6771452950920376,0.45181743821981657
0.02,967,0.15,4.1,0.2893396094630295,0.25,0.25,0.2893396094630295,1.0,1.0,0.6771452950920376,0.6771452950920376,0.42729324350352677
0.02,967,0.15,4.2,0.2913817804645392,0.25,0.24556180000000039,0.29664811512268885,1.018073658036387,0.9822472000000015,0.6771452950920376,0.6771452950920376,0.4380863564626384
0.02,1450,0.1,1.5,0.22460776381553585,0.5555555555555556,0.5424700000000002,0.23002579130390802,1.0241221736788308,0.9764460000000004,0.5045154250035061,0.6032859621682598,0.38128815475363664
0.02,1450,0.1,1.6,0.18313020412956976,0.777777777777778,0.7594578000000007,0.18754775210931734,1.0241224433770741,0.9764457428571435,0.5045154250035061,0.6032859621682598,0.3108770365470716
0.02,1450,0.1,1.7,0.17680102343803655,1.0,0.9764456000000004,0.1810659226054544,1.0241225932094933,0.9764456000000004,0.5045154250035061,0.6032859621682598,0.3001328291390843
0.02,1450,0.1,1.75,0.2044285337792655,1.0,1.0,0.2044285337792655,1.0,1.0,0.5045154250035061,0.6032859621682598,0.3388584296649841
0.02,1450,0.1,1.8,0.23574336905999663,1.0,1.0,0.23574336905999663,1.0,1.0,0.5045154250035061,0.6032859621682598,0.3907655470926514
0.02,1450,0.1,1.85,0.2887166703600405,1.0,1.0,0.2887166703600405,1.0,1.0,0.5045154250035061,0.6032859621682598,0.4785734932773321
0.02,1450,0.1,1.9,0.3230830033892493,1.0,1.0,0.3230830033892493,1.0,1.0,0.5045154250035061,0.6032859621682598,0.5355387389225206
0.02,1450,0.1,1.95,0.34853863572214144,1.0,1.0,0.34853863572214144,1.0,1.0,0.5045154250035061,0.6032859621682598,0.5777337076922272
0.02,1450,0.1,2.0,0.3676586259883677,1.0,1.0,0.3676586259883677,1.0,1.0,0.5045154250035061,0.6032859621682598,0.6094267876994387
0.02,1450,0.1,2.05,0.4316503733635386,1.0,1.0,0.4316503733635386,1.0,1.0,0.5045154250035061,0.6032859621682598,0.7154987857038002
0.02,1450,0.1,2.1,0.43711646402278653,1.0,1.0,0.43711646402278653,1.0,1.0,0.5045154250035061,0.6032859621682598,0.7245593158702942
0.02,1450,0.1,2.15,0.5651747156233058,0.7500000000000006,1.0,0.4238810367174797,0.7500000000000006,1.3333333333333324,0.5045154250035061,0.6032859621682598,0.7026204209924197
0.02,1450,0.1,2.2,0.8100827213519342,0.4999999999999989,1.0,0.4050413606759662,0.4999999999999989,2.0000000000000044,0.5045154250035061,0.6032859621682598,0.6713919866794412
0.02,1450,0.1,2.25,1.5517125907093168,0.25,1.0,0.3879281476773292,0.25,4.0,0.5045154250035061,0.6032859621682598,0.6430253180151636
0.02,1450,0.1,2.3,1.5102785563581202,0.25,1.0,0.37756963908953006,0.25,4.0,0.5045154250035061,0.6032859621682598,0.6258551711240113
0.02,1450,0.1,2.35,1.5256900811086187,0.25,1.0,0.3814225202771547,0.25,4.0,0.5045154250035061,0.6032859621682598,0.6322416634829202
0.02,1450,0.1,2.4,1.5174824624552723,0.25,1.0,0.3793706156138181,0.25,4.0,0.5045154250035061,0.6032859621682598,0.6288404494782683
0.02,1450,0.1,2.45,1.2380036532693053,0.25,1.0,0.3095009133173263,0.25,4.0,0.5045154250035061,0.6032859621682598,0.513025219756406
0.02,1450,0.1,2.5,1.0908922324275225,0.25,0.9889805000000003,0.2757618154320339,0.2527855705951735,3.955922000000001,0.5045154250035061,0.6032859621682598,0.4570996720045052
0.02,1450,0.1,2.55,1.057481861582225,0.25,0.8155164500000005,0.32417551527692184,0.30655420868579636,3.262065800000002,0.5045154250035061,0.6032859621682598,0.5373496742934447
0.02,1450,0.1,2.6,0.9355988901411528,0.25,0.6420524000000007,0.3643000517329862,0.3893763188175914,2.568209600000003,0.5045154250035061,0.6032859621682598,0.6038596529308614
0.02,1450,0.1,2.65,0.8105614280389392,0.25,0.468588350000001,0.4324485596147116,0.5335173185590283,1.874353400000004,0.5045154250035061,0.6032859621682598,0.7168218502224976
0.02,1450,0.1,2.7,0.5963620446544962,0.25,0.29512429999999945,0.5051787032230972,0.8471006962151217,1.1804971999999978,0.5045154250035061,0.6032859621682598,0.8373785151695607
0.02,1450,0.1,2.75,0.6186703026058064,0.25,0.25,0.6186703026058064,1.0,1.0,0.5045154250035061,0.6032859621682598,1.0255009090253882
0.02,1450,0.1,2.8,0.5752459814358312,0.25,0.25,0.5752459814358312,1.0,1.0,0.5045154250035061,0.6032859621682598,0.9535212444996224
0.02,1450,0.1,2.85,0.4726819757138613,0.25,0.25,0.4726819757138613,1.0,1.0,0.5045154250035061,0.6032859621682598,0.7835123065270788
0.02,1450,0.1,2.9,0.5025255903447328,0.25,0.25,0.5025255903447328,1.0,1.0,0.5045154250035061,0.6032859621682598,0.8329807452151118
0.02,1450,0.1,2.95,0.48210719949731035,0.25,0.25,0.48210719949731035,1.0,1.0,0.5045154250035061,0.6032859621682598,0.7991354510630034
0.02,1450,0.1,3.0,0.32556028774558765,0.25,0.25,0.32556028774558765,1.0,1.0,0.5045154250035061,0.6032859621682598,0.5396450575039023
0.02,1450,0.1,3.1,0.5165026186648314,0.1666666666666667,0.25,0.3443350791098877,0.6666666666666669,1.4999999999999996,0.5045154250035061,0.6032859621682598,0.5707659397084575
0.02,1450,0.1,3.2,0.47467210056265036,0.1944444444444445,0.25,0.36918941154872814,0.777777777777778,1.2857142857142854,0.5045154250035061,0.6032859621682598,0.6119642005622521
0.02,1450,0.1,3.3,0.3709014128280978,0.22222222222222218,0.25,0.3296901447360869,0.8888888888888887,1.1250000000000002,0.5045154250035061,0.6032859621682598,0.5464906618266951
0.02,1450,0.1,3.4,0.29469470514354323,0.25,0.25,0.29469470514354323,1.0,1.0,0.5045154250035061,0.6032859621682598,0.4884826162445186
0.02,1450,0.1,3.45,0.29480580562596026,0.25,0.25,0.29480580562596026,1.0,1.0,0.5045154250035061,0.6032859621682598,0.48866677514988704
0.02,1450,0.1,3.5,0.28944835576426686,0.25,0.25,0.28944835576426686,1.0,1.0,0.5045154250035061,0.6032859621682598,0.4797863267429022
0.02,1450,0.1,3.55,0.3099414719488375,0.25,0.25,0.3099414719488375,1.0,1.0,0.5045154250035061,0.6032859621682598,0.5137554847702441
0.02,1450,0.1,3.6,0.29579754234559025,0.25,0.25,0.29579754234559025,1.0,1.0,0.5045154250035061,0.6032859621682598,0.4903106667399807
0.02,1450,0.1,3.65,0.27897482794339495,0.25,0.25,0.27897482794339495,1.0,1.0,0.5045154250035061,0.6032859621682598,0.462425525269536
0.02,1450,0.1,3.7,0.31273905778314054,0.25,0.25,0.31273905778314054,1.0,1.0,0.5045154250035061,0.6032859621682598,0.5183927314654072
0.02,1450,0.1,3.75,0.31051462201193913,0.25,0.25,0.31051462201193913,1.0,1.0,0.5045154250035061,0.6032859621682598,0.5147055318441752
0.02,1450,0.1,3.8,0.32347069134989903,0.25,0.25,0.32347069134989903,1.0,1.0,0.5045154250035061,0.6032859621682598,0.5361813661092304
0.02,1450,0.1,3.85,0.3455842905858215,0.25,0.25,0.3455842905858215,1.0,1.0,0.5045154250035061,0.6032859621682598,0.5728366185477993
0.02,1450,0.1,3.9,0.32968994651446054,0.25,0.25,0.32968994651446054,1.0,1.0,0.5045154250035061,0.6032859621682598,0.5464903332567652
0.02,1450,0.1,4.0,0.3283077634728332,0.25,0.25,0.3283077634728332,1.0,1.0,0.5045154250035061,0.6032859621682598,0.5441992422513328
0.02,1450,0.1,4.1,0.3280274396159858,0.25,0.25,0.3280274396159858,1.0,1.0,0.5045154250035061,0.6032859621682598,0.543734580590982
0.02,1450,0.1,4.2,0.3471341549806705,0.25,0.24556180000000039,0.35340813899054124,1.0180736580363867,0.9822472000000015,0.5045154250035061,0.6032859621682598,0.585805341334917
0.02,2900,0.05,1.5,0.28390854288004885,0.5555555555555556,0.5424700000000002,0.2907570340603052,1.0241221736788308,0.9764460000000004,0.5299812831307443,0.5872274936774315,0.4951352536978117
0.02,2900,0.05,1.6,0.23008334587800192,0.777777777777778,0.7594578000000007,0.23563351836095178,1.0241224433770741,0.9764457428571435,0.5299812831307443,0.5872274936774315,0.40126445184868514
0.02,2900,0.05,1.7,0.22048944211785587,1.0,0.9764456000000004,0.22580821923705302,1.0241225932094933,0.9764456000000004,0.5299812831307443,0.5872274936774315,0.3845327776173422
0.02,2900,0.05,1.75,0.27900204591923566,1.0,1.0,0.27900204591923566,1.0,1.0,0.5299812831307443,0.5872274936774315,0.47511747818894456
0.02,2900,0.05,1.8,0.3022536721228122,1.0,1.0,0.3022536721228122,1.0,1.0,0.5299812831307443,0.5872274936774315,0.514713080325974
0.02,2900,0.05,1.85,0.36029847611056837,1.0,1.0,0.36029847611056837,1.0,1.0,0.5299812831307443,0.5872274936774315,0.6135585952460241
0.02,2900,0.05,1.9,0.36594407893947506,1.0,1.0,0.36594407893947506,1.0,1.0,0.5299812831307443,0.5872274936774315,0.6231725913373035
0.02,2900,0.05,1.95,0.4543192364619625,1.0,1.0,0.4543192364619625,1.0,1.0,0.5299812831307443,0.5872274936774315,0.7736681973400984
0.02,2900,0.05,2.0,0.49850980421343816,1.0,1.0,0.49850980421343816,1.0,1.0,0.5299812831307443,0.5872274936774315,0.848921090345394
0.02,2900,0.05,2.05,0.4631208211314229,1.0,1.0,0.4631208211314229,1.0,1.0,0.5299812831307443,0.5872274936774315,0.7886565702692023
0.02,2900,0.05,2.1,0.5952269445003737,1.0,1.0,0.5952269445003737,1.0,1.0,0.5299812831307443,0.5872274936774315,1.013622405131011
0.02,2900,0.05,2.15,0.6426680100956073,0.7500000000000006,1.0,0.4820010075717058,0.7500000000000006,1.3333333333333324,0.5299812831307443,0.5872274936774315,0.8208079709504755
0.02,2900,0.05,2.2,1.0890179028897142,0.4999999999999989,1.0,0.5445089514448559,0.4999999999999989,2.0000000000000044,0.5299812831307443,0.5872274936774315,0.9272538450727901
0.02,2900,0.05,2.25,1.920079654505611,0.25,1.0,0.48001991362640273,0.25,4.0,0.5299812831307443,0.5872274936774315,0.8174343313191008
0.02,2900,0.05,2.3,1.6411735008429076,0.25,1.0,0.4102933752107269,0.25,4.0,0.5299812831307443,0.5872274936774315,0.6986957859233072
0.02,2900,0.05,2.35,1.4238178064855995,0.25,1.0,0.3559544516213999,0.25,4.0,0.5299812831307443,0.5872274936774315,0.6061610797414883
0.02,2900,0.05,2.4,1.3263222396816317,0.25,1.0,0.3315805599204079,0.25,4.0,0.5299812831307443,0.5872274936774315,0.5646543520023733
0.02,2900,0.05,2.45,1.1768867241257925,0.25,1.0,0.29422168103144813,0.25,4.0,0.5299812831307443,0.5872274936774315,0.5010352618010531
0.02,2900,0.05,2.5,1.0380178834493878,0.25,0.9889805000000003,0.26239594295574775,0.2527855705951734,3.955922000000001,0.5299812831307443,0.5872274936774315,0.4468386541517823
0.02,2900,0.05,2.55,0.8121521168910805,0.25,0.8155164500000005,0.2489686495260396,0.3065542086857964,3.262065800000002,0.5299812831307443,0.5872274936774315,0.42397308063167755
0.02,2900,0.05,2.6,0.7316366271751533,0.25,0.6420524000000007,0.28488197660157977,0.38937631881759144,2.568209600000003,0.5299812831307443,0.5872274936774315,0.4851305152923708
0.02,2900,0.05,2.65,0.7733363802073112,0.25,0.468588350000001,0.41258835191234994,0.5335173185590284,1.874353400000004,0.5299812831307443,0.5872274936774315,0.7026039420064821
0.02,2900,0.05,2.7,0.5583983273881131,0.25,0.29512429999999945,0.47301961189583014,0.8471006962151217,1.1804971999999978,0.5299812831307443,0.5872274936774315,0.8055133947043416
0.02,2900,0.05,2.75,0.5369231826343475,0.25,0.25,0.5369231826343475,1.0,1.0,0.5299812831307443,0.5872274936774315,0.9143359062974722
0.02,2900,0.05,2.8,0.5091555846199348,0.25,0.25,0.5091555846199348,1.0,1.0,0.5299812831307443,0.5872274936774315,0.8670499765455767
0.02,2900,0.05,2.85,0.4792239742925786,0.25,0.25,0.4792239742925786,1.0,1.0,0.5299812831307443,0.5872274936774315,0.8160789122653374
0.02,2900,0.05,2.9,0.4934489862768401,0.25,0.25,0.4934489862768401,1.0,1.0,0.5299812831307443,0.5872274936774315,0.840302934705396
0.02,2900,0.05,2.95,0.32139713923520663,0.25,0.25,0.32139713923520663,1.0,1.0,0.5299812831307443,0.5872274936774315,0.547312826282198
0.02,2900,0.05,3.0,0.3463034337878555,0.25,0.25,0.3463034337878555,1.0,1.0,0.5299812831307443,0.5872274936774315,0.5897261921766942
0.02,2900,0.05,3.1,0.521275416921541,0.1666666666666667,0.25,0.3475169446143608,0.6666666666666669,1.4999999999999996,0.5299812831307443,0.5872274936774315,0.5917927010502925
0.02,2900,0.05,3.2,0.44400954646070556,0.1944444444444445,0.25,0.34534075835832667,0.777777777777778,1.2857142857142854,0.5299812831307443,0.5872274936774315,0.588086835300707
0.02,2900,0.05,3.3,0.3953848096182622,0.22222222222222218,0.25,0.3514531641051219,0.8888888888888887,1.1250000000000002,0.5299812831307443,0.5872274936774315,0.5984957582694139
0.02,2900,0.05,3.4,0.30253513693985906,0.25,0.25,0.30253513693985906,1.0,1.0,0.5299812831307443,0.5872274936774315,0.5151923917003175
0.02,2900,0.05,3.45,0.29569158796154554,0.25,0.25,0.29569158796154554,1.0,1.0,0.5299812831307443,0.5872274936774315,0.5035383920971029
0.02,2900,0.05,3.5,0.3348591445477434,0.25,0.25,0.3348591445477434,1.0,1.0,0.5299812831307443,0.5872274936774315,0.5702375112764799
0.02,2900,0.05,3.55,0.3162524495633411,0.25,0.25,0.3162524495633411,1.0,1.0,0.5299812831307443,0.5872274936774315,0.5385518439929533
0.02,2900,0.05,3.6,0.37342451107550106,0.25,0.25,0.37342451107550106,1.0,1.0,0.5299812831307443,0.5872274936774315,0.6359111504418523
0.02,2900,0.05,3.65,0.3355196450464535,0.25,0.25,0.3355196450464535,1.0,1.0,0.5299812831307443,0.5872274936774315,0.5713622891620891
0.02,2900,0.05,3.7,0.3705987682638546,0.25,0.25,0.3705987682638546,1.0,1.0,0.5299812831307443,0.5872274936774315,0.6310991434393352
0.02,2900,0.05,3.75,0.3563769585942852,0.25,0.25,0.3563769585942852,1.0,1.0,0.5299812831307443,0.5872274936774315,0.6068805742771399
0.02,2900,0.05,3.8,0.34883620159021733,0.25,0.25,0.34883620159021733,1.0,1.0,0.5299812831307443,0.5872274936774315,0.5940392868965969
0.02,2900,0.05,3.85,0.37386700350359314,0.25,0.25,0.37386700350359314,1.0,1.0,0.5299812831307443,0.5872274936774315,0.6366646785597561
0.02,2900,0.05,3.9,0.42750176161777326,0.25,0.25,0.42750176161777326,1.0,1.0,0.5299812831307443,0.5872274936774315,0.72800024900163
0.02,2900,0.05,4.0,0.3918852941125746,0.25,0.25,0.3918852941125746,1.0,1.0,0.5299812831307443,0.5872274936774315,0.6673483417107172
0.02,2900,0.05,4.1,0.3875406065961929,0.25,0.25,0.3875406065961929,1.0,1.0,0.5299812831307443,0.5872274936774315,0.6599496971255093
0.02,2900,0.05,4.2,0.35840449213332654,0.25,0.24556180000000039,0.36488217236284914,1.0180736580363867,0.9822472000000015,0.5299812831307443,0.5872274936774315,0.6213642520002336
