damping_key,linear_mass_key,mass_ratio,bridge_frequency,old_bias,psi_old,psi_env,env_bias,bias_ratio_env_over_old,psi_scale_env_over_old,p95_factor,env_bias_p95_corrected
0.005,500,0.3,1.5,0.0458690933134703,0.5555555555555556,0.5424700000000002,0.04697555554886833,1.0241221736788308,0.9764460000000004,0.23635716564215078,0.19874817597021877
0.005,500,0.3,1.6,0.03546007470854184,0.777777777777778,0.7594578000000007,0.036315458352845456,1.0241224433770741,0.9764457428571435,0.23635716564215078,0.15364653004778261
0.005,500,0.3,1.7,0.033617208841215426,1.0,0.9764456000000004,0.03442814309493065,1.0241225932094933,0.9764456000000004,0.23635716564215078,0.1456615161270613
0.005,500,0.3,1.75,0.0338080967254371,1.0,1.0,0.0338080967254371,1.0,1.0,0.23635716564215078,0.14303817120832799
0.005,500,0.3,1.8,0.04035963142052619,1.0,1.0,0.04035963142052619,1.0,1.0,0.23635716564215078,0.17075696144381522
0.005,500,0.3,1.85,0.046462562551537634,1.0,1.0,0.046462562551537634,1.0,1.0,0.23635716564215078,0.19657776156396642
0.005,500,0.3,1.9,0.053295838055120205,1.0,1.0,0.053295838055120205,1.0,1.0,0.23635716564215078,0.22548856477578139
0.005,500,0.3,1.95,0.05548222878926563,1.0,1.0,0.05548222878926563,1.0,1.0,0.23635716564215078,0.2347389326595106
0.005,500,0.3,2.0,0.06283941259295422,1.0,1.0,0.06283941259295422,1.0,1.0,0.23635716564215078,0.26586633166897206
0.005,500,0.3,2.05,0.08100351305049176,1.0,1.0,0.08100351305049176,1.0,1.0,0.23635716564215078,0.34271655285091973
0.005,500,0.3,2.1,0.07933871393754888,1.0,1.0,0.07933871393754888,1.0,1.0,0.23635716564215078,0.3356729791626846
0.005,500,0.3,2.15,0.10952661077516747,0.7500000000000006,1.0,0.08214495808137566,0.7500000000000006,1.3333333333333324,0.23635716564215078,0.3475458755743614
0.005,500,0.3,2.2,0.17657091329512975,0.4999999999999989,1.0,0.08828545664756468,0.4999999999999989,2.0000000000000044,0.23635716564215078,0.3735256191945986
0.005,500,0.3,2.25,0.3459294497029305,0.25,1.0,0.08648236242573262,0.25,4.0,0.23635716564215078,0.3658969347968428
0.005,500,0.3,2.3,0.3382629094720725,0.25,1.0,0.08456572736801812,0.25,4.0,0.23635716564215078,0.3577878721733033
0.005,500,0.3,2.35,0.3502168151696432,0.25,1.0,0.0875542037924108,0.25,4.0,0.23635716564215078,0.3704317724175518
0.005,500,0.3,2.4,0.39813126943011173,0.25,1.0,0.09953281735752793,0.25,4.0,0.23635716564215078,0.4211119095421143
0.005,500,0.3,2.45,0.32529469908296876,0.25,1.0,0.08132367477074219,0.25,4.0,0.23635716564215078,0.3440711202886388
0.005,500,0.3,2.5,0.3559884046590114,0.25,0.9889805000000003,0.0899887319969937,0.2527855705951735,3.955922000000001,0.23635716564215078,0.38073198141679504
0.005,500,0.3,2.55,0.32460305916260085,0.25,0.8155164500000005,0.09950843393857986,0.3065542086857964,3.262065800000002,0.23635716564215078,0.4210087460992721
0.005,500,0.3,2.6,0.31864309847802935,0.25,0.6420524000000007,0.12407207670200633,0.3893763188175914,2.568209600000003,0.23635716564215078,0.5249346951886105
0.005,500,0.3,2.65,0.2714670440581309,0.25,0.468588350000001,0.1448323694230396,0.5335173185590283,1.874353400000004,0.23635716564215078,0.6127691074207521
0.005,500,0.3,2.7,0.3046665644760663,0.25,0.29512429999999945,0.2580832588811451,0.8471006962151219,1.1804971999999978,0.23635716564215078,1.091920603210685
0.005,500,0.3,2.75,0.30620420767258627,0.25,0.25,0.30620420767258627,1.0,1.0,0.23635716564215078,1.2955148063341784
0.005,500,0.3,2.8,0.251894487022744,0.25,0.25,0.251894487022744,1.0,1.0,0.23635716564215078,1.0657366208398225
0.005,500,0.3,2.85,0.1897452015003712,0.25,0.25,0.1897452015003712,1.0,1.0,0.23635716564215078,0.8027901374805324
0.005,500,0.3,2.9,0.1728939579774151,0.25,0.25,0.1728939579774151,1.0,1.0,0.23635716564215078,0.7314944630838053
0.005,500,0.3,2.95,0.17504142758291774,0.25,0.25,0.17504142758291774,1.0,1.0,0.23635716564215078,0.740580160145996
0.005,500,0.3,3.0,0.16726230534844824,0.25,0.25,0.16726230534844824,1.0,1.0,0.23635716564215078,0.7076675881351807
0.005,500,0.3,3.1,0.20710272307261965,0.1666666666666667,0.25,0.13806848204841313,0.6666666666666669,1.4999999999999996,0.23635716564215078,0.5841518774068032
0.005,500,0.3,3.2,0.20940519149835565,0.1944444444444445,0.25,0.16287070449872112,0.7777777777777781,1.2857142857142854,0.23635716564215078,0.6890872297280398
0.005,500,0.3,3.3,0.12199739786111685,0.22222222222222218,0.25,0.10844213143210385,0.8888888888888887,1.1250000000000002,0.23635716564215078,0.45880619331967826
0.005,500,0.3,3.4,0.12991548092760194,0.25,0.25,0.12991548092760194,1.0,1.0,0.23635716564215078,0.5496574668030012
0.005,500,0.3,3.45,0.1102355656224136,0.25,0.25,0.1102355656224136,1.0,1.0,0.23635716564215078,0.4663940072344256
0.005,500,0.3,3.5,0.1057159802727294,0.25,0.25,0.1057159802727294,1.0,1.0,0.23635716564215078,0.44727216111901336
0.005,500,0.3,3.55,0.10625504713713385,0.25,0.25,0.10625504713713385,1.0,1.0,0.23635716564215078,0.4495528910598209
0.005,500,0.3,3.6,0.08331219524157235,0.25,0.25,0.08331219524157235,1.0,1.0,0.23635716564215078,0.3524843218322756
0.005,500,0.3,3.65,0.10855613984554464,0.25,0.25,0.10855613984554464,1.0,1.0,0.23635716564215078,0.4592885498123661
0.005,500,0.3,3.7,0.10719345611604614,0.25,0.25,0.10719345611604614,1.0,1.0,0.23635716564215078,0.4535231915851413
0.005,500,0.3,3.75,0.09477953266114293,0.25,0.25,0.09477953266114293,1.0,1.0,0.23635716564215078,0.4010013083531427
0.005,500,0.3,3.8,0.09141081713183209,0.25,0.25,0.09141081713183209,1.0,1.0,0.23635716564215078,0.3867486601621793
0.005,500,0.3,3.85,0.09589644254178871,0.25,0.25,0.09589644254178871,1.0,1.0,0.23635716564215078,0.4057268256760945
0.005,500,0.3,3.9,0.09329829811878311,0.25,0.25,0.09329829811878311,1.0,1.0,0.23635716564215078,0.39473437526340327
0.005,500,0.3,4.0,0.09765511831566022,0.25,0.25,0.09765511831566022,1.0,1.0,0.23635716564215078,0.41316758072616216
0.005,500,0.3,4.1,0.09402063421617847,0.25,0.25,0.09402063421617847,1.0,1.0,0.23635716564215078,0.3977904962633013
0.005,500,0.3,4.2,0.0912268647824623,0.25,0.24556180000000039,0.09287566794027222,1.0180736580363867,0.9822472000000015,0.23635716564215078,0.39294627555691597
0.005,750,0.2,1.5,0.04884075202416189,0.5555555555555556,0.5424700000000002,0.050018897127093426,1.0241221736788306,0.9764460000000004,0.19441176590427767,0.25728328166990255
0.005,750,0.2,1.6,0.04307867817619278,0.777777777777778,0.7594578000000007,0.044117841151257185,1.0241224433770741,0.9764457428571435,0.19441176590427767,0.22692989257131405
0.005,750,0.2,1.7,0.04236026595420346,1.0,0.9764456000000004,0.04338210541806266,1.0241225932094933,0.9764456000000004,0.19441176590427767,0.22314547278698482
0.005,750,0.2,1.75,0.045037551506671714,1.0,1.0,0.045037551506671714,1.0,1.0,0.19441176590427767,0.23166062659420938
0.005,750,0.2,1.8,0.05716736423434416,1.0,1.0,0.05716736423434416,1.0,1.0,0.19441176590427767,0.29405300635194886
0.005,750,0.2,1.85,0.06439110267503068,1.0,1.0,0.06439110267503068,1.0,1.0,0.19441176590427767,0.33120990581781384
0.005,750,0.2,1.9,0.07230061501695223,1.0,1.0,0.07230061501695223,1.0,1.0,0.19441176590427767,0.37189423531367344
0.005,750,0.2,1.95,0.08113043761884291,1.0,1.0,0.08113043761884291,1.0,1.0,0.19441176590427767,0.4173123845744451
0.005,750,0.2,2.0,0.09128539993882566,1.0,1.0,0.09128539993882566,1.0,1.0,0.19441176590427767,0.46954668362907503
0.005,750,0.2,2.05,0.10422421171857299,1.0,1.0,0.10422421171857299,1.0,1.0,0.19441176590427767,0.5361003292871162
0.005,750,0.2,2.1,0.09713854574565717,1.0,1.0,0.09713854574565717,1.0,1.0,0.19441176590427767,0.49965363615638975
0.005,750,0.2,2.15,0.1405713029723679,0.7500000000000006,1.0,0.105428477229276,0.7500000000000006,1.3333333333333324,0.19441176590427767,0.5422947358092808
0.005,750,0.2,2.2,0.22079793396222538,0.4999999999999989,1.0,0.11039896698111244,0.4999999999999989,2.0000000000000044,0.19441176590427767,0.5678615513192214
0.005,750,0.2,2.25,0.4356350899459884,0.25,1.0,0.1089087724864971,0.25,4.0,0.19441176590427767,0.5601964057058172
0.005,750,0.2,2.3,0.45415042245896403,0.25,1.0,0.11353760561474101,0.25,4.0,0.19441176590427767,0.5840058346604567
0.005,750,0.2,2.35,0.4540277236482687,0.25,1.0,0.11350693091206718,0.25,4.0,0.19441176590427767,0.5838480525296729
0.005,750,0.2,2.4,0.3825762102638982,0.25,1.0,0.09564405256597455,0.25,4.0,0.19441176590427767,0.491966379303744
0.005,750,0.2,2.45,0.3807663770373969,0.25,1.0,0.09519159425934923,0.25,4.0,0.19441176590427767,0.48963905973786903
0.005,750,0.2,2.5,0.3661022709245435,0.25,0.9889805000000003,0.0925453714518495,0.2527855705951734,3.955922000000001,0.19441176590427767,0.4760276263187485
0.005,750,0.2,2.55,0.3618553417073052,0.25,0.8155164500000005,0.1109282779358114,0.3065542086857964,3.262065800000002,0.19441176590427767,0.5705841795111776
0.005,750,0.2,2.6,0.31132271635517617,0.25,0.6420524000000007,0.12122169325867165,0.3893763188175914,2.568209600000003,0.19441176590427767,0.6235306422675954
0.005,750,0.2,2.65,0.2640275647710885,0.25,0.468588350000001,0.14086327838234133,0.5335173185590284,1.874353400000004,0.19441176590427767,0.7245614879692932
0.005,750,0.2,2.7,0.24843398377891393,0.25,0.29512429999999945,0.21044860062261425,0.8471006962151217,1.1804971999999978,0.19441176590427767,1.0824890131713152
0.005,750,0.2,2.75,0.20661108420195065,0.25,0.25,0.20661108420195065,1.0,1.0,0.19441176590427767,1.0627498970596232
0.005,750,0.2,2.8,0.18210184673776686,0.25,0.25,0.18210184673776686,1.0,1.0,0.19441176590427767,0.9366812028621158
0.005,750,0.2,2.85,0.18439836178449698,0.25,0.25,0.18439836178449698,1.0,1.0,0.19441176590427767,0.9484938369177153
0.005,750,0.2,2.9,0.16238580625952861,0.25,0.25,0.16238580625952861,1.0,1.0,0.19441176590427767,0.8352673795447255
0.005,750,0.2,2.95,0.1977495672775379,0.25,0.25,0.1977495672775379,1.0,1.0,0.19441176590427767,1.0171687210274283
0.005,750,0.2,3.0,0.16885029550720831,0.25,0.25,0.16885029550720831,1.0,1.0,0.19441176590427767,0.8685189125350827
0.005,750,0.2,3.1,0.20280827199456833,0.1666666666666667,0.25,0.1352055146630456,0.6666666666666669,1.4999999999999996,0.19441176590427767,0.6954595265063155
0.005,750,0.2,3.2,0.13477495322128225,0.1944444444444445,0.25,0.10482496361655289,0.777777777777778,1.2857142857142854,0.19441176590427767,0.5391904298023066
0.005,750,0.2,3.3,0.09763213107102992,0.22222222222222218,0.25,0.08678411650758214,0.8888888888888888,1.1250000000000002,0.19441176590427767,0.44639333480624804
0.005,750,0.2,3.4,0.09545433220013148,0.25,0.25,0.09545433220013148,1.0,1.0,0.19441176590427767,0.4909905105595833
0.005,750,0.2,3.45,0.09693480267537428,0.25,0.25,0.09693480267537428,1.0,1.0,0.19441176590427767,0.498605638524481
0.005,750,0.2,3.5,0.10194347396446778,0.25,0.25,0.10194347396446778,1.0,1.0,0.19441176590427767,0.5243688492324152
0.005,750,0.2,3.55,0.08488900007956594,0.25,0.25,0.08488900007956594,1.0,1.0,0.19441176590427767,0.4366453834968129
0.005,750,0.2,3.6,0.1000248104765668,0.25,0.25,0.1000248104765668,1.0,1.0,0.19441176590427767,0.5144997784023829
0.005,750,0.2,3.65,0.10108794438793468,0.25,0.25,0.10108794438793468,1.0,1.0,0.19441176590427767,0.5199682432682972
0.005,750,0.2,3.7,0.09682439177726725,0.25,0.25,0.09682439177726725,1.0,1.0,0.19441176590427767,0.4980377156027716
0.005,750,0.2,3.75,0.10408846531954292,0.25,0.25,0.10408846531954292,1.0,1.0,0.19441176590427767,0.5354020876020069
0.005,750,0.2,3.8,0.10159668348748956,0.25,0.25,0.10159668348748956,1.0,1.0,0.19441176590427767,0.5225850555645517
0.005,750,0.2,3.85,0.09674634471092841,0.25,0.25,0.09674634471092841,1.0,1.0,0.19441176590427767,0.49763626322165766
0.005,750,0.2,3.9,0.10037655116153982,0.25,0.25,0.10037655116153982,1.0,1.0,0.19441176590427767,0.5163090345620446
0.005,750,0.2,4.0,0.10347181226922697,0.25,0.25,0.10347181226922697,1.0,1.0,0.19441176590427767,0.5322301959860458
0.005,750,0.2,4.1,0.09708655756841333,0.25,0.25,0.09708655756841333,1.0,1.0,0.19441176590427767,0.4993862234460426
0.005,750,0.2,4.2,0.10156762322957186,0.25,0.24556180000000039,0.10340332171939172,1.018073658036387,0.9822472000000015,0.19441176590427767,0.5318778996653131
0.005,1000,0.15,1.5,0.0566215059197712,0.5555555555555556,0.5424700000000002,0.05798733971952486,1.0241221736788306,0.9764460000000004,0.18844783411514077,0.3077103007938784
0.005,1000,0.15,1.6,0.047874450063744516,0.777777777777778,0.7594578000000007,0.04902929877461576,1.0241224433770741,0.9764457428571435,0.18844783411514077,0.2601743819706576
0.005,1000,0.15,1.7,0.047039160209962204,1.0,0.9764456000000004,0.04817386673662331,1.0241225932094933,0.9764456000000004,0.18844783411514077,0.25563502474212196
0.005,1000,0.15,1.75,0.060750801486910214,1.0,1.0,0.060750801486910214,1.0,1.0,0.18844783411514077,0.3223746336601128
0.005,1000,0.15,1.8,0.06774328157349906,1.0,1.0,0.06774328157349906,1.0,1.0,0.18844783411514077,0.35948028743120614
0.005,1000,0.15,1.85,0.0672507577130473,1.0,1.0,0.0672507577130473,1.0,1.0,0.18844783411514077,0.3568667054669219
0.005,1000,0.15,1.9,0.09018652016281747,1.0,1.0,0.09018652016281747,1.0,1.0,0.18844783411514077,0.4785755197786668
0.005,1000,0.15,1.95,0.09655208052774394,1.0,1.0,0.09655208052774394,1.0,1.0,0.18844783411514077,0.5123544188295158
0.005,1000,0.15,2.0,0.11064689850513013,1.0,1.0,0.11064689850513013,1.0,1.0,0.18844783411514077,0.5871486877239744
0.005,1000,0.15,2.05,0.1198022779199124,1.0,1.0,0.1198022779199124,1.0,1.0,0.18844783411514077,0.6357317847798333
0.005,1000,0.15,2.1,0.12283294187412083,1.0,1.0,0.12283294187412083,1.0,1.0,0.18844783411514077,0.6518140282741083
0.005,1000,0.15,2.15,0.152192885846948,0.7500000000000006,1.0,0.11414466438521109,0.7500000000000006,1.3333333333333324,0.18844783411514077,0.6057096114751269
0.005,1000,0.15,2.2,0.2685762125382621,0.4999999999999989,1.0,0.13428810626913074,0.4999999999999989,2.0000000000000044,0.18844783411514077,0.7126009534664183
0.005,1000,0.15,2.25,0.4996739639526415,0.25,1.0,0.12491849098816038,0.25,4.0,0.18844783411514077,0.6628810120037556
0.005,1000,0.15,2.3,0.5044483186614944,0.25,1.0,0.1261120796653736,0.25,4.0,0.18844783411514077,0.669214800252465
0.005,1000,0.15,2.35,0.4703299408675605,0.25,1.0,0.11758248521689013,0.25,4.0,0.18844783411514077,0.6239524363280703
0.005,1000,0.15,2.4,0.40763591060454685,0.25,1.0,0.10190897765113671,0.25,4.0,0.18844783411514077,0.5407808379950432
0.005,1000,0.15,2.45,0.40067823954452664,0.25,1.0,0.10016955988613166,0.25,4.0,0.18844783411514077,0.5315506031495619
0.005,1000,0.15,2.5,0.35074355330853224,0.25,0.9889805000000003,0.08866290925567596,0.2527855705951735,3.955922000000001,0.18844783411514077,0.47049046582038895
0.005,1000,0.15,2.55,0.3112021495086674,0.25,0.8155164500000005,0.09540032868394845,0.3065542086857964,3.262065800000002,0.18844783411514077,0.5062426380855047
0.005,1000,0.15,2.6,0.3094883793742952,0.25,0.6420524000000007,0.12050744587758523,0.3893763188175914,2.568209600000003,0.18844783411514077,0.6394737644156512
0.005,1000,0.15,2.65,0.25929097894742964,0.25,0.468588350000001,0.13833622781457813,0.5335173185590284,1.874353400000004,0.18844783411514077,0.7340823441359126
0.005,1000,0.15,2.7,0.22794977383387627,0.25,0.29512429999999945,0.19309641211675613,0.8471006962151217,1.1804971999999978,0.18844783411514077,1.0246677178511645
0.005,1000,0.15,2.75,0.19686629545509024,0.25,0.25,0.19686629545509024,1.0,1.0,0.18844783411514077,1.0446726351591062
0.005,1000,0.15,2.8,0.22607217515044634,0.25,0.25,0.22607217515044634,1.0,1.0,0.18844783411514077,1.1996538788146394
0.005,1000,0.15,2.85,0.17450210011029468,0.25,0.25,0.17450210011029468,1.0,1.0,0.18844783411514077,0.9259968464465063
0.005,1000,0.15,2.9,0.1483377575349356,0.25,0.25,0.1483377575349356,1.0,1.0,0.18844783411514077,0.7871555448299922
0.005,1000,0.15,2.95,0.1446370085349082,0.25,0.25,0.1446370085349082,1.0,1.0,0.18844783411514077,0.7675174894636129
0.005,1000,0.15,3.0,0.14271395147018825,0.25,0.25,0.14271395147018825,1.0,1.0,0.18844783411514077,0.7573127711459431
0.005,1000,0.15,3.1,0.1668847927339656,0.1666666666666667,0.25,0.11125652848931042,0.6666666666666669,1.4999999999999996,0.18844783411514077,0.5903836943083846
0.005,1000,0.15,3.2,0.13535636160097536,0.1944444444444445,0.25,0.10527717013409198,0.777777777777778,1.2857142857142854,0.18844783411514077,0.5586541794360348
0.005,1000,0.15,3.3,0.1297031745562637,0.22222222222222218,0.25,0.11529171071667883,0.8888888888888887,1.1250000000000002,0.18844783411514077,0.6117964223788114
0.005,1000,0.15,3.4,0.09792592094687376,0.25,0.25,0.09792592094687376,1.0,1.0,0.18844783411514077,0.5196447144467655
0.005,1000,0.15,3.45,0.10773194994192244,0.25,0.25,0.10773194994192244,1.0,1.0,0.18844783411514077,0.5716804889150315
0.005,1000,0.15,3.5,0.0967762473982255,0.25,0.25,0.0967762473982255,1.0,1.0,0.18844783411514077,0.5135439621932489
0.005,1000,0.15,3.55,0.09235947225119102,0.25,0.25,0.09235947225119102,1.0,1.0,0.18844783411514077,0.4901063081189875
0.005,1000,0.15,3.6,0.09964724533003556,0.25,0.25,0.09964724533003556,1.0,1.0,0.18844783411514077,0.528778936610922
0.005,1000,0.15,3.65,0.1088345289447194,0.25,0.25,0.1088345289447194,1.0,1.0,0.18844783411514077,0.5775313335690662
0.005,1000,0.15,3.7,0.1032811774614784,0.25,0.25,0.1032811774614784,1.0,1.0,0.18844783411514077,0.5480624277081055
0.005,1000,0.15,3.75,0.09761510282053087,0.25,0.25,0.09761510282053087,1.0,1.0,0.18844783411514077,0.51799535547269
0.005,1000,0.15,3.8,0.10363379711744931,0.25,0.25,0.10363379711744931,1.0,1.0,0.18844783411514077,0.5499336068470255
0.005,1000,0.15,3.85,0.10587799678520204,0.25,0.25,0.10587799678520204,1.0,1.0,0.18844783411514077,0.5618424710602462
0.005,1000,0.15,3.9,0.101514204254327,0.25,0.25,0.101514204254327,1.0,1.0,0.18844783411514077,0.5386859696795575
0.005,1000,0.15,4.0,0.10990287264214575,0.25,0.25,0.10990287264214575,1.0,1.0,0.18844783411514077,0.5832005082902444
0.005,1000,0.15,4.1,0.11306246062951476,0.25,0.25,0.11306246062951476,1.0,1.0,0.18844783411514077,0.5999668882393953
0.005,1000,0.15,4.2,0.10946657622401741,0.25,0.24556180000000039,0.11144503768910437,1.0180736580363867,0.9822472000000015,0.18844783411514077,0.5913840199458698
0.005,1500,0.1,1.5,0.06031891621106254,0.5555555555555556,0.5424700000000002,0.06177393958402463,1.0241221736788306,0.9764460000000004,0.15941134902531726,0.3875128086031934
0.005,1500,0.1,1.6,0.04957473401813728,0.777777777777778,0.7594578000000007,0.0507705977324233,1.0241224433770741,0.9764457428571435,0.15941134902531726,0.31848797493307746
0.005,1500,0.1,1.7,0.05440830108972685,1.0,0.9764456000000004,0.055720770404133965,1.0241225932094933,0.9764456000000004,0.15941134902531726,0.34954079960319856
0.005,1500,0.1,1.75,0.06385276094546992,1.0,1.0,0.06385276094546992,1.0,1.0,0.15941134902531726,0.4005534194138775
0.005,1500,0.1,1.8,0.08041341039737318,1.0,1.0,0.08041341039737318,1.0,1.0,0.15941134902531726,0.504439683178405
0.005,1500,0.1,1.85,0.10083109317135185,1.0,1.0,0.10083109317135185,1.0,1.0,0.15941134902531726,0.6325214220183165
0.005,1500,0.1,1.9,0.11329077024740553,1.0,1.0,0.11329077024740553,1.0,1.0,0.15941134902531726,0.7106819617304224
0.005,1500,0.1,1.95,0.11723369197754614,1.0,1.0,0.11723369197754614,1.0,1.0,0.15941134902531726,0.7354162215823631
0.005,1500,0.1,2.0,0.12394912038539438,1.0,1.0,0.12394912038539438,1.0,1.0,0.15941134902531726,0.7775426350962574
0.005,1500,0.1,2.05,0.13520242113184305,1.0,1.0,0.13520242113184305,1.0,1.0,0.15941134902531726,0.8481354806825616
0.005,1500,0.1,2.1,0.14861110296950478,1.0,1.0,0.14861110296950478,1.0,1.0,0.15941134902531726,0.932249202319358
0.005,1500,0.1,2.15,0.19976288517756835,0.7500000000000006,1.0,0.14982216388317637,0.7500000000000006,1.3333333333333324,0.15941134902531726,0.9398462832115049
0.005,1500,0.1,2.2,0.2911076652697123,0.4999999999999989,1.0,0.14555383263485583,0.49999999999999883,2.0000000000000044,0.15941134902531726,0.913070703715953
0.005,1500,0.1,2.25,0.5945607558310253,0.25,1.0,0.14864018895775633,0.25,4.0,0.15941134902531726,0.9324316610240198
0.005,1500,0.1,2.3,0.5540235556143056,0.25,1.0,0.1385058889035764,0.25,4.0,0.15941134902531726,0.8688583952801208
0.005,1500,0.1,2.35,0.4728305735383101,0.25,1.0,0.11820764338457752,0.25,4.0,0.15941134902531726,0.7415258957867806
0.005,1500,0.1,2.4,0.512579071450846,0.25,1.0,0.1281447678627115,0.25,4.0,0.15941134902531726,0.8038622635478727
0.005,1500,0.1,2.45,0.43358895268054815,0.25,1.0,0.10839723817013704,0.25,4.0,0.15941134902531726,0.6799844479888424
0.005,1500,0.1,2.5,0.32355136203697277,0.25,0.9889805000000003,0.0817891156693617,0.2527855705951734,3.955922000000001,0.15941134902531726,0.5130695911517077
0.005,1500,0.1,2.55,0.32767733148361416,0.25,0.8155164500000005,0.10045086505723273,0.30655420868579636,3.262065800000002,0.15941134902531726,0.6301362209868723
0.005,1500,0.1,2.6,0.27885619024502484,0.25,0.6420524000000007,0.1085799968371057,0.3893763188175914,2.568209600000003,0.15941134902531726,0.6811309075607994
0.005,1500,0.1,2.65,0.2675394505598405,0.25,0.468588350000001,0.14273693027144185,0.5335173185590284,1.874353400000004,0.15941134902531726,0.8954000524063865
0.005,1500,0.1,2.7,0.2102977066516821,0.25,0.29512429999999945,0.17814333371708335,0.8471006962151217,1.1804971999999978,0.15941134902531726,1.1175072214512853
0.005,1500,0.1,2.75,0.19885934513861994,0.25,0.25,0.19885934513861994,1.0,1.0,0.15941134902531726,1.2474603994916176
0.005,1500,0.1,2.8,0.1619327581911082,0.25,0.25,0.1619327581911082,1.0,1.0,0.15941134902531726,1.0158169991108381
0.005,1500,0.1,2.85,0.1518471215279444,0.25,0.25,0.1518471215279444,1.0,1.0,0.15941134902531726,0.9525490026674857
0.005,1500,0.1,2.9,0.14234271457648137,0.25,0.25,0.14234271457648137,1.0,1.0,0.15941134902531726,0.8929271061740711
0.005,1500,0.1,2.95,0.11449510818433677,0.25,0.25,0.11449510818433677,1.0,1.0,0.15941134902531726,0.7182368688577686
0.005,1500,0.1,3.0,0.11824360119198976,0.25,0.25,0.11824360119198976,1.0,1.0,0.15941134902531726,0.7417514619565176
0.005,1500,0.1,3.1,0.15428961534847788,0.1666666666666667,0.25,0.10285974356565195,0.6666666666666669,1.4999999999999996,0.15941134902531726,0.6452473063841649
0.005,1500,0.1,3.2,0.13116869839233036,0.1944444444444445,0.25,0.10202009874959031,0.777777777777778,1.2857142857142854,0.15941134902531726,0.6399801480469736
0.005,1500,0.1,3.3,0.09554842814338249,0.22222222222222218,0.25,0.08493193612745109,0.8888888888888887,1.1250000000000002,0.15941134902531726,0.5327847524454639
0.005,1500,0.1,3.4,0.09886440390609778,0.25,0.25,0.09886440390609778,1.0,1.0,0.15941134902531726,0.6201842247153709
0.005,1500,0.1,3.45,0.09758419894805533,0.25,0.25,0.09758419894805533,1.0,1.0,0.15941134902531726,0.6121533977644044
0.005,1500,0.1,3.5,0.09559771876326278,0.25,0.25,0.09559771876326278,1.0,1.0,0.15941134902531726,0.5996920504579647
0.005,1500,0.1,3.55,0.09544331161441592,0.25,0.25,0.09544331161441592,1.0,1.0,0.15941134902531726,0.5987234422014576
0.005,1500,0.1,3.6,0.10307284032591757,0.25,0.25,0.10307284032591757,1.0,1.0,0.15941134902531726,0.6465840792147605
0.005,1500,0.1,3.65,0.10229956777340492,0.25,0.25,0.10229956777340492,1.0,1.0,0.15941134902531726,0.6417332793360778
0.005,1500,0.1,3.7,0.10451161136308489,0.25,0.25,0.10451161136308489,1.0,1.0,0.15941134902531726,0.6556096037207906
0.005,1500,0.1,3.75,0.11170419629878192,0.25,0.25,0.11170419629878192,1.0,1.0,0.15941134902531726,0.7007292578713538
0.005,1500,0.1,3.8,0.11700111644682291,0.25,0.25,0.11700111644682291,1.0,1.0,0.15941134902531726,0.7339572568841453
0.005,1500,0.1,3.85,0.12048070393813222,0.25,0.25,0.12048070393813222,1.0,1.0,0.15941134902531726,0.7557849844116044
0.005,1500,0.1,3.9,0.12292956322573272,0.25,0.25,0.12292956322573272,1.0,1.0,0.15941134902531726,0.771146872398711
0.005,1500,0.1,4.0,0.12535215361609903,0.25,0.25,0.12535215361609903,1.0,1.0,0.15941134902531726,0.7863439735159067
0.005,1500,0.1,4.1,0.13193769316004758,0.25,0.25,0.13193769316004758,1.0,1.0,0.15941134902531726,0.8276555839138756
0.005,1500,0.1,4.2,0.1330674759318174,0.25,0.24556180000000039,0.1354724919875742,1.0180736580363867,0.9822472000000015,0.15941134902531726,0.8498296565199936
0.005,2000,0.05,1.5,0.05902749866685943,0.5555555555555556,0.5424700000000002,0.06045137024152837,1.0241221736788308,0.9764460000000004,0.16988152042668445,0.3558442971883884
0.005,2000,0.05,1.6,0.054351857646907226,0.777777777777778,0.7594578000000007,0.055662957255433534,1.0241224433770741,0.9764457428571435,0.16988152042668445,0.3276575175194286
0.005,2000,0.05,1.7,0.06288561908292029,1.0,0.9764456000000004,0.06440258329078473,1.0241225932094935,0.9764456000000004,0.16988152042668445,0.3791029367351281
0.005,2000,0.05,1.75,0.08098262520467157,1.0,1.0,0.08098262520467157,1.0,1.0,0.16988152042668445,0.47670061464761343
0.005,2000,0.05,1.8,0.09645405394343272,1.0,1.0,0.09645405394343272,1.0,1.0,0.16988152042668445,0.5677724905049886
0.005,2000,0.05,1.85,0.1136345082550531,1.0,1.0,0.1136345082550531,1.0,1.0,0.16988152042668445,0.6689044692421046
0.005,2000,0.05,1.9,0.12049749051022711,1.0,1.0,0.12049749051022711,1.0,1.0,0.16988152042668445,0.7093031084698236
0.005,2000,0.05,1.95,0.13638788023205595,1.0,1.0,0.13638788023205595,1.0,1.0,0.16988152042668445,0.8028411794849499
0.005,2000,0.05,2.0,0.15830685829417687,1.0,1.0,0.15830685829417687,1.0,1.0,0.16988152042668445,0.931866267128785
0.005,2000,0.05,2.05,0.1636779490931547,1.0,1.0,0.1636779490931547,1.0,1.0,0.16988152042668445,0.9634829537789131
0.005,2000,0.05,2.1,0.17592222058382107,1.0,1.0,0.17592222058382107,1.0,1.0,0.16988152042668445,1.0355583122988565
0.005,2000,0.05,2.15,0.23122569613793773,0.7500000000000006,1.0,0.17341927210345343,0.7500000000000006,1.3333333333333324,0.16988152042668445,1.0208248176016046
0.005,2000,0.05,2.2,0.34036181583997865,0.4999999999999989,1.0,0.17018090791998894,0.49999999999999883,2.0000000000000044,0.16988152042668445,1.0017623311385049
0.005,2000,0.05,2.25,0.6164185697618352,0.25,1.0,0.1541046424404588,0.25,4.0,0.16988152042668445,0.9071301107583714
0.005,2000,0.05,2.3,0.553651743144218,0.25,1.0,0.1384129357860545,0.25,4.0,0.16988152042668445,0.8147615787662389
0.005,2000,0.05,2.35,0.48416095670308185,0.25,1.0,0.12104023917577046,0.25,4.0,0.16988152042668445,0.7124979743044367
0.005,2000,0.05,2.4,0.4287855796530784,0.25,1.0,0.1071963949132696,0.25,4.0,0.16988152042668445,0.631006801940722
0.005,2000,0.05,2.45,0.48719070045476914,0.25,1.0,0.12179767511369229,0.25,4.0,0.16988152042668445,0.716956587201351
0.005,2000,0.05,2.5,0.2981463043072749,0.25,0.9889805000000003,0.07536708365515671,0.2527855705951735,3.955922000000001,0.16988152042668445,0.44364497954727683
0.005,2000,0.05,2.55,0.3087104211211304,0.25,0.8155164500000005,0.09463647885984709,0.3065542086857964,3.262065800000002,0.16988152042668445,0.5570734157673686
0.005,2000,0.05,2.6,0.2668884481060637,0.25,0.6420524000000007,0.10392004145847886,0.3893763188175914,2.568209600000003,0.16988152042668445,0.6117206933247781
0.005,2000,0.05,2.65,0.22490288920294732,0.25,0.468588350000001,0.1199895863837347,0.5335173185590284,1.874353400000004,0.16988152042668445,0.7063133534616466
0.005,2000,0.05,2.7,0.18019851403858664,0.25,0.29512429999999945,0.15264628669901714,0.8471006962151219,1.1804971999999978,0.16988152042668445,0.8985455646713175
0.005,2000,0.05,2.75,0.13579509626377007,0.25,0.25,0.13579509626377007,1.0,1.0,0.16988152042668445,0.7993517830703368
0.005,2000,0.05,2.8,0.16898335794677094,0.25,0.25,0.16898335794677094,1.0,1.0,0.16988152042668445,0.9947130065844854
0.005,2000,0.05,2.85,0.1279603743276002,0.25,0.25,0.1279603743276002,1.0,1.0,0.16988152042668445,0.7532330415115628
0.005,2000,0.05,2.9,0.13801618883024516,0.25,0.25,0.13801618883024516,1.0,1.0,0.16988152042668445,0.8124261454900779
0.005,2000,0.05,2.95,0.10519675477060086,0.25,0.25,0.10519675477060086,1.0,1.0,0.16988152042668445,0.6192360093457046
0.005,2000,0.05,3.0,0.12332598761769208,0.25,0.25,0.12332598761769208,1.0,1.0,0.16988152042668445,0.7259529306539008
0.005,2000,0.05,3.1,0.1444346695389083,0.1666666666666667,0.25,0.09628977969260556,0.6666666666666669,1.4999999999999996,0.16988152042668445,0.5668054974476239
0.005,2000,0.05,3.2,0.12292594375352556,0.1944444444444445,0.25,0.09560906736385325,0.777777777777778,1.2857142857142854,0.16988152042668445,0.5627985146572498
0.005,2000,0.05,3.3,0.10454642291425498,0.22222222222222218,0.25,0.09293015370155996,0.8888888888888887,1.1250000000000002,0.16988152042668445,0.5470292087576748
0.005,2000,0.05,3.4,0.09571394221517408,0.25,0.25,0.09571394221517408,1.0,1.0,0.16988152042668445,0.5634158557962826
0.005,2000,0.05,3.45,0.09033992376669701,0.25,0.25,0.09033992376669701,1.0,1.0,0.16988152042668445,0.5317819356678345
0.005,2000,0.05,3.5,0.10435036479886069,0.25,0.25,0.10435036479886069,1.0,1.0,0.16988152042668445,0.6142537724925475
0.005,2000,0.05,3.55,0.10827308775077,0.25,0.25,0.10827308775077,1.0,1.0,0.16988152042668445,0.6373447063507846
0.005,2000,0.05,3.6,0.10804662020328659,0.25,0.25,0.10804662020328659,1.0,1.0,0.16988152042668445,0.6360116152240122
0.005,2000,0.05,3.65,0.10529108402373961,0.25,0.25,0.10529108402373961,1.0,1.0,0.16988152042668445,0.6197912742909548
0.005,2000,0.05,3.7,0.11960070832584044,0.25,0.25,0.11960070832584044,1.0,1.0,0.16988152042668445,0.704024240102421
0.005,2000,0.05,3.75,0.12985417085468634,0.25,0.25,0.12985417085468634,1.0,1.0,0.16988152042668445,0.7643807903798892
0.005,2000,0.05,3.8,0.12936533702764244,0.25,0.25,0.12936533702764244,1.0,1.0,0.16988152042668445,0.7615032918396353
0.005,2000,0.05,3.85,0.12638638736538885,0.25,0.25,0.12638638736538885,1.0,1.0,0.16988152042668445,0.7439678373960237
0.005,2000,0.05,3.9,0.13707611472993408,0.25,0.25,0.13707611472993408,1.0,1.0,0.16988152042668445,0.8068924411886922
0.005,2000,0.05,4.0,0.1321962005127011,0.25,0.25,0.1321962005127011,1.0,1.0,0.16988152042668445,0.7781670435999708
0.005,2000,0.05,4.1,0.1332687874163167,0.25,0.25,0.1332687874163167,1.0,1.0,0.16988152042668445,0.7844807786131827
0.005,2000,0.05,4.2,0.13622290354509428,0.25,0.24556180000000039,0.13868494972049203,1.018073658036387,0.9822472000000015,0.16988152042668445,0.8163627766702507
0.01,483,0.3,1.5,0.08912010673656105,0.5555555555555556,0.5424700000000002,0.09126987742953632,1.0241221736788308,0.9764460000000004,0.44675132906941567,0.20429682351399323
0.01,483,0.3,1.6,0.06631061875972952,0.777777777777778,0.7594578000000007,0.06791019290605983,1.024122443377074,0.9764457428571435,0.44675132906941567,0.15200893312957112
0.01,483,0.3,1.7,0.060863713176562716,1.0,0.9764456000000004,0.062331903770740216,1.0241225932094933,0.9764456000000004,0.44675132906941567,0.13952259280476625
0.01,483,0.3,1.75,0.06492669214540375,1.0,1.0,0.06492669214540375,1.0,1.0,0.44675132906941567,0.1453307196212404
0.01,483,0.3,1.8,0.07557955891263428,1.0,1.0,0.07557955891263428,1.0,1.0,0.44675132906941567,0.16917590165890883
0.01,483,0.3,1.85,0.08752388534752115,1.0,1.0,0.08752388534752115,1.0,1.0,0.44675132906941567,0.19591186338456712
0.01,483,0.3,1.9,0.08824272674089798,1.0,1.0,0.08824272674089798,1.0,1.0,0.44675132906941567,0.1975209048056059
0.01,483,0.3,1.95,0.10979744481174146,1.0,1.0,0.10979744481174146,1.0,1.0,0.44675132906941567,0.24576859131107648
0.01,483,0.3,2.0,0.11961438946323694,1.0,1.0,0.11961438946323694,1.0,1.0,0.44675132906941567,0.2677426605812098
0.01,483,0.3,2.05,0.13421311418921011,1.0,1.0,0.13421311418921011,1.0,1.0,0.44675132906941567,0.3004201788694763
0.01,483,0.3,2.1,0.15807618791602487,1.0,1.0,0.15807618791602487,1.0,1.0,0.44675132906941567,0.3538348464352597
0.01,483,0.3,2.15,0.18789151768044765,0.7500000000000006,1.0,0.14091863826033585,0.7500000000000006,1.3333333333333324,0.44675132906941567,0.3154297012476041
0.01,483,0.3,2.2,0.3172512233432728,0.4999999999999989,1.0,0.15862561167163605,0.4999999999999989,2.0000000000000044,0.44675132906941567,0.3550646665160542
0.01,483,0.3,2.25,0.7127879048251035,0.25,1.0,0.17819697620627586,0.25,4.0,0.44675132906941567,0.3988728507589685
0.01,483,0.3,2.3,0.5806866074195242,0.25,1.0,0.14517165185488104,0.25,4.0,0.44675132906941567,0.32494956905281963
0.01,483,0.3,2.35,0.630172831871769,0.25,1.0,0.15754320796794224,0.25,4.0,0.44675132906941567,0.3526418338723361
0.01,483,0.3,2.4,0.694615467401154,0.25,1.0,0.1736538668502885,0.25,4.0,0.44675132906941567,0.38870363790972934
0.01,483,0.3,2.45,0.5928146259747915,0.25,1.0,0.14820365649369788,0.25,4.0,0.44675132906941567,0.3317363527544653
0.01,483,0.3,2.5,0.5902532664808762,0.25,0.9889805000000003,0.14920750876303324,0.2527855705951734,3.955922000000001,0.44675132906941567,0.33398335730490813
0.01,483,0.3,2.55,0.610982433535006,0.25,0.8155164500000005,0.18729923643324597,0.3065542086857964,3.262065800000002,0.44675132906941567,0.4192471834910728
0.01,483,0.3,2.6,0.6491916000690634,0.25,0.6420524000000007,0.2527798354421939,0.3893763188175914,2.568209600000003,0.44675132906941567,0.5658177580998697
0.01,483,0.3,2.65,0.497586310739167,0.25,0.468588350000001,0.26547091425723984,0.5335173185590284,1.874353400000004,0.44675132906941567,0.594225236688644
0.01,483,0.3,2.7,0.5385087930244729,0.25,0.29512429999999945,0.4561711734889959,0.8471006962151219,1.1804971999999978,0.44675132906941567,1.0210852073774503
0.01,483,0.3,2.75,0.4469789950262637,0.25,0.25,0.4469789950262637,1.0,1.0,0.44675132906941567,1.0005096033118073
0.01,483,0.3,2.8,0.4675347227822102,0.25,0.25,0.4675347227822102,1.0,1.0,0.44675132906941567,1.0465211681766822
0.01,483,0.3,2.85,0.41115422731158385,0.25,0.25,0.41115422731158385,1.0,1.0,0.44675132906941567,0.9203200988075835
0.01,483,0.3,2.9,0.4460683311988715,0.25,0.25,0.4460683311988715,1.0,1.0,0.44675132906941567,0.9984711900645783
0.01,483,0.3,2.95,0.3165512083863892,0.25,0.25,0.3165512083863892,1.0,1.0,0.44675132906941567,0.7085624323620174
0.01,483,0.3,3.0,0.37240713401265285,0.25,0.25,0.37240713401265285,1.0,1.0,0.44675132906941567,0.8335893141904648
0.01,483,0.3,3.1,0.43411155181095223,0.1666666666666667,0.25,0.2894077012073016,0.6666666666666669,1.4999999999999996,0.44675132906941567,0.647804902584484
0.01,483,0.3,3.2,0.2338118326517732,0.1944444444444445,0.25,0.18185364761804587,0.777777777777778,1.2857142857142854,0.44675132906941567,0.4070578771345741
0.01,483,0.3,3.3,0.23988930011797535,0.22222222222222218,0.25,0.21323493343820027,0.8888888888888887,1.1250000000000002,0.44675132906941567,0.47730117307623743
0.01,483,0.3,3.4,0.20127171189253532,0.25,0.25,0.20127171189253532,1.0,1.0,0.44675132906941567,0.45052291688037027
0.01,483,0.3,3.45,0.19096794276641205,0.25,0.25,0.19096794276641205,1.0,1.0,0.44675132906941567,0.4274591486145074
0.01,483,0.3,3.5,0.193774790329304,0.25,0.25,0.193774790329304,1.0,1.0,0.44675132906941567,0.43374194483749484
0.01,483,0.3,3.55,0.17521638344326562,0.25,0.25,0.17521638344326562,1.0,1.0,0.44675132906941567,0.3922011464593555
0.01,483,0.3,3.6,0.13378464220031092,0.25,0.25,0.13378464220031092,1.0,1.0,0.44675132906941567,0.2994610950100243
0.01,483,0.3,3.65,0.19492564044569116,0.25,0.25,0.19492564044569116,1.0,1.0,0.44675132906941567,0.4363179866789022
0.01,483,0.3,3.7,0.1642585609093611,0.25,0.25,0.1642585609093611,1.0,1.0,0.44675132906941567,0.36767335701387205
0.01,483,0.3,3.75,0.16677607772228906,0.25,0.25,0.16677607772228906,1.0,1.0,0.44675132906941567,0.37330852058052993
0.01,483,0.3,3.8,0.15875672043951194,0.25,0.25,0.15875672043951194,1.0,1.0,0.44675132906941567,0.3553581379829416
0.01,483,0.3,3.85,0.15764096099545963,0.25,0.25,0.15764096099545963,1.0,1.0,0.44675132906941567,0.35286064246037324
0.01,483,0.3,3.9,0.1743286668538946,0.25,0.25,0.1743286668538946,1.0,1.0,0.44675132906941567,0.39021409788980754
0.01,483,0.3,4.0,0.17631634183162995,0.25,0.25,0.17631634183162995,1.0,1.0,0.44675132906941567,0.3946632731880113
0.01,483,0.3,4.1,0.1517535502065812,0.25,0.25,0.1517535502065812,1.0,1.0,0.44675132906941567,0.3396823698827809
0.01,483,0.3,4.2,0.1528371707530278,0.25,0.24556180000000039,0.15559949751246688,1.0180736580363867,0.9822472000000015,0.44675132906941567,0.34829106795626347
0.01,580,0.25,1.5,0.09505259428938104,0.5555555555555556,0.5424700000000002,0.09734546947745293,1.0241221736788308,0.9764460000000004,0.38017577488928783,0.2560538464235424
0.01,580,0.25,1.6,0.06936357954205387,0.777777777777778,0.7594578000000007,0.07103679856198823,1.024122443377074,0.9764457428571435,0.38017577488928783,0.18685251205886297
0.01,580,0.25,1.7,0.06569995558993613,1.0,0.9764456000000004,0.06728480889251394,1.0241225932094933,0.9764456000000004,0.38017577488928783,0.1769834201353523
0.01,580,0.25,1.75,0.072841408388406,1.0,1.0,0.072841408388406,1.0,1.0,0.38017577488928783,0.1915992895907646
0.01,580,0.25,1.8,0.0879443186986666,1.0,1.0,0.0879443186986666,1.0,1.0,0.38017577488928783,0.23132541447249536
0.01,580,0.25,1.85,0.09398039368207943,1.0,1.0,0.09398039368207943,1.0,1.0,0.38017577488928783,0.2472024781417168
0.01,580,0.25,1.9,0.11330003562122043,1.0,1.0,0.11330003562122043,1.0,1.0,0.38017577488928783,0.2980201346448623
0.01,580,0.25,1.95,0.11257306837047372,1.0,1.0,0.11257306837047372,1.0,1.0,0.38017577488928783,0.296107947444196
0.01,580,0.25,2.0,0.14197599708242487,1.0,1.0,0.14197599708242487,1.0,1.0,0.38017577488928783,0.3734483006545331
0.01,580,0.25,2.05,0.14247114660574461,1.0,1.0,0.14247114660574461,1.0,1.0,0.38017577488928783,0.37475072326013953
0.01,580,0.25,2.1,0.1580720812436953,1.0,1.0,0.1580720812436953,1.0,1.0,0.38017577488928783,0.4157868325243184
0.01,580,0.25,2.15,0.21305821239241332,0.7500000000000006,1.0,0.1597936592943101,0.7500000000000006,1.3333333333333324,0.38017577488928783,0.42031520640904624
0.01,580,0.25,2.2,0.3476254060313481,0.4999999999999989,1.0,0.17381270301567367,0.4999999999999989,2.0000000000000044,0.38017577488928783,0.45719036955021713
0.01,580,0.25,2.25,0.7078370914899427,0.25,1.0,0.17695927287248567,0.25,4.0,0.38017577488928783,0.4654669880636622
0.01,580,0.25,2.3,0.7486163907006044,0.25,1.0,0.1871540976751511,0.25,4.0,0.38017577488928783,0.49228307019207845
0.01,580,0.25,2.35,0.766111312564107,0.25,1.0,0.19152782814102676,0.25,4.0,0.38017577488928783,0.5037875656248801
0.01,580,0.25,2.4,0.6853874795528945,0.25,1.0,0.17134686988822362,0.25,4.0,0.38017577488928783,0.4507043352199968
0.01,580,0.25,2.45,0.6264515001001312,0.25,1.0,0.1566128750250328,0.25,4.0,0.38017577488928783,0.41194859159724345
0.01,580,0.25,2.5,0.630997923313991,0.25,0.9889805000000003,0.1595071700892967,0.2527855705951735,3.955922000000001,0.38017577488928783,0.41956163602414515
0.01,580,0.25,2.55,0.6270921204414486,0.25,0.8155164500000005,0.1922377287550264,0.3065542086857964,3.262065800000002,0.38017577488928783,0.5056548613888103
0.01,580,0.25,2.6,0.4833778033342425,0.25,0.6420524000000007,0.188215869660421,0.3893763188175914,2.568209600000003,0.38017577488928783,0.4950759151217142
0.01,580,0.25,2.65,0.5417634388136315,0.25,0.468588350000001,0.2890401771691669,0.5335173185590283,1.874353400000004,0.38017577488928783,0.7602803657159355
0.01,580,0.25,2.7,0.44932408398408374,0.25,0.29512429999999945,0.3806227443691392,0.8471006962151217,1.1804971999999978,0.38017577488928783,1.0011756916389045
0.01,580,0.25,2.75,0.5215698228184192,0.25,0.25,0.5215698228184192,1.0,1.0,0.38017577488928783,1.3719175635804444
0.01,580,0.25,2.8,0.3970038328691058,0.25,0.25,0.3970038328691058,1.0,1.0,0.38017577488928783,1.0442638881573096
0.01,580,0.25,2.85,0.3719792712299416,0.25,0.25,0.3719792712299416,1.0,1.0,0.38017577488928783,0.9784402263354809
0.01,580,0.25,2.9,0.3788348664497338,0.25,0.25,0.3788348664497338,1.0,1.0,0.38017577488928783,0.9964729250832868
0.01,580,0.25,2.95,0.345861418128183,0.25,0.25,0.345861418128183,1.0,1.0,0.38017577488928783,0.9097408119412721
0.01,580,0.25,3.0,0.3172611728707802,0.25,0.25,0.3172611728707802,1.0,1.0,0.38017577488928783,0.8345118069744734
0.01,580,0.25,3.1,0.3905023672380763,0.1666666666666667,0.25,0.26033491149205096,0.6666666666666669,1.4999999999999996,0.38017577488928783,0.6847751190034764
0.01,580,0.25,3.2,0.3377636783757611,0.1944444444444445,0.25,0.2627050831811476,0.777777777777778,1.2857142857142854,0.38017577488928783,0.6910095290991405
0.01,580,0.25,3.3,0.23860650823054108,0.22222222222222218,0.25,0.21209467398270315,0.8888888888888887,1.1250000000000002,0.38017577488928783,0.5578858201695464
0.01,580,0.25,3.4,0.2338222738287722,0.25,0.25,0.2338222738287722,1.0,1.0,0.38017577488928783,0.6150372782086505
0.01,580,0.25,3.45,0.17249540697622304,0.25,0.25,0.17249540697622304,1.0,1.0,0.38017577488928783,0.45372540379895576
0.01,580,0.25,3.5,0.21865302899208994,0.25,0.25,0.21865302899208994,1.0,1.0,0.38017577488928783,0.575136669493906
0.01,580,0.25,3.55,0.17432843803149745,0.25,0.25,0.17432843803149745,1.0,1.0,0.38017577488928783,0.45854693945784464
0.01,580,0.25,3.6,0.15948167813100736,0.25,0.25,0.15948167813100736,1.0,1.0,0.38017577488928783,0.419494582939827
0.01,580,0.25,3.65,0.17869515730371885,0.25,0.25,0.17869515730371885,1.0,1.0,0.38017577488928783,0.47003299291165307
0.01,580,0.25,3.7,0.1642911218744414,0.25,0.25,0.1642911218744414,1.0,1.0,0.38017577488928783,0.4321451621221397
0.01,580,0.25,3.75,0.15051264350191254,0.25,0.25,0.15051264350191254,1.0,1.0,0.38017577488928783,0.39590277298900434
0.01,580,0.25,3.8,0.1417955433569496,0.25,0.25,0.1417955433569496,1.0,1.0,0.38017577488928783,0.3729736419903197
0.01,580,0.25,3.85,0.15739551626361223,0.25,0.25,0.15739551626361223,1.0,1.0,0.38017577488928783,0.4140072215528406
0.01,580,0.25,3.9,0.16469419306590893,0.25,0.25,0.16469419306590893,1.0,1.0,0.38017577488928783,0.43320538536120573
0.01,580,0.25,4.0,0.15154041864577544,0.25,0.25,0.15154041864577544,1.0,1.0,0.38017577488928783,0.3986061939109771
0.01,580,0.25,4.1,0.15526258560734005,0.25,0.25,0.15526258560734005,1.0,1.0,0.38017577488928783,0.4083968413099297
0.01,580,0.25,4.2,0.14416718577778695,0.25,0.24556180000000039,0.1467728141936029,1.0180736580363867,0.9822472000000015,0.38017577488928783,0.3860656672202354
0.01,725,0.2,1.5,0.09981308337103108,0.5555555555555556,0.5424700000000002,0.10222079190352672,1.0241221736788308,0.9764460000000004,0.3891059704731166,0.26270681937682877
0.01,725,0.2,1.6,0.07924554391361448,0.777777777777778,0.7594578000000007,0.08115714005955608,1.0241224433770741,0.9764457428571435,0.3891059704731166,0.2085733610329252
0.01,725,0.2,1.7,0.06963303184297431,1.0,0.9764456000000004,0.07131276114406608,1.0241225932094933,0.9764456000000004,0.3891059704731166,0.18327336652623552
0.01,725,0.2,1.75,0.08166159342653231,1.0,1.0,0.08166159342653231,1.0,1.0,0.3891059704731166,0.2098698031470435
0.01,725,0.2,1.8,0.09774193552612878,1.0,1.0,0.09774193552612878,1.0,1.0,0.3891059704731166,0.25119618546917616
0.01,725,0.2,1.85,0.10666470960110609,1.0,1.0,0.10666470960110609,1.0,1.0,0.3891059704731166,0.274127661087831
0.01,725,0.2,1.9,0.13723916403417835,1.0,1.0,0.13723916403417835,1.0,1.0,0.3891059704731166,0.35270382478919127
0.01,725,0.2,1.95,0.14068508789074674,1.0,1.0,0.14068508789074674,1.0,1.0,0.3891059704731166,0.3615598283410732
0.01,725,0.2,2.0,0.15792413002498681,1.0,1.0,0.15792413002498681,1.0,1.0,0.3891059704731166,0.40586406277180936
0.01,725,0.2,2.05,0.1603511967229929,1.0,1.0,0.1603511967229929,1.0,1.0,0.3891059704731166,0.4121016095641523
0.01,725,0.2,2.1,0.19135337540930691,1.0,1.0,0.19135337540930691,1.0,1.0,0.3891059704731166,0.4917770220195774
0.01,725,0.2,2.15,0.2520337333805512,0.7500000000000006,1.0,0.18902530003541354,0.7500000000000006,1.3333333333333324,0.3891059704731166,0.48579388233384435
0.01,725,0.2,2.2,0.3919425179322328,0.4999999999999989,1.0,0.19597125896611595,0.4999999999999989,2.0000000000000044,0.3891059704731166,0.5036449549407662
0.01,725,0.2,2.25,0.7873772735175594,0.25,1.0,0.19684431837938984,0.25,4.0,0.3891059704731166,0.5058887123732527
0.01,725,0.2,2.3,0.8159285974439335,0.25,1.0,0.20398214936098338,0.25,4.0,0.3891059704731166,0.5242328949950578
0.01,725,0.2,2.35,0.7505363870026143,0.25,1.0,0.18763409675065357,0.25,4.0,0.3891059704731166,0.4822184982731259
0.01,725,0.2,2.4,0.63660228572641,0.25,1.0,0.1591505714316025,0.25,4.0,0.3891059704731166,0.4090160097982825
0.01,725,0.2,2.45,0.6972934003097001,0.25,1.0,0.17432335007742503,0.25,4.0,0.3891059704731166,0.4480099595117085
0.01,725,0.2,2.5,0.6433123908866223,0.25,0.9889805000000003,0.16262008980122009,0.2527855705951735,3.955922000000001,0.3891059704731166,0.41793265110655897
0.01,725,0.2,2.55,0.6146047474115554,0.25,0.8155164500000005,0.18840967199728312,0.3065542086857964,3.262065800000002,0.3891059704731166,0.48421172198461643
0.01,725,0.2,2.6,0.5840836183836386,0.25,0.6420524000000007,0.22742832920788006,0.3893763188175914,2.568209600000003,0.3891059704731166,0.5844894359532659
0.01,725,0.2,2.65,0.47839582766426314,0.25,0.468588350000001,0.2552324591852647,0.5335173185590284,1.874353400000004,0.3891059704731166,0.6559458824929513
0.01,725,0.2,2.7,0.4680128741380905,0.25,0.29512429999999945,0.3964540315200166,0.8471006962151217,1.1804971999999978,0.3891059704731166,1.0188844726231403
0.01,725,0.2,2.75,0.45009330763452254,0.25,0.25,0.45009330763452254,1.0,1.0,0.3891059704731166,1.156737089094909
0.01,725,0.2,2.8,0.3930765450906228,0.25,0.25,0.3930765450906228,1.0,1.0,0.3891059704731166,1.010204352846805
0.01,725,0.2,2.85,0.3738076934117501,0.25,0.25,0.3738076934117501,1.0,1.0,0.3891059704731166,0.960683520114674
0.01,725,0.2,2.9,0.3771942466205982,0.25,0.25,0.3771942466205982,1.0,1.0,0.3891059704731166,0.9693869414595851
0.01,725,0.2,2.95,0.2387126101046493,0.25,0.25,0.2387126101046493,1.0,1.0,0.3891059704731166,0.6134899698773498
0.01,725,0.2,3.0,0.30886362103956605,0.25,0.25,0.30886362103956605,1.0,1.0,0.3891059704731166,0.7937776453648775
0.01,725,0.2,3.1,0.30416066899685457,0.1666666666666667,0.25,0.20277377933123644,0.6666666666666669,1.4999999999999996,0.3891059704731166,0.5211273912982687
0.01,725,0.2,3.2,0.2552088504071057,0.1944444444444445,0.25,0.19849577253886005,0.777777777777778,1.2857142857142854,0.3891059704731166,0.5101329396141305
0.01,725,0.2,3.3,0.21548532775766607,0.22222222222222218,0.25,0.19154251356236981,0.8888888888888887,1.1250000000000002,0.3891059704731166,0.492263105933512
0.01,725,0.2,3.4,0.1829631586579871,0.25,0.25,0.1829631586579871,1.0,1.0,0.3891059704731166,0.4702142155144033
0.01,725,0.2,3.45,0.16917216982210012,0.25,0.25,0.16917216982210012,1.0,1.0,0.3891059704731166,0.4347714572881072
0.01,725,0.2,3.5,0.17492939864346835,0.25,0.25,0.17492939864346835,1.0,1.0,0.3891059704731166,0.4495675006753828
0.01,725,0.2,3.55,0.1798927553414116,0.25,0.25,0.1798927553414116,1.0,1.0,0.3891059704731166,0.46232329748803075
0.01,725,0.2,3.6,0.1673324768824392,0.25,0.25,0.1673324768824392,1.0,1.0,0.3891059704731166,0.43004345751615813
0.01,725,0.2,3.65,0.18426642747066382,0.25,0.25,0.18426642747066382,1.0,1.0,0.3891059704731166,0.47356360851161705
0.01,725,0.2,3.7,0.17415028137602837,0.25,0.25,0.17415028137602837,1.0,1.0,0.3891059704731166,0.4475651739917479
0.01,725,0.2,3.75,0.15786668008746366,0.25,0.25,0.15786668008746366,1.0,1.0,0.3891059704731166,0.4057164167784742
0.01,725,0.2,3.8,0.1665589038086745,0.25,0.25,0.1665589038086745,1.0,1.0,0.3891059704731166,0.42805537937686844
0.01,725,0.2,3.85,0.1645026303936398,0.25,0.25,0.1645026303936398,1.0,1.0,0.3891059704731166,0.4227707690879683
0.01,725,0.2,3.9,0.16660765468259287,0.25,0.25,0.16660765468259287,1.0,1.0,0.3891059704731166,0.4281806688291456
0.01,725,0.2,4.0,0.15319060405692767,0.25,0.25,0.15319060405692767,1.0,1.0,0.3891059704731166,0.3936989295503797
0.01,725,0.2,4.1,0.15347072081044574,0.25,0.25,0.15347072081044574,1.0,1.0,0.3891059704731166,0.3944188279193959
0.01,725,0.2,4.2,0.15190331068836696,0.25,0.24556180000000039,0.15464875918034351,1.0180736580363867,0.9822472000000015,0.3891059704731166,0.3974463794331015
0.01,967,0.15,1.5,0.09838269520523056,0.5555555555555556,0.5424700000000002,0.10075589966596261,1.0241221736788308,0.9764460000000004,0.3345399207925819,0.3011775079854589
0.01,967,0.15,1.6,0.08643396778858518,0.777777777777778,0.7594578000000007,0.08851896628242117,1.0241224433770741,0.9764457428571435,0.3345399207925819,0.26459911293308347
0.01,967,0.15,1.7,0.08111343660453407,1.0,0.9764456000000004,0.08307010303956927,1.0241225932094933,0.9764456000000004,0.3345399207925819,0.2483114805634021
0.01,967,0.15,1.75,0.10149197011510702,1.0,1.0,0.10149197011510702,1.0,1.0,0.3345399207925819,0.3033777549616659
0.01,967,0.15,1.8,0.11691038197173309,1.0,1.0,0.11691038197173309,1.0,1.0,0.3345399207925819,0.3494661614516813
0.01,967,0.15,1.85,0.12663345500882234,1.0,1.0,0.12663345500882234,1.0,1.0,0.3345399207925819,0.378530175737491
0.01,967,0.15,1.9,0.1485375743170255,1.0,1.0,0.1485375743170255,1.0,1.0,0.3345399207925819,0.4440055284437049
0.01,967,0.15,1.95,0.15729422768860504,1.0,1.0,0.15729422768860504,1.0,1.0,0.3345399207925819,0.47018074051057435
0.01,967,0.15,2.0,0.17171696619733323,1.0,1.0,0.17171696619733323,1.0,1.0,0.3345399207925819,0.5132929002628642
0.01,967,0.15,2.05,0.20674515225497292,1.0,1.0,0.20674515225497292,1.0,1.0,0.3345399207925819,0.6179984492288949
0.01,967,0.15,2.1,0.21819059126590332,1.0,1.0,0.21819059126590332,1.0,1.0,0.3345399207925819,0.6522109252282142
0.01,967,0.15,2.15,0.2689404830148122,0.7500000000000006,1.0,0.2017053622611093,0.7500000000000006,1.3333333333333324,0.3345399207925819,0.6029336103841809
0.01,967,0.15,2.2,0.3853417729652825,0.4999999999999989,1.0,0.19267088648264083,0.49999999999999895,2.0000000000000044,0.3345399207925819,0.5759279371686667
0.01,967,0.15,2.25,1.004435589654522,0.25,1.0,0.2511088974136305,0.25,4.0,0.3345399207925819,0.750609663620147
0.01,967,0.15,2.3,0.8978437596656426,0.25,1.0,0.22446093991641064,0.25,4.0,0.3345399207925819,0.6709541252494607
0.01,967,0.15,2.35,0.8185459622932807,0.25,1.0,0.20463649057332017,0.25,4.0,0.3345399207925819,0.6116952801581993
0.01,967,0.15,2.4,0.7973410104965236,0.25,1.0,0.1993352526241309,0.25,4.0,0.3345399207925819,0.5958489263459854
0.01,967,0.15,2.45,0.6203549069919633,0.25,1.0,0.15508872674799082,0.25,4.0,0.3345399207925819,0.46358810147548096
0.01,967,0.15,2.5,0.6488248993443396,0.25,0.9889805000000003,0.16401357239711487,0.2527855705951734,3.955922000000001,0.3345399207925819,0.49026607051421206
0.01,967,0.15,2.55,0.564456556172029,0.25,0.8155164500000005,0.17303653291482612,0.3065542086857964,3.262065800000002,0.3345399207925819,0.5172373225439678
0.01,967,0.15,2.6,0.46472019558472627,0.25,0.6420524000000007,0.1809510390369718,0.3893763188175914,2.568209600000003,0.3345399207925819,0.5408952049975622
0.01,967,0.15,2.65,0.4895719470081381,0.25,0.468588350000001,0.26119511240950455,0.5335173185590283,1.874353400000004,0.3345399207925819,0.7807591745424253
0.01,967,0.15,2.7,0.43685721179409637,0.25,0.29512429999999945,0.37006204825737593,0.8471006962151217,1.1804971999999978,0.3345399207925819,1.1061820286817672
0.01,967,0.15,2.75,0.37667576267086583,0.25,0.25,0.37667576267086583,1.0,1.0,0.3345399207925819,1.1259516107329044
0.01,967,0.15,2.8,0.3389964796170309,0.25,0.25,0.3389964796170309,1.0,1.0,0.3345399207925819,1.0133214559682164
0.01,967,0.15,2.85,0.2716120015908253,0.25,0.25,0.2716120015908253,1.0,1.0,0.3345399207925819,0.8118971300863896
0.01,967,0.15,2.9,0.3211702443192349,0.25,0.25,0.3211702443192349,1.0,1.0,0.3345399207925819,0.9600356320953507
0.01,967,0.15,2.95,0.2757935430494354,0.25,0.25,0.2757935430494354,1.0,1.0,0.3345399207925819,0.8243965096782281
0.01,967,0.15,3.0,0.2893331419303229,0.25,0.25,0.2893331419303229,1.0,1.0,0.3345399207925819,0.8648688062245115
0.01,967,0.15,3.1,0.2561761658806645,0.1666666666666667,0.25,0.1707841105871097,0.6666666666666669,1.4999999999999996,0.3345399207925819,0.5105044270426475
0.01,967,0.15,3.2,0.2343447699741134,0.1944444444444445,0.25,0.1822681544243105,0.777777777777778,1.2857142857142854,0.3345399207925819,0.5448322998118917
0.01,967,0.15,3.3,0.19799690104299125,0.22222222222222218,0.25,0.17599724537154776,0.8888888888888888,1.1250000000000002,0.3345399207925819,0.5260874246474991
0.01,967,0.15,3.4,0.15846421654789966,0.25,0.25,0.15846421654789966,1.0,1.0,0.3345399207925819,0.47367804766758786
0.01,967,0.15,3.45,0.14816479192285928,0.25,0.25,0.14816479192285928,1.0,1.0,0.3345399207925819,0.44289121481176813
0.01,967,0.15,3.5,0.16722890617427508,0.25,0.25,0.16722890617427508,1.0,1.0,0.3345399207925819,0.49987728154559674
0.01,967,0.15,3.55,0.1563065067705793,0.25,0.25,0.1563065067705793,1.0,1.0,0.3345399207925819,0.46722826501621284
0.01,967,0.15,3.6,0.1712211656848307,0.25,0.25,0.1712211656848307,1.0,1.0,0.3345399207925819,0.5118108633468278
0.01,967,0.15,3.65,0.17241298076560618,0.25,0.25,0.17241298076560618,1.0,1.0,0.3345399207925819,0.5153734130059293
0.01,967,0.15,3.7,0.16513943416568203,0.25,0.25,0.16513943416568203,1.0,1.0,0.3345399207925819,0.49363147385949835
0.01,967,0.15,3.75,0.16437498779494772,0.25,0.25,0.16437498779494772,1.0,1.0,0.3345399207925819,0.49134640614942293
0.01,967,0.15,3.8,0.1778362766338705,0.25,0.25,0.1778362766338705,1.0,1.0,0.3345399207925819,0.5315846198939312
0.01,967,0.15,3.85,0.18345734153706791,0.25,0.25,0.18345734153706791,1.0,1.0,0.3345399207925819,0.5483869940018707
0.01,967,0.15,3.9,0.17151245583193056,0.25,0.25,0.17151245583193056,1.0,1.0,0.3345399207925819,0.5126815819935284
0.01,967,0.15,4.0,0.1758095266422615,0.25,0.25,0.1758095266422615,1.0,1.0,0.3345399207925819,0.5255262995989802
0.01,967,0.15,4.1,0.18304910851939735,0.25,0.25,0.18304910851939735,1.0,1.0,0.3345399207925819,0.5471667120794521
0.01,967,0.15,4.2,0.16730927179489175,0.25,0.24556180000000039,0.1703331623596295,1.0180736580363867,0.9822472000000015,0.3345399207925819,0.509156461674533
0.01,1450,0.1,1.5,0.10257963053362891,0.5555555555555556,0.5424700000000002,0.1050540741972714,1.0241221736788308,0.9764460000000004,0.28555559213876935,0.36789359791707055
0.01,1450,0.1,1.6,0.10360954174036646,0.777777777777778,0.7594578000000007,0.10610885704432306,1.0241224433770741,0.9764457428571435,0.28555559213876935,0.37158738951523707
0.01,1450,0.1,1.7,0.0995634119856752,1.0,0.9764456000000004,0.10196513967155484,1.0241225932094933,0.9764456000000004,0.28555559213876935,0.3570763188626458
0.01,1450,0.1,1.75,0.11947924222508455,1.0,1.0,0.11947924222508455,1.0,1.0,0.28555559213876935,0.41840974407190773
0.01,1450,0.1,1.8,0.1488659781312911,1.0,1.0,0.1488659781312911,1.0,1.0,0.28555559213876935,0.521320479197437
0.01,1450,0.1,1.85,0.1702384288941879,1.0,1.0,0.1702384288941879,1.0,1.0,0.28555559213876935,0.5961656279224901
0.01,1450,0.1,1.9,0.19523848391382082,1.0,1.0,0.19523848391382082,1.0,1.0,0.28555559213876935,0.6837144475144518
0.01,1450,0.1,1.95,0.22417628489525915,1.0,1.0,0.22417628489525915,1.0,1.0,0.28555559213876935,0.785053037190453
0.01,1450,0.1,2.0,0.2329843913931651,1.0,1.0,0.2329843913931651,1.0,1.0,0.28555559213876935,0.8158985423753963
0.01,1450,0.1,2.05,0.2247689701220952,1.0,1.0,0.2247689701220952,1.0,1.0,0.28555559213876935,0.7871285883025743
0.01,1450,0.1,2.1,0.23897458527908474,1.0,1.0,0.23897458527908474,1.0,1.0,0.28555559213876935,0.8368758723623666
0.01,1450,0.1,2.15,0.3532514109275428,0.7500000000000006,1.0,0.2649385581956573,0.7500000000000006,1.3333333333333324,0.28555559213876935,0.9278002794878101
0.01,1450,0.1,2.2,0.5117091939497449,0.4999999999999989,1.0,0.2558545969748719,0.4999999999999989,2.0000000000000044,0.28555559213876935,0.8959887462142087
0.01,1450,0.1,2.25,1.0301503101896696,0.25,1.0,0.2575375775474174,0.25,4.0,0.28555559213876935,0.9018824517443306
0.01,1450,0.1,2.3,0.9557218745607728,0.25,1.0,0.2389304686401932,0.25,4.0,0.28555559213876935,0.836721378316002
0.01,1450,0.1,2.35,0.8900629752907782,0.25,1.0,0.22251574382269454,0.25,4.0,0.28555559213876935,0.7792379135568117
0.01,1450,0.1,2.4,0.829462461980502,0.25,1.0,0.2073656154951255,0.25,4.0,0.28555559213876935,0.7261829962494782
0.01,1450,0.1,2.45,0.7818301473267892,0.25,1.0,0.1954575368316973,0.25,4.0,0.28555559213876935,0.684481558801735
0.01,1450,0.1,2.5,0.5202227309224221,0.25,0.9889805000000003,0.13150479987280386,0.2527855705951735,3.955922000000001,0.28555559213876935,0.4605225864702991
0.01,1450,0.1,2.55,0.6144730881718061,0.25,0.8155164500000005,0.18836931130322562,0.3065542086857964,3.262065800000002,0.28555559213876935,0.6596589823101247
0.01,1450,0.1,2.6,0.5638667602064857,0.25,0.6420524000000007,0.21955636339280293,0.3893763188175914,2.568209600000003,0.28555559213876935,0.7688743258304209
0.01,1450,0.1,2.65,0.4416859724528324,0.25,0.468588350000001,0.235647115668172,0.5335173185590283,1.874353400000004,0.28555559213876935,0.825223256540731
0.01,1450,0.1,2.7,0.3411542457457894,0.25,0.29512429999999945,0.28899199908800294,0.8471006962151217,1.1804971999999978,0.28555559213876935,1.0120341083972315
0.01,1450,0.1,2.75,0.3419777469823922,0.25,0.25,0.3419777469823922,1.0,1.0,0.28555559213876935,1.1975872873685618
0.01,1450,0.1,2.8,0.3108584812450007,0.25,0.25,0.3108584812450007,1.0,1.0,0.28555559213876935,1.0886093279305666
0.01,1450,0.1,2.85,0.27254020121920597,0.25,0.25,0.27254020121920597,1.0,1.0,0.28555559213876935,0.9544208158485707
0.01,1450,0.1,2.9,0.2752463712910687,0.25,0.25,0.2752463712910687,1.0,1.0,0.28555559213876935,0.9638976748083058
0.01,1450,0.1,2.95,0.21315098102456148,0.25,0.25,0.21315098102456148,1.0,1.0,0.28555559213876935,0.7464430285819024
0.01,1450,0.1,3.0,0.20717300328130522,0.25,0.25,0.20717300328130522,1.0,1.0,0.28555559213876935,0.7255084788555879
0.01,1450,0.1,3.1,0.3352953170641291,0.1666666666666667,0.25,0.2235302113760861,0.6666666666666669,1.4999999999999996,0.28555559213876935,0.7827905232108316
0.01,1450,0.1,3.2,0.2194869507916804,0.1944444444444445,0.25,0.1707120728379737,0.7777777777777781,1.2857142857142854,0.28555559213876935,0.5978243029995155
0.01,1450,0.1,3.3,0.18104284801879056,0.22222222222222218,0.25,0.1609269760167027,0.8888888888888887,1.1250000000000002,0.28555559213876935,0.5635574313617301
0.01,1450,0.1,3.4,0.16412806240322533,0.25,0.25,0.16412806240322533,1.0,1.0,0.28555559213876935,0.5747674600729417
0.01,1450,0.1,3.45,0.15824685933819746,0.25,0.25,0.15824685933819746,1.0,1.0,0.28555559213876935,0.5541718099545934
0.01,1450,0.1,3.5,0.1670936339185911,0.25,0.25,0.1670936339185911,1.0,1.0,0.28555559213876935,0.5851527286406278
0.01,1450,0.1,3.55,0.16813457748812005,0.25,0.25,0.16813457748812005,1.0,1.0,0.28555559213876935,0.5887980558490093
0.01,1450,0.1,3.6,0.16565678467946832,0.25,0.25,0.16565678467946832,1.0,1.0,0.28555559213876935,0.5801209615217947
0.01,1450,0.1,3.65,0.18815403888130336,0.25,0.25,0.18815403888130336,1.0,1.0,0.28555559213876935,0.6589051101120357
0.01,1450,0.1,3.7,0.17844985699040533,0.25,0.25,0.17844985699040533,1.0,1.0,0.28555559213876935,0.6249215981162973
0.01,1450,0.1,3.75,0.19002463092703634,0.25,0.25,0.19002463092703634,1.0,1.0,0.28555559213876935,0.6654558207170094
0.01,1450,0.1,3.8,0.1837992424697036,0.25,0.25,0.1837992424697036,1.0,1.0,0.28555559213876935,0.6436548522586244
0.01,1450,0.1,3.85,0.19292805441413383,0.25,0.25,0.19292805441413383,1.0,1.0,0.28555559213876935,0.6756234503030779
0.01,1450,0.1,3.9,0.20016121872779388,0.25,0.25,0.20016121872779388,1.0,1.0,0.28555559213876935,0.7009535944598941
0.01,1450,0.1,4.0,0.19039036695448172,0.25,0.25,0.19039036695448172,1.0,1.0,0.28555559213876935,0.6667366081976749
0.01,1450,0.1,4.1,0.19123368491628953,0.25,0.25,0.19123368491628953,1.0,1.0,0.28555559213876935,0.6696898613820775
0.01,1450,0.1,4.2,0.18429443617745947,0.25,0.24556180000000039,0.18762531079493958,1.0180736580363867,0.9822472000000015,0.28555559213876935,0.6570535333931079
0.01,2900,0.05,1.5,0.10889668815529673,0.5555555555555556,0.5424700000000002,0.11152351298002827,1.0241221736788308,0.9764460000000004,0.30494553897393595,0.36571616477905033
0.01,2900,0.05,1.6,0.11391254497517933,0.777777777777778,0.7594578000000007,0.11666039389128151,1.0241224433770741,0.9764457428571435,0.30494553897393595,0.382561405173573
0.01,2900,0.05,1.7,0.12473707802812092,1.0,0.9764456000000004,0.1277460598195341,1.0241225932094933,0.9764456000000004,0.30494553897393595,0.4189143420473277
0.01,2900,0.05,1.75,0.17351076599323673,1.0,1.0,0.17351076599323673,1.0,1.0,0.30494553897393595,0.5689893565161053
0.01,2900,0.05,1.8,0.18725732799677253,1.0,1.0,0.18725732799677253,1.0,1.0,0.30494553897393595,0.6140681009036753
0.01,2900,0.05,1.85,0.21692793912336036,1.0,1.0,0.21692793912336036,1.0,1.0,0.30494553897393595,0.7113661667367479
0.01,2900,0.05,1.9,0.2459742435203652,1.0,1.0,0.2459742435203652,1.0,1.0,0.30494553897393595,0.8066169596971507
0.01,2900,0.05,1.95,0.26843845088434454,1.0,1.0,0.26843845088434454,1.0,1.0,0.30494553897393595,0.8802832525032881
0.01,2900,0.05,2.0,0.3226509731408928,1.0,1.0,0.3226509731408928,1.0,1.0,0.30494553897393595,1.0580609712361464
0.01,2900,0.05,2.05,0.29220648286602086,1.0,1.0,0.29220648286602086,1.0,1.0,0.30494553897393595,0.9582251435755421
0.01,2900,0.05,2.1,0.31328907241070597,1.0,1.0,0.31328907241070597,1.0,1.0,0.30494553897393595,1.027360732886416
0.01,2900,0.05,2.15,0.41225585467987663,0.7500000000000006,1.0,0.3091918910099077,0.7500000000000006,1.3333333333333324,0.30494553897393595,1.0139249521414861
0.01,2900,0.05,2.2,0.5471447905427349,0.4999999999999989,1.0,0.27357239527136684,0.4999999999999989,2.0000000000000044,0.30494553897393595,0.897118863230032
0.01,2900,0.05,2.25,1.1320240486084667,0.25,1.0,0.2830060121521167,0.25,4.0,0.30494553897393595,0.928054278493005
0.01,2900,0.05,2.3,1.0053741089509984,0.25,1.0,0.2513435272377496,0.25,4.0,0.30494553897393595,0.8242243125885905
0.01,2900,0.05,2.35,0.7960322389215146,0.25,1.0,0.19900805973037866,0.25,4.0,0.30494553897393595,0.6526019708305624
0.01,2900,0.05,2.4,0.8120824115190436,0.25,1.0,0.2030206028797609,0.25,4.0,0.30494553897393595,0.665760199551938
0.01,2900,0.05,2.45,0.7456678403629913,0.25,1.0,0.18641696009074782,0.25,4.0,0.30494553897393595,0.6113123042166592
0.01,2900,0.05,2.5,0.6540685901721707,0.25,0.9889805000000003,0.16533910177505282,0.2527855705951734,3.955922000000001,0.30494553897393595,0.5421922299023516
0.01,2900,0.05,2.55,0.47485186002723895,0.25,0.8155164500000005,0.14556783619362879,0.3065542086857964,3.262065800000002,0.30494553897393595,0.4773568312670763
0.01,2900,0.05,2.6,0.44996492828379686,0.25,0.6420524000000007,0.17520568737216632,0.3893763188175914,2.568209600000003,0.30494553897393595,0.5745474682518354
0.01,2900,0.05,2.65,0.4159602392124483,0.25,0.468588350000001,0.22192199145179742,0.5335173185590284,1.874353400000004,0.30494553897393595,0.7277430330625868
0.01,2900,0.05,2.7,0.31573025728099574,0.25,0.29512429999999945,0.26745532075891104,0.8471006962151219,1.1804971999999978,0.30494553897393595,0.8770592993713896
0.01,2900,0.05,2.75,0.25681025371729715,0.25,0.25,0.25681025371729715,1.0,1.0,0.30494553897393595,0.8421512070037104
0.01,2900,0.05,2.8,0.24795609678376143,0.25,0.25,0.24795609678376143,1.0,1.0,0.30494553897393595,0.8131159997226736
0.01,2900,0.05,2.85,0.24584868457381936,0.25,0.25,0.24584868457381936,1.0,1.0,0.30494553897393595,0.8062052174989592
0.01,2900,0.05,2.9,0.2187559374660968,0.25,0.25,0.2187559374660968,1.0,1.0,0.30494553897393595,0.717360674309763
0.01,2900,0.05,2.95,0.19026555577230383,0.25,0.25,0.19026555577230383,1.0,1.0,0.30494553897393595,0.6239329042572617
0.01,2900,0.05,3.0,0.20205224412108985,0.25,0.25,0.20205224412108985,1.0,1.0,0.30494553897393595,0.6625846857801041
0.01,2900,0.05,3.1,0.21228105457155944,0.1666666666666667,0.25,0.14152070304770634,0.6666666666666669,1.4999999999999996,0.30494553897393595,0.46408517246681963
0.01,2900,0.05,3.2,0.23206744207952792,0.1944444444444445,0.25,0.18049689939518845,0.7777777777777781,1.2857142857142854,0.30494553897393595,0.5918988026600243
0.01,2900,0.05,3.3,0.17329458029342376,0.22222222222222218,0.25,0.15403962692748777,0.8888888888888887,1.1250000000000002,0.30494553897393595,0.505138154982663
0.01,2900,0.05,3.4,0.16905032390079366,0.25,0.25,0.16905032390079366,1.0,1.0,0.30494553897393595,0.5543623444028889
0.01,2900,0.05,3.45,0.16514670901597447,0.25,0.25,0.16514670901597447,1.0,1.0,0.30494553897393595,0.5415613213154423
0.01,2900,0.05,3.5,0.17236834055641864,0.25,0.25,0.17236834055641864,1.0,1.0,0.30494553897393595,0.5652430303994418
0.01,2900,0.05,3.55,0.1664159034515632,0.25,0.25,0.1664159034515632,1.0,1.0,0.30494553897393595,0.5457233577231867
0.01,2900,0.05,3.6,0.17289957569363998,0.25,0.25,0.17289957569363998,1.0,1.0,0.30494553897393595,0.5669850960122355
0.01,2900,0.05,3.65,0.2205305705141838,0.25,0.25,0.2205305705141838,1.0,1.0,0.30494553897393595,0.7231801824555721
0.01,2900,0.05,3.7,0.21096141992715076,0.25,0.25,0.21096141992715076,1.0,1.0,0.30494553897393595,0.6918003150234044
0.01,2900,0.05,3.75,0.23304885207412604,0.25,0.25,0.23304885207412604,1.0,1.0,0.30494553897393595,0.7642310586286196
0.01,2900,0.05,3.8,0.21849322764590737,0.25,0.25,0.21849322764590737,1.0,1.0,0.30494553897393595,0.7164991768073782
0.01,2900,0.05,3.85,0.2094502807084814,0.25,0.25,0.2094502807084814,1.0,1.0,0.30494553897393595,0.686844875361116
0.01,2900,0.05,3.9,0.2163834313252117,0.25,0.25,0.2163834313252117,1.0,1.0,0.30494553897393595,0.7095805764310795
0.01,2900,0.05,4.0,0.2517004297443137,0.25,0.25,0.2517004297443137,1.0,1.0,0.30494553897393595,0.8253946937253831
0.01,2900,0.05,4.1,0.25217218904148514,0.25,0.25,0.25217218904148514,1.0,1.0,0.30494553897393595,0.8269417217578598
0.01,2900,0.05,4.2,0.257157831451521,0.25,0.24556180000000039,0.2618056141585546,1.0180736580363867,0.9822472000000015,0.30494553897393595,0.8585323629900072
0.015,483,0.3,1.5,0.1371634016567903,0.5555555555555556,0.5424700000000002,0.14047208105393463,1.0241221736788308,0.9764460000000004,0.6372715292764676,0.22042736039600103
0.015,483,0.3,1.6,0.10130154978311261,0.777777777777778,0.7594578000000007,0.10374519068176559,1.0241224433770741,0.9764457428571435,0.6372715292764676,0.16279589769144984
0.015,483,0.3,1.7,0.08846446061858379,1.0,0.9764456000000004,0.09059845281558312,1.0241225932094933,0.9764456000000004,0.6372715292764676,0.14216617038963747
0.015,483,0.3,1.75,0.09943700862384598,1.0,1.0,0.09943700862384598,1.0,1.0,0.6372715292764676,0.15603554223855373
0.015,483,0.3,1.8,0.11579182947076673,1.0,1.0,0.11579182947076673,1.0,1.0,0.6372715292764676,0.18169936071399911
0.015,483,0.3,1.85,0.12452790576684077,1.0,1.0,0.12452790576684077,1.0,1.0,0.6372715292764676,0.19540792275503777
0.015,483,0.3,1.9,0.12963689469740622,1.0,1.0,0.12963689469740622,1.0,1.0,0.6372715292764676,0.20342489620490456
0.015,483,0.3,1.95,0.1404311414972039,1.0,1.0,0.1404311414972039,1.0,1.0,0.6372715292764676,0.2203631184601072
0.015,483,0.3,2.0,0.16206582705684253,1.0,1.0,0.16206582705684253,1.0,1.0,0.6372715292764676,0.2543120469242452
0.015,483,0.3,2.05,0.19510092069204826,1.0,1.0,0.19510092069204826,1.0,1.0,0.6372715292764676,0.3061503797503052
0.015,483,0.3,2.1,0.1876526879097731,1.0,1.0,0.1876526879097731,1.0,1.0,0.6372715292764676,0.2944626886483167
0.015,483,0.3,2.15,0.2836659843010597,0.7500000000000006,1.0,0.21274948822579495,0.7500000000000006,1.3333333333333324,0.6372715292764676,0.33384433236385463
0.015,483,0.3,2.2,0.4373741003252017,0.4999999999999989,1.0,0.21868705016260037,0.49999999999999895,2.0000000000000044,0.6372715292764676,0.3431614941450293
0.015,483,0.3,2.25,0.872353720758395,0.25,1.0,0.21808843018959875,0.25,4.0,0.6372715292764676,0.3422221457738863
0.015,483,0.3,2.3,0.8782193321596341,0.25,1.0,0.21955483303990853,0.25,4.0,0.6372715292764676,0.3445232102070875
0.015,483,0.3,2.35,0.9114243140022725,0.25,1.0,0.22785607850056813,0.25,4.0,0.6372715292764676,0.3575494401252583
0.015,483,0.3,2.4,0.9915853942484852,0.25,1.0,0.2478963485621213,0.25,4.0,0.6372715292764676,0.3889964280117344
0.015,483,0.3,2.45,0.8536872802689647,0.25,1.0,0.21342182006724117,0.25,4.0,0.6372715292764676,0.33489934864900006
0.015,483,0.3,2.5,1.0497231936749047,0.25,0.9889805000000003,0.2653548764800986,0.2527855705951735,3.955922000000001,0.6372715292764676,0.41639217239372334
0.015,483,0.3,2.55,0.9475385891737726,0.25,0.8155164500000005,0.2904719424034218,0.30655420868579636,3.262065800000002,0.6372715292764676,0.4558056166940518
0.015,483,0.3,2.6,0.8336542650090398,0.25,0.6420524000000007,0.32460522887580473,0.3893763188175914,2.568209600000003,0.6372715292764676,0.5093672225469549
0.015,483,0.3,2.65,0.7402700373282667,0.25,0.468588350000001,0.3949468853249687,0.5335173185590284,1.874353400000004,0.6372715292764676,0.6197466341755068
0.015,483,0.3,2.7,0.769301765461616,0.25,0.29512429999999945,0.6516760611220572,0.8471006962151217,1.1804971999999978,0.6372715292764676,1.0226034448172256
0.015,483,0.3,2.75,0.6797328243481804,0.25,0.25,0.6797328243481804,1.0,1.0,0.6372715292764676,1.0666298322159813
0.015,483,0.3,2.8,0.7953748517682264,0.25,0.25,0.7953748517682264,1.0,1.0,0.6372715292764676,1.2480941250761084
0.015,483,0.3,2.85,0.5940579337396986,0.25,0.25,0.5940579337396986,1.0,1.0,0.6372715292764676,0.9321896655483229
0.015,483,0.3,2.9,0.5208011778983297,0.25,0.25,0.5208011778983297,1.0,1.0,0.6372715292764676,0.8172359096123851
0.015,483,0.3,2.95,0.4713120794254376,0.25,0.25,0.4713120794254376,1.0,1.0,0.6372715292764676,0.7395781198016902
0.015,483,0.3,3.0,0.46945618531559635,0.25,0.25,0.46945618531559635,1.0,1.0,0.6372715292764676,0.7366658696468019
0.015,483,0.3,3.1,0.6281455332417045,0.1666666666666667,0.25,0.4187636888278031,0.6666666666666669,1.4999999999999996,0.6372715292764676,0.6571197199147599
0.015,483,0.3,3.2,0.4873356599438995,0.1944444444444445,0.25,0.37903884662303305,0.777777777777778,1.2857142857142854,0.6372715292764676,0.5947839016963122
0.015,483,0.3,3.3,0.3672559750200714,0.22222222222222218,0.25,0.3264497555733967,0.8888888888888887,1.1250000000000002,0.6372715292764676,0.5122616350741961
0.015,483,0.3,3.4,0.3136418337983054,0.25,0.25,0.3136418337983054,1.0,1.0,0.6372715292764676,0.4921635745353346
0.015,483,0.3,3.45,0.29390430650652805,0.25,0.25,0.29390430650652805,1.0,1.0,0.6372715292764676,0.4611916475230192
0.015,483,0.3,3.5,0.25895280748873123,0.25,0.25,0.25895280748873123,1.0,1.0,0.6372715292764676,0.40634611086852696
0.015,483,0.3,3.55,0.21539059057325524,0.25,0.25,0.21539059057325524,1.0,1.0,0.6372715292764676,0.3379887232963334
0.015,483,0.3,3.6,0.22085659217954753,0.25,0.25,0.22085659217954753,1.0,1.0,0.6372715292764676,0.34656591740462533
0.015,483,0.3,3.65,0.2636890961606217,0.25,0.25,0.2636890961606217,1.0,1.0,0.6372715292764676,0.41377824686441533
0.015,483,0.3,3.7,0.23719820488422527,0.25,0.25,0.23719820488422527,1.0,1.0,0.6372715292764676,0.37220900979764554
0.015,483,0.3,3.75,0.23531319983213408,0.25,0.25,0.23531319983213408,1.0,1.0,0.6372715292764676,0.36925107904835985
0.015,483,0.3,3.8,0.23255447105933344,0.25,0.25,0.23255447105933344,1.0,1.0,0.6372715292764676,0.36492210992599405
0.015,483,0.3,3.85,0.20599552181411707,0.25,0.25,0.20599552181411707,1.0,1.0,0.6372715292764676,0.3232460769869887
0.015,483,0.3,3.9,0.20075058870157617,0.25,0.25,0.20075058870157617,1.0,1.0,0.6372715292764676,0.31501578130989205
0.015,483,0.3,4.0,0.19968637918549278,0.25,0.25,0.19968637918549278,1.0,1.0,0.6372715292764676,0.31334583456475557
0.015,483,0.3,4.1,0.21205193040148962,0.25,0.25,0.21205193040148962,1.0,1.0,0.6372715292764676,0.3327497317230613
0.015,483,0.3,4.2,0.19291646629055714,0.25,0.24556180000000039,0.1964031725318808,1.0180736580363867,0.9822472000000015,0.6372715292764676,0.3081938600879739
0.015,580,0.25,1.5,0.13605481664952507,0.5555555555555556,0.5424700000000002,0.1393367545665864,1.0241221736788308,0.9764460000000004,0.5853049935530624,0.23805837315815492
0.015,580,0.25,1.6,0.10283117143475688,0.777777777777778,0.7594578000000007,0.10531171054509,1.0241224433770741,0.9764457428571435,0.5853049935530624,0.17992621232530573
0.015,580,0.25,1.7,0.0981288549051114,1.0,0.9764456000000004,0.1004959773541008,1.0241225932094933,0.9764456000000004,0.5853049935530624,0.17169847935867655
0.015,580,0.25,1.75,0.10921921978755689,1.0,1.0,0.10921921978755689,1.0,1.0,0.5853049935530624,0.18660223471620752
0.015,580,0.25,1.8,0.1251969356910757,1.0,1.0,0.1251969356910757,1.0,1.0,0.5853049935530624,0.21390033755064083
0.015,580,0.25,1.85,0.14466897118805372,1.0,1.0,0.14466897118805372,1.0,1.0,0.5853049935530624,0.24716852372956624
0.015,580,0.25,1.9,0.14785809547150747,1.0,1.0,0.14785809547150747,1.0,1.0,0.5853049935530624,0.2526171775401109
0.015,580,0.25,1.95,0.18740755771001247,1.0,1.0,0.18740755771001247,1.0,1.0,0.5853049935530624,0.32018786747805617
0.015,580,0.25,2.0,0.1911170714983676,1.0,1.0,0.1911170714983676,1.0,1.0,0.5853049935530624,0.32652561246436956
0.015,580,0.25,2.05,0.1987231431558573,1.0,1.0,0.1987231431558573,1.0,1.0,0.5853049935530624,0.3395206693001527
0.015,580,0.25,2.1,0.2266918024962427,1.0,1.0,0.2266918024962427,1.0,1.0,0.5853049935530624,0.3873054304903882
0.015,580,0.25,2.15,0.2924327324809917,0.7500000000000006,1.0,0.21932454936074394,0.7500000000000006,1.3333333333333324,0.5853049935530624,0.374718397718335
0.015,580,0.25,2.2,0.46052486537869297,0.4999999999999989,1.0,0.23026243268934599,0.4999999999999989,2.0000000000000044,0.5853049935530624,0.393405891331202
0.015,580,0.25,2.25,0.9771491092409446,0.25,1.0,0.24428727731023614,0.25,4.0,0.5853049935530624,0.4173674921638775
0.015,580,0.25,2.3,1.0208177628111024,0.25,1.0,0.2552044407027756,0.25,4.0,0.5853049935530624,0.43601958553876463
0.015,580,0.25,2.35,1.0797288309115407,0.25,1.0,0.2699322077278852,0.25,4.0,0.5853049935530624,0.46118213700736815
0.015,580,0.25,2.4,1.059466658547149,0.25,1.0,0.26486666463678726,0.25,4.0,0.5853049935530624,0.4525276010869623
0.015,580,0.25,2.45,0.9048010327322918,0.25,1.0,0.22620025818307296,0.25,4.0,0.5853049935530624,0.3864656216410123
0.015,580,0.25,2.5,0.8317516761530797,0.25,0.9889805000000003,0.21025482204984816,0.2527855705951734,3.955922000000001,0.5853049935530624,0.3592226691481096
0.015,580,0.25,2.55,0.9240656127442503,0.25,0.8155164500000005,0.28327620268856923,0.3065542086857964,3.262065800000002,0.5853049935530624,0.48398049872931426
0.015,580,0.25,2.6,0.7141005823905053,0.25,0.6420524000000007,0.27805385603671307,0.3893763188175913,2.568209600000003,0.5853049935530624,0.47505806220582897
0.015,580,0.25,2.65,0.7490551795802111,0.25,0.468588350000001,0.39963391086238564,0.5335173185590283,1.874353400000004,0.5853049935530624,0.682778919134842
0.015,580,0.25,2.7,0.6992292087072274,0.25,0.29512429999999945,0.5923175495098411,0.8471006962151219,1.1804971999999978,0.5853049935530624,1.0119810287525641
0.015,580,0.25,2.75,0.596162623781407,0.25,0.25,0.596162623781407,1.0,1.0,0.5853049935530624,1.0185503803110136
0.015,580,0.25,2.8,0.6404383856222631,0.25,0.25,0.6404383856222631,1.0,1.0,0.5853049935530624,1.0941960049486616
0.015,580,0.25,2.85,0.5642673256827266,0.25,0.25,0.5642673256827266,1.0,1.0,0.5853049935530624,0.9640569137423076
0.015,580,0.25,2.9,0.4367827564422362,0.25,0.25,0.4367827564422362,1.0,1.0,0.5853049935530624,0.7462481291860676
0.015,580,0.25,2.95,0.4884477091567746,0.25,0.25,0.4884477091567746,1.0,1.0,0.5853049935530624,0.8345182674620271
0.015,580,0.25,3.0,0.4268309363216776,0.25,0.25,0.4268309363216776,1.0,1.0,0.5853049935530624,0.7292453353774131
0.015,580,0.25,3.1,0.6243128101791979,0.1666666666666667,0.25,0.4162085401194654,0.6666666666666669,1.4999999999999996,0.5853049935530624,0.7110968549796473
0.015,580,0.25,3.2,0.4002194119557731,0.1944444444444445,0.25,0.3112817648544903,0.777777777777778,1.2857142857142854,0.5853049935530624,0.5318283088016575
0.015,580,0.25,3.3,0.356531953781081,0.22222222222222218,0.25,0.3169172922498497,0.8888888888888887,1.1250000000000002,0.5853049935530624,0.5414566691564006
0.015,580,0.25,3.4,0.28378009930318326,0.25,0.25,0.28378009930318326,1.0,1.0,0.5853049935530624,0.4848414116211643
0.015,580,0.25,3.45,0.27721414834497654,0.25,0.25,0.27721414834497654,1.0,1.0,0.5853049935530624,0.47362341240617645
0.015,580,0.25,3.5,0.26017188788622037,0.25,0.25,0.26017188788622037,1.0,1.0,0.5853049935530624,0.44450652352521536
0.015,580,0.25,3.55,0.2569999303773695,0.25,0.25,0.2569999303773695,1.0,1.0,0.5853049935530624,0.4390871993373323
0.015,580,0.25,3.6,0.2312486682162557,0.25,0.25,0.2312486682162557,1.0,1.0,0.5853049935530624,0.3950908855440872
0.015,580,0.25,3.65,0.22173302339229772,0.25,0.25,0.22173302339229772,1.0,1.0,0.5853049935530624,0.3788333020128179
0.015,580,0.25,3.7,0.22954975404111763,0.25,0.25,0.22954975404111763,1.0,1.0,0.5853049935530624,0.39218827204539675
0.015,580,0.25,3.75,0.21486387573848628,0.25,0.25,0.21486387573848628,1.0,1.0,0.5853049935530624,0.3670972879185033
0.015,580,0.25,3.8,0.22554199547848738,0.25,0.25,0.22554199547848738,1.0,1.0,0.5853049935530624,0.3853409725916515
0.015,580,0.25,3.85,0.21893935607180215,0.25,0.25,0.21893935607180215,1.0,1.0,0.5853049935530624,0.3740602907601088
0.015,580,0.25,3.9,0.21771727413101552,0.25,0.25,0.21771727413101552,1.0,1.0,0.5853049935530624,0.37197235036279896
0.015,580,0.25,4.0,0.22501447590460066,0.25,0.25,0.22501447590460066,1.0,1.0,0.5853049935530624,0.38443969961483226
0.015,580,0.25,4.1,0.19093709436106757,0.25,0.25,0.19093709436106757,1.0,1.0,0.5853049935530624,0.3262181195516447
0.015,580,0.25,4.2,0.20920063707987477,0.25,0.24556180000000039,0.21298165785545067,1.0180736580363867,0.9822472000000015,0.5853049935530624,0.3638814980247426
0.015,725,0.2,1.5,0.14819447446852613,0.5555555555555556,0.5424700000000002,0.151769247319899,1.0241221736788308,0.9764460000000004,0.5181943903433435,0.2928809152475391
0.015,725,0.2,1.6,0.11068266440145122,0.777777777777778,0.7594578000000007,0.11335260070629893,1.0241224433770741,0.9764457428571435,0.5181943903433435,0.2187453257284282
0.015,725,0.2,1.7,0.10320398798115897,1.0,0.9764456000000004,0.10569353580082591,1.0241225932094933,0.9764456000000004,0.5181943903433435,0.20396503275690778
0.015,725,0.2,1.75,0.12519339824126366,1.0,1.0,0.12519339824126366,1.0,1.0,0.5181943903433435,0.2415954332471902
0.015,725,0.2,1.8,0.13864175721456604,1.0,1.0,0.13864175721456604,1.0,1.0,0.5181943903433435,0.26754777704695965
0.015,725,0.2,1.85,0.1581819150915885,1.0,1.0,0.1581819150915885,1.0,1.0,0.5181943903433435,0.30525593877382745
0.015,725,0.2,1.9,0.18458742915264223,1.0,1.0,0.18458742915264223,1.0,1.0,0.5181943903433435,0.3562127120487331
0.015,725,0.2,1.95,0.184934330298147,1.0,1.0,0.184934330298147,1.0,1.0,0.5181943903433435,0.35688215415765856
0.015,725,0.2,2.0,0.2306676127711591,1.0,1.0,0.2306676127711591,1.0,1.0,0.5181943903433435,0.4451372246973267
0.015,725,0.2,2.05,0.23513930083895368,1.0,1.0,0.23513930083895368,1.0,1.0,0.5181943903433435,0.4537665887952895
0.015,725,0.2,2.1,0.2744662465378855,1.0,1.0,0.2744662465378855,1.0,1.0,0.5181943903433435,0.529658853226934
0.015,725,0.2,2.15,0.33926434474935835,0.7500000000000006,1.0,0.25444825856201897,0.7500000000000007,1.3333333333333324,0.5181943903433435,0.49102858561133306
0.015,725,0.2,2.2,0.586189216779109,0.4999999999999989,1.0,0.2930946083895538,0.4999999999999989,2.0000000000000044,0.5181943903433435,0.5656074512797334
0.015,725,0.2,2.25,1.0480389133237422,0.25,1.0,0.26200972833093555,0.25,4.0,0.5181943903433435,0.5056205416606961
0.015,725,0.2,2.3,1.1636443746584473,0.25,1.0,0.2909110936646118,0.25,4.0,0.5181943903433435,0.5613937531663763
0.015,725,0.2,2.35,0.9925189912661633,0.25,1.0,0.24812974781654082,0.25,4.0,0.5181943903433435,0.47883526421838696
0.015,725,0.2,2.4,0.95244183998947,0.25,1.0,0.2381104599973675,0.25,4.0,0.5181943903433435,0.4595002656041897
0.015,725,0.2,2.45,0.9701992584212927,0.25,1.0,0.24254981460532318,0.25,4.0,0.5181943903433435,0.46806723331106564
0.015,725,0.2,2.5,1.0273041563452685,0.25,0.9889805000000003,0.259687667336532,0.2527855705951735,3.955922000000001,0.5181943903433435,0.5011394800404323
0.015,725,0.2,2.55,0.8029529747146776,0.25,0.8155164500000005,0.2461486137755643,0.3065542086857964,3.262065800000002,0.5181943903433435,0.4750121158441565
0.015,725,0.2,2.6,0.7617912042532199,0.25,0.6420524000000007,0.2966234548197386,0.3893763188175914,2.568209600000003,0.5181943903433435,0.572417340572141
0.015,725,0.2,2.65,0.7386811341623433,0.25,0.468588350000001,0.39409917796843524,0.5335173185590283,1.874353400000004,0.5181943903433435,0.7605238213931925
0.015,725,0.2,2.7,0.5751795407066407,0.25,0.29512429999999945,0.4872349893812893,0.8471006962151217,1.1804971999999978,0.5181943903433435,0.9402552371484739
0.015,725,0.2,2.75,0.5285141906640283,0.25,0.25,0.5285141906640283,1.0,1.0,0.5181943903433435,1.0199149209505087
0.015,725,0.2,2.8,0.5894352015024471,0.25,0.25,0.5894352015024471,1.0,1.0,0.5181943903433435,1.1374789316262206
0.015,725,0.2,2.85,0.5560323942013947,0.25,0.25,0.5560323942013947,1.0,1.0,0.5181943903433435,1.073018937609457
0.015,725,0.2,2.9,0.4715390414390371,0.25,0.25,0.4715390414390371,1.0,1.0,0.5181943903433435,0.9099655461854891
0.015,725,0.2,2.95,0.3931660697936755,0.25,0.25,0.3931660697936755,1.0,1.0,0.5181943903433435,0.7587231300075883
0.015,725,0.2,3.0,0.4144406785665424,0.25,0.25,0.4144406785665424,1.0,1.0,0.5181943903433435,0.7997783964661287
0.015,725,0.2,3.1,0.4682362956187863,0.1666666666666667,0.25,0.3121575304125243,0.6666666666666669,1.4999999999999996,0.5181943903433435,0.6023946538782406
0.015,725,0.2,3.2,0.34408359592641596,0.1944444444444445,0.25,0.2676205746094347,0.777777777777778,1.2857142857142854,0.5181943903433435,0.5164482279171637
0.015,725,0.2,3.3,0.33540736404535176,0.22222222222222218,0.25,0.29813987915142376,0.8888888888888888,1.1250000000000002,0.5181943903433435,0.5753437024933505
0.015,725,0.2,3.4,0.22757655139918176,0.25,0.25,0.22757655139918176,1.0,1.0,0.5181943903433435,0.43917216326559394
0.015,725,0.2,3.45,0.21212350030019284,0.25,0.25,0.21212350030019284,1.0,1.0,0.5181943903433435,0.4093512092240998
0.015,725,0.2,3.5,0.27571995799549726,0.25,0.25,0.27571995799549726,1.0,1.0,0.5181943903433435,0.5320782376914803
0.015,725,0.2,3.55,0.22565093547747528,0.25,0.25,0.22565093547747528,1.0,1.0,0.5181943903433435,0.4354561525221534
0.015,725,0.2,3.6,0.23764845693397618,0.25,0.25,0.23764845693397618,1.0,1.0,0.5181943903433435,0.4586087023761795
0.015,725,0.2,3.65,0.2376617004271051,0.25,0.25,0.2376617004271051,1.0,1.0,0.5181943903433435,0.45863425937443286
0.015,725,0.2,3.7,0.24403689086499736,0.25,0.25,0.24403689086499736,1.0,1.0,0.5181943903433435,0.4709369599761669
0.015,725,0.2,3.75,0.2328884073199524,0.25,0.25,0.2328884073199524,1.0,1.0,0.5181943903433435,0.44942286458494074
0.015,725,0.2,3.8,0.2177246146918117,0.25,0.25,0.2177246146918117,1.0,1.0,0.5181943903433435,0.42016011510188767
0.015,725,0.2,3.85,0.22342020399515383,0.25,0.25,0.22342020399515383,1.0,1.0,0.5181943903433435,0.4311513365614028
0.015,725,0.2,3.9,0.2293068483267279,0.25,0.25,0.2293068483267279,1.0,1.0,0.5181943903433435,0.4425112517617077
0.015,725,0.2,4.0,0.21711763259135677,0.25,0.25,0.21711763259135677,1.0,1.0,0.5181943903433435,0.41898877455523925
0.015,725,0.2,4.1,0.21599295555781395,0.25,0.25,0.21599295555781395,1.0,1.0,0.5181943903433435,0.41681839785008495
0.015,725,0.2,4.2,0.20967202955139433,0.25,0.24556180000000039,0.2134615701133014,1.0180736580363867,0.9822472000000015,0.5181943903433435,0.411933386565352
0.015,967,0.15,1.5,0.1447049296716017,0.5555555555555556,0.5424700000000002,0.14819552711732306,1.0241221736788306,0.9764460000000004,0.5065237410951318,0.29257370404182104
0.015,967,0.15,1.6,0.13061589593286552,0.777777777777778,0.7594578000000007,0.13376667048665186,1.0241224433770741,0.9764457428571435,0.5065237410951318,0.2640876619078922
0.015,967,0.15,1.7,0.13027324708752339,1.0,0.9764456000000004,0.13341577563309553,1.0241225932094935,0.9764456000000004,0.5065237410951318,0.2633949108577683
0.015,967,0.15,1.75,0.13839086682940804,1.0,1.0,0.13839086682940804,1.0,1.0,0.5065237410951318,0.2732169404936469
0.015,967,0.15,1.8,0.1633693392903462,1.0,1.0,0.1633693392903462,1.0,1.0,0.5065237410951318,0.3225304680430829
0.015,967,0.15,1.85,0.1762549976251453,1.0,1.0,0.1762549976251453,1.0,1.0,0.5065237410951318,0.34796986463866914
0.015,967,0.15,1.9,0.2082771849262857,1.0,1.0,0.2082771849262857,1.0,1.0,0.5065237410951318,0.41118938369202424
0.015,967,0.15,1.95,0.23076204933203512,1.0,1.0,0.23076204933203512,1.0,1.0,0.5065237410951318,0.4555799276715343
0.015,967,0.15,2.0,0.2502789250220332,1.0,1.0,0.2502789250220332,1.0,1.0,0.5065237410951318,0.4941109462725609
0.015,967,0.15,2.05,0.2851185595942359,1.0,1.0,0.2851185595942359,1.0,1.0,0.5065237410951318,0.5628927855934138
0.015,967,0.15,2.1,0.2968135349224051,1.0,1.0,0.2968135349224051,1.0,1.0,0.5065237410951318,0.5859814868315514
0.015,967,0.15,2.15,0.3862418839126685,0.7500000000000006,1.0,0.2896814129345016,0.7500000000000007,1.3333333333333324,0.5065237410951318,0.5719009583009766
0.015,967,0.15,2.2,0.6169323051368114,0.4999999999999989,1.0,0.30846615256840504,0.49999999999999895,2.0000000000000044,0.5065237410951318,0.608986563791629
0.015,967,0.15,2.25,1.3298919483789355,0.25,1.0,0.3324729870947339,0.25,4.0,0.5065237410951318,0.6563818437728295
0.015,967,0.15,2.3,1.219382337692609,0.25,1.0,0.30484558442315224,0.25,4.0,0.5065237410951318,0.6018386892666858
0.015,967,0.15,2.35,1.0932683034947468,0.25,1.0,0.2733170758736867,0.25,4.0,0.5065237410951318,0.5395938111069787
0.015,967,0.15,2.4,1.1613594317343656,0.25,1.0,0.2903398579335914,0.25,4.0,0.5065237410951318,0.5732008874961337
0.015,967,0.15,2.45,0.9800653382508544,0.25,1.0,0.2450163345627136,0.25,4.0,0.5065237410951318,0.4837213237685069
0.015,967,0.15,2.5,0.8767883648376991,0.25,0.9889805000000003,0.22163944709670688,0.2527855705951735,3.955922000000001,0.5065237410951318,0.4375697111797966
0.015,967,0.15,2.55,0.9159628700751339,0.25,0.8155164500000005,0.2807922728214536,0.30655420868579636,3.262065800000002,0.5065237410951318,0.5543516523319627
0.015,967,0.15,2.6,0.7818703124704313,0.25,0.6420524000000007,0.30444178406249645,0.3893763188175914,2.568209600000003,0.5065237410951318,0.6010414899887552
0.015,967,0.15,2.65,0.6466740609125682,0.25,0.468588350000001,0.34501181095975114,0.5335173185590284,1.874353400000004,0.5065237410951318,0.681136505494919
0.015,967,0.15,2.7,0.6601978472826979,0.25,0.29512429999999945,0.559254056072898,0.8471006962151217,1.1804971999999978,0.5065237410951318,1.104102356315541
0.015,967,0.15,2.75,0.6115544063727867,0.25,0.25,0.6115544063727867,1.0,1.0,0.5065237410951318,1.2073558586821083
0.015,967,0.15,2.8,0.5272328629315143,0.25,0.25,0.5272328629315143,1.0,1.0,0.5065237410951318,1.0408847999732613
0.015,967,0.15,2.85,0.44439637558598416,0.25,0.25,0.44439637558598416,1.0,1.0,0.5065237410951318,0.8773456000802157
0.015,967,0.15,2.9,0.41111478349004416,0.25,0.25,0.41111478349004416,1.0,1.0,0.5065237410951318,0.8116397122890858
0.015,967,0.15,2.95,0.3505903209663747,0.25,0.25,0.3505903209663747,1.0,1.0,0.5065237410951318,0.6921498293611656
0.015,967,0.15,3.0,0.3962900997962332,0.25,0.25,0.3962900997962332,1.0,1.0,0.5065237410951318,0.782372212089077
0.015,967,0.15,3.1,0.46266192530146283,0.1666666666666667,0.25,0.30844128353430866,0.6666666666666669,1.4999999999999996,0.5065237410951318,0.6089374663217995
0.015,967,0.15,3.2,0.3314602920438763,0.1944444444444445,0.25,0.2578024493674594,0.7777777777777779,1.2857142857142854,0.5065237410951318,0.5089641974334244
0.015,967,0.15,3.3,0.30790966171408324,0.22222222222222218,0.25,0.27369747707918507,0.8888888888888888,1.1250000000000002,0.5065237410951318,0.5403448148105285
0.015,967,0.15,3.4,0.24724170496623188,0.25,0.25,0.24724170496623188,1.0,1.0,0.5065237410951318,0.48811474153547457
0.015,967,0.15,3.45,0.22081059382777574,0.25,0.25,0.22081059382777574,1.0,1.0,0.5065237410951318,0.4359333549704329
0.015,967,0.15,3.5,0.2534446152942809,0.25,0.25,0.2534446152942809,1.0,1.0,0.5065237410951318,0.500360782194177
0.015,967,0.15,3.55,0.22677122586999457,0.25,0.25,0.22677122586999457,1.0,1.0,0.5065237410951318,0.44770107987377433
0.015,967,0.15,3.6,0.22410159595626458,0.25,0.25,0.22410159595626458,1.0,1.0,0.5065237410951318,0.4424305867119768
0.015,967,0.15,3.65,0.24378006314486741,0.25,0.25,0.24378006314486741,1.0,1.0,0.5065237410951318,0.4812806258948529
0.015,967,0.15,3.7,0.21756127334271344,0.25,0.25,0.21756127334271344,1.0,1.0,0.5065237410951318,0.42951841284346154
0.015,967,0.15,3.75,0.22603652841412858,0.25,0.25,0.22603652841412858,1.0,1.0,0.5065237410951318,0.4462506099426364
0.015,967,0.15,3.8,0.25447990831973705,0.25,0.25,0.25447990831973705,1.0,1.0,0.5065237410951318,0.5024047002605203
0.015,967,0.15,3.85,0.22553589216005923,0.25,0.25,0.22553589216005923,1.0,1.0,0.5065237410951318,0.4452622332616403
0.015,967,0.15,3.9,0.22957900274211412,0.25,0.25,0.22957900274211412,1.0,1.0,0.5065237410951318,0.45324430844199304
0.015,967,0.15,4.0,0.23721878668030627,0.25,0.25,0.23721878668030627,1.0,1.0,0.5065237410951318,0.46832708407196555
0.015,967,0.15,4.1,0.22620056948089345,0.25,0.25,0.22620056948089345,1.0,1.0,0.5065237410951318,0.44657446656268385
0.015,967,0.15,4.2,0.24518278526043868,0.25,0.24556180000000039,0.2496141350776447,1.0180736580363867,0.9822472000000015,0.5065237410951318,0.49279849062546494
0.015,1450,0.1,1.5,0.16796773988873584,0.5555555555555556,0.5424700000000002,0.1720194868827726,1.0241221736788308,0.9764460000000004,0.40203411838201836,0.42787285709745987
0.015,1450,0.1,1.6,0.13966711477630347,0.777777777777778,0.7594578000000007,0.14303622684413417,1.0241224433770741,0.9764457428571435,0.40203411838201836,0.35578131383421335
0.015,1450,0.1,1.7,0.15067205675212927,1.0,0.9764456000000004,0.1543066574851986,1.0241225932094933,0.9764456000000004,0.40203411838201836,0.38381483170185643
0.015,1450,0.1,1.75,0.17971716984902916,1.0,1.0,0.17971716984902916,1.0,1.0,0.40203411838201836,0.44701969716475515
0.015,1450,0.1,1.8,0.21362352499377016,1.0,1.0,0.21362352499377016,1.0,1.0,0.40203411838201836,0.531356706374811
0.015,1450,0.1,1.85,0.24498726459252002,1.0,1.0,0.24498726459252002,1.0,1.0,0.40203411838201836,0.6093693380513784
0.015,1450,0.1,1.9,0.27007351135003715,1.0,1.0,0.27007351135003715,1.0,1.0,0.40203411838201836,0.6717676411070406
0.015,1450,0.1,1.95,0.31325667603927454,1.0,1.0,0.31325667603927454,1.0,1.0,0.40203411838201836,0.7791793325899116
0.015,1450,0.1,2.0,0.32483588330075547,1.0,1.0,0.32483588330075547,1.0,1.0,0.40203411838201836,0.8079808863189366
0.015,1450,0.1,2.05,0.3617115072967934,1.0,1.0,0.3617115072967934,1.0,1.0,0.40203411838201836,0.8997035096237532
0.015,1450,0.1,2.1,0.3595201953863982,1.0,1.0,0.3595201953863982,1.0,1.0,0.40203411838201836,0.8942529475689353
0.015,1450,0.1,2.15,0.483350243577787,0.7500000000000006,1.0,0.3625126826833405,0.7500000000000006,1.3333333333333324,0.40203411838201836,0.9016963140896315
0.015,1450,0.1,2.2,0.7397694604800585,0.4999999999999989,1.0,0.36988473024002844,0.4999999999999989,2.0000000000000044,0.40203411838201836,0.920033184568079
0.015,1450,0.1,2.25,1.4125099463851325,0.25,1.0,0.3531274865962831,0.25,4.0,0.40203411838201836,0.8783520364327301
0.015,1450,0.1,2.3,1.4737205438831928,0.25,1.0,0.3684301359707982,0.25,4.0,0.40203411838201836,0.916415097936317
0.015,1450,0.1,2.35,1.1896828286996017,0.25,1.0,0.29742070717490043,0.25,4.0,0.40203411838201836,0.739789718275321
0.015,1450,0.1,2.4,1.0995565838279646,0.25,1.0,0.27488914595699115,0.25,4.0,0.40203411838201836,0.6837458150648491
0.015,1450,0.1,2.45,1.0962978681682138,0.25,1.0,0.27407446704205346,0.25,4.0,0.40203411838201836,0.6817194225829961
0.015,1450,0.1,2.5,0.8376983231697631,0.25,0.9889805000000003,0.21175804860908856,0.2527855705951734,3.955922000000001,0.40203411838201836,0.5267166116679509
0.015,1450,0.1,2.55,0.860032089136859,0.25,0.8155164500000005,0.2636464565297421,0.30655420868579636,3.262065800000002,0.40203411838201836,0.6557812993354499
0.015,1450,0.1,2.6,0.751513286753864,0.25,0.6420524000000007,0.2926214771387285,0.3893763188175913,2.568209600000003,0.40203411838201836,0.7278523482444232
0.015,1450,0.1,2.65,0.6002437251107443,0.25,0.468588350000001,0.3202404227029668,0.5335173185590284,1.874353400000004,0.40203411838201836,0.7965503624214051
0.015,1450,0.1,2.7,0.5233969009949495,0.25,0.29512429999999945,0.44336987922965887,0.8471006962151217,1.1804971999999978,0.40203411838201836,1.102816549535636
0.015,1450,0.1,2.75,0.40927488370972287,0.25,0.25,0.40927488370972287,1.0,1.0,0.40203411838201836,1.0180103254839288
0.015,1450,0.1,2.8,0.41448591860963363,0.25,0.25,0.41448591860963363,1.0,1.0,0.40203411838201836,1.0309719987888775
0.015,1450,0.1,2.85,0.3803118223989049,0.25,0.25,0.3803118223989049,1.0,1.0,0.40203411838201836,0.9459690235482138
0.015,1450,0.1,2.9,0.3558228404913203,0.25,0.25,0.3558228404913203,1.0,1.0,0.40203411838201836,0.8850563278642251
0.015,1450,0.1,2.95,0.33549403349282386,0.25,0.25,0.33549403349282386,1.0,1.0,0.40203411838201836,0.8344914477483049
0.015,1450,0.1,3.0,0.2908043984401558,0.25,0.25,0.2908043984401558,1.0,1.0,0.40203411838201836,0.7233326355745496
0.015,1450,0.1,3.1,0.44204475655722986,0.1666666666666667,0.25,0.29469650437148665,0.6666666666666669,1.4999999999999996,0.40203411838201836,0.733013669480315
0.015,1450,0.1,3.2,0.3044641166069505,0.1944444444444445,0.25,0.23680542402762825,0.777777777777778,1.2857142857142854,0.40203411838201836,0.5890182280564866
0.015,1450,0.1,3.3,0.25196075269895807,0.22222222222222218,0.25,0.22396511351018492,0.8888888888888887,1.1250000000000002,0.40203411838201836,0.5570798677772173
0.015,1450,0.1,3.4,0.23932619546546108,0.25,0.25,0.23932619546546108,1.0,1.0,0.40203411838201836,0.5952882716238775
0.015,1450,0.1,3.45,0.2021694779394788,0.25,0.25,0.2021694779394788,1.0,1.0,0.40203411838201836,0.502866470022762
0.015,1450,0.1,3.5,0.22786764640880514,0.25,0.25,0.22786764640880514,1.0,1.0,0.40203411838201836,0.5667868372113686
0.015,1450,0.1,3.55,0.23660539512065612,0.25,0.25,0.23660539512065612,1.0,1.0,0.40203411838201836,0.588520685937979
0.015,1450,0.1,3.6,0.24553145152929104,0.25,0.25,0.24553145152929104,1.0,1.0,0.40203411838201836,0.6107229220182344
0.015,1450,0.1,3.65,0.23386412006060883,0.25,0.25,0.23386412006060883,1.0,1.0,0.40203411838201836,0.5817021724469362
0.015,1450,0.1,3.7,0.25617463480718444,0.25,0.25,0.25617463480718444,1.0,1.0,0.40203411838201836,0.6371962554774114
0.015,1450,0.1,3.75,0.2562361139555946,0.25,0.25,0.2562361139555946,1.0,1.0,0.40203411838201836,0.637349175703828
0.015,1450,0.1,3.8,0.26087810423546687,0.25,0.25,0.26087810423546687,1.0,1.0,0.40203411838201836,0.6488954352565095
0.015,1450,0.1,3.85,0.25759530489423044,0.25,0.25,0.25759530489423044,1.0,1.0,0.40203411838201836,0.6407299607578575
0.015,1450,0.1,3.9,0.27777066369725134,0.25,0.25,0.27777066369725134,1.0,1.0,0.40203411838201836,0.6909131613384858
0.015,1450,0.1,4.0,0.2679238768071327,0.25,0.25,0.2679238768071327,1.0,1.0,0.40203411838201836,0.6664207452974121
0.015,1450,0.1,4.1,0.2776084650886443,0.25,0.25,0.2776084650886443,1.0,1.0,0.40203411838201836,0.6905097164536093
0.015,1450,0.1,4.2,0.25593915508364756,0.25,0.24556180000000039,0.2605649118507512,1.018073658036387,0.9822472000000015,0.40203411838201836,0.648116415839013
0.015,2900,0.05,1.5,0.16970343572070154,0.5555555555555556,0.5424700000000002,0.1737970514710506,1.0241221736788308,0.9764460000000004,0.4140256530727771,0.4197736304047341
0.015,2900,0.05,1.6,0.1622179846333685,0.777777777777778,0.7594578000000007,0.16613107878243,1.024122443377074,0.9764457428571435,0.4140256530727771,0.40125793546717164
0.015,2900,0.05,1.7,0.18282861499039874,1.0,0.9764456000000004,0.1872389152968672,1.0241225932094933,0.9764456000000004,0.4140256530727771,0.45223988877798954
0.015,2900,0.05,1.75,0.21856732944401144,1.0,1.0,0.21856732944401144,1.0,1.0,0.4140256530727771,0.5279076980420627
0.015,2900,0.05,1.8,0.25737452612546563,1.0,1.0,0.25737452612546563,1.0,1.0,0.4140256530727771,0.6216390801277827
0.015,2900,0.05,1.85,0.3301016997317594,1.0,1.0,0.3301016997317594,1.0,1.0,0.4140256530727771,0.7972976970915722
0.015,2900,0.05,1.9,0.3548862787348902,1.0,1.0,0.3548862787348902,1.0,1.0,0.4140256530727771,0.8571601206375213
0.015,2900,0.05,1.95,0.33290420017426325,1.0,1.0,0.33290420017426325,1.0,1.0,0.4140256530727771,0.8040666024038506
0.015,2900,0.05,2.0,0.4158818014197662,1.0,1.0,0.4158818014197662,1.0,1.0,0.4140256530727771,1.0044831723184622
0.015,2900,0.05,2.05,0.4011866965783676,1.0,1.0,0.4011866965783676,1.0,1.0,0.4140256530727771,0.9689899492963236
0.015,2900,0.05,2.1,0.41799345224872747,1.0,1.0,0.41799345224872747,1.0,1.0,0.4140256530727771,1.0095834621514452
0.015,2900,0.05,2.15,0.5442867154712097,0.7500000000000006,1.0,0.4082150366034075,0.7500000000000006,1.3333333333333324,0.4140256530727771,0.9859655641474269
0.015,2900,0.05,2.2,0.91315457909632,0.4999999999999989,1.0,0.456577289548159,0.4999999999999989,2.0000000000000044,0.4140256530727771,1.102775362250083
0.015,2900,0.05,2.25,1.467124744807977,0.25,1.0,0.36678118620199424,0.25,4.0,0.4140256530727771,0.8858900009693885
0.015,2900,0.05,2.3,1.5570993295054438,0.25,1.0,0.38927483237636096,0.25,4.0,0.4140256530727771,0.9402191132053707
0.015,2900,0.05,2.35,1.0922148028168723,0.25,1.0,0.2730537007042181,0.25,4.0,0.4140256530727771,0.6595091359139066
0.015,2900,0.05,2.4,1.076541698885688,0.25,1.0,0.269135424721422,0.25,4.0,0.4140256530727771,0.6500452875902198
0.015,2900,0.05,2.45,1.025688510861417,0.25,1.0,0.2564221277153543,0.25,4.0,0.4140256530727771,0.619338743414241
0.015,2900,0.05,2.5,0.8338572189079536,0.25,0.9889805000000003,0.21078707287655152,0.2527855705951735,3.955922000000001,0.4140256530727771,0.5091159721919442
0.015,2900,0.05,2.55,0.6953537187169038,0.25,0.8155164500000005,0.21316360899798628,0.3065542086857964,3.262065800000002,0.4140256530727771,0.5148560419286786
0.015,2900,0.05,2.6,0.7217413967266512,0.25,0.6420524000000007,0.2810290081956902,0.3893763188175914,2.568209600000003,0.4140256530727771,0.6787719700699105
0.015,2900,0.05,2.65,0.6767453525079422,0.25,0.468588350000001,0.3610553658173217,0.5335173185590283,1.874353400000004,0.4140256530727771,0.8720603738866772
0.015,2900,0.05,2.7,0.4288556600319291,0.25,0.29512429999999945,0.3632839281888427,0.8471006962151217,1.1804971999999978,0.4140256530727771,0.8774430412527722
0.015,2900,0.05,2.75,0.40845720803180974,0.25,0.25,0.40845720803180974,1.0,1.0,0.4140256530727771,0.9865504830446132
0.015,2900,0.05,2.8,0.3297425614182297,0.25,0.25,0.3297425614182297,1.0,1.0,0.4140256530727771,0.7964302669918567
0.015,2900,0.05,2.85,0.31919203181583455,0.25,0.25,0.31919203181583455,1.0,1.0,0.4140256530727771,0.770947474985873
0.015,2900,0.05,2.9,0.31777058524597335,0.25,0.25,0.31777058524597335,1.0,1.0,0.4140256530727771,0.7675142419016144
0.015,2900,0.05,2.95,0.29821756264841315,0.25,0.25,0.29821756264841315,1.0,1.0,0.4140256530727771,0.7202876450652991
0.015,2900,0.05,3.0,0.25127476005823335,0.25,0.25,0.25127476005823335,1.0,1.0,0.4140256530727771,0.6069062585695976
0.015,2900,0.05,3.1,0.37231760179591233,0.1666666666666667,0.25,0.2482117345306083,0.6666666666666669,1.4999999999999996,0.4140256530727771,0.5995081046028272
0.015,2900,0.05,3.2,0.31601083228882576,0.1944444444444445,0.25,0.245786202891309,0.777777777777778,1.2857142857142854,0.4140256530727771,0.5936496955373557
0.015,2900,0.05,3.3,0.2601393770054415,0.22222222222222218,0.25,0.2312350017826146,0.8888888888888887,1.1250000000000002,0.4140256530727771,0.5585040445355406
0.015,2900,0.05,3.4,0.2617925550455423,0.25,0.25,0.2617925550455423,1.0,1.0,0.4140256530727771,0.6323099863561463
0.015,2900,0.05,3.45,0.26015427899239646,0.25,0.25,0.26015427899239646,1.0,1.0,0.4140256530727771,0.6283530430097932
0.015,2900,0.05,3.5,0.2410727252610323,0.25,0.25,0.2410727252610323,1.0,1.0,0.4140256530727771,0.5822651892989267
0.015,2900,0.05,3.55,0.24946318547648355,0.25,0.25,0.24946318547648355,1.0,1.0,0.4140256530727771,0.6025307456797444
0.015,2900,0.05,3.6,0.23972687632446305,0.25,0.25,0.23972687632446305,1.0,1.0,0.4140256530727771,0.5790145478795345
0.015,2900,0.05,3.65,0.27011080320884806,0.25,0.25,0.27011080320884806,1.0,1.0,0.4140256530727771,0.6524011282976424
0.015,2900,0.05,3.7,0.2904626862982384,0.25,0.25,0.2904626862982384,1.0,1.0,0.4140256530727771,0.7015572202893937
0.015,2900,0.05,3.75,0.2836504714229576,0.25,0.25,0.2836504714229576,1.0,1.0,0.4140256530727771,0.6851036145170881
0.015,2900,0.05,3.8,0.2963287308826845,0.25,0.25,0.2963287308826845,1.0,1.0,0.4140256530727771,0.7157255321824131
0.015,2900,0.05,3.85,0.32881723168256805,0.25,0.25,0.32881723168256805,1.0,1.0,0.4140256530727771,0.7941953094987784
0.015,2900,0.05,3.9,0.3291384640965604,0.25,0.25,0.3291384640965604,1.0,1.0,0.4140256530727771,0.7949711851277599
0.015,2900,0.05,4.0,0.3297286439708733,0.25,0.25,0.3297286439708733,1.0,1.0,0.4140256530727771,0.7963966520521709
0.015,2900,0.05,4.1,0.31019983359248704,0.25,0.25,0.31019983359248704,1.0,1.0,0.4140256530727771,0.7492285352133974
0.015,2900,0.05,4.2,0.33958356438459736,0.25,0.24556180000000039,0.3457210816020619,1.0180736580363867,0.9822472000000015,0.4140256530727771,0.835023334994393
0.02,483,0.3,1.5,0.17272792891546535,0.5555555555555556,0.5424700000000002,0.17689450201594895,1.0241221736788308,0.9764460000000004,0.7796644302854394,0.22688543320000748
0.02,483,0.3,1.6,0.13171457500706402,0.777777777777778,0.7594578000000007,0.1348918523846073,1.0241224433770741,0.9764457428571435,0.7796644302854394,0.17301270539586197
0.02,483,0.3,1.7,0.12140795392022716,1.0,0.9764456000000004,0.1243366286050417,1.0241225932094933,0.9764456000000004,0.7796644302854394,0.159474542861371
0.02,483,0.3,1.75,0.13056148238048612,1.0,1.0,0.13056148238048612,1.0,1.0,0.7796644302854394,0.16745855948909566
0.02,483,0.3,1.8,0.14980246194698432,1.0,1.0,0.14980246194698432,1.0,1.0,0.7796644302854394,0.19213709915192723
0.02,483,0.3,1.85,0.1723271961962355,1.0,1.0,0.1723271961962355,1.0,1.0,0.7796644302854394,0.22102739268629398
0.02,483,0.3,1.9,0.18785851804189105,1.0,1.0,0.18785851804189105,1.0,1.0,0.7796644302854394,0.2409479139289643
0.02,483,0.3,1.95,0.18924578808409834,1.0,1.0,0.18924578808409834,1.0,1.0,0.7796644302854394,0.24272723075851288
0.02,483,0.3,2.0,0.20455724347631493,1.0,1.0,0.20455724347631493,1.0,1.0,0.7796644302854394,0.2623657506107152
0.02,483,0.3,2.05,0.24618613736145387,1.0,1.0,0.24618613736145387,1.0,1.0,0.7796644302854394,0.3157590981434459
0.02,483,0.3,2.1,0.2538332808337066,1.0,1.0,0.2538332808337066,1.0,1.0,0.7796644302854394,0.3255673479175866
0.02,483,0.3,2.15,0.3403689589135625,0.7500000000000006,1.0,0.2552767191851721,0.7500000000000007,1.3333333333333324,0.7796644302854394,0.3274187063936133
0.02,483,0.3,2.2,0.5684605576203712,0.4999999999999989,1.0,0.284230278810185,0.49999999999999895,2.0000000000000044,0.7796644302854394,0.36455463115859565
0.02,483,0.3,2.25,1.186322338360375,0.25,1.0,0.29658058459009373,0.25,4.0,0.7796644302854394,0.3803951713963839
0.02,483,0.3,2.3,1.1044982050586543,0.25,1.0,0.27612455126466356,0.25,4.0,0.7796644302854394,0.354158200039436
0.02,483,0.3,2.35,1.197857926269439,0.25,1.0,0.2994644815673598,0.25,4.0,0.7796644302854394,0.3840940665431206
0.02,483,0.3,2.4,1.1665920270231687,0.25,1.0,0.29164800675579217,0.25,4.0,0.7796644302854394,0.3740686318715582
0.02,483,0.3,2.45,1.119623837164252,0.25,1.0,0.279905959291063,0.25,4.0,0.7796644302854394,0.3590082456225275
0.02,483,0.3,2.5,1.0587569097251983,0.25,0.9889805000000003,0.2676384695464668,0.2527855705951735,3.955922000000001,0.7796644302854394,0.3432739254867416
0.02,483,0.3,2.55,1.0937094432994228,0.25,0.8155164500000005,0.33528123292283746,0.3065542086857964,3.262065800000002,0.7796644302854394,0.4300327421633037
0.02,483,0.3,2.6,1.058503729394044,0.25,0.6420524000000007,0.41215628560614476,0.3893763188175914,2.568209600000003,0.7796644302854394,0.5286329215445318
0.02,483,0.3,2.65,1.0379494614826719,0.25,0.468588350000001,0.5537640134900226,0.5335173185590284,1.874353400000004,0.7796644302854394,0.7102594295436647
0.02,483,0.3,2.7,1.0096841894651274,0.25,0.29512429999999945,0.8553041798533103,0.8471006962151217,1.1804971999999978,0.7796644302854394,1.097015775800082
0.02,483,0.3,2.75,0.8206981245277305,0.25,0.25,0.8206981245277305,1.0,1.0,0.7796644302854394,1.0526299426373324
0.02,483,0.3,2.8,0.9194523239071927,0.25,0.25,0.9194523239071927,1.0,1.0,0.7796644302854394,1.1792923829686268
0.02,483,0.3,2.85,0.6329707734737726,0.25,0.25,0.6329707734737726,1.0,1.0,0.7796644302854394,0.8118502638911442
0.02,483,0.3,2.9,0.656563347558566,0.25,0.25,0.656563347558566,1.0,1.0,0.7796644302854394,0.8421101720880028
0.02,483,0.3,2.95,0.5628565797246671,0.25,0.25,0.5628565797246671,1.0,1.0,0.7796644302854394,0.7219215830053991
0.02,483,0.3,3.0,0.5436188868219923,0.25,0.25,0.5436188868219923,1.0,1.0,0.7796644302854394,0.6972472588277119
0.02,483,0.3,3.1,0.8027771290677164,0.1666666666666667,0.25,0.5351847527118111,0.6666666666666669,1.4999999999999996,0.7796644302854394,0.6864296124370802
0.02,483,0.3,3.2,0.6084090428762853,0.1944444444444445,0.25,0.473207033348222,0.777777777777778,1.2857142857142854,0.7796644302854394,0.6069367986621864
0.02,483,0.3,3.3,0.514633244668946,0.22222222222222218,0.25,0.45745177303906304,0.8888888888888887,1.1250000000000002,0.7796644302854394,0.5867290532563958
0.02,483,0.3,3.4,0.4083594976289157,0.25,0.25,0.4083594976289157,1.0,1.0,0.7796644302854394,0.5237631495891291
0.02,483,0.3,3.45,0.3898689595422709,0.25,0.25,0.3898689595422709,1.0,1.0,0.7796644302854394,0.5000471284800536
0.02,483,0.3,3.5,0.28385577247401367,0.25,0.25,0.28385577247401367,1.0,1.0,0.7796644302854394,0.36407428817817494
0.02,483,0.3,3.55,0.373887734028263,0.25,0.25,0.373887734028263,1.0,1.0,0.7796644302854394,0.47954955940644955
0.02,483,0.3,3.6,0.2835282214433174,0.25,0.25,0.2835282214433174,1.0,1.0,0.7796644302854394,0.3636541702171999
0.02,483,0.3,3.65,0.3270176686957616,0.25,0.25,0.3270176686957616,1.0,1.0,0.7796644302854394,0.4194338692301746
0.02,483,0.3,3.7,0.31459181187431445,0.25,0.25,0.31459181187431445,1.0,1.0,0.7796644302854394,0.4034964269937782
0.02,483,0.3,3.75,0.2758886364835739,0.25,0.25,0.2758886364835739,1.0,1.0,0.7796644302854394,0.3538556150144872
0.02,483,0.3,3.8,0.3021131487662975,0.25,0.25,0.3021131487662975,1.0,1.0,0.7796644302854394,0.38749125525156025
0.02,483,0.3,3.85,0.30800439201393565,0.25,0.25,0.30800439201393565,1.0,1.0,0.7796644302854394,0.39504738198865064
0.02,483,0.3,3.9,0.2984655099194074,0.25,0.25,0.2984655099194074,1.0,1.0,0.7796644302854394,0.38281278243017647
0.02,483,0.3,4.0,0.2773091445739969,0.25,0.25,0.2773091445739969,1.0,1.0,0.7796644302854394,0.35567756306706527
0.02,483,0.3,4.1,0.3080095423115432,0.25,0.25,0.3080095423115432,1.0,1.0,0.7796644302854394,0.3950539877762273
0.02,483,0.3,4.2,0.3034418581536414,0.25,0.24556180000000039,0.3089261625318361,1.0180736580363867,0.9822472000000015,0.7796644302854394,0.3962296476943761
0.02,580,0.25,1.5,0.1881204757076064,0.5555555555555556,0.5424700000000002,0.19265835049516955,1.0241221736788308,0.9764460000000004,0.8035346668268392,0.23976358264165248
0.02,580,0.25,1.6,0.15326459115583427,0.777777777777778,0.7594578000000007,0.15696170757770128,1.0241224433770741,0.9764457428571435,0.8035346668268392,0.19533906134696533
0.02,580,0.25,1.7,0.13433021760770406,1.0,0.9764456000000004,0.13757061080279742,1.0241225932094933,0.9764456000000004,0.8035346668268392,0.17120681469296675
0.02,580,0.25,1.75,0.1404684535663153,1.0,1.0,0.1404684535663153,1.0,1.0,0.8035346668268392,0.17481318400489881
0.02,580,0.25,1.8,0.15577712803988325,1.0,1.0,0.15577712803988325,1.0,1.0,0.8035346668268392,0.19386485048000182
0.02,580,0.25,1.85,0.17904474136613807,1.0,1.0,0.17904474136613807,1.0,1.0,0.8035346668268392,0.22282142732333665
0.02,580,0.25,1.9,0.19010484301763692,1.0,1.0,0.19010484301763692,1.0,1.0,0.8035346668268392,0.23658573906756447
0.02,580,0.25,1.95,0.233826438044297,1.0,1.0,0.233826438044297,1.0,1.0,0.8035346668268392,0.2909973243191589
0.02,580,0.25,2.0,0.2387532240701874,1.0,1.0,0.2387532240701874,1.0,1.0,0.8035346668268392,0.29712871631665205
0.02,580,0.25,2.05,0.26036585124069056,1.0,1.0,0.26036585124069056,1.0,1.0,0.8035346668268392,0.3240256606088647
0.02,580,0.25,2.1,0.2861749252733657,1.0,1.0,0.2861749252733657,1.0,1.0,0.8035346668268392,0.35614508880303986
0.02,580,0.25,2.15,0.39876606318592783,0.7500000000000006,1.0,0.2990745473894461,0.7500000000000006,1.3333333333333324,0.8035346668268392,0.37219868629998554
0.02,580,0.25,2.2,0.5904240873516512,0.4999999999999989,1.0,0.29521204367582493,0.4999999999999989,2.0000000000000044,0.8035346668268392,0.3673917951065113
0.02,580,0.25,2.25,1.217198447209097,0.25,1.0,0.3042996118022743,0.25,4.0,0.8035346668268392,0.3787012861609996
0.02,580,0.25,2.3,1.2262362844509895,0.25,1.0,0.3065590711127474,0.25,4.0,0.8035346668268392,0.3815131863860337
0.02,580,0.25,2.35,1.2953605666099721,0.25,1.0,0.32384014165249303,0.25,4.0,0.8035346668268392,0.4030195024831209
0.02,580,0.25,2.4,1.3071266437937332,0.25,1.0,0.3267816609484333,0.25,4.0,0.8035346668268392,0.4066802272998315
0.02,580,0.25,2.45,1.1283272170967555,0.25,1.0,0.2820818042741889,0.25,4.0,0.8035346668268392,0.3510511940799403
0.02,580,0.25,2.5,1.1356299360907596,0.25,0.9889805000000003,0.28707086137966303,0.2527855705951735,3.955922000000001,0.8035346668268392,0.3572600825217744
0.02,580,0.25,2.55,1.0182658602374812,0.25,0.8155164500000005,0.3121536850168628,0.3065542086857964,3.262065800000002,0.8035346668268392,0.388475691098131
0.02,580,0.25,2.6,0.9081400398402314,0.25,0.6420524000000007,0.3536082256838501,0.3893763188175914,2.568209600000003,0.8035346668268392,0.4400659240754976
0.02,580,0.25,2.65,0.9718037831872548,0.25,0.468588350000001,0.5184741485715836,0.5335173185590284,1.874353400000004,0.8035346668268392,0.6452417922664614
0.02,580,0.25,2.7,0.9115145006144868,0.25,0.29512429999999945,0.7721445680807109,0.8471006962151219,1.1804971999999978,0.8035346668268392,0.9609349788602303
0.02,580,0.25,2.75,0.9055080457805521,0.25,0.25,0.9055080457805521,1.0,1.0,0.8035346668268392,1.1269060106098547
0.02,580,0.25,2.8,0.8246904509720675,0.25,0.25,0.8246904509720675,1.0,1.0,0.8035346668268392,1.0263284025178063
0.02,580,0.25,2.85,0.8139980330755486,0.25,0.25,0.8139980330755486,1.0,1.0,0.8035346668268392,1.0130216737132567
0.02,580,0.25,2.9,0.5938130576628958,0.25,0.25,0.5938130576628958,1.0,1.0,0.8035346668268392,0.7390011684347925
0.02,580,0.25,2.95,0.6479775779974274,0.25,0.25,0.6479775779974274,1.0,1.0,0.8035346668268392,0.8064089886206065
0.02,580,0.25,3.0,0.5565906341415404,0.25,0.25,0.5565906341415404,1.0,1.0,0.8035346668268392,0.6926778110763018
0.02,580,0.25,3.1,0.7887814144029186,0.1666666666666667,0.25,0.5258542762686126,0.6666666666666669,1.4999999999999996,0.8035346668268392,0.6544263713539737
0.02,580,0.25,3.2,0.49838962216327176,0.1944444444444445,0.25,0.3876363727936559,0.777777777777778,1.2857142857142854,0.8035346668268392,0.48241400003864565
0.02,580,0.25,3.3,0.39078493834570294,0.22222222222222218,0.25,0.34736438964062477,0.8888888888888887,1.1250000000000002,0.8035346668268392,0.43229546151676046
0.02,580,0.25,3.4,0.3464266880528704,0.25,0.25,0.3464266880528704,1.0,1.0,0.8035346668268392,0.431128490598807
0.02,580,0.25,3.45,0.3489560823530582,0.25,0.25,0.3489560823530582,1.0,1.0,0.8035346668268392,0.43427632529046545
0.02,580,0.25,3.5,0.41783011917661667,0.25,0.25,0.41783011917661667,1.0,1.0,0.8035346668268392,0.5199901590140834
0.02,580,0.25,3.55,0.3169822514669207,0.25,0.25,0.3169822514669207,1.0,1.0,0.8035346668268392,0.3944848486981708
0.02,580,0.25,3.6,0.3023567721672966,0.25,0.25,0.3023567721672966,1.0,1.0,0.8035346668268392,0.3762834195583676
0.02,580,0.25,3.65,0.2754929773622746,0.25,0.25,0.2754929773622746,1.0,1.0,0.8035346668268392,0.34285138990978103
0.02,580,0.25,3.7,0.312320950974202,0.25,0.25,0.312320950974202,1.0,1.0,0.8035346668268392,0.38868385381250364
0.02,580,0.25,3.75,0.2964654083186553,0.25,0.25,0.2964654083186553,1.0,1.0,0.8035346668268392,0.3689516091314369
0.02,580,0.25,3.8,0.2943092085416868,0.25,0.25,0.2943092085416868,1.0,1.0,0.8035346668268392,0.3662682155381233
0.02,580,0.25,3.85,0.27557009294689394,0.25,0.25,0.27557009294689394,1.0,1.0,0.8035346668268392,0.3429473603610919
0.02,580,0.25,3.9,0.2606891698125616,0.25,0.25,0.2606891698125616,1.0,1.0,0.8035346668268392,0.3244280310170362
0.02,580,0.25,4.0,0.2924370904624867,0.25,0.25,0.2924370904624867,1.0,1.0,0.8035346668268392,0.36393836200909874
0.02,580,0.25,4.1,0.270705043375619,0.25,0.25,0.270705043375619,1.0,1.0,0.8035346668268392,0.3368927994664301
0.02,580,0.25,4.2,0.24035190680108984,0.25,0.24556180000000039,0.24469594497300626,1.018073658036387,0.9822472000000015,0.8035346668268392,0.30452444066826795
0.02,725,0.2,1.5,0.1774147503821339,0.5555555555555556,0.5424700000000002,0.18169437980403816,1.0241221736788308,0.9764460000000004,0.6442197682105388,0.2820378832967731
0.02,725,0.2,1.6,0.14810769229731957,0.777777777777778,0.7594578000000007,0.15168041171847077,1.0241224433770741,0.9764457428571435,0.6442197682105388,0.23544824173867912
0.02,725,0.2,1.7,0.14426507683291126,1.0,0.9764456000000004,0.14774512459568787,1.0241225932094933,0.9764456000000004,0.6442197682105388,0.2293396320421558
0.02,725,0.2,1.75,0.15165750861395688,1.0,1.0,0.15165750861395688,1.0,1.0,0.6442197682105388,0.23541269004398724
0.02,725,0.2,1.8,0.1698942830555989,1.0,1.0,0.1698942830555989,1.0,1.0,0.6442197682105388,0.2637210024267299
0.02,725,0.2,1.85,0.20651945184396386,1.0,1.0,0.20651945184396386,1.0,1.0,0.6442197682105388,0.3205729815115993
0.02,725,0.2,1.9,0.24249612611015567,1.0,1.0,0.24249612611015567,1.0,1.0,0.6442197682105388,0.3764183250441719
0.02,725,0.2,1.95,0.2821556981401818,1.0,1.0,0.2821556981401818,1.0,1.0,0.6442197682105388,0.4379805030260573
0.02,725,0.2,2.0,0.28015592926344,1.0,1.0,0.28015592926344,1.0,1.0,0.6442197682105388,0.43487633116511515
0.02,725,0.2,2.05,0.3178358030659649,1.0,1.0,0.3178358030659649,1.0,1.0,0.6442197682105388,0.4933654922586795
0.02,725,0.2,2.1,0.3218411495443322,1.0,1.0,0.3218411495443322,1.0,1.0,0.6442197682105388,0.49958285266271213
0.02,725,0.2,2.15,0.4556549359713414,0.7500000000000006,1.0,0.34174120197850627,0.7500000000000006,1.3333333333333324,0.6442197682105388,0.5304730137787717
0.02,725,0.2,2.2,0.7375680375934829,0.4999999999999989,1.0,0.3687840187967406,0.4999999999999989,2.0000000000000044,0.6442197682105388,0.572450640285564
0.02,725,0.2,2.25,1.5590089559774658,0.25,1.0,0.38975223899436645,0.25,4.0,0.6442197682105388,0.6049988811690589
0.02,725,0.2,2.3,1.2990324776194708,0.25,1.0,0.3247581194048677,0.25,4.0,0.6442197682105388,0.5041107637956443
0.02,725,0.2,2.35,1.3712831458175156,0.25,1.0,0.3428207864543789,0.25,4.0,0.6442197682105388,0.5321488153128839
0.02,725,0.2,2.4,1.267582302282109,0.25,1.0,0.3168955755705273,0.25,4.0,0.6442197682105388,0.49190600973139026
0.02,725,0.2,2.45,1.3221073926244014,0.25,1.0,0.33052684815610034,0.25,4.0,0.6442197682105388,0.513065361335016
0.02,725,0.2,2.5,1.1811971129544876,0.25,0.9889805000000003,0.2985895861835717,0.2527855705951734,3.955922000000001,0.6442197682105388,0.46349025738991134
0.02,725,0.2,2.55,1.1152750875794208,0.25,0.8155164500000005,0.34189227193989163,0.3065542086857964,3.262065800000002,0.6442197682105388,0.5307075144396332
0.02,725,0.2,2.6,0.9047613654011148,0.25,0.6420524000000007,0.3522926498682638,0.3893763188175914,2.568209600000003,0.6442197682105388,0.5468516603376417
0.02,725,0.2,2.65,0.8188684414684668,0.25,0.468588350000001,0.4368804951448671,0.5335173185590284,1.874353400000004,0.6442197682105388,0.6781544384432632
0.02,725,0.2,2.7,0.7605039740003129,0.25,0.29512429999999945,0.6442234458500319,0.8471006962151217,1.1804971999999978,0.6442197682105388,1.000005708672218
0.02,725,0.2,2.75,0.9299955237399659,0.25,0.25,0.9299955237399659,1.0,1.0,0.6442197682105388,1.4435997925416533
0.02,725,0.2,2.8,0.6328125447071137,0.25,0.25,0.6328125447071137,1.0,1.0,0.6442197682105388,0.9822929626405114
0.02,725,0.2,2.85,0.7368125167033129,0.25,0.25,0.7368125167033129,1.0,1.0,0.6442197682105388,1.1437285117002396
0.02,725,0.2,2.9,0.6442087352920598,0.25,0.25,0.6442087352920598,1.0,1.0,0.6442197682105388,0.9999828739833463
0.02,725,0.2,2.95,0.5695546739794222,0.25,0.25,0.5695546739794222,1.0,1.0,0.6442197682105388,0.8840999641496329
0.02,725,0.2,3.0,0.5737118942374465,0.25,0.25,0.5737118942374465,1.0,1.0,0.6442197682105388,0.8905530729537479
0.02,725,0.2,3.1,0.7288101444974021,0.1666666666666667,0.25,0.48587342966493485,0.6666666666666669,1.4999999999999996,0.6442197682105388,0.7542044712700364
0.02,725,0.2,3.2,0.5299197192658253,0.1944444444444445,0.25,0.41215978165119754,0.777777777777778,1.2857142857142854,0.6442197682105388,0.6397813323798824
0.02,725,0.2,3.3,0.4593993767336244,0.22222222222222218,0.25,0.4083550015409994,0.8888888888888887,1.1250000000000002,0.6442197682105388,0.6338753041920688
0.02,725,0.2,3.4,0.362711024147969,0.25,0.25,0.362711024147969,1.0,1.0,0.6442197682105388,0.563023741347581
0.02,725,0.2,3.45,0.308450530225414,0.25,0.25,0.308450530225414,1.0,1.0,0.6442197682105388,0.47879705877732187
0.02,725,0.2,3.5,0.29531020536220487,0.25,0.25,0.29531020536220487,1.0,1.0,0.6442197682105388,0.4583997882935097
0.02,725,0.2,3.55,0.30849738500753293,0.25,0.25,0.30849738500753293,1.0,1.0,0.6442197682105388,0.4788697898303429
0.02,725,0.2,3.6,0.30066207984222443,0.25,0.25,0.30066207984222443,1.0,1.0,0.6442197682105388,0.4667073174071933
0.02,725,0.2,3.65,0.3019446036541994,0.25,0.25,0.3019446036541994,1.0,1.0,0.6442197682105388,0.4686981346333356
0.02,725,0.2,3.7,0.28902659608393433,0.25,0.25,0.28902659608393433,1.0,1.0,0.6442197682105388,0.44864595957179154
0.02,725,0.2,3.75,0.2842999729475902,0.25,0.25,0.2842999729475902,1.0,1.0,0.6442197682105388,0.441308986430664
0.02,725,0.2,3.8,0.30170422249701984,0.25,0.25,0.30170422249701984,1.0,1.0,0.6442197682105388,0.46832499930120003
0.02,725,0.2,3.85,0.2894587359511025,0.25,0.25,0.2894587359511025,1.0,1.0,0.6442197682105388,0.4493167552978658
0.02,725,0.2,3.9,0.2901236488396576,0.25,0.25,0.2901236488396576,1.0,1.0,0.6442197682105388,0.4503488765107898
0.02,725,0.2,4.0,0.29284191297217704,0.25,0.25,0.29284191297217704,1.0,1.0,0.6442197682105388,0.45456834363467213
0.02,725,0.2,4.1,0.28396667922977065,0.25,0.25,0.28396667922977065,1.0,1.0,0.6442197682105388,0.44079162615352546
0.02,725,0.2,4.2,0.27278704026475703,0.25,0.24556180000000039,0.2777172999472603,1.0180736580363867,0.9822472000000015,0.6442197682105388,0.43109093146688243
0.02,967,0.15,1.5,0.20182849708100176,0.5555555555555556,0.5424700000000002,0.20669703914092707,1.0241221736788308,0.9764460000000004,0.6771452950920376,0.30524769298268967
0.02,967,0.15,1.6,0.1585000790113647,0.777777777777778,0.7594578000000007,0.1623234881925781,1.024122443377074,0.9764457428571435,0.6771452950920376,0.23971736844234456
0.02,967,0.15,1.7,0.16208712595852057,1.0,0.9764456000000004,0.16599708776251387,1.0241225932094933,0.9764456000000004,0.6771452950920376,0.24514249595421253
0.02,967,0.15,1.75,0.1923390758601078,1.0,1.0,0.1923390758601078,1.0,1.0,0.6771452950920376,0.2840440260815296
0.02,967,0.15,1.8,0.22338626820105095,1.0,1.0,0.22338626820105095,1.0,1.0,0.6771452950920376,0.3298941450530027
0.02,967,0.15,1.85,0.23807240185340078,1.0,1.0,0.23807240185340078,1.0,1.0,0.6771452950920376,0.35158244999847776
0.02,967,0.15,1.9,0.2614614782329608,1.0,1.0,0.2614614782329608,1.0,1.0,0.6771452950920376,0.3861231557363519
0.02,967,0.15,1.95,0.2951683387255826,1.0,1.0,0.2951683387255826,1.0,1.0,0.6771452950920376,0.43590104053733897
0.02,967,0.15,2.0,0.32996713249369564,1.0,1.0,0.32996713249369564,1.0,1.0,0.6771452950920376,0.4872914792221166
0.02,967,0.15,2.05,0.34152746040546245,1.0,1.0,0.34152746040546245,1.0,1.0,0.6771452950920376,0.5043636319721339
0.02,967,0.15,2.1,0.34918127362294915,1.0,1.0,0.34918127362294915,1.0,1.0,0.6771452950920376,0.5156666909654721
0.02,967,0.15,2.15,0.49894576829730236,0.7500000000000006,1.0,0.37420932622297703,0.7500000000000006,1.3333333333333324,0.6771452950920376,0.552627817006562
0.02,967,0.15,2.2,0.7969058317394423,0.4999999999999989,1.0,0.39845291586972026,0.4999999999999989,2.0000000000000044,0.6771452950920376,0.5884304576251431
0.02,967,0.15,2.25,1.5230859312593958,0.25,1.0,0.38077148281484896,0.25,4.0,0.6771452950920376,0.5623187306693086
0.02,967,0.15,2.3,1.4383059796749507,0.25,1.0,0.35957649491873767,0.25,4.0,0.6771452950920376,0.5310182283255236
0.02,967,0.15,2.35,1.4565903537103353,0.25,1.0,0.3641475884275838,0.25,4.0,0.6771452950920376,0.5377687640554143
0.02,967,0.15,2.4,1.469716528743188,0.25,1.0,0.367429132185797,0.25,4.0,0.6771452950920376,0.5426149082758612
0.02,967,0.15,2.45,1.283807910760751,0.25,1.0,0.32095197769018774,0.25,4.0,0.6771452950920376,0.4739780074032176
0.02,967,0.15,2.5,1.1793164234972304,0.25,0.9889805000000003,0.2981141750260066,0.2527855705951735,3.955922000000001,0.6771452950920376,0.44025141603544177
0.02,967,0.15,2.55,1.089842557989603,0.25,0.8155164500000005,0.3340958229566069,0.3065542086857964,3.262065800000002,0.6771452950920376,0.49338867947269216
0.02,967,0.15,2.6,0.8934988660586624,0.25,0.6420524000000007,0.3479072993336141,0.3893763188175914,2.568209600000003,0.6771452950920376,0.5137853011093085
0.02,967,0.15,2.65,0.7932422116741968,0.25,0.468588350000001,0.4232084577402507,0.5335173185590284,1.874353400000004,0.6771452950920376,0.6249891431095718
0.02,967,0.15,2.7,0.8010224078304188,0.25,0.29512429999999945,0.6785466393570609,0.8471006962151217,1.1804971999999978,0.6771452950920376,1.0020694882991588
0.02,967,0.15,2.75,0.7119928818515864,0.25,0.25,0.7119928818515864,1.0,1.0,0.6771452950920376,1.051462495585696
0.02,967,0.15,2.8,0.6729412622969674,0.25,0.25,0.6729412622969674,1.0,1.0,0.6771452950920376,0.9937915351025236
0.02,967,0.15,2.85,0.6949633883001741,0.25,0.25,0.6949633883001741,1.0,1.0,0.6771452950920376,1.0263135450209615
0.02,967,0.15,2.9,0.44443067915783,0.25,0.25,0.44443067915783,1.0,1.0,0.6771452950920376,0.6563298635892065
0.02,967,0.15,2.95,0.4782614196004671,0.25,0.25,0.4782614196004671,1.0,1.0,0.6771452950920376,0.7062906928053924
0.02,967,0.15,3.0,0.44315271620422875,0.25,0.25,0.44315271620422875,1.0,1.0,0.6771452950920376,0.6544425833217898
0.02,967,0.15,3.1,0.6247322347860828,0.1666666666666667,0.25,0.4164881565240553,0.6666666666666669,1.4999999999999996,0.6771452950920376,0.6150646833741144
0.02,967,0.15,3.2,0.43688452291349955,0.1944444444444445,0.25,0.3397990733771664,0.777777777777778,1.2857142857142854,0.6771452950920376,0.5018111708669274
0.02,967,0.15,3.3,0.3503811757844199,0.22222222222222218,0.25,0.3114499340305954,0.8888888888888887,1.1250000000000002,0.6771452950920376,0.45994550399742956
0.02,967,0.15,3.4,0.30846593704267705,0.25,0.25,0.30846593704267705,1.0,1.0,0.6771452950920376,0.45553877325655845
0.02,967,0.15,3.45,0.27945917710437035,0.25,0.25,0.27945917710437035,1.0,1.0,0.6771452950920376,0.4127019402333531
0.02,967,0.15,3.5,0.30733910926042557,0.25,0.25,0.30733910926042557,1.0,1.0,0.6771452950920376,0.4538746875862913
0.02,967,0.15,3.55,0.3227292612646476,0.25,0.25,0.3227292612646476,1.0,1.0,0.6771452950920376,0.4766026783377152
0.02,967,0.15,3.6,0.27958894636934134,0.25,0.25,0.27958894636934134,1.0,1.0,0.6771452950920376,0.4128935819178063
0.02,967,0.15,3.65,0.28575814725557336,0.25,0.25,0.28575814725557336,1.0,1.0,0.6771452950920376,0.4220041833366547
0.02,967,0.15,3.7,0.29156941984076823,0.25,0.25,0.29156941984076823,1.0,1.0,0.6771452950920376,0.43058620056001146
0.02,967,0.15,3.75,0.316254220753962,0.25,0.25,0.316254220753962,1.0,1.0,0.6771452950920376,0.4670404166523474
0.02,967,0.15,3.8,0.2691703877643247,0.25,0.25,0.2691703877643247,1.0,1.0,0.6771452950920376,0.3975075803011215
0.02,967,0.15,3.85,0.29436624625752206,0.25,0.25,0.29436624625752206,1.0,1.0,0.6771452950920376,0.434716520060162
0.02,967,0.15,3.9,0.28295712169966447,0.25,0.25,0.28295712169966447,1.0,1.0,0.6771452950920376,0.4178676625984752
0.02,967,0.15,4.0,0.30594605253108614,0.25,0.25,0.30594605253108614,1.0,1.0,0.6771452950920376,0.45181743821981657
0.02,967,0.15,4.1,0.2893396094630295,0.25,0.25,0.2893396094630295,1.0,1.0,0.6771452950920376,0.42729324350352677
0.02,967,0.15,4.2,0.2913817804645392,0.25,0.24556180000000039,0.29664811512268885,1.018073658036387,0.9822472000000015,0.6771452950920376,0.4380863564626384
0.02,1450,0.1,1.5,0.22460776381553585,0.5555555555555556,0.5424700000000002,0.23002579130390802,1.0241221736788308,0.9764460000000004,0.5045154250035061,0.4559341100469019
0.02,1450,0.1,1.6,0.18313020412956976,0.777777777777778,0.7594578000000007,0.18754775210931734,1.0241224433770741,0.9764457428571435,0.5045154250035061,0.371738390571535
0.02,1450,0.1,1.7,0.17680102343803655,1.0,0.9764456000000004,0.1810659226054544,1.0241225932094933,0.9764456000000004,0.5045154250035061,0.3588907566189797
0.02,1450,0.1,1.75,0.2044285337792655,1.0,1.0,0.2044285337792655,1.0,1.0,0.5045154250035061,0.40519778711987814
0.02,1450,0.1,1.8,0.23574336905999663,1.0,1.0,0.23574336905999663,1.0,1.0,0.5045154250035061,0.4672669206463972
0.02,1450,0.1,1.85,0.2887166703600405,1.0,1.0,0.2887166703600405,1.0,1.0,0.5045154250035061,0.5722652986438107
0.02,1450,0.1,1.9,0.3230830033892493,1.0,1.0,0.3230830033892493,1.0,1.0,0.5045154250035061,0.6403828057130345
0.02,1450,0.1,1.95,0.34853863572214144,1.0,1.0,0.34853863572214144,1.0,1.0,0.5045154250035061,0.6908384133541988
0.02,1450,0.1,2.0,0.3676586259883677,1.0,1.0,0.3676586259883677,1.0,1.0,0.5045154250035061,0.728736145155151
0.02,1450,0.1,2.05,0.4316503733635386,1.0,1.0,0.4316503733635386,1.0,1.0,0.5045154250035061,0.8555741845961179
0.02,1450,0.1,2.1,0.43711646402278653,1.0,1.0,0.43711646402278653,1.0,1.0,0.5045154250035061,0.8664085226328785
0.02,1450,0.1,2.15,0.5651747156233058,0.7500000000000006,1.0,0.4238810367174797,0.7500000000000006,1.3333333333333324,0.5045154250035061,0.8401745827980065
0.02,1450,0.1,2.2,0.8100827213519342,0.4999999999999989,1.0,0.4050413606759662,0.4999999999999989,2.0000000000000044,0.5045154250035061,0.8028324618085787
0.02,1450,0.1,2.25,1.5517125907093168,0.25,1.0,0.3879281476773292,0.25,4.0,0.5045154250035061,0.768912363134652
0.02,1450,0.1,2.3,1.5102785563581202,0.25,1.0,0.37756963908953006,0.25,4.0,0.5045154250035061,0.7483807637534693
0.02,1450,0.1,2.35,1.5256900811086187,0.25,1.0,0.3814225202771547,0.25,4.0,0.5045154250035061,0.7560175593729448
0.02,1450,0.1,2.4,1.5174824624552723,0.25,1.0,0.3793706156138181,0.25,4.0,0.5045154250035061,0.7519504792369464
0.02,1450,0.1,2.45,1.2380036532693053,0.25,1.0,0.3095009133173263,0.25,4.0,0.5045154250035061,0.6134617456248745
0.02,1450,0.1,2.5,1.0908922324275225,0.25,0.9889805000000003,0.2757618154320339,0.2527855705951735,3.955922000000001,0.5045154250035061,0.5465874813046945
0.02,1450,0.1,2.55,1.057481861582225,0.25,0.8155164500000005,0.32417551527692184,0.30655420868579636,3.262065800000002,0.5045154250035061,0.6425482734738368
0.02,1450,0.1,2.6,0.9355988901411528,0.25,0.6420524000000007,0.3643000517329862,0.3893763188175914,2.568209600000003,0.5045154250035061,0.7220791152826586
0.02,1450,0.1,2.65,0.8105614280389392,0.25,0.468588350000001,0.4324485596147116,0.5335173185590283,1.874353400000004,0.5045154250035061,0.8571562695267569
0.02,1450,0.1,2.7,0.5963620446544962,0.25,0.29512429999999945,0.5051787032230972,0.8471006962151217,1.1804971999999978,0.5045154250035061,1.0013146837276312
0.02,1450,0.1,2.75,0.6186703026058064,0.25,0.25,0.6186703026058064,1.0,1.0,0.5045154250035061,1.2262663774878775
0.02,1450,0.1,2.8,0.5752459814358312,0.25,0.25,0.5752459814358312,1.0,1.0,0.5045154250035061,1.1401950325539274
0.02,1450,0.1,2.85,0.4726819757138613,0.25,0.25,0.4726819757138613,1.0,1.0,0.5045154250035061,0.9369029216709804
0.02,1450,0.1,2.9,0.5025255903447328,0.25,0.25,0.5025255903447328,1.0,1.0,0.5045154250035061,0.996055948817106
0.02,1450,0.1,2.95,0.48210719949731035,0.25,0.25,0.48210719949731035,1.0,1.0,0.5045154250035061,0.9555846572856717
0.02,1450,0.1,3.0,0.32556028774558765,0.25,0.25,0.32556028774558765,1.0,1.0,0.5045154250035061,0.6452930309183811
0.02,1450,0.1,3.1,0.5165026186648314,0.1666666666666667,0.25,0.3443350791098877,0.6666666666666669,1.4999999999999996,0.5045154250035061,0.6825065439921778
0.02,1450,0.1,3.2,0.47467210056265036,0.1944444444444445,0.25,0.36918941154872814,0.777777777777778,1.2857142857142854,0.5045154250035061,0.7317703151418264
0.02,1450,0.1,3.3,0.3709014128280978,0.22222222222222218,0.25,0.3296901447360869,0.8888888888888887,1.1250000000000002,0.5045154250035061,0.6534788202636138
0.02,1450,0.1,3.4,0.29469470514354323,0.25,0.25,0.29469470514354323,1.0,1.0,0.5045154250035061,0.5841143611050054
0.02,1450,0.1,3.45,0.29480580562596026,0.25,0.25,0.29480580562596026,1.0,1.0,0.5045154250035061,0.5843345733659412
0.02,1450,0.1,3.5,0.28944835576426686,0.25,0.25,0.28944835576426686,1.0,1.0,0.5045154250035061,0.573715572248867
0.02,1450,0.1,3.55,0.3099414719488375,0.25,0.25,0.3099414719488375,1.0,1.0,0.5045154250035061,0.614334976867523
0.02,1450,0.1,3.6,0.29579754234559025,0.25,0.25,0.29579754234559025,1.0,1.0,0.5045154250035061,0.5863002946709401
0.02,1450,0.1,3.65,0.27897482794339495,0.25,0.25,0.27897482794339495,1.0,1.0,0.5045154250035061,0.5529559932512593
0.02,1450,0.1,3.7,0.31273905778314054,0.25,0.25,0.31273905778314054,1.0,1.0,0.5045154250035061,0.6198800716171704
0.02,1450,0.1,3.75,0.31051462201193913,0.25,0.25,0.31051462201193913,1.0,1.0,0.5045154250035061,0.6154710175804461
0.02,1450,0.1,3.8,0.32347069134989903,0.25,0.25,0.32347069134989903,1.0,1.0,0.5045154250035061,0.6411512420014732
0.02,1450,0.1,3.85,0.3455842905858215,0.25,0.25,0.3455842905858215,1.0,1.0,0.5045154250035061,0.6849826059994497
0.02,1450,0.1,3.9,0.32968994651446054,0.25,0.25,0.32968994651446054,1.0,1.0,0.5045154250035061,0.6534784273685376
0.02,1450,0.1,4.0,0.3283077634728332,0.25,0.25,0.3283077634728332,1.0,1.0,0.5045154250035061,0.6507388024272036
0.02,1450,0.1,4.1,0.3280274396159858,0.25,0.25,0.3280274396159858,1.0,1.0,0.5045154250035061,0.6501831725238256
0.02,1450,0.1,4.2,0.3471341549806705,0.25,0.24556180000000039,0.35340813899054124,1.0180736580363867,0.9822472000000015,0.5045154250035061,0.7004902555518203
0.02,2900,0.05,1.5,0.28390854288004885,0.5555555555555556,0.5424700000000002,0.2907570340603052,1.0241221736788308,0.9764460000000004,0.5299812831307443,0.5486175518175357
0.02,2900,0.05,1.6,0.23008334587800192,0.777777777777778,0.7594578000000007,0.23563351836095178,1.0241224433770741,0.9764457428571435,0.5299812831307443,0.4446072453144009
0.02,2900,0.05,1.7,0.22048944211785587,1.0,0.9764456000000004,0.22580821923705302,1.0241225932094933,0.9764456000000004,0.5299812831307443,0.4260682903802605
0.02,2900,0.05,1.75,0.27900204591923566,1.0,1.0,0.27900204591923566,1.0,1.0,0.5299812831307443,0.5264375456263178
0.02,2900,0.05,1.8,0.3022536721228122,1.0,1.0,0.3022536721228122,1.0,1.0,0.5299812831307443,0.5703100878153982
0.02,2900,0.05,1.85,0.36029847611056837,1.0,1.0,0.36029847611056837,1.0,1.0,0.5299812831307443,0.6798324536711688
0.02,2900,0.05,1.9,0.36594407893947506,1.0,1.0,0.36594407893947506,1.0,1.0,0.5299812831307443,0.6904849106703228
0.02,2900,0.05,1.95,0.4543192364619625,1.0,1.0,0.4543192364619625,1.0,1.0,0.5299812831307443,0.8572363797041559
0.02,2900,0.05,2.0,0.49850980421343816,1.0,1.0,0.49850980421343816,1.0,1.0,0.5299812831307443,0.9406177540244525
0.02,2900,0.05,2.05,0.4631208211314229,1.0,1.0,0.4631208211314229,1.0,1.0,0.5299812831307443,0.8738437297174753
0.02,2900,0.05,2.1,0.5952269445003737,1.0,1.0,0.5952269445003737,1.0,1.0,0.5299812831307443,1.1231093690407432
0.02,2900,0.05,2.15,0.6426680100956073,0.7500000000000006,1.0,0.4820010075717058,0.7500000000000006,1.3333333333333324,0.5299812831307443,0.909467981066037
0.02,2900,0.05,2.2,1.0890179028897142,0.4999999999999989,1.0,0.5445089514448559,0.4999999999999989,2.0000000000000044,0.5299812831307443,1.0274116629709877
0.02,2900,0.05,2.25,1.920079654505611,0.25,1.0,0.48001991362640273,0.25,4.0,0.5299812831307443,0.905729935953198
0.02,2900,0.05,2.3,1.6411735008429076,0.25,1.0,0.4102933752107269,0.25,4.0,0.5299812831307443,0.7741657833405206
0.02,2900,0.05,2.35,1.4238178064855995,0.25,1.0,0.3559544516213999,0.25,4.0,0.5299812831307443,0.671635891589755
0.02,2900,0.05,2.4,1.3263222396816317,0.25,1.0,0.3315805599204079,0.25,4.0,0.5299812831307443,0.6256457925488819
0.02,2900,0.05,2.45,1.1768867241257925,0.25,1.0,0.29422168103144813,0.25,4.0,0.5299812831307443,0.5551548524381846
0.02,2900,0.05,2.5,1.0380178834493878,0.25,0.9889805000000003,0.26239594295574775,0.2527855705951734,3.955922000000001,0.5299812831307443,0.49510416935047813
0.02,2900,0.05,2.55,0.8121521168910805,0.25,0.8155164500000005,0.2489686495260396,0.3065542086857964,3.262065800000002,0.5299812831307443,0.4697687587292021
0.02,2900,0.05,2.6,0.7316366271751533,0.25,0.6420524000000007,0.28488197660157977,0.38937631881759144,2.568209600000003,0.5299812831307443,0.5375321462650606
0.02,2900,0.05,2.65,0.7733363802073112,0.25,0.468588350000001,0.41258835191234994,0.5335173185590284,1.874353400000004,0.5299812831307443,0.7784960809843656
0.02,2900,0.05,2.7,0.5583983273881131,0.25,0.29512429999999945,0.47301961189583014,0.8471006962151217,1.1804971999999978,0.5299812831307443,0.8925213530213255
0.02,2900,0.05,2.75,0.5369231826343475,0.25,0.25,0.5369231826343475,1.0,1.0,0.5299812831307443,1.0130983861592158
0.02,2900,0.05,2.8,0.5091555846199348,0.25,0.25,0.5091555846199348,1.0,1.0,0.5299812831307443,0.9607048415223526
0.02,2900,0.05,2.85,0.4792239742925786,0.25,0.25,0.4792239742925786,1.0,1.0,0.5299812831307443,0.904228110588494
0.02,2900,0.05,2.9,0.4934489862768401,0.25,0.25,0.4934489862768401,1.0,1.0,0.5299812831307443,0.9310687037132745
0.02,2900,0.05,2.95,0.32139713923520663,0.25,0.25,0.32139713923520663,1.0,1.0,0.5299812831307443,0.6064311126925575
0.02,2900,0.05,3.0,0.3463034337878555,0.25,0.25,0.3463034337878555,1.0,1.0,0.5299812831307443,0.653425780892009
0.02,2900,0.05,3.1,0.521275416921541,0.1666666666666667,0.25,0.3475169446143608,0.6666666666666669,1.4999999999999996,0.5299812831307443,0.6557155048221386
0.02,2900,0.05,3.2,0.44400954646070556,0.1944444444444445,0.25,0.34534075835832667,0.777777777777778,1.2857142857142854,0.5299812831307443,0.6516093480099984
0.02,2900,0.05,3.3,0.3953848096182622,0.22222222222222218,0.25,0.3514531641051219,0.8888888888888887,1.1250000000000002,0.5299812831307443,0.6631425963365951
0.02,2900,0.05,3.4,0.30253513693985906,0.25,0.25,0.30253513693985906,1.0,1.0,0.5299812831307443,0.5708411722631058
0.02,2900,0.05,3.45,0.29569158796154554,0.25,0.25,0.29569158796154554,1.0,1.0,0.5299812831307443,0.5579283596862412
0.02,2900,0.05,3.5,0.3348591445477434,0.25,0.25,0.3348591445477434,1.0,1.0,0.5299812831307443,0.6318320197453746
0.02,2900,0.05,3.55,0.3162524495633411,0.25,0.25,0.3162524495633411,1.0,1.0,0.5299812831307443,0.5967238082355502
0.02,2900,0.05,3.6,0.37342451107550106,0.25,0.25,0.37342451107550106,1.0,1.0,0.5299812831307443,0.7045994320206562
0.02,2900,0.05,3.65,0.3355196450464535,0.25,0.25,0.3355196450464535,1.0,1.0,0.5299812831307443,0.6330782911133148
0.02,2900,0.05,3.7,0.3705987682638546,0.25,0.25,0.3705987682638546,1.0,1.0,0.5299812831307443,0.6992676535190571
0.02,2900,0.05,3.75,0.3563769585942852,0.25,0.25,0.3563769585942852,1.0,1.0,0.5299812831307443,0.6724331027108525
0.02,2900,0.05,3.8,0.34883620159021733,0.25,0.25,0.34883620159021733,1.0,1.0,0.5299812831307443,0.658204756835084
0.02,2900,0.05,3.85,0.37386700350359314,0.25,0.25,0.37386700350359314,1.0,1.0,0.5299812831307443,0.7054343528795178
0.02,2900,0.05,3.9,0.42750176161777326,0.25,0.25,0.42750176161777326,1.0,1.0,0.5299812831307443,0.8066355836047708
0.02,2900,0.05,4.0,0.3918852941125746,0.25,0.25,0.3918852941125746,1.0,1.0,0.5299812831307443,0.7394323282467657
0.02,2900,0.05,4.1,0.3875406065961929,0.25,0.25,0.3875406065961929,1.0,1.0,0.5299812831307443,0.7312345151264297
0.02,2900,0.05,4.2,0.35840449213332654,0.25,0.24556180000000039,0.36488217236284914,1.0180736580363867,0.9822472000000015,0.5299812831307443,0.6884812425967015
