xi_b,bridge_frequency,chi_ideal
0.005,1.5,0.08438095609882149
0.005,1.5019346230820547,0.08464902393004557
0.005,1.5038692461641094,0.08491853366049154
0.005,1.5058038692461642,0.08518949724132978
0.005,1.5077384923282189,0.08546192670468634
0.005,1.5096731154102736,0.08573583416503981
0.005,1.5116077384923283,0.08601123182063952
0.005,1.5135423615743828,0.08628813195494422
0.005,1.5154769846564375,0.08656654693808329
0.005,1.5174116077384923,0.08684648922833779
0.005,1.519346230820547,0.08712797137364418
0.005,1.5212808539026017,0.08741100601311808
0.005,1.5232154769846564,0.08769560587859973
0.005,1.5251501000667111,0.08798178379622133
0.005,1.5270847231487659,0.08826955268799472
0.005,1.5290193462308206,0.08855892557342132
0.005,1.5309539693128753,0.08884991557112284
0.005,1.53288859239493,0.08914253590049429
0.005,1.5348232154769847,0.08943679988337801
0.005,1.5367578385590395,0.08973272094576004
0.005,1.538692461641094,0.0900303126194876
0.005,1.5406270847231487,0.09032958854400976
0.005,1.5425617078052034,0.09063056246813914
0.005,1.5444963308872581,0.09093324825183638
0.005,1.5464309539693128,0.09123765986801759
0.005,1.5483655770513676,0.09154381140438354
0.005,1.5503002001334223,0.09185171706527281
0.005,1.552234823215477,0.09216139117353679
0.005,1.5541694462975317,0.0924728481724391
0.005,1.5561040693795865,0.09278610262757817
0.005,1.5580386924616412,0.09310116922883307
0.005,1.559973315543696,0.09341806279233442
0.005,1.5619079386257506,0.09373679826245851
0.005,1.5638425617078051,0.09405739071384676
0.005,1.5657771847898598,0.09437985535344995
0.005,1.5677118078719146,0.09470420752259678
0.005,1.5696464309539693,0.09503046269908964
0.005,1.571581054036024,0.09535863649932415
0.005,1.5735156771180787,0.09568874468043648
0.005,1.5754503002001334,0.09602080314247632
0.005,1.5773849232821882,0.09635482793060683
0.005,1.5793195463642429,0.09669083523733214
0.005,1.5812541694462976,0.0970288414047519
0.005,1.5831887925283523,0.09736886292684452
0.005,1.585123415610407,0.09771091645177804
0.005,1.5870580386924615,0.09805501878425077
0.005,1.5889926617745163,0.09840118688786023
0.005,1.590927284856571,0.09874943788750248
0.005,1.5928619079386257,0.09909978907180138
0.005,1.5947965310206804,0.09945225789556833
0.005,1.5967311541027351,0.09980686198229331
0.005,1.5986657771847899,0.10016361912666745
0.005,1.6006004002668446,0.1005225472971379
0.005,1.6025350233488993,0.10088366463849448
0.005,1.604469646430954,0.10124698947449094
0.005,1.6064042695130087,0.10161254031049817
0.005,1.6083388925950635,0.10198033583619312
0.005,1.6102735156771182,0.1023503949282812
0.005,1.612208138759173,0.1027227366532553
0.005,1.6141427618412274,0.10309738027018955
0.005,1.6160773849232821,0.1034743452335706
0.005,1.6180120080053368,0.10385365119616496
0.005,1.6199466310873916,0.10423531801192526
0.005,1.6218812541694463,0.1046193657389341
0.005,1.623815877251501,0.10500581464238701
0.005,1.6257505003335557,0.1053946851976155
0.005,1.6276851234156104,0.10578599809314995
0.005,1.6296197464976652,0.10617977423382392
0.005,1.6315543695797199,0.1065760347439199
0.005,1.6334889926617746,0.10697480097035776
0.005,1.6354236157438293,0.10737609448592625
0.005,1.6373582388258838,0.10777993709255809
0.005,1.6392928619079385,0.10818635082465039
0.005,1.6412274849899933,0.10859535795242957
0.005,1.643162108072048,0.10900698098536314
0.005,1.6450967311541027,0.10942124267561842
0.005,1.6470313542361574,0.109838166021568
0.005,1.6489659773182122,0.11025777427134548
0.005,1.6509006004002669,0.11068009092644886
0.005,1.6528352234823216,0.11110513974539543
0.005,1.6547698465643763,0.11153294474742663
0.005,1.656704469646431,0.11196353021626604
0.005,1.6586390927284858,0.11239692070392905
0.005,1.6605737158105405,0.11283314103458676
0.005,1.6625083388925952,0.11327221630848491
0.005,1.66444296197465,0.11371417190591708
0.005,1.6663775850567044,0.11415903349125582
0.005,1.6683122081387591,0.11460682701704002
0.005,1.6702468312208139,0.1150575787281214
0.005,1.6721814543028686,0.11551131516586971
0.005,1.6741160773849233,0.11596806317243873
0.005,1.676050700466978,0.11642784989509353
0.005,1.6779853235490327,0.11689070279059982
0.005,1.6799199466310875,0.11735664962967693
0.005,1.6818545697131422,0.11782571850151498
0.005,1.683789192795197,0.11829793781835772
0.005,1.6857238158772516,0.11877333632015184
0.005,1.6876584389593061,0.11925194307926404
0.005,1.6895930620413608,0.11973378750526639
0.005,1.6915276851234156,0.1202188993497922
0.005,1.6934623082054703,0.12070730871146249
0.005,1.695396931287525,0.1211990460408844
0.005,1.6973315543695797,0.12169414214572338
0.005,1.6992661774516344,0.12219262819584932
0.005,1.7012008005336892,0.12269453572855904
0.005,1.7031354236157439,0.12319989665387451
0.005,1.7050700466977986,0.12370874325991996
0.005,1.7070046697798533,0.12422110821837838
0.005,1.708939292861908,0.12473702459002774
0.005,1.7108739159439628,0.12525652583035965
0.005,1.7128085390260175,0.12577964579528053
0.005,1.714743162108072,0.12630641874689766
0.005,1.7166777851901267,0.12683687935939045
0.005,1.7186124082721814,0.127371062724968
0.005,1.7205470313542361,0.12790900435991637
0.005,1.7224816544362909,0.12845074021073366
0.005,1.7244162775183456,0.12899630666035725
0.005,1.7263509006004003,0.12954574053448192
0.005,1.728285523682455,0.1300990791079731
0.005,1.7302201467645097,0.13065636011137327
0.005,1.7321547698465645,0.13121762173750615
0.005,1.7340893929286192,0.13178290264817683
0.005,1.736024016010674,0.1323522419809727
0.005,1.7379586390927284,0.13292567935616353
0.005,1.7398932621747831,0.13350325488370357
0.005,1.7418278852568378,0.1340850091703369
0.005,1.7437625083388926,0.13467098332680713
0.005,1.7456971314209473,0.13526121897517387
0.005,1.747631754503002,0.13585575825623492
0.005,1.7495663775850567,0.13645464383705871
0.005,1.7515010006671115,0.13705791891862668
0.005,1.7534356237491662,0.13766562724358605
0.005,1.755370246831221,0.1382778131041167
0.005,1.7573048699132756,0.13889452134991195
0.005,1.7592394929953303,0.1395157973962753
0.005,1.761174116077385,0.1401416872323332
0.005,1.7631087391594398,0.14077223742936776
0.005,1.7650433622414945,0.14140749514926768
0.005,1.766977985323549,0.14204750815310133
0.005,1.7689126084056037,0.14269232480981245
0.005,1.7708472314876584,0.14334199410503712
0.005,1.7727818545697132,0.14399656565004945
0.005,1.7747164776517679,0.14465608969082988
0.005,1.7766511007338226,0.1453206171172631
0.005,1.7785857238158773,0.1459901994724638
0.005,1.780520346897932,0.14666488896223132
0.005,1.7824549699799868,0.1473447384646371
0.005,1.7843895930620415,0.14802980153974132
0.005,1.786324216144096,0.14872013243944507
0.005,1.7882588392261507,0.14941578611747428
0.005,1.7901934623082054,0.15011681823949982
0.005,1.7921280853902601,0.1508232851933916
0.005,1.7940627084723149,0.15153524409961125
0.005,1.7959973315543696,0.15225275282174014
0.005,1.7979319546364243,0.15297586997714557
0.005,1.799866577718479,0.1537046549477856
0.005,1.8018012008005337,0.15443916789115225
0.005,1.8037358238825885,0.1551794697513546
0.005,1.8056704469646432,0.15592562227033993
0.005,1.807605070046698,0.1566776879992563
0.005,1.8095396931287526,0.1574357303099532
0.005,1.8114743162108073,0.1581998134066227
0.005,1.813408939292862,0.15897000233757994
0.005,1.8153435623749168,0.15974636300718212
0.005,1.8172781854569713,0.16052896218788712
0.005,1.819212808539026,0.1613178675324491
0.005,1.8211474316210807,0.1621131475862516
0.005,1.8230820547031354,0.1629148717997768
0.005,1.8250166777851902,0.1637231105412096
0.005,1.8269513008672449,0.164537935109176
0.005,1.8288859239492996,0.16535941774561105
0.005,1.8308205470313543,0.16618763164876077
0.005,1.832755170113409,0.16702265098630784
0.005,1.8346897931954638,0.16786455090862568
0.005,1.8366244162775183,0.16871340756215444
0.005,1.838559039359573,0.16956929810289742
0.005,1.8404936624416277,0.1704323007100338
0.005,1.8424282855236824,0.17130249459964392
0.005,1.8443629086057372,0.1721799600385462
0.005,1.8462975316877919,0.17306477835823572
0.005,1.8482321547698466,0.17395703196892584
0.005,1.8501667778519013,0.17485680437368226
0.005,1.852101400933956,0.17576418018264925
0.005,1.8540360240160108,0.17667924512735714
0.005,1.8559706470980655,0.17760208607510758
0.005,1.8579052701801202,0.17853279104342842
0.005,1.859839893262175,0.17947144921459113
0.005,1.8617745163442296,0.18041815095018207
0.005,1.8637091394262844,0.18137298780571726
0.005,1.865643762508339,0.18233605254529614
0.005,1.8675783855903936,0.18330743915627698
0.005,1.8695130086724483,0.18428724286397014
0.005,1.871447631754503,0.18527556014633093
0.005,1.8733822548365577,0.1862724887486454
0.005,1.8753168779186125,0.1872781276981921
0.005,1.8772515010006672,0.1882925773188654
0.005,1.879186124082722,0.18931593924574816
0.005,1.8811207471647766,0.19034831643961367
0.005,1.8830553702468313,0.19138981320134307
0.005,1.884989993328886,0.19244053518623666
0.005,1.8869246164109406,0.19350058941820128
0.005,1.8888592394929953,0.19457008430379438
0.005,1.89079386257505,0.19564912964609726
0.005,1.8927284856571047,0.1967378366584007
0.005,1.8946631087391594,0.19783631797767226
0.005,1.8965977318212142,0.19894468767778345
0.005,1.8985323549032689,0.2000630612824634
0.005,1.9004669779853236,0.2011915557779535
0.005,1.9024016010673783,0.20233028962533042
0.005,1.904336224149433,0.20347938277246128
0.005,1.9062708472314878,0.20463895666555915
0.005,1.9082054703135425,0.20580913426029745
0.005,1.9101400933955972,0.20699004003244814
0.005,1.912074716477652,0.20818179998799566
0.005,1.9140093395597066,0.20938454167268797
0.005,1.9159439626417614,0.2105983941809721
0.005,1.9178785857238159,0.21182348816426871
0.005,1.9198132088058706,0.21305995583853202
0.005,1.9217478318879253,0.2143079309910352
0.005,1.92368245496998,0.21556754898633063
0.005,1.9256170780520347,0.2168389467713146
0.005,1.9275517011340895,0.21812226287933809
0.005,1.9294863242161442,0.2194176374332881
0.005,1.931420947298199,0.220725212147573
0.005,1.9333555703802536,0.2220451303289316
0.005,1.9352901934623084,0.22337753687598316
0.005,1.9372248165443628,0.2247225782774386
0.005,1.9391594396264176,0.2260804026088789
0.005,1.9410940627084723,0.22745115952800637
0.005,1.943028685790527,0.22883500026827108
0.005,1.9449633088725817,0.23023207763076448
0.005,1.9468979319546365,0.23164254597427508
0.005,1.9488325550366912,0.23306656120338312
0.005,1.950767178118746,0.23450428075447738
0.005,1.9527018012008006,0.23595586357956333
0.005,1.9546364242828553,0.23742147012772846
0.005,1.95657104736491,0.23890126232412115
0.005,1.9585056704469648,0.24039540354629665
0.005,1.9604402935290195,0.2419040585977711
0.005,1.9623749166110742,0.24342739367861915
0.005,1.964309539693129,0.24496557635294547
0.005,1.9662441627751837,0.24651877551304283
0.005,1.9681787858572382,0.2480871613400542
0.005,1.9701134089392929,0.24967090526093333
0.005,1.9720480320213476,0.2512701799014967
0.005,1.9739826551034023,0.2528851590353481
0.005,1.975917278185457,0.25451601752844677
0.005,1.9778519012675118,0.2561629312790775
0.005,1.9797865243495665,0.2578260771529685
0.005,1.9817211474316212,0.25950563291330075
0.005,1.983655770513676,0.2612017771453248
0.005,1.9855903935957306,0.2629146891753028
0.005,1.9875250166777851,0.26464454898346945
0.005,1.9894596397598399,0.2663915371107048
0.005,1.9913942628418946,0.2681558345585806
0.005,1.9933288859239493,0.26993762268244453
0.005,1.995263509006004,0.27173708307718103
0.005,1.9971981320880587,0.27355439745527743
0.005,1.9991327551701135,0.2753897475168058
0.005,2.001067378252168,0.27724331481091363
0.005,2.003002001334223,0.2791152805884076
0.005,2.0049366244162776,0.2810058256449858
0.005,2.0068712474983323,0.28291513015466685
0.005,2.008805870580387,0.2848433734929435
0.005,2.010740493662442,0.2867907340491652
0.005,2.0126751167444965,0.28875738902764825
0.005,2.0146097398265512,0.29074351423697653
0.005,2.016544362908606,0.2927492838669569
0.005,2.0184789859906607,0.2947748702526581
0.005,2.0204136090727154,0.2968204436249524
0.005,2.02234823215477,0.2988861718469593
0.005,2.024282855236825,0.3009722201357674
0.005,2.0262174783188796,0.30307875076880486
0.005,2.0281521014009343,0.3052059227741895
0.005,2.030086724482989,0.3073538916043966
0.005,2.0320213475650437,0.30952280879254895
0.005,2.033955970647098,0.3117128215906231
0.005,2.0358905937291527,0.3139240725888519
0.005,2.0378252168112074,0.3161566993155844
0.005,2.039759839893262,0.31841083381686436
0.005,2.041694462975317,0.3206866022149557
0.005,2.0436290860573716,0.32298412424506023
0.005,2.0455637091394263,0.3253035127694394
0.005,2.047498332221481,0.3276448732681756
0.005,2.0494329553035358,0.330008303305774
0.005,2.0513675783855905,0.3323938919728403
0.005,2.053302201467645,0.33480171930204766
0.005,2.0552368245497,0.33723185565762875
0.005,2.0571714476317546,0.33968436109764033
0.005,2.0591060707138094,0.3421592847082553
0.005,2.061040693795864,0.34465666390937966
0.005,2.062975316877919,0.34717652373089464
0.005,2.0649099399599735,0.34971887605888335
0.005,2.0668445630420282,0.35228371885122406
0.005,2.068779186124083,0.3548710353220014
0.005,2.0707138092061372,0.35748079309422287
0.005,2.072648432288192,0.3601129433204137
0.005,2.0745830553702467,0.36276741977072724
0.005,2.0765176784523014,0.36544413788830615
0.005,2.078452301534356,0.3681429938117205
0.005,2.080386924616411,0.3708638633644236
0.005,2.0823215476984656,0.3736066010112863
0.005,2.0842561707805203,0.3763710387824223
0.005,2.086190793862575,0.37915698516464735
0.005,2.0881254169446297,0.38196422396110985
0.005,2.0900600400266844,0.3847925131197914
0.005,2.091994663108739,0.387641583531804
0.005,2.093929286190794,0.39051113780060676
0.005,2.0958639092728486,0.3934008489835246
0.005,2.0977985323549033,0.39631035930720904
0.005,2.099733155436958,0.3992392788589457
0.005,2.1016677785190128,0.4021871842560466
0.005,2.1036024016010675,0.4051536172958528
0.005,2.105537024683122,0.40813808358925807
0.005,2.107471647765177,0.41114005118099
0.005,2.1094062708472316,0.4141589491603185
0.005,2.1113408939292864,0.4171941662662346
0.005,2.113275517011341,0.42024504949161146
0.005,2.115210140093396,0.42331090269128474
0.005,2.1171447631754505,0.426390985199476
0.005,2.1190793862575052,0.4294845104624876
0.005,2.12101400933956,0.43259064469307335
0.005,2.1229486324216147,0.43570850555344853
0.005,2.1248832555036694,0.4388371608744047
0.005,2.126817878585724,0.44197562741856405
0.005,2.128752501667779,0.4451228696963265
0.005,2.1306871247498336,0.4482777988436314
0.005,2.1326217478318883,0.45143927157118335
0.005,2.1345563709139426,0.4546060891953233
0.005,2.1364909939959973,0.45777699676124517
0.005,2.138425617078052,0.4609506822697282
0.005,2.1403602401601067,0.46412577601904
0.005,2.1422948632421615,0.4673008500740661
0.005,2.144229486324216,0.4704744178750746
0.005,2.146164109406271,0.4736449339988796
0.005,2.1480987324883256,0.47681079408535626
0.005,2.1500333555703803,0.47997033494247227
0.005,2.151967978652435,0.4831218348430358
0.005,2.1539026017344898,0.48626351402636764
0.005,2.1558372248165445,0.48939353541794384
0.005,2.157771847898599,0.4925100055798086
0.005,2.159706470980654,0.49561097590416986
0.005,2.1616410940627087,0.49869444406202973
0.005,2.1635757171447634,0.5017583557180562
0.005,2.165510340226818,0.5048006065219985
0.005,2.167444963308873,0.5078190443859786
0.005,2.1693795863909275,0.5108114720557492
0.005,2.171314209472982,0.51377564998268
0.005,2.1732488325550365,0.5167092995016245
0.005,2.1751834556370913,0.5196101063181152
0.005,2.177118078719146,0.5224757243064017
0.005,2.1790527018012007,0.5253037796177447
0.005,2.1809873248832554,0.5280918750961263
0.005,2.18292194796531,0.5308375949961127
0.005,2.184856571047365,0.5335385099950649
0.005,2.1867911941294196,0.5361921824892075
0.005,2.1887258172114743,0.5387961721603008
0.005,2.190660440293529,0.5413480417968264
0.005,2.1925950633755837,0.5438453633507067
0.005,2.1945296864576385,0.5462857242077024
0.005,2.196464309539693,0.5486667336467503
0.005,2.198398932621748,0.5509860294607357
0.005,2.2003335557038026,0.5532412847084797
0.005,2.2022681787858573,0.5554302145651864
0.005,2.204202801867912,0.5575505832362615
0.005,2.206137424949967,0.5596002108972503
0.005,2.2080720480320215,0.5615769806208404
0.005,2.2100066711140762,0.5634788452503142
0.005,2.211941294196131,0.5653038341776476
0.005,2.2138759172781857,0.5670500599836608
0.005,2.2158105403602404,0.5687157248972243
0.005,2.217745163442295,0.5702991270305706
0.005,2.21967978652435,0.5717986663482528
0.005,2.2216144096064045,0.5732128503282528
0.005,2.2235490326884593,0.5745402992751613
0.005,2.225483655770514,0.5757797512472577
0.005,2.2274182788525687,0.5769300665616263
0.005,2.2293529019346234,0.5779902318442514
0.005,2.231287525016678,0.5789593635951905
0.005,2.233222148098733,0.5798367112424792
0.005,2.235156771180787,0.580621659662295
0.005,2.237091394262842,0.581313731147068
0.005,2.2390260173448966,0.5819125868076127
0.005,2.2409606404269513,0.5824180273999063
0.005,2.242895263509006,0.5828299935718154
0.005,2.2448298865910608,0.583148565529782
0.005,2.2467645096731155,0.5833739621301801
0.005,2.24869913275517,0.5835065394046827
0.005,2.250633755837225,0.5835467885334581
0.005,2.2525683789192796,0.5834953332842969
0.005,2.2545030020013344,0.5833529269398181
0.005,2.256437625083389,0.5831204487386239
0.005,2.258372248165444,0.5827988998596774
0.005,2.2603068712474985,0.5823893989821777
0.005,2.2622414943295532,0.5818931774558238
0.005,2.264176117411608,0.5813115741185175
0.005,2.2661107404936627,0.5806460298002897
0.005,2.2680453635757174,0.579898081553512
0.005,2.269979986657772,0.5790693566502773
0.005,2.2719146097398264,0.5781615663882073
0.005,2.273849232821881,0.577176499745914
0.005,2.275783855903936,0.5761160169288712
0.005,2.2777184789859906,0.574982042845617
0.005,2.2796531020680453,0.5737765605530347
0.005,2.2815877251501,0.5725016047079098
0.005,2.2835223482321547,0.5711592550602225
0.005,2.2854569713142094,0.5697516300215458
0.005,2.287391594396264,0.5682808803397247
0.005,2.289326217478319,0.5667491829085677
0.005,2.2912608405603736,0.5651587347387818
0.005,2.2931954636424283,0.5635117471137497
0.005,2.295130086724483,0.5618104399510809
0.005,2.2970647098065378,0.5600570363881926
0.005,2.2989993328885925,0.5582537576075054
0.005,2.300933955970647,0.5564028179142125
0.005,2.302868579052702,0.5545064200770401
0.005,2.3048032021347566,0.552566750939958
0.005,2.3067378252168114,0.5505859773104518
0.005,2.308672448298866,0.5485662421277592
0.005,2.310607071380921,0.5465096609124054
0.005,2.3125416944629755,0.5444183184964438
0.005,2.3144763175450302,0.5422942660320723
0.005,2.316410940627085,0.5401395182746561
0.005,2.3183455637091397,0.5379560511348203
0.005,2.3202801867911944,0.535745799492935
0.005,2.322214809873249,0.5335106552682858
0.005,2.324149432955304,0.5312524657342084
0.005,2.3260840560373586,0.5289730320697151
0.005,2.3280186791194133,0.5266741081374674
0.005,2.329953302201468,0.5243573994774346
0.005,2.3318879252835227,0.5220245625052083
0.005,2.333822548365577,0.5196772039036395
0.005,2.3357571714476317,0.5173168801963312
0.005,2.3376917945296865,0.5149450974914618
0.005,2.339626417611741,0.5125633113844044
0.005,2.341561040693796,0.5101729270077646
0.005,2.3434956637758506,0.5077752992175931
0.005,2.3454302868579053,0.5053717329047933
0.005,2.34736490993996,0.5029634834210277
0.005,2.3492995330220148,0.5005517571087621
0.005,2.3512341561040695,0.4981377119254523
0.005,2.353168779186124,0.4957224581522938
0.005,2.355103402268179,0.49330705917836487
0.005,2.3570380253502337,0.49089253235143876
0.005,2.3589726484322884,0.48847984988720466
0.005,2.360907271514343,0.48606993982907715
0.005,2.362841894596398,0.48366368705124424
0.005,2.3647765176784525,0.48126193429807324
0.005,2.3667111407605073,0.4788654832534361
0.005,2.368645763842562,0.47647509563396395
0.005,2.3705803869246167,0.47409149430068137
0.005,2.372515010006671,0.47171536438390055
0.005,2.3744496330887257,0.4693473544166442
0.005,2.3763842561707804,0.4669880774723039
0.005,2.378318879252835,0.46463811230255375
0.005,2.38025350233489,0.46229800447197145
0.005,2.3821881254169446,0.4599682674861121
0.005,2.3841227484989993,0.4576493839101221
0.005,2.386057371581054,0.45534180647529837
0.005,2.3879919946631087,0.4530459591712621
0.005,2.3899266177451635,0.45076223832171985
0.005,2.391861240827218,0.44849101364199395
0.005,2.393795863909273,0.44623262927680224
0.005,2.3957304869913276,0.4439874048169172
0.005,2.3976651100733823,0.44175563629359266
0.005,2.399599733155437,0.4395375971498068
0.005,2.401534356237492,0.4373335391875456
0.005,2.4034689793195465,0.43514369349052306
0.005,2.4054036024016012,0.43296827132185806
0.005,2.407338225483656,0.43080746499637557
0.005,2.4092728485657107,0.42866144872731937
0.005,2.4112074716477654,0.42653037944736616
0.005,2.41314209472982,0.4244143976039235
0.005,2.415076717811875,0.42231362792880267
0.005,2.4170113408939295,0.4202281801824102
0.005,2.4189459639759843,0.41815814987268884
0.005,2.420880587058039,0.41610361894909903
0.005,2.4228152101400937,0.41406465647197244
0.005,2.4247498332221484,0.41204131925763626
0.005,2.426684456304203,0.41003365249972773
0.005,2.428619079386258,0.40804169036717297
0.005,2.4305537024683126,0.4060654565793149
0.005,2.4324883255503673,0.4041049649587113
0.005,2.4344229486324216,0.40216021996214224
0.005,2.4363575717144763,0.4002312171903749
0.005,2.438292194796531,0.3983179438772659
0.005,2.4402268178785858,0.3964203793587545
0.005,2.4421614409606405,0.3945384955223471
0.005,2.444096064042695,0.392672257237666
0.005,2.44603068712475,0.3908216227686471
0.005,2.4479653102068046,0.3889865441679793
0.005,2.4498999332888594,0.38716696765435155
0.005,2.451834556370914,0.3853628339730913
0.005,2.453769179452969,0.3835740787407598
0.005,2.4557038025350235,0.38180063277426923
0.005,2.4576384256170782,0.3800424224050603
0.005,2.459573048699133,0.3782993697788982
0.005,2.4615076717811877,0.3765713931418082
0.005,2.4634422948632424,0.3748584071126661
0.005,2.465376917945297,0.37316032294296686
0.005,2.467311541027352,0.3714770487642491
0.005,2.4692461641094066,0.36980848982366876
0.005,2.4711807871914613,0.3681545487081855
0.005,2.4731154102735156,0.36651512555782567
0.005,2.4750500333555703,0.3648901182684517
0.005,2.476984656437625,0.363279422684483
0.005,2.4789192795196797,0.3616829327819712
0.005,2.4808539026017344,0.3601005408424379
0.005,2.482788525683789,0.3585321376178702
0.005,2.484723148765844,0.35697761248723725
0.005,2.4866577718478986,0.3554368536049044
0.005,2.4885923949299533,0.3539097480412864
0.005,2.490527018012008,0.35239618191608285
0.005,2.4924616410940628,0.3508960405244232
0.005,2.4943962641761175,0.3494092084562276
0.005,2.496330887258172,0.3479355697090945
0.005,2.498265510340227,0.3464750077950004
0.005,2.5002001334222816,0.34502740584109415
0.005,2.5021347565043364,0.3435926466848512
0.005,2.504069379586391,0.3421706129638485
0.005,2.506004002668446,0.34076118720040993
0.005,2.5079386257505005,0.33936425188134955
0.005,2.5098732488325552,0.3379796895330581
0.005,2.51180787191461,0.3366073827921341
0.005,2.5137424949966647,0.33524721447178113
0.005,2.5156771180787194,0.3338990676241653
0.005,2.517611741160774,0.3325628255989316
0.005,2.519546364242829,0.33123837209805673
0.005,2.5214809873248836,0.32992559122722115
0.005,2.5234156104069383,0.32862436754386354
0.005,2.525350233488993,0.3273345861020841
0.005,2.5272848565710477,0.32605613249455007
0.005,2.5292194796531025,0.32478889289154855
0.005,2.531154102735157,0.3235327540773314
0.005,2.533088725817212,0.3222876034838847
0.005,2.5350233488992666,0.32105332922225577
0.005,2.5369579719813213,0.3198298201115551
0.005,2.538892595063376,0.3186169657057555
0.005,2.5408272181454303,0.3174146563184006
0.005,2.542761841227485,0.3162227830453263
0.005,2.5446964643095398,0.3150412377855058
0.005,2.5466310873915945,0.31386991326010405
0.005,2.548565710473649,0.31270870302984577
0.005,2.550500333555704,0.311557501510781
0.005,2.5524349566377587,0.31041620398853165
0.005,2.5543695797198134,0.3092847066311054
0.005,2.556304202801868,0.30816290650034844
0.005,2.558238825883923,0.30705070156211395
0.005,2.5601734489659775,0.3059479906952131
0.005,2.5621080720480323,0.3048546736992224
0.005,2.564042695130087,0.30377065130120173
0.005,2.5659773182121413,0.30269582516138904
0.005,2.567911941294196,0.30163009787792966
0.005,2.5698465643762507,0.30057337299069253
0.005,2.5717811874583054,0.2995255549842293
0.005,2.57371581054036,0.29848654928992074
0.005,2.575650433622415,0.29745626228736244
0.005,2.5775850567044696,0.29643460130503374
0.005,2.5795196797865243,0.2954214746202912
0.005,2.581454302868579,0.2944167914587285
0.005,2.5833889259506337,0.29342046199294297
0.005,2.5853235490326885,0.2924323973407416
0.005,2.587258172114743,0.2914525095628254
0.005,2.589192795196798,0.29048071165998485
0.005,2.5911274182788526,0.2895169175698354
0.005,2.5930620413609073,0.2885610421631264
0.005,2.594996664442962,0.2876130012396489
0.005,2.596931287525017,0.286672711523772
0.005,2.5988659106070715,0.2857400906596327
0.005,2.6008005336891262,0.2848150572060023
0.005,2.602735156771181,0.2838975306308551
0.005,2.6046697798532357,0.28298743130565696
0.005,2.6066044029352904,0.2820846804994012
0.005,2.608539026017345,0.28118920037240547
0.005,2.6104736490994,0.2803009139698902
0.005,2.6124082721814545,0.27941974521535895
0.005,2.6143428952635093,0.27854561890379265
0.005,2.616277518345564,0.27767846069467944
0.005,2.6182121414276187,0.27681819710488914
0.005,2.6201467645096734,0.27596475550141164
0.005,2.622081387591728,0.27511806409396916
0.005,2.624016010673783,0.27427805192751736
0.005,2.6259506337558376,0.27344464887464653
0.005,2.6278852568378923,0.27261778562789435
0.005,2.629819879919947,0.27179739369198075
0.005,2.6317545030020018,0.2709834053759743
0.005,2.6336891260840565,0.27017575378540326
0.005,2.635623749166111,0.26937437281431603
0.005,2.637558372248166,0.2685791971373
0.005,2.6394929953302206,0.2677901622014706
0.005,2.641427618412275,0.26700720421843493
0.005,2.6433622414943296,0.2662302601562363
0.005,2.6452968645763844,0.2654592677312904
0.005,2.647231487658439,0.2646941654003154
0.005,2.649166110740494,0.26393489235226164
0.005,2.6511007338225485,0.2631813885002542
0.005,2.6530353569046032,0.26243359447354
0.005,2.654969979986658,0.2616914516094577
0.005,2.6569046030687127,0.260954901945427
0.005,2.6588392261507674,0.2602238882109627
0.005,2.660773849232822,0.25949835381972247
0.005,2.662708472314877,0.25877824286158413
0.005,2.6646430953969316,0.2580635000947628
0.005,2.666577718478986,0.25735407093796686
0.005,2.6685123415610406,0.25664990146259803
0.005,2.6704469646430953,0.25595093838499877
0.005,2.67238158772515,0.255257129058746
0.005,2.6743162108072047,0.2545684214669987
0.005,2.6762508338892594,0.2538847642148964
0.005,2.678185456971314,0.2532061065220158
0.005,2.680120080053369,0.25253239821488294
0.005,2.6820547031354236,0.2518635897195445
0.005,2.6839893262174783,0.25119963205420126
0.005,2.685923949299533,0.2505404768219015
0.005,2.6878585723815878,0.24988607620330036
0.005,2.6897931954636425,0.2492363829494815
0.005,2.691727818545697,0.2485913503748459
0.005,2.693662441627752,0.24795093235006574
0.005,2.6955970647098066,0.24731508329510854
0.005,2.6975316877918614,0.24668375817232577
0.005,2.699466310873916,0.2460569124796132
0.005,2.701400933955971,0.2454345022436394
0.005,2.7033355570380255,0.24481648401314401
0.005,2.7052701801200802,0.24420281485230702
0.005,2.707204803202135,0.24359345233418758
0.005,2.7091394262841897,0.24298835453423528
0.005,2.7110740493662444,0.24238748002386937
0.005,2.713008672448299,0.2417907878641332
0.005,2.714943295530354,0.241198237599416
0.005,2.7168779186124086,0.24060978925124848
0.005,2.7188125416944633,0.24002540331216843
0.005,2.720747164776518,0.2394450407396568
0.005,2.7226817878585727,0.2388686629501464
0.005,2.7246164109406275,0.23829623181309992
0.005,2.726551034022682,0.2377277096451586
0.005,2.728485657104737,0.23716305920436118
0.005,2.7304202801867916,0.23660224368443325
0.005,2.7323549032688463,0.2360452267091461
0.005,2.734289526350901,0.23549197232674407
0.005,2.7362241494329558,0.23494244500444136
0.005,2.7381587725150105,0.23439660962298753
0.005,2.740093395597065,0.23385443147130025
0.005,2.7420280186791195,0.2333158762411664
0.005,2.743962641761174,0.23278091002200912
0.005,2.745897264843229,0.23224949929572325
0.005,2.7478318879252837,0.2317216109315745
0.005,2.7497665110073384,0.23119721218116637
0.005,2.751701134089393,0.23067627067347046
0.005,2.753635757171448,0.23015875440992212
0.005,2.7555703802535025,0.2296446317595789
0.005,2.7575050033355573,0.22913387145434352
0.005,2.759439626417612,0.22862644258424888
0.005,2.7613742494996667,0.22812231459280483
0.005,2.7633088725817214,0.2276214572724071
0.005,2.765243495663776,0.22712384075980582
0.005,2.7671781187458304,0.22662943553163664
0.005,2.769112741827885,0.22613821240000806
0.005,2.77104736490994,0.22565014250815102
0.005,2.7729819879919946,0.22516519732612433
0.005,2.7749166110740493,0.2246833486465791
0.005,2.776851234156104,0.22420456858057988
0.005,2.7787858572381587,0.22372882955348228
0.005,2.7807204803202135,0.22325610430086582
0.005,2.782655103402268,0.22278636586452244
0.005,2.784589726484323,0.22231958758849935
0.005,2.7865243495663776,0.22185574311519554
0.005,2.7884589726484323,0.2213948063815113
0.005,2.790393595730487,0.2209367516150512
0.005,2.792328218812542,0.2204815533303769
0.005,2.7942628418945965,0.2200291863253139
0.005,2.7961974649766512,0.219579625677307
0.005,2.798132088058706,0.21913284673982603
0.005,2.8000667111407607,0.218688825138821
0.005,2.8020013342228154,0.2182475367692268
0.005,2.80393595730487,0.2178089577915148
0.005,2.805870580386925,0.2173730646282924
0.005,2.8078052034689795,0.21693983396094957
0.005,2.8097398265510343,0.21650924272635114
0.005,2.811674449633089,0.21608126811357575
0.005,2.8136090727151437,0.21565588756069876
0.005,2.8155436957971984,0.2152330787516198
0.005,2.817478318879253,0.2148128196129344
0.005,2.819412941961308,0.21439508831084936
0.005,2.8213475650433626,0.21397986324813972
0.005,2.8232821881254173,0.2135671230611482
0.005,2.825216811207472,0.2131568466168272
0.005,2.8271514342895268,0.21274901300981963
0.005,2.8290860573715815,0.21234360155958235
0.005,2.831020680453636,0.2119405918075482
0.005,2.832955303535691,0.21153996351432738
0.005,2.8348899266177456,0.21114169665694768
0.005,2.8368245496998004,0.21074577142613363
0.005,2.838759172781855,0.21035216822362224
0.005,2.84069379586391,0.20996086765951646
0.005,2.842628418945964,0.20957185054967525
0.005,2.844563042028019,0.20918509791313925
0.005,2.8464976651100735,0.20880059096959308
0.005,2.8484322881921282,0.20841831113686218
0.005,2.850366911274183,0.2080382400284437
0.005,2.8523015343562377,0.2076603594510725
0.005,2.8542361574382924,0.20728465140232002
0.005,2.856170780520347,0.20691109806822694
0.005,2.858105403602402,0.20653968182096777
0.005,2.8600400266844566,0.20617038521654882
0.005,2.8619746497665113,0.20580319099253602
0.005,2.863909272848566,0.20543808206581637
0.005,2.8658438959306207,0.20507504153038844
0.005,2.867778519012675,0.20471405265518441
0.005,2.8697131420947297,0.20435509888192085
0.005,2.8716477651767844,0.20399816382298014
0.005,2.873582388258839,0.203643231259321
0.005,2.875517011340894,0.2032902851384171
0.005,2.8774516344229486,0.20293930957222403
0.005,2.8793862575050033,0.20259028883517444
0.005,2.881320880587058,0.2022432073622006
0.005,2.8832555036691128,0.2018980497467841
0.005,2.8851901267511675,0.2015548007390316
0.005,2.887124749833222,0.2012134452437781
0.005,2.889059372915277,0.20087396831871449
0.005,2.8909939959973316,0.20053635517254217
0.005,2.8929286190793864,0.2002005911631522
0.005,2.894863242161441,0.19986666179582877
0.005,2.896797865243496,0.19953455272147808
0.005,2.8987324883255505,0.19920424973488043
0.005,2.9006671114076052,0.19887573877296644
0.005,2.90260173448966,0.198549005913117
0.005,2.9045363575717147,0.19822403737148533
0.005,2.9064709806537694,0.19790081950134258
0.005,2.908405603735824,0.1975793387914457
0.005,2.910340226817879,0.197259581864427
0.005,2.9122748498999336,0.19694153547520554
0.005,2.9142094729819883,0.1966251865094204
0.005,2.916144096064043,0.19631052198188412
0.005,2.9180787191460977,0.1959975290350582
0.005,2.9200133422281525,0.19568619493754788
0.005,2.921947965310207,0.195376507082618
0.005,2.923882588392262,0.19506845298672768
0.005,2.9258172114743166,0.1947620202880868
0.005,2.9277518345563713,0.19445719674522868
0.005,2.929686457638426,0.1941539702356046
0.005,2.9316210807204808,0.1938523287541955
0.005,2.9335557038025355,0.19355226041214257
0.005,2.93549032688459,0.1932537534353964
0.005,2.937424949966645,0.19295679616338382
0.005,2.9393595730486997,0.19266137704769243
0.005,2.9412941961307544,0.19236748465077227
0.005,2.9432288192128087,0.1920751076446556
0.005,2.9451634422948634,0.19178423480969226
0.005,2.947098065376918,0.19149485503330343
0.005,2.949032688458973,0.19120695730875034
0.005,2.9509673115410275,0.1909205307339197
0.005,2.9529019346230823,0.19063556451012562
0.005,2.954836557705137,0.19035204794092647
0.005,2.9567711807871917,0.19006997043095816
0.005,2.9587058038692464,0.18978932148478161
0.005,2.960640426951301,0.18951009070574618
0.005,2.962575050033356,0.1892322677948677
0.005,2.9645096731154106,0.18895584254972145
0.005,2.9664442961974653,0.1886808048633487
0.005,2.9683789192795196,0.18840714472317818
0.005,2.9703135423615743,0.18813485220996193
0.005,2.972248165443629,0.18786391749672393
0.005,2.9741827885256837,0.18759433084772323
0.005,2.9761174116077385,0.18732608261743017
0.005,2.978052034689793,0.18705916324951555
0.005,2.979986657771848,0.18679356327585367
0.005,2.9819212808539026,0.18652927331553748
0.005,2.9838559039359573,0.18626628407390652
0.005,2.985790527018012,0.18600458634158804
0.005,2.987725150100067,0.18574417099354895
0.005,2.9896597731821215,0.18548502898816174
0.005,2.9915943962641762,0.18522715136628126
0.005,2.993529019346231,0.18497052925033333
0.005,2.9954636424282857,0.18471515384341514
0.005,2.9973982655103404,0.18446101642840762
0.005,2.999332888592395,0.18420810836709836
0.005,3.00126751167445,0.18395642109931573
0.005,3.0032021347565045,0.1837059461420749
0.005,3.0051367578385593,0.18345667508873312
0.005,3.007071380920614,0.1832085996081576
0.005,3.0090060040026687,0.18296171144390194
0.005,3.0109406270847234,0.18271600241339478
0.005,3.012875250166778,0.18247146440713702
0.005,3.014809873248833,0.18222808938791057
0.005,3.0167444963308876,0.18198586938999595
0.005,3.0186791194129423,0.18174479651840036
0.005,3.020613742494997,0.18150486294809523
0.005,3.0225483655770518,0.18126606092326297
0.005,3.0244829886591065,0.18102838275655392
0.005,3.026417611741161,0.18079182082835166
0.005,3.028352234823216,0.18055636758604832
0.005,3.0302868579052706,0.18032201554332786
0.005,3.0322214809873254,0.1800887572794595
0.005,3.03415610406938,0.1798565854385988
0.005,3.036090727151435,0.17962549272909814
0.005,3.0380253502334895,0.17939547192282523
0.005,3.0399599733155442,0.17916651585449025
0.005,3.041894596397599,0.17893861742098155
0.005,3.0438292194796532,0.1787117695807088
0.005,3.045763842561708,0.17848596535295477
0.005,3.0476984656437627,0.17826119781723523
0.005,3.0496330887258174,0.17803746011266575
0.005,3.051567711807872,0.17781474543733772
0.005,3.053502334889927,0.1775930470477003
0.005,3.0554369579719816,0.17737235825795122
0.005,3.0573715810540363,0.17715267243943444
0.005,3.059306204136091,0.17693398302004512
0.005,3.0612408272181457,0.1767162834836419
0.005,3.0631754503002004,0.1764995673694664
0.005,3.065110073382255,0.1762838282715694
0.005,3.06704469646431,0.1760690598382444
0.005,3.068979319546364,0.17585525577146766
0.005,3.070913942628419,0.17564240982634508
0.005,3.0728485657104736,0.17543051581056598
0.005,3.0747831887925283,0.175219567583863
0.005,3.076717811874583,0.17500955905747848
0.005,3.0786524349566378,0.1748004841936379
0.005,3.0805870580386925,0.1745923370050288
0.005,3.082521681120747,0.17438511155428635
0.005,3.084456304202802,0.17417880195348479
0.005,3.0863909272848566,0.17397340236363545
0.005,3.0883255503669114,0.17376890699418995
0.005,3.090260173448966,0.17356531010254972
0.005,3.092194796531021,0.17336260599358153
0.005,3.0941294196130755,0.17316078901913826
0.005,3.0960640426951302,0.17295985357758567
0.005,3.097998665777185,0.17275979411333464
0.005,3.0999332888592397,0.17256060511637902
0.005,3.1018679119412944,0.17236228112183835
0.005,3.103802535023349,0.17216481670950687
0.005,3.105737158105404,0.17196820650340722
0.005,3.1076717811874586,0.1717724451713491
0.005,3.1096064042695133,0.17157752742449406
0.005,3.111541027351568,0.17138344801692412
0.005,3.1134756504336227,0.17119020174521618
0.005,3.1154102735156775,0.17099778344802183
0.005,3.117344896597732,0.17080618800565037
0.005,3.119279519679787,0.1706154103396584
0.005,3.1212141427618416,0.17042544541244342
0.005,3.1231487658438963,0.1702362882268418
0.005,3.125083388925951,0.1700479338257322
0.005,3.1270180120080058,0.1698603772916426
0.005,3.1289526350900605,0.16967361374636278
0.005,3.130887258172115,0.16948763835056066
0.005,3.13282188125417,0.16930244630340285
0.005,3.1347565043362247,0.16911803284218038
0.005,3.1366911274182794,0.16893439324193776
0.005,3.138625750500334,0.16875152281510689
0.005,3.140560373582389,0.1685694169111449
0.005,3.1424949966644435,0.16838807091617622
0.005,3.144429619746498,0.16820748025263854
0.005,3.1463642428285525,0.16802764037893267
0.005,3.1482988659106073,0.1678485467890769
0.005,3.150233488992662,0.16767019501236471
0.005,3.1521681120747167,0.16749258061302671
0.005,3.1541027351567714,0.1673156991898961
0.005,3.156037358238826,0.1671395463760778
0.005,3.157971981320881,0.16696411783862208
0.005,3.1599066044029356,0.16678940927820074
0.005,3.1618412274849903,0.16661541642878758
0.005,3.163775850567045,0.16644213505734232
0.005,3.1657104736490997,0.1662695609634982
0.005,3.167645096731154,0.16609768997925256
0.005,3.1695797198132087,0.16592651796866134
0.005,3.1715143428952635,0.16575604082753695
0.005,3.173448965977318,0.16558625448314895
0.005,3.175383589059373,0.165417154893929
0.005,3.1773182121414276,0.1652487380491779
0.005,3.1792528352234823,0.16508099996877693
0.005,3.181187458305537,0.16491393670290164
0.005,3.183122081387592,0.16474754433173916
0.005,3.1850567044696465,0.16458181896520852
0.005,3.1869913275517012,0.164416756742684
0.005,3.188925950633756,0.16425235383272152
0.005,3.1908605737158107,0.1640886064327879
0.005,3.1927951967978654,0.1639255107689935
0.005,3.19472981987992,0.16376306309582717
0.005,3.196664442961975,0.16360125969589448
0.005,3.1985990660440295,0.16344009687965888
0.005,3.2005336891260843,0.16327957098518509
0.005,3.202468312208139,0.16311967837788618
0.005,3.2044029352901937,0.16296041545027246
0.005,3.2063375583722484,0.16280177862170345
0.005,3.208272181454303,0.16264376433814282
0.005,3.210206804536358,0.16248636907191563
0.005,3.2121414276184126,0.16232958932146824
0.005,3.2140760507004673,0.16217342161113057
0.005,3.216010673782522,0.1620178624908817
0.005,3.2179452968645768,0.16186290853611662
0.005,3.2198799199466315,0.1617085563474171
0.005,3.221814543028686,0.16155480255032348
0.005,3.223749166110741,0.1614016437951101
0.005,3.2256837891927956,0.16124907675656208
0.005,3.2276184122748504,0.16109709813375553
0.005,3.229553035356905,0.16094570464983912
0.005,3.23148765843896,0.1607948930518186
0.005,3.2334222815210145,0.1606446601103434
0.005,3.2353569046030692,0.1604950026194951
0.005,3.237291527685124,0.16034591739657889
0.005,3.2392261507671787,0.16019740128191678
0.005,3.2411607738492334,0.16004945113864272
0.005,3.2430953969312877,0.1599020638525004
0.005,3.2450300200133424,0.15975523633164282
0.005,3.246964643095397,0.15960896550643436
0.005,3.248899266177452,0.1594632483292541
0.005,3.2508338892595066,0.1593180817743021
0.005,3.2527685123415613,0.15917346283740716
0.005,3.254703135423616,0.15902938853583662
0.005,3.2566377585056707,0.1588858559081086
0.005,3.2585723815877254,0.15874286201380536
0.005,3.26050700466978,0.1586004039333894
0.005,3.262441627751835,0.15845847876802063
0.005,3.2643762508338896,0.15831708363937658
0.005,3.2663108739159443,0.15817621568947315
0.005,3.2682454969979986,0.15803587208048828
0.005,3.2701801200800533,0.1578960499945865
0.005,3.272114743162108,0.15775674663374634
0.005,3.2740493662441628,0.15761795921958827
0.005,3.2759839893262175,0.15747968499320575
0.005,3.277918612408272,0.15734192121499666
0.005,3.279853235490327,0.15720466516449738
0.005,3.2817878585723816,0.15706791414021834
0.005,3.2837224816544364,0.1569316654594811
0.005,3.285657104736491,0.1567959164582569
0.005,3.287591727818546,0.15666066449100746
0.005,3.2895263509006005,0.1565259069305268
0.005,3.2914609739826552,0.15639164116778484
0.005,3.29339559706471,0.15625786461177285
0.005,3.2953302201467647,0.15612457468934993
0.005,3.2972648432288194,0.1559917688450914
0.005,3.299199466310874,0.15585944454113873
0.005,3.301134089392929,0.15572759925705082
0.005,3.3030687124749836,0.15559623048965676
0.005,3.3050033355570383,0.1554653357529102
0.005,3.306937958639093,0.1553349125777449
0.005,3.3088725817211477,0.15520495851193225
0.005,3.3108072048032025,0.1550754711199395
0.005,3.312741827885257,0.15494644798278998
0.005,3.314676450967312,0.15481788669792448
0.005,3.3166110740493666,0.15468978487906382
0.005,3.3185456971314213,0.15456214015607328
0.005,3.320480320213476,0.1544349501748278
0.005,3.3224149432955308,0.1543082125970789
0.005,3.3243495663775855,0.1541819251003226
0.005,3.32628418945964,0.1540560853776689
0.005,3.328218812541695,0.15393069113771277
0.005,3.3301534356237497,0.15380574010440545
0.005,3.3320880587058044,0.15368123001692818
0.005,3.334022681787859,0.15355715862956634
0.005,3.335957304869914,0.15343352371158525
0.005,3.3378919279519685,0.15331032304710704
0.005,3.3398265510340233,0.1531875544349885
0.005,3.341761174116078,0.1530652156887006
0.005,3.3436957971981323,0.1529433046362087
0.005,3.345630420280187,0.15282181911985418
0.005,3.3475650433622417,0.15270075699623736
0.005,3.3494996664442964,0.15258011613610106
0.005,3.351434289526351,0.15245989442421568
0.005,3.353368912608406,0.15234008975926525
0.005,3.3553035356904606,0.1522207000537348
0.005,3.3572381587725153,0.15210172323379828
0.005,3.35917278185457,0.1519831572392082
0.005,3.3611074049366247,0.15186500002318576
0.005,3.3630420280186795,0.15174724955231245
0.005,3.364976651100734,0.15162990380642258
0.005,3.366911274182789,0.15151296077849646
0.005,3.368845897264843,0.15139641847455532
0.005,3.370780520346898,0.1512802749135564
0.005,3.3727151434289526,0.15116452812728992
0.005,3.3746497665110073,0.15104917616027602
0.005,3.376584389593062,0.1509342170696638
0.005,3.378519012675117,0.15081964892513008
0.005,3.3804536357571715,0.15070546980878052
0.005,3.3823882588392262,0.15059167781505017
0.005,3.384322881921281,0.1504782710506062
0.005,3.3862575050033357,0.1503652476342508
0.005,3.3881921280853904,0.15025260569682528
0.005,3.390126751167445,0.15014034338111518
0.005,3.3920613742495,0.15002845884175597
0.005,3.3939959973315545,0.14991695024513962
0.005,3.3959306204136093,0.14980581576932256
0.005,3.397865243495664,0.14969505360393384
0.005,3.3997998665777187,0.1495846619500844
0.005,3.4017344896597734,0.14947463902027752
0.005,3.403669112741828,0.14936498303831938
0.005,3.405603735823883,0.1492556922392314
0.005,3.4075383589059376,0.14914676486916234
0.005,3.4094729819879923,0.14903819918530195
0.005,3.411407605070047,0.1489299934557952
0.005,3.4133422281521018,0.14882214595965723
0.005,3.4152768512341565,0.14871465498668926
0.005,3.417211474316211,0.14860751883739495
0.005,3.419146097398266,0.14850073582289802
0.005,3.4210807204803206,0.14839430426486003
0.005,3.4230153435623754,0.1482882224953995
0.005,3.42494996664443,0.1481824888570112
0.005,3.426884589726485,0.1480771017024867
0.005,3.4288192128085395,0.14797205939483543
0.005,3.4307538358905942,0.1478673603072061
0.005,3.432688458972649,0.14776300282280946
0.005,3.4346230820547037,0.1476589853348416
0.005,3.4365577051367584,0.14755530624640747
0.005,3.438492328218813,0.14745196397044544
0.005,3.440426951300868,0.14734895692965297
0.005,3.4423615743829226,0.14724628355641195
0.005,3.444296197464977,0.14714394229271582
0.005,3.4462308205470316,0.1470419315900963
0.005,3.4481654436290863,0.14694024990955154
0.005,3.450100066711141,0.14683889572147477
0.005,3.4520346897931957,0.14673786750558326
0.005,3.4539693128752504,0.1466371637508482
0.005,3.455903935957305,0.14653678295542513
0.005,3.45783855903936,0.14643672362658502
0.005,3.4597731821214146,0.14633698428064593
0.005,3.4617078052034693,0.1462375634429052
0.005,3.463642428285524,0.14613845964757255
0.005,3.4655770513675788,0.1460396714377034
0.005,3.4675116744496335,0.1459411973651328
0.005,3.4694462975316878,0.1458430359904104
0.005,3.4713809206137425,0.14574518588273547
0.005,3.473315543695797,0.14564764561989255
0.005,3.475250166777852,0.1455504137881882
0.005,3.4771847898599066,0.14545348898238764
0.005,3.4791194129419614,0.1453568698056522
0.005,3.481054036024016,0.14526055486947767
0.005,3.482988659106071,0.1451645427936324
0.005,3.4849232821881255,0.14506883220609662
0.005,3.4868579052701802,0.1449734217430023
0.005,3.488792528352235,0.1448783100485729
0.005,3.4907271514342897,0.14478349577506444
0.005,3.4926617745163444,0.14468897758270627
0.005,3.494596397598399,0.14459475413964332
0.005,3.496531020680454,0.14450082412187779
0.005,3.4984656437625086,0.14440718621321222
0.005,3.5004002668445633,0.14431383910519252
0.005,3.502334889926618,0.14422078149705173
0.005,3.5042695130086727,0.1441280120956543
0.005,3.5062041360907275,0.14403552961544067
0.005,3.508138759172782,0.14394333277837232
0.005,3.510073382254837,0.14385142031387757
0.005,3.5120080053368916,0.14375979095879754
0.005,3.5139426284189463,0.14366844345733287
0.005,3.515877251501001,0.1435773765609905
0.005,3.5178118745830558,0.14348658902853123
0.005,3.5197464976651105,0.1433960796259176
0.005,3.521681120747165,0.1433058471262624
0.005,3.52361574382922,0.14321589030977724
0.005,3.5255503669112747,0.14312620796372183
0.005,3.5274849899933294,0.14303679888235374
0.005,3.529419613075384,0.14294766186687843
0.005,3.5313542361574384,0.1428587957253998
0.005,3.533288859239493,0.14277019927287088
0.005,3.535223482321548,0.14268187133104557
0.005,3.5371581054036025,0.14259381072843005
0.005,3.5390927284856573,0.1425060163002351
0.005,3.541027351567712,0.14241848688832873
0.005,3.5429619746497667,0.14233122134118892
0.005,3.5448965977318214,0.14224421851385713
0.005,3.546831220813876,0.14215747726789202
0.005,3.548765843895931,0.1420709964713236
0.005,3.5507004669779856,0.14198477499860773
0.005,3.5526350900600403,0.14189881173058103
0.005,3.554569713142095,0.141813105554416
0.005,3.5565043362241497,0.14172765536357695
0.005,3.5584389593062045,0.14164246005777584
0.005,3.560373582388259,0.14155751854292864
0.005,3.562308205470314,0.14147282973111214
0.005,3.5642428285523686,0.14138839254052102
0.005,3.5661774516344233,0.14130420589542533
0.005,3.568112074716478,0.14122026872612825
0.005,3.570046697798533,0.1411365799689243
0.005,3.5719813208805875,0.1410531385660578
0.005,3.5739159439626422,0.14096994346568179
0.005,3.575850567044697,0.14088699362181695
0.005,3.5777851901267517,0.1408042879943115
0.005,3.5797198132088064,0.14072182554880086
0.005,3.5816544362908607,0.14063960525666774
0.005,3.5835890593729154,0.1405576260950027
0.005,3.58552368245497,0.14047588704656505
0.005,3.587458305537025,0.140394387099744
0.005,3.5893929286190795,0.14031312524851997
0.005,3.5913275517011343,0.14023210049242643
0.005,3.593262174783189,0.1401513118365122
0.005,3.5951967978652437,0.1400707582913034
0.005,3.5971314209472984,0.13999043887276663
0.005,3.599066044029353,0.13991035260227158
0.005,3.601000667111408,0.13983049850655457
0.005,3.6029352901934626,0.139750875617682
0.005,3.6048699132755173,0.13967148297301443
0.005,3.606804536357572,0.13959231961517052
0.005,3.6087391594396268,0.13951338459199158
0.005,3.6106737825216815,0.13943467695650652
0.005,3.612608405603736,0.13935619576689653
0.005,3.614543028685791,0.13927794008646074
0.005,3.6164776517678456,0.13919990898358153
0.005,3.6184122748499004,0.13912210153169063
0.005,3.620346897931955,0.13904451680923505
0.005,3.62228152101401,0.13896715389964379
0.005,3.6242161440960645,0.13889001189129419
0.005,3.6261507671781192,0.13881308987747892
0.005,3.628085390260174,0.13873638695637347
0.005,3.6300200133422287,0.13865990223100338
0.005,3.631954636424283,0.138583634809212
0.005,3.6338892595063377,0.13850758380362843
0.005,3.6358238825883924,0.1384317483316358
0.005,3.637758505670447,0.13835612751533985
0.005,3.639693128752502,0.1382807204815375
0.005,3.6416277518345566,0.13820552636168598
0.005,3.6435623749166113,0.13813054429187188
0.005,3.645496997998666,0.1380557734127807
0.005,3.6474316210807207,0.1379812128696667
0.005,3.6493662441627754,0.1379068618123225
0.005,3.65130086724483,0.13783271939504962
0.005,3.653235490326885,0.13775878477662867
0.005,3.6551701134089396,0.13768505712029008
0.005,3.6571047364909943,0.13761153559368486
0.005,3.659039359573049,0.13753821936885585
0.005,3.6609739826551038,0.13746510762220895
0.005,3.6629086057371585,0.13739219953448464
0.005,3.664843228819213,0.13731949429072982
0.005,3.666777851901268,0.1372469910802698
0.005,3.6687124749833226,0.13717468909668054
0.005,3.6706470980653774,0.1371025875377606
0.005,3.672581721147432,0.1370306856055047
0.005,3.674516344229487,0.13695898250607552
0.005,3.6764509673115415,0.1368874774497776
0.005,3.6783855903935962,0.13681616965103
0.005,3.680320213475651,0.13674505832834022
0.005,3.6822548365577052,0.13667414270427744
0.005,3.68418945963976,0.13660342200544673
0.005,3.6861240827218147,0.13653289546246292
0.005,3.6880587058038694,0.1364625623099249
0.005,3.689993328885924,0.13639242178639022
0.005,3.691927951967979,0.13632247313434953
0.005,3.6938625750500336,0.1362527156002016
0.005,3.6957971981320883,0.1361831484342283
0.005,3.697731821214143,0.1361137708905697
0.005,3.6996664442961977,0.13604458222719984
0.005,3.7016010673782525,0.13597558170590188
0.005,3.703535690460307,0.13590676859224432
0.005,3.705470313542362,0.13583814215555662
0.005,3.7074049366244166,0.13576970166890562
0.005,3.7093395597064713,0.13570144640907172
0.005,3.711274182788526,0.13563337565652547
0.005,3.7132088058705808,0.13556548869540425
0.005,3.7151434289526355,0.13549778481348895
0.005,3.71707805203469,0.13543026330218144
0.005,3.719012675116745,0.13536292345648127
0.005,3.7209472981987997,0.13529576457496348
0.005,3.7228819212808544,0.13522878595975585
0.005,3.724816544362909,0.13516198691651674
0.005,3.726751167444964,0.13509536675441308
0.005,3.7286857905270185,0.13502892478609824
0.005,3.7306204136090733,0.13496266032769033
0.005,3.7325550366911275,0.13489657269875052
0.005,3.7344896597731823,0.1348306612222617
0.005,3.736424282855237,0.13476492522460698
0.005,3.7383589059372917,0.13469936403554877
0.005,3.7402935290193464,0.1346339769882077
0.005,3.742228152101401,0.13456876341904161
0.005,3.744162775183456,0.1345037226678252
0.005,3.7460973982655106,0.13443885407762918
0.005,3.7480320213475653,0.1343741569948001
0.005,3.74996664442962,0.13430963076894015
0.005,3.7519012675116747,0.1342452747528868
0.005,3.7538358905937295,0.13418108830269335
0.005,3.755770513675784,0.13411707077760845
0.005,3.757705136757839,0.1340532215400573
0.005,3.7596397598398936,0.13398953995562146
0.005,3.7615743829219483,0.13392602539301982
0.005,3.763509006004003,0.13386267722408932
0.005,3.765443629086058,0.133799494823766
0.005,3.7673782521681125,0.13373647757006574
0.005,3.7693128752501672,0.1336736248440659
0.005,3.771247498332222,0.13361093602988627
0.005,3.7731821214142767,0.13354841051467084
0.005,3.7751167444963314,0.13348604768856928
0.005,3.777051367578386,0.13342384694471848
0.005,3.778985990660441,0.13336180767922498
0.005,3.7809206137424956,0.13329992929114634
0.005,3.78285523682455,0.1332382111824738
0.005,3.7847898599066045,0.13317665275811413
0.005,3.7867244829886593,0.13311525342587235
0.005,3.788659106070714,0.133054012596434
0.005,3.7905937291527687,0.13299292968334803
0.005,3.7925283522348234,0.13293200410300937
0.005,3.794462975316878,0.13287123527464179
0.005,3.796397598398933,0.1328106226202812
0.005,3.7983322214809876,0.1327501655647585
0.005,3.8002668445630423,0.13268986353568293
0.005,3.802201467645097,0.13262971596342557
0.005,3.8041360907271518,0.13256972228110264
0.005,3.8060707138092065,0.13250988192455915
0.005,3.808005336891261,0.1324501943323528
0.005,3.809939959973316,0.1323906589457377
0.005,3.8118745830553706,0.13233127520864824
0.005,3.8138092061374254,0.13227204256768327
0.005,3.81574382921948,0.13221296047209039
0.005,3.817678452301535,0.13215402837375007
0.005,3.8196130753835895,0.13209524572716008
0.005,3.8215476984656442,0.13203661198942007
0.005,3.823482321547699,0.13197812662021627
0.005,3.8254169446297537,0.13191978908180604
0.005,3.8273515677118084,0.13186159883900286
0.005,3.829286190793863,0.1318035553591612
0.005,3.831220813875918,0.1317456581121616
0.005,3.833155436957972,0.13168790657039597
0.005,3.835090060040027,0.13163030020875252
0.005,3.8370246831220816,0.1315728385046014
0.005,3.8389593062041363,0.13151552093778027
0.005,3.840893929286191,0.13145834699057946
0.005,3.8428285523682457,0.131401316147728
0.005,3.8447631754503004,0.13134442789637923
0.005,3.846697798532355,0.13128768172609684
0.005,3.84863242161441,0.1312310771288405
0.005,3.8505670446964646,0.13117461359895224
0.005,3.8525016677785193,0.13111829063314262
0.005,3.854436290860574,0.1310621077304767
0.005,3.8563709139426288,0.13100606439236068
0.005,3.8583055370246835,0.13095016012252816
0.005,3.860240160106738,0.13089439442702686
0.005,3.862174783188793,0.13083876681420506
0.005,3.8641094062708476,0.1307832767946984
0.005,3.8660440293529024,0.1307279238814168
0.005,3.867978652434957,0.13067270758953126
0.005,3.869913275517012,0.1306176274364608
0.005,3.8718478985990665,0.13056268294185983
0.005,3.8737825216811212,0.13050787362760474
0.005,3.875717144763176,0.13045319901778196
0.005,3.8776517678452307,0.13039865863867459
0.005,3.8795863909272854,0.13034425201875025
0.005,3.88152101400934,0.13028997868864853
0.005,3.8834556370913944,0.1302358381811685
0.005,3.885390260173449,0.13018183003125636
0.005,3.887324883255504,0.1301279537759935
0.005,3.8892595063375586,0.130074208954584
0.005,3.8911941294196133,0.13002059510834282
0.005,3.893128752501668,0.12996711178068374
0.005,3.8950633755837227,0.12991375851710735
0.005,3.8969979986657775,0.12986053486518936
0.005,3.898932621747832,0.12980744037456907
0.005,3.900867244829887,0.12975447459693715
0.005,3.9028018679119416,0.12970163708602467
0.005,3.9047364909939963,0.12964892739759104
0.005,3.906671114076051,0.12959634508941312
0.005,3.9086057371581058,0.12954388972127345
0.005,3.9105403602401605,0.12949156085494926
0.005,3.912474983322215,0.12943935805420104
0.005,3.91440960640427,0.12938728088476162
0.005,3.9163442294863247,0.12933532891432503
0.005,3.9182788525683794,0.12928350171253547
0.005,3.920213475650434,0.12923179885097652
0.005,3.922148098732489,0.12918021990316028
0.005,3.9240827218145435,0.12912876444451654
0.005,3.9260173448965983,0.12907743205238223
0.005,3.927951967978653,0.12902622230599067
0.005,3.9298865910607077,0.12897513478646114
0.005,3.9318212141427624,0.12892416907678828
0.005,3.9337558372248167,0.12887332476183183
0.005,3.9356904603068714,0.12882260142830623
0.005,3.937625083388926,0.12877199866477027
0.005,3.939559706470981,0.12872151606161703
0.005,3.9414943295530356,0.12867115321106365
0.005,3.9434289526350903,0.12862090970714146
0.005,3.945363575717145,0.12857078514568554
0.005,3.9472981987991997,0.12852077912432533
0.005,3.9492328218812545,0.12847089124247438
0.005,3.951167444963309,0.12842112110132065
0.005,3.953102068045364,0.12837146830381688
0.005,3.9550366911274186,0.12832193245467075
0.005,3.9569713142094733,0.12827251316033542
0.005,3.958905937291528,0.1282232100289998
0.005,3.960840560373583,0.1281740226705793
0.005,3.9627751834556375,0.12812495069670612
0.005,3.9647098065376922,0.1280759937207202
0.005,3.966644429619747,0.12802715135765957
0.005,3.9685790527018017,0.12797842322425146
0.005,3.9705136757838564,0.12792980893890293
0.005,3.972448298865911,0.1278813081216916
0.005,3.974382921947966,0.12783292039435698
0.005,3.9763175450300206,0.12778464538029113
0.005,3.9782521681120753,0.1277364827045298
0.005,3.98018679119413,0.12768843199374358
0.005,3.9821214142761847,0.12764049287622914
0.005,3.984056037358239,0.12759266498190014
0.005,3.9859906604402937,0.12754494794227897
0.005,3.9879252835223484,0.12749734139048777
0.005,3.989859906604403,0.12744984496123993
0.005,3.991794529686458,0.12740245829083138
0.005,3.9937291527685126,0.1273551810171324
0.005,3.9956637758505673,0.1273080127795789
0.005,3.997598398932622,0.12726095321916417
0.005,3.9995330220146768,0.12721400197843058
0.005,4.0014676450967315,0.1271671587014611
0.005,4.003402268178786,0.12712042303387125
0.005,4.005336891260841,0.12707379462280094
0.005,4.007271514342896,0.12702727311690618
0.005,4.00920613742495,0.1269808581663511
0.005,4.011140760507005,0.1269345494228001
0.005,4.01307538358906,0.12688834653940953
0.005,4.0150100066711145,0.12684224917082002
0.005,4.016944629753169,0.12679625697314853
0.005,4.018879252835224,0.12675036960398053
0.005,4.020813875917279,0.12670458672236234
0.005,4.022748498999333,0.1266589079887932
0.005,4.024683122081388,0.12661333306521774
0.005,4.026617745163443,0.12656786161501826
0.005,4.028552368245498,0.12652249330300736
0.005,4.030486991327552,0.12647722779542012
0.005,4.032421614409607,0.12643206475990684
0.005,4.034356237491661,0.12638700386552554
0.005,4.036290860573716,0.12634204478273442
0.005,4.03822548365577,0.12629718718338487
0.005,4.040160106737826,0.12625243074071377
0.005,4.04209472981988,0.12620777512933654
0.005,4.044029352901935,0.12616322002523978
0.005,4.045963975983989,0.12611876510577424
0.005,4.047898599066045,0.1260744100496474
0.005,4.049833222148099,0.12603015453691688
0.005,4.051767845230154,0.1259859982489829
0.005,4.053702468312208,0.12594194086858176
0.005,4.055637091394264,0.1258979820797785
0.005,4.0575717144763175,0.12585412156796036
0.005,4.059506337558373,0.12581035901982957
0.005,4.061440960640427,0.12576669412339683
0.005,4.0633755837224825,0.12572312656797435
0.005,4.065310206804536,0.12567965604416936
0.005,4.067244829886592,0.12563628224387696
0.005,4.069179452968646,0.1255930048602741
0.005,4.071114076050701,0.12554982358781236
0.005,4.073048699132755,0.12550673812221197
0.005,4.074983322214811,0.12546374816045464
0.005,4.076917945296865,0.12542085340077774
0.005,4.07885256837892,0.12537805354266732
0.005,4.080787191460974,0.12533534828685208
0.005,4.08272181454303,0.12529273733529667
0.005,4.084656437625084,0.12525022039119574
0.005,4.086591060707138,0.12520779715896735
0.005,4.088525683789193,0.12516546734424674
0.005,4.090460306871248,0.1251232306538803
0.005,4.0923949299533025,0.1250810867959194
0.005,4.094329553035357,0.1250390354796139
0.005,4.096264176117412,0.12499707641540644
0.005,4.098198799199467,0.12495520931492628
0.005,4.100133422281521,0.12491343389098315
0.005,4.102068045363576,0.12487174985756133
0.005,4.104002668445631,0.12483015692981378
0.005,4.1059372915276855,0.12478865482405613
0.005,4.10787191460974,0.12474724325776074
0.005,4.109806537691795,0.12470592194955105
0.005,4.11174116077385,0.12466469061919565
0.005,4.113675783855904,0.12462354898760235
0.005,4.115610406937959,0.12458249677681277
0.005,4.117545030020014,0.12454153370999645
0.005,4.1194796531020685,0.12450065951144512
0.005,4.121414276184123,0.12445987390656708
0.005,4.123348899266178,0.12441917662188187
0.005,4.125283522348233,0.12437856738501421
0.005,4.127218145430287,0.12433804592468896
0.005,4.129152768512342,0.12429761197072514
0.005,4.131087391594397,0.12425726525403104
0.005,4.133022014676452,0.1242170055065981
0.005,4.134956637758506,0.12417683246149602
0.005,4.13689126084056,0.12413674585286724
0.005,4.138825883922616,0.12409674541592151
0.005,4.14076050700467,0.1240568308869307
0.005,4.142695130086725,0.12401700200322337
0.005,4.144629753168779,0.12397725850317977
0.005,4.146564376250835,0.12393760012622625
0.005,4.1484989993328885,0.12389802661283056
0.005,4.150433622414944,0.12385853770449619
0.005,4.152368245496998,0.1238191331437576
0.005,4.1543028685790535,0.12377981267417505
0.005,4.156237491661107,0.12374057604032944
0.005,4.158172114743163,0.12370142298781729
0.005,4.160106737825217,0.12366235326324586
0.005,4.162041360907272,0.12362336661422806
0.005,4.163975983989326,0.1235844627893775
0.005,4.165910607071382,0.12354564153830366
0.005,4.167845230153436,0.12350690261160699
0.005,4.169779853235491,0.12346824576087383
0.005,4.171714476317545,0.12342967073867205
0.005,4.173649099399601,0.1233911772985456
0.005,4.1755837224816545,0.12335276519501047
0.005,4.17751834556371,0.12331443418354923
0.005,4.179452968645764,0.12327618402060693
0.005,4.18138759172782,0.12323801446358583
0.005,4.183322214809873,0.12319992527084134
0.005,4.185256837891928,0.1231619162016768
0.005,4.187191460973983,0.12312398701633927
0.005,4.189126084056038,0.1230861374760149
0.005,4.191060707138092,0.12304836734282405
0.005,4.192995330220147,0.12301067637981727
0.005,4.194929953302202,0.12297306435097038
0.005,4.1968645763842565,0.12293553102118004
0.005,4.198799199466311,0.12289807615625958
0.005,4.200733822548366,0.12286069952293434
0.005,4.202668445630421,0.12282340088883723
0.005,4.204603068712475,0.12278618002250453
0.005,4.20653769179453,0.12274903669337135
0.005,4.208472314876585,0.1227119706717675
0.005,4.2104069379586395,0.12267498172891306
0.005,4.212341561040694,0.12263806963691408
0.005,4.214276184122749,0.1226012341687584
0.005,4.216210807204804,0.12256447509831146
0.005,4.218145430286858,0.12252779220031204
0.005,4.220080053368913,0.12249118525036794
0.005,4.222014676450968,0.12245465402495215
0.005,4.223949299533023,0.12241819830139838
0.005,4.225883922615077,0.12238181785789723
0.005,4.227818545697132,0.12234551247349196
0.005,4.229753168779187,0.12230928192807429
0.005,4.231687791861241,0.12227312600238066
0.005,4.233622414943296,0.12223704447798814
0.005,4.23555703802535,0.12220103713731022
0.005,4.237491661107406,0.12216510376359306
0.005,4.239426284189459,0.12212924414091143
0.005,4.241360907271515,0.12209345805416488
0.005,4.243295530353569,0.12205774528907379
0.005,4.2452301534356245,0.12202210563217536
0.005,4.247164776517678,0.12198653887082013
0.005,4.249099399599734,0.12195104479316753
0.005,4.251034022681788,0.12191562318818276
0.005,4.252968645763843,0.12188027384563241
0.005,4.254903268845897,0.12184499655608111
0.005,4.256837891927953,0.12180979111088744
0.005,4.258772515010007,0.12177465730220043
0.005,4.260707138092062,0.12173959492295586
0.005,4.262641761174116,0.1217046037668724
0.005,4.264576384256172,0.12166968362844795
0.005,4.2665110073382255,0.12163483430295624
0.005,4.268445630420281,0.12160005558644299
0.005,4.270380253502335,0.12156534727572223
0.005,4.272314876584391,0.12153070916837298
0.005,4.274249499666444,0.12149614106273544
0.005,4.2761841227485,0.12146164275790758
0.005,4.278118745830554,0.12142721405374157
0.005,4.2800533689126095,0.12139285475084018
0.005,4.281987991994663,0.1213585646505536
0.005,4.283922615076718,0.12132434355497544
0.005,4.285857238158773,0.12129019126693986
0.005,4.2877918612408275,0.12125610759001773
0.005,4.289726484322882,0.12122209232851347
0.005,4.291661107404937,0.12118814528746132
0.005,4.293595730486992,0.12115426627262245
0.005,4.295530353569046,0.12112045509048121
0.005,4.297464976651101,0.12108671154824198
0.005,4.299399599733156,0.12105303545382572
0.005,4.3013342228152105,0.12101942661586682
0.005,4.303268845897265,0.12098588484370973
0.005,4.30520346897932,0.12095240994740569
0.005,4.307138092061375,0.12091900173770949
0.005,4.309072715143429,0.1208856600260764
0.005,4.311007338225484,0.12085238462465857
0.005,4.312941961307539,0.12081917534630222
0.005,4.3148765843895935,0.12078603200454438
0.005,4.316811207471648,0.12075295441360959
0.005,4.318745830553703,0.12071994238840682
0.005,4.320680453635758,0.1206869957445264
0.005,4.322615076717812,0.12065411429823694
0.005,4.324549699799867,0.12062129786648212
0.005,4.326484322881922,0.12058854626687769
0.005,4.328418945963977,0.12055585931770837
0.005,4.330353569046031,0.1205232368379249
0.005,4.332288192128086,0.12049067864714096
0.005,4.33422281521014,0.12045818456563007
0.005,4.3361574382921955,0.12042575441432272
0.005,4.338092061374249,0.1203933880148035
0.005,4.340026684456305,0.12036108518930776
0.005,4.341961307538359,0.1203288457607192
0.005,4.343895930620414,0.12029666955256631
0.005,4.345830553702468,0.12026455638902013
0.005,4.347765176784524,0.12023250609489076
0.005,4.349699799866578,0.12020051849562505
0.005,4.351634422948633,0.12016859341730311
0.005,4.353569046030687,0.12013673068663597
0.005,4.355503669112743,0.12010493013096248
0.005,4.3574382921947965,0.12007319157824668
0.005,4.359372915276852,0.12004151485707476
0.005,4.361307538358906,0.12000989979665248
0.005,4.3632421614409616,0.11997834622680222
0.005,4.365176784523015,0.11994685397796043
0.005,4.367111407605071,0.11991542288117471
0.005,4.369046030687125,0.1198840527681012
0.005,4.37098065376918,0.11985274347100168
0.005,4.372915276851234,0.11982149482274111
0.005,4.37484989993329,0.11979030665678478
0.005,4.376784523015344,0.11975917880719575
0.005,4.378719146097399,0.11972811110863205
0.005,4.380653769179453,0.11969710339634416
0.005,4.382588392261509,0.11966615550617231
0.005,4.384523015343563,0.11963526727454392
0.005,4.386457638425617,0.11960443853847097
0.005,4.388392261507672,0.11957366913554739
0.005,4.390326884589727,0.11954295890394655
0.005,4.3922615076717815,0.1195123076824186
0.005,4.394196130753836,0.11948171531028803
0.005,4.396130753835891,0.11945118162745105
0.005,4.398065376917946,0.11942070647437311
0.005,4.4,0.11939028969208638
0.01,1.5,0.154121746688909
0.01,1.5019346230820547,0.15466464668482105
0.01,1.5038692461641094,0.15521048578771163
0.01,1.5058038692461642,0.1557592875094767
0.01,1.5077384923282189,0.15631107551354223
0.01,1.5096731154102736,0.1568658736176805
0.01,1.5116077384923283,0.15742370579685921
0.01,1.5135423615743828,0.15798459618612293
0.01,1.5154769846564375,0.15854856908350973
0.01,1.5174116077384923,0.15911564895299807
0.01,1.519346230820547,0.15968586042748967
0.01,1.5212808539026017,0.16025922831182327
0.01,1.5232154769846564,0.16083577758582263
0.01,1.5251501000667111,0.16141553340737735
0.01,1.5270847231487659,0.16199852111555624
0.01,1.5290193462308206,0.16258476623375545
0.01,1.5309539693128753,0.16317429447287762
0.01,1.53288859239493,0.1637671317345476
0.01,1.5348232154769847,0.1643633041143584
0.01,1.5367578385590395,0.1649628379051542
0.01,1.538692461641094,0.16556575960034436
0.01,1.5406270847231487,0.1661720958972543
0.01,1.5425617078052034,0.16678187370050918
0.01,1.5444963308872581,0.1673951201254525
0.01,1.5464309539693128,0.16801186250160083
0.01,1.5483655770513676,0.1686321283761319
0.01,1.5503002001334223,0.1692559455174104
0.01,1.552234823215477,0.16988334191854793
0.01,1.5541694462975317,0.1705143458010006
0.01,1.5561040693795865,0.17114898561820246
0.01,1.5580386924616412,0.17178729005923654
0.01,1.559973315543696,0.17242928805254287
0.01,1.5619079386257506,0.1730750087696647
0.01,1.5638425617078051,0.17372448162903364
0.01,1.5657771847898598,0.17437773629979242
0.01,1.5677118078719146,0.17503480270565774
0.01,1.5696464309539693,0.1756957110288233
0.01,1.571581054036024,0.17636049171390217
0.01,1.5735156771180787,0.17702917547191072
0.01,1.5754503002001334,0.17770179328429392
0.01,1.5773849232821882,0.17837837640699222
0.01,1.5793195463642429,0.17905895637455188
0.01,1.5812541694462976,0.17974356500427713
0.01,1.5831887925283523,0.1804322344004271
0.01,1.585123415610407,0.18112499695845774
0.01,1.5870580386924615,0.18182188536930644
0.01,1.5889926617745163,0.18252293262372532
0.01,1.590927284856571,0.18322817201665897
0.01,1.5928619079386257,0.18393763715166933
0.01,1.5947965310206804,0.1846513619454096
0.01,1.5967311541027351,0.18536938063214575
0.01,1.5986657771847899,0.18609172776832678
0.01,1.6006004002668446,0.18681843823720612
0.01,1.6025350233488993,0.1875495472535133
0.01,1.604469646430954,0.18828509036817692
0.01,1.6064042695130087,0.1890251034730997
0.01,1.6083388925950635,0.18976962280598741
0.01,1.6102735156771182,0.19051868495523133
0.01,1.612208138759173,0.19127232686484502
0.01,1.6141427618412274,0.19203058583945726
0.01,1.6160773849232821,0.19279349954936126
0.01,1.6180120080053368,0.19356110603562093
0.01,1.6199466310873916,0.1943334437152356
0.01,1.6218812541694463,0.19511055138636335
0.01,1.623815877251501,0.19589246823360484
0.01,1.6257505003335557,0.1966792338333478
0.01,1.6276851234156104,0.1974708881591729
0.01,1.6296197464976652,0.19826747158732233
0.01,1.6315543695797199,0.1990690249022336
0.01,1.6334889926617746,0.199875589302135
0.01,1.6354236157438293,0.20068720640470916
0.01,1.6373582388258838,0.20150391825282205
0.01,1.6392928619079385,0.20232576732031998
0.01,1.6412274849899933,0.20315279651789414
0.01,1.643162108072048,0.20398504919901506
0.01,1.6450967311541027,0.20482256916593922
0.01,1.6470313542361574,0.20566540067578382
0.01,1.6489659773182122,0.20651358844667767
0.01,1.6509006004002669,0.20736717766398288
0.01,1.6528352234823216,0.20822621398659275
0.01,1.6547698465643763,0.20909074355330476
0.01,1.656704469646431,0.2099608129892706
0.01,1.6586390927284858,0.21083646941252338
0.01,1.6605737158105405,0.21171776044058416
0.01,1.6625083388925952,0.21260473419714893
0.01,1.66444296197465,0.21349743931885473
0.01,1.6663775850567044,0.21439592496213056
0.01,1.6683122081387591,0.21530024081012872
0.01,1.6702468312208139,0.2162104370797427
0.01,1.6721814543028686,0.21712656452870827
0.01,1.6741160773849233,0.2180486744627928
0.01,1.676050700466978,0.2189768187430718
0.01,1.6779853235490327,0.21991104979329235
0.01,1.6799199466310875,0.22085142060732937
0.01,1.6818545697131422,0.22179798475672874
0.01,1.683789192795197,0.22275079639834688
0.01,1.6857238158772516,0.22370991028207865
0.01,1.6876584389593061,0.2246753817586833
0.01,1.6895930620413608,0.22564726678770297
0.01,1.6915276851234156,0.22662562194547786
0.01,1.6934623082054703,0.22761050443326053
0.01,1.695396931287525,0.22860197208542554
0.01,1.6973315543695797,0.2296000833777816
0.01,1.6992661774516344,0.2306048974359805
0.01,1.7012008005336892,0.23161647404403213
0.01,1.7031354236157439,0.23263487365291735
0.01,1.7050700466977986,0.2336601573893074
0.01,1.7070046697798533,0.2346923870643869
0.01,1.708939292861908,0.235731625182781
0.01,1.7108739159439628,0.23677793495159188
0.01,1.7128085390260175,0.23783138028953843
0.01,1.714743162108072,0.2388920258362084
0.01,1.7166777851901267,0.23995993696141604
0.01,1.7186124082721814,0.24103517977467181
0.01,1.7205470313542361,0.24211782113476166
0.01,1.7224816544362909,0.24320792865943885
0.01,1.7244162775183456,0.24430557073522674
0.01,1.7263509006004003,0.24541081652733482
0.01,1.728285523682455,0.24652373598969024
0.01,1.7302201467645097,0.24764439987507936
0.01,1.7321547698465645,0.2487728797454099
0.01,1.7340893929286192,0.24990924798208197
0.01,1.736024016010674,0.2510535777964807
0.01,1.7379586390927284,0.25220594324058093
0.01,1.7398932621747831,0.25336641921767106
0.01,1.7418278852568378,0.2545350814931922
0.01,1.7437625083388926,0.2557120067056948
0.01,1.7456971314209473,0.25689727237791365
0.01,1.747631754503002,0.25809095692795814
0.01,1.7495663775850567,0.25929313968062145
0.01,1.7515010006671115,0.2605039008788064
0.01,1.7534356237491662,0.26172332169506846
0.01,1.755370246831221,0.2629514842432748
0.01,1.7573048699132756,0.264188471590381
0.01,1.7592394929953303,0.26543436776832213
0.01,1.761174116077385,0.2666892577860201
0.01,1.7631087391594398,0.2679532276415055
0.01,1.7650433622414945,0.2692263643341518
0.01,1.766977985323549,0.27050875587702394
0.01,1.7689126084056037,0.27180049130933776
0.01,1.7708472314876584,0.2731016607090283
0.01,1.7727818545697132,0.2744123552054285
0.01,1.7747164776517679,0.2757326669920549
0.01,1.7766511007338226,0.2770626893394975
0.01,1.7785857238158773,0.278402516608413
0.01,1.780520346897932,0.27975224426262113
0.01,1.7824549699799868,0.2811119688822965
0.01,1.7843895930620415,0.28248178817725966
0.01,1.786324216144096,0.2838618010003586
0.01,1.7882588392261507,0.285252107360943
0.01,1.7901934623082054,0.28665280843842184
0.01,1.7921280853902601,0.2880640065959088
0.01,1.7940627084723149,0.2894858053939413
0.01,1.7959973315543696,0.290918309604281
0.01,1.7979319546364243,0.2923616252237778
0.01,1.799866577718479,0.2938158594883056
0.01,1.8018012008005337,0.2952811208867548
0.01,1.8037358238825885,0.29675751917508175
0.01,1.8056704469646432,0.2982451653904054
0.01,1.807605070046698,0.2997441718651481
0.01,1.8095396931287526,0.3012546522412127
0.01,1.8114743162108073,0.302776721484185
0.01,1.813408939292862,0.30431049589756354
0.01,1.8153435623749168,0.30585609313699486
0.01,1.8172781854569713,0.3074136322245189
0.01,1.819212808539026,0.30898323356280755
0.01,1.8211474316210807,0.31056501894938754
0.01,1.8230820547031354,0.3121591115908397
0.01,1.8250166777851902,0.31376563611696145
0.01,1.8269513008672449,0.3153847185948843
0.01,1.8288859239492996,0.31701648654312664
0.01,1.8308205470313543,0.3186610689455804
0.01,1.832755170113409,0.32031859626540515
0.01,1.8346897931954638,0.321989200458826
0.01,1.8366244162775183,0.3236730149888125
0.01,1.838559039359573,0.325370174838627
0.01,1.8404936624416277,0.3270808165252237
0.01,1.8424282855236824,0.32880507811247783
0.01,1.8443629086057372,0.3305430992242337
0.01,1.8462975316877919,0.33229502105714076
0.01,1.8482321547698466,0.33406098639326837
0.01,1.8501667778519013,0.3358411396124659
0.01,1.852101400933956,0.3376356267044548
0.01,1.8540360240160108,0.33944459528062065
0.01,1.8559706470980655,0.3412681945854829
0.01,1.8579052701801202,0.3431065755078171
0.01,1.859839893262175,0.344959890591393
0.01,1.8617745163442296,0.34682829404531185
0.01,1.8637091394262844,0.34871194175389447
0.01,1.865643762508339,0.35061099128610596
0.01,1.8675783855903936,0.3525256019044628
0.01,1.8695130086724483,0.35445593457340324
0.01,1.871447631754503,0.35640215196707115
0.01,1.8733822548365577,0.3583644184764751
0.01,1.8753168779186125,0.3603429002159879
0.01,1.8772515010006672,0.3623377650291282
0.01,1.879186124082722,0.3643491824935962
0.01,1.8811207471647766,0.3663773239254932
0.01,1.8830553702468313,0.3684223623826964
0.01,1.884989993328886,0.3704844726673146
0.01,1.8869246164109406,0.37256383132718457
0.01,1.8888592394929953,0.3746606166563437
0.01,1.89079386257505,0.3767750086944089
0.01,1.8927284856571047,0.37890718922481675
0.01,1.8946631087391594,0.381057341771836
0.01,1.8965977318212142,0.38322565159629796
0.01,1.8985323549032689,0.38541230568996127
0.01,1.9004669779853236,0.38761749276843893
0.01,1.9024016010673783,0.3898414032626044
0.01,1.904336224149433,0.39208422930839104
0.01,1.9062708472314878,0.39434616473490214
0.01,1.9082054703135425,0.396627405050729
0.01,1.9101400933955972,0.398928147428393
0.01,1.912074716477652,0.4012485906867962
0.01,1.9140093395597066,0.40358893527159306
0.01,1.9159439626417614,0.40594938323335095
0.01,1.9178785857238159,0.4083301382034062
0.01,1.9198132088058706,0.4107314053672807
0.01,1.9217478318879253,0.41315339143553825
0.01,1.92368245496998,0.4155963046119535
0.01,1.9256170780520347,0.41806035455884755
0.01,1.9275517011340895,0.4205457523594633
0.01,1.9294863242161442,0.4230527104772115
0.01,1.931420947298199,0.42558144271165294
0.01,1.9333555703802536,0.428132164151042
0.01,1.9352901934623084,0.4307050911212699
0.01,1.9372248165443628,0.43330044113102817
0.01,1.9391594396264176,0.43591843281301734
0.01,1.9410940627084723,0.43855928586100185
0.01,1.943028685790527,0.44122322096252087
0.01,1.9449633088725817,0.44391045972704746
0.01,1.9468979319546365,0.4466212246093832
0.01,1.9488325550366912,0.4493557388280622
0.01,1.950767178118746,0.45211422627854103
0.01,1.9527018012008006,0.4548969114409293
0.01,1.9546364242828553,0.4577040192820135
0.01,1.95657104736491,0.46053577515131666
0.01,1.9585056704469648,0.4633924046709258
0.01,1.9604402935290195,0.4662741336188077
0.01,1.9623749166110742,0.4691811878053266
0.01,1.964309539693129,0.4721137929426652
0.01,1.9662441627751837,0.4750721745068363
0.01,1.9681787858572382,0.4780565575919718
0.01,1.9701134089392929,0.4810671667565518
0.01,1.9720480320213476,0.48410422586123336
0.01,1.9739826551034023,0.48716795789792694
0.01,1.975917278185457,0.49025858480975026
0.01,1.9778519012675118,0.49337632730149317
0.01,1.9797865243495665,0.4965214046401893
0.01,1.9817211474316212,0.4996940344454055
0.01,1.983655770513676,0.5028944324688349
0.01,1.9855903935957306,0.5061228123627614
0.01,1.9875250166777851,0.509379385436969
0.01,1.9894596397598399,0.5126643604036406
0.01,1.9913942628418946,0.5159779431097898
0.01,1.9933288859239493,0.5193203362567471
0.01,1.995263509006004,0.5226917391062309
0.01,1.9971981320880587,0.5260923471724942
0.01,1.9991327551701135,0.5295223519000506
0.01,2.001067378252168,0.5329819403264626
0.01,2.003002001334223,0.536471294729666
0.01,2.0049366244162776,0.5399905922593004
0.01,2.0068712474983323,0.5435400045514941
0.01,2.008805870580387,0.5471196973265706
0.01,2.010740493662442,0.5507298299690955
0.01,2.0126751167444965,0.5543705550897299
0.01,2.0146097398265512,0.558042018068298
0.01,2.016544362908606,0.5617443565775214
0.01,2.0184789859906607,0.5654777000868308
0.01,2.0204136090727154,0.5692421693457014
0.01,2.02234823215477,0.5730378758459298
0.01,2.024282855236825,0.5768649212622982
0.01,2.0262174783188796,0.5807233968710687
0.01,2.0281521014009343,0.5846133829457468
0.01,2.030086724482989,0.5885349481295999
0.01,2.0320213475650437,0.5924881487843872
0.01,2.033955970647098,0.5964730283148126
0.01,2.0358905937291527,0.6004896164682192
0.01,2.0378252168112074,0.6045379286090524
0.01,2.039759839893262,0.6086179649676978
0.01,2.041694462975317,0.612729709863264
0.01,2.0436290860573716,0.6168731308999984
0.01,2.0455637091394263,0.6210481781369886
0.01,2.047498332221481,0.6252547832309318
0.01,2.0494329553035358,0.6294928585517309
0.01,2.0513675783855905,0.6337622962708135
0.01,2.053302201467645,0.6380629674220871
0.01,2.0552368245497,0.6423947209355284
0.01,2.0571714476317546,0.6467573826435266
0.01,2.0591060707138094,0.6511507542601304
0.01,2.061040693795864,0.6555746123335139
0.01,2.062975316877919,0.6600287071720249
0.01,2.0649099399599735,0.6645127617443655
0.01,2.0668445630420282,0.6690264705545041
0.01,2.068779186124083,0.6735694984921391
0.01,2.0707138092061372,0.6781414796596261
0.01,2.072648432288192,0.6827420161764584
0.01,2.0745830553702467,0.6873706769625775
0.01,2.0765176784523014,0.6920269965019502
0.01,2.078452301534356,0.6967104735880669
0.01,2.080386924616411,0.7014205700532079
0.01,2.0823215476984656,0.7061567094835456
0.01,2.0842561707805203,0.7109182759223999
0.01,2.086190793862575,0.7157046125641837
0.01,2.0881254169446297,0.7205150204418618
0.01,2.0900600400266844,0.7253487571109763
0.01,2.091994663108739,0.7302050353336309
0.01,2.093929286190794,0.7350830217660442
0.01,2.0958639092728486,0.7399818356536674
0.01,2.0977985323549033,0.7449005475380981
0.01,2.099733155436958,0.749838177980406
0.01,2.1016677785190128,0.7547936963057738
0.01,2.1036024016010675,0.7597660193747174
0.01,2.105537024683122,0.764754010386493
0.01,2.107471647765177,0.7697564777206096
0.01,2.1094062708472316,0.7747721738227771
0.01,2.1113408939292864,0.779799794141886
0.01,2.113275517011341,0.7848379761250412
0.01,2.115210140093396,0.7898852982779336
0.01,2.1171447631754505,0.7949402792982124
0.01,2.1190793862575052,0.8000013772898182
0.01,2.12101400933956,0.8050669890665255
0.01,2.1229486324216147,0.8101354495532537
0.01,2.1248832555036694,0.8152050312939056
0.01,2.126817878585724,0.8202739440747978
0.01,2.128752501667779,0.8253403346728492
0.01,2.1306871247498336,0.8304022867379316
0.01,2.1326217478318883,0.8354578208188361
0.01,2.1345563709139426,0.8405048945424098
0.01,2.1364909939959973,0.8455414029554107
0.01,2.138425617078052,0.850565179038569
0.01,2.1403602401601067,0.8555739944022642
0.01,2.1422948632421615,0.8605655601729927
0.01,2.144229486324216,0.8655375280795823
0.01,2.146164109406271,0.870487491747747
0.01,2.1480987324883256,0.8754129882111549
0.01,2.1500333555703803,0.8803114996466703
0.01,2.151967978652435,0.8851804553408229
0.01,2.1539026017344898,0.890017233893845
0.01,2.1558372248165445,0.8948191656668226
0.01,2.157771847898599,0.8995835354766041
0.01,2.159706470980654,0.904307585542088
0.01,2.1616410940627087,0.908988518684431
0.01,2.1635757171447634,0.9136235017824833
0.01,2.165510340226818,0.9182096694834826
0.01,2.167444963308873,0.9227441281676065
0.01,2.1693795863909275,0.9272239601635416
0.01,2.171314209472982,0.9316462282106174
0.01,2.1732488325550365,0.9360079801614565
0.01,2.1751834556370913,0.9403062539173352
0.01,2.177118078719146,0.9445380825867808
0.01,2.1790527018012007,0.9487004998560412
0.01,2.1809873248832554,0.9527905455583195
0.01,2.18292194796531,0.9568052714268115
0.01,2.184856571047365,0.9607417470147716
0.01,2.1867911941294196,0.9645970657640431
0.01,2.1887258172114743,0.9683683512017429
0.01,2.190660440293529,0.9720527632431238
0.01,2.1925950633755837,0.9756475045770161
0.01,2.1945296864576385,0.9791498271088042
0.01,2.196464309539693,0.9825570384344873
0.01,2.198398932621748,0.9858665083182093
0.01,2.2003335557038026,0.9890756751445333
0.01,2.2022681787858573,0.9921820523159486
0.01,2.204202801867912,0.9951832345653646
0.01,2.206137424949967,0.9980769041529503
0.01,2.2080720480320215,1.0008608369164362
0.01,2.2100066711140762,1.0035329081440427
0.01,2.211941294196131,1.0060910982394593
0.01,2.2138759172781857,1.0085334981488328
0.01,2.2158105403602404,1.010858314520527
0.01,2.217745163442295,1.013063874569444
0.01,2.21967978652435,1.0151486306190134
0.01,2.2216144096064045,1.0171111642954935
0.01,2.2235490326884593,1.0189501903510079
0.01,2.225483655770514,1.0206645600937656
0.01,2.2274182788525687,1.0222532644060884
0.01,2.2293529019346234,1.0237154363333025
0.01,2.231287525016678,1.025050353229065
0.01,2.233222148098733,1.0262574384454373
0.01,2.235156771180787,1.0273362625587752
0.01,2.237091394262842,1.0282865441254394
0.01,2.2390260173448966,1.029108149964223
0.01,2.2409606404269513,1.029801094965406
0.01,2.242895263509006,1.0303655414292492
0.01,2.2448298865910608,1.0308017979396986
0.01,2.2467645096731155,1.0311103177818994
0.01,2.24869913275517,1.0312916969148604
0.01,2.250633755837225,1.031346671513261
0.01,2.2525683789192796,1.0312761150948466
0.01,2.2545030020013344,1.031081035252176
0.01,2.256437625083389,1.0307625700095988
0.01,2.258372248165444,1.030321983828242
0.01,2.2603068712474985,1.0297606632834608
0.01,2.2622414943295532,1.0290801124406672
0.01,2.264176117411608,1.028281947956644
0.01,2.2661107404936627,1.0273678939344129
0.01,2.2680453635757174,1.0263397765604254
0.01,2.269979986657772,1.0251995185533256
0.01,2.2719146097398264,1.0239491334537165
0.01,2.273849232821881,1.0225907197843909
0.01,2.275783855903936,1.0211264551101893
0.01,2.2777184789859906,1.0195585900262598
0.01,2.2796531020680453,1.0178894421027598
0.01,2.2815877251501,1.0161213898132655
0.01,2.2835223482321547,1.0142568664731204
0.01,2.2854569713142094,1.012298354212785
0.01,2.287391594396264,1.010248378010004
0.01,2.289326217478319,1.0081094998031568
0.01,2.2912608405603736,1.005884312706727
0.01,2.2931954636424283,1.0035754353482023
0.01,2.295130086724483,1.0011855063441581
0.01,2.2970647098065378,0.9987171789315845
0.01,2.2989993328885925,0.9961731157688541
0.01,2.300933955970647,0.9935559839190673
0.01,2.302868579052702,0.9908684500268249
0.01,2.3048032021347566,0.9881131756978637
0.01,2.3067378252168114,0.985292813089369
0.01,2.308672448298866,0.982410000717243
0.01,2.310607071380921,0.9794673594851135
0.01,2.3125416944629755,0.9764674889384344
0.01,2.3144763175450302,0.9734129637456986
0.01,2.316410940627085,0.9703063304074865
0.01,2.3183455637091397,0.967150104192927
0.01,2.3202801867911944,0.9639467663019915
0.01,2.322214809873249,0.9606987612511108
0.01,2.324149432955304,0.9574084944786013
0.01,2.3260840560373586,0.9540783301656274
0.01,2.3280186791194133,0.95071058926764
0.01,2.329953302201468,0.9473075477506062
0.01,2.3318879252835227,0.9438714350257746
0.01,2.333822548365577,0.9404044325762154
0.01,2.3357571714476317,0.9369086727679852
0.01,2.3376917945296865,0.9333862378384414
0.01,2.339626417611741,0.9298391590539531
0.01,2.341561040693796,0.9262694160290537
0.01,2.3434956637758506,0.9226789361989847
0.01,2.3454302868579053,0.9190695944374507
0.01,2.34736490993996,0.9154432128114326
0.01,2.3492995330220148,0.9118015604648825
0.01,2.3512341561040695,0.9081463536232317
0.01,2.353168779186124,0.9044792557107195
0.01,2.355103402268179,0.9008018775726998
0.01,2.3570380253502337,0.8971157777952404
0.01,2.3589726484322884,0.8934224631145655
0.01,2.360907271514343,0.8897233889090429
0.01,2.362841894596398,0.8860199597667046
0.01,2.3647765176784525,0.8823135301215289
0.01,2.3667111407605073,0.878605404951966
0.01,2.368645763842562,0.8748968405354688
0.01,2.3705803869246167,0.8711890452530577
0.01,2.372515010006671,0.867483180438268
0.01,2.3744496330887257,0.8637803612650559
0.01,2.3763842561707804,0.860081657669593
0.01,2.378318879252835,0.8563880953010993
0.01,2.38025350233489,0.8527006564971931
0.01,2.3821881254169446,0.849020281279496
0.01,2.3841227484989993,0.8453478683654877
0.01,2.386057371581054,0.841684276192914
0.01,2.3879919946631087,0.8380303239532514
0.01,2.3899266177451635,0.834386792631033
0.01,2.391861240827218,0.830754426046039
0.01,2.393795863909273,0.8271339318956316
0.01,2.3957304869913276,0.82352598279469
0.01,2.3976651100733823,0.8199312173108448
0.01,2.399599733155437,0.816350240992906
0.01,2.401534356237492,0.8127836273905665
0.01,2.4034689793195465,0.8092319190636618
0.01,2.4054036024016012,0.8056956285794066
0.01,2.407338225483656,0.8021752394962367
0.01,2.4092728485657107,0.7986712073330077
0.01,2.4112074716477654,0.7951839605224519
0.01,2.41314209472982,0.7917139013479444
0.01,2.415076717811875,0.7882614068627354
0.01,2.4170113408939295,0.7848268297909512
0.01,2.4189459639759843,0.7814104994097328
0.01,2.420880587058039,0.7780127224120538
0.01,2.4228152101400937,0.7746337837497661
0.01,2.4247498332221484,0.7712739474565962
0.01,2.426684456304203,0.7679334574508161
0.01,2.428619079386258,0.764612538317463
0.01,2.4305537024683126,0.7613113960699897
0.01,2.4324883255503673,0.7580302188913124
0.01,2.4344229486324216,0.7547691778542962
0.01,2.4363575717144763,0.7515284276217299
0.01,2.438292194796531,0.748308107125947
0.01,2.4402268178785858,0.7451083402282078
0.01,2.4421614409606405,0.7419292363580868
0.01,2.444096064042695,0.738770891133083
0.01,2.44603068712475,0.7356333869587017
0.01,2.4479653102068046,0.732516793609337
0.01,2.4498999332888594,0.7294211687902213
0.01,2.451834556370914,0.7263465586808192
0.01,2.453769179452969,0.7232929984599723
0.01,2.4557038025350235,0.720260512813205
0.01,2.4576384256170782,0.7172491164225274
0.01,2.459573048699133,0.7142588144391517
0.01,2.4615076717811877,0.7112896029394946
0.01,2.4634422948632424,0.7083414693648806
0.01,2.465376917945297,0.7054143929453546
0.01,2.467311541027352,0.7025083451079867
0.01,2.4692461641094066,0.6996232898701104
0.01,2.4711807871914613,0.6967591842178816
0.01,2.4731154102735156,0.6939159784705773
0.01,2.4750500333555703,0.6910936166310303
0.01,2.476984656437625,0.6882920367226187
0.01,2.4789192795196797,0.6855111711131975
0.01,2.4808539026017344,0.6827509468263678
0.01,2.482788525683789,0.6800112858404841
0.01,2.484723148765844,0.6772921053757694
0.01,2.4866577718478986,0.6745933181699375
0.01,2.4885923949299533,0.6719148327426648
0.01,2.490527018012008,0.6692565536493023
0.01,2.4924616410940628,0.6666183817241803
0.01,2.4943962641761175,0.6640002143138435
0.01,2.496330887258172,0.6614019455005674
0.01,2.498265510340227,0.6588234663164922
0.01,2.5002001334222816,0.6562646649487043
0.01,2.5021347565043364,0.6537254269355647
0.01,2.504069379586391,0.651205635354618
0.01,2.506004002668446,0.6487051710023705
0.01,2.5079386257505005,0.6462239125662312
0.01,2.5098732488325552,0.6437617367889106
0.01,2.51180787191461,0.6413185186255398
0.01,2.5137424949966647,0.6388941313937972
0.01,2.5156771180787194,0.6364884469172873
0.01,2.517611741160774,0.6341013356624362
0.01,2.519546364242829,0.6317326668691451
0.01,2.5214809873248836,0.6293823086754434
0.01,2.5234156104069383,0.6270501282363623
0.01,2.525350233488993,0.6247359918372651
0.01,2.5272848565710477,0.6224397650018415
0.01,2.5292194796531025,0.6201613125949785
0.01,2.531154102735157,0.6179004989207016
0.01,2.533088725817212,0.6156571878153944
0.01,2.5350233488992666,0.6134312427364752
0.01,2.5369579719813213,0.6112225268467129
0.01,2.538892595063376,0.6090309030943623
0.01,2.5408272181454303,0.606856234289283
0.01,2.542761841227485,0.6046983831752073
0.01,2.5446964643095398,0.6025572124983176
0.01,2.5466310873915945,0.6004325850722784
0.01,2.548565710473649,0.598324363839872
0.01,2.550500333555704,0.5962324119313863
0.01,2.5524349566377587,0.5941565927198701
0.01,2.5543695797198134,0.5920967698734139
0.01,2.556304202801868,0.5900528074045616
0.01,2.558238825883923,0.5880245697169783
0.01,2.5601734489659775,0.5860119216494948
0.01,2.5621080720480323,0.5840147285176425
0.01,2.564042695130087,0.5820328561527784
0.01,2.5659773182121413,0.5800661709389088
0.01,2.567911941294196,0.5781145398473126
0.01,2.5698465643762507,0.576177830469057
0.01,2.5717811874583054,0.5742559110455029
0.01,2.57371581054036,0.5723486504968773
0.01,2.575650433622415,0.5704559184490128
0.01,2.5775850567044696,0.568577585258323
0.01,2.5795196797865243,0.5667135220350984
0.01,2.581454302868579,0.5648636006651997
0.01,2.5833889259506337,0.5630276938302151
0.01,2.5853235490326885,0.5612056750261579
0.01,2.587258172114743,0.55939741858076
0.01,2.589192795196798,0.5576027996694427
0.01,2.5911274182788526,0.5558216943300087
0.01,2.5930620413609073,0.5540539794761229
0.01,2.594996664442962,0.5522995329096398
0.01,2.596931287525017,0.5505582333318243
0.01,2.5988659106070715,0.5488299603535299
0.01,2.6008005336891262,0.5471145945043677
0.01,2.602735156771181,0.5454120172409307
0.01,2.6046697798532357,0.5437221109541053
0.01,2.6066044029352904,0.5420447589755268
0.01,2.608539026017345,0.5403798455832083
0.01,2.6104736490994,0.5387272560063907
0.01,2.6124082721814545,0.5370868764296557
0.01,2.6143428952635093,0.5354585939963241
0.01,2.616277518345564,0.5338422968111963
0.01,2.6182121414276187,0.5322378739426485
0.01,2.6201467645096734,0.5306452154241315
0.01,2.622081387591728,0.5290642122550921
0.01,2.624016010673783,0.5274947564013593
0.01,2.6259506337558376,0.5259367407950131
0.01,2.6278852568378923,0.5243900593337636
0.01,2.629819879919947,0.5228546068798786
0.01,2.6317545030020018,0.5213302792586667
0.01,2.6336891260840565,0.5198169732565574
0.01,2.635623749166111,0.5183145866187858
0.01,2.637558372248166,0.5168230180467148
0.01,2.6394929953302206,0.5153421671948097
0.01,2.641427618412275,0.5138719346672896
0.01,2.6433622414943296,0.5124122220144673
0.01,2.6452968645763844,0.5109629317288062
0.01,2.647231487658439,0.5095239672407045
0.01,2.649166110740494,0.50809523291402
0.01,2.6511007338225485,0.5066766340413655
0.01,2.6530353569046032,0.5052680768391744
0.01,2.654969979986658,0.5038694684425603
0.01,2.6569046030687127,0.5024807168999801
0.01,2.6588392261507674,0.501101731167716
0.01,2.660773849232822,0.4997324211041917
0.01,2.662708472314877,0.49837269746412577
0.01,2.6646430953969316,0.4970224718925444
0.01,2.666577718478986,0.49568165691865645
0.01,2.6685123415610406,0.49435016594960784
0.01,2.6704469646430953,0.4930279132641183
0.01,2.67238158772515,0.49171481400601597
0.01,2.6743162108072047,0.49041078417767436
0.01,2.6762508338892594,0.4891157406333644
0.01,2.678185456971314,0.48782960107252604
0.01,2.680120080053369,0.4865522840329704
0.01,2.6820547031354236,0.48528370888401673
0.01,2.6839893262174783,0.4840237958195738
0.01,2.685923949299533,0.48277246585117056
0.01,2.6878585723815878,0.48152964080094574
0.01,2.6897931954636425,0.48029524329459805
0.01,2.691727818545697,0.4790691967543044
0.01,2.693662441627752,0.4778514253916132
0.01,2.6955970647098066,0.47664185420031674
0.01,2.6975316877918614,0.4754404089493085
0.01,2.699466310873916,0.4742470161754254
0.01,2.701400933955971,0.47306160317628776
0.01,2.7033355570380255,0.47188409800313397
0.01,2.7052701801200802,0.4707144294536571
0.01,2.707204803202135,0.469552527064847
0.01,2.7091394262841897,0.46839832110583973
0.01,2.7110740493662444,0.4672517425707806
0.01,2.713008672448299,0.46611272317170127
0.01,2.714943295530354,0.4649811953314154
0.01,2.7168779186124086,0.46385709217643545
0.01,2.7188125416944633,0.4627403475299134
0.01,2.720747164776518,0.46163089590460443
0.01,2.7226817878585727,0.46052867249586577
0.01,2.7246164109406275,0.4594336131746804
0.01,2.726551034022682,0.4583456544807148
0.01,2.728485657104737,0.4572647336154132
0.01,2.7304202801867916,0.4561907884351266
0.01,2.7323549032688463,0.455123757444283
0.01,2.734289526350901,0.45406357978859263
0.01,2.7362241494329558,0.4530101952482988
0.01,2.7381587725150105,0.45196354423147
0.01,2.740093395597065,0.4509235677673363
0.01,2.7420280186791195,0.44989020749967085
0.01,2.743962641761174,0.4488634056802166
0.01,2.745897264843229,0.4478431051621644
0.01,2.7478318879252837,0.4468292493936736
0.01,2.7497665110073384,0.44582178241144615
0.01,2.751701134089393,0.44482064883435085
0.01,2.753635757171448,0.44382579385709453
0.01,2.7555703802535025,0.4428371632439478
0.01,2.7575050033355573,0.4418547033225224
0.01,2.759439626417612,0.440878360977601
0.01,2.7613742494996667,0.4399080836450178
0.01,2.7633088725817214,0.4389438193055961
0.01,2.765243495663776,0.4379855164791356
0.01,2.7671781187458304,0.4370331242184588
0.01,2.769112741827885,0.4360865921035057
0.01,2.77104736490994,0.43514587023548823
0.01,2.7729819879919946,0.43421090923109773
0.01,2.7749166110740493,0.4332816602167642
0.01,2.776851234156104,0.4323580748229762
0.01,2.7787858572381587,0.43144010517865167
0.01,2.7807204803202135,0.4305277039055657
0.01,2.782655103402268,0.4296208241128308
0.01,2.784589726484323,0.42871941939143643
0.01,2.7865243495663776,0.42782344380884113
0.01,2.7884589726484323,0.4269328519036184
0.01,2.790393595730487,0.4260475986801592
0.01,2.792328218812542,0.425167639603429
0.01,2.7942628418945965,0.42429293059377987
0.01,2.7961974649766512,0.42342342802181376
0.01,2.798132088058706,0.4225590887033048
0.01,2.8000667111407607,0.4216998698941702
0.01,2.8020013342228154,0.42084572928550124
0.01,2.80393595730487,0.41999662499864016
0.01,2.805870580386925,0.41915251558031685
0.01,2.8078052034689795,0.41831335999783487
0.01,2.8097398265510343,0.4174791176343098
0.01,2.811674449633089,0.4166497482839629
0.01,2.8136090727151437,0.41582521214746293
0.01,2.8155436957971984,0.4150054698273233
0.01,2.817478318879253,0.41419048232334627
0.01,2.819412941961308,0.4133802110281222
0.01,2.8213475650433626,0.4125746177225775
0.01,2.8232821881254173,0.4117736645715714
0.01,2.825216811207472,0.4109773141195455
0.01,2.8271514342895268,0.4101855292862197
0.01,2.8290860573715815,0.40939827336234025
0.01,2.831020680453636,0.4086155100054733
0.01,2.832955303535691,0.4078372032358492
0.01,2.8348899266177456,0.4070633174322522
0.01,2.8368245496998004,0.4062938173279608
0.01,2.838759172781855,0.4055286680067317
0.01,2.84069379586391,0.40476783489883156
0.01,2.842628418945964,0.4040112837771173
0.01,2.844563042028019,0.4032589807531562
0.01,2.8464976651100735,0.40251089227339854
0.01,2.8484322881921282,0.4017669851153894
0.01,2.850366911274183,0.401027226384028
0.01,2.8523015343562377,0.40029158350786925
0.01,2.8542361574382924,0.39956002423546977
0.01,2.856170780520347,0.39883251663177693
0.01,2.858105403602402,0.39810902907456125
0.01,2.8600400266844566,0.3973895302508887
0.01,2.8619746497665113,0.3966739891536369
0.01,2.863909272848566,0.3959623750780532
0.01,2.8658438959306207,0.3952546576183512
0.01,2.867778519012675,0.39455080666434983
0.01,2.8697131420947297,0.3938507923981516
0.01,2.8716477651767844,0.39315458529086095
0.01,2.873582388258839,0.39246215609934204
0.01,2.875517011340894,0.3917734758630135
0.01,2.8774516344229486,0.3910885159006848
0.01,2.8793862575050033,0.39040724780742697
0.01,2.881320880587058,0.38972964345148303
0.01,2.8832555036691128,0.38905567497121535
0.01,2.8851901267511675,0.38838531477208943
0.01,2.887124749833222,0.38771853552369345
0.01,2.889059372915277,0.38705531015679306
0.01,2.8909939959973316,0.3863956118604243
0.01,2.8929286190793864,0.3857394140790194
0.01,2.894863242161441,0.3850866905095667
0.01,2.896797865243496,0.38443741509880625
0.01,2.8987324883255505,0.3837915620404587
0.01,2.9006671114076052,0.3831491057724879
0.01,2.90260173448966,0.382510020974395
0.01,2.9045363575717147,0.3818742825645481
0.01,2.9064709806537694,0.3812418656975408
0.01,2.908405603735824,0.3806127457615858
0.01,2.910340226817879,0.37998689837593685
0.01,2.9122748498999336,0.37936429938834487
0.01,2.9142094729819883,0.3787449248725424
0.01,2.916144096064043,0.3781287511257597
0.01,2.9180787191460977,0.37751575466627
0.01,2.9200133422281525,0.37690591223096637
0.01,2.921947965310207,0.3762992007729649
0.01,2.923882588392262,0.3756955974592383
0.01,2.9258172114743166,0.3750950796682794
0.01,2.9277518345563713,0.3744976249877904
0.01,2.929686457638426,0.37390321121240133
0.01,2.9316210807204808,0.3733118163414162
0.01,2.9335557038025355,0.37272341857658575
0.01,2.93549032688459,0.3721379963199071
0.01,2.937424949966645,0.3715555281714506
0.01,2.9393595730486997,0.3709759929272121
0.01,2.9412941961307544,0.37039936957699127
0.01,2.9432288192128087,0.369825637302296
0.01,2.9451634422948634,0.3692547754742711
0.01,2.947098065376918,0.3686867636516527
0.01,2.949032688458973,0.36812158157874797
0.01,2.9509673115410275,0.36755920918343576
0.01,2.9529019346230823,0.36699962657519614
0.01,2.954836557705137,0.36644281404316015
0.01,2.9567711807871917,0.3658887520541837
0.01,2.9587058038692464,0.3653374212509449
0.01,2.960640426951301,0.36478880245006456
0.01,2.962575050033356,0.3642428766402487
0.01,2.9645096731154106,0.363699624980453
0.01,2.9664442961974653,0.3631590287980695
0.01,2.9683789192795196,0.3626210695871367
0.01,2.9703135423615743,0.36208572900656666
0.01,2.972248165443629,0.36155298887839843
0.01,2.9741827885256837,0.36102283118606915
0.01,2.9761174116077385,0.3604952380727068
0.01,2.978052034689793,0.3599701918394424
0.01,2.979986657771848,0.3594476749437439
0.01,2.9819212808539026,0.35892766999776843
0.01,2.9838559039359573,0.35841015976673535
0.01,2.985790527018012,0.35789512716731736
0.01,2.987725150100067,0.35738255526605106
0.01,2.9896597731821215,0.35687242727776813
0.01,2.9915943962641762,0.3563647265640423
0.01,2.993529019346231,0.35585943663165653
0.01,2.9954636424282857,0.35535654113108744
0.01,2.9973982655103404,0.35485602385500925
0.01,2.999332888592395,0.35435786873681274
0.01,3.00126751167445,0.35386205984914426
0.01,3.0032021347565045,0.3533685814024605
0.01,3.0051367578385593,0.35287741774360026
0.01,3.007071380920614,0.352388553354374
0.01,3.0090060040026687,0.35190197285016944
0.01,3.0109406270847234,0.35141766097857363
0.01,3.012875250166778,0.35093560261800955
0.01,3.014809873248833,0.3504557827763928
0.01,3.0167444963308876,0.349978186589799
0.01,3.0186791194129423,0.34950279932115125
0.01,3.020613742494997,0.34902960635891933
0.01,3.0225483655770518,0.34855859321583643
0.01,3.0244829886591065,0.34808974552763006
0.01,3.026417611741161,0.3476230490517678
0.01,3.028352234823216,0.3471584896662175
0.01,3.0302868579052706,0.34669605336822157
0.01,3.0322214809873254,0.34623572627308746
0.01,3.03415610406938,0.34577749461298907
0.01,3.036090727151435,0.3453213447357845
0.01,3.0380253502334895,0.3448672631038466
0.01,3.0399599733155442,0.3444152362929069
0.01,3.041894596397599,0.34396525099091313
0.01,3.0438292194796532,0.3435172939969005
0.01,3.045763842561708,0.3430713522198745
0.01,3.0476984656437627,0.3426274126777082
0.01,3.0496330887258174,0.34218546249605086
0.01,3.051567711807872,0.34174548890725065
0.01,3.053502334889927,0.34130747924928784
0.01,3.0554369579719816,0.3408714209647221
0.01,3.0573715810540363,0.34043730159964974
0.01,3.059306204136091,0.34000510880267587
0.01,3.0612408272181457,0.3395748303238946
0.01,3.0631754503002004,0.3391464540138842
0.01,3.065110073382255,0.33871996782271163
0.01,3.06704469646431,0.33829535979894926
0.01,3.068979319546364,0.3378726180887031
0.01,3.070913942628419,0.33745173093465014
0.01,3.0728485657104736,0.3370326866750898
0.01,3.0747831887925283,0.3366154737430035
0.01,3.076717811874583,0.3362000806651254
0.01,3.0786524349566378,0.3357864960610247
0.01,3.0805870580386925,0.33537470864219726
0.01,3.082521681120747,0.3349647072111678
0.01,3.084456304202802,0.334556480660602
0.01,3.0863909272848566,0.3341500179724291
0.01,3.0883255503669114,0.33374530821697407
0.01,3.090260173448966,0.33334234055209944
0.01,3.092194796531021,0.33294110422235645
0.01,3.0941294196130755,0.33254158855814636
0.01,3.0960640426951302,0.33214378297489106
0.01,3.097998665777185,0.33174767697221214
0.01,3.0999332888592397,0.3313532601331202
0.01,3.1018679119412944,0.33096052212321225
0.01,3.103802535023349,0.33056945268987886
0.01,3.105737158105404,0.33018004166151926
0.01,3.1076717811874586,0.32979227894676616
0.01,3.1096064042695133,0.3294061545337183
0.01,3.111541027351568,0.32902165848918136
0.01,3.1134756504336227,0.32863878095791865
0.01,3.1154102735156775,0.3282575121619083
0.01,3.117344896597732,0.3278778423996102
0.01,3.119279519679787,0.32749976204523906
0.01,3.1212141427618416,0.32712326154804783
0.01,3.1231487658438963,0.32674833143161774
0.01,3.125083388925951,0.32637496229315555
0.01,3.1270180120080058,0.32600314480279946
0.01,3.1289526350900605,0.32563286970293265
0.01,3.130887258172115,0.3252641278075034
0.01,3.13282188125417,0.3248969100013538
0.01,3.1347565043362247,0.32453120723955475
0.01,3.1366911274182794,0.3241670105467489
0.01,3.138625750500334,0.32380431101650015
0.01,3.140560373582389,0.3234430998106509
0.01,3.1424949966644435,0.3230833681586855
0.01,3.144429619746498,0.3227251073571017
0.01,3.1463642428285525,0.3223683087687868
0.01,3.1482988659106073,0.32201296382240346
0.01,3.150233488992662,0.3216590640117797
0.01,3.1521681120747167,0.3213066008953066
0.01,3.1541027351567714,0.3209555660953421
0.01,3.156037358238826,0.3206059512976211
0.01,3.157971981320881,0.320257748250673
0.01,3.1599066044029356,0.3199109487652434
0.01,3.1618412274849903,0.3195655447137243
0.01,3.163775850567045,0.3192215280295881
0.01,3.1657104736490997,0.31887889070683023
0.01,3.167645096731154,0.3185376247994148
0.01,3.1695797198132087,0.3181977224207285
0.01,3.1715143428952635,0.31785917574303973
0.01,3.173448965977318,0.31752197699696205
0.01,3.175383589059373,0.31718611847092537
0.01,3.1773182121414276,0.3168515925106517
0.01,3.1792528352234823,0.3165183915186361
0.01,3.181187458305537,0.3161865079536342
0.01,3.183122081387592,0.31585593433015363
0.01,3.1850567044696465,0.3155266632179526
0.01,3.1869913275517012,0.31519868724154193
0.01,3.188925950633756,0.31487199907969415
0.01,3.1908605737158107,0.3145465914649553
0.01,3.1927951967978654,0.314222457183165
0.01,3.19472981987992,0.31389958907297866
0.01,3.196664442961975,0.31357798002539644
0.01,3.1985990660440295,0.3132576229832963
0.01,3.2005336891260843,0.3129385109409721
0.01,3.202468312208139,0.3126206369436766
0.01,3.2044029352901937,0.3123039940871694
0.01,3.2063375583722484,0.3119885755172695
0.01,3.208272181454303,0.3116743744294114
0.01,3.210206804536358,0.3113613840682075
0.01,3.2121414276184126,0.31104959772701396
0.01,3.2140760507004673,0.31073900874750177
0.01,3.216010673782522,0.3104296105192312
0.01,3.2179452968645768,0.310121396479231
0.01,3.2198799199466315,0.3098143601115828
0.01,3.221814543028686,0.30950849494700916
0.01,3.223749166110741,0.309203794562465
0.01,3.2256837891927956,0.30890025258073434
0.01,3.2276184122748504,0.30859786267003136
0.01,3.229553035356905,0.30829661854360385
0.01,3.23148765843896,0.3079965139593431
0.01,3.2334222815210145,0.3076975427193957
0.01,3.2353569046030692,0.3073996986697797
0.01,3.237291527685124,0.30710297570000616
0.01,3.2392261507671787,0.3068073677427024
0.01,3.2411607738492334,0.3065128687732407
0.01,3.2430953969312877,0.30621947280936984
0.01,3.2450300200133424,0.30592717391085017
0.01,3.246964643095397,0.30563596617909394
0.01,3.248899266177452,0.30534584375680723
0.01,3.2508338892595066,0.30505680082763675
0.01,3.2527685123415613,0.3047688316158193
0.01,3.254703135423616,0.30448193038583615
0.01,3.2566377585056707,0.30419609144206916
0.01,3.2585723815877254,0.30391130912846165
0.01,3.26050700466978,0.303627577828182
0.01,3.262441627751835,0.30334489196329045
0.01,3.2643762508338896,0.3030632459944102
0.01,3.2663108739159443,0.30278263442040043
0.01,3.2682454969979986,0.3025030517780341
0.01,3.2701801200800533,0.30222449264167683
0.01,3.272114743162108,0.3019469516229716
0.01,3.2740493662441628,0.3016704233705237
0.01,3.2759839893262175,0.301394902569592
0.01,3.277918612408272,0.3011203839417801
0.01,3.279853235490327,0.3008468622447325
0.01,3.2817878585723816,0.30057433227183333
0.01,3.2837224816544364,0.3003027888519078
0.01,3.285657104736491,0.3000322268489266
0.01,3.287591727818546,0.29976264116171336
0.01,3.2895263509006005,0.2994940267236548
0.01,3.2914609739826552,0.2992263785024144
0.01,3.29339559706471,0.29895969149964713
0.01,3.2953302201467647,0.2986939607507195
0.01,3.2972648432288194,0.2984291813244295
0.01,3.299199466310874,0.2981653483227319
0.01,3.301134089392929,0.2979024568804642
0.01,3.3030687124749836,0.29764050216507654
0.01,3.3050033355570383,0.29737947937636366
0.01,3.306937958639093,0.29711938374619895
0.01,3.3088725817211477,0.2968602105382723
0.01,3.3108072048032025,0.2966019550478297
0.01,3.312741827885257,0.29634461260141526
0.01,3.314676450967312,0.2960881785566157
0.01,3.3166110740493666,0.2958326483018076
0.01,3.3185456971314213,0.2955780172559079
0.01,3.320480320213476,0.2953242808681241
0.01,3.3224149432955308,0.2950714346177102
0.01,3.3243495663775855,0.29481947401372216
0.01,3.32628418945964,0.2945683945947775
0.01,3.328218812541695,0.29431819192881686
0.01,3.3301534356237497,0.2940688616128669
0.01,3.3320880587058044,0.2938203992728061
0.01,3.334022681787859,0.29357280056313345
0.01,3.335957304869914,0.29332606116673793
0.01,3.3378919279519685,0.29308017679467124
0.01,3.3398265510340233,0.29283514318592246
0.01,3.341761174116078,0.2925909561071941
0.01,3.3436957971981323,0.2923476113526816
0.01,3.345630420280187,0.29210510474385354
0.01,3.3475650433622417,0.2918634321292352
0.01,3.3494996664442964,0.2916225893841925
0.01,3.351434289526351,0.2913825724107199
0.01,3.353368912608406,0.2911433771372289
0.01,3.3553035356904606,0.2909049995183389
0.01,3.3572381587725153,0.29066743553467017
0.01,3.35917278185457,0.2904306811926385
0.01,3.3611074049366247,0.2901947325242522
0.01,3.3630420280186795,0.2899595855869101
0.01,3.364976651100734,0.2897252364632026
0.01,3.366911274182789,0.2894916812607136
0.01,3.368845897264843,0.2892589161118249
0.01,3.370780520346898,0.2890269371735215
0.01,3.3727151434289526,0.2887957406272001
0.01,3.3746497665110073,0.2885653226784781
0.01,3.376584389593062,0.28833567955700545
0.01,3.378519012675117,0.2881068075162764
0.01,3.3804536357571715,0.2878787028334454
0.01,3.3823882588392262,0.2876513618091431
0.01,3.384322881921281,0.2874247807672944
0.01,3.3862575050033357,0.2871989560549376
0.01,3.3881921280853904,0.2869738840420471
0.01,3.390126751167445,0.28674956112135525
0.01,3.3920613742495,0.28652598370817745
0.01,3.3939959973315545,0.28630314824023806
0.01,3.3959306204136093,0.2860810511774985
0.01,3.397865243495664,0.28585968900198677
0.01,3.3997998665777187,0.2856390582176277
0.01,3.4017344896597734,0.285419155350076
0.01,3.403669112741828,0.28519997694654975
0.01,3.405603735823883,0.28498151957566625
0.01,3.4075383589059376,0.2847637798272784
0.01,3.4094729819879923,0.2845467543123138
0.01,3.411407605070047,0.2843304396626139
0.01,3.4133422281521018,0.2841148325307754
0.01,3.4152768512341565,0.2838999295899937
0.01,3.417211474316211,0.28368572753390586
0.01,3.419146097398266,0.28347222307643694
0.01,3.4210807204803206,0.28325941295164625
0.01,3.4230153435623754,0.2830472939135763
0.01,3.42494996664443,0.2828358627361019
0.01,3.426884589726485,0.28262511621278086
0.01,3.4288192128085395,0.28241505115670706
0.01,3.4307538358905942,0.28220566440036315
0.01,3.432688458972649,0.28199695279547604
0.01,3.4346230820547037,0.28178891321287225
0.01,3.4365577051367584,0.2815815425423367
0.01,3.438492328218813,0.2813748376924697
0.01,3.440426951300868,0.28116879559054814
0.01,3.4423615743829226,0.28096341318238593
0.01,3.444296197464977,0.2807586874321968
0.01,3.4462308205470316,0.2805546153224576
0.01,3.4481654436290863,0.280351193853773
0.01,3.450100066711141,0.28014842004474166
0.01,3.4520346897931957,0.2799462909318234
0.01,3.4539693128752504,0.27974480356920717
0.01,3.455903935957305,0.27954395502868085
0.01,3.45783855903936,0.2793437423995013
0.01,3.4597731821214146,0.27914416278826676
0.01,3.4617078052034693,0.27894521331878885
0.01,3.463642428285524,0.2787468911319673
0.01,3.4655770513675788,0.27854919338566425
0.01,3.4675116744496335,0.2783521172545807
0.01,3.4694462975316878,0.2781556599301336
0.01,3.4713809206137425,0.277959818620334
0.01,3.473315543695797,0.27776459054966646
0.01,3.475250166777852,0.27756997295896907
0.01,3.4771847898599066,0.2773759631053149
0.01,3.4791194129419614,0.2771825582618947
0.01,3.481054036024016,0.27698975571789963
0.01,3.482988659106071,0.27679755277840606
0.01,3.4849232821881255,0.2766059467642606
0.01,3.4868579052701802,0.2764149350119669
0.01,3.488792528352235,0.2762245148735722
0.01,3.4907271514342897,0.2760346837165566
0.01,3.4926617745163444,0.275845438923721
0.01,3.494596397598399,0.2756567778930783
0.01,3.496531020680454,0.27546869803774393
0.01,3.4984656437625086,0.2752811967858282
0.01,3.5004002668445633,0.2750942715803286
0.01,3.502334889926618,0.2749079198790244
0.01,3.5042695130086727,0.27472213915437077
0.01,3.5062041360907275,0.27453692689339465
0.01,3.508138759172782,0.2743522805975911
0.01,3.510073382254837,0.2741681977828207
0.01,3.5120080053368916,0.2739846759792077
0.01,3.5139426284189463,0.2738017127310395
0.01,3.515877251501001,0.2736193055966656
0.01,3.5178118745830558,0.2734374521483995
0.01,3.5197464976651105,0.27325614997241926
0.01,3.521681120747165,0.27307539666867076
0.01,3.52361574382922,0.27289518985077005
0.01,3.5255503669112747,0.2727155271459084
0.01,3.5274849899933294,0.27253640619475605
0.01,3.529419613075384,0.2723578246513684
0.01,3.5313542361574384,0.27217978018309236
0.01,3.533288859239493,0.27200227047047343
0.01,3.535223482321548,0.27182529320716364
0.01,3.5371581054036025,0.2716488460998301
0.01,3.5390927284856573,0.2714729268680649
0.01,3.541027351567712,0.27129753324429445
0.01,3.5429619746497667,0.2711226629736916
0.01,3.5448965977318214,0.27094831381408613
0.01,3.546831220813876,0.27077448353587774
0.01,3.548765843895931,0.2706011699219491
0.01,3.5507004669779856,0.2704283707675798
0.01,3.5526350900600403,0.2702560838803603
0.01,3.554569713142095,0.270084307080108
0.01,3.5565043362241497,0.2699130381987822
0.01,3.5584389593062045,0.2697422750804016
0.01,3.560373582388259,0.26957201558096083
0.01,3.562308205470314,0.269402257568349
0.01,3.5642428285523686,0.2692329989222679
0.01,3.5661774516344233,0.2690642375341513
0.01,3.568112074716478,0.26889597130708515
0.01,3.570046697798533,0.268728198155728
0.01,3.5719813208805875,0.26856091600623216
0.01,3.5739159439626422,0.2683941227961654
0.01,3.575850567044697,0.26822781647443394
0.01,3.5777851901267517,0.26806199500120514
0.01,3.5797198132088064,0.2678966563478311
0.01,3.5816544362908607,0.26773179849677337
0.01,3.5835890593729154,0.267567419441528
0.01,3.58552368245497,0.26740351718655025
0.01,3.587458305537025,0.2672400897471819
0.01,3.5893929286190795,0.2670771351495768
0.01,3.5913275517011343,0.2669146514306293
0.01,3.593262174783189,0.26675263663790133
0.01,3.5951967978652437,0.2665910888295509
0.01,3.5971314209472984,0.26643000607426204
0.01,3.599066044029353,0.266269386451173
0.01,3.601000667111408,0.2661092280498075
0.01,3.6029352901934626,0.2659495289700051
0.01,3.6048699132755173,0.2657902873218524
0.01,3.606804536357572,0.2656315012256148
0.01,3.6087391594396268,0.2654731688116689
0.01,3.6106737825216815,0.2653152882204356
0.01,3.612608405603736,0.26515785760231286
0.01,3.614543028685791,0.2650008751176107
0.01,3.6164776517678456,0.26484433893648424
0.01,3.6184122748499004,0.2646882472388702
0.01,3.620346897931955,0.26453259821442093
0.01,3.62228152101401,0.26437739006244143
0.01,3.6242161440960645,0.26422262099182514
0.01,3.6261507671781192,0.2640682892209915
0.01,3.628085390260174,0.26391439297782293
0.01,3.6300200133422287,0.26376093049960303
0.01,3.631954636424283,0.2636079000329549
0.01,3.6338892595063377,0.2634552998337802
0.01,3.6358238825883924,0.26330312816719803
0.01,3.637758505670447,0.2631513833074857
0.01,3.639693128752502,0.26300006353801825
0.01,3.6416277518345566,0.2628491671512096
0.01,3.6435623749166113,0.2626986924484535
0.01,3.645496997998666,0.2625486377400656
0.01,3.6474316210807207,0.2623990013452253
0.01,3.6493662441627754,0.26224978159191864
0.01,3.65130086724483,0.2621009768168807
0.01,3.653235490326885,0.26195258536553995
0.01,3.6551701134089396,0.26180460559196134
0.01,3.6571047364909943,0.2616570358587912
0.01,3.659039359573049,0.26150987453720154
0.01,3.6609739826551038,0.26136312000683576
0.01,3.6629086057371585,0.2612167706557536
0.01,3.664843228819213,0.2610708248803777
0.01,3.666777851901268,0.2609252810854396
0.01,3.6687124749833226,0.260780137683927
0.01,3.6706470980653774,0.26063539309703054
0.01,3.672581721147432,0.2604910457540918
0.01,3.674516344229487,0.26034709409255113
0.01,3.6764509673115415,0.26020353655789624
0.01,3.6783855903935962,0.2600603716036105
0.01,3.680320213475651,0.25991759769112294
0.01,3.6822548365577052,0.25977521328975717
0.01,3.68418945963976,0.2596332168766818
0.01,3.6861240827218147,0.2594916069368601
0.01,3.6880587058038694,0.25935038196300186
0.01,3.689993328885924,0.25920954045551337
0.01,3.691927951967979,0.25906908092244924
0.01,3.6938625750500336,0.2589290018794644
0.01,3.6957971981320883,0.258789301849766
0.01,3.697731821214143,0.25864997936406636
0.01,3.6996664442961977,0.2585110329605351
0.01,3.7016010673782525,0.2583724611847532
0.01,3.703535690460307,0.2582342625896662
0.01,3.705470313542362,0.25809643573553787
0.01,3.7074049366244166,0.25795897918990474
0.01,3.7093395597064713,0.2578218915275313
0.01,3.711274182788526,0.2576851713303637
0.01,3.7132088058705808,0.2575488171874862
0.01,3.7151434289526355,0.2574128276950757
0.01,3.71707805203469,0.25727720145635885
0.01,3.719012675116745,0.2571419370815675
0.01,3.7209472981987997,0.2570070331878954
0.01,3.7228819212808544,0.25687248839945537
0.01,3.724816544362909,0.25673830134723613
0.01,3.726751167444964,0.2566044706690604
0.01,3.7286857905270185,0.2564709950095421
0.01,3.7306204136090733,0.2563378730200451
0.01,3.7325550366911275,0.2562051033586414
0.01,3.7344896597731823,0.2560726846900695
0.01,3.736424282855237,0.2559406156856943
0.01,3.7383589059372917,0.25580889502346593
0.01,3.7402935290193464,0.25567752138787947
0.01,3.742228152101401,0.25554649346993497
0.01,3.744162775183456,0.2554158099670978
0.01,3.7460973982655106,0.25528546958325876
0.01,3.7480320213475653,0.2551554710286956
0.01,3.74996664442962,0.2550258130200335
0.01,3.7519012675116747,0.2548964942802068
0.01,3.7538358905937295,0.2547675135384205
0.01,3.755770513675784,0.25463886953011217
0.01,3.757705136757839,0.2545105609969146
0.01,3.7596397598398936,0.2543825866866175
0.01,3.7615743829219483,0.254254945353131
0.01,3.763509006004003,0.2541276357564483
0.01,3.765443629086058,0.2540006566626093
0.01,3.7673782521681125,0.2538740068436634
0.01,3.7693128752501672,0.25374768507763423
0.01,3.771247498332222,0.2536216901484832
0.01,3.7731821214142767,0.253496020846074
0.01,3.7751167444963314,0.25337067596613694
0.01,3.777051367578386,0.25324565431023427
0.01,3.778985990660441,0.2531209546857248
0.01,3.7809206137424956,0.25299657590572955
0.01,3.78285523682455,0.252872516789097
0.01,3.7847898599066045,0.2527487761603696
0.01,3.7867244829886593,0.25262535284974874
0.01,3.788659106070714,0.2525022456930622
0.01,3.7905937291527687,0.2523794535317299
0.01,3.7925283522348234,0.25225697521273116
0.01,3.794462975316878,0.25213480958857154
0.01,3.796397598398933,0.25201295551725006
0.01,3.7983322214809876,0.25189141186222647
0.01,3.8002668445630423,0.25177017749238967
0.01,3.802201467645097,0.25164925128202503
0.01,3.8041360907271518,0.25152863211078247
0.01,3.8060707138092065,0.25140831886364545
0.01,3.808005336891261,0.25128831043089905
0.01,3.809939959973316,0.25116860570809907
0.01,3.8118745830553706,0.25104920359604077
0.01,3.8138092061374254,0.25093010300072865
0.01,3.81574382921948,0.2508113028333455
0.01,3.817678452301535,0.25069280201022226
0.01,3.8196130753835895,0.2505745994528077
0.01,3.8215476984656442,0.25045669408763904
0.01,3.823482321547699,0.25033908484631157
0.01,3.8254169446297537,0.25022177066544976
0.01,3.8273515677118084,0.2501047504866779
0.01,3.829286190793863,0.2499880232565907
0.01,3.831220813875918,0.24987158792672465
0.01,3.833155436957972,0.24975544345352935
0.01,3.835090060040027,0.24963958879833914
0.01,3.8370246831220816,0.2495240229273445
0.01,3.8389593062041363,0.24940874481156433
0.01,3.840893929286191,0.24929375342681775
0.01,3.8428285523682457,0.24917904775369681
0.01,3.8447631754503004,0.24906462677753866
0.01,3.846697798532355,0.24895048948839804
0.01,3.84863242161441,0.24883663488102087
0.01,3.8505670446964646,0.24872306195481653
0.01,3.8525016677785193,0.24860976971383142
0.01,3.854436290860574,0.24849675716672265
0.01,3.8563709139426288,0.24838402332673126
0.01,3.8583055370246835,0.248271567211656
0.01,3.860240160106738,0.24815938784382763
0.01,3.862174783188793,0.2480474842500826
0.01,3.8641094062708476,0.24793585546173796
0.01,3.8660440293529024,0.24782450051456523
0.01,3.867978652434957,0.24771341844876538
0.01,3.869913275517012,0.2476026083089436
0.01,3.8718478985990665,0.24749206914408467
0.01,3.8737825216811212,0.24738180000752713
0.01,3.875717144763176,0.24727179995693988
0.01,3.8776517678452307,0.24716206805429686
0.01,3.8795863909272854,0.24705260336585277
0.01,3.88152101400934,0.2469434049621193
0.01,3.8834556370913944,0.2468344719178408
0.01,3.885390260173449,0.24672580331197064
0.01,3.887324883255504,0.2466173982276471
0.01,3.8892595063375586,0.2465092557521707
0.01,3.8911941294196133,0.2464013749769799
0.01,3.893128752501668,0.24629375499762846
0.01,3.8950633755837227,0.24618639491376199
0.01,3.8969979986657775,0.2460792938290956
0.01,3.898932621747832,0.2459724508513907
0.01,3.900867244829887,0.24586586509243247
0.01,3.9028018679119416,0.24575953566800735
0.01,3.9047364909939963,0.24565346169788116
0.01,3.906671114076051,0.24554764230577641
0.01,3.9086057371581058,0.24544207661935075
0.01,3.9105403602401605,0.2453367637701745
0.01,3.912474983322215,0.2452317028937097
0.01,3.91440960640427,0.24512689312928826
0.01,3.9163442294863247,0.2450223336200899
0.01,3.9182788525683794,0.2449180235131218
0.01,3.920213475650434,0.24481396195919713
0.01,3.922148098732489,0.2447101481129137
0.01,3.9240827218145435,0.24460658113263334
0.01,3.9260173448965983,0.24450326018046165
0.01,3.927951967978653,0.24440018442222622
0.01,3.9298865910607077,0.24429735302745753
0.01,3.9318212141427624,0.2441947651693675
0.01,3.9337558372248167,0.24409242002483011
0.01,3.9356904603068714,0.24399031677436067
0.01,3.937625083388926,0.24388845460209657
0.01,3.939559706470981,0.24378683269577678
0.01,3.9414943295530356,0.2436854502467226
0.01,3.9434289526350903,0.24358430644981843
0.01,3.945363575717145,0.2434834005034911
0.01,3.9472981987991997,0.24338273160969232
0.01,3.9492328218812545,0.243282298973878
0.01,3.951167444963309,0.24318210180499006
0.01,3.953102068045364,0.24308213931543726
0.01,3.9550366911274186,0.2429824107210764
0.01,3.9569713142094733,0.24288291524119354
0.01,3.958905937291528,0.24278365209848574
0.01,3.960840560373583,0.24268462051904233
0.01,3.9627751834556375,0.24258581973232662
0.01,3.9647098065376922,0.24248724897115792
0.01,3.966644429619747,0.24238890747169334
0.01,3.9685790527018017,0.24229079447340957
0.01,3.9705136757838564,0.24219290921908543
0.01,3.972448298865911,0.24209525095478385
0.01,3.974382921947966,0.24199781892983457
0.01,3.9763175450300206,0.24190061239681604
0.01,3.9782521681120753,0.2418036306115387
0.01,3.98018679119413,0.2417068728330271
0.01,3.9821214142761847,0.24161033832350337
0.01,3.984056037358239,0.24151402634836927
0.01,3.9859906604402937,0.24141793617619012
0.01,3.9879252835223484,0.24132206707867754
0.01,3.989859906604403,0.24122641833067238
0.01,3.991794529686458,0.2411309892101287
0.01,3.9937291527685126,0.24103577899809697
0.01,3.9956637758505673,0.24094078697870758
0.01,3.997598398932622,0.24084601243915438
0.01,3.9995330220146768,0.24075145466967868
0.01,4.0014676450967315,0.24065711296355335
0.01,4.003402268178786,0.24056298661706615
0.01,4.005336891260841,0.24046907492950448
0.01,4.007271514342896,0.24037537720313912
0.01,4.00920613742495,0.24028189274320844
0.01,4.011140760507005,0.24018862085790355
0.01,4.01307538358906,0.24009556085835165
0.01,4.0150100066711145,0.24000271205860152
0.01,4.016944629753169,0.23991007377560764
0.01,4.018879252835224,0.2398176453292153
0.01,4.020813875917279,0.23972542604214525
0.01,4.022748498999333,0.23963341523997872
0.01,4.024683122081388,0.23954161225114257
0.01,4.026617745163443,0.23945001640689406
0.01,4.028552368245498,0.23935862704130662
0.01,4.030486991327552,0.23926744349125495
0.01,4.032421614409607,0.23917646509640023
0.01,4.034356237491661,0.23908569119917578
0.01,4.036290860573716,0.23899512114477267
0.01,4.03822548365577,0.23890475428112584
0.01,4.040160106737826,0.23881458995889882
0.01,4.04209472981988,0.2387246275314706
0.01,4.044029352901935,0.23863486635492093
0.01,4.045963975983989,0.23854530578801714
0.01,4.047898599066045,0.23845594519219915
0.01,4.049833222148099,0.23836678393156663
0.01,4.051767845230154,0.2382778213728648
0.01,4.053702468312208,0.23818905688547104
0.01,4.055637091394264,0.23810048984138116
0.01,4.0575717144763175,0.2380121196151962
0.01,4.059506337558373,0.23792394558410862
0.01,4.061440960640427,0.23783596712788962
0.01,4.0633755837224825,0.23774818362887545
0.01,4.065310206804536,0.2376605944719543
0.01,4.067244829886592,0.23757319904455337
0.01,4.069179452968646,0.2374859967366263
0.01,4.071114076050701,0.23739898694063927
0.01,4.073048699132755,0.23731216905155939
0.01,4.074983322214811,0.23722554246684086
0.01,4.076917945296865,0.23713910658641318
0.01,4.07885256837892,0.23705286081266796
0.01,4.080787191460974,0.23696680455044694
0.01,4.08272181454303,0.23688093720702896
0.01,4.084656437625084,0.23679525819211822
0.01,4.086591060707138,0.23670976691783152
0.01,4.088525683789193,0.23662446279868632
0.01,4.090460306871248,0.23653934525158837
0.01,4.0923949299533025,0.23645441369582004
0.01,4.094329553035357,0.23636966755302807
0.01,4.096264176117412,0.2362851062472116
0.01,4.098198799199467,0.2362007292047104
0.01,4.100133422281521,0.23611653585419307
0.01,4.102068045363576,0.23603252562664562
0.01,4.104002668445631,0.23594869795535928
0.01,4.1059372915276855,0.23586505227591947
0.01,4.10787191460974,0.23578158802619403
0.01,4.109806537691795,0.23569830464632185
0.01,4.11174116077385,0.23561520157870153
0.01,4.113675783855904,0.23553227826797996
0.01,4.115610406937959,0.23544953416104153
0.01,4.117545030020014,0.2353669687069963
0.01,4.1194796531020685,0.2352845813571694
0.01,4.121414276184123,0.23520237156509022
0.01,4.123348899266178,0.23512033878648042
0.01,4.125283522348233,0.23503848247924447
0.01,4.127218145430287,0.23495680210345748
0.01,4.129152768512342,0.2348752971213554
0.01,4.131087391594397,0.23479396699732397
0.01,4.133022014676452,0.23471281119788784
0.01,4.134956637758506,0.2346318291917004
0.01,4.13689126084056,0.23455102044953297
0.01,4.138825883922616,0.2344703844442647
0.01,4.14076050700467,0.23438992065087166
0.01,4.142695130086725,0.23430962854641701
0.01,4.144629753168779,0.23422950761004058
0.01,4.146564376250835,0.2341495573229483
0.01,4.1484989993328885,0.23406977716840277
0.01,4.150433622414944,0.23399016663171235
0.01,4.152368245496998,0.233910725200222
0.01,4.1543028685790535,0.23383145236330244
0.01,4.156237491661107,0.23375234761234093
0.01,4.158172114743163,0.2336734104407311
0.01,4.160106737825217,0.23359464034386312
0.01,4.162041360907272,0.23351603681911393
0.01,4.163975983989326,0.23343759936583786
0.01,4.165910607071382,0.23335932748535676
0.01,4.167845230153436,0.23328122068095042
0.01,4.169779853235491,0.23320327845784705
0.01,4.171714476317545,0.23312550032321416
0.01,4.173649099399601,0.23304788578614827
0.01,4.1755837224816545,0.2329704343576669
0.01,4.17751834556371,0.2328931455506979
0.01,4.179452968645764,0.23281601888007142
0.01,4.18138759172782,0.23273905386250943
0.01,4.183322214809873,0.23266225001661794
0.01,4.185256837891928,0.23258560686287694
0.01,4.187191460973983,0.23250912392363166
0.01,4.189126084056038,0.23243280072308364
0.01,4.191060707138092,0.2323566367872819
0.01,4.192995330220147,0.23228063164411406
0.01,4.194929953302202,0.23220478482329682
0.01,4.1968645763842565,0.23212909585636837
0.01,4.198799199466311,0.23205356427667873
0.01,4.200733822548366,0.2319781896193815
0.01,4.202668445630421,0.23190297142142496
0.01,4.204603068712475,0.2318279092215439
0.01,4.20653769179453,0.23175300256025072
0.01,4.208472314876585,0.23167825097982697
0.01,4.2104069379586395,0.23160365402431526
0.01,4.212341561040694,0.23152921123951037
0.01,4.214276184122749,0.23145492217295144
0.01,4.216210807204804,0.23138078637391313
0.01,4.218145430286858,0.23130680339339782
0.01,4.220080053368913,0.2312329727841274
0.01,4.222014676450968,0.2311592941005347
0.01,4.223949299533023,0.23108576689875576
0.01,4.225883922615077,0.2310123907366219
0.01,4.227818545697132,0.23093916517365126
0.01,4.229753168779187,0.23086608977104084
0.01,4.231687791861241,0.2307931640916594
0.01,4.233622414943296,0.2307203877000384
0.01,4.23555703802535,0.2306477601623651
0.01,4.237491661107406,0.23057528104647407
0.01,4.239426284189459,0.23050294992184017
0.01,4.241360907271515,0.23043076635957027
0.01,4.243295530353569,0.23035872993239576
0.01,4.2452301534356245,0.2302868402146649
0.01,4.247164776517678,0.23021509678233554
0.01,4.249099399599734,0.23014349921296712
0.01,4.251034022681788,0.23007204708571355
0.01,4.252968645763843,0.23000073998131554
0.01,4.254903268845897,0.22992957748209325
0.01,4.256837891927953,0.22985855917193898
0.01,4.258772515010007,0.22978768463631005
0.01,4.260707138092062,0.2297169534622207
0.01,4.262641761174116,0.22964636523823606
0.01,4.264576384256172,0.22957591955446394
0.01,4.2665110073382255,0.2295056160025482
0.01,4.268445630420281,0.2294354541756613
0.01,4.270380253502335,0.22936543366849754
0.01,4.272314876584391,0.22929555407726576
0.01,4.274249499666444,0.22922581499968264
0.01,4.2761841227485,0.22915621603496517
0.01,4.278118745830554,0.22908675678382434
0.01,4.2800533689126095,0.22901743684845777
0.01,4.281987991994663,0.22894825583254358
0.01,4.283922615076718,0.22887921334123223
0.01,4.285857238158773,0.22881030898114124
0.01,4.2877918612408275,0.22874154236034755
0.01,4.289726484322882,0.22867291308838106
0.01,4.291661107404937,0.2286044207762179
0.01,4.293595730486992,0.228536065036274
0.01,4.295530353569046,0.22846784548239824
0.01,4.297464976651101,0.22839976172986604
0.01,4.299399599733156,0.22833181339537262
0.01,4.3013342228152105,0.22826400009702696
0.01,4.303268845897265,0.22819632145434499
0.01,4.30520346897932,0.22812877708824308
0.01,4.307138092061375,0.2280613666210321
0.01,4.309072715143429,0.2279940896764106
0.01,4.311007338225484,0.22792694587945878
0.01,4.312941961307539,0.22785993485663225
0.01,4.3148765843895935,0.22779305623575546
0.01,4.316811207471648,0.22772630964601587
0.01,4.318745830553703,0.2276596947179575
0.01,4.320680453635758,0.22759321108347497
0.01,4.322615076717812,0.22752685837580716
0.01,4.324549699799867,0.22746063622953167
0.01,4.326484322881922,0.22739454428055772
0.01,4.328418945963977,0.22732858216612162
0.01,4.330353569046031,0.22726274952477915
0.01,4.332288192128086,0.22719704599640111
0.01,4.33422281521014,0.22713147122216643
0.01,4.3361574382921955,0.22706602484455646
0.01,4.338092061374249,0.22700070650734955
0.01,4.340026684456305,0.2269355158556146
0.01,4.341961307538359,0.22687045253570604
0.01,4.343895930620414,0.22680551619525713
0.01,4.345830553702468,0.22674070648317501
0.01,4.347765176784524,0.22667602304963458
0.01,4.349699799866578,0.22661146554607314
0.01,4.351634422948633,0.2265470336251843
0.01,4.353569046030687,0.22648272694091304
0.01,4.355503669112743,0.22641854514844945
0.01,4.3574382921947965,0.22635448790422363
0.01,4.359372915276852,0.22629055486589977
0.01,4.361307538358906,0.22622674569237133
0.01,4.3632421614409616,0.2261630600437548
0.01,4.365176784523015,0.2260994975813848
0.01,4.367111407605071,0.2260360579678085
0.01,4.369046030687125,0.2259727408667802
0.01,4.37098065376918,0.22590954594325602
0.01,4.372915276851234,0.22584647286338877
0.01,4.37484989993329,0.22578352129452228
0.01,4.376784523015344,0.22572069090518654
0.01,4.378719146097399,0.22565798136509208
0.01,4.380653769179453,0.2255953923451252
0.01,4.382588392261509,0.22553292351734222
0.01,4.384523015343563,0.22547057455496516
0.01,4.386457638425617,0.22540834513237556
0.01,4.388392261507672,0.2253462349251104
0.01,4.390326884589727,0.22528424360985638
0.01,4.3922615076717815,0.2252223708644449
0.01,4.394196130753836,0.22516061636784757
0.01,4.396130753835891,0.22509897980017057
0.01,4.398065376917946,0.22503746084265014
0.01,4.4,0.22497605917764724
0.015,1.5,0.20197184370292043
0.015,1.5019346230820547,0.20272739964463513
0.015,1.5038692461641094,0.20348709563083509
0.015,1.5058038692461642,0.2042509616812476
0.015,1.5077384923282189,0.20501902806438133
0.015,1.5096731154102736,0.2057913253012324
0.015,1.5116077384923283,0.20656788416902144
0.015,1.5135423615743828,0.2073487357049642
0.015,1.5154769846564375,0.2081339112100774
0.015,1.5174116077384923,0.20892344225301668
0.015,1.519346230820547,0.20971736067395239
0.015,1.5212808539026017,0.21051569858847888
0.015,1.5232154769846564,0.211318488391562
0.015,1.5251501000667111,0.21212576276152276
0.015,1.5270847231487659,0.2129375546640587
0.015,1.5290193462308206,0.21375389735630448
0.015,1.5309539693128753,0.21457482439093073
0.015,1.53288859239493,0.2154003696202841
0.015,1.5348232154769847,0.21623056720056633
0.015,1.5367578385590395,0.2170654515960563
0.015,1.538692461641094,0.21790505758337297
0.015,1.5406270847231487,0.21874942025578217
0.015,1.5425617078052034,0.21959857502754687
0.015,1.5444963308872581,0.220452557638321
0.015,1.5464309539693128,0.22131140415759112
0.015,1.5483655770513676,0.2221751509891605
0.015,1.5503002001334223,0.2230438348756841
0.015,1.552234823215477,0.22391749290324842
0.015,1.5541694462975317,0.22479616250600146
0.015,1.5561040693795865,0.2256798814708326
0.015,1.5580386924616412,0.22656868794210128
0.015,1.559973315543696,0.22746262042641952
0.015,1.5619079386257506,0.22836171779748365
0.015,1.5638425617078051,0.2292660193009624
0.015,1.5657771847898598,0.23017556455943697
0.015,1.5677118078719146,0.23109039357739677
0.015,1.5696464309539693,0.23201054674629162
0.015,1.571581054036024,0.2329360648496407
0.015,1.5735156771180787,0.23386698906819925
0.015,1.5754503002001334,0.23480336098518503
0.015,1.5773849232821882,0.23574522259156397
0.015,1.5793195463642429,0.23669261629139693
0.015,1.5812541694462976,0.23764558490725046
0.015,1.5831887925283523,0.2386041716856674
0.015,1.585123415610407,0.23956842030270395
0.015,1.5870580386924615,0.24053837486953256
0.015,1.5889926617745163,0.24151407993810928
0.015,1.590927284856571,0.2424955805069096
0.015,1.5928619079386257,0.2434829220267334
0.015,1.5947965310206804,0.24447615040657877
0.015,1.5967311541027351,0.2454753120195874
0.015,1.5986657771847899,0.24648045370906085
0.015,1.6006004002668446,0.24749162279455242
0.015,1.6025350233488993,0.2485088670780305
0.015,1.604469646430954,0.24953223485011972
0.015,1.6064042695130087,0.25056177489641746
0.015,1.6083388925950635,0.2515975365038904
0.015,1.6102735156771182,0.2526395694673467
0.015,1.612208138759173,0.2536879240959936
0.015,1.6141427618412274,0.254742651220072
0.015,1.6160773849232821,0.2558038021975774
0.015,1.6180120080053368,0.25687142892106435
0.015,1.6199466310873916,0.25794558382453475
0.015,1.6218812541694463,0.2590263198904161
0.015,1.623815877251501,0.2601136906566256
0.015,1.6257505003335557,0.2612077502237253
0.015,1.6276851234156104,0.26230855326216723
0.015,1.6296197464976652,0.2634161550196316
0.015,1.6315543695797199,0.26453061132845884
0.015,1.6334889926617746,0.2656519786131751
0.015,1.6354236157438293,0.2667803138981169
0.015,1.6373582388258838,0.2679156748151512
0.015,1.6392928619079385,0.26905811961149695
0.015,1.6412274849899933,0.27020770715764525
0.015,1.643162108072048,0.2713644969553831
0.015,1.6450967311541027,0.27252854914592156
0.015,1.6470313542361574,0.2736999245181264
0.015,1.6489659773182122,0.274878684516859
0.015,1.6509006004002669,0.2760648912514214
0.015,1.6528352234823216,0.27725860750411496
0.015,1.6547698465643763,0.27845989673890653
0.015,1.656704469646431,0.2796688231102107
0.015,1.6586390927284858,0.28088545147178273
0.015,1.6605737158105405,0.28210984738573014
0.015,1.6625083388925952,0.2833420771316406
0.015,1.66444296197465,0.2845822077158272
0.015,1.6663775850567044,0.28583030688069716
0.015,1.6683122081387591,0.2870864431142392
0.015,1.6702468312208139,0.2883506856596371
0.015,1.6721814543028686,0.2896231045250063
0.015,1.6741160773849233,0.2909037704932585
0.015,1.676050700466978,0.2921927551320947
0.015,1.6779853235490327,0.2934901308041263
0.015,1.6799199466310875,0.29479597067713037
0.015,1.6818545697131422,0.2961103487344348
0.015,1.683789192795197,0.29743333978544145
0.015,1.6857238158772516,0.2987650194762822
0.015,1.6876584389593061,0.30010546430061535
0.015,1.6895930620413608,0.30145475161056007
0.015,1.6915276851234156,0.3028129596277718
0.015,1.6934623082054703,0.30418016745466137
0.015,1.695396931287525,0.3055564550857557
0.015,1.6973315543695797,0.30694190341920746
0.015,1.6992661774516344,0.3083365942684483
0.015,1.7012008005336892,0.3097406103739945
0.015,1.7031354236157439,0.3111540354153986
0.015,1.7050700466977986,0.312576954023357
0.015,1.7070046697798533,0.3140094517919673
0.015,1.708939292861908,0.3154516152911418
0.015,1.7108739159439628,0.31690353207917776
0.015,1.7128085390260175,0.31836529071548236
0.015,1.714743162108072,0.3198369807734595
0.015,1.7166777851901267,0.3213186928535562
0.015,1.7186124082721814,0.32281051859646687
0.015,1.7205470313542361,0.3243125506965066
0.015,1.7224816544362909,0.3258248829151422
0.015,1.7244162775183456,0.3273476100946933
0.015,1.7263509006004003,0.3288808281721955
0.015,1.728285523682455,0.3304246341934351
0.015,1.7302201467645097,0.33197912632714827
0.015,1.7321547698465645,0.33354440387939305
0.015,1.7340893929286192,0.3351205673080883
0.015,1.736024016010674,0.33670771823772727
0.015,1.7379586390927284,0.3383059594742605
0.015,1.7398932621747831,0.33991539502015267
0.015,1.7418278852568378,0.341536130089612
0.015,1.7437625083388926,0.34316827112399306
0.015,1.7456971314209473,0.3448119258073764
0.015,1.747631754503002,0.34646720308231826
0.015,1.7495663775850567,0.34813421316577936
0.015,1.7515010006671115,0.3498130675652262
0.015,1.7534356237491662,0.3515038790949069
0.015,1.755370246831221,0.35320676189230493
0.015,1.7573048699132756,0.3549218314347625
0.015,1.7592394929953303,0.35664920455628213
0.015,1.761174116077385,0.35838899946450015
0.015,1.7631087391594398,0.36014133575783247
0.015,1.7650433622414945,0.36190633444279374
0.015,1.766977985323549,0.3636841179514852
0.015,1.7689126084056037,0.3654748101592554
0.015,1.7708472314876584,0.3672785364025246
0.015,1.7727818545697132,0.36909542349678043
0.015,1.7747164776517679,0.37092559975473355
0.015,1.7766511007338226,0.37276919500464
0.015,1.7785857238158773,0.37462634060878014
0.015,1.780520346897932,0.37649716948209677
0.015,1.7824549699799868,0.37838181611098765
0.015,1.7843895930620415,0.3802804165722484
0.015,1.786324216144096,0.3821931085521645
0.015,1.7882588392261507,0.3841200313657455
0.015,1.7901934623082054,0.38606132597610104
0.015,1.7921280853902601,0.38801713501394935
0.015,1.7940627084723149,0.38998760279725825
0.015,1.7959973315543696,0.39197287535101105
0.015,1.7979319546364243,0.39397310042708894
0.015,1.799866577718479,0.3959884275242706
0.015,1.8018012008005337,0.398019007908334
0.015,1.8037358238825885,0.40006499463225986
0.015,1.8056704469646432,0.4021265425565254
0.015,1.807605070046698,0.4042038083694838
0.015,1.8095396931287526,0.4062969506078138
0.015,1.8114743162108073,0.40840612967703926
0.015,1.813408939292862,0.4105315078721018
0.015,1.8153435623749168,0.4126732493979766
0.015,1.8172781854569713,0.41483152039032595
0.015,1.819212808539026,0.4170064889361684
0.015,1.8211474316210807,0.419198325094562
0.015,1.8230820547031354,0.4214072009172777
0.015,1.8250166777851902,0.4236332904694564
0.015,1.8269513008672449,0.4258767698502303
0.015,1.8288859239492996,0.42813781721329236
0.015,1.8308205470313543,0.4304166127873993
0.015,1.832755170113409,0.43271333889678576
0.015,1.8346897931954638,0.43502817998147586
0.015,1.8366244162775183,0.4373613226174658
0.015,1.838559039359573,0.4397129555367616
0.015,1.8404936624416277,0.44208326964724504
0.015,1.8424282855236824,0.4444724580523444
0.015,1.8443629086057372,0.446880716070489
0.015,1.8462975316877919,0.4493082412543139
0.015,1.8482321547698466,0.4517552334095927
0.015,1.8501667778519013,0.45422189461386464
0.015,1.852101400933956,0.45670842923472654
0.015,1.8540360240160108,0.45921504394775664
0.015,1.8559706470980655,0.4617419477540337
0.015,1.8579052701801202,0.46428935199721905
0.015,1.859839893262175,0.466857470380156
0.015,1.8617745163442296,0.46944651898095524
0.015,1.8637091394262844,0.47205671626851337
0.015,1.865643762508339,0.4746882831174296
0.015,1.8675783855903936,0.477341442822265
0.015,1.8695130086724483,0.48001642111110143
0.015,1.871447631754503,0.4827134461583447
0.015,1.8733822548365577,0.4854327485967141
0.015,1.8753168779186125,0.4881745615283724
0.015,1.8772515010006672,0.49093912053511823
0.015,1.879186124082722,0.4937266636875971
0.015,1.8811207471647766,0.49653743155344693
0.015,1.8830553702468313,0.49937166720432224
0.015,1.884989993328886,0.5022296162217154
0.015,1.8869246164109406,0.5051115267014994
0.015,1.8888592394929953,0.5080176492571206
0.015,1.89079386257505,0.5109482370213384
0.015,1.8927284856571047,0.5139035456464455
0.015,1.8946631087391594,0.5168838333028595
0.015,1.8965977318212142,0.5198893606759994
0.015,1.8985323549032689,0.5229203909613365
0.015,1.9004669779853236,0.5259771898575221
0.015,1.9024016010673783,0.5290600255574767
0.015,1.904336224149433,0.5321691687373199
0.015,1.9062708472314878,0.5353048925430306
0.015,1.9082054703135425,0.538467472574695
0.015,1.9101400933955972,0.5416571868682245
0.015,1.912074716477652,0.5448743158743898
0.015,1.9140093395597066,0.5481191424350391
0.015,1.9159439626417614,0.5513919517563328
0.015,1.9178785857238159,0.5546930313788491
0.015,1.9198132088058706,0.558022671144392
0.015,1.9217478318879253,0.5613811631593116
0.015,1.92368245496998,0.5647688017541839
0.015,1.9256170780520347,0.5681858834396314
0.015,1.9275517011340895,0.5716327068581104
0.015,1.9294863242161442,0.5751095727314397
0.015,1.931420947298199,0.578616783803869
0.015,1.9333555703802536,0.5821546447804581
0.015,1.9352901934623084,0.5857234622605245
0.015,1.9372248165443628,0.5893235446659334
0.015,1.9391594396264176,0.5929552021639557
0.015,1.9410940627084723,0.596618746584443
0.015,1.943028685790527,0.6003144913310371
0.015,1.9449633088725817,0.6040427512861283
0.015,1.9468979319546365,0.6078038427092658
0.015,1.9488325550366912,0.6115980831287023
0.015,1.950767178118746,0.615425791225758
0.015,1.9527018012008006,0.6192872867116568
0.015,1.9546364242828553,0.6231828901964992
0.015,1.95657104736491,0.6271129230499919
0.015,1.9585056704469648,0.6310777072535715
0.015,1.9604402935290195,0.6350775652435181
0.015,1.9623749166110742,0.6391128197446637
0.015,1.964309539693129,0.6431837935942664
0.015,1.9662441627751837,0.6472908095556111
0.015,1.9681787858572382,0.6514341901208937
0.015,1.9701134089392929,0.6556142573029113
0.015,1.9720480320213476,0.6598313324150747
0.015,1.9739826551034023,0.6640857358392406
0.015,1.975917278185457,0.6683777867808485
0.015,1.9778519012675118,0.6727078030108227
0.015,1.9797865243495665,0.6770761005936796
0.015,1.9817211474316212,0.6814829936012822
0.015,1.983655770513676,0.6859287938116357
0.015,1.9855903935957306,0.6904138103921393
0.015,1.9875250166777851,0.6949383495666356
0.015,1.9894596397598399,0.6995027142656558
0.015,1.9913942628418946,0.7041072037591648
0.015,1.9933288859239493,0.7087521132711434
0.015,1.995263509006004,0.7134377335753197
0.015,1.9971981320880587,0.7181643505713095
0.015,1.9991327551701135,0.7229322448404746
0.015,2.001067378252168,0.7277416911807129
0.015,2.003002001334223,0.7325929581194552
0.015,2.0049366244162776,0.7374863074040647
0.015,2.0068712474983323,0.7424219934688675
0.015,2.008805870580387,0.7474002628780062
0.015,2.010740493662442,0.7524213537432988
0.015,2.0126751167444965,0.7574854951162875
0.015,2.0146097398265512,0.762592906353635
0.015,2.016544362908606,0.7677437964550414
0.015,2.0184789859906607,0.7729383633728265
0.015,2.0204136090727154,0.7781767932923406
0.015,2.02234823215477,0.7834592598823532
0.015,2.024282855236825,0.7887859235145774
0.015,2.0262174783188796,0.7941569304514999
0.015,2.0281521014009343,0.7995724120016788
0.015,2.030086724482989,0.8050324836417114
0.015,2.0320213475650437,0.8105372441040571
0.015,2.033955970647098,0.8160867744299649
0.015,2.0358905937291527,0.8216811369867393
0.015,2.0378252168112074,0.8273203744486394
0.015,2.039759839893262,0.833004508740745
0.015,2.041694462975317,0.8387335399451382
0.015,2.0436290860573716,0.8445074451688457
0.015,2.0455637091394263,0.8503261773730008
0.015,2.047498332221481,0.8561896641627909
0.015,2.0494329553035358,0.8620978065377942
0.015,2.0513675783855905,0.8680504776024273
0.015,2.053302201467645,0.8740475212363044
0.015,2.0552368245497,0.8800887507243937
0.015,2.0571714476317546,0.8861739473470233
0.015,2.0591060707138094,0.8923028589298557
0.015,2.061040693795864,0.8984751983541369
0.015,2.062975316877919,0.9046906420276458
0.015,2.0649099399599735,0.9109488283169654
0.015,2.0668445630420282,0.9172493559418426
0.015,2.068779186124083,0.9235917823326302
0.015,2.0707138092061372,0.9299756219520019
0.015,2.072648432288192,0.9364003445823488
0.015,2.0745830553702467,0.942865373580526
0.015,2.0765176784523014,0.9493700841018682
0.015,2.078452301534356,0.9559138012956813
0.015,2.080386924616411,0.9624957984746983
0.015,2.0823215476984656,0.9691152952613142
0.015,2.0842561707805203,0.9757714557137469
0.015,2.086190793862575,0.9824633864356154
0.015,2.0881254169446297,0.9891901346728207
0.015,2.0900600400266844,0.995950686401953
0.015,2.091994663108739,1.0027439644149359
0.015,2.093929286190794,1.0095688264049507
0.015,2.0958639092728486,1.0164240630592078
0.015,2.0977985323549033,1.023308396164542
0.015,2.099733155436958,1.030220476732281
0.015,2.1016677785190128,1.037158883149368
0.015,2.1036024016010675,1.0441221193631458
0.015,2.105537024683122,1.0511086131077891
0.015,2.107471647765177,1.0581167141808208
0.015,2.1094062708472316,1.0651446927787251
0.015,2.1113408939292864,1.0721907379011333
0.015,2.113275517011341,1.0792529558336232
0.015,2.115210140093396,1.086329368719653
0.015,2.1171447631754505,1.0934179132326447
0.015,2.1190793862575052,1.100516439359764
0.015,2.12101400933956,1.1076227093093256
0.015,2.1229486324216147,1.114734396554271
0.015,2.1248832555036694,1.1218490850245124
0.015,2.126817878585724,1.1289642684613275
0.015,2.128752501667779,1.1360773499472914
0.015,2.1306871247498336,1.1431856416255117
0.015,2.1326217478318883,1.1502863646221402
0.015,2.1345563709139426,1.1573766491862194
0.015,2.1364909939959973,1.164453535061072
0.015,2.138425617078052,1.1715139721013068
0.015,2.1403602401601067,1.178554821149489
0.015,2.1422948632421615,1.1855728551862361
0.015,2.144229486324216,1.1925647607671885
0.015,2.146164109406271,1.1995271397598757
0.015,2.1480987324883256,1.2064565113928707
0.015,2.1500333555703803,1.2133493146290004
0.015,2.151967978652435,1.2202019108734312
0.015,2.1539026017344898,1.2270105870265724
0.015,2.1558372248165445,1.2337715588904976
0.015,2.157771847898599,1.2404809749364014
0.015,2.159706470980654,1.2471349204390711
0.015,2.1616410940627087,1.253729421982836
0.015,2.1635757171447634,1.260260452341676
0.015,2.165510340226818,1.2667239357342839
0.015,2.167444963308873,1.2731157534528483
0.015,2.1693795863909275,1.2794317498621448
0.015,2.171314209472982,1.285667738763225
0.015,2.1732488325550365,1.291819510113592
0.015,2.1751834556370913,1.297882837093212
0.015,2.177118078719146,1.3038534835031514
0.015,2.1790527018012007,1.3097272114809262
0.015,2.1809873248832554,1.315499789513986
0.015,2.18292194796531,1.3211670007299785
0.015,2.184856571047365,1.3267246514397755
0.015,2.1867911941294196,1.3321685799065033
0.015,2.1887258172114743,1.3374946653112127
0.015,2.190660440293529,1.3426988368832806
0.015,2.1925950633755837,1.3477770831612146
0.015,2.1945296864576385,1.3527254613472757
0.015,2.196464309539693,1.3575401067172161
0.015,2.198398932621748,1.3622172420446175
0.015,2.2003335557038026,1.3667531869976275
0.015,2.2022681787858573,1.3711443674645813
0.015,2.204202801867912,1.375387324763936
0.015,2.206137424949967,1.3794787246931863
0.015,2.2080720480320215,1.3834153663710713
0.015,2.2100066711140762,1.387194190827343
0.015,2.211941294196131,1.39081228929473
0.015,2.2138759172781857,1.3942669111584205
0.015,2.2158105403602404,1.3975554715195686
0.015,2.217745163442295,1.4006755583307895
0.015,2.21967978652435,1.4036249390635231
0.015,2.2216144096064045,1.4064015668694176
0.015,2.2235490326884593,1.4090035862004828
0.015,2.225483655770514,1.4114293378557607
0.015,2.2274182788525687,1.413677363425492
0.015,2.2293529019346234,1.415746409107357
0.015,2.231287525016678,1.4176354288731312
0.015,2.233222148098733,1.4193435869681388
0.015,2.235156771180787,1.4208702597300582
0.015,2.237091394262842,1.4222150367179538
0.015,2.2390260173448966,1.423377721146779
0.015,2.2409606404269513,1.4243583296270597
0.015,2.242895263509006,1.4251570912138471
0.015,2.2448298865910608,1.425774445773416
0.015,2.2467645096731155,1.4262110416804186
0.015,2.24869913275517,1.4264677328623476
0.015,2.250633755837225,1.42654557521204
0.015,2.2525683789192796,1.4264458223926952
0.015,2.2545030020013344,1.4261699210632932
0.015,2.256437625083389,1.4257195055554595
0.015,2.258372248165444,1.4250963920356388
0.015,2.2603068712474985,1.4243025721889635
0.015,2.2622414943295532,1.423340206463291
0.015,2.264176117411608,1.4222116169137224
0.015,2.2661107404936627,1.420919279689243
0.015,2.2680453635757174,1.4194658172041998
0.015,2.269979986657772,1.4178539900379656
0.015,2.2719146097398264,1.4160866886064107
0.015,2.273849232821881,1.414166924648758
0.015,2.275783855903936,1.412097822572988
0.015,2.2777184789859906,1.4098826107022038
0.015,2.2796531020680453,1.4075246124634118
0.015,2.2815877251501,1.4050272375587851
0.015,2.2835223482321547,1.402393973158032
0.015,2.2854569713142094,1.399628375148631
0.015,2.287391594396264,1.3967340594788429
0.015,2.289326217478319,1.3937146936261784
0.015,2.2912608405603736,1.3905739882218568
0.015,2.2931954636424283,1.387315688859361
0.015,2.295130086724483,1.3839435681128038
0.015,2.2970647098065378,1.3804614177883343
0.015,2.2989993328885925,1.3768730414292856
0.015,2.300933955970647,1.3731822470933093
0.015,2.302868579052702,1.36939284041721
0.015,2.3048032021347566,1.3655086179828289
0.015,2.3067378252168114,1.3615333609948561
0.015,2.308672448298866,1.3574708292792792
0.015,2.310607071380921,1.3533247556088484
0.015,2.3125416944629755,1.3490988403599578
0.015,2.3144763175450302,1.3447967465032775
0.015,2.316410940627085,1.3404220949286656
0.015,2.3183455637091397,1.335978460103119
0.015,2.3202801867911944,1.331469366058977
0.015,2.322214809873249,1.3268982827080749
0.015,2.324149432955304,1.3222686224762645
0.015,2.3260840560373586,1.3175837372514971
0.015,2.3280186791194133,1.3128469156376323
0.015,2.329953302201468,1.3080613805051877
0.015,2.3318879252835227,1.3032302868294887
0.015,2.333822548365577,1.2983567198059247
0.015,2.3357571714476317,1.2934436932315307
0.015,2.3376917945296865,1.2884941481416543
0.015,2.339626417611741,1.2835109516900298
0.015,2.341561040693796,1.2784968962604986
0.015,2.3434956637758506,1.2734546987982653
0.015,2.3454302868579053,1.2683870003486601
0.015,2.34736490993996,1.263296365791261
0.015,2.3492995330220148,1.258185283757391
0.015,2.3512341561040695,1.25305616671903
0.015,2.353168779186124,1.2479113512374729
0.015,2.355103402268179,1.2427530983601958
0.015,2.3570380253502337,1.2375835941547522
0.015,2.3589726484322884,1.232404950368756
0.015,2.360907271514343,1.2272192052054156
0.015,2.362841894596398,1.2220283242043748
0.015,2.3647765176784525,1.2168342012180848
0.015,2.3667111407605073,1.2116386594742619
0.015,2.368645763842562,1.2064434527154415
0.015,2.3705803869246167,1.2012502664070377
0.015,2.372515010006671,1.1960607190057666
0.015,2.3744496330887257,1.1908763632806898
0.015,2.3763842561707804,1.1856986876796
0.015,2.378318879252835,1.1805291177338484
0.015,2.38025350233489,1.1753690174951532
0.015,2.3821881254169446,1.1702196909983655
0.015,2.3841227484989993,1.165082383744494
0.015,2.386057371581054,1.1599582841987788
0.015,2.3879919946631087,1.1548485252988692
0.015,2.3899266177451635,1.1497541859686418
0.015,2.391861240827218,1.1446762926334233
0.015,2.393795863909273,1.1396158207328617
0.015,2.3957304869913276,1.134573696227849
0.015,2.3976651100733823,1.1295507970983545
0.015,2.399599733155437,1.1245479548292208
0.015,2.401534356237492,1.1195659558813047
0.015,2.4034689793195465,1.1146055431455808
0.015,2.4054036024016012,1.1096674173780914
0.015,2.407338225483656,1.1047522386138433
0.015,2.4092728485657107,1.0998606275579874
0.015,2.4112074716477654,1.09499316695283
0.015,2.41314209472982,1.0901504029193654
0.015,2.415076717811875,1.0853328462722889
0.015,2.4170113408939295,1.080540973807517
0.015,2.4189459639759843,1.075775229561484
0.015,2.420880587058039,1.0710360260415628
0.015,2.4228152101400937,1.0663237454271373
0.015,2.4247498332221484,1.0616387407409322
0.015,2.426684456304203,1.0569813369903676
0.015,2.428619079386258,1.052351832278767
0.015,2.4305537024683126,1.0477504988863664
0.015,2.4324883255503673,1.0431775843211295
0.015,2.4344229486324216,1.0386333123395173
0.015,2.4363575717144763,1.0341178839373095
0.015,2.438292194796531,1.0296314783108111
0.015,2.4402268178785858,1.0251742537886315
0.015,2.4421614409606405,1.0207463487344715
0.015,2.444096064042695,1.0163478824212366
0.015,2.44603068712475,1.0119789558769436
0.015,2.4479653102068046,1.0076396527028786
0.015,2.4498999332888594,1.003330039864468
0.015,2.451834556370914,0.9990501684554255
0.015,2.453769179452969,0.9948000744356621
0.015,2.4557038025350235,0.9905797793435789
0.015,2.4576384256170782,0.9863892909832418
0.015,2.459573048699133,0.9822286040870928
0.015,2.4615076717811877,0.9780977009547319
0.015,2.4634422948632424,0.9739965520684098
0.015,2.465376917945297,0.969925116685814
0.015,2.467311541027352,0.9658833434107648
0.015,2.4692461641094066,0.9618711707424101
0.015,2.4711807871914613,0.957888527603547
0.015,2.4731154102735156,0.9539353338486519
0.015,2.4750500333555703,0.9500115007522284
0.015,2.476984656437625,0.9461169314780502
0.015,2.4789192795196797,0.9422515215299059
0.015,2.4808539026017344,0.9384151591843879
0.015,2.482788525683789,0.9346077259063357
0.015,2.484723148765844,0.9308290967474593
0.015,2.4866577718478986,0.9270791407286979
0.015,2.4885923949299533,0.9233577212068731
0.015,2.490527018012008,0.9196646962261275
0.015,2.4924616410940628,0.9159999188547111
0.015,2.4943962641761175,0.9123632375075682
0.015,2.496330887258172,0.9087544962552693
0.015,2.498265510340227,0.9051735351197205
0.015,2.5002001334222816,0.9016201903571679
0.015,2.5021347565043364,0.8980942947289045
0.015,2.504069379586391,0.8945956777601659
0.015,2.506004002668446,0.8911241659876175
0.015,2.5079386257505005,0.8876795831958716
0.015,2.5098732488325552,0.8842617506434302
0.015,2.51180787191461,0.88087048727846
0.015,2.5137424949966647,0.8775056099447712
0.015,2.5156771180787194,0.8741669335783779
0.015,2.517611741160774,0.8708542713950176
0.015,2.519546364242829,0.8675674350689336
0.015,2.5214809873248836,0.864306234903317
0.015,2.5234156104069383,0.8610704799926846
0.015,2.525350233488993,0.8578599783775379
0.015,2.5272848565710477,0.8546745371916019
0.015,2.5292194796531025,0.8515139628019326
0.015,2.531154102735157,0.848378060942185
0.015,2.533088725817212,0.8452666368393141
0.015,2.5350233488992666,0.8421794953339765
0.015,2.5369579719813213,0.8391164409948871
0.015,2.538892595063376,0.8360772782273748
0.015,2.5408272181454303,0.8330618113763861
0.015,2.542761841227485,0.8300698448241463
0.015,2.5446964643095398,0.8271011830827316
0.015,2.5466310873915945,0.8241556308817254
0.015,2.548565710473649,0.8212329932512005
0.015,2.550500333555704,0.8183330756001977
0.015,2.5524349566377587,0.8154556837909074
0.015,2.5543695797198134,0.8126006242087344
0.015,2.556304202801868,0.8097677038284111
0.015,2.558238825883923,0.8069567302763491
0.015,2.5601734489659775,0.804167511889362
0.015,2.5621080720480323,0.8013998577699575
0.015,2.564042695130087,0.7986535778383016
0.015,2.5659773182121413,0.7959284828810429
0.015,2.567911941294196,0.7932243845971007
0.015,2.5698465643762507,0.7905410956405798
0.015,2.5717811874583054,0.7878784296609198
0.015,2.57371581054036,0.7852362013404104
0.015,2.575650433622415,0.782614226429187
0.015,2.5775850567044696,0.7800123217778312
0.015,2.5795196797865243,0.7774303053676639
0.015,2.581454302868579,0.774867996338862
0.015,2.5833889259506337,0.7723252150164751
0.015,2.5853235490326885,0.7698017829344568
0.015,2.587258172114743,0.7672975228577852
0.015,2.589192795196798,0.7648122588027825
0.015,2.5911274182788526,0.7623458160557011
0.015,2.5930620413609073,0.7598980211896605
0.015,2.594996664442962,0.7574687020800264
0.015,2.596931287525017,0.7550576879182812
0.015,2.5988659106070715,0.7526648092244943
0.015,2.6008005336891262,0.750289897858417
0.015,2.602735156771181,0.7479327870293112
0.015,2.6046697798532357,0.7455933113045352
0.015,2.6066044029352904,0.7432713066169866
0.015,2.608539026017345,0.7409666102714202
0.015,2.6104736490994,0.7386790609497329
0.015,2.6124082721814545,0.7364084987152395
0.015,2.6143428952635093,0.7341547650160094
0.015,2.616277518345564,0.7319177026873036
0.015,2.6182121414276187,0.7296971559531631
0.015,2.6201467645096734,0.7274929704271873
0.015,2.622081387591728,0.7253049931125526
0.015,2.624016010673783,0.723133072401305
0.015,2.6259506337558376,0.7209770580729751
0.015,2.6278852568378923,0.7188368012925374
0.015,2.629819879919947,0.7167121546077666
0.015,2.6317545030020018,0.7146029719460145
0.015,2.6336891260840565,0.712509108610442
0.015,2.635623749166111,0.7104304212757419
0.015,2.637558372248166,0.7083667679833718
0.015,2.6394929953302206,0.706318008136341
0.015,2.641427618412275,0.7042840024935636
0.015,2.6433622414943296,0.7022646131638126
0.015,2.6452968645763844,0.7002597035992972
0.015,2.647231487658439,0.6982691385888904
0.015,2.649166110740494,0.6962927842510169
0.015,2.6511007338225485,0.6943305080262461
0.015,2.6530353569046032,0.6923821786695834
0.015,2.654969979986658,0.6904476662425039
0.015,2.6569046030687127,0.6885268421047291
0.015,2.6588392261507674,0.6866195789057763
0.015,2.660773849232822,0.6847257505762898
0.015,2.662708472314877,0.6828452323191788
0.015,2.6646430953969316,0.6809779006005654
0.015,2.666577718478986,0.6791236331405686
0.015,2.6685123415610406,0.6772823089039358
0.015,2.6704469646430953,0.6754538080905294
0.015,2.67238158772515,0.6736380121256884
0.015,2.6743162108072047,0.6718348036504714
0.015,2.6762508338892594,0.6700440665117983
0.015,2.678185456971314,0.6682656857524959
0.015,2.680120080053369,0.6664995476012642
0.015,2.6820547031354236,0.6647455394625643
0.015,2.6839893262174783,0.6630035499064498
0.015,2.685923949299533,0.6612734686583341
0.015,2.6878585723815878,0.6595551865887234
0.015,2.6897931954636425,0.6578485957029012
0.015,2.691727818545697,0.6561535891305895
0.015,2.693662441627752,0.6544700611155806
0.015,2.6955970647098066,0.6527979070053609
0.015,2.6975316877918614,0.6511370232407168
0.015,2.699466310873916,0.6494873073453419
0.015,2.701400933955971,0.6478486579154468
0.015,2.7033355570380255,0.6462209746093713
0.015,2.7052701801200802,0.6446041581372197
0.015,2.707204803202135,0.6429981102505022
0.015,2.7091394262841897,0.6414027337318101
0.015,2.7110740493662444,0.6398179323845075
0.015,2.713008672448299,0.6382436110224653
0.015,2.714943295530354,0.6366796754598213
0.015,2.7168779186124086,0.6351260325007841
0.015,2.7188125416944633,0.6335825899294764
0.015,2.720747164776518,0.6320492564998255
0.015,2.7226817878585727,0.6305259419255026
0.015,2.7246164109406275,0.6290125568699142
0.015,2.726551034022682,0.6275090129362424
0.015,2.728485657104737,0.6260152226575486
0.015,2.7304202801867916,0.6245310994869324
0.015,2.7323549032688463,0.6230565577877524
0.015,2.734289526350901,0.6215915128239083
0.015,2.7362241494329558,0.6201358807501924
0.015,2.7381587725150105,0.6186895786027017
0.015,2.740093395597065,0.6172525242893226
0.015,2.7420280186791195,0.6158246365802869
0.015,2.743962641761174,0.6144058350987899
0.015,2.745897264843229,0.6129960403116947
0.015,2.7478318879252837,0.6115951735202955
0.015,2.7497665110073384,0.6102031568511673
0.015,2.751701134089393,0.6088199132470834
0.015,2.753635757171448,0.6074453664580134
0.015,2.7555703802535025,0.6060794410321939
0.015,2.7575050033355573,0.6047220623072843
0.015,2.759439626417612,0.6033731564015921
0.015,2.7613742494996667,0.6020326502053833
0.015,2.7633088725817214,0.6007004713722707
0.015,2.765243495663776,0.5993765483106783
0.015,2.7671781187458304,0.5980608101753925
0.015,2.769112741827885,0.5967531868591857
0.015,2.77104736490994,0.5954536089845273
0.015,2.7729819879919946,0.5941620078953703
0.015,2.7749166110740493,0.5928783156490203
0.015,2.776851234156104,0.5916024650080853
0.015,2.7787858572381587,0.5903343894325077
0.015,2.7807204803202135,0.5890740230716713
0.015,2.782655103402268,0.5878213007565967
0.015,2.784589726484323,0.586576157992209
0.015,2.7865243495663776,0.585338530949693
0.015,2.7884589726484323,0.5841083564589228
0.015,2.790393595730487,0.5828855720009736
0.015,2.792328218812542,0.5816701157007108
0.015,2.7942628418945965,0.5804619263194641
0.015,2.7961974649766512,0.5792609432477708
0.015,2.798132088058706,0.5780671064982073
0.015,2.8000667111407607,0.5768803566982893
0.015,2.8020013342228154,0.5757006350834597
0.015,2.80393595730487,0.5745278834901432
0.015,2.805870580386925,0.5733620443488867
0.015,2.8078052034689795,0.57220306067757
0.015,2.8097398265510343,0.5710508760746923
0.015,2.811674449633089,0.569905434712741
0.015,2.8136090727151437,0.5687666813316248
0.015,2.8155436957971984,0.5676345612321899
0.015,2.817478318879253,0.5665090202698031
0.015,2.819412941961308,0.5653900048480148
0.015,2.8213475650433626,0.5642774619122868
0.015,2.8232821881254173,0.5631713389437998
0.015,2.825216811207472,0.5620715839533257
0.015,2.8271514342895268,0.5609781454751755
0.015,2.8290860573715815,0.5598909725612135
0.015,2.831020680453636,0.5588100147749452
0.015,2.832955303535691,0.5577352221856706
0.015,2.8348899266177456,0.5566665453627063
0.015,2.8368245496998004,0.5556039353696779
0.015,2.838759172781855,0.5545473437588767
0.015,2.84069379586391,0.5534967225656835
0.015,2.842628418945964,0.5524520243030607
0.015,2.844563042028019,0.5514132019561029
0.015,2.8464976651100735,0.5503802089766611
0.015,2.8484322881921282,0.5493529992780244
0.015,2.850366911274183,0.5483315272296664
0.015,2.8523015343562377,0.5473157476520553
0.015,2.8542361574382924,0.5463056158115237
0.015,2.856170780520347,0.5453010874152032
0.015,2.858105403602402,0.5443021186060162
0.015,2.8600400266844566,0.543308665957731
0.015,2.8619746497665113,0.5423206864700706
0.015,2.863909272848566,0.5413381375638896
0.015,2.8658438959306207,0.5403609770763989
0.015,2.867778519012675,0.5393891632564564
0.015,2.8697131420947297,0.5384226547599074
0.015,2.8716477651767844,0.5374614106449879
0.015,2.873582388258839,0.5365053903677778
0.015,2.875517011340894,0.535554553777714
0.015,2.8774516344229486,0.5346088611131528
0.015,2.8793862575050033,0.533668272996991
0.015,2.881320880587058,0.5327327504323361
0.015,2.8832555036691128,0.5318022547982303
0.015,2.8851901267511675,0.5308767478454294
0.015,2.887124749833222,0.5299561916922276
0.015,2.889059372915277,0.529040548820337
0.015,2.8909939959973316,0.5281297820708148
0.015,2.8929286190793864,0.5272238546400443
0.015,2.894863242161441,0.5263227300757569
0.015,2.896797865243496,0.5254263722731122
0.015,2.8987324883255505,0.5245347454708166
0.015,2.9006671114076052,0.5236478142472971
0.015,2.90260173448966,0.5227655435169152
0.015,2.9045363575717147,0.5218878985262325
0.015,2.9064709806537694,0.5210148448503158
0.015,2.908405603735824,0.5201463483890933
0.015,2.910340226817879,0.5192823753637518
0.015,2.9122748498999336,0.5184228923131766
0.015,2.9142094729819883,0.5175678660904391
0.015,2.916144096064043,0.5167172638593227
0.015,2.9180787191460977,0.5158710530908939
0.015,2.9200133422281525,0.5150292015601136
0.015,2.921947965310207,0.5141916773424912
0.015,2.923882588392262,0.5133584488107763
0.015,2.9258172114743166,0.5125294846316966
0.015,2.9277518345563713,0.5117047537627277
0.015,2.929686457638426,0.5108842254489099
0.015,2.9316210807204808,0.5100678692196965
0.015,2.9335557038025355,0.5092556548858467
0.015,2.93549032688459,0.5084475525363521
0.015,2.937424949966645,0.5076435325354034
0.015,2.9393595730486997,0.5068435655193907
0.015,2.9412941961307544,0.5060476223939432
0.015,2.9432288192128087,0.5052556743310032
0.015,2.9451634422948634,0.5044676927659367
0.015,2.947098065376918,0.5036836493946768
0.015,2.949032688458973,0.502903516170906
0.015,2.9509673115410275,0.502127265303266
0.015,2.9529019346230823,0.5013548692526089
0.015,2.954836557705137,0.5005863007292759
0.015,2.9567711807871917,0.4998215326904107
0.015,2.9587058038692464,0.49906053833730707
0.015,2.960640426951301,0.49830329111278443
0.015,2.962575050033356,0.4975497646986008
0.015,2.9645096731154106,0.49679993301289016
0.015,2.9664442961974653,0.49605377020763786
0.015,2.9683789192795196,0.4953112506661793
0.015,2.9703135423615743,0.4945723490007344
0.015,2.972248165443629,0.4938370400499688
0.015,2.9741827885256837,0.49310529887658583
0.015,2.9761174116077385,0.49237710076494495
0.015,2.978052034689793,0.49165242121871156
0.015,2.979986657771848,0.49093123595853405
0.015,2.9819212808539026,0.4902135209197477
0.015,2.9838559039359573,0.48949925225010715
0.015,2.985790527018012,0.48878840630754605
0.015,2.987725150100067,0.4880809596579613
0.015,2.9896597731821215,0.487376889073028
0.015,2.9915943962641762,0.4866761715280359
0.015,2.993529019346231,0.4859787841997549
0.015,2.9954636424282857,0.48528470446432337
0.015,2.9973982655103404,0.4845939098951639
0.015,2.999332888592395,0.4839063782609233
0.015,3.00126751167445,0.483222087523435
0.015,3.0032021347565045,0.48254101583570846
0.015,3.0051367578385593,0.48186314153994025
0.015,3.007071380920614,0.4811884431655501
0.015,3.0090060040026687,0.48051689942723946
0.015,3.0109406270847234,0.47984848922307316
0.015,3.012875250166778,0.4791831916325829
0.015,3.014809873248833,0.47852098591489506
0.015,3.0167444963308876,0.4778618515068786
0.015,3.0186791194129423,0.4772057680213157
0.015,3.020613742494997,0.4765527152450937
0.015,3.0225483655770518,0.47590267313741785
0.015,3.0244829886591065,0.47525562182804587
0.015,3.026417611741161,0.47461154161554303
0.015,3.028352234823216,0.4739704129655562
0.015,3.0302868579052706,0.4733322165091103
0.015,3.0322214809873254,0.47269693304092336
0.015,3.03415610406938,0.4720645435177406
0.015,3.036090727151435,0.47143502905669027
0.015,3.0380253502334895,0.4708083709336554
0.015,3.0399599733155442,0.4701845505816673
0.015,3.041894596397599,0.4695635495893158
0.015,3.0438292194796532,0.46894534969918017
0.015,3.045763842561708,0.46832993280627444
0.015,3.0476984656437627,0.46771728095651527
0.015,3.0496330887258174,0.4671073763452032
0.015,3.051567711807872,0.4665002013155257
0.015,3.053502334889927,0.46589573835707315
0.015,3.0554369579719816,0.4652939701043758
0.015,3.0573715810540363,0.4646948793354542
0.015,3.059306204136091,0.46409844897038943
0.015,3.0612408272181457,0.4635046620699067
0.015,3.0631754503002004,0.4629135018339781
0.015,3.065110073382255,0.46232495160043907
0.015,3.06704469646431,0.46173899484362074
0.015,3.068979319546364,0.4611556151730009
0.015,3.070913942628419,0.46057479633186565
0.015,3.0728485657104736,0.4599965221959907
0.015,3.0747831887925283,0.45942077677233495
0.015,3.076717811874583,0.4588475441977495
0.015,3.0786524349566378,0.45827680873770155
0.015,3.0805870580386925,0.45770855478501377
0.015,3.082521681120747,0.45714276685861566
0.015,3.084456304202802,0.45657942960231046
0.015,3.0863909272848566,0.45601852778355645
0.015,3.0883255503669114,0.455460046292261
0.015,3.090260173448966,0.4549039701395888
0.015,3.092194796531021,0.45435028445678277
0.015,3.0941294196130755,0.4537989744939986
0.015,3.0960640426951302,0.45325002561915334
0.015,3.097998665777185,0.4527034233167855
0.015,3.0999332888592397,0.4521591531869286
0.015,3.1018679119412944,0.45161720094399643
0.015,3.103802535023349,0.4510775524156823
0.015,3.105737158105404,0.45054019354186997
0.015,3.1076717811874586,0.45000511037355556
0.015,3.1096064042695133,0.4494722890717831
0.015,3.111541027351568,0.4489417159065902
0.015,3.1134756504336227,0.44841337725596797
0.015,3.1154102735156775,0.44788725960482917
0.015,3.117344896597732,0.4473633495439914
0.015,3.119279519679787,0.44684163376916686
0.015,3.1212141427618416,0.4463220990799688
0.015,3.1231487658438963,0.44580473237892493
0.015,3.125083388925951,0.4452895206705024
0.015,3.1270180120080058,0.4447764510601447
0.015,3.1289526350900605,0.4442655107533182
0.015,3.130887258172115,0.44375668705456894
0.015,3.13282188125417,0.44324996736659134
0.015,3.1347565043362247,0.44274533918930425
0.015,3.1366911274182794,0.4422427901189401
0.015,3.138625750500334,0.4417423078471417
0.015,3.140560373582389,0.44124388016007043
0.015,3.1424949966644435,0.44074749493752335
0.015,3.144429619746498,0.44025314015206
0.015,3.1463642428285525,0.43976080386813826
0.015,3.1482988659106073,0.4392704742412604
0.015,3.150233488992662,0.43878213951712886
0.015,3.1521681120747167,0.43829578803080843
0.015,3.1541027351567714,0.43781140820590103
0.015,3.156037358238826,0.43732898855372626
0.015,3.157971981320881,0.43684851767251337
0.015,3.1599066044029356,0.4363699842466
0.015,3.1618412274849903,0.4358933770456408
0.015,3.163775850567045,0.4354186849238226
0.015,3.1657104736490997,0.43494589681909124
0.015,3.167645096731154,0.4344750017523834
0.015,3.1695797198132087,0.4340059888268685
0.015,3.1715143428952635,0.433538847227198
0.015,3.173448965977318,0.4330735662187627
0.015,3.175383589059373,0.4326101351469588
0.015,3.1773182121414276,0.43214854343645986
0.015,3.1792528352234823,0.4316887805904989
0.015,3.181187458305537,0.4312308361901557
0.015,3.183122081387592,0.4307746998936535
0.015,3.1850567044696465,0.43032036143566244
0.015,3.1869913275517012,0.42986781062660956
0.015,3.188925950633756,0.42941703735199777
0.015,3.1908605737158107,0.42896803157173014
0.015,3.1927951967978654,0.428520783319443
0.015,3.19472981987992,0.42807528270184414
0.015,3.196664442961975,0.42763151989806025
0.015,3.1985990660440295,0.42718948515898897
0.015,3.2005336891260843,0.42674916880665836
0.015,3.202468312208139,0.426310561233595
0.015,3.2044029352901937,0.425873652902195
0.015,3.2063375583722484,0.42543843434410505
0.015,3.208272181454303,0.42500489615960696
0.015,3.210206804536358,0.42457302901701194
0.015,3.2121414276184126,0.4241428236520575
0.015,3.2140760507004673,0.42371427086731317
0.015,3.216010673782522,0.42328736153159136
0.015,3.2179452968645768,0.4228620865793638
0.015,3.2198799199466315,0.4224384370101864
0.015,3.221814543028686,0.42201640388812595
0.015,3.223749166110741,0.421595978341197
0.015,3.2256837891927956,0.4211771515608007
0.015,3.2276184122748504,0.4207599148011729
0.015,3.229553035356905,0.4203442593788353
0.015,3.23148765843896,0.41993017667205323
0.015,3.2334222815210145,0.4195176581202989
0.015,3.2353569046030692,0.41910669522372
0.015,3.237291527685124,0.4186972795426135
0.015,3.2392261507671787,0.4182894026969063
0.015,3.2411607738492334,0.41788305636563766
0.015,3.2430953969312877,0.41747823228645137
0.015,3.2450300200133424,0.417074922255089
0.015,3.246964643095397,0.41667311812489205
0.015,3.248899266177452,0.41627281180630454
0.015,3.2508338892595066,0.41587399526638585
0.015,3.2527685123415613,0.415476660528324
0.015,3.254703135423616,0.41508079967095596
0.015,3.2566377585056707,0.41468640482829366
0.015,3.2585723815877254,0.4142934681890516
0.015,3.26050700466978,0.41390198199618283
0.015,3.262441627751835,0.4135119385464167
0.015,3.2643762508338896,0.41312333018980296
0.015,3.2663108739159443,0.41273614932925956
0.015,3.2682454969979986,0.4123503884201258
0.015,3.2701801200800533,0.4119660399697179
0.015,3.272114743162108,0.4115830965368921
0.015,3.2740493662441628,0.4112015507316096
0.015,3.2759839893262175,0.41082139521450634
0.015,3.277918612408272,0.4104426226964674
0.015,3.279853235490327,0.41006522593820616
0.015,3.2817878585723816,0.40968919774984613
0.015,3.2837224816544364,0.4093145309905079
0.015,3.285657104736491,0.40894121856790033
0.015,3.287591727818546,0.4085692534379148
0.015,3.2895263509006005,0.4081986286042242
0.015,3.2914609739826552,0.40782933711788594
0.015,3.29339559706471,0.40746137207694827
0.015,3.2953302201467647,0.40709472662606067
0.015,3.2972648432288194,0.4067293939560881
0.015,3.299199466310874,0.4063653673037292
0.015,3.301134089392929,0.40600263995113756
0.015,3.3030687124749836,0.4056412052255476
0.015,3.3050033355570383,0.4052810564989034
0.015,3.306937958639093,0.4049221871874909
0.015,3.3088725817211477,0.4045645907515747
0.015,3.3108072048032025,0.4042082606950366
0.015,3.312741827885257,0.403853190565021
0.015,3.314676450967312,0.4034993739515782
0.015,3.3166110740493666,0.40314680448731716
0.015,3.3185456971314213,0.4027954758470575
0.015,3.320480320213476,0.40244538174748645
0.015,3.3224149432955308,0.4020965159468185
0.015,3.3243495663775855,0.4017488722444588
0.015,3.32628418945964,0.4014024444806699
0.015,3.328218812541695,0.4010572265362405
0.015,3.3301534356237497,0.40071321233215934
0.015,3.3320880587058044,0.4003703958292895
0.015,3.334022681787859,0.40002877102804857
0.015,3.335957304869914,0.39968833196808995
0.015,3.3378919279519685,0.3993490727279885
0.015,3.3398265510340233,0.39901098742492747
0.015,3.341761174116078,0.3986740702143903
0.015,3.3436957971981323,0.3983383152898536
0.015,3.345630420280187,0.39800371688248487
0.015,3.3475650433622417,0.3976702692608411
0.015,3.3494996664442964,0.3973379667305717
0.015,3.351434289526351,0.3970068036341232
0.015,3.353368912608406,0.3966767743504477
0.015,3.3553035356904606,0.3963478732947128
0.015,3.3572381587725153,0.3960200949180162
0.015,3.35917278185457,0.39569343370709986
0.015,3.3611074049366247,0.3953678841840703
0.015,3.3630420280186795,0.3950434409061196
0.015,3.364976651100734,0.39472009846524836
0.015,3.366911274182789,0.39439785148799317
0.015,3.368845897264843,0.3940766946351548
0.015,3.370780520346898,0.39375662260153055
0.015,3.3727151434289526,0.39343763011564725
0.015,3.3746497665110073,0.3931197119394986
0.015,3.376584389593062,0.3928028628682829
0.015,3.378519012675117,0.3924870777301459
0.015,3.3804536357571715,0.39217235138592244
0.015,3.3823882588392262,0.3918586787288843
0.015,3.384322881921281,0.3915460546844874
0.015,3.3862575050033357,0.39123447421012264
0.015,3.3881921280853904,0.3909239322948687
0.015,3.390126751167445,0.39061442395924806
0.015,3.3920613742495,0.39030594425498266
0.015,3.3939959973315545,0.3899984882647556
0.015,3.3959306204136093,0.38969205110197075
0.015,3.397865243495664,0.38938662791051826
0.015,3.3997998665777187,0.38908221386454056
0.015,3.4017344896597734,0.3887788041681994
0.015,3.403669112741828,0.3884763940554473
0.015,3.405603735823883,0.3881749787897994
0.015,3.4075383589059376,0.38787455366410817
0.015,3.4094729819879923,0.38757511400033945
0.015,3.411407605070047,0.38727665514935133
0.015,3.4133422281521018,0.3869791724906744
0.015,3.4152768512341565,0.3866826614322943
0.015,3.417211474316211,0.38638711741043563
0.015,3.419146097398266,0.3860925358893493
0.015,3.4210807204803206,0.38579891236109976
0.015,3.4230153435623754,0.3855062423453552
0.015,3.42494996664443,0.3852145213891801
0.015,3.426884589726485,0.3849237450668289
0.015,3.4288192128085395,0.3846339089795412
0.015,3.4307538358905942,0.3843450087553395
0.015,3.432688458972649,0.3840570400488287
0.015,3.4346230820547037,0.38376999854099675
0.015,3.4365577051367584,0.38348387993901817
0.015,3.438492328218813,0.38319867997605733
0.015,3.440426951300868,0.38291439441107633
0.015,3.4423615743829226,0.3826310190286415
0.015,3.444296197464977,0.3823485496387344
0.015,3.4462308205470316,0.38206698207656176
0.015,3.4481654436290863,0.3817863122023698
0.015,3.450100066711141,0.3815065359012578
0.015,3.4520346897931957,0.38122764908299533
0.015,3.4539693128752504,0.38094964768183937
0.015,3.455903935957305,0.3806725276563541
0.015,3.45783855903936,0.38039628498923167
0.015,3.4597731821214146,0.3801209156871155
0.015,3.4617078052034693,0.3798464157804232
0.015,3.463642428285524,0.37957278132317346
0.015,3.4655770513675788,0.37930000839281225
0.015,3.4675116744496335,0.3790280930900424
0.015,3.4694462975316878,0.3787570315386529
0.015,3.4713809206137425,0.3784868198853509
0.015,3.473315543695797,0.3782174542995951
0.015,3.475250166777852,0.37794893097342924
0.015,3.4771847898599066,0.37768124612131937
0.015,3.4791194129419614,0.37741439597999016
0.015,3.481054036024016,0.37714837680826424
0.015,3.482988659106071,0.37688318488690203
0.015,3.4849232821881255,0.376618816518443
0.015,3.4868579052701802,0.376355268027049
0.015,3.488792528352235,0.3760925357583483
0.015,3.4907271514342897,0.37583061607928103
0.015,3.4926617745163444,0.37556950537794587
0.015,3.494596397598399,0.37530920006344837
0.015,3.496531020680454,0.3750496965657506
0.015,3.4984656437625086,0.374790991335521
0.015,3.5004002668445633,0.3745330808439876
0.015,3.502334889926618,0.37427596158279014
0.015,3.5042695130086727,0.3740196300638351
0.015,3.5062041360907275,0.373764082819151
0.015,3.508138759172782,0.373509316400746
0.015,3.510073382254837,0.3732553273804652
0.015,3.5120080053368916,0.37300211234985015
0.015,3.5139426284189463,0.3727496679199999
0.015,3.515877251501001,0.3724979907214319
0.015,3.5178118745830558,0.3722470774039456
0.015,3.5197464976651105,0.371996924636485
0.015,3.521681120747165,0.3717475291070056
0.015,3.52361574382922,0.3714988875223393
0.015,3.5255503669112747,0.37125099660806216
0.015,3.5274849899933294,0.371003853108363
0.015,3.529419613075384,0.37075745378591246
0.015,3.5313542361574384,0.37051179542173424
0.015,3.533288859239493,0.3702668748150762
0.015,3.535223482321548,0.37002268878328337
0.015,3.5371581054036025,0.3697792341616721
0.015,3.5390927284856573,0.36953650780340414
0.015,3.541027351567712,0.3692945065793633
0.015,3.5429619746497667,0.36905322737803153
0.015,3.5448965977318214,0.368812667105368
0.015,3.546831220813876,0.3685728226846867
0.015,3.548765843895931,0.3683336910565371
0.015,3.5507004669779856,0.3680952691785852
0.015,3.5526350900600403,0.36785755402549497
0.015,3.554569713142095,0.3676205425888111
0.015,3.5565043362241497,0.3673842318768435
0.015,3.5584389593062045,0.3671486189145512
0.015,3.560373582388259,0.3669137007434285
0.015,3.562308205470314,0.36667947442139187
0.015,3.5642428285523686,0.3664459370226665
0.015,3.5661774516344233,0.36621308563767574
0.015,3.568112074716478,0.36598091737292987
0.015,3.570046697798533,0.3657494293509171
0.015,3.5719813208805875,0.3655186187099932
0.015,3.5739159439626422,0.3652884826042753
0.015,3.575850567044697,0.3650590182035336
0.015,3.5777851901267517,0.3648302226930855
0.015,3.5797198132088064,0.36460209327369014
0.015,3.5816544362908607,0.3643746271614441
0.015,3.5835890593729154,0.3641478215876771
0.015,3.58552368245497,0.36392167379884954
0.015,3.587458305537025,0.363696181056451
0.015,3.5893929286190795,0.36347134063689746
0.015,3.5913275517011343,0.3632471498314326
0.015,3.593262174783189,0.36302360594602684
0.015,3.5951967978652437,0.3628007063012795
0.015,3.5971314209472984,0.36257844823232
0.015,3.599066044029353,0.36235682908871086
0.015,3.601000667111408,0.3621358462343513
0.015,3.6029352901934626,0.36191549704738185
0.015,3.6048699132755173,0.3616957789200882
0.015,3.606804536357572,0.3614766892588085
0.015,3.6087391594396268,0.36125822548383846
0.015,3.6106737825216815,0.3610403850293399
0.015,3.612608405603736,0.3608231653432474
0.015,3.614543028685791,0.3606065638871788
0.015,3.6164776517678456,0.3603905781363425
0.015,3.6184122748499004,0.3601752055794492
0.015,3.620346897931955,0.3599604437186223
0.015,3.62228152101401,0.359746290069309
0.015,3.6242161440960645,0.3595327421601935
0.015,3.6261507671781192,0.35931979753310855
0.015,3.628085390260174,0.35910745374295056
0.015,3.6300200133422287,0.35889570835759277
0.015,3.631954636424283,0.358684558957801
0.015,3.6338892595063377,0.35847400313714806
0.015,3.6358238825883924,0.3582640385019317
0.015,3.637758505670447,0.35805466267109015
0.015,3.639693128752502,0.3578458732761202
0.015,3.6416277518345566,0.35763766796099516
0.015,3.6435623749166113,0.3574300443820845
0.015,3.645496997998666,0.3572230002080719
0.015,3.6474316210807207,0.35701653311987697
0.015,3.6493662441627754,0.35681064081057395
0.015,3.65130086724483,0.35660532098531544
0.015,3.653235490326885,0.35640057136125186
0.015,3.6551701134089396,0.35619638966745576
0.015,3.6571047364909943,0.35599277364484405
0.015,3.659039359573049,0.355789721046102
0.015,3.6609739826551038,0.3555872296356074
0.015,3.6629086057371585,0.35538529718935513
0.015,3.664843228819213,0.35518392149488337
0.015,3.666777851901268,0.35498310035119873
0.015,3.6687124749833226,0.3547828315687034
0.015,3.6706470980653774,0.35458311296912165
0.015,3.672581721147432,0.35438394238542853
0.015,3.674516344229487,0.35418531766177674
0.015,3.6764509673115415,0.35398723665342674
0.015,3.6783855903935962,0.3537896972266749
0.015,3.680320213475651,0.3535926972587841
0.015,3.6822548365577052,0.35339623463791386
0.015,3.68418945963976,0.3532003072630509
0.015,3.6861240827218147,0.3530049130439412
0.015,3.6880587058038694,0.35281004990102127
0.015,3.689993328885924,0.3526157157653514
0.015,3.691927951967979,0.3524219085785474
0.015,3.6938625750500336,0.35222862629271523
0.015,3.6957971981320883,0.3520358668703843
0.015,3.697731821214143,0.3518436282844421
0.015,3.6996664442961977,0.3516519085180689
0.015,3.7016010673782525,0.35146070556467374
0.015,3.703535690460307,0.35127001742782976
0.015,3.705470313542362,0.3510798421212107
0.015,3.7074049366244166,0.3508901776685276
0.015,3.7093395597064713,0.35070102210346693
0.015,3.711274182788526,0.35051237346962705
0.015,3.7132088058705808,0.35032422982045774
0.015,3.7151434289526355,0.350136589219198
0.015,3.71707805203469,0.3499494497388157
0.015,3.719012675116745,0.3497628094619466
0.015,3.7209472981987997,0.34957666648083546
0.015,3.7228819212808544,0.34939101889727514
0.015,3.724816544362909,0.349205864822549
0.015,3.726751167444964,0.3490212023773709
0.015,3.7286857905270185,0.3488370296918277
0.015,3.7306204136090733,0.34865334490532185
0.015,3.7325550366911275,0.3484701461665129
0.015,3.7344896597731823,0.3482874316332619
0.015,3.736424282855237,0.34810519947257346
0.015,3.7383589059372917,0.34792344786054097
0.015,3.7402935290193464,0.3477421749822901
0.015,3.742228152101401,0.3475613790319238
0.015,3.744162775183456,0.34738105821246695
0.015,3.7460973982655106,0.3472012107358129
0.015,3.7480320213475653,0.3470218348226679
0.015,3.74996664442962,0.34684292870249905
0.015,3.7519012675116747,0.3466644906134794
0.015,3.7538358905937295,0.34648651880243614
0.015,3.755770513675784,0.3463090115247976
0.015,3.757705136757839,0.3461319670445412
0.015,3.7596397598398936,0.34595538363414113
0.015,3.7615743829219483,0.3457792595745182
0.015,3.763509006004003,0.34560359315498745
0.015,3.765443629086058,0.34542838267320797
0.015,3.7673782521681125,0.345253626435133
0.015,3.7693128752501672,0.34507932275495895
0.015,3.771247498332222,0.3449054699550771
0.015,3.7731821214142767,0.34473206636602327
0.015,3.7751167444963314,0.3445591103264295
0.015,3.777051367578386,0.344386600182975
0.015,3.778985990660441,0.3442145342903389
0.015,3.7809206137424956,0.3440429110111513
0.015,3.78285523682455,0.34387172871594646
0.015,3.7847898599066045,0.34370098578311514
0.015,3.7867244829886593,0.34353068059885833
0.015,3.788659106070714,0.34336081155714016
0.015,3.7905937291527687,0.3431913770596422
0.015,3.7925283522348234,0.34302237551571696
0.015,3.794462975316878,0.3428538053423433
0.015,3.796397598398933,0.34268566496408054
0.015,3.7983322214809876,0.34251795281302344
0.015,3.8002668445630423,0.3423506673287581
0.015,3.802201467645097,0.3421838069583177
0.015,3.8041360907271518,0.3420173701561379
0.015,3.8060707138092065,0.3418513553840142
0.015,3.808005336891261,0.34168576111105753
0.015,3.809939959973316,0.3415205858136521
0.015,3.8118745830553706,0.341355827975412
0.015,3.8138092061374254,0.34119148608713934
0.015,3.81574382921948,0.3410275586467819
0.015,3.817678452301535,0.34086404415939076
0.015,3.8196130753835895,0.3407009411370799
0.015,3.8215476984656442,0.3405382480989835
0.015,3.823482321547699,0.34037596357121636
0.015,3.8254169446297537,0.34021408608683207
0.015,3.8273515677118084,0.3400526141857837
0.015,3.829286190793863,0.33989154641488234
0.015,3.831220813875918,0.33973088132775847
0.015,3.833155436957972,0.33957061748482187
0.015,3.835090060040027,0.33941075345322186
0.015,3.8370246831220816,0.3392512878068094
0.015,3.8389593062041363,0.33909221912609705
0.015,3.840893929286191,0.33893354599822173
0.015,3.8428285523682457,0.33877526701690513
0.015,3.8447631754503004,0.3386173807824171
0.015,3.846697798532355,0.3384598859015367
0.015,3.84863242161441,0.3383027809875161
0.015,3.8505670446964646,0.3381460646600418
0.015,3.8525016677785193,0.3379897355451991
0.015,3.854436290860574,0.3378337922754345
0.015,3.8563709139426288,0.3376782334895198
0.015,3.8583055370246835,0.3375230578325155
0.015,3.860240160106738,0.33736826395573544
0.015,3.862174783188793,0.3372138505167101
0.015,3.8641094062708476,0.33705981617915254
0.015,3.8660440293529024,0.3369061596129217
0.015,3.867978652434957,0.3367528794939886
0.015,3.869913275517012,0.33659997450440077
0.015,3.8718478985990665,0.33644744333224846
0.015,3.8737825216811212,0.33629528467162967
0.015,3.875717144763176,0.3361434972226168
0.015,3.8776517678452307,0.33599207969122213
0.015,3.8795863909272854,0.33584103078936495
0.015,3.88152101400934,0.3356903492348377
0.015,3.8834556370913944,0.3355400337512729
0.015,3.885390260173449,0.3353900830681102
0.015,3.887324883255504,0.33524049592056426
0.015,3.8892595063375586,0.3350912710495915
0.015,3.8911941294196133,0.33494240720185825
0.015,3.893128752501668,0.3347939031297086
0.015,3.8950633755837227,0.33464575759113263
0.015,3.8969979986657775,0.33449796934973497
0.015,3.898932621747832,0.33435053717470303
0.015,3.900867244829887,0.33420345984077593
0.015,3.9028018679119416,0.3340567361282135
0.015,3.9047364909939963,0.3339103648227661
0.015,3.906671114076051,0.33376434471564287
0.015,3.9086057371581058,0.33361867460348243
0.015,3.9105403602401605,0.3334733532883221
0.015,3.912474983322215,0.33332837957756806
0.015,3.91440960640427,0.33318375228396585
0.015,3.9163442294863247,0.3330394702255705
0.015,3.9182788525683794,0.33289553222571694
0.015,3.920213475650434,0.3327519371129915
0.015,3.922148098732489,0.3326086837212024
0.015,3.9240827218145435,0.3324657708893507
0.015,3.9260173448965983,0.3323231974616026
0.015,3.927951967978653,0.3321809622872599
0.015,3.9298865910607077,0.3320390642207328
0.015,3.9318212141427624,0.33189750212151103
0.015,3.9337558372248167,0.3317562748541363
0.015,3.9356904603068714,0.3316153812881746
0.015,3.937625083388926,0.33147482029818887
0.015,3.939559706470981,0.33133459076371125
0.015,3.9414943295530356,0.33119469156921627
0.015,3.9434289526350903,0.3310551216040939
0.015,3.945363575717145,0.3309158797626222
0.015,3.9472981987991997,0.33077696494394154
0.015,3.9492328218812545,0.3306383760520274
0.015,3.951167444963309,0.3305001119956647
0.015,3.953102068045364,0.33036217168842097
0.015,3.9550366911274186,0.3302245540486213
0.015,3.9569713142094733,0.3300872579993215
0.015,3.958905937291528,0.3299502824682835
0.015,3.960840560373583,0.32981362638794937
0.015,3.9627751834556375,0.3296772886954159
0.015,3.9647098065376922,0.32954126833241015
0.015,3.966644429619747,0.3294055642452637
0.015,3.9685790527018017,0.32927017538488823
0.015,3.9705136757838564,0.3291351007067511
0.015,3.972448298865911,0.32900033917085025
0.015,3.974382921947966,0.3288658897416907
0.015,3.9763175450300206,0.3287317513882594
0.015,3.9782521681120753,0.32859792308400226
0.015,3.98018679119413,0.32846440380679953
0.015,3.9821214142761847,0.3283311925389422
0.015,3.984056037358239,0.328198288267109
0.015,3.9859906604402937,0.32806568998234203
0.015,3.9879252835223484,0.32793339668002447
0.015,3.989859906604403,0.32780140735985663
0.015,3.991794529686458,0.327669721025834
0.015,3.9937291527685126,0.3275383366862231
0.015,3.9956637758505673,0.32740725335354015
0.015,3.997598398932622,0.32727647004452726
0.015,3.9995330220146768,0.3271459857801315
0.015,4.0014676450967315,0.327015799585481
0.015,4.003402268178786,0.32688591048986426
0.015,4.005336891260841,0.3267563175267074
0.015,4.007271514342896,0.3266270197335525
0.015,4.00920613742495,0.326498016152036
0.015,4.011140760507005,0.32636930582786705
0.015,4.01307538358906,0.3262408878108061
0.015,4.0150100066711145,0.3261127611546437
0.015,4.016944629753169,0.3259849249171792
0.015,4.018879252835224,0.32585737816019966
0.015,4.020813875917279,0.32573011994945944
0.015,4.022748498999333,0.32560314935465884
0.015,4.024683122081388,0.32547646544942366
0.015,4.026617745163443,0.32535006731128496
0.015,4.028552368245498,0.32522395402165843
0.015,4.030486991327552,0.32509812466582416
0.015,4.032421614409607,0.3249725783329065
0.015,4.034356237491661,0.32484731411585427
0.015,4.036290860573716,0.3247223311114203
0.015,4.03822548365577,0.3245976284201428
0.015,4.040160106737826,0.3244732051463244
0.015,4.04209472981988,0.32434906039801364
0.015,4.044029352901935,0.3242251932869849
0.015,4.045963975983989,0.32410160292872
0.015,4.047898599066045,0.3239782884423877
0.015,4.049833222148099,0.32385524895082635
0.015,4.051767845230154,0.32373248358052337
0.015,4.053702468312208,0.3236099914615976
0.015,4.055637091394264,0.32348777172777976
0.015,4.0575717144763175,0.323365823516395
0.015,4.059506337558373,0.32324414596834294
0.015,4.061440960640427,0.32312273822808096
0.015,4.0633755837224825,0.32300159944360446
0.015,4.065310206804536,0.3228807287664298
0.015,4.067244829886592,0.3227601253515757
0.015,4.069179452968646,0.32263978835754614
0.015,4.071114076050701,0.322519716946311
0.015,4.073048699132755,0.3223999102832903
0.015,4.074983322214811,0.3222803675373351
0.015,4.076917945296865,0.32216108788071135
0.015,4.07885256837892,0.3220420704890806
0.015,4.080787191460974,0.3219233145414855
0.015,4.08272181454303,0.32180481922032955
0.015,4.084656437625084,0.321686583711363
0.015,4.086591060707138,0.3215686072036635
0.015,4.088525683789193,0.3214508888896206
0.015,4.090460306871248,0.321333427964919
0.015,4.0923949299533025,0.32121622362852115
0.015,4.094329553035357,0.32109927508265124
0.015,4.096264176117412,0.3209825815327787
0.015,4.098198799199467,0.32086614218760207
0.015,4.100133422281521,0.3207499562590322
0.015,4.102068045363576,0.32063402296217636
0.015,4.104002668445631,0.3205183415153226
0.015,4.1059372915276855,0.32040291113992303
0.015,4.10787191460974,0.3202877310605788
0.015,4.109806537691795,0.32017280050502345
0.015,4.11174116077385,0.32005811870410816
0.015,4.113675783855904,0.3199436848917853
0.015,4.115610406937959,0.3198294983050936
0.015,4.117545030020014,0.3197155581841425
0.015,4.1194796531020685,0.3196018637720967
0.015,4.121414276184123,0.31948841431516134
0.015,4.123348899266178,0.31937520906256656
0.015,4.125283522348233,0.31926224726655245
0.015,4.127218145430287,0.31914952818235437
0.015,4.129152768512342,0.319037051068188
0.015,4.131087391594397,0.3189248151852345
0.015,4.133022014676452,0.31881281979762577
0.015,4.134956637758506,0.31870106417243005
0.015,4.13689126084056,0.3185895475796371
0.015,4.138825883922616,0.3184782692921443
0.015,4.14076050700467,0.3183672285857419
0.015,4.142695130086725,0.31825642473909865
0.015,4.144629753168779,0.31814585703374865
0.015,4.146564376250835,0.31803552475407537
0.015,4.1484989993328885,0.3179254271872997
0.015,4.150433622414944,0.3178155636234644
0.015,4.152368245496998,0.3177059333554215
0.015,4.1543028685790535,0.31759653567881757
0.015,4.156237491661107,0.3174873698920812
0.015,4.158172114743163,0.3173784352964076
0.015,4.160106737825217,0.31726973119574703
0.015,4.162041360907272,0.3171612568967899
0.015,4.163975983989326,0.3170530117089547
0.015,4.165910607071382,0.3169449949443732
0.015,4.167845230153436,0.3168372059178788
0.015,4.169779853235491,0.3167296439469921
0.015,4.171714476317545,0.3166223083519088
0.015,4.173649099399601,0.31651519845548604
0.015,4.1755837224816545,0.31640831358323
0.015,4.17751834556371,0.31630165306328295
0.015,4.179452968645764,0.31619521622641
0.015,4.18138759172782,0.31608900240598703
0.015,4.183322214809873,0.3159830109379883
0.015,4.185256837891928,0.31587724116097293
0.015,4.187191460973983,0.3157716924160729
0.015,4.189126084056038,0.3156663640469814
0.015,4.191060707138092,0.3155612553999394
0.015,4.192995330220147,0.31545636582372405
0.015,4.194929953302202,0.31535169466963625
0.015,4.1968645763842565,0.3152472412914887
0.015,4.198799199466311,0.3151430050455935
0.015,4.200733822548366,0.3150389852907508
0.015,4.202668445630421,0.3149351813882366
0.015,4.204603068712475,0.31483159270179034
0.015,4.20653769179453,0.3147282185976042
0.015,4.208472314876585,0.3146250584443105
0.015,4.2104069379586395,0.31452211161297067
0.015,4.212341561040694,0.3144193774770633
0.015,4.214276184122749,0.31431685541247284
0.015,4.216210807204804,0.3142145447974779
0.015,4.218145430286858,0.31411244501274055
0.015,4.220080053368913,0.3140105554412939
0.015,4.222014676450968,0.3139088754685319
0.015,4.223949299533023,0.31380740448219757
0.015,4.225883922615077,0.3137061418723723
0.015,4.227818545697132,0.3136050870314642
0.015,4.229753168779187,0.3135042393541978
0.015,4.231687791861241,0.31340359823760267
0.015,4.233622414943296,0.3133031630810025
0.015,4.23555703802535,0.3132029332860048
0.015,4.237491661107406,0.31310290825648945
0.015,4.239426284189459,0.31300308739859845
0.015,4.241360907271515,0.3129034701207255
0.015,4.243295530353569,0.3128040558335049
0.015,4.2452301534356245,0.3127048439498013
0.015,4.247164776517678,0.31260583388469926
0.015,4.249099399599734,0.31250702505549294
0.015,4.251034022681788,0.31240841688167564
0.015,4.252968645763843,0.3123100087849293
0.015,4.254903268845897,0.3122118001891149
0.015,4.256837891927953,0.3121137905202616
0.015,4.258772515010007,0.3120159792065575
0.015,4.260707138092062,0.3119183656783384
0.015,4.262641761174116,0.3118209493680788
0.015,4.264576384256172,0.3117237297103816
0.015,4.2665110073382255,0.31162670614196836
0.015,4.268445630420281,0.31152987810166904
0.015,4.270380253502335,0.311433245030413
0.015,4.272314876584391,0.31133680637121836
0.015,4.274249499666444,0.3112405615691831
0.015,4.2761841227485,0.31114451007147487
0.015,4.278118745830554,0.31104865132732223
0.015,4.2800533689126095,0.3109529847880039
0.015,4.281987991994663,0.31085750990684086
0.015,4.283922615076718,0.3107622261391852
0.015,4.285857238158773,0.31066713294241244
0.015,4.2877918612408275,0.310572229775911
0.015,4.289726484322882,0.3104775161010737
0.015,4.291661107404937,0.3103829913812883
0.015,4.293595730486992,0.310288655081928
0.015,4.295530353569046,0.31019450667034304
0.015,4.297464976651101,0.31010054561585115
0.015,4.299399599733156,0.31000677138972865
0.015,4.3013342228152105,0.3099131834652017
0.015,4.303268845897265,0.30981978131743704
0.015,4.30520346897932,0.3097265644235334
0.015,4.307138092061375,0.30963353226251306
0.015,4.309072715143429,0.3095406843153118
0.015,4.311007338225484,0.30944802006477173
0.015,4.312941961307539,0.3093555389956319
0.015,4.3148765843895935,0.3092632405945195
0.015,4.316811207471648,0.30917112434994176
0.015,4.318745830553703,0.30907918975227716
0.015,4.320680453635758,0.30898743629376685
0.015,4.322615076717812,0.3088958634685065
0.015,4.324549699799867,0.30880447077243783
0.015,4.326484322881922,0.3087132577033401
0.015,4.328418945963977,0.30862222376082216
0.015,4.330353569046031,0.30853136844631357
0.015,4.332288192128086,0.30844069126305734
0.015,4.33422281521014,0.30835019171610084
0.015,4.3361574382921955,0.3082598693122882
0.015,4.338092061374249,0.30816972356025235
0.015,4.340026684456305,0.30807975397040616
0.015,4.341961307538359,0.3079899600549357
0.015,4.343895930620414,0.30790034132779126
0.015,4.345830553702468,0.3078108973046801
0.015,4.347765176784524,0.307721627503058
0.015,4.349699799866578,0.30763253144212194
0.015,4.351634422948633,0.3075436086428023
0.015,4.353569046030687,0.30745485862775457
0.015,4.355503669112743,0.30736628092135254
0.015,4.3574382921947965,0.30727787504967985
0.015,4.359372915276852,0.3071896405405226
0.015,4.361307538358906,0.30710157692336226
0.015,4.3632421614409616,0.30701368372936744
0.015,4.365176784523015,0.3069259604913868
0.015,4.367111407605071,0.3068384067439415
0.015,4.369046030687125,0.30675102202321786
0.015,4.37098065376918,0.3066638058670598
0.015,4.372915276851234,0.3065767578149617
0.015,4.37484989993329,0.30648987740806094
0.015,4.376784523015344,0.3064031641891309
0.015,4.378719146097399,0.3063166177025733
0.015,4.380653769179453,0.30623023749441175
0.015,4.382588392261509,0.30614402311228356
0.015,4.384523015343563,0.3060579741054337
0.015,4.386457638425617,0.30597209002470704
0.015,4.388392261507672,0.30588637042254163
0.015,4.390326884589727,0.30580081485296146
0.015,4.3922615076717815,0.30571542287156966
0.015,4.394196130753836,0.3056301940355417
0.015,4.396130753835891,0.3055451279036184
0.015,4.398065376917946,0.30546022403609885
0.015,4.4,0.3053754819948339
0.02,1.5,0.24432858616403552
0.02,1.5019346230820547,0.24530237182401887
0.02,1.5038692461641094,0.2462816036080909
0.02,1.5058038692461642,0.24726631869752286
0.02,1.5077384923282189,0.2482565545933471
0.02,1.5096731154102736,0.2492523491210665
0.02,1.5116077384923283,0.2502537404353917
0.02,1.5135423615743828,0.2512607670250072
0.02,1.5154769846564375,0.252273467717369
0.02,1.5174116077384923,0.25329188168353045
0.02,1.519346230820547,0.2543160484430048
0.02,1.5212808539026017,0.25534600786865613
0.02,1.5232154769846564,0.2563818001916283
0.02,1.5251501000667111,0.2574234660063067
0.02,1.5270847231487659,0.25847104627531775
0.02,1.5290193462308206,0.2595245823345641
0.02,1.5309539693128753,0.2605841158982998
0.02,1.53288859239493,0.2616496890642433
0.02,1.5348232154769847,0.26272134431873173
0.02,1.5367578385590395,0.26379912454191723
0.02,1.538692461641094,0.2648830730130025
0.02,1.5406270847231487,0.265973233415525
0.02,1.5425617078052034,0.2670696498426813
0.02,1.5444963308872581,0.2681723668026992
0.02,1.5464309539693128,0.26928142922425674
0.02,1.5483655770513676,0.27039688246194826
0.02,1.5503002001334223,0.2715187723017997
0.02,1.552234823215477,0.27264714496683484
0.02,1.5541694462975317,0.27378204712269055
0.02,1.5561040693795865,0.2749235258832876
0.02,1.5580386924616412,0.2760716288165517
0.02,1.559973315543696,0.27722640395019116
0.02,1.5619079386257506,0.27838789977752953
0.02,1.5638425617078051,0.27955616526339455
0.02,1.5657771847898598,0.2807312498500669
0.02,1.5677118078719146,0.2819132034632853
0.02,1.5696464309539693,0.2831020765183153
0.02,1.571581054036024,0.2842979199260758
0.02,1.5735156771180787,0.2855007850993317
0.02,1.5754503002001334,0.2867107239589482
0.02,1.5773849232821882,0.2879277889402107
0.02,1.5793195463642429,0.28915203299921066
0.02,1.5812541694462976,0.2903835096192997
0.02,1.5831887925283523,0.2916222728176118
0.02,1.585123415610407,0.29286837715165387
0.02,1.5870580386924615,0.29412187772597065
0.02,1.5889926617745163,0.2953828301988783
0.02,1.590927284856571,0.2966512907892742
0.02,1.5928619079386257,0.2979273162835188
0.02,1.5947965310206804,0.2992109640423967
0.02,1.5967311541027351,0.3005022920081521
0.02,1.5986657771847899,0.30180135871160263
0.02,1.6006004002668446,0.30310822327933656
0.02,1.6025350233488993,0.3044229454409853
0.02,1.604469646430954,0.30574558553658376
0.02,1.6064042695130087,0.3070762045240086
0.02,1.6083388925950635,0.3084148639865074
0.02,1.6102735156771182,0.30976162614030683
0.02,1.612208138759173,0.31111655384231546
0.02,1.6141427618412274,0.31247971059790863
0.02,1.6160773849232821,0.31385116056880724
0.02,1.6180120080053368,0.3152309685810473
0.02,1.6199466310873916,0.3166192001330388
0.02,1.6218812541694463,0.3180159214037237
0.02,1.623815877251501,0.3194211992608226
0.02,1.6257505003335557,0.32083510126918413
0.02,1.6276851234156104,0.3222576956992268
0.02,1.6296197464976652,0.32368905153548305
0.02,1.6315543695797199,0.3251292384852422
0.02,1.6334889926617746,0.32657832698729516
0.02,1.6354236157438293,0.3280363882207825
0.02,1.6373582388258838,0.3295034941141447
0.02,1.6392928619079385,0.33097971735418313
0.02,1.6412274849899933,0.3324651313952196
0.02,1.643162108072048,0.33395981046837203
0.02,1.6450967311541027,0.33546382959093457
0.02,1.6470313542361574,0.3369772645758705
0.02,1.6489659773182122,0.3385001920414163
0.02,1.6509006004002669,0.34003268942079895
0.02,1.6528352234823216,0.3415748349720691
0.02,1.6547698465643763,0.3431267077880471
0.02,1.656704469646431,0.3446883878063899
0.02,1.6586390927284858,0.346259955819773
0.02,1.6605737158105405,0.3478414934861943
0.02,1.6625083388925952,0.34943308333939666
0.02,1.66444296197465,0.3510348087994142
0.02,1.6663775850567044,0.35264675418324126
0.02,1.6683122081387591,0.35426900471562556
0.02,1.6702468312208139,0.3559016465399864
0.02,1.6721814543028686,0.3575447667294607
0.02,1.6741160773849233,0.3591984532980763
0.02,1.676050700466978,0.36086279521205433
0.02,1.6779853235490327,0.36253788240124124
0.02,1.6799199466310875,0.3642238057706726
0.02,1.6818545697131422,0.36592065721226846
0.02,1.683789192795197,0.3676285296166622
0.02,1.6857238158772516,0.3693475168851629
0.02,1.6876584389593061,0.37107771394185385
0.02,1.6895930620413608,0.37281921674582624
0.02,1.6915276851234156,0.37457212230354825
0.02,1.6934623082054703,0.3763365286813766
0.02,1.695396931287525,0.3781125350181997
0.02,1.6973315543695797,0.37990024153822505
0.02,1.6992661774516344,0.3816997495639047
0.02,1.7012008005336892,0.38351116152900117
0.02,1.7031354236157439,0.3853345809917944
0.02,1.7050700466977986,0.3871701126484299
0.02,1.7070046697798533,0.38901786234641034
0.02,1.708939292861908,0.3908779370982261
0.02,1.7108739159439628,0.39275044509513435
0.02,1.7128085390260175,0.3946354957210733
0.02,1.714743162108072,0.396533199566726
0.02,1.7166777851901267,0.3984436684437246
0.02,1.7186124082721814,0.4003670153989961
0.02,1.7205470313542361,0.4023033547292556
0.02,1.7224816544362909,0.4042528019956358
0.02,1.7244162775183456,0.4062154740384664
0.02,1.7263509006004003,0.40819148899218716
0.02,1.728285523682455,0.4101809663004115
0.02,1.7302201467645097,0.4121840267311214
0.02,1.7321547698465645,0.4142007923920102
0.02,1.7340893929286192,0.41623138674595933
0.02,1.736024016010674,0.4182759346266541
0.02,1.7379586390927284,0.4203345622543381
0.02,1.7398932621747831,0.42240739725169957
0.02,1.7418278852568378,0.42449456865989493
0.02,1.7437625083388926,0.4265962069546988
0.02,1.7456971314209473,0.42871244406279213
0.02,1.747631754503002,0.430843413378169
0.02,1.7495663775850567,0.4329892497786757
0.02,1.7515010006671115,0.4351500896426707
0.02,1.7534356237491662,0.4373260708658018
0.02,1.755370246831221,0.4395173328779059
0.02,1.7573048699132756,0.44172401666001665
0.02,1.7592394929953303,0.4439462647614885
0.02,1.761174116077385,0.44618422131722046
0.02,1.7631087391594398,0.44843803206498944
0.02,1.7650433622414945,0.4507078443628745
0.02,1.766977985323549,0.45299380720678023
0.02,1.7689126084056037,0.455296071248046
0.02,1.7708472314876584,0.45761478881113543
0.02,1.7727818545697132,0.4599501139114092
0.02,1.7747164776517679,0.46230220227296037
0.02,1.7766511007338226,0.4646712113465242
0.02,1.7785857238158773,0.4670573003274347
0.02,1.780520346897932,0.4694606301736401
0.02,1.7824549699799868,0.4718813636237546
0.02,1.7843895930620415,0.4743196652151479
0.02,1.786324216144096,0.4767757013020556
0.02,1.7882588392261507,0.4792496400737105
0.02,1.7901934623082054,0.48174165157247517
0.02,1.7921280853902601,0.4842519077119689
0.02,1.7940627084723149,0.48678058229518567
0.02,1.7959973315543696,0.48932785103257653
0.02,1.7979319546364243,0.4918938915600963
0.02,1.799866577718479,0.49447888345719704
0.02,1.8018012008005337,0.49708300826475293
0.02,1.8037358238825885,0.4997064495029059
0.02,1.8056704469646432,0.5023493926888116
0.02,1.807605070046698,0.5050120253542774
0.02,1.8095396931287526,0.5076945370632648
0.02,1.8114743162108073,0.5103971194292491
0.02,1.813408939292862,0.5131199661324092
0.02,1.8153435623749168,0.5158632729366329
0.02,1.8172781854569713,0.5186272377063147
0.02,1.819212808539026,0.5214120604229244
0.02,1.8211474316210807,0.5242179432013242
0.02,1.8230820547031354,0.5270450903058086
0.02,1.8250166777851902,0.529893708165843
0.02,1.8269513008672449,0.5327640053914788
0.02,1.8288859239492996,0.5356561927884024
0.02,1.8308205470313543,0.5385704833726112
0.02,1.832755170113409,0.5415070923846643
0.02,1.8346897931954638,0.5444662373034889
0.02,1.8366244162775183,0.5474481378597043
0.02,1.838559039359573,0.5504530160484283
0.02,1.8404936624416277,0.5534810961415324
0.02,1.8424282855236824,0.5565326046992946
0.02,1.8443629086057372,0.5596077705814314
0.02,1.8462975316877919,0.5627068249574402
0.02,1.8482321547698466,0.5658300013162321
0.02,1.8501667778519013,0.5689775354749894
0.02,1.852101400933956,0.5721496655872081
0.02,1.8540360240160108,0.5753466321498758
0.02,1.8559706470980655,0.5785686780097243
0.02,1.8579052701801202,0.5818160483685108
0.02,1.859839893262175,0.5850889907872564
0.02,1.8617745163442296,0.5883877551893981
0.02,1.8637091394262844,0.5917125938627685
0.02,1.865643762508339,0.5950637614603642
0.02,1.8675783855903936,0.5984415149998004
0.02,1.8695130086724483,0.6018461138614131
0.02,1.871447631754503,0.6052778197849056
0.02,1.8733822548365577,0.6087368968644727
0.02,1.8753168779186125,0.6122236115423243
0.02,1.8772515010006672,0.6157382326005042
0.02,1.879186124082722,0.6192810311509398
0.02,1.8811207471647766,0.6228522806235998
0.02,1.8830553702468313,0.6264522567526886
0.02,1.884989993328886,0.6300812375607543
0.02,1.8869246164109406,0.6337395033406185
0.02,1.8888592394929953,0.6374273366350086
0.02,1.89079386257505,0.641145022213773
0.02,1.8927284856571047,0.6448928470485767
0.02,1.8946631087391594,0.6486711002849257
0.02,1.8965977318212142,0.6524800732114143
0.02,1.8985323549032689,0.6563200592260365
0.02,1.9004669779853236,0.6601913537994387
0.02,1.9024016010673783,0.6640942544349533
0.02,1.904336224149433,0.6680290606252643
0.02,1.9062708472314878,0.6719960738055424
0.02,1.9082054703135425,0.6759955973028865
0.02,1.9101400933955972,0.6800279362818976
0.02,1.912074716477652,0.6840933976861976
0.02,1.9140093395597066,0.6881922901757221
0.02,1.9159439626417614,0.6923249240595722
0.02,1.9178785857238159,0.6964916112242409
0.02,1.9198132088058706,0.7006926650569959
0.02,1.9217478318879253,0.7049284003641981
0.02,1.92368245496998,0.7091991332843378
0.02,1.9256170780520347,0.7135051811955462
0.02,1.9275517011340895,0.7178468626173456
0.02,1.9294863242161442,0.7222244971063752
0.02,1.931420947298199,0.7266384051458454
0.02,1.9333555703802536,0.7310889080284343
0.02,1.9352901934623084,0.7355763277323549
0.02,1.9372248165443628,0.7401009867902971
0.02,1.9391594396264176,0.7446632081509463
0.02,1.9410940627084723,0.7492633150327607
0.02,1.943028685790527,0.7539016307696924
0.02,1.9449633088725817,0.7585784786485068
0.02,1.9468979319546365,0.7632941817373763
0.02,1.9488325550366912,0.7680490627053607
0.02,1.950767178118746,0.7728434436324354
0.02,1.9527018012008006,0.7776776458096687
0.02,1.9546364242828553,0.7825519895291678
0.02,1.95657104736491,0.7874667938633779
0.02,1.9585056704469648,0.7924223764333305
0.02,1.9604402935290195,0.797419053165399
0.02,1.9623749166110742,0.8024571380361317
0.02,1.964309539693129,0.8075369428047033
0.02,1.9662441627751837,0.8126587767325089
0.02,1.9681787858572382,0.8178229462894466
0.02,1.9701134089392929,0.8230297548463661
0.02,1.9720480320213476,0.8282795023531982
0.02,1.9739826551034023,0.8335724850022481
0.02,1.975917278185457,0.8389089948761094
0.02,1.9778519012675118,0.844289319579685
0.02,1.9797865243495665,0.8497137418557216
0.02,1.9817211474316212,0.855182539183342
0.02,1.983655770513676,0.8606959833589556
0.02,1.9855903935957306,0.8662543400589974
0.02,1.9875250166777851,0.8718578683838796
0.02,1.9894596397598399,0.8775068203825567
0.02,1.9913942628418946,0.8832014405571004
0.02,1.9933288859239493,0.8889419653466477
0.02,1.995263509006004,0.8947286225901213
0.02,1.9971981320880587,0.9005616309670607
0.02,1.9991327551701135,0.9064411994159619
0.02,2.001067378252168,0.9123675265294527
0.02,2.003002001334223,0.9183407999257067
0.02,2.0049366244162776,0.9243611955954135
0.02,2.0068712474983323,0.9304288772237118
0.02,2.008805870580387,0.9365439954864275
0.02,2.010740493662442,0.9427066873200004
0.02,2.0126751167444965,0.9489170751645045
0.02,2.0146097398265512,0.955175266179125
0.02,2.016544362908606,0.9614813514295557
0.02,2.0184789859906607,0.9678354050466949
0.02,2.0204136090727154,0.974237483356153
0.02,2.02234823215477,0.9806876239780007
0.02,2.024282855236825,0.9871858448963126
0.02,2.0262174783188796,0.9937321434980251
0.02,2.0281521014009343,1.0003264955807087
0.02,2.030086724482989,1.0069688543288788
0.02,2.0320213475650437,1.0136591492585163
0.02,2.033955970647098,1.0203972851295613
0.02,2.0358905937291527,1.027183140826137
0.02,2.0378252168112074,1.0340165682043945
0.02,2.039759839893262,1.040897390907909
0.02,2.041694462975317,1.0478254031506493
0.02,2.0436290860573716,1.0548003684676277
0.02,2.0455637091394263,1.0618220184334386
0.02,2.047498332221481,1.0688900513490043
0.02,2.0494329553035358,1.0760041308969472
0.02,2.0513675783855905,1.0831638847661575
0.02,2.053302201467645,1.090368903246226
0.02,2.0552368245497,1.0976187377925783
0.02,2.0571714476317546,1.1049128995633115
0.02,2.0591060707138094,1.1122508579288568
0.02,2.061040693795864,1.1196320389558134
0.02,2.062975316877919,1.1270558238664732
0.02,2.0649099399599735,1.134521547475729
0.02,2.0668445630420282,1.1420284966073146
0.02,2.068779186124083,1.1495759084915083
0.02,2.0707138092061372,1.1571629691466994
0.02,2.072648432288192,1.1647888117474396
0.02,2.0745830553702467,1.1724525149818725
0.02,2.0765176784523014,1.180153101401709
0.02,2.078452301534356,1.1878895357681967
0.02,2.080386924616411,1.1956607233978374
0.02,2.0823215476984656,1.2034655085118633
0.02,2.0842561707805203,1.2113026725939111
0.02,2.086190793862575,1.2191709327605098
0.02,2.0881254169446297,1.2270689401494739
0.02,2.0900600400266844,1.234995278331549
0.02,2.091994663108739,1.2429484617510442
0.02,2.093929286190794,1.2509269342015408
0.02,2.0958639092728486,1.2589290673430975
0.02,2.0977985323549033,1.2669531592678127
0.02,2.099733155436958,1.2749974331208431
0.02,2.1016677785190128,1.2830600357844801
0.02,2.1036024016010675,1.291139036633115
0.02,2.105537024683122,1.299232426367385
0.02,2.107471647765177,1.3073381159360302
0.02,2.1094062708472316,1.3154539355543964
0.02,2.1113408939292864,1.3235776338287968
0.02,2.113275517011341,1.3317068769962095
0.02,2.115210140093396,1.3398392482891297
0.02,2.1171447631754505,1.347972247435524
0.02,2.1190793862575052,1.3561032903041554
0.02,2.12101400933956,1.3642297087056012
0.02,2.1229486324216147,1.3723487503595266
0.02,2.1248832555036694,1.3804575790387346
0.02,2.126817878585724,1.3885532749006582
0.02,2.128752501667779,1.396632835016832
0.02,2.1306871247498336,1.4046931741108435
0.02,2.1326217478318883,1.4127311255151254
0.02,2.1345563709139426,1.4207434423566192
0.02,2.1364909939959973,1.4287267989812027
0.02,2.138425617078052,1.43667779262617
0.02,2.1403602401601067,1.4445929453498256
0.02,2.1422948632421615,1.4524687062264707
0.02,2.144229486324216,1.4603014538145507
0.02,2.146164109406271,1.468087498904934
0.02,2.1480987324883256,1.4758230875554257
0.02,2.1500333555703803,1.4835044044167454
0.02,2.151967978652435,1.4911275763540455
0.02,2.1539026017344898,1.4986886763670322
0.02,2.1558372248165445,1.5061837278103751
0.02,2.157771847898599,1.5136087089148784
0.02,2.159706470980654,1.5209595576083546
0.02,2.1616410940627087,1.528232176633678
0.02,2.1635757171447634,1.5354224389598912
0.02,2.165510340226818,1.5425261934805299
0.02,2.167444963308873,1.5495392709916307
0.02,2.1693795863909275,1.5564574904400437
0.02,2.171314209472982,1.5632766654308727
0.02,2.1732488325550365,1.5699926109809472
0.02,2.1751834556370913,1.5766011505033464
0.02,2.177118078719146,1.5830981230061174
0.02,2.1790527018012007,1.589479390486404
0.02,2.1809873248832554,1.595740845499352
0.02,2.18292194796531,1.6018784188793593
0.02,2.184856571047365,1.6078880875894552
0.02,2.1867911941294196,1.6137658826729613
0.02,2.1887258172114743,1.6195078972799775
0.02,2.190660440293529,1.62511029473984
0.02,2.1925950633755837,1.63056931664934
0.02,2.1945296864576385,1.635881290945393
0.02,2.196464309539693,1.6410426399298292
0.02,2.198398932621748,1.6460498882132315
0.02,2.2003335557038026,1.6508996705441512
0.02,2.2022681787858573,1.6555887394896698
0.02,2.204202801867912,1.6601139729331678
0.02,2.206137424949967,1.6644723813552535
0.02,2.2080720480320215,1.6686611148641846
0.02,2.2100066711140762,1.6726774699427103
0.02,2.211941294196131,1.6765188958791262
0.02,2.2138759172781857,1.6801830008514687
0.02,2.2158105403602404,1.6836675576351148
0.02,2.217745163442295,1.686970508905667
0.02,2.21967978652435,1.6900899721108367
0.02,2.2216144096064045,1.69302424388711
0.02,2.2235490326884593,1.6957718039991976
0.02,2.225483655770514,1.6983313187827491
0.02,2.2274182788525687,1.700701644073415
0.02,2.2293529019346234,1.7028818276080657
0.02,2.231287525016678,1.7048711108868657
0.02,2.233222148098733,1.706668930487878
0.02,2.235156771180787,1.7082749188288595
0.02,2.237091394262842,1.7096889043740209
0.02,2.2390260173448966,1.7109109112865717
0.02,2.2409606404269513,1.7119411585309408
0.02,2.242895263509006,1.712780058431599
0.02,2.2448298865910608,1.7134282146982938
0.02,2.2467645096731155,1.7138864199304296
0.02,2.24869913275517,1.714155652615982
0.02,2.250633755837225,1.7142370736429249
0.02,2.2525683789192796,1.7141320223435943
0.02,2.2545030020013344,1.7138420120945699
0.02,2.256437625083389,1.7133687254967174
0.02,2.258372248165444,1.712714009161839
0.02,2.2603068712474985,1.7118798681339213
0.02,2.2622414943295532,1.710868459974352
0.02,2.264176117411608,1.7096820885415553
0.02,2.2661107404936627,1.7083231974963455
0.02,2.2680453635757174,1.7067943635649487
0.02,2.269979986657772,1.705098289591989
0.02,2.2719146097398264,1.703237797415888
0.02,2.273849232821881,1.7012158205990433
0.02,2.275783855903936,1.6990353970448484
0.02,2.2777184789859906,1.696699661533108
0.02,2.2796531020680453,1.694211838204715
0.02,2.2815877251501,1.6915752330255467
0.02,2.2835223482321547,1.6887932262585381
0.02,2.2854569713142094,1.6858692649716622
0.02,2.287391594396264,1.6828068556082845
0.02,2.289326217478319,1.6796095566448677
0.02,2.2912608405603736,1.676280971359538
0.02,2.2931954636424283,1.6728247407334038
0.02,2.295130086724483,1.6692445365048627
0.02,2.2970647098065378,1.6655440543954407
0.02,2.2989993328885925,1.6617270075239912
0.02,2.300933955970647,1.6577971200243198
0.02,2.302868579052702,1.653758120879612
0.02,2.3048032021347566,1.6496137379852938
0.02,2.3067378252168114,1.6453676924502765
0.02,2.308672448298866,1.6410236931449207
0.02,2.310607071380921,1.6365854315023936
0.02,2.3125416944629755,1.6320565765786488
0.02,2.3144763175450302,1.6274407703747142
0.02,2.316410940627085,1.6227416234236038
0.02,2.3183455637091397,1.617962710642844
0.02,2.3202801867911944,1.6131075674523832
0.02,2.322214809873249,1.608179686156483
0.02,2.324149432955304,1.6031825125871073
0.02,2.3260840560373586,1.5981194430053933
0.02,2.3280186791194133,1.592993821256846
0.02,2.329953302201468,1.587808936175108
0.02,2.3318879252835227,1.5825680192284826
0.02,2.333822548365577,1.5772742424026673
0.02,2.3357571714476317,1.571930716312664
0.02,2.3376917945296865,1.5665404885363543
0.02,2.339626417611741,1.5611065421618049
0.02,2.341561040693796,1.5556317945400404
0.02,2.3434956637758506,1.5501190962347908
0.02,2.3454302868579053,1.5445712301604821
0.02,2.34736490993996,1.5389909108996371
0.02,2.3492995330220148,1.5333807841907627
0.02,2.3512341561040695,1.5277434265777505
0.02,2.353168779186124,1.5220813452118511
0.02,2.355103402268179,1.5163969777973536
0.02,2.3570380253502337,1.5106926926721558
0.02,2.3589726484322884,1.5049707890146107
0.02,2.360907271514343,1.4992334971681114
0.02,2.362841894596398,1.4934829790751358
0.02,2.3647765176784525,1.4877213288126665
0.02,2.3667111407605073,1.481950573221111
0.02,2.368645763842562,1.4761726726191178
0.02,2.3705803869246167,1.4703895215969331
0.02,2.372515010006671,1.4646029498812538
0.02,2.3744496330887257,1.458814723264731
0.02,2.3763842561707804,1.4530265445937043
0.02,2.378318879252835,1.447240054807855
0.02,2.38025350233489,1.441456834025952
0.02,2.3821881254169446,1.4356784026720146
0.02,2.3841227484989993,1.429906222636585
0.02,2.386057371581054,1.4241416984680852
0.02,2.3879919946631087,1.4183861785894658
0.02,2.3899266177451635,1.4126409565357303
0.02,2.391861240827218,1.4069072722080942
0.02,2.393795863909273,1.4011863131408995
0.02,2.3957304869913276,1.3954792157775704
0.02,2.3976651100733823,1.3897870667522372
0.02,2.399599733155437,1.3841109041738484
0.02,2.401534356237492,1.3784517189098224
0.02,2.4034689793195465,1.3728104558665795
0.02,2.4054036024016012,1.367188015264392
0.02,2.407338225483656,1.3615852539043463
0.02,2.4092728485657107,1.3560029864252736
0.02,2.4112074716477654,1.3504419865488004
0.02,2.41314209472982,1.3449029883107428
0.02,2.415076717811875,1.3393866872773623
0.02,2.4170113408939295,1.3338937417450407
0.02,2.4189459639759843,1.3284247739221597
0.02,2.420880587058039,1.322980371092095
0.02,2.4228152101400937,1.3175610867563399
0.02,2.4247498332221484,1.3121674417569422
0.02,2.426684456304203,1.3067999253775184
0.02,2.428619079386258,1.3014589964222645
0.02,2.4305537024683126,1.2961450842723963
0.02,2.4324883255503673,1.290858589919675
0.02,2.4344229486324216,1.2855998869766379
0.02,2.4363575717144763,1.280369322663315
0.02,2.438292194796531,1.2751672187702625
0.02,2.4402268178785858,1.2699938725977966
0.02,2.4421614409606405,1.264849557871404
0.02,2.444096064042695,1.2597345256333479
0.02,2.44603068712475,1.2546490051105375
0.02,2.4479653102068046,1.249593204558792
0.02,2.4498999332888594,1.2445673120836571
0.02,2.451834556370914,1.2395714964379865
0.02,2.453769179452969,1.2346059077965204
0.02,2.4557038025350235,1.2296706785077531
0.02,2.4576384256170782,1.2247659238233632
0.02,2.459573048699133,1.219891742605561
0.02,2.4615076717811877,1.2150482180126825
0.02,2.4634422948632424,1.2102354181634105
0.02,2.465376917945297,1.205453396779998
0.02,2.467311541027352,1.2007021938109017
0.02,2.4692461641094066,1.1959818360332295
0.02,2.4711807871914613,1.1912923376354265
0.02,2.4731154102735156,1.1866337007806336
0.02,2.4750500333555703,1.1820059161511325
0.02,2.476984656437625,1.1774089634743539
0.02,2.4789192795196797,1.1728428120308543
0.02,2.4808539026017344,1.168307421144723
0.02,2.482788525683789,1.1638027406568745
0.02,2.484723148765844,1.1593287113816397
0.02,2.4866577718478986,1.1548852655471356
0.02,2.4885923949299533,1.1504723272198318
0.02,2.490527018012008,1.1460898127137402
0.02,2.4924616410940628,1.1417376309846934
0.02,2.4943962641761175,1.1374156840101124
0.02,2.496330887258172,1.1331238671546942
0.02,2.498265510340227,1.1288620695224294
0.02,2.5002001334222816,1.1246301742953806
0.02,2.5021347565043364,1.1204280590595936
0.02,2.504069379586391,1.1162555961185645
0.02,2.506004002668446,1.1121126527946412
0.02,2.5079386257505005,1.1079990917187215
0.02,2.5098732488325552,1.1039147711086663
0.02,2.51180787191461,1.0998595450367445
0.02,2.5137424949966647,1.0958332636864978
0.02,2.5156771180787194,1.0918357735993514
0.02,2.517611741160774,1.087866917911343
0.02,2.519546364242829,1.0839265365802602
0.02,2.5214809873248836,1.0800144666035476
0.02,2.5234156104069383,1.0761305422272787
0.02,2.525350233488993,1.0722745951464914
0.02,2.5272848565710477,1.0684464546972192
0.02,2.5292194796531025,1.0646459480404706
0.02,2.531154102735157,1.0608729003384667
0.02,2.533088725817212,1.0571271349233835
0.02,2.5350233488992666,1.0534084734589029
0.02,2.5369579719813213,1.0497167360947945
0.02,2.538892595063376,1.0460517416147987
0.02,2.5408272181454303,1.0424133075780513
0.02,2.542761841227485,1.0388012504542727
0.02,2.5446964643095398,1.0352153857529816
0.02,2.5466310873915945,1.031655528146913
0.02,2.548565710473649,1.028121491589887
0.02,2.550500333555704,1.024613089429319
0.02,2.5524349566377587,1.021130134513577
0.02,2.5543695797198134,1.0176724392943854
0.02,2.556304202801868,1.014239815924455
0.02,2.558238825883923,1.0108320763505194
0.02,2.5601734489659775,1.007449032401961
0.02,2.5621080720480323,1.0040904958751953
0.02,2.564042695130087,1.0007562786139705
0.02,2.5659773182121413,0.9974461925857477
0.02,2.567911941294196,0.994160049954305
0.02,2.5698465643762507,0.9908976631487267
0.02,2.5717811874583054,0.9876588449289118
0.02,2.57371581054036,0.9844434084477381
0.02,2.575650433622415,0.9812511673100138
0.02,2.5775850567044696,0.9780819356283518
0.02,2.5795196797865243,0.9749355280760799
0.02,2.581454302868579,0.9718117599373196
0.02,2.5833889259506337,0.9687104471543323
0.02,2.5853235490326885,0.9656314063722499
0.02,2.587258172114743,0.9625744549813002
0.02,2.589192795196798,0.9595394111566281
0.02,2.5911274182788526,0.956526093895808
0.02,2.5930620413609073,0.9535343230541401
0.02,2.594996664442962,0.9505639193778329
0.02,2.596931287525017,0.9476147045351496
0.02,2.5988659106070715,0.9446865011456108
0.02,2.6008005336891262,0.9417791328073326
0.02,2.602735156771181,0.9388924241225709
0.02,2.6046697798532357,0.9360262007215636
0.02,2.6066044029352904,0.9331802892847341
0.02,2.608539026017345,0.9303545175633252
0.02,2.6104736490994,0.9275487143985314
0.02,2.6124082721814545,0.9247627097392024
0.02,2.6143428952635093,0.9219963346581667
0.02,2.616277518345564,0.91924942136725
0.02,2.6182121414276187,0.9165218032310359
0.02,2.6201467645096734,0.9138133147794277
0.02,2.622081387591728,0.9111237917190599
0.02,2.624016010673783,0.9084530709436266
0.02,2.6259506337558376,0.9058009905431577
0.02,2.6278852568378923,0.9031673898122938
0.02,2.629819879919947,0.9005521092576176
0.02,2.6317545030020018,0.8979549906040717
0.02,2.6336891260840565,0.8953758768005137
0.02,2.635623749166111,0.8928146120244405
0.02,2.637558372248166,0.8902710416859311
0.02,2.6394929953302206,0.8877450124308345
0.02,2.641427618412275,0.8852363721432494
0.02,2.6433622414943296,0.8827449699473193
0.02,2.6452968645763844,0.8802706562083814
0.02,2.647231487658439,0.8778132825335042
0.02,2.649166110740494,0.875372701771434
0.02,2.6511007338225485,0.8729487680119947
0.02,2.6530353569046032,0.8705413365849501
0.02,2.654969979986658,0.8681502640583714
0.02,2.6569046030687127,0.8657754082365302
0.02,2.6588392261507674,0.863416628157335
0.02,2.660773849232822,0.8610737840893496
0.02,2.662708472314877,0.8587467375284009
0.02,2.6646430953969316,0.8564353511938051
0.02,2.666577718478986,0.8541394890242346
0.02,2.6685123415610406,0.851859016173244
0.02,2.6704469646430953,0.8495937990044703
0.02,2.67238158772515,0.8473437050865331
0.02,2.6743162108072047,0.8451086031876444
0.02,2.6762508338892594,0.8428883632699502
0.02,2.678185456971314,0.8406828564836254
0.02,2.680120080053369,0.8384919551607171
0.02,2.6820547031354236,0.8363155328087776
0.02,2.6839893262174783,0.8341534641042809
0.02,2.685923949299533,0.8320056248858478
0.02,2.6878585723815878,0.8298718921472857
0.02,2.6897931954636425,0.8277521440304593
0.02,2.691727818545697,0.8256462598180049
0.02,2.693662441627752,0.823554119925893
0.02,2.6955970647098066,0.8214756058958644
0.02,2.6975316877918614,0.8194106003877271
0.02,2.699466310873916,0.8173589871715499
0.02,2.701400933955971,0.8153206511197431
0.02,2.7033355570380255,0.8132954781990428
0.02,2.7052701801200802,0.8112833554624103
0.02,2.707204803202135,0.8092841710408454
0.02,2.7091394262841897,0.8072978141351317
0.02,2.7110740493662444,0.8053241750075167
0.02,2.713008672448299,0.8033631449733312
0.02,2.714943295530354,0.8014146163925618
0.02,2.7168779186124086,0.7994784826613753
0.02,2.7188125416944633,0.7975546382036083
0.02,2.720747164776518,0.7956429784622218
0.02,2.7226817878585727,0.7937433998907308
0.02,2.7246164109406275,0.7918557999446141
0.02,2.726551034022682,0.7899800770727028
0.02,2.728485657104737,0.7881161307085639
0.02,2.7304202801867916,0.7862638612618736
0.02,2.7323549032688463,0.7844231701097893
0.02,2.734289526350901,0.7825939595883233
0.02,2.7362241494329558,0.7807761329837223
0.02,2.7381587725150105,0.7789695945238573
0.02,2.740093395597065,0.777174249369627
0.02,2.7420280186791195,0.7753900036063761
0.02,2.743962641761174,0.7736167642353335
0.02,2.745897264843229,0.771854439165079
0.02,2.7478318879252837,0.7701029372030237
0.02,2.7497665110073384,0.7683621680469341
0.02,2.751701134089393,0.7666320422764736
0.02,2.753635757171448,0.764912471344786
0.02,2.7555703802535025,0.763203367570111
0.02,2.7575050033355573,0.7615046441274381
0.02,2.759439626417612,0.759816215040202
0.02,2.7613742494996667,0.7581379951720171
0.02,2.7633088725817214,0.7564699002184588
0.02,2.765243495663776,0.7548118466988848
0.02,2.7671781187458304,0.7531637519483108
0.02,2.769112741827885,0.7515255341093264
0.02,2.77104736490994,0.7498971121240684
0.02,2.7729819879919946,0.7482784057262382
0.02,2.7749166110740493,0.7466693354331736
0.02,2.776851234156104,0.7450698225379782
0.02,2.7787858572381587,0.7434797891016967
0.02,2.7807204803202135,0.7418991579455552
0.02,2.782655103402268,0.7403278526432453
0.02,2.784589726484323,0.7387657975132781
0.02,2.7865243495663776,0.737212917611387
0.02,2.7884589726484323,0.7356691387229913
0.02,2.790393595730487,0.7341343873557197
0.02,2.792328218812542,0.7326085907319897
0.02,2.7942628418945965,0.7310916767816521
0.02,2.7961974649766512,0.7295835741346914
0.02,2.798132088058706,0.7280842121139911
0.02,2.8000667111407607,0.7265935207281512
0.02,2.8020013342228154,0.72511143066438
0.02,2.80393595730487,0.7236378732814364
0.02,2.805870580386925,0.7221727806026406
0.02,2.8078052034689795,0.7207160853089425
0.02,2.8097398265510343,0.7192677207320531
0.02,2.811674449633089,0.717827620847642
0.02,2.8136090727151437,0.7163957202685904
0.02,2.8155436957971984,0.7149719542383137
0.02,2.817478318879253,0.7135562586241361
0.02,2.819412941961308,0.7121485699107402
0.02,2.8213475650433626,0.710748825193667
0.02,2.8232821881254173,0.709356962172887
0.02,2.825216811207472,0.7079729191464254
0.02,2.8271514342895268,0.7065966350040533
0.02,2.8290860573715815,0.705228049221041
0.02,2.831020680453636,0.703867101851972
0.02,2.832955303535691,0.7025137335246141
0.02,2.8348899266177456,0.7011678854338578
0.02,2.8368245496998004,0.6998294993357107
0.02,2.838759172781855,0.6984985175413542
0.02,2.84069379586391,0.697174882911262
0.02,2.842628418945964,0.695858538849374
0.02,2.844563042028019,0.6945494292973299
0.02,2.8464976651100735,0.6932474987287702
0.02,2.8484322881921282,0.6919526921436862
0.02,2.850366911274183,0.6906649550628328
0.02,2.8523015343562377,0.689384233522199
0.02,2.8542361574382924,0.6881104740675348
0.02,2.856170780520347,0.6868436237489404
0.02,2.858105403602402,0.6855836301155063
0.02,2.8600400266844566,0.6843304412100123
0.02,2.8619746497665113,0.683084005563683
0.02,2.863909272848566,0.6818442721910005
0.02,2.8658438959306207,0.6806111905845699
0.02,2.867778519012675,0.6793847107100418
0.02,2.8697131420947297,0.6781647830010861
0.02,2.8716477651767844,0.6769513583544248
0.02,2.873582388258839,0.6757443881249152
0.02,2.875517011340894,0.6745438241206867
0.02,2.8774516344229486,0.6733496185983306
0.02,2.8793862575050033,0.6721617242581434
0.02,2.881320880587058,0.6709800942394182
0.02,2.8832555036691128,0.669804682115794
0.02,2.8851901267511675,0.6686354418906502
0.02,2.887124749833222,0.6674723279925541
0.02,2.889059372915277,0.6663152952707565
0.02,2.8909939959973316,0.6651642989907414
0.02,2.8929286190793864,0.6640192948298201
0.02,2.894863242161441,0.662880238872776
0.02,2.896797865243496,0.6617470876075575
0.02,2.8987324883255505,0.6606197979210183
0.02,2.9006671114076052,0.6594983270947067
0.02,2.90260173448966,0.6583826328006984
0.02,2.9045363575717147,0.657272673097479
0.02,2.9064709806537694,0.6561684064258699
0.02,2.908405603735824,0.6550697916050032
0.02,2.910340226817879,0.6539767878283358
0.02,2.9122748498999336,0.6528893546597152
0.02,2.9142094729819883,0.6518074520294829
0.02,2.916144096064043,0.650731040230625
0.02,2.9180787191460977,0.6496600799149667
0.02,2.9200133422281525,0.6485945320894069
0.02,2.921947965310207,0.6475343581121962
0.02,2.923882588392262,0.6464795196892567
0.02,2.9258172114743166,0.6454299788705455
0.02,2.9277518345563713,0.644385698046455
0.02,2.929686457638426,0.6433466399442562
0.02,2.9316210807204808,0.6423127676245837
0.02,2.9335557038025355,0.6412840444779538
0.02,2.93549032688459,0.6402604342213337
0.02,2.937424949966645,0.6392419008947356
0.02,2.9393595730486997,0.6382284088578603
0.02,2.9412941961307544,0.6372199227867709
0.02,2.9432288192128087,0.6362164076706123
0.02,2.9451634422948634,0.6352178288083578
0.02,2.947098065376918,0.6342241518056027
0.02,2.949032688458973,0.6332353425713858
0.02,2.9509673115410275,0.6322513673150514
0.02,2.9529019346230823,0.6312721925431467
0.02,2.954836557705137,0.6302977850563527
0.02,2.9567711807871917,0.6293281119464504
0.02,2.9587058038692464,0.6283631405933212
0.02,2.960640426951301,0.6274028386619822
0.02,2.962575050033356,0.6264471740996546
0.02,2.9645096731154106,0.6254961151328633
0.02,2.9664442961974653,0.624549630264574
0.02,2.9683789192795196,0.6236076882713565
0.02,2.9703135423615743,0.6226702582005861
0.02,2.972248165443629,0.6217373093676724
0.02,2.9741827885256837,0.6208088113533213
0.02,2.9761174116077385,0.6198847340008284
0.02,2.978052034689793,0.6189650474134007
0.02,2.979986657771848,0.6180497219515115
0.02,2.9819212808539026,0.6171387282302838
0.02,2.9838559039359573,0.6162320371169012
0.02,2.985790527018012,0.6153296197280536
0.02,2.987725150100067,0.6144314474274051
0.02,2.9896597731821215,0.6135374918230949
0.02,2.9915943962641762,0.6126477247652653
0.02,2.993529019346231,0.6117621183436167
0.02,2.9954636424282857,0.6108806448849916
0.02,2.9973982655103404,0.6100032769509842
0.02,2.999332888592395,0.6091299873355783
0.02,3.00126751167445,0.6082607490628108
0.02,3.0032021347565045,0.6073955353844631
0.02,3.0051367578385593,0.6065343197777748
0.02,3.007071380920614,0.6056770759431882
0.02,3.0090060040026687,0.6048237778021142
0.02,3.0109406270847234,0.6039743994947246
0.02,3.012875250166778,0.6031289153777692
0.02,3.014809873248833,0.6022873000224179
0.02,3.0167444963308876,0.601449528212125
0.02,3.0186791194129423,0.6006155749405198
0.02,3.020613742494997,0.5997854154093206
0.02,3.0225483655770518,0.5989590250262685
0.02,3.0244829886591065,0.5981363794030901
0.02,3.026417611741161,0.5973174543534775
0.02,3.028352234823216,0.5965022258910949
0.02,3.0302868579052706,0.5956906702276044
0.02,3.0322214809873254,0.5948827637707155
0.02,3.03415610406938,0.5940784831222565
0.02,3.036090727151435,0.5932778050762659
0.02,3.0380253502334895,0.592480706617107
0.02,3.0399599733155442,0.5916871649176002
0.02,3.041894596397599,0.5908971573371811
0.02,3.0438292194796532,0.5901106614200738
0.02,3.045763842561708,0.5893276548934876
0.02,3.0476984656437627,0.5885481156658329
0.02,3.0496330887258174,0.5877720218249558
0.02,3.051567711807872,0.586999351636395
0.02,3.053502334889927,0.586230083541654
0.02,3.0554369579719816,0.5854641961564959
0.02,3.0573715810540363,0.5847016682692552
0.02,3.059306204136091,0.5839424788391673
0.02,3.0612408272181457,0.5831866069947199
0.02,3.0631754503002004,0.5824340320320192
0.02,3.065110073382255,0.5816847334131744
0.02,3.06704469646431,0.5809386907647008
0.02,3.068979319546364,0.5801958838759417
0.02,3.070913942628419,0.5794562926975041
0.02,3.0728485657104736,0.5787198973397154
0.02,3.0747831887925283,0.5779866780710936
0.02,3.076717811874583,0.5772566153168366
0.02,3.0786524349566378,0.5765296896573264
0.02,3.0805870580386925,0.5758058818266517
0.02,3.082521681120747,0.5750851727111439
0.02,3.084456304202802,0.5743675433479296
0.02,3.0863909272848566,0.5736529749235023
0.02,3.0883255503669114,0.5729414487723037
0.02,3.090260173448966,0.5722329463753266
0.02,3.092194796531021,0.5715274493587275
0.02,3.0941294196130755,0.5708249394924568
0.02,3.0960640426951302,0.5701253986889052
0.02,3.097998665777185,0.5694288090015622
0.02,3.0999332888592397,0.56873515262369
0.02,3.1018679119412944,0.5680444118870109
0.02,3.103802535023349,0.5673565692604109
0.02,3.105737158105404,0.566671607348656
0.02,3.1076717811874586,0.5659895088911217
0.02,3.1096064042695133,0.5653102567605364
0.02,3.111541027351568,0.5646338339617389
0.02,3.1134756504336227,0.5639602236304492
0.02,3.1154102735156775,0.5632894090320526
0.02,3.117344896597732,0.5626213735603948
0.02,3.119279519679787,0.561956100736592
0.02,3.1212141427618416,0.561293574207854
0.02,3.1231487658438963,0.560633777746318
0.02,3.125083388925951,0.5599766952478962
0.02,3.1270180120080058,0.5593223107311345
0.02,3.1289526350900605,0.5586706083360844
0.02,3.130887258172115,0.5580215723231864
0.02,3.13282188125417,0.5573751870721656
0.02,3.1347565043362247,0.5567314370809388
0.02,3.1366911274182794,0.5560903069645308
0.02,3.138625750500334,0.5554517814540074
0.02,3.140560373582389,0.5548158453954154
0.02,3.1424949966644435,0.554182483748734
0.02,3.144429619746498,0.5535516815868399
0.02,3.1463642428285525,0.5529234240944787
0.02,3.1482988659106073,0.552297696567254
0.02,3.150233488992662,0.5516744844106198
0.02,3.1521681120747167,0.5510537731388878
0.02,3.1541027351567714,0.5504355483742441
0.02,3.156037358238826,0.5498197958457751
0.02,3.157971981320881,0.5492065013885064
0.02,3.1599066044029356,0.5485956509424477
0.02,3.1618412274849903,0.5479872305516512
0.02,3.163775850567045,0.547381226363277
0.02,3.1657104736490997,0.5467776246266712
0.02,3.167645096731154,0.5461764116924506
0.02,3.1695797198132087,0.5455775740115983
0.02,3.1715143428952635,0.5449810981345696
0.02,3.173448965977318,0.5443869707104042
0.02,3.175383589059373,0.5437951784858512
0.02,3.1773182121414276,0.5432057083045009
0.02,3.1792528352234823,0.5426185471059249
0.02,3.181187458305537,0.5420336819248276
0.02,3.183122081387592,0.5414510998902043
0.02,3.1850567044696465,0.5408707882245081
0.02,3.1869913275517012,0.5402927342428266
0.02,3.188925950633756,0.5397169253520662
0.02,3.1908605737158107,0.5391433490501434
0.02,3.1927951967978654,0.5385719929251883
0.02,3.19472981987992,0.5380028446547516
0.02,3.196664442961975,0.5374358920050215
0.02,3.1985990660440295,0.5368711228300507
0.02,3.2005336891260843,0.5363085250709875
0.02,3.202468312208139,0.5357480867553176
0.02,3.2044029352901937,0.535189795996112
0.02,3.2063375583722484,0.5346336409912832
0.02,3.208272181454303,0.5340796100228485
0.02,3.210206804536358,0.5335276914562017
0.02,3.2121414276184126,0.5329778737393905
0.02,3.2140760507004673,0.532430145402403
0.02,3.216010673782522,0.5318844950564593
0.02,3.2179452968645768,0.5313409113933129
0.02,3.2198799199466315,0.5307993831845558
0.02,3.221814543028686,0.5302598992809344
0.02,3.223749166110741,0.5297224486116691
0.02,3.2256837891927956,0.5291870201837799
0.02,3.2276184122748504,0.5286536030814256
0.02,3.229553035356905,0.5281221864652399
0.02,3.23148765843896,0.5275927595716801
0.02,3.2334222815210145,0.5270653117123826
0.02,3.2353569046030692,0.5265398322735216
0.02,3.237291527685124,0.5260163107151762
0.02,3.2392261507671787,0.5254947365707029
0.02,3.2411607738492334,0.5249750994461162
0.02,3.2430953969312877,0.524457389019472
0.02,3.2450300200133424,0.5239415950402603
0.02,3.246964643095397,0.5234277073288018
0.02,3.248899266177452,0.5229157157756514
0.02,3.2508338892595066,0.522405610341008
0.02,3.2527685123415613,0.5218973810541278
0.02,3.254703135423616,0.5213910180127463
0.02,3.2566377585056707,0.520886511382505
0.02,3.2585723815877254,0.5203838513963818
0.02,3.26050700466978,0.5198830283541298
0.02,3.262441627751835,0.51938403262172
0.02,3.2643762508338896,0.5188868546307894
0.02,3.2663108739159443,0.5183914848780949
0.02,3.2682454969979986,0.517897913924973
0.02,3.2701801200800533,0.517406132396803
0.02,3.272114743162108,0.5169161309824777
0.02,3.2740493662441628,0.5164279004338772
0.02,3.2759839893262175,0.5159414315653491
0.02,3.277918612408272,0.5154567152531939
0.02,3.279853235490327,0.5149737424351529
0.02,3.2817878585723816,0.5144925041099043
0.02,3.2837224816544364,0.5140129913365635
0.02,3.285657104736491,0.5135351952341849
0.02,3.287591727818546,0.5130591069812738
0.02,3.2895263509006005,0.5125847178152975
0.02,3.2914609739826552,0.5121120190322063
0.02,3.29339559706471,0.5116410019859543
0.02,3.2953302201467647,0.5111716580880292
0.02,3.2972648432288194,0.5107039788069823
0.02,3.299199466310874,0.5102379556679663
0.02,3.301134089392929,0.5097735802522763
0.02,3.3030687124749836,0.5093108441968944
0.02,3.3050033355570383,0.5088497391940403
0.02,3.306937958639093,0.5083902569907238
0.02,3.3088725817211477,0.5079323893883043
0.02,3.3108072048032025,0.5074761282420528
0.02,3.312741827885257,0.5070214654607181
0.02,3.314676450967312,0.5065683930060965
0.02,3.3166110740493666,0.5061169028926081
0.02,3.3185456971314213,0.5056669871868742
0.02,3.320480320213476,0.5052186380073
0.02,3.3224149432955308,0.5047718475236617
0.02,3.3243495663775855,0.5043266079566949
0.02,3.32628418945964,0.503882911577691
0.02,3.328218812541695,0.503440750708094
0.02,3.3301534356237497,0.5030001177191026
0.02,3.3320880587058044,0.5025610050312748
0.02,3.334022681787859,0.5021234051141378
0.02,3.335957304869914,0.5016873104858002
0.02,3.3378919279519685,0.5012527137125686
0.02,3.3398265510340233,0.5008196074085678
0.02,3.341761174116078,0.5003879842353627
0.02,3.3436957971981323,0.4999578369015868
0.02,3.345630420280187,0.4995291581625715
0.02,3.3475650433622417,0.4991019408199801
0.02,3.3494996664442964,0.4986761777214454
0.02,3.351434289526351,0.4982518617602088
0.02,3.353368912608406,0.4978289858747654
0.02,3.3553035356904606,0.4974075430485099
0.02,3.3572381587725153,0.4969875263093878
0.02,3.35917278185457,0.496568928729548
0.02,3.3611074049366247,0.49615174342499974
0.02,3.3630420280186795,0.49573596355527205
0.02,3.364976651100734,0.49532158232307727
0.02,3.366911274182789,0.4949085929739765
0.02,3.368845897264843,0.49449698879604786
0.02,3.370780520346898,0.494086763119559
0.02,3.3727151434289526,0.4936779093166435
0.02,3.3746497665110073,0.4932704208009754
0.02,3.376584389593062,0.4928642910274531
0.02,3.378519012675117,0.49245951349188133
0.02,3.3804536357571715,0.49205608173065785
0.02,3.3823882588392262,0.491653989320464
0.02,3.384322881921281,0.4912532298779547
0.02,3.3862575050033357,0.49085379705945514
0.02,3.3881921280853904,0.49045568456065736
0.02,3.390126751167445,0.4900588861163218
0.02,3.3920613742495,0.4896633954999786
0.02,3.3939959973315545,0.4892692065236348
0.02,3.3959306204136093,0.48887631303748197
0.02,3.397865243495664,0.48848470892960705
0.02,3.3997998665777187,0.48809438812570605
0.02,3.4017344896597734,0.48770534458880044
0.02,3.403669112741828,0.48731757231895484
0.02,3.405603735823883,0.48693106535299874
0.02,3.4075383589059376,0.48654581776425015
0.02,3.4094729819879923,0.4861618236622407
0.02,3.411407605070047,0.48577907719244545
0.02,3.4133422281521018,0.4853975725360119
0.02,3.4152768512341565,0.4850173039094949
0.02,3.417211474316211,0.4846382655645913
0.02,3.419146097398266,0.4842604517878777
0.02,3.4210807204803206,0.483883856900551
0.02,3.4230153435623754,0.4835084752581705
0.02,3.42494996664443,0.48313430125040274
0.02,3.426884589726485,0.48276132930076887
0.02,3.4288192128085395,0.48238955386639293
0.02,3.4307538358905942,0.4820189694377537
0.02,3.432688458972649,0.4816495705384383
0.02,3.4346230820547037,0.4812813517248972
0.02,3.4365577051367584,0.4809143075862032
0.02,3.438492328218813,0.4805484327438096
0.02,3.440426951300868,0.48018372185131375
0.02,3.4423615743829226,0.47982016959422025
0.02,3.444296197464977,0.47945777068970735
0.02,3.4462308205470316,0.4790965198863943
0.02,3.4481654436290863,0.4787364119641124
0.02,3.450100066711141,0.478377441733677
0.02,3.4520346897931957,0.4780196040366605
0.02,3.4539693128752504,0.4776628937451693
0.02,3.455903935957305,0.4773073057616215
0.02,3.45783855903936,0.47695283501852687
0.02,3.4597731821214146,0.47659947647826767
0.02,3.4617078052034693,0.47624722513288326
0.02,3.463642428285524,0.4758960760038549
0.02,3.4655770513675788,0.4755460241418933
0.02,3.4675116744496335,0.4751970646267274
0.02,3.4694462975316878,0.4748491925668955
0.02,3.4713809206137425,0.47450240309953745
0.02,3.473315543695797,0.4741566913901898
0.02,3.475250166777852,0.47381205263258097
0.02,3.4771847898599066,0.4734684820484302
0.02,3.4791194129419614,0.4731259748872456
0.02,3.481054036024016,0.47278452642612734
0.02,3.482988659106071,0.4724441319695688
0.02,3.4849232821881255,0.47210478684926266
0.02,3.4868579052701802,0.471766486423906
0.02,3.488792528352235,0.4714292260790085
0.02,3.4907271514342897,0.47109300122670256
0.02,3.4926617745163444,0.47075780730555356
0.02,3.494596397598399,0.4704236397803727
0.02,3.496531020680454,0.47009049414203186
0.02,3.4984656437625086,0.46975836590727865
0.02,3.5004002668445633,0.4694272506185539
0.02,3.502334889926618,0.46909714384381107
0.02,3.5042695130086727,0.4687680411763355
0.02,3.5062041360907275,0.4684399382345676
0.02,3.508138759172782,0.4681128306619252
0.02,3.510073382254837,0.46778671412662887
0.02,3.5120080053368916,0.4674615843215276
0.02,3.5139426284189463,0.46713743696392723
0.02,3.515877251501001,0.46681426779541885
0.02,3.5178118745830558,0.46649207258171027
0.02,3.5197464976651105,0.46617084711245665
0.02,3.521681120747165,0.4658505872010948
0.02,3.52361574382922,0.46553128868467764
0.02,3.5255503669112747,0.4652129474237099
0.02,3.5274849899933294,0.46489555930198617
0.02,3.529419613075384,0.4645791202264289
0.02,3.5313542361574384,0.4642636261269286
0.02,3.533288859239493,0.4639490729561856
0.02,3.535223482321548,0.4636354566895521
0.02,3.5371581054036025,0.46332277332487676
0.02,3.5390927284856573,0.4630110188823492
0.02,3.541027351567712,0.4627001894043468
0.02,3.5429619746497667,0.46239028095528245
0.02,3.5448965977318214,0.46208128962145356
0.02,3.546831220813876,0.4617732115108916
0.02,3.548765843895931,0.4614660427532144
0.02,3.5507004669779856,0.4611597794994779
0.02,3.5526350900600403,0.4608544179220305
0.02,3.554569713142095,0.4605499542143675
0.02,3.5565043362241497,0.4602463845909879
0.02,3.5584389593062045,0.45994370528725087
0.02,3.560373582388259,0.45964191255923453
0.02,3.562308205470314,0.459341002683596
0.02,3.5642428285523686,0.459040971957431
0.02,3.5661774516344233,0.4587418166981366
0.02,3.568112074716478,0.45844353324327375
0.02,3.570046697798533,0.45814611795043125
0.02,3.5719813208805875,0.45784956719709063
0.02,3.5739159439626422,0.4575538773804931
0.02,3.575850567044697,0.45725904491750563
0.02,3.5777851901267517,0.4569650662444904
0.02,3.5797198132088064,0.456671937817173
0.02,3.5816544362908607,0.4563796561105139
0.02,3.5835890593729154,0.4560882176185787
0.02,3.58552368245497,0.45579761885441145
0.02,3.587458305537025,0.45550785634990765
0.02,3.5893929286190795,0.4552189266556889
0.02,3.5913275517011343,0.454930826340978
0.02,3.593262174783189,0.45464355199347545
0.02,3.5951967978652437,0.4543571002192368
0.02,3.5971314209472984,0.45407146764255135
0.02,3.599066044029353,0.4537866509058209
0.02,3.601000667111408,0.4535026466694395
0.02,3.6029352901934626,0.45321945161167654
0.02,3.6048699132755173,0.45293706242855664
0.02,3.606804536357572,0.4526554758337435
0.02,3.6087391594396268,0.452374688558425
0.02,3.6106737825216815,0.4520946973511955
0.02,3.612608405603736,0.4518154989779441
0.02,3.614543028685791,0.4515370902217397
0.02,3.6164776517678456,0.451259467882719
0.02,3.6184122748499004,0.4509826287779746
0.02,3.620346897931955,0.45070656974144485
0.02,3.62228152101401,0.45043128762380324
0.02,3.6242161440960645,0.4501567792923499
0.02,3.6261507671781192,0.4498830416309026
0.02,3.628085390260174,0.44961007153969035
0.02,3.6300200133422287,0.44933786593524605
0.02,3.631954636424283,0.4490664217503015
0.02,3.6338892595063377,0.44879573593368133
0.02,3.6358238825883924,0.44852580545020027
0.02,3.637758505670447,0.4482566272805583
0.02,3.639693128752502,0.4479881984212398
0.02,3.6416277518345566,0.44772051588441075
0.02,3.6435623749166113,0.4474535766978174
0.02,3.645496997998666,0.447187377904687
0.02,3.6474316210807207,0.4469219165636281
0.02,3.6493662441627754,0.4466571897485315
0.02,3.65130086724483,0.44639319454847304
0.02,3.653235490326885,0.4461299280676149
0.02,3.6551701134089396,0.4458673874251113
0.02,3.6571047364909943,0.445605569755011
0.02,3.659039359573049,0.445344472206163
0.02,3.6609739826551038,0.44508409194212256
0.02,3.6629086057371585,0.44482442614105716
0.02,3.664843228819213,0.44456547199565366
0.02,3.666777851901268,0.44430722671302625
0.02,3.6687124749833226,0.44404968751462537
0.02,3.6706470980653774,0.4437928516361459
0.02,3.672581721147432,0.44353671632743796
0.02,3.674516344229487,0.44328127885241764
0.02,3.6764509673115415,0.44302653648897744
0.02,3.6783855903935962,0.4427724865288986
0.02,3.680320213475651,0.4425191262777639
0.02,3.6822548365577052,0.4422664530548703
0.02,3.68418945963976,0.4420144641931432
0.02,3.6861240827218147,0.4417631570390512
0.02,3.6880587058038694,0.4415125289525205
0.02,3.689993328885924,0.44126257730685176
0.02,3.691927951967979,0.441013299488635
0.02,3.6938625750500336,0.4407646928976682
0.02,3.6957971981320883,0.4405167549468738
0.02,3.697731821214143,0.44026948306221736
0.02,3.6996664442961977,0.4400228746826266
0.02,3.7016010673782525,0.43977692725991047
0.02,3.703535690460307,0.4395316382586797
0.02,3.705470313542362,0.4392870051562667
0.02,3.7074049366244166,0.43904302544264723
0.02,3.7093395597064713,0.4387996966203622
0.02,3.711274182788526,0.43855701620444026
0.02,3.7132088058705808,0.4383149817223201
0.02,3.7151434289526355,0.438073590713774
0.02,3.71707805203469,0.4378328407308329
0.02,3.719012675116745,0.43759272933771004
0.02,3.7209472981987997,0.437353254110726
0.02,3.7228819212808544,0.43711441263823503
0.02,3.724816544362909,0.4368762025205513
0.02,3.726751167444964,0.4366386213698752
0.02,3.7286857905270185,0.43640166681022063
0.02,3.7306204136090733,0.43616533647734396
0.02,3.7325550366911275,0.4359296280186703
0.02,3.7344896597731823,0.43569453909322486
0.02,3.736424282855237,0.4354600673715603
0.02,3.7383589059372917,0.4352262105356879
0.02,3.7402935290193464,0.43499296627900724
0.02,3.742228152101401,0.43476033230623773
0.02,3.744162775183456,0.4345283063333494
0.02,3.7460973982655106,0.4342968860874954
0.02,3.7480320213475653,0.4340660693069439
0.02,3.74996664442962,0.43383585374101136
0.02,3.7519012675116747,0.4336062371499956
0.02,3.7538358905937295,0.43337721730510986
0.02,3.755770513675784,0.433148791988417
0.02,3.757705136757839,0.43292095899276406
0.02,3.7596397598398936,0.4326937161217182
0.02,3.7615743829219483,0.43246706118950146
0.02,3.763509006004003,0.4322409920209281
0.02,3.765443629086058,0.43201550645133946
0.02,3.7673782521681125,0.4317906023265432
0.02,3.7693128752501672,0.4315662775027493
0.02,3.771247498332222,0.4313425298465084
0.02,3.7731821214142767,0.43111935723465017
0.02,3.7751167444963314,0.4308967575542228
0.02,3.777051367578386,0.4306747287024306
0.02,3.778985990660441,0.4304532685865761
0.02,3.7809206137424956,0.43023237512399765
0.02,3.78285523682455,0.4300120462420123
0.02,3.7847898599066045,0.4297922798778547
0.02,3.7867244829886593,0.4295730739786197
0.02,3.788659106070714,0.4293544265012043
0.02,3.7905937291527687,0.42913633541224894
0.02,3.7925283522348234,0.42891879868808075
0.02,3.794462975316878,0.428701814314656
0.02,3.796397598398933,0.42848538028750416
0.02,3.7983322214809876,0.4282694946116716
0.02,3.8002668445630423,0.42805415530166496
0.02,3.802201467645097,0.42783936038139714
0.02,3.8041360907271518,0.4276251078841308
0.02,3.8060707138092065,0.4274113958524247
0.02,3.808005336891261,0.42719822233807875
0.02,3.809939959973316,0.4269855854020809
0.02,3.8118745830553706,0.42677348311455265
0.02,3.8138092061374254,0.42656191355469725
0.02,3.81574382921948,0.4263508748107449
0.02,3.817678452301535,0.42614036497990226
0.02,3.8196130753835895,0.4259303821682997
0.02,3.8215476984656442,0.42572092449093907
0.02,3.823482321547699,0.42551199007164286
0.02,3.8254169446297537,0.4253035770430034
0.02,3.8273515677118084,0.4250956835463319
0.02,3.829286190793863,0.424888307731608
0.02,3.831220813875918,0.42468144775743016
0.02,3.833155436957972,0.4244751017909661
0.02,3.835090060040027,0.4242692680079029
0.02,3.8370246831220816,0.4240639445923987
0.02,3.8389593062041363,0.4238591297370342
0.02,3.840893929286191,0.4236548216427638
0.02,3.8428285523682457,0.4234510185188681
0.02,3.8447631754503004,0.42324771858290583
0.02,3.846697798532355,0.42304492006066735
0.02,3.84863242161441,0.42284262118612687
0.02,3.8505670446964646,0.42264082020139604
0.02,3.8525016677785193,0.4224395153566781
0.02,3.854436290860574,0.42223870491022136
0.02,3.8563709139426288,0.42203838712827313
0.02,3.8583055370246835,0.4218385602850353
0.02,3.860240160106738,0.4216392226626188
0.02,3.862174783188793,0.42144037255099803
0.02,3.8641094062708476,0.42124200824796776
0.02,3.8660440293529024,0.42104412805909797
0.02,3.867978652434957,0.4208467302976902
0.02,3.869913275517012,0.4206498132847343
0.02,3.8718478985990665,0.4204533753488642
0.02,3.8737825216811212,0.42025741482631596
0.02,3.875717144763176,0.42006193006088477
0.02,3.8776517678452307,0.41986691940388166
0.02,3.8795863909272854,0.4196723812140923
0.02,3.88152101400934,0.41947831385773526
0.02,3.8834556370913944,0.4192847157084192
0.02,3.885390260173449,0.4190915851471027
0.02,3.887324883255504,0.418898920562053
0.02,3.8892595063375586,0.41870672034880435
0.02,3.8911941294196133,0.41851498291011907
0.02,3.893128752501668,0.4183237066559458
0.02,3.8950633755837227,0.41813289000338016
0.02,3.8969979986657775,0.4179425313766256
0.02,3.898932621747832,0.41775262920695294
0.02,3.900867244829887,0.41756318193266156
0.02,3.9028018679119416,0.4173741879990408
0.02,3.9047364909939963,0.41718564585833096
0.02,3.906671114076051,0.416997553969685
0.02,3.9086057371581058,0.41680991079913027
0.02,3.9105403602401605,0.4166227148195307
0.02,3.912474983322215,0.41643596451054893
0.02,3.91440960640427,0.4162496583586096
0.02,3.9163442294863247,0.4160637948568608
0.02,3.9182788525683794,0.41587837250513876
0.02,3.920213475650434,0.41569338980993
0.02,3.922148098732489,0.41550884528433535
0.02,3.9240827218145435,0.41532473744803355
0.02,3.9260173448965983,0.4151410648272455
0.02,3.927951967978653,0.4149578259546982
0.02,3.9298865910607077,0.4147750193695899
0.02,3.9318212141427624,0.41459264361755355
0.02,3.9337558372248167,0.4144106972506234
0.02,3.9356904603068714,0.4142291788271987
0.02,3.937625083388926,0.41404808691200995
0.02,3.939559706470981,0.4138674200760846
0.02,3.9414943295530356,0.41368717689671197
0.02,3.9434289526350903,0.4135073559574105
0.02,3.945363575717145,0.413327955847893
0.02,3.9472981987991997,0.41314897516403415
0.02,3.9492328218812545,0.41297041250783634
0.02,3.951167444963309,0.41279226648739703
0.02,3.953102068045364,0.41261453571687595
0.02,3.9550366911274186,0.4124372188164622
0.02,3.9569713142094733,0.41226031441234207
0.02,3.958905937291528,0.4120838211366665
0.02,3.960840560373583,0.4119077376275194
0.02,3.9627751834556375,0.41173206252888567
0.02,3.9647098065376922,0.41155679449061944
0.02,3.966644429619747,0.41138193216841323
0.02,3.9685790527018017,0.4112074742237658
0.02,3.9705136757838564,0.4110334193239518
0.02,3.972448298865911,0.41085976614199105
0.02,3.974382921947966,0.41068651335661743
0.02,3.9763175450300206,0.41051365965224895
0.02,3.9782521681120753,0.41034120371895694
0.02,3.98018679119413,0.4101691442524362
0.02,3.9821214142761847,0.40999747995397606
0.02,3.984056037358239,0.4098262095304292
0.02,3.9859906604402937,0.4096553316941829
0.02,3.9879252835223484,0.40948484516313016
0.02,3.989859906604403,0.40931474866064
0.02,3.991794529686458,0.40914504091552845
0.02,3.9937291527685126,0.40897572066203064
0.02,3.9956637758505673,0.4088067866397713
0.02,3.997598398932622,0.40863823759373646
0.02,3.9995330220146768,0.40847007227424614
0.02,4.0014676450967315,0.40830228943692526
0.02,4.003402268178786,0.40813488784267654
0.02,4.005336891260841,0.40796786625765225
0.02,4.007271514342896,0.40780122345322734
0.02,4.00920613742495,0.407634958205971
0.02,4.011140760507005,0.40746906929762117
0.02,4.01307538358906,0.4073035555150559
0.02,4.0150100066711145,0.40713841565026776
0.02,4.016944629753169,0.406973648500336
0.02,4.018879252835224,0.40680925286740127
0.02,4.020813875917279,0.40664522755863847
0.02,4.022748498999333,0.40648157138623076
0.02,4.024683122081388,0.4063182831673438
0.02,4.026617745163443,0.40615536172409955
0.02,4.028552368245498,0.4059928058835509
0.02,4.030486991327552,0.4058306144776559
0.02,4.032421614409607,0.40566878634325254
0.02,4.034356237491661,0.4055073203220334
0.02,4.036290860573716,0.4053462152605207
0.02,4.03822548365577,0.4051854700100415
0.02,4.040160106737826,0.4050250834267024
0.02,4.04209472981988,0.4048650543713661
0.02,4.044029352901935,0.4047053817096253
0.02,4.045963975983989,0.4045460643117801
0.02,4.047898599066045,0.4043871010528121
0.02,4.049833222148099,0.40422849081236256
0.02,4.051767845230154,0.40407023247470636
0.02,4.053702468312208,0.40391232492872964
0.02,4.055637091394264,0.40375476706790564
0.02,4.0575717144763175,0.40359755779027173
0.02,4.059506337558373,0.4034406959984055
0.02,4.061440960640427,0.4032841805994026
0.02,4.0633755837224825,0.4031280105048524
0.02,4.065310206804536,0.40297218463081647
0.02,4.067244829886592,0.4028167018978046
0.02,4.069179452968646,0.4026615612307538
0.02,4.071114076050701,0.4025067615590038
0.02,4.073048699132755,0.4023523018162767
0.02,4.074983322214811,0.4021981809406533
0.02,4.076917945296865,0.4020443978745523
0.02,4.07885256837892,0.4018909515647075
0.02,4.080787191460974,0.4017378409621461
0.02,4.08272181454303,0.40158506502216734
0.02,4.084656437625084,0.40143262270432145
0.02,4.086591060707138,0.4012805129723866
0.02,4.088525683789193,0.40112873479434963
0.02,4.090460306871248,0.4009772871423839
0.02,4.0923949299533025,0.4008261689928277
0.02,4.094329553035357,0.400675379326165
0.02,4.096264176117412,0.40052491712700317
0.02,4.098198799199467,0.40037478138405314
0.02,4.100133422281521,0.40022497109010857
0.02,4.102068045363576,0.40007548524202585
0.02,4.104002668445631,0.3999263228407029
0.02,4.1059372915276855,0.3997774828910605
0.02,4.10787191460974,0.3996289644020206
0.02,4.109806537691795,0.39948076638648783
0.02,4.11174116077385,0.39933288786132903
0.02,4.113675783855904,0.39918532784735333
0.02,4.115610406937959,0.3990380853692933
0.02,4.117545030020014,0.39889115945578496
0.02,4.1194796531020685,0.3987445491393486
0.02,4.121414276184123,0.3985982534563694
0.02,4.123348899266178,0.3984522714470792
0.02,4.125283522348233,0.39830660215553576
0.02,4.127218145430287,0.39816124462960606
0.02,4.129152768512342,0.3980161979209456
0.02,4.131087391594397,0.39787146108498095
0.02,4.133022014676452,0.3977270331808905
0.02,4.134956637758506,0.3975829132715867
0.02,4.13689126084056,0.39743910042369734
0.02,4.138825883922616,0.397295593707547
0.02,4.14076050700467,0.3971523921971397
0.02,4.142695130086725,0.39700949497014015
0.02,4.144629753168779,0.3968669011078562
0.02,4.146564376250835,0.3967246096952215
0.02,4.1484989993328885,0.3965826198207765
0.02,4.150433622414944,0.39644093057665225
0.02,4.152368245496998,0.3962995410585522
0.02,4.1543028685790535,0.3961584503657347
0.02,4.156237491661107,0.39601765760099644
0.02,4.158172114743163,0.39587716187065386
0.02,4.160106737825217,0.39573696228452815
0.02,4.162041360907272,0.3955970579559259
0.02,4.163975983989326,0.39545744800162436
0.02,4.165910607071382,0.3953181315418527
0.02,4.167845230153436,0.3951791077002772
0.02,4.169779853235491,0.39504037560398275
0.02,4.171714476317545,0.3949019343834582
0.02,4.173649099399601,0.3947637831725785
0.02,4.1755837224816545,0.3946259211085893
0.02,4.17751834556371,0.3944883473320897
0.02,4.179452968645764,0.3943510609870175
0.02,4.18138759172782,0.39421406122063185
0.02,4.183322214809873,0.3940773471834984
0.02,4.185256837891928,0.3939409180294725
0.02,4.187191460973983,0.39380477291568416
0.02,4.189126084056038,0.3936689110025219
0.02,4.191060707138092,0.3935333314536173
0.02,4.192995330220147,0.3933980334358297
0.02,4.194929953302202,0.3932630161192305
0.02,4.1968645763842565,0.3931282786770877
0.02,4.198799199466311,0.3929938202858516
0.02,4.200733822548366,0.3928596401251385
0.02,4.202668445630421,0.3927257373777163
0.02,4.204603068712475,0.392592111229489
0.02,4.20653769179453,0.39245876086948267
0.02,4.208472314876585,0.3923256854898296
0.02,4.2104069379586395,0.39219288428575455
0.02,4.212341561040694,0.3920603564555593
0.02,4.214276184122749,0.3919281012006087
0.02,4.216210807204804,0.3917961177253156
0.02,4.218145430286858,0.39166440523712737
0.02,4.220080053368913,0.39153296294651024
0.02,4.222014676450968,0.3914017900669366
0.02,4.223949299533023,0.3912708858148694
0.02,4.225883922615077,0.3911402494097494
0.02,4.227818545697132,0.3910098800739798
0.02,4.229753168779187,0.3908797770329136
0.02,4.231687791861241,0.3907499395148394
0.02,4.233622414943296,0.39062036675096645
0.02,4.23555703802535,0.39049105797541317
0.02,4.237491661107406,0.39036201242519136
0.02,4.239426284189459,0.3902332293401943
0.02,4.241360907271515,0.39010470796318225
0.02,4.243295530353569,0.38997644753976973
0.02,4.2452301534356245,0.38984844731841173
0.02,4.247164776517678,0.3897207065503907
0.02,4.249099399599734,0.3895932244898034
0.02,4.251034022681788,0.38946600039354773
0.02,4.252968645763843,0.38933903352130994
0.02,4.254903268845897,0.38921232313555115
0.02,4.256837891927953,0.38908586850149535
0.02,4.258772515010007,0.3889596688871157
0.02,4.260707138092062,0.38883372356312207
0.02,4.262641761174116,0.38870803180294894
0.02,4.264576384256172,0.38858259288274205
0.02,4.2665110073382255,0.3884574060813464
0.02,4.268445630420281,0.38833247068029325
0.02,4.270380253502335,0.3882077859637886
0.02,4.272314876584391,0.38808335121869986
0.02,4.274249499666444,0.3879591657345442
0.02,4.2761841227485,0.38783522880347654
0.02,4.278118745830554,0.38771153972027717
0.02,4.2800533689126095,0.387588097782339
0.02,4.281987991994663,0.38746490228965735
0.02,4.283922615076718,0.38734195254481607
0.02,4.285857238158773,0.3872192478529769
0.02,4.2877918612408275,0.3870967875218674
0.02,4.289726484322882,0.3869745708617692
0.02,4.291661107404937,0.38685259718550624
0.02,4.293595730486992,0.38673086580843313
0.02,4.295530353569046,0.38660937604842427
0.02,4.297464976651101,0.3864881272258612
0.02,4.299399599733156,0.3863671186636223
0.02,4.3013342228152105,0.3862463496870708
0.02,4.303268845897265,0.38612581962404363
0.02,4.30520346897932,0.38600552780484054
0.02,4.307138092061375,0.38588547356221253
0.02,4.309072715143429,0.3857656562313509
0.02,4.311007338225484,0.3856460751498758
0.02,4.312941961307539,0.38552672965782625
0.02,4.3148765843895935,0.38540761909764826
0.02,4.316811207471648,0.38528874281418424
0.02,4.318745830553703,0.3851701001546626
0.02,4.320680453635758,0.38505169046868615
0.02,4.322615076717812,0.38493351310822227
0.02,4.324549699799867,0.3848155674275921
0.02,4.326484322881922,0.3846978527834592
0.02,4.328418945963977,0.38458036853482025
0.02,4.330353569046031,0.3844631140429934
0.02,4.332288192128086,0.3843460886716089
0.02,4.33422281521014,0.3842292917865981
0.02,4.3361574382921955,0.38411272275618297
0.02,4.338092061374249,0.3839963809508668
0.02,4.340026684456305,0.3838802657434229
0.02,4.341961307538359,0.3837643765088857
0.02,4.343895930620414,0.3836487126245389
0.02,4.345830553702468,0.38353327346990757
0.02,4.347765176784524,0.38341805842674637
0.02,4.349699799866578,0.3833030668790308
0.02,4.351634422948633,0.3831882982129466
0.02,4.353569046030687,0.38307375181688075
0.02,4.355503669112743,0.38295942708141034
0.02,4.3574382921947965,0.3828453233992946
0.02,4.359372915276852,0.38273144016546384
0.02,4.361307538358906,0.38261777677701075
0.02,4.3632421614409616,0.3825043326331798
0.02,4.365176784523015,0.38239110713535934
0.02,4.367111407605071,0.3822780996870702
0.02,4.369046030687125,0.38216530969395807
0.02,4.37098065376918,0.3820527365637828
0.02,4.372915276851234,0.3819403797064099
0.02,4.37484989993329,0.38182823853380093
0.02,4.376784523015344,0.38171631246000465
0.02,4.378719146097399,0.3816046009011469
0.02,4.380653769179453,0.3814931032754231
0.02,4.382588392261509,0.3813818190030871
0.02,4.384523015343563,0.38127074750644463
0.02,4.386457638425617,0.3811598882098419
0.02,4.388392261507672,0.3810492405396583
0.02,4.390326884589727,0.380938803924297
0.02,4.3922615076717815,0.3808285777941758
0.02,4.394196130753836,0.3807185615817191
0.02,4.396130753835891,0.3806087547213482
0.02,4.398065376917946,0.3804991566494736
0.02,4.4,0.38038976680448544
