xi_b,bridge_frequency,chi_manual
0.005,1.5,0.09268341162505632
0.005,1.5019346230820547,0.0929888544463183
0.005,1.5038692461641094,0.0932959244865607
0.005,1.5058038692461642,0.09360463538815894
0.005,1.5077384923282189,0.09391500088149063
0.005,1.5096731154102736,0.09422703478647775
0.005,1.5116077384923283,0.09454075101415345
0.005,1.5135423615743828,0.09485616356825498
0.005,1.5154769846564375,0.09517328654684203
0.005,1.5174116077384923,0.09549213414394021
0.005,1.519346230820547,0.0958127206512101
0.005,1.5212808539026017,0.09613506045964142
0.005,1.5232154769846564,0.09645916806127267
0.005,1.5251501000667111,0.09678505805093554
0.005,1.5270847231487659,0.09711274512802491
0.005,1.5290193462308206,0.09744224409829375
0.005,1.5309539693128753,0.09777356987567336
0.005,1.53288859239493,0.09810673748411895
0.005,1.5348232154769847,0.09844176205948002
0.005,1.5367578385590395,0.09877865885139704
0.005,1.538692461641094,0.0991174432252222
0.005,1.5406270847231487,0.09945813066396718
0.005,1.5425617078052034,0.09980073677027539
0.005,1.5444963308872581,0.10014527726842037
0.005,1.5464309539693128,0.10049176800633033
0.005,1.5483655770513676,0.10084022495763825
0.005,1.5503002001334223,0.10119066422375872
0.005,1.552234823215477,0.10154310203599046
0.005,1.5541694462975317,0.10189755475764631
0.005,1.5561040693795865,0.10225403888620933
0.005,1.5580386924616412,0.10261257105551613
0.005,1.559973315543696,0.10297316803796765
0.005,1.5619079386257506,0.10333584674676721
0.005,1.5638425617078051,0.10370062423818631
0.005,1.5657771847898598,0.10406751771385908
0.005,1.5677118078719146,0.10443654452310407
0.005,1.5696464309539693,0.1048077221652757
0.005,1.571581054036024,0.10518106829214431
0.005,1.5735156771180787,0.10555660071030548
0.005,1.5754503002001334,0.105934337383619
0.005,1.5773849232821882,0.10631429643567844
0.005,1.5793195463642429,0.10669649615231054
0.005,1.5812541694462976,0.10708095498410561
0.005,1.5831887925283523,0.10746769154897942
0.005,1.585123415610407,0.10785672463476677
0.005,1.5870580386924615,0.10824807320184676
0.005,1.5889926617745163,0.10864175638580123
0.005,1.590927284856571,0.10903779350010552
0.005,1.5928619079386257,0.10943620403885368
0.005,1.5947965310206804,0.10983700767951673
0.005,1.5967311541027351,0.11024022428573613
0.005,1.5986657771847899,0.11064587391015206
0.005,1.6006004002668446,0.11105397679726708
0.005,1.6025350233488993,0.11146455338634664
0.005,1.604469646430954,0.11187762431435498
0.005,1.6064042695130087,0.11229321041892985
0.005,1.6083388925950635,0.11271133274139397
0.005,1.6102735156771182,0.11313201252980534
0.005,1.612208138759173,0.11355527124204681
0.005,1.6141427618412274,0.11398113054895506
0.005,1.6160773849232821,0.1144096123374902
0.005,1.6180120080053368,0.1148407387139462
0.005,1.6199466310873916,0.11527453200720347
0.005,1.6218812541694463,0.11571101477202315
0.005,1.623815877251501,0.11615020979238512
0.005,1.6257505003335557,0.11659214008486966
0.005,1.6276851234156104,0.11703682890208363
0.005,1.6296197464976652,0.11748429973613177
0.005,1.6315543695797199,0.11793457632213482
0.005,1.6334889926617746,0.11838768264179354
0.005,1.6354236157438293,0.11884364292700111
0.005,1.6373582388258838,0.11930248166350366
0.005,1.6392928619079385,0.1197642235946103
0.005,1.6412274849899933,0.12022889372495296
0.005,1.643162108072048,0.12069651732429759
0.005,1.6450967311541027,0.12116711993140722
0.005,1.6470313542361574,0.12164072735795706
0.005,1.6489659773182122,0.1221173656925046
0.005,1.6509006004002669,0.1225970613045127
0.005,1.6528352234823216,0.12307984084842949
0.005,1.6547698465643763,0.1235657312678239
0.005,1.656704469646431,0.12405475979957885
0.005,1.6586390927284858,0.1245469539781432
0.005,1.6605737158105405,0.12504234163984201
0.005,1.6625083388925952,0.1255409509272489
0.005,1.66444296197465,0.12604281029361783
0.005,1.6663775850567044,0.12654794850737905
0.005,1.6683122081387591,0.12705639465669782
0.005,1.6702468312208139,0.12756817815409743
0.005,1.6721814543028686,0.12808332874114872
0.005,1.6741160773849233,0.1286018764932256
0.005,1.676050700466978,0.12912385182432942
0.005,1.6779853235490327,0.1296492854919813
0.005,1.6799199466310875,0.13017820860218574
0.005,1.6818545697131422,0.13071065261446513
0.005,1.683789192795197,0.13124664934696675
0.005,1.6857238158772516,0.13178623098164408
0.005,1.6876584389593061,0.13232943006951267
0.005,1.6895930620413608,0.13287627953598286
0.005,1.6915276851234156,0.13342681268626924
0.005,1.6934623082054703,0.13398106321088019
0.005,1.695396931287525,0.13453906519118586
0.005,1.6973315543695797,0.13510085310506953
0.005,1.6992661774516344,0.13566646183266015
0.005,1.7012008005336892,0.1362359266621502
0.005,1.7031354236157439,0.13680928329569803
0.005,1.7050700466977986,0.13738656785541764
0.005,1.7070046697798533,0.13796781688945747
0.005,1.708939292861908,0.13855306737816664
0.005,1.7108739159439628,0.13914235674035505
0.005,1.7128085390260175,0.1397357228396443
0.005,1.714743162108072,0.14033320399091287
0.005,1.7166777851901267,0.1409348389668376
0.005,1.7186124082721814,0.14154066700453083
0.005,1.7205470313542361,0.14215072781227805
0.005,1.7224816544362909,0.142765061576373
0.005,1.7244162775183456,0.1433837089680571
0.005,1.7263509006004003,0.14400671115055955
0.005,1.728285523682455,0.14463410978624391
0.005,1.7302201467645097,0.14526594704386017
0.005,1.7321547698465645,0.14590226560590483
0.005,1.7340893929286192,0.14654310867609024
0.005,1.736024016010674,0.14718851998692536
0.005,1.7379586390927284,0.1478385438074094
0.005,1.7398932621747831,0.14849322495083897
0.005,1.7418278852568378,0.14915260878273248
0.005,1.7437625083388926,0.14981674122887087
0.005,1.7456971314209473,0.15048566878345865
0.005,1.747631754503002,0.15115943851740546
0.005,1.7495663775850567,0.15183809808673052
0.005,1.7515010006671115,0.15252169574109162
0.005,1.7534356237491662,0.1532102803324386
0.005,1.755370246831221,0.1539039013237977
0.005,1.7573048699132756,0.15460260879818138
0.005,1.7592394929953303,0.15530645346763272
0.005,1.761174116077385,0.15601548668240003
0.005,1.7631087391594398,0.15672976044024756
0.005,1.7650433622414945,0.1574493273959014
0.005,1.766977985323549,0.15817424087063278
0.005,1.7689126084056037,0.15890455486198302
0.005,1.7708472314876584,0.15964032405362572
0.005,1.7727818545697132,0.16038160382537578
0.005,1.7747164776517679,0.16112845026333902
0.005,1.7766511007338226,0.16188092017021055
0.005,1.7785857238158773,0.16263907107571882
0.005,1.780520346897932,0.16340296124721865
0.005,1.7824549699799868,0.1641726497004366
0.005,1.7843895930620415,0.16494819621036508
0.005,1.786324216144096,0.16572966132231315
0.005,1.7882588392261507,0.16651710636310954
0.005,1.7901934623082054,0.16731059345246377
0.005,1.7921280853902601,0.1681101855144821
0.005,1.7940627084723149,0.16891594628934542
0.005,1.7959973315543696,0.16972794034514488
0.005,1.7979319546364243,0.17054623308987804
0.005,1.799866577718479,0.17137089078360956
0.005,1.8018012008005337,0.17220198055079153
0.005,1.8037358238825885,0.1730395703927514
0.005,1.8056704469646432,0.173883729200341
0.005,1.807605070046698,0.17473452676675433
0.005,1.8095396931287526,0.17559203380050897
0.005,1.8114743162108073,0.1764563219385947
0.005,1.813408939292862,0.17732746375979117
0.005,1.8153435623749168,0.17820553279814846
0.005,1.8172781854569713,0.17909060355664008
0.005,1.819212808539026,0.17998275152097884
0.005,1.8211474316210807,0.1808820531736037
0.005,1.8230820547031354,0.1817885860078297
0.005,1.8250166777851902,0.18270242854216773
0.005,1.8269513008672449,0.18362366033480815
0.005,1.8288859239492996,0.18455236199826835
0.005,1.8308205470313543,0.18548861521420668
0.005,1.832755170113409,0.18643250274839487
0.005,1.8346897931954638,0.18738410846585493
0.005,1.8366244162775183,0.1883435173461515
0.005,1.838559039359573,0.1893108154988439
0.005,1.8404936624416277,0.1902860901790899
0.005,1.8424282855236824,0.19126942980340214
0.005,1.8443629086057372,0.1922609239655539
0.005,1.8462975316877919,0.19326066345262707
0.005,1.8482321547698466,0.1942687402612059
0.005,1.8501667778519013,0.19528524761370222
0.005,1.852101400933956,0.1963102799748184
0.005,1.8540360240160108,0.1973439330681339
0.005,1.8559706470980655,0.19838630389281528
0.005,1.8579052701801202,0.1994374907404433
0.005,1.859839893262175,0.2004975932119457
0.005,1.8617745163442296,0.20156671223463657
0.005,1.8637091394262844,0.20264495007934627
0.005,1.865643762508339,0.2037324103776411
0.005,1.8675783855903936,0.20482919813911646
0.005,1.8695130086724483,0.20593541976876123
0.005,1.871447631754503,0.20705118308437628
0.005,1.8733822548365577,0.20817659733403962
0.005,1.8753168779186125,0.20931177321360742
0.005,1.8772515010006672,0.21045682288423176
0.005,1.879186124082722,0.21161185998989007
0.005,1.8811207471647766,0.21277699967490277
0.005,1.8830553702468313,0.2139523586014309
0.005,1.884989993328886,0.21513805496692964
0.005,1.8869246164109406,0.2163342085215463
0.005,1.8888592394929953,0.21754094058543957
0.005,1.89079386257505,0.21875837406599843
0.005,1.8927284856571047,0.21998663347494454
0.005,1.8946631087391594,0.2212258449452864
0.005,1.8965977318212142,0.2224761362481104
0.005,1.8985323549032689,0.22373763680917136
0.005,1.9004669779853236,0.22501047772526575
0.005,1.9024016010673783,0.22629479178034825
0.005,1.904336224149433,0.22759071346136536
0.005,1.9062708472314878,0.22889837897377366
0.005,1.9082054703135425,0.23021792625669915
0.005,1.9101400933955972,0.23154949499771219
0.005,1.912074716477652,0.23289322664716525
0.005,1.9140093395597066,0.23424926443206212
0.005,1.9159439626417614,0.23561775336940438
0.005,1.9178785857238159,0.23699884027897528
0.005,1.9198132088058706,0.23839267379550627
0.005,1.9217478318879253,0.23979940438017178
0.005,1.92368245496998,0.24121918433136347
0.005,1.9256170780520347,0.24265216779467264
0.005,1.9275517011340895,0.24409851077203076
0.005,1.9294863242161442,0.24555837112992993
0.005,1.931420947298199,0.247031908606663
0.005,1.9333555703802536,0.24851928481850188
0.005,1.9352901934623084,0.25002066326473954
0.005,1.9372248165443628,0.2515362093315129
0.005,1.9391594396264176,0.2530660902943173
0.005,1.9410940627084723,0.25461047531912495
0.005,1.943028685790527,0.2561695354620032
0.005,1.9449633088725817,0.2577434436671404
0.005,1.9468979319546365,0.2593323747631626
0.005,1.9488325550366912,0.2609365054576324
0.005,1.950767178118746,0.2625560143296107
0.005,1.9527018012008006,0.2641910818201515
0.005,1.9546364242828553,0.2658418902206049
0.005,1.95657104736491,0.26750862365857814
0.005,1.9585056704469648,0.2691914680814207
0.005,1.9604402935290195,0.2708906112370667
0.005,1.9623749166110742,0.2726062426520832
0.005,1.964309539693129,0.27433855360674597
0.005,1.9662441627751837,0.276087737106968
0.005,1.9681787858572382,0.277853987852891
0.005,1.9701134089392929,0.2796375022039413
0.005,1.9720480320213476,0.281438478140146
0.005,1.9739826551034023,0.2832571152194844
0.005,1.975917278185457,0.285093614531055
0.005,1.9778519012675118,0.28694817864381095
0.005,1.9797865243495665,0.2888210115506155
0.005,1.9817211474316212,0.29071231860735225
0.005,1.983655770513676,0.29262230646681625
0.005,1.9855903935957306,0.29455118300709293
0.005,1.9875250166777851,0.2964991572541226
0.005,1.9894596397598399,0.298466439298138
0.005,1.9913942628418946,0.3004532402036328
0.005,1.9933288859239493,0.3024597719125229
0.005,1.995263509006004,0.3044862471401333
0.005,1.9971981320880587,0.3065328792636311
0.005,1.9991327551701135,0.308599882202509
0.005,2.001067378252168,0.3106874702907046
0.005,2.003002001334223,0.312795858139927
0.005,2.0049366244162776,0.3149252604937335
0.005,2.0068712474983323,0.3170758920718976
0.005,2.008805870580387,0.31924796740456857
0.005,2.010740493662442,0.3214417006557218
0.005,2.0126751167444965,0.3236573054353687
0.005,2.0146097398265512,0.32589499459997323
0.005,2.016544362908606,0.32815498004050797
0.005,2.0184789859906607,0.3304374724575534
0.005,2.0204136090727154,0.3327426811228313
0.005,2.02234823215477,0.3350708136265214
0.005,2.024282855236825,0.33742207560972204
0.005,2.0262174783188796,0.33979667048135354
0.005,2.0281521014009343,0.3421947991188112
0.005,2.030086724482989,0.3446166595516366
0.005,2.0320213475650437,0.34706244662745656
0.005,2.033955970647098,0.3495323516594247
0.005,2.0358905937291527,0.35202656205436145
0.005,2.0378252168112074,0.35454526092078786
0.005,2.039759839893262,0.35708862665601654
0.005,2.041694462975317,0.3596568325114427
0.005,2.0436290860573716,0.362250046135168
0.005,2.0455637091394263,0.36486842909106565
0.005,2.047498332221481,0.3675121363533853
0.005,2.0494329553035358,0.3701813157759798
0.005,2.0513675783855905,0.3728761075352284
0.005,2.053302201467645,0.37559664354571887
0.005,2.0552368245497,0.37834304684774756
0.005,2.0571714476317546,0.38111543096569866
0.005,2.0591060707138094,0.38391389923635477
0.005,2.061040693795864,0.3867385441062127
0.005,2.062975316877919,0.3895894463968721
0.005,2.0649099399599735,0.3924666745375985
0.005,2.0668445630420282,0.39537028376416516
0.005,2.068779186124083,0.3983003152831303
0.005,2.0707138092061372,0.40125679540071485
0.005,2.072648432288192,0.4042397346155189
0.005,2.0745830553702467,0.4072491266743355
0.005,2.0765176784523014,0.41028494759042067
0.005,2.078452301534356,0.41334715462360927
0.005,2.080386924616411,0.41643568522179
0.005,2.0823215476984656,0.41955045592331
0.005,2.0842561707805203,0.42269136122002676
0.005,2.086190793862575,0.4258582723808145
0.005,2.0881254169446297,0.429051036235493
0.005,2.0900600400266844,0.4322694739192895
0.005,2.091994663108739,0.4355133795781222
0.005,2.093929286190794,0.43878251903517895
0.005,2.0958639092728486,0.44207662841947737
0.005,2.0977985323549033,0.4453954127573241
0.005,2.099733155436958,0.4487385445278366
0.005,2.1016677785190128,0.4521056621839723
0.005,2.1036024016010675,0.45549636864080173
0.005,2.105537024683122,0.4589102297330903
0.005,2.107471647765177,0.4623467726445963
0.005,2.1094062708472316,0.4658054843118686
0.005,2.1113408939292864,0.4692858098057282
0.005,2.113275517011341,0.47278715069404015
0.005,2.115210140093396,0.47630886338985134
0.005,2.1171447631754505,0.47985025748942167
0.005,2.1190793862575052,0.4834105941052196
0.005,2.12101400933956,0.48698908419945647
0.005,2.1229486324216147,0.49058488692430924
0.005,2.1248832555036694,0.4941971079755577
0.005,2.126817878585724,0.4978247979669646
0.005,2.128752501667779,0.5014669508333456
0.005,2.1306871247498336,0.5051225022709313
0.005,2.1326217478318883,0.5087903282242419
0.005,2.1345563709139426,0.5124692434293898
0.005,2.1364909939959973,0.5161580000243653
0.005,2.138425617078052,0.5198552862375164
0.005,2.1403602401601067,0.5235597251661108
0.005,2.1422948632421615,0.5272698736574817
0.005,2.144229486324216,0.5309842213058658
0.005,2.146164109406271,0.5347011895786528
0.005,2.1480987324883256,0.538419131086267
0.005,2.1500333555703803,0.5421363290104085
0.005,2.151967978652435,0.5458509967058012
0.005,2.1539026017344898,0.549561277490931
0.005,2.1558372248165445,0.5532652446435299
0.005,2.157771847898599,0.5569609016167059
0.005,2.159706470980654,0.5606461824916825
0.005,2.1616410940627087,0.5643189526829981
0.005,2.1635757171447634,0.5679770099118325
0.005,2.165510340226818,0.5716180854627044
0.005,2.167444963308873,0.5752398457382781
0.005,2.1693795863909275,0.5788398941262572
0.005,2.171314209472982,0.5824157731914552
0.005,2.1732488325550365,0.5859649672049914
0.005,2.1751834556370913,0.5894849050212319
0.005,2.177118078719146,0.5929729633115821
0.005,2.1790527018012007,0.5964264701624076
0.005,2.1809873248832554,0.5998427090424412
0.005,2.18292194796531,0.6032189231427623
0.005,2.184856571047365,0.6065523200900401
0.005,2.1867911941294196,0.6098400770310962
0.005,2.1887258172114743,0.6130793460839815
0.005,2.190660440293529,0.6162672601477939
0.005,2.1925950633755837,0.6194009390602504
0.005,2.1945296864576385,0.6224774960887647
0.005,2.196464309539693,0.6254940447373444
0.005,2.198398932621748,0.6284477058481734
0.005,2.2003335557038026,0.6313356149732253
0.005,2.2022681787858573,0.6341549299877629
0.005,2.204202801867912,0.6369028389141619
0.005,2.206137424949967,0.639576567921128
0.005,2.2080720480320215,0.642173389460243
0.005,2.2100066711140762,0.6446906304987746
0.005,2.211941294196131,0.6471256808049858
0.005,2.2138759172781857,0.649476001239775
0.005,2.2158105403602404,0.6517391320064383
0.005,2.217745163442295,0.653912700808689
0.005,2.21967978652435,0.6559944308659097
0.005,2.2216144096064045,0.6579821487338757
0.005,2.2235490326884593,0.6598737918790268
0.005,2.225483655770514,0.6616674159547082
0.005,2.2274182788525687,0.6633612017287209
0.005,2.2293529019346234,0.66495346161302
0.005,2.231287525016678,0.6664426457484218
0.005,2.233222148098733,0.6678273475998417
0.005,2.235156771180787,0.6691063090206737
0.005,2.237091394262842,0.6702784247486414
0.005,2.2390260173448966,0.6713427462995238
0.005,2.2409606404269513,0.6722984852297489
0.005,2.242895263509006,0.6731450157437444
0.005,2.2448298865910608,0.6738818766271545
0.005,2.2467645096731155,0.6745087724925043
0.005,2.24869913275517,0.6750255743294964
0.005,2.250633755837225,0.6754323193578414
0.005,2.2525683789192796,0.6757292101862441
0.005,2.2545030020013344,0.6759166132868076
0.005,2.256437625083389,0.6759950567996436
0.005,2.258372248165444,0.6759652276877484
0.005,2.2603068712474985,0.6758279682672375
0.005,2.2622414943295532,0.6755842721426703
0.005,2.264176117411608,0.675235279581483
0.005,2.2661107404936627,0.6747822723653443
0.005,2.2680453635757174,0.6742266681595787
0.005,2.269979986657772,0.6735700144446155
0.005,2.2719146097398264,0.6728139820556889
0.005,2.273849232821881,0.6719603583787267
0.005,2.275783855903936,0.6710110402515497
0.005,2.2777184789859906,0.6699680266201209
0.005,2.2796531020680453,0.668833410999679
0.005,2.2815877251501,0.6676093737901835
0.005,2.2835223482321547,0.6662981744946145
0.005,2.2854569713142094,0.6649021438873429
0.005,2.287391594396264,0.6634236761780568
0.005,2.289326217478319,0.6618652212146428
0.005,2.2912608405603736,0.660229276766039
0.005,2.2931954636424283,0.6585183809233964
0.005,2.295130086724483,0.6567351046550388
0.005,2.2970647098065378,0.6548820445476572
0.005,2.2989993328885925,0.6529618157630267
0.005,2.300933955970647,0.6509770452363135
0.005,2.302868579052702,0.6489303651387729
0.005,2.3048032021347566,0.6468244066244128
0.005,2.3067378252168114,0.6446617938769732
0.005,2.308672448298866,0.6424451384704858
0.005,2.310607071380921,0.6401770340536522
0.005,2.3125416944629755,0.6378600513654011
0.005,2.3144763175450302,0.6354967335862842
0.005,2.316410940627085,0.633089592027795
0.005,2.3183455637091397,0.6306411021593538
0.005,2.3202801867911944,0.628153699970511
0.005,2.322214809873249,0.6256297786639586
0.005,2.324149432955304,0.6230716856731539
0.005,2.3260840560373586,0.6204817199967942
0.005,2.3280186791194133,0.6178621298410115
0.005,2.329953302201468,0.6152151105589525
0.005,2.3318879252835227,0.6125428028764445
0.005,2.333822548365577,0.6098472913915904
0.005,2.3357571714476317,0.6071306033355259
0.005,2.3376917945296865,0.6043947075810435
0.005,2.339626417611741,0.6016415138854604
0.005,2.341561040693796,0.5988728723538911
0.005,2.3434956637758506,0.5960905731089868
0.005,2.3454302868579053,0.5932963461532376
0.005,2.34736490993996,0.5904918614100293
0.005,2.3492995330220148,0.587678728929888
0.005,2.3512341561040695,0.5848584992485784
0.005,2.353168779186124,0.5820326638841226
0.005,2.355103402268179,0.5792026559601572
0.005,2.3570380253502337,0.5763698509435308
0.005,2.3589726484322884,0.5735355674845137
0.005,2.360907271514343,0.5707010683484937
0.005,2.362841894596398,0.5678675614285978
0.005,2.3647765176784525,0.565036200829185
0.005,2.3667111407605073,0.562208088010757
0.005,2.368645763842562,0.5593842729873516
0.005,2.3705803869246167,0.5565657555680872
0.005,2.372515010006671,0.5537534866350337
0.005,2.3744496330887257,0.5509483694501548
0.005,2.3763842561707804,0.5481512609846126
0.005,2.378318879252835,0.5453629732641896
0.005,2.38025350233489,0.5425842747251398
0.005,2.3821881254169446,0.5398158915752259
0.005,2.3841227484989993,0.5370585091551625
0.005,2.386057371581054,0.5343127732961435
0.005,2.3879919946631087,0.5315792916695298
0.005,2.3899266177451635,0.5288586351251698
0.005,2.391861240827218,0.5261513390152144
0.005,2.393795863909273,0.5234579045006226
0.005,2.3957304869913276,0.520778799837889
0.005,2.3976651100733823,0.5181144616438352
0.005,2.399599733155437,0.5154652961365882
0.005,2.401534356237492,0.5128316803511357
0.005,2.4034689793195465,0.5102139633281043
0.005,2.4054036024016012,0.5076124672746126
0.005,2.407338225483656,0.505027488696289
0.005,2.4092728485657107,0.5024592994997066
0.005,2.4112074716477654,0.4999081480646905
0.005,2.41314209472982,0.4973742602860827
0.005,2.415076717811875,0.4948578405847301
0.005,2.4170113408939295,0.49235907288755637
0.005,2.4189459639759843,0.48987812157671984
0.005,2.420880587058039,0.48741513240796563
0.005,2.4228152101400937,0.48497023339834966
0.005,2.4247498332221484,0.4825435356836357
0.005,2.426684456304203,0.48013513434569977
0.005,2.428619079386258,0.4777451092103747
0.005,2.4305537024683126,0.47537352561619656
0.005,2.4324883255503673,0.4730204351545905
0.005,2.4344229486324216,0.4706858763820485
0.005,2.4363575717144763,0.46836987550490117
0.005,2.438292194796531,0.46607244703732653
0.005,2.4402268178785858,0.4637935944332228
0.005,2.4421614409606405,0.4615333106926447
0.005,2.444096064042695,0.4592915789434662
0.005,2.44603068712475,0.4570683729989795
0.005,2.4479653102068046,0.4548636578921272
0.005,2.4498999332888594,0.45267739038707744
0.005,2.451834556370914,0.45050951946884327
0.005,2.453769179452969,0.4483599868116513
0.005,2.4557038025350235,0.44622872722676904
0.005,2.4576384256170782,0.4441156690904677
0.005,2.459573048699133,0.4420207347528202
0.005,2.4615076717811877,0.4399438409280041
0.005,2.4634422948632424,0.4378848990667693
0.005,2.465376917945297,0.43584381571173253
0.005,2.467311541027352,0.4338204928361319
0.005,2.4692461641094066,0.4318148281666632
0.005,2.4711807871914613,0.4298267154910133
0.005,2.4731154102735156,0.42785604495069113
0.005,2.4750500333555703,0.4259027033197159
0.005,2.476984656437625,0.42396657426975615
0.005,2.4789192795196797,0.42204753862223915
0.005,2.4808539026017344,0.42014547458797713
0.005,2.482788525683789,0.41826025799482536
0.005,2.484723148765844,0.41639176250386606
0.005,2.4866577718478986,0.41453985981460345
0.005,2.4885923949299533,0.41270441985963685
0.005,2.490527018012008,0.4108853109892608
0.005,2.4924616410940628,0.4090824001464322
0.005,2.4943962641761175,0.4072955530325208
0.005,2.496330887258172,0.40552463426424556
0.005,2.498265510340227,0.40376950752219093
0.005,2.5002001334222816,0.40203003569128
0.005,2.5021347565043364,0.4003060809935573
0.005,2.504069379586391,0.39859750511363967
0.005,2.506004002668446,0.39690416931715905
0.005,2.5079386257505005,0.39522593456252475
0.005,2.5098732488325552,0.39356266160630965
0.005,2.51180787191461,0.3919142111025595
0.005,2.5137424949966647,0.39028044369630277
0.005,2.5156771180787194,0.3886612201115392
0.005,2.517611741160774,0.38705640123396695
0.005,2.519546364242829,0.38546584818869284
0.005,2.5214809873248836,0.38388942241317303
0.005,2.5234156104069383,0.3823269857256072
0.005,2.525350233488993,0.380778400389009
0.005,2.5272848565710477,0.379243529171159
0.005,2.5292194796531025,0.3777222354006501
0.005,2.531154102735157,0.37621438301920507
0.005,2.533088725817212,0.37471983663045805
0.005,2.5350233488992666,0.373238461545377
0.005,2.5369579719813213,0.3717701238244875
0.005,2.538892595063376,0.3703146903170669
0.005,2.5408272181454303,0.3688720286974558
0.005,2.542761841227485,0.36744200749863315
0.005,2.5446964643095398,0.3660244961432039
0.005,2.5466310873915945,0.3646193649719182
0.005,2.548565710473649,0.3632264852698616
0.005,2.550500333555704,0.36184572929043174
0.005,2.5524349566377587,0.36047697027721604
0.005,2.5543695797198134,0.3591200824838878
0.005,2.556304202801868,0.35777494119222014
0.005,2.558238825883923,0.35644142272831913
0.005,2.5601734489659775,0.35511940447717144
0.005,2.5621080720480323,0.3538087648956025
0.005,2.564042695130087,0.3525093835237262
0.005,2.5659773182121413,0.35122114099497176
0.005,2.567911941294196,0.34994391904476546
0.005,2.5698465643762507,0.34867760051794433
0.005,2.5717811874583054,0.34742206937497183
0.005,2.57371581054036,0.3461772106970241
0.005,2.575650433622415,0.3449429106900107
0.005,2.5775850567044696,0.34371905668759295
0.005,2.5795196797865243,0.34250553715325616
0.005,2.581454302868579,0.34130224168149714
0.005,2.5833889259506337,0.3401090609981721
0.005,2.5853235490326885,0.33892588696006143
0.005,2.587258172114743,0.33775261255369665
0.005,2.589192795196798,0.3365891318934974
0.005,2.5911274182788526,0.3354353402192583
0.005,2.5930620413609073,0.3342911338930316
0.005,2.594996664442962,0.333156410395439
0.005,2.596931287525017,0.3320310683214545
0.005,2.5988659106070715,0.33091500737569185
0.005,2.6008005336891262,0.32980812836723167
0.005,2.602735156771181,0.3287103332040155
0.005,2.6046697798532357,0.32762152488684165
0.005,2.6066044029352904,0.32654160750299027
0.005,2.608539026017345,0.32547048621950436
0.005,2.6104736490994,0.3244080672761514
0.005,2.6124082721814545,0.3233542579780921
0.005,2.6143428952635093,0.3223089666882773
0.005,2.616277518345564,0.32127210281959734
0.005,2.6182121414276187,0.32024357682680266
0.005,2.6201467645096734,0.31922330019821626
0.005,2.622081387591728,0.31821118544725524
0.005,2.624016010673783,0.31720714610378087
0.005,2.6259506337558376,0.3162110967052942
0.005,2.6278852568378923,0.31522295278798984
0.005,2.629819879919947,0.3142426308776858
0.005,2.6317545030020018,0.3132700484806417
0.005,2.6336891260840565,0.3123051240742808
0.005,2.635623749166111,0.31134777709782574
0.005,2.637558372248166,0.31039792794286153
0.005,2.6394929953302206,0.3094554979438357
0.005,2.641427618412275,0.3085204093685081
0.005,2.6433622414943296,0.3075925854083578
0.005,2.6452968645763844,0.3066719501689595
0.005,2.647231487658439,0.3057584286603347
0.005,2.649166110740494,0.3048519467872874
0.005,2.6511007338225485,0.3039524313397338
0.005,2.6530353569046032,0.3030598099830321
0.005,2.654969979986658,0.30217401124831667
0.005,2.6569046030687127,0.3012949645228475
0.005,2.6588392261507674,0.30042260004037685
0.005,2.660773849232822,0.29955684887154393
0.005,2.662708472314877,0.29869764291429585
0.005,2.6646430953969316,0.2978449148843461
0.005,2.666577718478986,0.29699859830567127
0.005,2.6685123415610406,0.29615862750105143
0.005,2.6704469646430953,0.2953249375826612
0.005,2.67238158772515,0.29449746444270875
0.005,2.6743162108072047,0.2936761447441316
0.005,2.6762508338892594,0.2928609159113497
0.005,2.678185456971314,0.29205171612108205
0.005,2.680120080053369,0.2912484842932247
0.005,2.6820547031354236,0.29045116008179556
0.005,2.6839893262174783,0.2896596838659497
0.005,2.685923949299533,0.28887399674106207
0.005,2.6878585723815878,0.28809404050988846
0.005,2.6897931954636425,0.2873197576737951
0.005,2.691727818545697,0.2865510914240686
0.005,2.693662441627752,0.2857879856333011
0.005,2.6955970647098066,0.28503038484685567
0.005,2.6975316877918614,0.284278234274412
0.005,2.699466310873916,0.28353147978159204
0.005,2.701400933955971,0.2827900678816686
0.005,2.7033355570380255,0.28205394572735537
0.005,2.7052701801200802,0.2813230611026832
0.005,2.707204803202135,0.28059736241495836
0.005,2.7091394262841897,0.27987679868680526
0.005,2.7110740493662444,0.27916131954829515
0.005,2.713008672448299,0.2784508752291595
0.005,2.714943295530354,0.2777454165510901
0.005,2.7168779186124086,0.2770448949201225
0.005,2.7188125416944633,0.2763492623191079
0.005,2.720747164776518,0.2756584713002677
0.005,2.7226817878585727,0.27497247497783756
0.005,2.7246164109406275,0.27429122702079384
0.005,2.726551034022682,0.2736146816456669
0.005,2.728485657104737,0.27294279360943907
0.005,2.7304202801867916,0.2722755182025282
0.005,2.7323549032688463,0.27161281124185543
0.005,2.734289526350901,0.2709546290639975
0.005,2.7362241494329558,0.27030092851842213
0.005,2.7381587725150105,0.26965166696080745
0.005,2.740093395597065,0.26900680224644496
0.005,2.7420280186791195,0.2683662927237243
0.005,2.743962641761174,0.2677300972276991
0.005,2.745897264843229,0.2670981750737367
0.005,2.7478318879252837,0.2664704860512451
0.005,2.7497665110073384,0.2658469904174844
0.005,2.751701134089393,0.2652276488914537
0.005,2.753635757171448,0.26461242264786045
0.005,2.7555703802535025,0.26400127331116424
0.005,2.7575050033355573,0.2633941629497026
0.005,2.759439626417612,0.26279105406989023
0.005,2.7613742494996667,0.2621919096104956
0.005,2.7633088725817214,0.2615966929369943
0.005,2.765243495663776,0.26100536783599326
0.005,2.7671781187458304,0.2604178985097346
0.005,2.769112741827885,0.25983424957066786
0.005,2.77104736490994,0.25925438603609735
0.005,2.7729819879919946,0.25867827332290017
0.005,2.7749166110740493,0.258105877242315
0.005,2.776851234156104,0.25753716399480303
0.005,2.7787858572381587,0.2569721001649755
0.005,2.7807204803202135,0.2564106527165923
0.005,2.782655103402268,0.25585278898762587
0.005,2.784589726484323,0.2552984766853957
0.005,2.7865243495663776,0.25474768388176555
0.005,2.7884589726484323,0.254200379008409
0.005,2.790393595730487,0.25365653085213763
0.005,2.792328218812542,0.253116108550294
0.005,2.7942628418945965,0.2525790815862086
0.005,2.7961974649766512,0.2520454197847183
0.005,2.798132088058706,0.25151509330774635
0.005,2.8000667111407607,0.25098807264994294
0.005,2.8020013342228154,0.2504643286343882
0.005,2.80393595730487,0.24994383240835097
0.005,2.805870580386925,0.24942655543910894
0.005,2.8078052034689795,0.24891246950982526
0.005,2.8097398265510343,0.24840154671548206
0.005,2.811674449633089,0.24789375945887207
0.005,2.8136090727151437,0.24738908044664368
0.005,2.8155436957971984,0.2468874826854019
0.005,2.817478318879253,0.24638893947786264
0.005,2.819412941961308,0.24589342441906245
0.005,2.8213475650433626,0.24540091139261838
0.005,2.8232821881254173,0.24491137456704118
0.005,2.825216811207472,0.24442478839209994
0.005,2.8271514342895268,0.24394112759523573
0.005,2.8290860573715815,0.2434603671780278
0.005,2.831020680453636,0.24298248241270654
0.005,2.832955303535691,0.2425074488387163
0.005,2.8348899266177456,0.24203524225932457
0.005,2.8368245496998004,0.2415658387382809
0.005,2.838759172781855,0.24109921459651987
0.005,2.84069379586391,0.24063534640891113
0.005,2.842628418945964,0.24017421100105488
0.005,2.844563042028019,0.2397157854461197
0.005,2.8464976651100735,0.23926004706172876
0.005,2.8484322881921282,0.23880697340688525
0.005,2.850366911274183,0.23835654227894212
0.005,2.8523015343562377,0.23790873171061439
0.005,2.8542361574382924,0.23746351996703136
0.005,2.856170780520347,0.2370208855428325
0.005,2.858105403602402,0.23658080715930116
0.005,2.8600400266844566,0.23614326376153902
0.005,2.8619746497665113,0.23570823451567918
0.005,2.863909272848566,0.23527569880613972
0.005,2.8658438959306207,0.23484563623291313
0.005,2.867778519012675,0.23441802660889402
0.005,2.8697131420947297,0.23399284995724468
0.005,2.8716477651767844,0.23357008650879535
0.005,2.873582388258839,0.2331497166994828
0.005,2.875517011340894,0.23273172116782237
0.005,2.8774516344229486,0.23231608075241508
0.005,2.8793862575050033,0.2319027764894903
0.005,2.881320880587058,0.23149178961048109
0.005,2.8832555036691128,0.2310831015396342
0.005,2.8851901267511675,0.23067669389165144
0.005,2.887124749833222,0.2302725484693648
0.005,2.889059372915277,0.22987064726144263
0.005,2.8909939959973316,0.22947097244012835
0.005,2.8929286190793864,0.2290735063590089
0.005,2.894863242161441,0.22867823155081493
0.005,2.896797865243496,0.22828513072525042
0.005,2.8987324883255505,0.22789418676685202
0.005,2.9006671114076052,0.22750538273287865
0.005,2.90260173448966,0.2271187018512281
0.005,2.9045363575717147,0.22673412751838418
0.005,2.9064709806537694,0.2263516432973893
0.005,2.908405603735824,0.225971232915848
0.005,2.910340226817879,0.22559288026395435
0.005,2.9122748498999336,0.2252165693925483
0.005,2.9142094729819883,0.22484228451119714
0.005,2.916144096064043,0.22447000998630418
0.005,2.9180787191460977,0.22409973033924205
0.005,2.9200133422281525,0.2237314302445115
0.005,2.921947965310207,0.2233650945279258
0.005,2.923882588392262,0.22300070816481804
0.005,2.9258172114743166,0.22263825627827494
0.005,2.9277518345563713,0.22227772413739194
0.005,2.929686457638426,0.22191909715555377
0.005,2.9316210807204808,0.22156236088873688
0.005,2.9335557038025355,0.22120750103383505
0.005,2.93549032688459,0.22085450342700808
0.005,2.937424949966645,0.22050335404205157
0.005,2.9393595730486997,0.22015403898878902
0.005,2.9412941961307544,0.21980654451148476
0.005,2.9432288192128087,0.21946085698727988
0.005,2.9451634422948634,0.2191169629246466
0.005,2.947098065376918,0.21877484896186508
0.005,2.949032688458973,0.21843450186551944
0.005,2.9509673115410275,0.21809590852901356
0.005,2.9529019346230823,0.21775905597110803
0.005,2.954836557705137,0.2174239313344748
0.005,2.9567711807871917,0.2170905218842719
0.005,2.9587058038692464,0.21675881500673638
0.005,2.960640426951301,0.21642879820779645
0.005,2.962575050033356,0.2161004591117014
0.005,2.9645096731154106,0.21577378545967
0.005,2.9664442961974653,0.21544876510855582
0.005,2.9683789192795196,0.21512538602953088
0.005,2.9703135423615743,0.21480363630678612
0.005,2.972248165443629,0.21448350413624967
0.005,2.9741827885256837,0.21416497782432006
0.005,2.9761174116077385,0.21384804578661795
0.005,2.978052034689793,0.21353269654675283
0.005,2.979986657771848,0.21321891873510643
0.005,2.9819212808539026,0.2129067010876314
0.005,2.9838559039359573,0.2125960324446663
0.005,2.985790527018012,0.21228690174976486
0.005,2.987725150100067,0.2119792980485416
0.005,2.9896597731821215,0.21167321048753146
0.005,2.9915943962641762,0.21136862831306466
0.005,2.993529019346231,0.21106554087015555
0.005,2.9954636424282857,0.21076393760140608
0.005,2.9973982655103404,0.21046380804592377
0.005,2.999332888592395,0.2101651418382525
0.005,3.00126751167445,0.20986792870731805
0.005,3.0032021347565045,0.20957215847538616
0.005,3.0051367578385593,0.20927782105703474
0.005,3.007071380920614,0.20898490645813886
0.005,3.0090060040026687,0.2086934047748685
0.005,3.0109406270847234,0.2084033061926991
0.005,3.012875250166778,0.20811460098543458
0.005,3.014809873248833,0.20782727951424362
0.005,3.0167444963308876,0.20754133222670657
0.005,3.0186791194129423,0.20725674965587554
0.005,3.020613742494997,0.20697352241934625
0.005,3.0225483655770518,0.20669164121834094
0.005,3.0244829886591065,0.2064110968368036
0.005,3.026417611741161,0.20613188014050607
0.005,3.028352234823216,0.2058539820761657
0.005,3.0302868579052706,0.20557739367057307
0.005,3.0322214809873254,0.20530210602973248
0.005,3.03415610406938,0.20502811033801124
0.005,3.036090727151435,0.20475539785730087
0.005,3.0380253502334895,0.20448395992618779
0.005,3.0399599733155442,0.2042137879591352
0.005,3.041894596397599,0.2039448734456746
0.005,3.0438292194796532,0.20367720794960745
0.005,3.045763842561708,0.2034107831082164
0.005,3.0476984656437627,0.20314559063148674
0.005,3.0496330887258174,0.20288162230133738
0.005,3.051567711807872,0.20261886997086107
0.005,3.053502334889927,0.2023573255635739
0.005,3.0554369579719816,0.20209698107267415
0.005,3.0573715810540363,0.2018378285603105
0.005,3.059306204136091,0.20157986015685883
0.005,3.0612408272181457,0.20132306806020797
0.005,3.0631754503002004,0.20106744453505387
0.005,3.065110073382255,0.20081298191220295
0.005,3.06704469646431,0.20055967258788357
0.005,3.068979319546364,0.20030750902306585
0.005,3.070913942628419,0.20005648374278986
0.005,3.0728485657104736,0.19980658933550163
0.005,3.0747831887925283,0.1995578184523978
0.005,3.076717811874583,0.1993101638067775
0.005,3.0786524349566378,0.1990636181734025
0.005,3.0805870580386925,0.1988181743878648
0.005,3.082521681120747,0.19857382534596205
0.005,3.084456304202802,0.19833056400308
0.005,3.0863909272848566,0.19808838337358312
0.005,3.0883255503669114,0.19784727653021167
0.005,3.090260173448966,0.19760723660348645
0.005,3.092194796531021,0.19736825678112074
0.005,3.0941294196130755,0.19713033030743854
0.005,3.0960640426951302,0.19689345048280082
0.005,3.097998665777185,0.19665761066303747
0.005,3.0999332888592397,0.19642280425888675
0.005,3.1018679119412944,0.19618902473544086
0.005,3.103802535023349,0.1959562656115985
0.005,3.105737158105404,0.19572452045952374
0.005,3.1076717811874586,0.1954937829041106
0.005,3.1096064042695133,0.19526404662245525
0.005,3.111541027351568,0.1950353053433332
0.005,3.1134756504336227,0.19480755284668314
0.005,3.1154102735156775,0.19458078296309672
0.005,3.117344896597732,0.1943549895733146
0.005,3.119279519679787,0.1941301666077273
0.005,3.1212141427618416,0.19390630804588377
0.005,3.1231487658438963,0.1936834079160035
0.005,3.125083388925951,0.19346146029449596
0.005,3.1270180120080058,0.19324045930548464
0.005,3.1289526350900605,0.193020399120337
0.005,3.130887258172115,0.1928012739572001
0.005,3.13282188125417,0.19258307808054062
0.005,3.1347565043362247,0.19236580580069126
0.005,3.1366911274182794,0.19214945147340204
0.005,3.138625750500334,0.191934009499396
0.005,3.140560373582389,0.1917194743239313
0.005,3.1424949966644435,0.19150584043636712
0.005,3.144429619746498,0.19129310236973524
0.005,3.1463642428285525,0.19108125470031614
0.005,3.1482988659106073,0.19087029204722045
0.005,3.150233488992662,0.19066020907197442
0.005,3.1521681120747167,0.1904510004781103
0.005,3.1541027351567714,0.19024266101076226
0.005,3.156037358238826,0.19003518545626524
0.005,3.157971981320881,0.18982856864175984
0.005,3.1599066044029356,0.18962280543480084
0.005,3.1618412274849903,0.18941789074297025
0.005,3.163775850567045,0.18921381951349497
0.005,3.1657104736490997,0.18901058673286855
0.005,3.167645096731154,0.1888081874264773
0.005,3.1695797198132087,0.18860661665822992
0.005,3.1715143428952635,0.18840586953019284
0.005,3.173448965977318,0.18820594118222764
0.005,3.175383589059373,0.18800682679163414
0.005,3.1773182121414276,0.18780852157279665
0.005,3.1792528352234823,0.18761102077683411
0.005,3.181187458305537,0.18741431969125452
0.005,3.183122081387592,0.18721841363961297
0.005,3.1850567044696465,0.1870232979811734
0.005,3.1869913275517012,0.1868289681105741
0.005,3.188925950633756,0.18663541945749712
0.005,3.1908605737158107,0.18644264748634096
0.005,3.1927951967978654,0.18625064769589716
0.005,3.19472981987992,0.1860594156190302
0.005,3.196664442961975,0.18586894682236116
0.005,3.1985990660440295,0.1856792369059546
0.005,3.2005336891260843,0.1854902815030088
0.005,3.202468312208139,0.18530207627955003
0.005,3.2044029352901937,0.18511461693412887
0.005,3.2063375583722484,0.18492789919752128
0.005,3.208272181454303,0.18474191883243196
0.005,3.210206804536358,0.18455667163320108
0.005,3.2121414276184126,0.1843721534255146
0.005,3.2140760507004673,0.18418836006611694
0.005,3.216010673782522,0.18400528744252773
0.005,3.2179452968645768,0.18382293147276074
0.005,3.2198799199466315,0.18364128810504615
0.005,3.221814543028686,0.18346035331755647
0.005,3.223749166110741,0.18328012311813371
0.005,3.2256837891927956,0.1831005935440212
0.005,3.2276184122748504,0.18292176066159768
0.005,3.229553035356905,0.1827436205661137
0.005,3.23148765843896,0.18256616938143133
0.005,3.2334222815210145,0.18238940325976707
0.005,3.2353569046030692,0.1822133183814362
0.005,3.237291527685124,0.1820379109546014
0.005,3.2392261507671787,0.18186317721502243
0.005,3.2411607738492334,0.18168911342581015
0.005,3.2430953969312877,0.18151571587718152
0.005,3.2450300200133424,0.18134298088621828
0.005,3.246964643095397,0.18117090479662787
0.005,3.248899266177452,0.18099948397850646
0.005,3.2508338892595066,0.18082871482810522
0.005,3.2527685123415613,0.18065859376759819
0.005,3.254703135423616,0.18048911724485336
0.005,3.2566377585056707,0.18032028173320566
0.005,3.2585723815877254,0.18015208373123215
0.005,3.26050700466978,0.17998451976253035
0.005,3.262441627751835,0.17981758637549797
0.005,3.2643762508338896,0.17965128014311535
0.005,3.2663108739159443,0.17948559766273034
0.005,3.2682454969979986,0.17932053555584498
0.005,3.2701801200800533,0.1791560904679044
0.005,3.272114743162108,0.17899225906808858
0.005,3.2740493662441628,0.17882903804910538
0.005,3.2759839893262175,0.17866642412698594
0.005,3.277918612408272,0.17850441404088285
0.005,3.279853235490327,0.178343004552869
0.005,3.2817878585723816,0.17818219244774042
0.005,3.2837224816544364,0.17802197453281887
0.005,3.285657104736491,0.17786234763775854
0.005,3.287591727818546,0.17770330861435335
0.005,3.2895263509006005,0.17754485433634665
0.005,3.2914609739826552,0.17738698169924305
0.005,3.29339559706471,0.1772296876201218
0.005,3.2953302201467647,0.17707296903745218
0.005,3.2972648432288194,0.176916822910911
0.005,3.299199466310874,0.17676124622120168
0.005,3.301134089392929,0.17660623596987507
0.005,3.3030687124749836,0.17645178917915227
0.005,3.3050033355570383,0.17629790289174938
0.005,3.306937958639093,0.17614457417070334
0.005,3.3088725817211477,0.17599180009920054
0.005,3.3108072048032025,0.17583957778040618
0.005,3.312741827885257,0.17568790433729586
0.005,3.314676450967312,0.17553677691248876
0.005,3.3166110740493666,0.1753861926680823
0.005,3.3185456971314213,0.17523614878548902
0.005,3.320480320213476,0.17508664246527386
0.005,3.3224149432955308,0.17493767092699464
0.005,3.3243495663775855,0.17478923140904293
0.005,3.32628418945964,0.17464132116848688
0.005,3.328218812541695,0.17449393748091566
0.005,3.3301534356237497,0.17434707764028542
0.005,3.3320880587058044,0.1742007389587667
0.005,3.334022681787859,0.1740549187665933
0.005,3.335957304869914,0.1739096144119128
0.005,3.3378919279519685,0.1737648232606383
0.005,3.3398265510340233,0.1736205426963019
0.005,3.341761174116078,0.17347677011990928
0.005,3.3436957971981323,0.17333350294979621
0.005,3.345630420280187,0.17319073862148548
0.005,3.3475650433622417,0.17304847458754677
0.005,3.3494996664442964,0.17290670831745622
0.005,3.351434289526351,0.1727654372974584
0.005,3.353368912608406,0.17262465903042948
0.005,3.3553035356904606,0.17248437103574113
0.005,3.3572381587725153,0.17234457084912672
0.005,3.35917278185457,0.17220525602254802
0.005,3.3611074049366247,0.1720664241240635
0.005,3.3630420280186795,0.1719280727376974
0.005,3.364976651100734,0.17179019946331126
0.005,3.366911274182789,0.1716528019164754
0.005,3.368845897264843,0.17151587772834218
0.005,3.370780520346898,0.17137942454552044
0.005,3.3727151434289526,0.1712434400299514
0.005,3.3746497665110073,0.17110792185878493
0.005,3.376584389593062,0.17097286772425824
0.005,3.378519012675117,0.17083827533357432
0.005,3.3804536357571715,0.17070414240878265
0.005,3.3823882588392262,0.1705704666866606
0.005,3.384322881921281,0.17043724591859577
0.005,3.3862575050033357,0.17030447787046982
0.005,3.3881921280853904,0.17017216032254323
0.005,3.390126751167445,0.17004029106934088
0.005,3.3920613742495,0.16990886791953952
0.005,3.3939959973315545,0.169777888695855
0.005,3.3959306204136093,0.16964735123493183
0.005,3.397865243495664,0.1695172533872332
0.005,3.3997998665777187,0.16938759301693174
0.005,3.4017344896597734,0.169258368001802
0.005,3.403669112741828,0.16912957623311342
0.005,3.405603735823883,0.16900121561552436
0.005,3.4075383589059376,0.16887328406697721
0.005,3.4094729819879923,0.1687457795185947
0.005,3.411407605070047,0.1686186999145766
0.005,3.4133422281521018,0.16849204321209782
0.005,3.4152768512341565,0.16836580738120752
0.005,3.417211474316211,0.16823999040472873
0.005,3.419146097398266,0.16811459027815923
0.005,3.4210807204803206,0.16798960500957322
0.005,3.4230153435623754,0.16786503261952396
0.005,3.42494996664443,0.16774087114094735
0.005,3.426884589726485,0.16761711861906603
0.005,3.4288192128085395,0.1674937731112949
0.005,3.4307538358905942,0.16737083268714725
0.005,3.432688458972649,0.16724829542814162
0.005,3.4346230820547037,0.1671261594277095
0.005,3.4365577051367584,0.16700442279110436
0.005,3.438492328218813,0.16688308363531085
0.005,3.440426951300868,0.16676214008895515
0.005,3.4423615743829226,0.16664159029221629
0.005,3.444296197464977,0.16652143239673786
0.005,3.4462308205470316,0.16640166456554098
0.005,3.4481654436290863,0.16628228497293746
0.005,3.450100066711141,0.1661632918044445
0.005,3.4520346897931957,0.16604468325669955
0.005,3.4539693128752504,0.1659264575373761
0.005,3.455903935957305,0.16580861286510049
0.005,3.45783855903936,0.165691147469369
0.005,3.4597731821214146,0.16557405959046603
0.005,3.4617078052034693,0.1654573474793829
0.005,3.463642428285524,0.16534100939773758
0.005,3.4655770513675788,0.1652250436176945
0.005,3.4675116744496335,0.16510944842188605
0.005,3.4694462975316878,0.16499422210333375
0.005,3.4713809206137425,0.1648793629653709
0.005,3.473315543695797,0.16476486932156564
0.005,3.475250166777852,0.1646507394956446
0.005,3.4771847898599066,0.16453697182141716
0.005,3.4791194129419614,0.16442356464270097
0.005,3.481054036024016,0.16431051631324697
0.005,3.482988659106071,0.16419782519666667
0.005,3.4849232821881255,0.16408548966635841
0.005,3.4868579052701802,0.1639735081054354
0.005,3.488792528352235,0.16386187890665405
0.005,3.4907271514342897,0.16375060047234274
0.005,3.4926617745163444,0.1636396712143315
0.005,3.494596397598399,0.1635290895538822
0.005,3.496531020680454,0.16341885392161923
0.005,3.4984656437625086,0.163308962757461
0.005,3.5004002668445633,0.16319941451055192
0.005,3.502334889926618,0.16309020763919482
0.005,3.5042695130086727,0.16298134061078431
0.005,3.5062041360907275,0.1628728119017403
0.005,3.508138759172782,0.16276461999744263
0.005,3.510073382254837,0.1626567633921657
0.005,3.5120080053368916,0.16254924058901393
0.005,3.5139426284189463,0.1624420500998578
0.005,3.515877251501001,0.16233519044527048
0.005,3.5178118745830558,0.1622286601544648
0.005,3.5197464976651105,0.16212245776523096
0.005,3.521681120747165,0.16201658182387466
0.005,3.52361574382922,0.16191103088515585
0.005,3.5255503669112747,0.16180580351222792
0.005,3.5274849899933294,0.1617008982765774
0.005,3.529419613075384,0.1615963137579643
0.005,3.5313542361574384,0.16149204854436283
0.005,3.533288859239493,0.16138810123190256
0.005,3.535223482321548,0.16128447042481056
0.005,3.5371581054036025,0.16118115473535322
0.005,3.5390927284856573,0.16107815278377904
0.005,3.541027351567712,0.1609754631982624
0.005,3.5429619746497667,0.16087308461484645
0.005,3.5448965977318214,0.1607710156773881
0.005,3.546831220813876,0.16066925503750207
0.005,3.548765843895931,0.16056780135450627
0.005,3.5507004669779856,0.1604666532953675
0.005,3.5526350900600403,0.1603658095346473
0.005,3.554569713142095,0.16026526875444844
0.005,3.5565043362241497,0.16016502964436202
0.005,3.5584389593062045,0.1600650909014147
0.005,3.560373582388259,0.15996545123001665
0.005,3.562308205470314,0.15986610934190978
0.005,3.5642428285523686,0.1597670639561163
0.005,3.5661774516344233,0.15966831379888802
0.005,3.568112074716478,0.15956985760365572
0.005,3.570046697798533,0.1594716941109794
0.005,3.5719813208805875,0.1593738220684983
0.005,3.5739159439626422,0.15927624023088177
0.005,3.575850567044697,0.15917894735978078
0.005,3.5777851901267517,0.15908194222377908
0.005,3.5797198132088064,0.15898522359834544
0.005,3.5816544362908607,0.15888879026578598
0.005,3.5835890593729154,0.15879264101519686
0.005,3.58552368245497,0.1586967746424177
0.005,3.587458305537025,0.15860118994998476
0.005,3.5893929286190795,0.15850588574708543
0.005,3.5913275517011343,0.15841086084951164
0.005,3.593262174783189,0.1583161140796156
0.005,3.5951967978652437,0.15822164426626406
0.005,3.5971314209472984,0.15812745024479405
0.005,3.599066044029353,0.15803353085696875
0.005,3.601000667111408,0.1579398849509332
0.005,3.6029352901934626,0.1578465113811714
0.005,3.6048699132755173,0.1577534090084626
0.005,3.606804536357572,0.157660576699839
0.005,3.6087391594396268,0.15756801332854273
0.005,3.6106737825216815,0.15747571777398425
0.005,3.612608405603736,0.15738368892170035
0.005,3.614543028685791,0.15729192566331263
0.005,3.6164776517678456,0.15720042689648656
0.005,3.6184122748499004,0.1571091915248906
0.005,3.620346897931955,0.15701821845815578
0.005,3.62228152101401,0.15692750661183572
0.005,3.6242161440960645,0.15683705490736652
0.005,3.6261507671781192,0.15674686227202744
0.005,3.628085390260174,0.15665692763890196
0.005,3.6300200133422287,0.15656724994683838
0.005,3.631954636424283,0.15647782814041197
0.005,3.6338892595063377,0.156388661169886
0.005,3.6358238825883924,0.15629974799117433
0.005,3.637758505670447,0.15621108756580354
0.005,3.639693128752502,0.15612267886087572
0.005,3.6416277518345566,0.15603452084903136
0.005,3.6435623749166113,0.15594661250841252
0.005,3.645496997998666,0.1558589528226264
0.005,3.6474316210807207,0.15577154078070943
0.005,3.6493662441627754,0.15568437537709093
0.005,3.65130086724483,0.15559745561155797
0.005,3.653235490326885,0.15551078048921957
0.005,3.6551701134089396,0.155424349020472
0.005,3.6571047364909943,0.15533816022096408
0.005,3.659039359573049,0.1552522131115622
0.005,3.6609739826551038,0.1551665067183166
0.005,3.6629086057371585,0.155081040072427
0.005,3.664843228819213,0.15499581221020936
0.005,3.666777851901268,0.15491082217306198
0.005,3.6687124749833226,0.1548260690074326
0.005,3.6706470980653774,0.15474155176478518
0.005,3.672581721147432,0.1546572695015678
0.005,3.674516344229487,0.1545732212791797
0.005,3.6764509673115415,0.15448940616393925
0.005,3.6783855903935962,0.15440582322705226
0.005,3.680320213475651,0.15432247154458006
0.005,3.6822548365577052,0.1542393501974083
0.005,3.68418945963976,0.15415645827121538
0.005,3.6861240827218147,0.1540737948564421
0.005,3.6880587058038694,0.1539913590482604
0.005,3.689993328885924,0.1539091499465432
0.005,3.691927951967979,0.15382716665583418
0.005,3.6938625750500336,0.15374540828531752
0.005,3.6957971981320883,0.1536638739487884
0.005,3.697731821214143,0.15358256276462334
0.005,3.6996664442961977,0.1535014738557509
0.005,3.7016010673782525,0.1534206063496225
0.005,3.703535690460307,0.1533399593781838
0.005,3.705470313542362,0.15325953207784562
0.005,3.7074049366244166,0.15317932358945585
0.005,3.7093395597064713,0.15309933305827123
0.005,3.711274182788526,0.15301955963392913
0.005,3.7132088058705808,0.15294000247041992
0.005,3.7151434289526355,0.15286066072605903
0.005,3.71707805203469,0.15278153356346022
0.005,3.719012675116745,0.15270262014950794
0.005,3.7209472981987997,0.15262391965533045
0.005,3.7228819212808544,0.152545431256273
0.005,3.724816544362909,0.1524671541318714
0.005,3.726751167444964,0.1523890874658256
0.005,3.7286857905270185,0.15231123044597344
0.005,3.7306204136090733,0.15223358226426484
0.005,3.7325550366911275,0.1521561421167358
0.005,3.7344896597731823,0.1520789092034831
0.005,3.736424282855237,0.15200188272863874
0.005,3.7383589059372917,0.15192506190034455
0.005,3.7402935290193464,0.1518484459307276
0.005,3.742228152101401,0.15177203403587494
0.005,3.744162775183456,0.15169582543580923
0.005,3.7460973982655106,0.15161981935446422
0.005,3.7480320213475653,0.1515440150196604
0.005,3.74996664442962,0.15146841166308084
0.005,3.7519012675116747,0.1513930085202475
0.005,3.7538358905937295,0.1513178048304972
0.005,3.755770513675784,0.15124279983695824
0.005,3.757705136757839,0.15116799278652696
0.005,3.7596397598398936,0.1510933829298443
0.005,3.7615743829219483,0.15101896952127317
0.005,3.763509006004003,0.1509447518188752
0.005,3.765443629086058,0.15087072908438803
0.005,3.7673782521681125,0.1507969005832029
0.005,3.7693128752501672,0.15072326558434232
0.005,3.771247498332222,0.1506498233604376
0.005,3.7731821214142767,0.15057657318770695
0.005,3.7751167444963314,0.15050351434593362
0.005,3.777051367578386,0.15043064611844384
0.005,3.778985990660441,0.15035796779208566
0.005,3.7809206137424956,0.15028547865720726
0.005,3.78285523682455,0.15021317800763584
0.005,3.7847898599066045,0.15014106514065617
0.005,3.7867244829886593,0.15006913935698993
0.005,3.788659106070714,0.14999739996077485
0.005,3.7905937291527687,0.149925846259544
0.005,3.7925283522348234,0.14985447756420522
0.005,3.794462975316878,0.14978329318902076
0.005,3.796397598398933,0.14971229245158713
0.005,3.7983322214809876,0.149641474672815
0.005,3.8002668445630423,0.14957083917690916
0.005,3.802201467645097,0.14950038529134901
0.005,3.8041360907271518,0.1494301123468684
0.005,3.8060707138092065,0.14936001967743662
0.005,3.808005336891261,0.1492901066202388
0.005,3.809939959973316,0.14922037251565679
0.005,3.8118745830553706,0.14915081670724975
0.005,3.8138092061374254,0.14908143854173578
0.005,3.81574382921948,0.14901223736897234
0.005,3.817678452301535,0.14894321254193826
0.005,3.8196130753835895,0.14887436341671484
0.005,3.8215476984656442,0.14880568935246732
0.005,3.823482321547699,0.14873718971142671
0.005,3.8254169446297537,0.1486688638588719
0.005,3.8273515677118084,0.1486007111631111
0.005,3.829286190793863,0.1485327309954643
0.005,3.831220813875918,0.1484649227302452
0.005,3.833155436957972,0.14839728574474403
0.005,3.835090060040027,0.14832981941920936
0.005,3.8370246831220816,0.14826252313683122
0.005,3.8389593062041363,0.14819539628372355
0.005,3.840893929286191,0.14812843824890712
0.005,3.8428285523682457,0.14806164842429242
0.005,3.8447631754503004,0.1479950262046628
0.005,3.846697798532355,0.14792857098765758
0.005,3.84863242161441,0.14786228217375538
0.005,3.8505670446964646,0.14779615916625752
0.005,3.8525016677785193,0.14773020137127166
0.005,3.854436290860574,0.1476644081976954
0.005,3.8563709139426288,0.1475987790571999
0.005,3.8583055370246835,0.14753331336421388
0.005,3.860240160106738,0.14746801053590775
0.005,3.862174783188793,0.1474028699921774
0.005,3.8641094062708476,0.14733789115562873
0.005,3.8660440293529024,0.14727307345156157
0.005,3.867978652434957,0.14720841630795456
0.005,3.869913275517012,0.14714391915544942
0.005,3.8718478985990665,0.14707958142733552
0.005,3.8737825216811212,0.14701540255953488
0.005,3.875717144763176,0.1469513819905868
0.005,3.8776517678452307,0.1468875191616329
0.005,3.8795863909272854,0.14682381351640214
0.005,3.88152101400934,0.14676026450119617
0.005,3.8834556370913944,0.14669687156487424
0.005,3.885390260173449,0.1466336341588388
0.005,3.887324883255504,0.1465705517370209
0.005,3.8892595063375586,0.14650762375586585
0.005,3.8911941294196133,0.1464448496743187
0.005,3.893128752501668,0.14638222895381012
0.005,3.8950633755837227,0.14631976105824224
0.005,3.8969979986657775,0.1462574454539744
0.005,3.898932621747832,0.14619528160980974
0.005,3.900867244829887,0.14613326899698054
0.005,3.9028018679119416,0.14607140708913516
0.005,3.9047364909939963,0.146009695362324
0.005,3.906671114076051,0.14594813329498604
0.005,3.9086057371581058,0.14588672036793524
0.005,3.9105403602401605,0.14582545606434713
0.005,3.912474983322215,0.1457643398697459
0.005,3.91440960640427,0.14570337127199054
0.005,3.9163442294863247,0.14564254976126212
0.005,3.9182788525683794,0.1455818748300507
0.005,3.920213475650434,0.14552134597314229
0.005,3.922148098732489,0.145460962687606
0.005,3.9240827218145435,0.1454007244727813
0.005,3.9260173448965983,0.14534063083026524
0.005,3.927951967978653,0.14528068126389998
0.005,3.9298865910607077,0.14522087527976005
0.005,3.9318212141427624,0.1451612123861401
0.005,3.9337558372248167,0.14510169209354254
0.005,3.9356904603068714,0.14504231391466496
0.005,3.937625083388926,0.1449830773643882
0.005,3.939559706470981,0.1449239819597644
0.005,3.9414943295530356,0.1448650272200044
0.005,3.9434289526350903,0.14480621266646646
0.005,3.945363575717145,0.14474753782264363
0.005,3.9472981987991997,0.14468900221415273
0.005,3.9492328218812545,0.14463060536872205
0.005,3.951167444963309,0.14457234681617992
0.005,3.953102068045364,0.14451422608844314
0.005,3.9550366911274186,0.1444562427195055
0.005,3.9569713142094733,0.14439839624542616
0.005,3.958905937291528,0.14434068620431875
0.005,3.960840560373583,0.14428311213633954
0.005,3.9627751834556375,0.14422567358367666
0.005,3.9647098065376922,0.1441683700905389
0.005,3.966644429619747,0.14411120120314436
0.005,3.9685790527018017,0.14405416646970995
0.005,3.9705136757838564,0.1439972654404402
0.005,3.972448298865911,0.1439404976675163
0.005,3.974382921947966,0.14388386270508569
0.005,3.9763175450300206,0.14382736010925104
0.005,3.9782521681120753,0.14377098943805988
0.005,3.98018679119413,0.14371475025149377
0.005,3.9821214142761847,0.14365864211145804
0.005,3.984056037358239,0.14360266458177137
0.005,3.9859906604402937,0.14354681722815518
0.005,3.9879252835223484,0.14349109961822365
0.005,3.989859906604403,0.14343551132147325
0.005,3.991794529686458,0.1433800519092728
0.005,3.9937291527685126,0.14332472095485327
0.005,3.9956637758505673,0.14326951803329763
0.005,3.997598398932622,0.1432144427215312
0.005,3.9995330220146768,0.14315949459831154
0.005,4.0014676450967315,0.1431046732442185
0.005,4.003402268178786,0.14304997824164478
0.005,4.005336891260841,0.14299540917478595
0.005,4.007271514342896,0.14294096562963096
0.005,4.00920613742495,0.14288664719395244
0.005,4.011140760507005,0.14283245345729717
0.005,4.01307538358906,0.14277838401097678
0.005,4.0150100066711145,0.14272443844805835
0.005,4.016944629753169,0.14267061636335457
0.005,4.018879252835224,0.14261691735341528
0.005,4.020813875917279,0.14256334101651758
0.005,4.022748498999333,0.14250988695265693
0.005,4.024683122081388,0.14245655476353797
0.005,4.026617745163443,0.1424033440525657
0.005,4.028552368245498,0.14235025442483598
0.005,4.030486991327552,0.1422972854871272
0.005,4.032421614409607,0.1422444368478909
0.005,4.034356237491661,0.1421917081172433
0.005,4.036290860573716,0.1421390989069562
0.005,4.03822548365577,0.14208660883044866
0.005,4.040160106737826,0.14203423750277797
0.005,4.04209472981988,0.14198198454063124
0.005,4.044029352901935,0.14192984956231688
0.005,4.045963975983989,0.14187783218775601
0.005,4.047898599066045,0.14182593203847388
0.005,4.049833222148099,0.1417741487375919
0.005,4.051767845230154,0.1417224819098188
0.005,4.053702468312208,0.1416709311814428
0.005,4.055637091394264,0.14161949618032293
0.005,4.0575717144763175,0.14156817653588127
0.005,4.059506337558373,0.14151697187909446
0.005,4.061440960640427,0.1414658818424859
0.005,4.0633755837224825,0.14141490606011742
0.005,4.065310206804536,0.14136404416758172
0.005,4.067244829886592,0.14131329580199395
0.005,4.069179452968646,0.1412626606019842
0.005,4.071114076050701,0.14121213820768935
0.005,4.073048699132755,0.14116172826074572
0.005,4.074983322214811,0.14111143040428076
0.005,4.076917945296865,0.14106124428290598
0.005,4.07885256837892,0.14101116954270862
0.005,4.080787191460974,0.1409612058312448
0.005,4.08272181454303,0.14091135279753128
0.005,4.084656437625084,0.14086161009203851
0.005,4.086591060707138,0.1408119773666827
0.005,4.088525683789193,0.14076245427481862
0.005,4.090460306871248,0.1407130404712326
0.005,4.0923949299533025,0.14066373561213444
0.005,4.094329553035357,0.14061453935515072
0.005,4.096264176117412,0.1405654513593174
0.005,4.098198799199467,0.14051647128507253
0.005,4.100133422281521,0.14046759879424922
0.005,4.102068045363576,0.1404188335500686
0.005,4.104002668445631,0.1403701752171326
0.005,4.1059372915276855,0.14032162346141694
0.005,4.10787191460974,0.14027317795026426
0.005,4.109806537691795,0.14022483835237726
0.005,4.11174116077385,0.14017660433781154
0.005,4.113675783855904,0.1401284755779689
0.005,4.115610406937959,0.1400804517455907
0.005,4.117545030020014,0.14003253251475078
0.005,4.1194796531020685,0.13998471756084896
0.005,4.121414276184123,0.1399370065606043
0.005,4.123348899266178,0.13988939919204837
0.005,4.125283522348233,0.13984189513451878
0.005,4.127218145430287,0.13979449406865252
0.005,4.129152768512342,0.13974719567637947
0.005,4.131087391594397,0.13969999964091592
0.005,4.133022014676452,0.13965290564675806
0.005,4.134956637758506,0.1396059133796757
0.005,4.13689126084056,0.13955902252670585
0.005,4.138825883922616,0.13951223277614616
0.005,4.14076050700467,0.13946554381754905
0.005,4.142695130086725,0.13941895534171506
0.005,4.144629753168779,0.13937246704068693
0.005,4.146564376250835,0.13932607860774315
0.005,4.1484989993328885,0.13927978973739216
0.005,4.150433622414944,0.13923360012536565
0.005,4.152368245496998,0.13918750946861336
0.005,4.1543028685790535,0.139141517465296
0.005,4.156237491661107,0.13909562381478033
0.005,4.158172114743163,0.13904982821763215
0.005,4.160106737825217,0.1390041303756113
0.005,4.162041360907272,0.13895852999166503
0.005,4.163975983989326,0.13891302676992268
0.005,4.165910607071382,0.13886762041568937
0.005,4.167845230153436,0.1388223106354407
0.005,4.169779853235491,0.13877709713681657
0.005,4.171714476317545,0.13873197962861578
0.005,4.173649099399601,0.13868695782079002
0.005,4.1755837224816545,0.1386420314244385
0.005,4.17751834556371,0.1385972001518021
0.005,4.179452968645764,0.13855246371625812
0.005,4.18138759172782,0.13850782183231417
0.005,4.183322214809873,0.13846327421560317
0.005,4.185256837891928,0.13841882058287763
0.005,4.187191460973983,0.13837446065200407
0.005,4.189126084056038,0.1383301941419578
0.005,4.191060707138092,0.1382860207728175
0.005,4.192995330220147,0.1382419402657597
0.005,4.194929953302202,0.1381979523430536
0.005,4.1968645763842565,0.13815405672805564
0.005,4.198799199466311,0.13811025314520434
0.005,4.200733822548366,0.13806654132001492
0.005,4.202668445630421,0.13802292097907426
0.005,4.204603068712475,0.13797939185003552
0.005,4.20653769179453,0.13793595366161318
0.005,4.208472314876585,0.13789260614357787
0.005,4.2104069379586395,0.137849349026751
0.005,4.212341561040694,0.1378061820430002
0.005,4.214276184122749,0.13776310492523375
0.005,4.216210807204804,0.137720117407396
0.005,4.218145430286858,0.13767721922446222
0.005,4.220080053368913,0.13763441011243352
0.005,4.222014676450968,0.1375916898083322
0.005,4.223949299533023,0.1375490580501966
0.005,4.225883922615077,0.13750651457707638
0.005,4.227818545697132,0.1374640591290277
0.005,4.229753168779187,0.13742169144710834
0.005,4.231687791861241,0.13737941127337291
0.005,4.233622414943296,0.13733721835086807
0.005,4.23555703802535,0.13729511242362794
0.005,4.237491661107406,0.13725309323666937
0.005,4.239426284189459,0.13721116053598698
0.005,4.241360907271515,0.137169314068549
0.005,4.243295530353569,0.13712755358229217
0.005,4.2452301534356245,0.13708587882611747
0.005,4.247164776517678,0.13704428954988546
0.005,4.249099399599734,0.13700278550441158
0.005,4.251034022681788,0.13696136644146203
0.005,4.252968645763843,0.13692003211374867
0.005,4.254903268845897,0.13687878227492514
0.005,4.256837891927953,0.1368376166795821
0.005,4.258772515010007,0.136796535083243
0.005,4.260707138092062,0.13675553724235925
0.005,4.262641761174116,0.13671462291430658
0.005,4.264576384256172,0.13667379185738
0.005,4.2665110073382255,0.13663304383078992
0.005,4.268445630420281,0.1365923785946577
0.005,4.270380253502335,0.13655179591001138
0.005,4.272314876584391,0.13651129553878127
0.005,4.274249499666444,0.1364708772437963
0.005,4.2761841227485,0.13643054078877898
0.005,4.278118745830554,0.13639028593834193
0.005,4.2800533689126095,0.13635011245798342
0.005,4.281987991994663,0.1363100201140832
0.005,4.283922615076718,0.1362700086738986
0.005,4.285857238158773,0.1362300779055602
0.005,4.2877918612408275,0.13619022757806792
0.005,4.289726484322882,0.136150457461287
0.005,4.291661107404937,0.136110767325944
0.005,4.293595730486992,0.13607115694362248
0.005,4.295530353569046,0.1360316260867596
0.005,4.297464976651101,0.13599217452864168
0.005,4.299399599733156,0.13595280204340052
0.005,4.3013342228152105,0.13591350840600935
0.005,4.303268845897265,0.1358742933922791
0.005,4.30520346897932,0.13583515677885447
0.005,4.307138092061375,0.13579609834321005
0.005,4.309072715143429,0.13575711786364641
0.005,4.311007338225484,0.13571821511928664
0.005,4.312941961307539,0.13567938989007217
0.005,4.3148765843895935,0.13564064195675915
0.005,4.316811207471648,0.13560197110091501
0.005,4.318745830553703,0.13556337710491423
0.005,4.320680453635758,0.13552485975193496
0.005,4.322615076717812,0.1354864188259553
0.005,4.324549699799867,0.1354480541117497
0.005,4.326484322881922,0.13540976539488503
0.005,4.328418945963977,0.13537155246171736
0.005,4.330353569046031,0.13533341509938823
0.005,4.332288192128086,0.13529535309582078
0.005,4.33422281521014,0.13525736623971665
0.005,4.3361574382921955,0.13521945432055207
0.005,4.338092061374249,0.13518161712857477
0.005,4.340026684456305,0.13514385445479973
0.005,4.341961307538359,0.13510616609100673
0.005,4.343895930620414,0.13506855182973587
0.005,4.345830553702468,0.13503101146428495
0.005,4.347765176784524,0.1349935447887053
0.005,4.349699799866578,0.13495615159779906
0.005,4.351634422948633,0.13491883168711538
0.005,4.353569046030687,0.1348815848529472
0.005,4.355503669112743,0.13484441089232777
0.005,4.3574382921947965,0.13480730960302736
0.005,4.359372915276852,0.1347702807835502
0.005,4.361307538358906,0.13473332423313075
0.005,4.3632421614409616,0.1346964397517307
0.005,4.365176784523015,0.13465962714003574
0.005,4.367111407605071,0.13462288619945198
0.005,4.369046030687125,0.13458621673210322
0.005,4.37098065376918,0.13454961854082725
0.005,4.372915276851234,0.13451309142917312
0.005,4.37484989993329,0.1344766352013974
0.005,4.376784523015344,0.1344402496624617
0.005,4.378719146097399,0.1344039346180289
0.005,4.380653769179453,0.13436768987446046
0.005,4.382588392261509,0.134331515238813
0.005,4.384523015343563,0.1342954105188356
0.005,4.386457638425617,0.1342593755229661
0.005,4.388392261507672,0.13422341006032873
0.005,4.390326884589727,0.13418751394073064
0.005,4.3922615076717815,0.13415168697465896
0.005,4.394196130753836,0.1341159289732778
0.005,4.396130753835891,0.13408023974842542
0.005,4.398065376917946,0.13404461911261079
0.005,4.4,0.13400906687901126
0.01,1.5,0.14620815400016735
0.01,1.5019346230820547,0.14674161991684098
0.01,1.5038692461641094,0.1472780089022609
0.01,1.5058038692461642,0.14781734344570235
0.01,1.5077384923282189,0.14835964619160114
0.01,1.5096731154102736,0.1489049399424789
0.01,1.5116077384923283,0.14945324766189733
0.01,1.5135423615743828,0.15000459247743853
0.01,1.5154769846564375,0.15055899768371522
0.01,1.5174116077384923,0.15111648674540756
0.01,1.519346230820547,0.15167708330032886
0.01,1.5212808539026017,0.1522408111625203
0.01,1.5232154769846564,0.15280769432537344
0.01,1.5251501000667111,0.15337775696478334
0.01,1.5270847231487659,0.15395102344232836
0.01,1.5290193462308206,0.15452751830848271
0.01,1.5309539693128753,0.15510726630585625
0.01,1.53288859239493,0.15569029237246634
0.01,1.5348232154769847,0.15627662164503864
0.01,1.5367578385590395,0.156866279462341
0.01,1.538692461641094,0.1574592913685462
0.01,1.5406270847231487,0.15805568311662882
0.01,1.5425617078052034,0.15865548067179275
0.01,1.5444963308872581,0.15925871021493193
0.01,1.5464309539693128,0.15986539814612427
0.01,1.5483655770513676,0.16047557108815957
0.01,1.5503002001334223,0.16108925589010026
0.01,1.552234823215477,0.16170647963087853
0.01,1.5541694462975317,0.1623272696229277
0.01,1.5561040693795865,0.16295165341584955
0.01,1.5580386924616412,0.16357965880011766
0.01,1.559973315543696,0.16421131381081916
0.01,1.5619079386257506,0.1648466467314318
0.01,1.5638425617078051,0.16548568609764136
0.01,1.5657771847898598,0.16612846070119697
0.01,1.5677118078719146,0.16677499959380543
0.01,1.5696464309539693,0.1674253320910674
0.01,1.571581054036024,0.16807948777645287
0.01,1.5735156771180787,0.16873749650531905
0.01,1.5754503002001334,0.16939938840897079
0.01,1.5773849232821882,0.17006519389876396
0.01,1.5793195463642429,0.17073494367025227
0.01,1.5812541694462976,0.1714086687073797
0.01,1.5831887925283523,0.17208640028671762
0.01,1.585123415610407,0.1727681699817485
0.01,1.5870580386924615,0.17345400966719704
0.01,1.5889926617745163,0.1741439515234091
0.01,1.590927284856571,0.17483802804077897
0.01,1.5928619079386257,0.175536272024227
0.01,1.5947965310206804,0.17623871659772783
0.01,1.5967311541027351,0.17694539520888963
0.01,1.5986657771847899,0.1776563416335864
0.01,1.6006004002668446,0.17837158998064373
0.01,1.6025350233488993,0.17909117469657732
0.01,1.604469646430954,0.17981513057038995
0.01,1.6064042695130087,0.18054349273842119
0.01,1.6083388925950635,0.18127629668925732
0.01,1.6102735156771182,0.18201357826869752
0.01,1.612208138759173,0.18275537368478134
0.01,1.6141427618412274,0.18350171951287453
0.01,1.6160773849232821,0.18425265270081825
0.01,1.6180120080053368,0.18500821057413958
0.01,1.6199466310873916,0.18576843084132622
0.01,1.6218812541694463,0.18653335159916623
0.01,1.623815877251501,0.1873030113381528
0.01,1.6257505003335557,0.18807744894795725
0.01,1.6276851234156104,0.1888567037229692
0.01,1.6296197464976652,0.189640815367907
0.01,1.6315543695797199,0.19042982400349845
0.01,1.6334889926617746,0.19122377017223258
0.01,1.6354236157438293,0.19202269484418627
0.01,1.6373582388258838,0.19282663942292294
0.01,1.6392928619079385,0.19363564575146924
0.01,1.6412274849899933,0.19444975611836574
0.01,1.643162108072048,0.19526901326379809
0.01,1.6450967311541027,0.19609346038580716
0.01,1.6470313542361574,0.19692314114657838
0.01,1.6489659773182122,0.1977580996788154
0.01,1.6509006004002669,0.19859838059219526
0.01,1.6528352234823216,0.1994440289799101
0.01,1.6547698465643763,0.20029509042529348
0.01,1.656704469646431,0.20115161100853524
0.01,1.6586390927284858,0.2020136373134857
0.01,1.6605737158105405,0.2028812164345487
0.01,1.6625083388925952,0.20375439598366968
0.01,1.66444296197465,0.2046332240974129
0.01,1.6663775850567044,0.2055177494441377
0.01,1.6683122081387591,0.20640802123126856
0.01,1.6702468312208139,0.20730408921266408
0.01,1.6721814543028686,0.20820600369608439
0.01,1.6741160773849233,0.20911381555076142
0.01,1.676050700466978,0.2100275762150704
0.01,1.6779853235490327,0.21094733770430502
0.01,1.6799199466310875,0.21187315261855993
0.01,1.6818545697131422,0.2128050741507191
0.01,1.683789192795197,0.21374315609455408
0.01,1.6857238158772516,0.2146874528529325
0.01,1.6876584389593061,0.2156380194461383
0.01,1.6895930620413608,0.2165949115203077
0.01,1.6915276851234156,0.21755818535597787
0.01,1.6934623082054703,0.21852789787675614
0.01,1.695396931287525,0.21950410665810471
0.01,1.6973315543695797,0.22048686993625016
0.01,1.6992661774516344,0.22147624661721088
0.01,1.7012008005336892,0.22247229628595283
0.01,1.7031354236157439,0.22347507921566778
0.01,1.7050700466977986,0.22448465637718157
0.01,1.7070046697798533,0.225501089448491
0.01,1.708939292861908,0.22652444082443113
0.01,1.7108739159439628,0.22755477362647697
0.01,1.7128085390260175,0.22859215171267855
0.01,1.714743162108072,0.2296366396877338
0.01,1.7166777851901267,0.23068830291319886
0.01,1.7186124082721814,0.23174720751783784
0.01,1.7205470313542361,0.23281342040811737
0.01,1.7224816544362909,0.2338870092788407
0.01,1.7244162775183456,0.23496804262393078
0.01,1.7263509006004003,0.2360565897473587
0.01,1.728285523682455,0.23715272077422256
0.01,1.7302201467645097,0.23825650666197506
0.01,1.7321547698465645,0.23936801921180606
0.01,1.7340893929286192,0.24048733108017822
0.01,1.736024016010674,0.24161451579051874
0.01,1.7379586390927284,0.2427496477450699
0.01,1.7398932621747831,0.24389280223689785
0.01,1.7418278852568378,0.24504405546206376
0.01,1.7437625083388926,0.246203484531957
0.01,1.7456971314209473,0.24737116748579469
0.01,1.747631754503002,0.24854718330328435
0.01,1.7495663775850567,0.2497316119174579
0.01,1.7515010006671115,0.25092453422767363
0.01,1.7534356237491662,0.2521260321127876
0.01,1.755370246831221,0.25333618844449995
0.01,1.7573048699132756,0.2545550871008738
0.01,1.7592394929953303,0.2557828129800301
0.01,1.761174116077385,0.257019452014018
0.01,1.7631087391594398,0.2582650911828645
0.01,1.7650433622414945,0.25951981852880246
0.01,1.766977985323549,0.2607837231706792
0.01,1.7689126084056037,0.26205689531854776
0.01,1.7708472314876584,0.263339426288437
0.01,1.7727818545697132,0.2646314085173103
0.01,1.7747164776517679,0.26593293557820424
0.01,1.7766511007338226,0.2672441021955553
0.01,1.7785857238158773,0.2685650042607089
0.01,1.780520346897932,0.2698957388476191
0.01,1.7824549699799868,0.27123640422873185
0.01,1.7843895930620415,0.27258709989105573
0.01,1.786324216144096,0.2739479265524208
0.01,1.7882588392261507,0.2753189861779242
0.01,1.7901934623082054,0.27670038199656294
0.01,1.7921280853902601,0.27809221851805377
0.01,1.7940627084723149,0.27949460154983824
0.01,1.7959973315543696,0.280907638214277
0.01,1.7979319546364243,0.2823314369660246
0.01,1.799866577718479,0.2837661076095924
0.01,1.8018012008005337,0.2852117613170904
0.01,1.8037358238825885,0.28666851064615556
0.01,1.8056704469646432,0.2881364695580537
0.01,1.807605070046698,0.2896157534359647
0.01,1.8095396931287526,0.29110647910343884
0.01,1.8114743162108073,0.29260876484302933
0.01,1.813408939292862,0.2941227304150936
0.01,1.8153435623749168,0.2956484970767614
0.01,1.8172781854569713,0.2971861876010662
0.01,1.819212808539026,0.29873592629623896
0.01,1.8211474316210807,0.30029783902515383
0.01,1.8230820547031354,0.3018720532249266
0.01,1.8250166777851902,0.3034586979266582
0.01,1.8269513008672449,0.30505790377532105
0.01,1.8288859239492996,0.3066698030497756
0.01,1.8308205470313543,0.30829452968291865
0.01,1.832755170113409,0.309932219281949
0.01,1.8346897931954638,0.31158300914875053
0.01,1.8366244162775183,0.3132470383003767
0.01,1.838559039359573,0.31492444748963444
0.01,1.8404936624416277,0.31661537922575234
0.01,1.8424282855236824,0.318319977795128
0.01,1.8443629086057372,0.3200383892821411
0.01,1.8462975316877919,0.32177076159001955
0.01,1.8482321547698466,0.32351724446175
0.01,1.8501667778519013,0.3252779895010148
0.01,1.852101400933956,0.32705315019314757
0.01,1.8540360240160108,0.32884288192608246
0.01,1.8559706470980655,0.33064734201129364
0.01,1.8579052701801202,0.3324666897046986
0.01,1.859839893262175,0.3343010862275077
0.01,1.8617745163442296,0.33615069478700715
0.01,1.8637091394262844,0.33801568059724774
0.01,1.865643762508339,0.3398962108996227
0.01,1.8675783855903936,0.34179245498330657
0.01,1.8695130086724483,0.34370458420553524
0.01,1.871447631754503,0.34563277201170134
0.01,1.8733822548365577,0.34757719395522985
0.01,1.8753168779186125,0.3495380277172176
0.01,1.8772515010006672,0.3515154531257914
0.01,1.879186124082722,0.3535096521751669
0.01,1.8811207471647766,0.35552080904435984
0.01,1.8830553702468313,0.3575491101155249
0.01,1.884989993328886,0.3595947439918736
0.01,1.8869246164109406,0.3616579015151394
0.01,1.8888592394929953,0.36373877578254393
0.01,1.89079386257505,0.36583756216321184
0.01,1.8927284856571047,0.36795445831400053
0.01,1.8946631087391594,0.37008966419468103
0.01,1.8965977318212142,0.372243382082427
0.01,1.8985323549032689,0.374415816585547
0.01,1.9004669779853236,0.3766071746564075
0.01,1.9024016010673783,0.37881766560348334
0.01,1.904336224149433,0.3810475011024657
0.01,1.9062708472314878,0.38329689520636445
0.01,1.9082054703135425,0.38556606435452717
0.01,1.9101400933955972,0.38785522738050393
0.01,1.912074716477652,0.39016460551867066
0.01,1.9140093395597066,0.3924944224095335
0.01,1.9159439626417614,0.39484490410361744
0.01,1.9178785857238159,0.3972162790638547
0.01,1.9198132088058706,0.3996087781663687
0.01,1.9217478318879253,0.4020226346995477
0.01,1.92368245496998,0.4044580843613082
0.01,1.9256170780520347,0.40691536525442684
0.01,1.9275517011340895,0.40939471787982623
0.01,1.9294863242161442,0.41189638512768234
0.01,1.931420947298199,0.4144206122662289
0.01,1.9333555703802536,0.416967646928119
0.01,1.9352901934623084,0.4195377390941921
0.01,1.9372248165443628,0.42213114107450483
0.01,1.9391594396264176,0.42474810748645686
0.01,1.9410940627084723,0.4273888952298508
0.01,1.943028685790527,0.4300537634587068
0.01,1.9449633088725817,0.43274297354965036
0.01,1.9468979319546365,0.4354567890666819
0.01,1.9488325550366912,0.43819547572212286
0.01,1.950767178118746,0.4409593013335325
0.01,1.9527018012008006,0.44374853577636997
0.01,1.9546364242828553,0.44656345093217376
0.01,1.95657104736491,0.4494043206320164
0.01,1.9585056704469648,0.45227142059498326
0.01,1.9604402935290195,0.45516502836140593
0.01,1.9623749166110742,0.45808542322057955
0.01,1.964309539693129,0.4610328861326793
0.01,1.9662441627751837,0.4640076996445615
0.01,1.9681787858572382,0.46701014779915123
0.01,1.9701134089392929,0.47004051603807456
0.01,1.9720480320213476,0.47309909109720577
0.01,1.9739826551034023,0.47618616089475885
0.01,1.975917278185457,0.4793020144115643
0.01,1.9778519012675118,0.4824469415631344
0.01,1.9797865243495665,0.4856212330631173
0.01,1.9817211474316212,0.4888251802777176
0.01,1.983655770513676,0.49205907507064356
0.01,1.9855903935957306,0.49532320963813387
0.01,1.9875250166777851,0.49861787633357846
0.01,1.9894596397598399,0.5019433674812511
0.01,1.9913942628418946,0.5052999751786371
0.01,1.9933288859239493,0.5086879910868275
0.01,1.995263509006004,0.512107706208432
0.01,1.9971981320880587,0.5155594106524316
0.01,1.9991327551701135,0.5190433933853918
0.01,2.001067378252168,0.5225599419684108
0.01,2.003002001334223,0.5261093422791824
0.01,2.0049366244162776,0.5296918782185066
0.01,2.0068712474983323,0.533307831400578
0.01,2.008805870580387,0.5369574808263569
0.01,2.010740493662442,0.5406411025392913
0.01,2.0126751167444965,0.5443589692626621
0.01,2.0146097398265512,0.5481113500177707
0.01,2.016544362908606,0.5518985097222089
0.01,2.0184789859906607,0.5557207087673733
0.01,2.0204136090727154,0.5595782025744286
0.01,2.02234823215477,0.5634712411278437
0.01,2.024282855236825,0.5674000684856637
0.01,2.0262174783188796,0.5713649222656086
0.01,2.0281521014009343,0.5753660331061059
0.01,2.030086724482989,0.5794036241013468
0.01,2.0320213475650437,0.5834779102094176
0.01,2.033955970647098,0.5875890976325753
0.01,2.0358905937291527,0.591737383168706
0.01,2.0378252168112074,0.5959229535329891
0.01,2.039759839893262,0.6001459846488267
0.01,2.041694462975317,0.6044066409070309
0.01,2.0436290860573716,0.6087050743923212
0.01,2.0455637091394263,0.6130414240761439
0.01,2.047498332221481,0.6174158149748745
0.01,2.0494329553035358,0.6218283572724269
0.01,2.0513675783855905,0.6262791454063651
0.01,2.053302201467645,0.6307682571165923
0.01,2.0552368245497,0.6352957524557462
0.01,2.0571714476317546,0.6398616727604604
0.01,2.0591060707138094,0.6444660395826824
0.01,2.061040693795864,0.6491088535803097
0.01,2.062975316877919,0.6537900933664542
0.01,2.0649099399599735,0.6585097143167083
0.01,2.0668445630420282,0.6632676473338757
0.01,2.068779186124083,0.6680637975697163
0.01,2.0707138092061372,0.6728980431033557
0.01,2.072648432288192,0.6777702335761182
0.01,2.0745830553702467,0.6826801887826743
0.01,2.0765176784523014,0.6876276972185354
0.01,2.078452301534356,0.6926125145840901
0.01,2.080386924616411,0.6976343622455308
0.01,2.0823215476984656,0.7026929256532207
0.01,2.0842561707805203,0.7077878527182695
0.01,2.086190793862575,0.7129187521482836
0.01,2.0881254169446297,0.718085191743531
0.01,2.0900600400266844,0.7232866966550023
0.01,2.091994663108739,0.7285227476061567
0.01,2.093929286190794,0.7337927790804376
0.01,2.0958639092728486,0.7390961774769804
0.01,2.0977985323549033,0.7444322792372878
0.01,2.099733155436958,0.7498003689460218
0.01,2.1016677785190128,0.7551996774094825
0.01,2.1036024016010675,0.7606293797157463
0.01,2.105537024683122,0.7660885932809074
0.01,2.107471647765177,0.7715763758863239
0.01,2.1094062708472316,0.7770917237123007
0.01,2.1113408939292864,0.7826335693741157
0.01,2.113275517011341,0.7882007799668787
0.01,2.115210140093396,0.7937921551262779
0.01,2.1171447631754505,0.7994064251128048
0.01,2.1190793862575052,0.8050422489277167
0.01,2.12101400933956,0.8106982124695465
0.01,2.1229486324216147,0.8163728267406498
0.01,2.1248832555036694,0.8220645261138554
0.01,2.126817878585724,0.8277716666699816
0.01,2.128752501667779,0.8334925246175552
0.01,2.1306871247498336,0.8392252948067583
0.01,2.1326217478318883,0.844968089350193
0.01,2.1345563709139426,0.8507189363636787
0.01,2.1364909939959973,0.8564757788408787
0.01,2.138425617078052,0.8622364736760502
0.01,2.1403602401601067,0.8679987908497601
0.01,2.1422948632421615,0.8737604127928233
0.01,2.144229486324216,0.8795189339440992
0.01,2.146164109406271,0.885271860518135
0.01,2.1480987324883256,0.8910166104988367
0.01,2.1500333555703803,0.896750513875527
0.01,2.151967978652435,0.9024708131377476
0.01,2.1539026017344898,0.9081746640451581
0.01,2.1558372248165445,0.9138591366885904
0.01,2.157771847898599,0.9195212168580719
0.01,2.159706470980654,0.9251578077330791
0.01,2.1616410940627087,0.930765731909686
0.01,2.1635757171447634,0.9363417337784196
0.01,2.165510340226818,0.9418824822656829
0.01,2.167444963308873,0.9473845739504081
0.01,2.1693795863909275,0.9528445365662407
0.01,2.171314209472982,0.9582588328980101
0.01,2.1732488325550365,0.963623865079451
0.01,2.1751834556370913,0.9689359792972054
0.01,2.177118078719146,0.974191470903982
0.01,2.1790527018012007,0.9793865899413582
0.01,2.1809873248832554,0.9845175470702352
0.01,2.18292194796531,0.989580519904181
0.01,2.184856571047365,0.9945716597380836
0.01,2.1867911941294196,0.9994870986614776
0.01,2.1887258172114743,1.0043229570427858
0.01,2.190660440293529,1.0090753513674868
0.01,2.1925950633755837,1.0137404024099026
0.01,2.1945296864576385,1.0183142437149522
0.01,2.196464309539693,1.02279303036286
0.01,2.198398932621748,1.0271729479865064
0.01,2.2003335557038026,1.03145022200781
0.01,2.2022681787858573,1.0356211270564388
0.01,2.204202801867912,1.039681996531109
0.01,2.206137424949967,1.0436292322609724
0.01,2.2080720480320215,1.0474593142220068
0.01,2.2100066711140762,1.0511688102610692
0.01,2.211941294196131,1.0547543857783257
0.01,2.2138759172781857,1.0582128133171422
0.01,2.2158105403602404,1.0615409820093917
0.01,2.217745163442295,1.0647359068233013
0.01,2.21967978652435,1.0677947375607282
0.01,2.2216144096064045,1.0707147675508701
0.01,2.2235490326884593,1.0734934419881157
0.01,2.225483655770514,1.0761283658629401
0.01,2.2274182788525687,1.0786173114363717
0.01,2.2293529019346234,1.08095822521082
0.01,2.231287525016678,1.0831492343526978
0.01,2.233222148098733,1.0851886525254175
0.01,2.235156771180787,1.0870749850949792
0.01,2.237091394262842,1.0888069336743504
0.01,2.2390260173448966,1.0903833999772214
0.01,2.2409606404269513,1.0918034889564439
0.01,2.242895263509006,1.0930665112074325
0.01,2.2448298865910608,1.0941719846219833
0.01,2.2467645096731155,1.0951196352833326
0.01,2.24869913275517,1.0959093975987095
0.01,2.250633755837225,1.0965414136710911
0.01,2.2525683789192796,1.0970160319173161
0.01,2.2545030020013344,1.0973338049450028
0.01,2.256437625083389,1.0974954867059283
0.01,2.258372248165444,1.0975020289484159
0.01,2.2603068712474985,1.0973545769959738
0.01,2.2622414943295532,1.0970544648837512
0.01,2.264176117411608,1.0966032098883465
0.01,2.2661107404936627,1.0960025064900614
0.01,2.2680453635757174,1.0952542198098025
0.01,2.269979986657772,1.0943603785655096
0.01,2.2719146097398264,1.0933231675951323
0.01,2.273849232821881,1.0921449199948912
0.01,2.275783855903936,1.0908281089227378
0.01,2.2777184789859906,1.0893753391176353
0.01,2.2796531020680453,1.0877893381855246
0.01,2.2815877251501,1.0860729477026032
0.01,2.2835223482321547,1.0842291141858915
0.01,2.2854569713142094,1.0822608799799907
0.01,2.287391594396264,1.0801713741075019
0.01,2.289326217478319,1.0779638031287766
0.01,2.2912608405603736,1.0756414420545957
0.01,2.2931954636424283,1.0732076253530305
0.01,2.295130086724483,1.0706657380891382
0.01,2.2970647098065378,1.068019207233423
0.01,2.2989993328885925,1.0652714931720724
0.01,2.300933955970647,1.0624260814489828
0.01,2.302868579052702,1.059486474766515
0.01,2.3048032021347566,1.0564561852688503
0.01,2.3067378252168114,1.053338727128675
0.01,2.308672448298866,1.0501376094549217
0.01,2.310607071380921,1.0468563295362463
0.01,2.3125416944629755,1.043498366432052
0.01,2.3144763175450302,1.0400671749200667
0.01,2.316410940627085,1.0365661798067847
0.01,2.3183455637091397,1.0329987706045936
0.01,2.3202801867911944,1.0293682965770197
0.01,2.322214809873249,1.0256780621513277
0.01,2.324149432955304,1.0219313226956834
0.01,2.3260840560373586,1.018131280656223
0.01,2.3280186791194133,1.0142810820477133
0.01,2.329953302201468,1.010383813289988
0.01,2.3318879252835227,1.0064424983810192
0.01,2.333822548365577,1.0024600963963306
0.01,2.3357571714476317,0.9984394993034968
0.01,2.3376917945296865,0.9943835300796224
0.01,2.339626417611741,0.990294941119054
0.01,2.341561040693796,0.9861764129180235
0.01,2.3434956637758506,0.9820305530225314
0.01,2.3454302868579053,0.9778598952255424
0.01,2.34736490993996,0.9736668989993488
0.01,2.3492995330220148,0.9694539491489724
0.01,2.3512341561040695,0.9652233556724773
0.01,2.353168779186124,0.9609773538141997
0.01,2.355103402268179,0.9567181042971316
0.01,2.3570380253502337,0.9524476937209366
0.01,2.3589726484322884,0.9481681351124219
0.01,2.360907271514343,0.9438813686156646
0.01,2.362841894596398,0.9395892623093988
0.01,2.3647765176784525,0.9352936131397396
0.01,2.3667111407605073,0.9309961479568069
0.01,2.368645763842562,0.9266985246442553
0.01,2.3705803869246167,0.9224023333313314
0.01,2.372515010006671,0.9181090976775018
0.01,2.3744496330887257,0.9138202762202763
0.01,2.3763842561707804,0.9095372637774287
0.01,2.378318879252835,0.9052613928952176
0.01,2.38025350233489,0.9009939353348531
0.01,2.3821881254169446,0.8967361035899348
0.01,2.3841227484989993,0.8924890524280229
0.01,2.386057371581054,0.8882538804501154
0.01,2.3879919946631087,0.8840316316621457
0.01,2.3899266177451635,0.8798232970531639
0.01,2.391861240827218,0.8756298161752681
0.01,2.393795863909273,0.8714520787207835
0.01,2.3957304869913276,0.8672909260925514
0.01,2.3976651100733823,0.8631471529636476
0.01,2.399599733155437,0.8590215088231201
0.01,2.401534356237492,0.8549146995047541
0.01,2.4034689793195465,0.8508273886961575
0.01,2.4054036024016012,0.8467601994257634
0.01,2.407338225483656,0.8427137155256484
0.01,2.4092728485657107,0.8386884830683156
0.01,2.4112074716477654,0.8346850117758476
0.01,2.41314209472982,0.830703776400074
0.01,2.415076717811875,0.8267452180725818
0.01,2.4170113408939295,0.8228097456236328
0.01,2.4189459639759843,0.8188977368692166
0.01,2.420880587058039,0.8150095398656287
0.01,2.4228152101400937,0.8111454741311386
0.01,2.4247498332221484,0.8073058318344261
0.01,2.426684456304203,0.8034908789496172
0.01,2.428619079386258,0.7997008563778694
0.01,2.4305537024683126,0.7959359810355258
0.01,2.4324883255503673,0.7921964469089918
0.01,2.4344229486324216,0.7884824260765717
0.01,2.4363575717144763,0.784794069697526
0.01,2.438292194796531,0.7811315089687828
0.01,2.4402268178785858,0.7774948560496632
0.01,2.4421614409606405,0.7738842049551458
0.01,2.444096064042695,0.7702996324181925
0.01,2.44603068712475,0.766741198721683
0.01,2.4479653102068046,0.763208948500582
0.01,2.4498999332888594,0.7597029115149533
0.01,2.451834556370914,0.7562231033944764
0.01,2.453769179452969,0.7527695263551388
0.01,2.4557038025350235,0.7493421698887979
0.01,2.4576384256170782,0.7459410114262857
0.01,2.459573048699133,0.7425660169747993
0.01,2.4615076717811877,0.7392171417302534
0.01,2.4634422948632424,0.735894330665323
0.01,2.465376917945297,0.7325975190939027
0.01,2.467311541027352,0.7293266332126557
0.01,2.4692461641094066,0.7260815906204021
0.01,2.4711807871914613,0.7228623008160106
0.01,2.4731154102735156,0.719668665675502
0.01,2.4750500333555703,0.7165005799090503
0.01,2.476984656437625,0.7133579314985429
0.01,2.4789192795196797,0.7102406021163634
0.01,2.4808539026017344,0.7071484675260543
0.01,2.482788525683789,0.7040813979654853
0.01,2.484723148765844,0.7010392585131563
0.01,2.4866577718478986,0.6980219094382383
0.01,2.4885923949299533,0.6950292065349468
0.01,2.490527018012008,0.6920610014418347
0.01,2.4924616410940628,0.6891171419465575
0.01,2.4943962641761175,0.6861974722766636
0.01,2.496330887258172,0.6833018333769496
0.01,2.498265510340227,0.6804300631738832
0.01,2.5002001334222816,0.6775819968276221
0.01,2.5021347565043364,0.674757466972088
0.01,2.504069379586391,0.6719563039435853
0.01,2.506004002668446,0.6691783359984239
0.01,2.5079386257505005,0.6664233895199768
0.01,2.5098732488325552,0.6636912892156112
0.01,2.51180787191461,0.6609818583039051
0.01,2.5137424949966647,0.6582949186925476
0.01,2.5156771180787194,0.655630291147301
0.01,2.517611741160774,0.6529877954524216
0.01,2.519546364242829,0.6503672505628683
0.01,2.5214809873248836,0.6477684747486674
0.01,2.5234156104069383,0.6451912857317591
0.01,2.525350233488993,0.6426355008156401
0.01,2.5272848565710477,0.640100937008136
0.01,2.5292194796531025,0.6375874111375698
0.01,2.531154102735157,0.6350947399626353
0.01,2.533088725817212,0.6326227402762452
0.01,2.5350233488992666,0.6301712290036164
0.01,2.5369579719813213,0.6277400232948529
0.01,2.538892595063376,0.6253289406122629
0.01,2.5408272181454303,0.6229377988126513
0.01,2.542761841227485,0.6205664162248139
0.01,2.5446964643095398,0.6182146117224506
0.01,2.5466310873915945,0.6158822047926958
0.01,2.548565710473649,0.6135690156004827
0.01,2.550500333555704,0.611274865048914
0.01,2.5524349566377587,0.6089995748358412
0.01,2.5543695797198134,0.6067429675068159
0.01,2.556304202801868,0.6045048665045832
0.01,2.558238825883923,0.6022850962152896
0.01,2.5601734489659775,0.6000834820115416
0.01,2.5621080720480323,0.5978998502924833
0.01,2.564042695130087,0.595734028521026
0.01,2.5659773182121413,0.5935858452583587
0.01,2.567911941294196,0.591455130195887
0.01,2.5698465643762507,0.5893417141847105
0.01,2.5717811874583054,0.5872454292627662
0.01,2.57371581054036,0.5851661086797486
0.01,2.575650433622415,0.5831035869199171
0.01,2.5775850567044696,0.5810576997228963
0.01,2.5795196797865243,0.5790282841025675
0.01,2.581454302868579,0.5770151783641481
0.01,2.5833889259506337,0.5750182221195521
0.01,2.5853235490326885,0.5730372563011163
0.01,2.587258172114743,0.5710721231737728
0.01,2.589192795196798,0.5691226663457619
0.01,2.5911274182788526,0.5671887307779424
0.01,2.5930620413609073,0.5652701627917852
0.01,2.594996664442962,0.5633668100761187
0.01,2.596931287525017,0.561478521692683
0.01,2.5988659106070715,0.5596051480805757
0.01,2.6008005336891262,0.557746541059626
0.01,2.602735156771181,0.5559025538327724
0.01,2.6046697798532357,0.5540730409874943
0.01,2.6066044029352904,0.5522578584963501
0.01,2.608539026017345,0.5504568637166682
0.01,2.6104736490994,0.5486699153894481
0.01,2.6124082721814545,0.5468968736375067
0.01,2.6143428952635093,0.545137599962922
0.01,2.616277518345564,0.5433919572438138
0.01,2.6182121414276187,0.5416598097304939
0.01,2.6201467645096734,0.5399410230410381
0.01,2.622081387591728,0.5382354641562994
0.01,2.624016010673783,0.5365430014144099
0.01,2.6259506337558376,0.5348635045048002
0.01,2.6278852568378923,0.5331968444617632
0.01,2.629819879919947,0.5315428936575946
0.01,2.6317545030020018,0.5299015257953443
0.01,2.6336891260840565,0.5282726159011955
0.01,2.635623749166111,0.5266560403165049
0.01,2.637558372248166,0.5250516766895246
0.01,2.6394929953302206,0.523459403966827
0.01,2.641427618412275,0.5218791023844648
0.01,2.6433622414943296,0.5203106534588702
0.01,2.6452968645763844,0.5187539399775326
0.01,2.647231487658439,0.5172088459894565
0.01,2.649166110740494,0.5156752567954268
0.01,2.6511007338225485,0.5141530589381007
0.01,2.6530353569046032,0.5126421401919348
0.01,2.654969979986658,0.5111423895529641
0.01,2.6569046030687127,0.5096536972284584
0.01,2.6588392261507674,0.5081759546264526
0.01,2.660773849232822,0.5067090543451768
0.01,2.662708472314877,0.505252890162397
0.01,2.6646430953969316,0.5038073570246713
0.01,2.666577718478986,0.5023723510365398
0.01,2.6685123415610406,0.5009477694496572
0.01,2.6704469646430953,0.4995335106518762
0.01,2.67238158772515,0.49812947415629244
0.01,2.6743162108072047,0.4967355605902604
0.01,2.6762508338892594,0.4953516716843847
0.01,2.678185456971314,0.49397771026150594
0.01,2.680120080053369,0.4926135802256714
0.01,2.6820547031354236,0.4912591865511146
0.01,2.6839893262174783,0.4899144352712386
0.01,2.685923949299533,0.4885792334676146
0.01,2.6878585723815878,0.48725348925900347
0.01,2.6897931954636425,0.4859371117904004
0.01,2.691727818545697,0.4846300112221102
0.01,2.693662441627752,0.48333209871886185
0.01,2.6955970647098066,0.48204328643896105
0.01,2.6975316877918614,0.48076348752348935
0.01,2.699466310873916,0.4794926160855523
0.01,2.701400933955971,0.47823058719957867
0.01,2.7033355570380255,0.4769773168906786
0.01,2.7052701801200802,0.4757327221240609
0.01,2.707204803202135,0.4744967207945112
0.01,2.7091394262841897,0.47326923171594043
0.01,2.7110740493662444,0.47205017461099386
0.01,2.713008672448299,0.4708394701007408
0.01,2.714943295530354,0.4696370396944287
0.01,2.7168779186124086,0.46844280577931746
0.01,2.7188125416944633,0.4672566916105892
0.01,2.720747164776518,0.46607862130133726
0.01,2.7226817878585727,0.4649085198126341
0.01,2.7246164109406275,0.4637463129436849
0.01,2.726551034022682,0.4625919273220601
0.01,2.728485657104737,0.46144529039401483
0.01,2.7304202801867916,0.46030633041489466
0.01,2.7323549032688463,0.4591749764396243
0.01,2.734289526350901,0.4580511583132891
0.01,2.7362241494329558,0.4569348066617995
0.01,2.7381587725150105,0.4558258528826465
0.01,2.740093395597065,0.45472422913574806
0.01,2.7420280186791195,0.45362986833438235
0.01,2.743962641761174,0.4525427041362123
0.01,2.745897264843229,0.45146267093440323
0.01,2.7478318879252837,0.4503897038488251
0.01,2.7497665110073384,0.44932373871735365
0.01,2.751701134089393,0.4482647120872554
0.01,2.753635757171448,0.4472125612066678
0.01,2.7555703802535025,0.4461672240161691
0.01,2.7575050033355573,0.4451286391404388
0.01,2.759439626417612,0.44409674588001075
0.01,2.7613742494996667,0.443071484203114
0.01,2.7633088725817214,0.4420527947376056
0.01,2.765243495663776,0.44104061876299333
0.01,2.7671781187458304,0.44003489820254943
0.01,2.769112741827885,0.43903557561550965
0.01,2.77104736490994,0.4380425941893669
0.01,2.7729819879919946,0.43705589773224995
0.01,2.7749166110740493,0.43607543066538845
0.01,2.776851234156104,0.435101138015672
0.01,2.7787858572381587,0.4341329654082888
0.01,2.7807204803202135,0.43317085905945724
0.01,2.782655103402268,0.43221476576923834
0.01,2.784589726484323,0.4312646329144371
0.01,2.7865243495663776,0.4303204084415877
0.01,2.7884589726484323,0.42938204086002163
0.01,2.790393595730487,0.42844947923502114
0.01,2.792328218812542,0.4275226731810539
0.01,2.7942628418945965,0.4266015728550912
0.01,2.7961974649766512,0.42568612895000735
0.01,2.798132088058706,0.42477629268805966
0.01,2.8000667111407607,0.4238720158144468
0.01,2.8020013342228154,0.4229732505909506
0.01,2.80393595730487,0.42207994978965274
0.01,2.805870580386925,0.4211920666867307
0.01,2.8078052034689795,0.4203095550563315
0.01,2.8097398265510343,0.4194323691645196
0.01,2.811674449633089,0.4185604637633041
0.01,2.8136090727151437,0.41769379408473767
0.01,2.8155436957971984,0.4168323158350901
0.01,2.817478318879253,0.4159759851890965
0.01,2.819412941961308,0.41512475878427746
0.01,2.8213475650433626,0.41427859371533
0.01,2.8232821881254173,0.41343744752859213
0.01,2.825216811207472,0.4126012782165738
0.01,2.8271514342895268,0.41177004421256086
0.01,2.8290860573715815,0.4109437043852866
0.01,2.831020680453636,0.41012221803367027
0.01,2.832955303535691,0.40930554488162446
0.01,2.8348899266177456,0.4084936450729271
0.01,2.8368245496998004,0.4076864791661605
0.01,2.838759172781855,0.406884008129715
0.01,2.84069379586391,0.4060861933368559
0.01,2.842628418945964,0.40529299656085566
0.01,2.844563042028019,0.40450437997018546
0.01,2.8464976651100735,0.40372030612377263
0.01,2.8484322881921282,0.40294073796631613
0.01,2.850366911274183,0.40216563882366424
0.01,2.8523015343562377,0.40139497239825006
0.01,2.8542361574382924,0.4006287027645884
0.01,2.856170780520347,0.3998667943648278
0.01,2.858105403602402,0.3991092120043643
0.01,2.8600400266844566,0.398355920847507
0.01,2.8619746497665113,0.3976068864132025
0.01,2.863909272848566,0.3968620745708156
0.01,2.8658438959306207,0.3961214515359624
0.01,2.867778519012675,0.395384983866398
0.01,2.8697131420947297,0.39465263845795834
0.01,2.8716477651767844,0.3939243825405532
0.01,2.873582388258839,0.3932001836742134
0.01,2.875517011340894,0.39248000974518693
0.01,2.8774516344229486,0.39176382896208606
0.01,2.8793862575050033,0.391051609852086
0.01,2.881320880587058,0.39034332125717086
0.01,2.8832555036691128,0.38963893233042973
0.01,2.8851901267511675,0.3889384125323999
0.01,2.887124749833222,0.3882417316274576
0.01,2.889059372915277,0.3875488596802559
0.01,2.8909939959973316,0.38685976705220865
0.01,2.8929286190793864,0.38617442439801913
0.01,2.894863242161441,0.38549280266225533
0.01,2.896797865243496,0.38481487307596846
0.01,2.8987324883255505,0.3841406071533533
0.01,2.9006671114076052,0.383469976688457
0.01,2.90260173448966,0.3828029537519252
0.01,2.9045363575717147,0.38213951068779234
0.01,2.9064709806537694,0.3814796201103138
0.01,2.908405603735824,0.3808232549008383
0.01,2.910340226817879,0.3801703882047211
0.01,2.9122748498999336,0.37952099342827644
0.01,2.9142094729819883,0.3788750442357695
0.01,2.916144096064043,0.37823251454644763
0.01,2.9180787191460977,0.3775933785316092
0.01,2.9200133422281525,0.3769576106117103
0.01,2.921947965310207,0.37632518545350957
0.01,2.923882588392262,0.37569607796724686
0.01,2.9258172114743166,0.37507026330386284
0.01,2.9277518345563713,0.37444771685225015
0.01,2.929686457638426,0.3738284142365411
0.01,2.9316210807204808,0.37321233131343134
0.01,2.9335557038025355,0.372599444169536
0.01,2.93549032688459,0.37198972911878053
0.01,2.937424949966645,0.37138316269982613
0.01,2.9393595730486997,0.3707797216735249
0.01,2.9412941961307544,0.37017938302041065
0.01,2.9432288192128087,0.3695821239382209
0.01,2.9451634422948634,0.3689879218394478
0.01,2.947098065376918,0.3683967543489256
0.01,2.949032688458973,0.36780859930144355
0.01,2.9509673115410275,0.36722343473939156
0.01,2.9529019346230823,0.36664123891043676
0.01,2.954836557705137,0.36606199026522596
0.01,2.9567711807871917,0.3654856674551225
0.01,2.9587058038692464,0.36491224932996674
0.01,2.960640426951301,0.36434171493586665
0.01,2.962575050033356,0.36377404351301873
0.01,2.9645096731154106,0.36320921449355265
0.01,2.9664442961974653,0.3626472074994054
0.01,2.9683789192795196,0.36208800234022126
0.01,2.9703135423615743,0.36153157901127875
0.01,2.972248165443629,0.36097791769144383
0.01,2.9741827885256837,0.36042699874114803
0.01,2.9761174116077385,0.35987880270039235
0.01,2.978052034689793,0.35933331028677595
0.01,2.979986657771848,0.3587905023935509
0.01,2.9819212808539026,0.35825036008769856
0.01,2.9838559039359573,0.3577128646080327
0.01,2.985790527018012,0.3571779973633243
0.01,2.987725150100067,0.35664573993045146
0.01,2.9896597731821215,0.35611607405257073
0.01,2.9915943962641762,0.35558898163731223
0.01,2.993529019346231,0.3550644447549969
0.01,2.9954636424282857,0.35454244563687537
0.01,2.9973982655103404,0.35402296667338945
0.01,2.999332888592395,0.35350599041245545
0.01,3.00126751167445,0.35299149955776654
0.01,3.0032021347565045,0.35247947696711907
0.01,3.0051367578385593,0.35196990565075714
0.01,3.007071380920614,0.3514627687697388
0.01,3.0090060040026687,0.3509580496343222
0.01,3.0109406270847234,0.3504557317023716
0.01,3.012875250166778,0.3499557985777812
0.01,3.014809873248833,0.3494582340089226
0.01,3.0167444963308876,0.3489630218871056
0.01,3.0186791194129423,0.3484701462450626
0.01,3.020613742494997,0.3479795912554497
0.01,3.0225483655770518,0.3474913412293638
0.01,3.0244829886591065,0.347005380614883
0.01,3.026417611741161,0.3465216939956196
0.01,3.028352234823216,0.3460402660892936
0.01,3.0302868579052706,0.3455610817463222
0.01,3.0322214809873254,0.345084125948428
0.01,3.03415610406938,0.3446093838072614
0.01,3.036090727151435,0.34413684056304233
0.01,3.0380253502334895,0.34366648158321683
0.01,3.0399599733155442,0.3431982923611301
0.01,3.041894596397599,0.34273225851471606
0.01,3.0438292194796532,0.3422683657852017
0.01,3.045763842561708,0.34180660003582775
0.01,3.0476984656437627,0.3413469472505849
0.01,3.0496330887258174,0.34088939353296355
0.01,3.051567711807872,0.34043392510472137
0.01,3.053502334889927,0.3399805283046621
0.01,3.0554369579719816,0.33952918958743206
0.01,3.0573715810540363,0.3390798955223288
0.01,3.059306204136091,0.3386326327921252
0.01,3.0612408272181457,0.3381873881919065
0.01,3.0631754503002004,0.3377441486279229
0.01,3.065110073382255,0.3373029011164526
0.01,3.06704469646431,0.3368636327826824
0.01,3.068979319546364,0.3364263308595974
0.01,3.070913942628419,0.3359909826868871
0.01,3.0728485657104736,0.3355575757098625
0.01,3.0747831887925283,0.3351260974783864
0.01,3.076717811874583,0.3346965356458162
0.01,3.0786524349566378,0.33426887796796
0.01,3.0805870580386925,0.3338431123020429
0.01,3.082521681120747,0.3334192266056881
0.01,3.084456304202802,0.33299720893590634
0.01,3.0863909272848566,0.332577047448102
0.01,3.0883255503669114,0.33215873039508553
0.01,3.090260173448966,0.331742246126101
0.01,3.092194796531021,0.33132758308586374
0.01,3.0941294196130755,0.33091472981360887
0.01,3.0960640426951302,0.330503674942151
0.01,3.097998665777185,0.3300944071969557
0.01,3.0999332888592397,0.32968691539522
0.01,3.1018679119412944,0.329281188444965
0.01,3.103802535023349,0.32887721534413844
0.01,3.105737158105404,0.32847498517972695
0.01,3.1076717811874586,0.3280744871268795
0.01,3.1096064042695133,0.32767571044804056
0.01,3.111541027351568,0.3272786444920925
0.01,3.1134756504336227,0.3268832786935089
0.01,3.1154102735156775,0.3264896025715167
0.01,3.117344896597732,0.3260976057292683
0.01,3.119279519679787,0.325707277853023
0.01,3.1212141427618416,0.32531860871133744
0.01,3.1231487658438963,0.32493158815426615
0.01,3.125083388925951,0.32454620611256985
0.01,3.1270180120080058,0.3241624525969333
0.01,3.1289526350900605,0.32378031769719295
0.01,3.130887258172115,0.32339979158157106
0.01,3.13282188125417,0.3230208644959214
0.01,3.1347565043362247,0.3226435267629806
0.01,3.1366911274182794,0.32226776878162927
0.01,3.138625750500334,0.321893581026162
0.01,3.140560373582389,0.3215209540455644
0.01,3.1424949966644435,0.32114987846279824
0.01,3.144429619746498,0.32078034497409624
0.01,3.1463642428285525,0.32041234434826116
0.01,3.1482988659106073,0.3200458674259779
0.01,3.150233488992662,0.3196809051191281
0.01,3.1521681120747167,0.3193174484101158
0.01,3.1541027351567714,0.3189554883511989
0.01,3.156037358238826,0.3185950160638287
0.01,3.157971981320881,0.3182360227379961
0.01,3.1599066044029356,0.3178784996315863
0.01,3.1618412274849903,0.3175224380697393
0.01,3.163775850567045,0.31716782944421734
0.01,3.1657104736490997,0.3168146652127811
0.01,3.167645096731154,0.31646293689857047
0.01,3.1695797198132087,0.3161126360894935
0.01,3.1715143428952635,0.3157637544376225
0.01,3.173448965977318,0.31541628365859387
0.01,3.175383589059373,0.3150702155310188
0.01,3.1773182121414276,0.314725541895897
0.01,3.1792528352234823,0.31438225465603764
0.01,3.181187458305537,0.3140403457754879
0.01,3.183122081387592,0.31369980727896535
0.01,3.1850567044696465,0.3133606312512992
0.01,3.1869913275517012,0.31302280983687547
0.01,3.188925950633756,0.31268633523908873
0.01,3.1908605737158107,0.31235119971980013
0.01,3.1927951967978654,0.31201739559880165
0.01,3.19472981987992,0.31168491525328434
0.01,3.196664442961975,0.3113537511173144
0.01,3.1985990660440295,0.3110238956813132
0.01,3.2005336891260843,0.3106953414915443
0.01,3.202468312208139,0.31036808114960496
0.01,3.2044029352901937,0.3100421073119228
0.01,3.2063375583722484,0.3097174126892591
0.01,3.208272181454303,0.30939399004621676
0.01,3.210206804536358,0.30907183220075213
0.01,3.2121414276184126,0.3087509320236951
0.01,3.2140760507004673,0.3084312824382709
0.01,3.216010673782522,0.30811287641962953
0.01,3.2179452968645768,0.3077957069943785
0.01,3.2198799199466315,0.3074797672401215
0.01,3.221814543028686,0.30716505028500146
0.01,3.223749166110741,0.3068515493072486
0.01,3.2256837891927956,0.3065392575347328
0.01,3.2276184122748504,0.3062281682445216
0.01,3.229553035356905,0.3059182747624419
0.01,3.23148765843896,0.3056095704626463
0.01,3.2334222815210145,0.30530204876718525
0.01,3.2353569046030692,0.30499570314558117
0.01,3.237291527685124,0.3046905271144101
0.01,3.2392261507671787,0.3043865142368849
0.01,3.2411607738492334,0.3040836581224444
0.01,3.2430953969312877,0.3037819524263467
0.01,3.2450300200133424,0.30348139084926545
0.01,3.246964643095397,0.30318196713689244
0.01,3.248899266177452,0.3028836750795422
0.01,3.2508338892595066,0.3025865085117619
0.01,3.2527685123415613,0.3022904613119442
0.01,3.254703135423616,0.30199552740194646
0.01,3.2566377585056707,0.30170170074670993
0.01,3.2585723815877254,0.30140897535388694
0.01,3.26050700466978,0.30111734527346923
0.01,3.262441627751835,0.30082680459742095
0.01,3.2643762508338896,0.30053734745931543
0.01,3.2663108739159443,0.30024896803397555
0.01,3.2682454969979986,0.299961660537118
0.01,3.2701801200800533,0.2996754192250005
0.01,3.272114743162108,0.2993902383940733
0.01,3.2740493662441628,0.2991061123806341
0.01,3.2759839893262175,0.29882303556048606
0.01,3.277918612408272,0.29854100234859976
0.01,3.279853235490327,0.2982600071987781
0.01,3.2817878585723816,0.29798004460332445
0.01,3.2837224816544364,0.2977011090927154
0.01,3.285657104736491,0.29742319523527533
0.01,3.287591727818546,0.29714629763685435
0.01,3.2895263509006005,0.2968704109405112
0.01,3.2914609739826552,0.29659552982619614
0.01,3.29339559706471,0.29632164901044067
0.01,3.2953302201467647,0.2960487632460476
0.01,3.2972648432288194,0.2957768673217855
0.01,3.299199466310874,0.29550595606208535
0.01,3.301134089392929,0.2952360243267416
0.01,3.3030687124749836,0.2949670670106144
0.01,3.3050033355570383,0.29469907904333603
0.01,3.306937958639093,0.2944320553890201
0.01,3.3088725817211477,0.2941659910459731
0.01,3.3108072048032025,0.293900881046409
0.01,3.312741827885257,0.293636720456167
0.01,3.314676450967312,0.2933735043744314
0.01,3.3166110740493666,0.29311122793345523
0.01,3.3185456971314213,0.29284988629828546
0.01,3.320480320213476,0.29258947466649143
0.01,3.3224149432955308,0.29232998826789647
0.01,3.3243495663775855,0.29207142236431044
0.01,3.32628418945964,0.2918137722492671
0.01,3.328218812541695,0.2915570332477626
0.01,3.3301534356237497,0.2913012007159967
0.01,3.3320880587058044,0.29104627004111666
0.01,3.334022681787859,0.2907922366409637
0.01,3.335957304869914,0.29053909596382194
0.01,3.3378919279519685,0.2902868434881695
0.01,3.3398265510340233,0.29003547472243213
0.01,3.341761174116078,0.2897849852047389
0.01,3.3436957971981323,0.28953537050268136
0.01,3.345630420280187,0.28928662621307377
0.01,3.3475650433622417,0.2890387479617155
0.01,3.3494996664442964,0.2887917314031578
0.01,3.351434289526351,0.2885455722204692
0.01,3.353368912608406,0.28830026612500725
0.01,3.3553035356904606,0.2880558088561889
0.01,3.3572381587725153,0.28781219618126613
0.01,3.35917278185457,0.28756942389509976
0.01,3.3611074049366247,0.2873274878199406
0.01,3.3630420280186795,0.2870863838052082
0.01,3.364976651100734,0.2868461077272735
0.01,3.366911274182789,0.2866066554892441
0.01,3.368845897264843,0.28636802302075015
0.01,3.370780520346898,0.28613020627773333
0.01,3.3727151434289526,0.2858932012422377
0.01,3.3746497665110073,0.28565700392220184
0.01,3.376584389593062,0.28542161035125363
0.01,3.378519012675117,0.28518701658850665
0.01,3.3804536357571715,0.28495321871835866
0.01,3.3823882588392262,0.28472021285029164
0.01,3.384322881921281,0.2844879951186742
0.01,3.3862575050033357,0.28425656168256536
0.01,3.3881921280853904,0.2840259087255203
0.01,3.390126751167445,0.2837960324553981
0.01,3.3920613742495,0.2835669291041708
0.01,3.3939959973315545,0.28333859492773544
0.01,3.3959306204136093,0.28311102620572565
0.01,3.397865243495664,0.28288421924132723
0.01,3.3997998665777187,0.2826581703610945
0.01,3.4017344896597734,0.2824328759147675
0.01,3.403669112741828,0.2822083322750929
0.01,3.405603735823883,0.2819845358376439
0.01,3.4075383589059376,0.28176148302064496
0.01,3.4094729819879923,0.28153917026479514
0.01,3.411407605070047,0.2813175940330947
0.01,3.4133422281521018,0.28109675081067287
0.01,3.4152768512341565,0.28087663710461774
0.01,3.417211474316211,0.2806572494438064
0.01,3.419146097398266,0.28043858437873836
0.01,3.4210807204803206,0.28022063848136847
0.01,3.4230153435623754,0.2800034083449436
0.01,3.42494996664443,0.27978689058383877
0.01,3.426884589726485,0.27957108183339613
0.01,3.4288192128085395,0.2793559787497647
0.01,3.4307538358905942,0.2791415780097421
0.01,3.432688458972649,0.2789278763106166
0.01,3.4346230820547037,0.27871487037001236
0.01,3.4365577051367584,0.2785025569257346
0.01,3.438492328218813,0.2782909327356164
0.01,3.440426951300868,0.2780799945773675
0.01,3.4423615743829226,0.27786973924842384
0.01,3.444296197464977,0.2776601635657991
0.01,3.4462308205470316,0.2774512643659364
0.01,3.4481654436290863,0.2772430385045625
0.01,3.450100066711141,0.277035482856543
0.01,3.4520346897931957,0.2768285943157385
0.01,3.4539693128752504,0.27662236979486227
0.01,3.455903935957305,0.276416806225339
0.01,3.45783855903936,0.2762119005571648
0.01,3.4597731821214146,0.2760076497587697
0.01,3.4617078052034693,0.2758040508168784
0.01,3.463642428285524,0.2756011007363757
0.01,3.4655770513675788,0.27539879654017074
0.01,3.4675116744496335,0.2751971352690633
0.01,3.4694462975316878,0.27499611398161145
0.01,3.4713809206137425,0.27479572975399963
0.01,3.473315543695797,0.2745959796799089
0.01,3.475250166777852,0.2743968608703872
0.01,3.4771847898599066,0.2741983704537222
0.01,3.4791194129419614,0.2740005055753131
0.01,3.481054036024016,0.27380326339754596
0.01,3.482988659106071,0.27360664109966876
0.01,3.4849232821881255,0.2734106358776671
0.01,3.4868579052701802,0.27321524494414257
0.01,3.488792528352235,0.27302046552819076
0.01,3.4907271514342897,0.2728262948752809
0.01,3.4926617745163444,0.27263273024713625
0.01,3.494596397598399,0.2724397689216162
0.01,3.496531020680454,0.27224740819259907
0.01,3.4984656437625086,0.2720556453698646
0.01,3.5004002668445633,0.2718644777789804
0.01,3.502334889926618,0.2716739027611858
0.01,3.5042695130086727,0.27148391767328
0.01,3.5062041360907275,0.2712945198875087
0.01,3.508138759172782,0.2711057067914533
0.01,3.510073382254837,0.2709174757879199
0.01,3.5120080053368916,0.27072982429483033
0.01,3.5139426284189463,0.2705427497451132
0.01,3.515877251501001,0.2703562495865963
0.01,3.5178118745830558,0.2701703212819
0.01,3.5197464976651105,0.26998496230833097
0.01,3.521681120747165,0.269800170157778
0.01,3.52361574382922,0.26961594233660713
0.01,3.5255503669112747,0.2694322763655593
0.01,3.5274849899933294,0.2692491697796472
0.01,3.529419613075384,0.2690666201280544
0.01,3.5313542361574384,0.2688846249740346
0.01,3.533288859239493,0.268703181894812
0.01,3.535223482321548,0.2685222884814823
0.01,3.5371581054036025,0.2683419423389144
0.01,3.5390927284856573,0.26816214108565384
0.01,3.541027351567712,0.26798288235382556
0.01,3.5429619746497667,0.26780416378903876
0.01,3.5448965977318214,0.2676259830502923
0.01,3.546831220813876,0.2674483378098797
0.01,3.548765843895931,0.2672712257532972
0.01,3.5507004669779856,0.26709464457915
0.01,3.5526350900600403,0.26691859199906176
0.01,3.554569713142095,0.2667430657375827
0.01,3.5565043362241497,0.2665680635320999
0.01,3.5584389593062045,0.26639358313274775
0.01,3.560373582388259,0.26621962230231916
0.01,3.562308205470314,0.2660461788161778
0.01,3.5642428285523686,0.2658732504621705
0.01,3.5661774516344233,0.2657008350405412
0.01,3.568112074716478,0.26552893036384484
0.01,3.570046697798533,0.26535753425686215
0.01,3.5719813208805875,0.2651866445565154
0.01,3.5739159439626422,0.2650162591117847
0.01,3.575850567044697,0.2648463757836251
0.01,3.5777851901267517,0.26467699244488385
0.01,3.5797198132088064,0.2645081069802189
0.01,3.5816544362908607,0.2643397172860181
0.01,3.5835890593729154,0.26417182127031835
0.01,3.58552368245497,0.2640044168527266
0.01,3.587458305537025,0.2638375019643399
0.01,3.5893929286190795,0.2636710745476681
0.01,3.5913275517011343,0.26350513255655494
0.01,3.593262174783189,0.2633396739561014
0.01,3.5951967978652437,0.26317469672258953
0.01,3.5971314209472984,0.26301019884340604
0.01,3.599066044029353,0.26284617831696694
0.01,3.601000667111408,0.2626826331526434
0.01,3.6029352901934626,0.2625195613706868
0.01,3.6048699132755173,0.26235696100215644
0.01,3.606804536357572,0.2621948300888456
0.01,3.6087391594396268,0.26203316668320925
0.01,3.6106737825216815,0.26187196884829317
0.01,3.612608405603736,0.26171123465766194
0.01,3.614543028685791,0.26155096219532864
0.01,3.6164776517678456,0.26139114955568493
0.01,3.6184122748499004,0.2612317948434312
0.01,3.620346897931955,0.261072896173508
0.01,3.62228152101401,0.2609144516710277
0.01,3.6242161440960645,0.2607564594712064
0.01,3.6261507671781192,0.2605989177192964
0.01,3.628085390260174,0.2604418245705201
0.01,3.6300200133422287,0.26028517819000335
0.01,3.631954636424283,0.2601289767527097
0.01,3.6338892595063377,0.25997321844337523
0.01,3.6358238825883924,0.2598179014564441
0.01,3.637758505670447,0.2596630239960041
0.01,3.639693128752502,0.25950858427572293
0.01,3.6416277518345566,0.25935458051878546
0.01,3.6435623749166113,0.2592010109578302
0.01,3.645496997998666,0.25904787383488836
0.01,3.6474316210807207,0.25889516740132096
0.01,3.6493662441627754,0.2587428899177583
0.01,3.65130086724483,0.2585910396540388
0.01,3.653235490326885,0.2584396148891491
0.01,3.6551701134089396,0.25828861391116414
0.01,3.6571047364909943,0.2581380350171876
0.01,3.659039359573049,0.2579878765132932
0.01,3.6609739826551038,0.25783813671446665
0.01,3.6629086057371585,0.25768881394454674
0.01,3.664843228819213,0.2575399065361685
0.01,3.666777851901268,0.2573914128307066
0.01,3.6687124749833226,0.25724333117821746
0.01,3.6706470980653774,0.25709565993738376
0.01,3.672581721147432,0.2569483974754589
0.01,3.674516344229487,0.2568015421682113
0.01,3.6764509673115415,0.25665509239986944
0.01,3.6783855903935962,0.2565090465630677
0.01,3.680320213475651,0.25636340305879174
0.01,3.6822548365577052,0.2562181602963255
0.01,3.68418945963976,0.25607331669319733
0.01,3.6861240827218147,0.2559288706751277
0.01,3.6880587058038694,0.2557848206759763
0.01,3.689993328885924,0.2556411651376903
0.01,3.691927951967979,0.25549790251025245
0.01,3.6938625750500336,0.25535503125163006
0.01,3.6957971981320883,0.2552125498277239
0.01,3.697731821214143,0.25507045671231804
0.01,3.6996664442961977,0.25492875038702933
0.01,3.7016010673782525,0.2547874293412579
0.01,3.703535690460307,0.2546464920721382
0.01,3.705470313542362,0.25450593708448893
0.01,3.7074049366244166,0.2543657628907656
0.01,3.7093395597064713,0.2542259680110118
0.01,3.711274182788526,0.2540865509728115
0.01,3.7132088058705808,0.2539475103112409
0.01,3.7151434289526355,0.2538088445688219
0.01,3.71707805203469,0.25367055229547536
0.01,3.719012675116745,0.25353263204847415
0.01,3.7209472981987997,0.25339508239239755
0.01,3.7228819212808544,0.25325790189908504
0.01,3.724816544362909,0.253121089147591
0.01,3.726751167444964,0.25298464272413973
0.01,3.7286857905270185,0.25284856122208077
0.01,3.7306204136090733,0.2527128432418443
0.01,3.7325550366911275,0.25257748739089686
0.01,3.7344896597731823,0.2524424922836979
0.01,3.736424282855237,0.2523078565416566
0.01,3.7383589059372917,0.252173578793088
0.01,3.7402935290193464,0.2520396576731706
0.01,3.742228152101401,0.2519060918239041
0.01,3.744162775183456,0.2517728798940669
0.01,3.7460973982655106,0.251640020539174
0.01,3.7480320213475653,0.25150751242143643
0.01,3.74996664442962,0.25137535420971874
0.01,3.7519012675116747,0.2512435445794989
0.01,3.7538358905937295,0.25111208221282716
0.01,3.755770513675784,0.25098096579828627
0.01,3.757705136757839,0.25085019403095093
0.01,3.7596397598398936,0.250719765612348
0.01,3.7615743829219483,0.25058967925041753
0.01,3.763509006004003,0.2504599336594727
0.01,3.765443629086058,0.250330527560162
0.01,3.7673782521681125,0.25020145967942986
0.01,3.7693128752501672,0.25007272875047837
0.01,3.771247498332222,0.2499443335127295
0.01,3.7731821214142767,0.24981627271178708
0.01,3.7751167444963314,0.24968854509939947
0.01,3.777051367578386,0.24956114943342195
0.01,3.778985990660441,0.24943408447778037
0.01,3.7809206137424956,0.24930734900243384
0.01,3.78285523682455,0.24918094178333866
0.01,3.7847898599066045,0.2490548616024117
0.01,3.7867244829886593,0.24892910724749523
0.01,3.788659106070714,0.2488036775123202
0.01,3.7905937291527687,0.24867857119647202
0.01,3.7925283522348234,0.24855378710535458
0.01,3.794462975316878,0.24842932405015533
0.01,3.796397598398933,0.24830518084781134
0.01,3.7983322214809876,0.24818135632097393
0.01,3.8002668445630423,0.2480578492979753
0.01,3.802201467645097,0.2479346586127943
0.01,3.8041360907271518,0.2478117831050225
0.01,3.8060707138092065,0.2476892216198313
0.01,3.808005336891261,0.24756697300793823
0.01,3.809939959973316,0.2474450361255741
0.01,3.8118745830553706,0.24732340983445072
0.01,3.8138092061374254,0.24720209300172752
0.01,3.81574382921948,0.24708108449998023
0.01,3.817678452301535,0.24696038320716784
0.01,3.8196130753835895,0.246839988006602
0.01,3.8215476984656442,0.2467198977869139
0.01,3.823482321547699,0.24660011144202454
0.01,3.8254169446297537,0.24648062787111236
0.01,3.8273515677118084,0.24636144597858262
0.01,3.829286190793863,0.24624256467403688
0.01,3.831220813875918,0.24612398287224252
0.01,3.833155436957972,0.24600569949310208
0.01,3.835090060040027,0.24588771346162347
0.01,3.8370246831220816,0.24577002370789008
0.01,3.8389593062041363,0.24565262916703107
0.01,3.840893929286191,0.24553552877919188
0.01,3.8428285523682457,0.24541872148950505
0.01,3.8447631754503004,0.2453022062480612
0.01,3.846697798532355,0.24518598200987995
0.01,3.84863242161441,0.2450700477348814
0.01,3.8505670446964646,0.24495440238785798
0.01,3.8525016677785193,0.24483904493844577
0.01,3.854436290860574,0.24472397436109677
0.01,3.8563709139426288,0.24460918963505063
0.01,3.8583055370246835,0.24449468974430721
0.01,3.860240160106738,0.24438047367759957
0.01,3.862174783188793,0.2442665404283656
0.01,3.8641094062708476,0.24415288899472198
0.01,3.8660440293529024,0.24403951837943666
0.01,3.867978652434957,0.2439264275899023
0.01,3.869913275517012,0.24381361563810955
0.01,3.8718478985990665,0.2437010815406212
0.01,3.8737825216811212,0.24358882431854512
0.01,3.875717144763176,0.2434768429975092
0.01,3.8776517678452307,0.2433651366076348
0.01,3.8795863909272854,0.2432537041835115
0.01,3.88152101400934,0.2431425447641713
0.01,3.8834556370913944,0.24303165739306354
0.01,3.885390260173449,0.24292104111802987
0.01,3.887324883255504,0.24281069499127877
0.01,3.8892595063375586,0.24270061806936138
0.01,3.8911941294196133,0.2425908094131467
0.01,3.893128752501668,0.2424812680877963
0.01,3.8950633755837227,0.2423719931627416
0.01,3.8969979986657775,0.24226298371165844
0.01,3.898932621747832,0.2421542388124434
0.01,3.900867244829887,0.2420457575471902
0.01,3.9028018679119416,0.24193753900216625
0.01,3.9047364909939963,0.24182958226778822
0.01,3.906671114076051,0.24172188643860015
0.01,3.9086057371581058,0.24161445061324888
0.01,3.9105403602401605,0.24150727389446164
0.01,3.912474983322215,0.24140035538902338
0.01,3.91440960640427,0.2412936942077537
0.01,3.9163442294863247,0.2411872894654845
0.01,3.9182788525683794,0.24108114028103722
0.01,3.920213475650434,0.24097524577720103
0.01,3.922148098732489,0.24086960508071042
0.01,3.9240827218145435,0.24076421732222342
0.01,3.9260173448965983,0.2406590816362993
0.01,3.927951967978653,0.24055419716137766
0.01,3.9298865910607077,0.2404495630397564
0.01,3.9318212141427624,0.24034517841757008
0.01,3.9337558372248167,0.2402410424447694
0.01,3.9356904603068714,0.24013715427509935
0.01,3.937625083388926,0.24003351306607867
0.01,3.939559706470981,0.2399301179789789
0.01,3.9414943295530356,0.23982696817880372
0.01,3.9434289526350903,0.23972406283426828
0.01,3.945363575717145,0.2396214011177788
0.01,3.9472981987991997,0.2395189822054124
0.01,3.9492328218812545,0.2394168052768968
0.01,3.951167444963309,0.2393148695155901
0.01,3.953102068045364,0.23921317410846166
0.01,3.9550366911274186,0.23911171824607114
0.01,3.9569713142094733,0.23901050112255007
0.01,3.958905937291528,0.23890952193558146
0.01,3.960840560373583,0.2388087798863806
0.01,3.9627751834556375,0.23870827417967633
0.01,3.9647098065376922,0.23860800402369103
0.01,3.966644429619747,0.23850796863012252
0.01,3.9685790527018017,0.2384081672141244
0.01,3.9705136757838564,0.2383085989942879
0.01,3.972448298865911,0.2382092631926226
0.01,3.974382921947966,0.23811015903453858
0.01,3.9763175450300206,0.23801128574882752
0.01,3.9782521681120753,0.23791264256764466
0.01,3.98018679119413,0.2378142287264906
0.01,3.9821214142761847,0.23771604346419317
0.01,3.984056037358239,0.23761808602288942
0.01,3.9859906604402937,0.23752035564800816
0.01,3.9879252835223484,0.23742285158825188
0.01,3.989859906604403,0.23732557309557933
0.01,3.991794529686458,0.23722851942518797
0.01,3.9937291527685126,0.23713168983549654
0.01,3.9956637758505673,0.23703508358812836
0.01,3.997598398932622,0.23693869994789307
0.01,3.9995330220146768,0.2368425381827708
0.01,4.0014676450967315,0.23674659756389455
0.01,4.003402268178786,0.23665087736553309
0.01,4.005336891260841,0.23655537686507555
0.01,4.007271514342896,0.23646009534301315
0.01,4.00920613742495,0.23636503208292375
0.01,4.011140760507005,0.23627018637145542
0.01,4.01307538358906,0.23617555749830943
0.01,4.0150100066711145,0.236081144756225
0.01,4.016944629753169,0.23598694744096266
0.01,4.018879252835224,0.2358929648512882
0.01,4.020813875917279,0.23579919628895707
0.01,4.022748498999333,0.23570564105869835
0.01,4.024683122081388,0.2356122984681993
0.01,4.026617745163443,0.2355191678280898
0.01,4.028552368245498,0.2354262484519265
0.01,4.030486991327552,0.23533353965617765
0.01,4.032421614409607,0.23524104076020796
0.01,4.034356237491661,0.23514875108626304
0.01,4.036290860573716,0.23505666995945462
0.01,4.03822548365577,0.23496479670774562
0.01,4.040160106737826,0.23487313066193438
0.01,4.04209472981988,0.2347816711556414
0.01,4.044029352901935,0.23469041752529285
0.01,4.045963975983989,0.23459936911010743
0.01,4.047898599066045,0.23450852525208066
0.01,4.049833222148099,0.23441788529597135
0.01,4.051767845230154,0.23432744858928634
0.01,4.053702468312208,0.23423721448226725
0.01,4.055637091394264,0.23414718232787524
0.01,4.0575717144763175,0.23405735148177775
0.01,4.059506337558373,0.23396772130233373
0.01,4.061440960640427,0.23387829115058073
0.01,4.0633755837224825,0.23378906039021974
0.01,4.065310206804536,0.23370002838760262
0.01,4.067244829886592,0.23361119451171763
0.01,4.069179452968646,0.23352255813417644
0.01,4.071114076050701,0.23343411862919994
0.01,4.073048699132755,0.2333458753736058
0.01,4.074983322214811,0.23325782774679382
0.01,4.076917945296865,0.2331699751307339
0.01,4.07885256837892,0.23308231690995207
0.01,4.080787191460974,0.23299485247151797
0.01,4.08272181454303,0.23290758120503108
0.01,4.084656437625084,0.23282050250260883
0.01,4.086591060707138,0.23273361575887253
0.01,4.088525683789193,0.23264692037093554
0.01,4.090460306871248,0.23256041573839026
0.01,4.0923949299533025,0.23247410126329537
0.01,4.094329553035357,0.23238797635016334
0.01,4.096264176117412,0.23230204040594815
0.01,4.098198799199467,0.23221629284003253
0.01,4.100133422281521,0.23213073306421628
0.01,4.102068045363576,0.23204536049270297
0.01,4.104002668445631,0.2319601745420889
0.01,4.1059372915276855,0.23187517463135027
0.01,4.10787191460974,0.23179036018183147
0.01,4.109806537691795,0.23170573061723287
0.01,4.11174116077385,0.23162128536359927
0.01,4.113675783855904,0.23153702384930774
0.01,4.115610406937959,0.23145294550505635
0.01,4.117545030020014,0.2313690497638518
0.01,4.1194796531020685,0.23128533606099855
0.01,4.121414276184123,0.23120180383408684
0.01,4.123348899266178,0.23111845252298124
0.01,4.125283522348233,0.23103528156980951
0.01,4.127218145430287,0.23095229041895116
0.01,4.129152768512342,0.2308694785170261
0.01,4.131087391594397,0.2307868453128834
0.01,4.133022014676452,0.23070439025759049
0.01,4.134956637758506,0.23062211280442174
0.01,4.13689126084056,0.2305400124088477
0.01,4.138825883922616,0.23045808852852395
0.01,4.14076050700467,0.2303763406232806
0.01,4.142695130086725,0.23029476815511107
0.01,4.144629753168779,0.23021337058816183
0.01,4.146564376250835,0.23013214738872106
0.01,4.1484989993328885,0.23005109802520884
0.01,4.150433622414944,0.22997022196816586
0.01,4.152368245496998,0.2298895186902437
0.01,4.1543028685790535,0.2298089876661934
0.01,4.156237491661107,0.2297286283728564
0.01,4.158172114743163,0.22964844028915293
0.01,4.160106737825217,0.22956842289607288
0.01,4.162041360907272,0.22948857567666459
0.01,4.163975983989326,0.22940889811602588
0.01,4.165910607071382,0.2293293897012928
0.01,4.167845230153436,0.22925004992163067
0.01,4.169779853235491,0.22917087826822313
0.01,4.171714476317545,0.22909187423426353
0.01,4.173649099399601,0.2290130373149437
0.01,4.1755837224816545,0.2289343670074454
0.01,4.17751834556371,0.22885586281092957
0.01,4.179452968645764,0.22877752422652747
0.01,4.18138759172782,0.22869935075733094
0.01,4.183322214809873,0.22862134190838218
0.01,4.185256837891928,0.2285434971866654
0.01,4.187191460973983,0.2284658161010963
0.01,4.189126084056038,0.22838829816251327
0.01,4.191060707138092,0.22831094288366827
0.01,4.192995330220147,0.2282337497792168
0.01,4.194929953302202,0.22815671836570944
0.01,4.1968645763842565,0.2280798481615824
0.01,4.198799199466311,0.22800313868714805
0.01,4.200733822548366,0.22792658946458666
0.01,4.202668445630421,0.22785020001793654
0.01,4.204603068712475,0.22777396987308596
0.01,4.20653769179453,0.22769789855776318
0.01,4.208472314876585,0.22762198560152874
0.01,4.2104069379586395,0.22754623053576573
0.01,4.212341561040694,0.2274706328936716
0.01,4.214276184122749,0.2273951922102494
0.01,4.216210807204804,0.22731990802229873
0.01,4.218145430286858,0.2272447798684077
0.01,4.220080053368913,0.22716980728894381
0.01,4.222014676450968,0.22709498982604598
0.01,4.223949299533023,0.2270203270236159
0.01,4.225883922615077,0.22694581842730943
0.01,4.227818545697132,0.22687146358452837
0.01,4.229753168779187,0.2267972620444122
0.01,4.231687791861241,0.2267232133578299
0.01,4.233622414943296,0.22664931707737163
0.01,4.23555703802535,0.2265755727573403
0.01,4.237491661107406,0.22650197995374405
0.01,4.239426284189459,0.22642853822428755
0.01,4.241360907271515,0.22635524712836408
0.01,4.243295530353569,0.22628210622704842
0.01,4.2452301534356245,0.22620911508308744
0.01,4.247164776517678,0.2261362732608933
0.01,4.249099399599734,0.22606358032653512
0.01,4.251034022681788,0.22599103584773145
0.01,4.252968645763843,0.22591863939384216
0.01,4.254903268845897,0.22584639053586125
0.01,4.256837891927953,0.22577428884640832
0.01,4.258772515010007,0.22570233389972205
0.01,4.260707138092062,0.22563052527165134
0.01,4.262641761174116,0.22555886253964919
0.01,4.264576384256172,0.22548734528276387
0.01,4.2665110073382255,0.22541597308163225
0.01,4.268445630420281,0.2253447455184719
0.01,4.270380253502335,0.22527366217707445
0.01,4.272314876584391,0.22520272264279723
0.01,4.274249499666444,0.22513192650255698
0.01,4.2761841227485,0.22506127334482146
0.01,4.278118745830554,0.2249907627596036
0.01,4.2800533689126095,0.22492039433845312
0.01,4.281987991994663,0.22485016767445004
0.01,4.283922615076718,0.22478008236219715
0.01,4.285857238158773,0.22471013799781364
0.01,4.2877918612408275,0.22464033417892743
0.01,4.289726484322882,0.22457067050466828
0.01,4.291661107404937,0.22450114657566117
0.01,4.293595730486992,0.22443176199401899
0.01,4.295530353569046,0.2243625163633361
0.01,4.297464976651101,0.22429340928868102
0.01,4.299399599733156,0.22422444037659017
0.01,4.3013342228152105,0.22415560923506062
0.01,4.303268845897265,0.2240869154735437
0.01,4.30520346897932,0.22401835870293796
0.01,4.307138092061375,0.22394993853558331
0.01,4.309072715143429,0.22388165458525328
0.01,4.311007338225484,0.22381350646714937
0.01,4.312941961307539,0.22374549379789405
0.01,4.3148765843895935,0.22367761619552462
0.01,4.316811207471648,0.22360987327948617
0.01,4.318745830553703,0.22354226467062588
0.01,4.320680453635758,0.2234747899911858
0.01,4.322615076717812,0.22340744886479735
0.01,4.324549699799867,0.22334024091647448
0.01,4.326484322881922,0.2232731657726072
0.01,4.328418945963977,0.2232062230609559
0.01,4.330353569046031,0.22313941241064483
0.01,4.332288192128086,0.22307273345215572
0.01,4.33422281521014,0.22300618581732196
0.01,4.3361574382921955,0.22293976913932223
0.01,4.338092061374249,0.22287348305267474
0.01,4.340026684456305,0.2228073271932305
0.01,4.341961307538359,0.22274130119816832
0.01,4.343895930620414,0.22267540470598762
0.01,4.345830553702468,0.22260963735650374
0.01,4.347765176784524,0.2225439987908408
0.01,4.349699799866578,0.22247848865142678
0.01,4.351634422948633,0.22241310658198682
0.01,4.353569046030687,0.22234785222753833
0.01,4.355503669112743,0.22228272523438414
0.01,4.3574382921947965,0.22221772525010786
0.01,4.359372915276852,0.22215285192356704
0.01,4.361307538358906,0.22208810490488817
0.01,4.3632421614409616,0.22202348384546072
0.01,4.365176784523015,0.2219589883979317
0.01,4.367111407605071,0.22189461821619988
0.01,4.369046030687125,0.22183037295541008
0.01,4.37098065376918,0.22176625227194802
0.01,4.372915276851234,0.22170225582343445
0.01,4.37484989993329,0.22163838326871954
0.01,4.376784523015344,0.22157463426787793
0.01,4.378719146097399,0.2215110084822028
0.01,4.380653769179453,0.22144750557420068
0.01,4.382588392261509,0.221384125207586
0.01,4.384523015343563,0.22132086704727583
0.01,4.386457638425617,0.2212577307593842
0.01,4.388392261507672,0.2211947160112176
0.01,4.390326884589727,0.22113182247126867
0.01,4.3922615076717815,0.22106904980921183
0.01,4.394196130753836,0.22100639769589753
0.01,4.396130753835891,0.22094386580334746
0.01,4.398065376917946,0.22088145380474877
0.01,4.4,0.2208191613744499
0.015,1.5,0.19823528847515173
0.015,1.5019346230820547,0.198997551098914
0.015,1.5038692461641094,0.19976404338396297
0.015,1.5058038692461642,0.20053479559058718
0.015,1.5077384923282189,0.20130983821449483
0.015,1.5096731154102736,0.2020892019908351
0.015,1.5116077384923283,0.20287291789824327
0.015,1.5135423615743828,0.20366101716291343
0.015,1.5154769846564375,0.2044535312627001
0.015,1.5174116077384923,0.20525049193124492
0.015,1.519346230820547,0.20605193116213535
0.015,1.5212808539026017,0.20685788121309034
0.015,1.5232154769846564,0.20766837461017695
0.015,1.5251501000667111,0.20848344415205838
0.015,1.5270847231487659,0.20930312291427214
0.015,1.5290193462308206,0.2101274442535414
0.015,1.5309539693128753,0.21095644181211895
0.015,1.53288859239493,0.21179014952216527
0.015,1.5348232154769847,0.21262860161016
0.015,1.5367578385590395,0.2134718326013506
0.015,1.538692461641094,0.21431987732423494
0.015,1.5406270847231487,0.21517277091508255
0.015,1.5425617078052034,0.21603054882249287
0.015,1.5444963308872581,0.21689324681199176
0.015,1.5464309539693128,0.2177609009706692
0.015,1.5483655770513676,0.21863354771185423
0.015,1.5503002001334223,0.219511223779835
0.015,1.552234823215477,0.22039396625461782
0.015,1.5541694462975317,0.22128181255673066
0.015,1.5561040693795865,0.22217480045207166
0.015,1.5580386924616412,0.22307296805679985
0.015,1.559973315543696,0.22397635384227524
0.015,1.5619079386257506,0.22488499664004266
0.015,1.5638425617078051,0.22579893564686593
0.015,1.5657771847898598,0.2267182104298098
0.015,1.5677118078719146,0.22764286093137148
0.015,1.5696464309539693,0.22857292747466446
0.015,1.571581054036024,0.2295084507686528
0.015,1.5735156771180787,0.23044947191344003
0.015,1.5754503002001334,0.2313960324056103
0.015,1.5773849232821882,0.23234817414362693
0.015,1.5793195463642429,0.23330593943328481
0.015,1.5812541694462976,0.23426937099322334
0.015,1.5831887925283523,0.23523851196049378
0.015,1.585123415610407,0.23621340589619
0.015,1.5870580386924615,0.23719409679113826
0.015,1.5889926617745163,0.23818062907164908
0.015,1.590927284856571,0.239173047605332
0.015,1.5928619079386257,0.24017139770697524
0.015,1.5947965310206804,0.2411757251444907
0.015,1.5967311541027351,0.24218607614492516
0.015,1.5986657771847899,0.2432024974005395
0.015,1.6006004002668446,0.24422503607495813
0.015,1.6025350233488993,0.24525373980938706
0.015,1.604469646430954,0.24628865672890496
0.015,1.6064042695130087,0.24732983544882609
0.015,1.6083388925950635,0.24837732508113897
0.015,1.6102735156771182,0.24943117524101804
0.015,1.612208138759173,0.25049143605341545
0.015,1.6141427618412274,0.2515581581597271
0.015,1.6160773849232821,0.25263139272454155
0.015,1.6180120080053368,0.2537111914424684
0.015,1.6199466310873916,0.254797606545047
0.015,1.6218812541694463,0.2558906908077426
0.015,1.623815877251501,0.25699049755702363
0.015,1.6257505003335557,0.25809708067752724
0.015,1.6276851234156104,0.2592104946193127
0.015,1.6296197464976652,0.2603307944052024
0.015,1.6315543695797199,0.2614580356382157
0.015,1.6334889926617746,0.262592274509092
0.015,1.6354236157438293,0.26373356780390994
0.015,1.6373582388258838,0.26488197291179993
0.015,1.6392928619079385,0.266037547832754
0.015,1.6412274849899933,0.2672003511855323
0.015,1.643162108072048,0.26837044221567063
0.015,1.6450967311541027,0.26954788080358805
0.015,1.6470313542361574,0.2707327274727967
0.015,1.6489659773182122,0.2719250433982171
0.015,1.6509006004002669,0.2731248904145967
0.015,1.6528352234823216,0.2743323310250381
0.015,1.6547698465643763,0.27554742840963353
0.015,1.656704469646431,0.27677024643421266
0.015,1.6586390927284858,0.27800084965919875
0.015,1.6605737158105405,0.279239303348581
0.015,1.6625083388925952,0.2804856734790015
0.015,1.66444296197465,0.28174002674895776
0.015,1.6663775850567044,0.2830024305881257
0.015,1.6683122081387591,0.2842729531667997
0.015,1.6702468312208139,0.2855516634054581
0.015,1.6721814543028686,0.2868386309844486
0.015,1.6741160773849233,0.2881339263538001
0.015,1.676050700466978,0.28943762074316226
0.015,1.6779853235490327,0.2907497861718709
0.015,1.6799199466310875,0.2920704954591466
0.015,1.6818545697131422,0.2933998222344209
0.015,1.683789192795197,0.29473784094780037
0.015,1.6857238158772516,0.296084626880662
0.015,1.6876584389593061,0.29744025615638797
0.015,1.6895930620413608,0.2988048057512372
0.015,1.6915276851234156,0.30017835350535754
0.015,1.6934623082054703,0.3015609781339402
0.015,1.695396931287525,0.30295275923851644
0.015,1.6973315543695797,0.3043537773184014
0.015,1.6992661774516344,0.305764113782282
0.015,1.7012008005336892,0.30718385095995676
0.015,1.7031354236157439,0.3086130721142219
0.015,1.7050700466977986,0.3100518614529122
0.015,1.7070046697798533,0.3115003041410943
0.015,1.708939292861908,0.3129584863134138
0.015,1.7108739159439628,0.3144264950866012
0.015,1.7128085390260175,0.31590441857213397
0.015,1.714743162108072,0.31739234588905946
0.015,1.7166777851901267,0.318890367176979
0.015,1.7186124082721814,0.32039857360919355
0.015,1.7205470313542361,0.32191705740601595
0.015,1.7224816544362909,0.32344591184824584
0.015,1.7244162775183456,0.3249852312908153
0.015,1.7263509006004003,0.32653511117659834
0.015,1.728285523682455,0.32809564805039587
0.015,1.7302201467645097,0.32966693957308557
0.015,1.7321547698465645,0.33124908453595
0.015,1.7340893929286192,0.33284218287517336
0.015,1.736024016010674,0.33444633568651677
0.015,1.7379586390927284,0.336061645240167
0.015,1.7398932621747831,0.3376882149957628
0.015,1.7418278852568378,0.33932614961759905
0.015,1.7437625083388926,0.34097555499000876
0.015,1.7456971314209473,0.34263653823292695
0.015,1.747631754503002,0.3443092077176312
0.015,1.7495663775850567,0.3459936730826658
0.015,1.7515010006671115,0.3476900452499467
0.015,1.7534356237491662,0.34939843644104684
0.015,1.755370246831221,0.35111896019366656
0.015,1.7573048699132756,0.3528517313782827
0.015,1.7592394929953303,0.35459686621498365
0.015,1.761174116077385,0.35635448229048533
0.015,1.7631087391594398,0.3581246985753287
0.015,1.7650433622414945,0.35990763544126225
0.015,1.766977985323549,0.36170341467880146
0.015,1.7689126084056037,0.3635121595149753
0.015,1.7708472314876584,0.36533399463124716
0.015,1.7727818545697132,0.3671690461816186
0.015,1.7747164776517679,0.3690174418109105
0.015,1.7766511007338226,0.37087931067322066
0.015,1.7785857238158773,0.37275478345055685
0.015,1.780520346897932,0.3746439923716431
0.015,1.7824549699799868,0.37654707123089814
0.015,1.7843895930620415,0.37846415540758216
0.015,1.786324216144096,0.38039538188511135
0.015,1.7882588392261507,0.38234088927053456
0.015,1.7901934623082054,0.3843008178141731
0.015,1.7921280853902601,0.3862753094294148
0.015,1.7940627084723149,0.3882645077126649
0.015,1.7959973315543696,0.39026855796344484
0.015,1.7979319546364243,0.39228760720463546
0.015,1.799866577718479,0.3943218042028623
0.015,1.8018012008005337,0.396371299489014
0.015,1.8037358238825885,0.39843624537889216
0.015,1.8056704469646432,0.400516795993982
0.015,1.807605070046698,0.4026131072823428
0.015,1.8095396931287526,0.4047253370396046
0.015,1.8114743162108073,0.40685364493007037
0.015,1.813408939292862,0.4089981925079107
0.015,1.8153435623749168,0.41115914323844277
0.015,1.8172781854569713,0.41333666251948775
0.015,1.819212808539026,0.415530917702793
0.015,1.8211474316210807,0.41774207811551045
0.015,1.8230820547031354,0.4199703150817182
0.015,1.8250166777851902,0.4222158019439767
0.015,1.8269513008672449,0.42447871408490334
0.015,1.8288859239492996,0.4267592289487528
0.015,1.8308205470313543,0.42905752606299086
0.015,1.832755170113409,0.43137378705984186
0.015,1.8346897931954638,0.43370819569780117
0.015,1.8366244162775183,0.4360609378830846
0.015,1.838559039359573,0.4384322016910096
0.015,1.8404936624416277,0.44082217738727725
0.015,1.8424282855236824,0.4432310574491402
0.015,1.8443629086057372,0.44565903658643885
0.015,1.8462975316877919,0.44810631176247223
0.015,1.8482321547698466,0.4505730822146921
0.015,1.8501667778519013,0.4530595494751836
0.015,1.852101400933956,0.4555659173909158
0.015,1.8540360240160108,0.45809239214372416
0.015,1.8559706470980655,0.46063918227000267
0.015,1.8579052701801202,0.46320649868007235
0.015,1.859839893262175,0.46579455467718806
0.015,1.8617745163442296,0.4684035659761576
0.015,1.8637091394262844,0.4710337507215262
0.015,1.865643762508339,0.47368532950529835
0.015,1.8675783855903936,0.47635852538414625
0.015,1.8695130086724483,0.47905356389606907
0.015,1.871447631754503,0.4817706730764555
0.015,1.8733822548365577,0.4845100834734981
0.015,1.8753168779186125,0.48727202816292187
0.015,1.8772515010006672,0.49005674276195543
0.015,1.879186124082722,0.49286446544251117
0.015,1.8811207471647766,0.4956954369434975
0.015,1.8830553702468313,0.498549900582218
0.015,1.884989993328886,0.5014281022647802
0.015,1.8869246164109406,0.5043302904954583
0.015,1.8888592394929953,0.5072567163849343
0.015,1.89079386257505,0.5102076336573408
0.015,1.8927284856571047,0.5131832986560356
0.015,1.8946631087391594,0.5161839703480208
0.015,1.8965977318212142,0.5192099103269264
0.015,1.8985323549032689,0.522261382814462
0.015,1.9004669779853236,0.5253386546602519
0.015,1.9024016010673783,0.5284419953399524
0.015,1.904336224149433,0.5315716769515414
0.015,1.9062708472314878,0.5347279742096903
0.015,1.9082054703135425,0.5379111644380831
0.015,1.9101400933955972,0.5411215275595875
0.015,1.912074716477652,0.5443593460841376
0.015,1.9140093395597066,0.5476249050942107
0.015,1.9159439626417614,0.5509184922277538
0.015,1.9178785857238159,0.5542403976584273
0.015,1.9198132088058706,0.5575909140730178
0.015,1.9217478318879253,0.5609703366458533
0.015,1.92368245496998,0.5643789630100801
0.015,1.9256170780520347,0.5678170932256138
0.015,1.9275517011340895,0.571285029743603
0.015,1.9294863242161442,0.5747830773672101
0.015,1.931420947298199,0.5783115432085272
0.015,1.9333555703802536,0.5818707366414209
0.015,1.9352901934623084,0.5854609692500955
0.015,1.9372248165443628,0.5890825547731653
0.015,1.9391594396264176,0.5927358090429952
0.015,1.9410940627084723,0.5964210499200848
0.015,1.943028685790527,0.6001385972222371
0.015,1.9449633088725817,0.6038887726482642
0.015,1.9468979319546365,0.6076718996959556
0.015,1.9488325550366912,0.6114883035740237
0.015,1.950767178118746,0.6153383111077495
0.015,1.9527018012008006,0.619222250638006
0.015,1.9546364242828553,0.6231404519133621
0.015,1.95657104736491,0.627093245974919
0.015,1.9585056704469648,0.6310809650335572
0.015,1.9604402935290195,0.635103942339217
0.015,1.9623749166110742,0.6391625120418624
0.015,1.964309539693129,0.6432570090437313
0.015,1.9662441627751837,0.6473877688424774
0.015,1.9681787858572382,0.6515551273647909
0.015,1.9701134089392929,0.6557594207900687
0.015,1.9720480320213476,0.660000985363684
0.015,1.9739826551034023,0.6642801571993987
0.015,1.975917278185457,0.6685972720704391
0.015,1.9778519012675118,0.6729526651887391
0.015,1.9797865243495665,0.6773466709718339
0.015,1.9817211474316212,0.6817796227968839
0.015,1.983655770513676,0.6862518527412669
0.015,1.9855903935957306,0.6907636913091908
0.015,1.9875250166777851,0.6953154671437141
0.015,1.9894596397598399,0.6999075067236072
0.015,1.9913942628418946,0.7045401340443991
0.015,1.9933288859239493,0.7092136702829868
0.015,1.995263509006004,0.7139284334451507
0.015,1.9971981320880587,0.7186847379952775
0.015,1.9991327551701135,0.7234828944676248
0.015,2.001067378252168,0.7283232090583798
0.015,2.003002001334223,0.7332059831978059
0.015,2.0049366244162776,0.7381315131017074
0.015,2.0068712474983323,0.7431000893014544
0.015,2.008805870580387,0.7481119961517819
0.015,2.010740493662442,0.7531675113155526
0.015,2.0126751167444965,0.7582669052246858
0.015,2.0146097398265512,0.7634104405163978
0.015,2.016544362908606,0.7685983714439389
0.015,2.0184789859906607,0.7738309432609413
0.015,2.0204136090727154,0.7791083915785424
0.015,2.02234823215477,0.7844309416943895
0.015,2.024282855236825,0.7897988078926533
0.015,2.0262174783188796,0.7952121927141717
0.015,2.0281521014009343,0.8006712861958258
0.015,2.030086724482989,0.8061762650782818
0.015,2.0320213475650437,0.8117272919811968
0.015,2.033955970647098,0.817324514545039
0.015,2.0358905937291527,0.8229680645386407
0.015,2.0378252168112074,0.8286580569316484
0.015,2.039759839893262,0.8343945889310497
0.015,2.041694462975317,0.8401777389809568
0.015,2.0436290860573716,0.8460075657248998
0.015,2.0455637091394263,0.8518841069298682
0.015,2.047498332221481,0.8578073783714354
0.015,2.0494329553035358,0.863777372679294
0.015,2.0513675783855905,0.8697940581426358
0.015,2.053302201467645,0.8758573774748452
0.015,2.0552368245497,0.8819672465370464
0.015,2.0571714476317546,0.8881235530201552
0.015,2.0591060707138094,0.8943261550851354
0.015,2.061040693795864,0.9005748799613035
0.015,2.062975316877919,0.9068695225025986
0.015,2.0649099399599735,0.9132098437019067
0.015,2.0668445630420282,0.9195955691636096
0.015,2.068779186124083,0.9260263875347233
0.015,2.0707138092061372,0.9325019488951432
0.015,2.072648432288192,0.9390218631076708
0.015,2.0745830553702467,0.9455856981287208
0.015,2.0765176784523014,0.9521929782807965
0.015,2.078452301534356,0.9588431824880592
0.015,2.080386924616411,0.9655357424765545
0.015,2.0823215476984656,0.9722700409409092
0.015,2.0842561707805203,0.9790454096796214
0.015,2.086190793862575,0.9858611277013246
0.015,2.0881254169446297,0.9927164193047663
0.015,2.0900600400266844,0.9996104521355303
0.015,2.091994663108739,1.0065423352229401
0.015,2.093929286190794,1.013511117000901
0.015,2.0958639092728486,1.02051578331689
0.015,2.0977985323549033,1.0275552554336649
0.015,2.099733155436958,1.0346283880287293
0.015,2.1016677785190128,1.0417339671970434
0.015,2.1036024016010675,1.0488707084629045
0.015,2.105537024683122,1.056037254807463
0.015,2.107471647765177,1.063232174718769
0.015,2.1094062708472316,1.0704539602718384
0.015,2.1113408939292864,1.0777010252466686
0.015,2.113275517011341,1.0849717032927446
0.015,2.115210140093396,1.0922642461490621
0.015,2.1171447631754505,1.0995768219292519
0.015,2.1190793862575052,1.1069075134819641
0.015,2.12101400933956,1.11425431683715
0.015,2.1229486324216147,1.1216151397494738
0.015,2.1248832555036694,1.1289878003505562
0.015,2.126817878585724,1.1363700259222815
0.015,2.128752501667779,1.143759451803858
0.015,2.1306871247498336,1.1511536204457722
0.015,2.1326217478318883,1.1585499806242066
0.015,2.1345563709139426,1.1659458868297947
0.015,2.1364909939959973,1.1733385988450062
0.015,2.138425617078052,1.1807252815245743
0.015,2.1403602401601067,1.1881030047937104
0.015,2.1422948632421615,1.1954687438788476
0.015,2.144229486324216,1.2028193797857425
0.015,2.146164109406271,1.210151700039705
0.015,2.1480987324883256,1.217462399702519
0.015,2.1500333555703803,1.2247480826804082
0.015,2.151967978652435,1.2320052633369303
0.015,2.1539026017344898,1.239230368424256
0.015,2.1558372248165445,1.246419739345542
0.015,2.157771847898599,1.2535696347604068
0.015,2.159706470980654,1.2606762335445065
0.015,2.1616410940627087,1.267735638113155
0.015,2.1635757171447634,1.2747438781176799
0.015,2.165510340226818,1.281696914521789
0.015,2.167444963308873,1.288590644063664
0.015,2.1693795863909275,1.2954209041077658
0.015,2.171314209472982,1.3021834778884478
0.015,2.1732488325550365,1.3088741001454478
0.015,2.1751834556370913,1.315488463149111
0.015,2.177118078719146,1.3220222231109153
0.015,2.1790527018012007,1.3284710069723646
0.015,2.1809873248832554,1.3348304195627918
0.015,2.18292194796531,1.341096051113898
0.015,2.184856571047365,1.347263485116155
0.015,2.1867911941294196,1.3533283064993455
0.015,2.1887258172114743,1.3592861101166782
0.015,2.190660440293529,1.3651325095090814
0.015,2.1925950633755837,1.3708631459233882
0.015,2.1945296864576385,1.376473697555384
0.015,2.196464309539693,1.3819598889858955
0.015,2.198398932621748,1.387317500775556
0.015,2.2003335557038026,1.392542379181341
0.015,2.2022681787858573,1.3976304459556972
0.015,2.204202801867912,1.4025777081869928
0.015,2.206137424949967,1.4073802681381222
0.015,2.2080720480320215,1.4120343330385248
0.015,2.2100066711140762,1.416536224783576
0.015,2.211941294196131,1.4208823894943503
0.015,2.2138759172781857,1.425069406890068
0.015,2.2158105403602404,1.429093999425367
0.015,2.217745163442295,1.4329530411445885
0.015,2.21967978652435,1.4366435662058372
0.015,2.2216144096064045,1.4401627770284888
0.015,2.2235490326884593,1.4435080520191492
0.015,2.225483655770514,1.4466769528328385
0.015,2.2274182788525687,1.4496672311282768
0.015,2.2293529019346234,1.4524768347787282
0.015,2.231287525016678,1.455103913502701
0.015,2.233222148098733,1.4575468238820903
0.015,2.235156771180787,1.4598041337388656
0.015,2.237091394262842,1.4618746258452808
0.015,2.2390260173448966,1.4637573009466143
0.015,2.2409606404269513,1.4654513800798012
0.015,2.242895263509006,1.4669563061756987
0.015,2.2448298865910608,1.4682717449373306
0.015,2.2467645096731155,1.4693975849910588
0.015,2.24869913275517,1.4703339373122948
0.015,2.250633755837225,1.4710811339319414
0.015,2.2525683789192796,1.4716397259343208
0.015,2.2545030020013344,1.4720104807617258
0.015,2.256437625083389,1.4721943788449785
0.015,2.258372248165444,1.4721926095833786
0.015,2.2603068712474985,1.4720065667012194
0.015,2.2622414943295532,1.471637843011494
0.015,2.264176117411608,1.471088224620617
0.015,2.2661107404936627,1.4703596846107603
0.015,2.2680453635757174,1.4694543762389034
0.015,2.269979986657772,1.4683746256937489
0.015,2.2719146097398264,1.4671229244533457
0.015,2.273849232821881,1.4657019212875795
0.015,2.275783855903936,1.4641144139505744
0.015,2.2777184789859906,1.4623633406085568
0.015,2.2796531020680453,1.460451771048919
0.015,2.2815877251501,1.4583828977159212
0.015,2.2835223482321547,1.4561600266179633
0.015,2.2854569713142094,1.4537865681504127
0.015,2.287391594396264,1.4512660278768146
0.015,2.289326217478319,1.4486019973097772
0.015,2.2912608405603736,1.445798144731178
0.015,2.2931954636424283,1.4428582060893198
0.015,2.295130086724483,1.4397859760085914
0.015,2.2970647098065378,1.4365852989448857
0.015,2.2989993328885925,1.433260060517597
0.015,2.300933955970647,1.4298141790465502
0.015,2.302868579052702,1.426251597319597
0.015,2.3048032021347566,1.4225762746140622
0.015,2.3067378252168114,1.4187921789925029
0.015,2.308672448298866,1.4149032798907468
0.015,2.310607071380921,1.4109135410134828
0.015,2.3125416944629755,1.4068269135502334
0.015,2.3144763175450302,1.4026473297220594
0.015,2.316410940627085,1.3983786966669673
0.015,2.3183455637091397,1.3940248906697636
0.015,2.3202801867911944,1.3895897517399367
0.015,2.322214809873249,1.385077078539149
0.015,2.324149432955304,1.3804906236580046
0.015,2.3260840560373586,1.3758340892400338
0.015,2.3280186791194133,1.37111112294923
0.015,2.329953302201468,1.366325314275975
0.015,2.3318879252835227,1.3614801911749315
0.015,2.333822548365577,1.3565792170272084
0.015,2.3357571714476317,1.3516257879181421
0.015,2.3376917945296865,1.3466232302211136
0.015,2.339626417611741,1.3415747984769686
0.015,2.341561040693796,1.3364836735581045
0.015,2.3434956637758506,1.331352961105576
0.015,2.3454302868579053,1.3261856902273208
0.015,2.34736490993996,1.3209848124451469
0.015,2.3492995330220148,1.3157532008780335
0.015,2.3512341561040695,1.3104936496490496
0.015,2.353168779186124,1.305208873503263
0.015,2.355103402268179,1.299901507623953
0.015,2.3570380253502337,1.2945741076346162
0.015,2.3589726484322884,1.289229149774351
0.015,2.360907271514343,1.2838690312344887
0.015,2.362841894596398,1.2784960706445285
0.015,2.3647765176784525,1.2731125086958284
0.015,2.3667111407605073,1.267720508891751
0.015,2.368645763842562,1.262322158413417
0.015,2.3705803869246167,1.2569194690905405
0.015,2.372515010006671,1.2515143784672997
0.015,2.3744496330887257,1.2461087509535653
0.015,2.3763842561707804,1.2407043790522991
0.015,2.378318879252835,1.2353029846543444
0.015,2.38025350233489,1.2299062203922653
0.015,2.3821881254169446,1.2245156710454244
0.015,2.3841227484989993,1.2191328549887976
0.015,2.386057371581054,1.2137592256786154
0.015,2.3879919946631087,1.2083961731682096
0.015,2.3899266177451635,1.2030450256479999
0.015,2.391861240827218,1.1977070510038448
0.015,2.393795863909273,1.1923834583885125
0.015,2.3957304869913276,1.1870753998012797
0.015,2.3976651100733823,1.18178397167116
0.015,2.399599733155437,1.176510216439544
0.015,2.401534356237492,1.1712551241384253
0.015,2.4034689793195465,1.1660196339606885
0.015,2.4054036024016012,1.1608046358192639
0.015,2.407338225483656,1.1556109718922505
0.015,2.4092728485657107,1.1504394381513827
0.015,2.4112074716477654,1.1452907858715151
0.015,2.41314209472982,1.140165723118986
0.015,2.415076717811875,1.135064916217054
0.015,2.4170113408939295,1.129988991186722
0.015,2.4189459639759843,1.1249385351615555
0.015,2.420880587058039,1.1199140977752484
0.015,2.4228152101400937,1.1149161925208952
0.015,2.4247498332221484,1.1099452980810613
0.015,2.426684456304203,1.1050018596279652
0.015,2.428619079386258,1.1000862900931623
0.015,2.4305537024683126,1.0951989714062966
0.015,2.4324883255503673,1.0903402557025803
0.015,2.4344229486324216,1.0855104664988213
0.015,2.4363575717144763,1.0807098998378355
0.015,2.438292194796531,1.0759388254013067
0.015,2.4402268178785858,1.0711974875910724
0.015,2.4421614409606405,1.0664861065790645
0.015,2.444096064042695,1.0618048793260677
0.015,2.44603068712475,1.0571539805695969
0.015,2.4479653102068046,1.0525335637812394
0.015,2.4498999332888594,1.0479437620938135
0.015,2.451834556370914,1.043384689198812
0.015,2.453769179452969,1.0388564402145573
0.015,2.4557038025350235,1.0343590925256207
0.015,2.4576384256170782,1.0298927065939727
0.015,2.459573048699133,1.02545732674248
0.015,2.4615076717811877,1.0210529819112781
0.015,2.4634422948632424,1.016679686387637
0.015,2.465376917945297,1.012337440509924
0.015,2.467311541027352,1.0080262313462724
0.015,2.4692461641094066,1.0037460333485841
0.015,2.4711807871914613,0.9994968089824995
0.015,2.4731154102735156,0.9952785093339658
0.015,2.4750500333555703,0.9910910746930431
0.015,2.476984656437625,0.9869344351155716
0.015,2.4789192795196797,0.9828085109633453
0.015,2.4808539026017344,0.9787132134234002
0.015,2.482788525683789,0.9746484450070678
0.015,2.484723148765844,0.9706141000293805
0.015,2.4866577718478986,0.9666100650694469
0.015,2.4885923949299533,0.9626362194124106
0.015,2.490527018012008,0.9586924354735469
0.015,2.4924616410940628,0.9547785792051309
0.015,2.4943962641761175,0.9508945104865797
0.015,2.496330887258172,0.9470400834984897
0.015,2.498265510340227,0.9432151470810631
0.015,2.5002001334222816,0.9394195450775039
0.015,2.5021347565043364,0.9356531166628576
0.015,2.504069379586391,0.9319156966588488
0.015,2.506004002668446,0.928207115835177
0.015,2.5079386257505005,0.92452720119778
0.015,2.5098732488325552,0.9208757762645184
0.015,2.51180787191461,0.9172526613287543
0.015,2.5137424949966647,0.9136576737112518
0.015,2.5156771180787194,0.9100906280008451
0.015,2.517611741160774,0.9065513362843004
0.015,2.519546364242829,0.9030396083657511
0.015,2.5214809873248836,0.8995552519761348
0.015,2.5234156104069383,0.8960980729729873
0.015,2.525350233488993,0.8926678755309851
0.015,2.5272848565710477,0.8892644623235809
0.015,2.5292194796531025,0.8858876346960873
0.015,2.531154102735157,0.8825371928305367
0.015,2.533088725817212,0.8792129359026519
0.015,2.5350233488992666,0.8759146622312335
0.015,2.5369579719813213,0.8726421694202706
0.015,2.538892595063376,0.8693952544940617
0.015,2.5408272181454303,0.8661737140256416
0.015,2.542761841227485,0.8629773442587582
0.015,2.5446964643095398,0.8598059412237106
0.015,2.5466310873915945,0.8566593008472412
0.015,2.548565710473649,0.8535372190567796
0.015,2.550500333555704,0.8504394918792376
0.015,2.5524349566377587,0.8473659155345972
0.015,2.5543695797198134,0.8443162865245176
0.015,2.556304202801868,0.8412904017161448
0.015,2.558238825883923,0.8382880584213597
0.015,2.5601734489659775,0.8353090544716236
0.015,2.5621080720480323,0.8323531882886507
0.015,2.564042695130087,0.829420258951039
0.015,2.5659773182121413,0.8265100662570786
0.015,2.567911941294196,0.823622410783867
0.015,2.5698465643762507,0.8207570939429225
0.015,2.5717811874583054,0.8179139180324227
0.015,2.57371581054036,0.8150926862862367
0.015,2.575650433622415,0.8122932029198761
0.015,2.5775850567044696,0.8095152731735223
0.015,2.5795196797865243,0.8067587033522298
0.015,2.581454302868579,0.8040233008634718
0.015,2.5833889259506337,0.8013088742521066
0.015,2.5853235490326885,0.7986152332329189
0.015,2.587258172114743,0.7959421887208119
0.015,2.589192795196798,0.7932895528587911
0.015,2.5911274182788526,0.7906571390438164
0.015,2.5930620413609073,0.7880447619506297
0.015,2.594996664442962,0.7854522375536598
0.015,2.596931287525017,0.7828793831470748
0.015,2.5988659106070715,0.7803260173631005
0.015,2.6008005336891262,0.7777919601886484
0.015,2.602735156771181,0.7752770329803725
0.015,2.6046697798532357,0.7727810584781927
0.015,2.6066044029352904,0.7703038608173999
0.015,2.608539026017345,0.7678452655393682
0.015,2.6104736490994,0.7654050996009818
0.015,2.6124082721814545,0.76298319138281
0.015,2.6143428952635093,0.760579370696112
0.015,2.616277518345564,0.7581934687887196
0.015,2.6182121414276187,0.7558253183498608
0.015,2.6201467645096734,0.753474753513971
0.015,2.622081387591728,0.7511416098635512
0.015,2.624016010673783,0.7488257244311187
0.015,2.6259506337558376,0.7465269357002998
0.015,2.6278852568378923,0.7442450836061041
0.015,2.629819879919947,0.7419800095344325
0.015,2.6317545030020018,0.7397315563208545
0.015,2.6336891260840565,0.7374995682486963
0.015,2.635623749166111,0.7352838910464784
0.015,2.637558372248166,0.7330843718847341
0.015,2.6394929953302206,0.7309008593722529
0.015,2.641427618412275,0.7287332035517727
0.015,2.6433622414943296,0.7265812558951593
0.015,2.6452968645763844,0.7244448692980964
0.015,2.647231487658439,0.7223238980743258
0.015,2.649166110740494,0.7202181979494493
0.015,2.6511007338225485,0.7181276260543403
0.015,2.6530353569046032,0.7160520409181659
0.015,2.654969979986658,0.7139913024610658
0.015,2.6569046030687127,0.7119452719864942
0.015,2.6588392261507674,0.7099138121732586
0.015,2.660773849232822,0.7078967870672659
0.015,2.662708472314877,0.705894062073009
0.015,2.6646430953969316,0.7039055039447953
0.015,2.666577718478986,0.7019309807777511
0.015,2.6685123415610406,0.6999703619986146
0.015,2.6704469646430953,0.698023518356326
0.015,2.67238158772515,0.6960903219124451
0.015,2.6743162108072047,0.6941706460313946
0.015,2.6762508338892594,0.6922643653705567
0.015,2.678185456971314,0.690371355870233
0.015,2.680120080053369,0.6884914947434773
0.015,2.6820547031354236,0.6866246604658113
0.015,2.6839893262174783,0.6847707327648517
0.015,2.685923949299533,0.6829295926098295
0.015,2.6878585723815878,0.681101122201049
0.015,2.6897931954636425,0.6792852049592609
0.015,2.691727818545697,0.6774817255149885
0.015,2.693662441627752,0.6756905696977916
0.015,2.6955970647098066,0.6739116245255001
0.015,2.6975316877918614,0.6721447781934023
0.015,2.699466310873916,0.6703899200634155
0.015,2.701400933955971,0.6686469406532333
0.015,2.7033355570380255,0.6669157316254606
0.015,2.7052701801200802,0.6651961857767469
0.015,2.707204803202135,0.6634881970269145
0.015,2.7091394262841897,0.6617916604081014
0.015,2.7110740493662444,0.6601064720539059
0.015,2.713008672448299,0.6584325291885605
0.015,2.714943295530354,0.6567697301161173
0.015,2.7168779186124086,0.6551179742096701
0.015,2.7188125416944633,0.6534771619005995
0.015,2.720747164776518,0.6518471946678598
0.015,2.7226817878585727,0.6502279750273036
0.015,2.7246164109406275,0.6486194065210491
0.015,2.726551034022682,0.6470213937068945
0.015,2.728485657104737,0.6454338421477821
0.015,2.7304202801867916,0.643856658401317
0.015,2.7323549032688463,0.6422897500093404
0.015,2.734289526350901,0.6407330254875602
0.015,2.7362241494329558,0.6391863943152465
0.015,2.7381587725150105,0.6376497669249847
0.015,2.740093395597065,0.6361230546924996
0.015,2.7420280186791195,0.6346061699265463
0.015,2.743962641761174,0.633099025858864
0.015,2.745897264843229,0.6316015366342123
0.015,2.7478318879252837,0.6301136173004657
0.015,2.7497665110073384,0.6286351837987988
0.015,2.751701134089393,0.6271661529539317
0.015,2.753635757171448,0.625706442464463
0.015,2.7555703802535025,0.6242559708932709
0.015,2.7575050033355573,0.622814657658005
0.015,2.759439626417612,0.6213824230216461
0.015,2.7613742494996667,0.6199591880831548
0.015,2.7633088725817214,0.6185448747681946
0.015,2.765243495663776,0.6171394058199438
0.015,2.7671781187458304,0.6157427047899846
0.015,2.769112741827885,0.6143546960292773
0.015,2.77104736490994,0.6129753046792169
0.015,2.7729819879919946,0.6116044566627744
0.015,2.7749166110740493,0.610242078675721
0.015,2.776851234156104,0.6088880981779371
0.015,2.7787858572381587,0.6075424433848061
0.015,2.7807204803202135,0.6062050432586901
0.015,2.782655103402268,0.6048758275004932
0.015,2.784589726484323,0.6035547265413069
0.015,2.7865243495663776,0.6022416715341428
0.015,2.7884589726484323,0.600936594345744
0.015,2.790393595730487,0.5996394275484881
0.015,2.792328218812542,0.5983501044123664
0.015,2.7942628418945965,0.5970685588970546
0.015,2.7961974649766512,0.5957947256440594
0.015,2.798132088058706,0.594528539968956
0.015,2.8000667111407607,0.5932699378536994
0.015,2.8020013342228154,0.5920188559390281
0.015,2.80393595730487,0.5907752315169428
0.015,2.805870580386925,0.5895390025232695
0.015,2.8078052034689795,0.588310107530304
0.015,2.8097398265510343,0.5870884857395355
0.015,2.811674449633089,0.5858740769744556
0.015,2.8136090727151437,0.5846668216734391
0.015,2.8155436957971984,0.5834666608827139
0.015,2.817478318879253,0.5822735362493991
0.015,2.819412941961308,0.5810873900146328
0.015,2.8213475650433626,0.5799081650067673
0.015,2.8232821881254173,0.5787358046346506
0.015,2.825216811207472,0.5775702528809751
0.015,2.8271514342895268,0.5764114542957127
0.015,2.8290860573715815,0.5752593539896165
0.015,2.831020680453636,0.5741138976278035
0.015,2.832955303535691,0.5729750314234066
0.015,2.8348899266177456,0.5718427021313042
0.015,2.8368245496998004,0.5707168570419213
0.015,2.838759172781855,0.5695974439751023
0.015,2.84069379586391,0.5684844112740554
0.015,2.842628418945964,0.5673777077993709
0.015,2.844563042028019,0.5662772829231033
0.015,2.8464976651100735,0.5651830865229309
0.015,2.8484322881921282,0.5640950689763816
0.015,2.850366911274183,0.5630131811551217
0.015,2.8523015343562377,0.5619373744193222
0.015,2.8542361574382924,0.5608676006120826
0.015,2.856170780520347,0.559803812053929
0.015,2.858105403602402,0.558745961537371
0.015,2.8600400266844566,0.5576940023215298
0.015,2.8619746497665113,0.5566478881268243
0.015,2.863909272848566,0.5556075731297277
0.015,2.8658438959306207,0.5545730119575809
0.015,2.867778519012675,0.5535441596834728
0.015,2.8697131420947297,0.5525209718211774
0.015,2.8716477651767844,0.551503404320159
0.015,2.873582388258839,0.5504914135606289
0.015,2.875517011340894,0.5494849563486702
0.015,2.8774516344229486,0.548483989911415
0.015,2.8793862575050033,0.5474884718922843
0.015,2.881320880587058,0.5464983603462817
0.015,2.8832555036691128,0.5455136137353486
0.015,2.8851901267511675,0.5445341909237728
0.015,2.887124749833222,0.5435600511736524
0.015,2.889059372915277,0.5425911541404167
0.015,2.8909939959973316,0.5416274598684002
0.015,2.8929286190793864,0.540668928786472
0.015,2.894863242161441,0.5397155217037156
0.015,2.896797865243496,0.5387671998051645
0.015,2.8987324883255505,0.5378239246475863
0.015,2.9006671114076052,0.5368856581553227
0.015,2.90260173448966,0.5359523626161746
0.015,2.9045363575717147,0.5350240006773427
0.015,2.9064709806537694,0.5341005353414129
0.015,2.908405603735824,0.5331819299623952
0.015,2.910340226817879,0.5322681482418071
0.015,2.9122748498999336,0.5313591542248066
0.015,2.9142094729819883,0.5304549122963722
0.015,2.916144096064043,0.5295553871775291
0.015,2.9180787191460977,0.5286605439216221
0.015,2.9200133422281525,0.5277703479106328
0.015,2.921947965310207,0.5268847648515442
0.015,2.923882588392262,0.5260037607727446
0.015,2.9258172114743166,0.5251273020204822
0.015,2.9277518345563713,0.5242553552553575
0.015,2.929686457638426,0.5233878874488609
0.015,2.9316210807204808,0.522524865879951
0.015,2.9335557038025355,0.5216662581316772
0.015,2.93549032688459,0.5208120320878397
0.015,2.937424949966645,0.5199621559296947
0.015,2.9393595730486997,0.5191165981326946
0.015,2.9412941961307544,0.5182753274632729
0.015,2.9432288192128087,0.517438312975664
0.015,2.9451634422948634,0.5166055240087645
0.015,2.947098065376918,0.5157769301830308
0.015,2.949032688458973,0.5149525013974176
0.015,2.9509673115410275,0.5141322078263473
0.015,2.9529019346230823,0.5133160199167236
0.015,2.954836557705137,0.512503908384976
0.015,2.9567711807871917,0.5116958442141424
0.015,2.9587058038692464,0.510891798650987
0.015,2.960640426951301,0.5100917432031519
0.015,2.962575050033356,0.5092956496363448
0.015,2.9645096731154106,0.5085034899715591
0.015,2.9664442961974653,0.5077152364823301
0.015,2.9683789192795196,0.5069308616920198
0.015,2.9703135423615743,0.50615033837114
0.015,2.972248165443629,0.5053736395347036
0.015,2.9741827885256837,0.5046007384396104
0.015,2.9761174116077385,0.5038316085820616
0.015,2.978052034689793,0.5030662236950083
0.015,2.979986657771848,0.5023045577456295
0.015,2.9819212808539026,0.5015465849328399
0.015,2.9838559039359573,0.5007922796848283
0.015,2.985790527018012,0.5000416166566253
0.015,2.987725150100067,0.49929457072769984
0.015,2.9896597731821215,0.49855111699958626
0.015,2.9915943962641762,0.4978112307935365
0.015,2.993529019346231,0.49707488764820407
0.015,2.9954636424282857,0.49634206331735253
0.015,2.9973982655103404,0.49561273376759357
0.015,2.999332888592395,0.49488687517615104
0.015,3.00126751167445,0.4941644639286514
0.015,3.0032021347565045,0.4934454766169421
0.015,3.0051367578385593,0.4927298900369323
0.015,3.007071380920614,0.49201768118646455
0.015,3.0090060040026687,0.49130882726320685
0.015,3.0109406270847234,0.4906033056625726
0.015,3.012875250166778,0.4899010939756634
0.015,3.014809873248833,0.4892021699872383
0.015,3.0167444963308876,0.4885065116737051
0.015,3.0186791194129423,0.4878140972011364
0.015,3.020613742494997,0.48712490492330873
0.015,3.0225483655770518,0.4864389133797647
0.015,3.0244829886591065,0.4857561012938982
0.015,3.026417611741161,0.48507644757106316
0.015,3.028352234823216,0.48439993129670184
0.015,3.0302868579052706,0.4837265317344968
0.015,3.0322214809873254,0.4830562283245468
0.015,3.03415610406938,0.4823890006815584
0.015,3.036090727151435,0.48172482859306504
0.015,3.0380253502334895,0.4810636920176617
0.015,3.0399599733155442,0.48040557108326354
0.015,3.041894596397599,0.4797504460853838
0.015,3.0438292194796532,0.47909829748543176
0.015,3.045763842561708,0.47844910590902934
0.015,3.0476984656437627,0.4778028521443501
0.015,3.0496330887258174,0.4771595171404743
0.015,3.051567711807872,0.47651908200576576
0.015,3.053502334889927,0.4758815280062652
0.015,3.0554369579719816,0.47524683656410477
0.015,3.0573715810540363,0.47461498925593737
0.015,3.059306204136091,0.47398596781138846
0.015,3.0612408272181457,0.47335975411152115
0.015,3.0631754503002004,0.4727363301873235
0.015,3.065110073382255,0.47211567821820943
0.015,3.06704469646431,0.4714977805305378
0.015,3.068979319546364,0.47088261959615213
0.015,3.070913942628419,0.4702701780309299
0.015,3.0728485657104736,0.469660438593356
0.015,3.0747831887925283,0.46905338418310705
0.015,3.076717811874583,0.46844899783965466
0.015,3.0786524349566378,0.46784726274088356
0.015,3.0805870580386925,0.4672481622017262
0.015,3.082521681120747,0.4666516796728119
0.015,3.084456304202802,0.4660577987391323
0.015,3.0863909272848566,0.46546650311872134
0.015,3.0883255503669114,0.4648777766613509
0.015,3.090260173448966,0.4642916033472397
0.015,3.092194796531021,0.46370796728577934
0.015,3.0941294196130755,0.4631268527142715
0.015,3.0960640426951302,0.46254824399668254
0.015,3.097998665777185,0.4619721256224099
0.015,3.0999332888592397,0.461398482205064
0.015,3.1018679119412944,0.4608272984812616
0.015,3.103802535023349,0.4602585593094352
0.015,3.105737158105404,0.4596922496686549
0.015,3.1076717811874586,0.45912835465746193
0.015,3.1096064042695133,0.4585668594927186
0.015,3.111541027351568,0.4580077495084663
0.015,3.1134756504336227,0.45745101015480133
0.015,3.1154102735156775,0.4568966269967596
0.015,3.117344896597732,0.456344585713216
0.015,3.119279519679787,0.4557948720957932
0.015,3.1212141427618416,0.45524747204778665
0.015,3.1231487658438963,0.45470237158309723
0.015,3.125083388925951,0.4541595568251792
0.015,3.1270180120080058,0.45361901400599663
0.015,3.1289526350900605,0.45308072946499484
0.015,3.130887258172115,0.45254468964807915
0.015,3.13282188125417,0.4520108811066093
0.015,3.1347565043362247,0.45147929049640056
0.015,3.1366911274182794,0.450949904576739
0.015,3.138625750500334,0.45042271020940683
0.015,3.140560373582389,0.4498976943577164
0.015,3.1424949966644435,0.449374844085558
0.015,3.144429619746498,0.4488541465564557
0.015,3.1463642428285525,0.44833558903263393
0.015,3.1482988659106073,0.44781915887409474
0.015,3.150233488992662,0.4473048435377056
0.015,3.1521681120747167,0.4467926305762952
0.015,3.1541027351567714,0.44628250763776106
0.015,3.156037358238826,0.4457744624641848
0.015,3.157971981320881,0.44526848289095977
0.015,3.1599066044029356,0.44476455684592525
0.015,3.1618412274849903,0.444262672348512
0.015,3.163775850567045,0.44376281750889474
0.015,3.1657104736490997,0.4432649805271577
0.015,3.167645096731154,0.442769149692464
0.015,3.1695797198132087,0.4422753133822385
0.015,3.1715143428952635,0.4417834600613568
0.015,3.173448965977318,0.4412935782813434
0.015,3.175383589059373,0.44080565667957905
0.015,3.1773182121414276,0.44031968397851595
0.015,3.1792528352234823,0.43983564898490174
0.015,3.181187458305537,0.4393535405890111
0.015,3.183122081387592,0.4388733477638865
0.015,3.1850567044696465,0.4383950595645855
0.015,3.1869913275517012,0.4379186651274384
0.015,3.188925950633756,0.4374441536693111
0.015,3.1908605737158107,0.43697151448687716
0.015,3.1927951967978654,0.43650073695589797
0.015,3.19472981987992,0.4360318105305093
0.015,3.196664442961975,0.43556472474251606
0.015,3.1985990660440295,0.4350994692006948
0.015,3.2005336891260843,0.4346360335901019
0.015,3.202468312208139,0.43417440767139165
0.015,3.2044029352901937,0.4337145812801392
0.015,3.2063375583722484,0.43325654432617156
0.015,3.208272181454303,0.43280028679290533
0.015,3.210206804536358,0.43234579873669127
0.015,3.2121414276184126,0.4318930702861667
0.015,3.2140760507004673,0.4314420916416127
0.015,3.216010673782522,0.4309928530743198
0.015,3.2179452968645768,0.43054534492595864
0.015,3.2198799199466315,0.4300995576079596
0.015,3.221814543028686,0.4296554816008954
0.015,3.223749166110741,0.42921310745387325
0.015,3.2256837891927956,0.42877242578393127
0.015,3.2276184122748504,0.4283334272754422
0.015,3.229553035356905,0.4278961026795225
0.015,3.23148765843896,0.42746044281344797
0.015,3.2334222815210145,0.42702643856007577
0.015,3.2353569046030692,0.4265940808672707
0.015,3.237291527685124,0.42616336074733957
0.015,3.2392261507671787,0.42573426927646957
0.015,3.2411607738492334,0.4253067975941737
0.015,3.2430953969312877,0.4248809369027406
0.015,3.2450300200133424,0.4244566784666902
0.015,3.246964643095397,0.42403401361223697
0.015,3.248899266177452,0.423612933726755
0.015,3.2508338892595066,0.4231934302582516
0.015,3.2527685123415613,0.4227754947148445
0.015,3.254703135423616,0.42235911866424464
0.015,3.2566377585056707,0.4219442937332455
0.015,3.2585723815877254,0.4215310116072151
0.015,3.26050700466978,0.42111926402959576
0.015,3.262441627751835,0.4207090428014061
0.015,3.2643762508338896,0.4203003397807512
0.015,3.2663108739159443,0.4198931468823345
0.015,3.2682454969979986,0.41948745607697735
0.015,3.2701801200800533,0.4190832593911411
0.015,3.272114743162108,0.41868054890645556
0.015,3.2740493662441628,0.4182793167592514
0.015,3.2759839893262175,0.417879555140097
0.015,3.277918612408272,0.4174812562933409
0.015,3.279853235490327,0.41708441251665745
0.015,3.2817878585723816,0.4166890161605981
0.015,3.2837224816544364,0.4162950596281464
0.015,3.285657104736491,0.4159025353742781
0.015,3.287591727818546,0.4155114359055244
0.015,3.2895263509006005,0.41512175377954125
0.015,3.2914609739826552,0.4147334816046804
0.015,3.29339559706471,0.4143466120395683
0.015,3.2953302201467647,0.4139611377926849
0.015,3.2972648432288194,0.41357705162194985
0.015,3.299199466310874,0.4131943463343112
0.015,3.301134089392929,0.41281301478533877
0.015,3.3030687124749836,0.4124330498788203
0.015,3.3050033355570383,0.41205444456636414
0.015,3.306937958639093,0.41167719184700213
0.015,3.3088725817211477,0.41130128476679956
0.015,3.3108072048032025,0.4109267164184673
0.015,3.312741827885257,0.4105534799409782
0.015,3.314676450967312,0.41018156851918663
0.015,3.3166110740493666,0.40981097538345257
0.015,3.3185456971314213,0.40944169380926865
0.015,3.320480320213476,0.4090737171168913
0.015,3.3224149432955308,0.40870703867097447
0.015,3.3243495663775855,0.40834165188020816
0.015,3.32628418945964,0.40797755019695986
0.015,3.328218812541695,0.4076147271169185
0.015,3.3301534356237497,0.40725317617874457
0.015,3.3320880587058044,0.4068928909637191
0.015,3.334022681787859,0.40653386509540107
0.015,3.335957304869914,0.4061760922392836
0.015,3.3378919279519685,0.405819566102457
0.015,3.3398265510340233,0.40546428043327226
0.015,3.341761174116078,0.40511022902101
0.015,3.3436957971981323,0.4047574056955504
0.015,3.345630420280187,0.40440580432704776
0.015,3.3475650433622417,0.40405541882560797
0.015,3.3494996664442964,0.40370624314096887
0.015,3.351434289526351,0.4033582712621822
0.015,3.353368912608406,0.4030114972173021
0.015,3.3553035356904606,0.40266591507307214
0.015,3.3572381587725153,0.40232151893461854
0.015,3.35917278185457,0.40197830294514525
0.015,3.3611074049366247,0.40163626128563107
0.015,3.3630420280186795,0.4012953881745314
0.015,3.364976651100734,0.40095567786748026
0.015,3.366911274182789,0.4006171246569984
0.015,3.368845897264843,0.4002797228722003
0.015,3.370780520346898,0.3999434668785074
0.015,3.3727151434289526,0.3996083510773618
0.015,3.3746497665110073,0.39927436990594356
0.015,3.376584389593062,0.3989415178368894
0.015,3.378519012675117,0.3986097893780166
0.015,3.3804536357571715,0.39827917907204596
0.015,3.3823882588392262,0.3979496814963307
0.015,3.384322881921281,0.39762129126258566
0.015,3.3862575050033357,0.3972940030166189
0.015,3.3881921280853904,0.39696781143806786
0.015,3.390126751167445,0.39664271124013606
0.015,3.3920613742495,0.3963186971693318
0.015,3.3939959973315545,0.395995764005212
0.015,3.3959306204136093,0.3956739065601246
0.015,3.397865243495664,0.3953531196789566
0.015,3.3997998665777187,0.39503339823888284
0.015,3.4017344896597734,0.3947147371491172
0.015,3.403669112741828,0.3943971313506659
0.015,3.405603735823883,0.3940805758160833
0.015,3.4075383589059376,0.3937650655492307
0.015,3.4094729819879923,0.39345059558503553
0.015,3.411407605070047,0.3931371609892546
0.015,3.4133422281521018,0.3928247568582375
0.015,3.4152768512341565,0.3925133783186945
0.015,3.417211474316211,0.3922030205274645
0.015,3.419146097398266,0.39189367867128616
0.015,3.4210807204803206,0.3915853479665705
0.015,3.4230153435623754,0.3912780236591764
0.015,3.42494996664443,0.3909717010241866
0.015,3.426884589726485,0.3906663753656877
0.015,3.4288192128085395,0.39036204201655034
0.015,3.4307538358905942,0.39005869633821205
0.015,3.432688458972649,0.3897563337204626
0.015,3.4346230820547037,0.3894549495812301
0.015,3.4365577051367584,0.3891545393663704
0.015,3.438492328218813,0.38885509854945616
0.015,3.440426951300868,0.388556622631571
0.015,3.4423615743829226,0.3882591071411022
0.015,3.444296197464977,0.3879625476335377
0.015,3.4462308205470316,0.38766693969126276
0.015,3.4481654436290863,0.3873722789233611
0.015,3.450100066711141,0.38707856096541465
0.015,3.4520346897931957,0.3867857814793083
0.015,3.4539693128752504,0.38649393615303274
0.015,3.455903935957305,0.38620302070049295
0.015,3.45783855903936,0.385913030861315
0.015,3.4597731821214146,0.3856239624006567
0.015,3.4617078052034693,0.3853358111090193
0.015,3.463642428285524,0.38504857280205995
0.015,3.4655770513675788,0.38476224332040704
0.015,3.4675116744496335,0.38447681852947685
0.015,3.4694462975316878,0.3841922943192913
0.015,3.4713809206137425,0.3839086666042973
0.015,3.473315543695797,0.38362593132318873
0.015,3.475250166777852,0.3833440844387284
0.015,3.4771847898599066,0.3830631219375727
0.015,3.4791194129419614,0.38278303983009715
0.015,3.481054036024016,0.38250383415022465
0.015,3.482988659106071,0.3822255009552526
0.015,3.4849232821881255,0.3819480363256844
0.015,3.4868579052701802,0.38167143636506073
0.015,3.488792528352235,0.38139569719979294
0.015,3.4907271514342897,0.3811208149789974
0.015,3.4926617745163444,0.38084678587433146
0.015,3.494596397598399,0.3805736060798311
0.015,3.496531020680454,0.3803012718117495
0.015,3.4984656437625086,0.3800297793083973
0.015,3.5004002668445633,0.3797591248299844
0.015,3.502334889926618,0.3794893046584621
0.015,3.5042695130086727,0.37922031509736803
0.015,3.5062041360907275,0.3789521524716713
0.015,3.508138759172782,0.37868481312761965
0.015,3.510073382254837,0.37841829343258715
0.015,3.5120080053368916,0.37815258977492394
0.015,3.5139426284189463,0.3778876985638069
0.015,3.515877251501001,0.37762361622909135
0.015,3.5178118745830558,0.37736033922116474
0.015,3.5197464976651105,0.3770978640108002
0.015,3.521681120747165,0.3768361870890131
0.015,3.52361574382922,0.3765753049669177
0.015,3.5255503669112747,0.37631521417558483
0.015,3.5274849899933294,0.3760559112659011
0.015,3.529419613075384,0.37579739280843016
0.015,3.5313542361574384,0.3755396553932733
0.015,3.533288859239493,0.37528269562993244
0.015,3.535223482321548,0.3750265101471746
0.015,3.5371581054036025,0.3747710955928961
0.015,3.5390927284856573,0.3745164486339893
0.015,3.541027351567712,0.3742625659562093
0.015,3.5429619746497667,0.3740094442640429
0.015,3.5448965977318214,0.37375708028057764
0.015,3.546831220813876,0.37350547074737195
0.015,3.548765843895931,0.37325461242432756
0.015,3.5507004669779856,0.3730045020895619
0.015,3.5526350900600403,0.3727551365392809
0.015,3.554569713142095,0.3725065125876551
0.015,3.5565043362241497,0.3722586270666941
0.015,3.5584389593062045,0.3720114768261245
0.015,3.560373582388259,0.3717650587332666
0.015,3.562308205470314,0.37151936967291405
0.015,3.5642428285523686,0.37127440654721294
0.015,3.5661774516344233,0.371030166275543
0.015,3.568112074716478,0.3707866457943991
0.015,3.570046697798533,0.37054384205727386
0.015,3.5719813208805875,0.3703017520345416
0.015,3.5739159439626422,0.3700603727133425
0.015,3.575850567044697,0.3698197010974685
0.015,3.5777851901267517,0.36957973420724943
0.015,3.5797198132088064,0.3693404690794406
0.015,3.5816544362908607,0.36910190276711075
0.015,3.5835890593729154,0.3688640323395317
0.015,3.58552368245497,0.3686268548820677
0.015,3.587458305537025,0.3683903674960675
0.015,3.5893929286190795,0.3681545672987545
0.015,3.5913275517011343,0.36791945142312144
0.015,3.593262174783189,0.3676850170178219
0.015,3.5951967978652437,0.3674512612470668
0.015,3.5971314209472984,0.3672181812905177
0.015,3.599066044029353,0.36698577434318375
0.015,3.601000667111408,0.36675403761531905
0.015,3.6029352901934626,0.3665229683323197
0.015,3.6048699132755173,0.3662925637346226
0.015,3.606804536357572,0.3660628210776046
0.015,3.6087391594396268,0.3658337376314831
0.015,3.6106737825216815,0.3656053106812164
0.015,3.612608405603736,0.3653775375264055
0.015,3.614543028685791,0.36515041548119787
0.015,3.6164776517678456,0.3649239418741885
0.015,3.6184122748499004,0.3646981140483254
0.015,3.620346897931955,0.3644729293608145
0.015,3.62228152101401,0.3642483851830247
0.015,3.6242161440960645,0.364024478900394
0.015,3.6261507671781192,0.3638012079123369
0.015,3.628085390260174,0.36357856963215174
0.015,3.6300200133422287,0.36335656148692974
0.015,3.631954636424283,0.36313518091746416
0.015,3.6338892595063377,0.3629144253781593
0.015,3.6358238825883924,0.3626942923369423
0.015,3.637758505670447,0.3624747792751732
0.015,3.639693128752502,0.3622558836875581
0.015,3.6416277518345566,0.3620376030820612
0.015,3.6435623749166113,0.3618199349798182
0.015,3.645496997998666,0.3616028769150503
0.015,3.6474316210807207,0.3613864264349793
0.015,3.6493662441627754,0.36117058109974226
0.015,3.65130086724483,0.3609553384823081
0.015,3.653235490326885,0.3607406961683938
0.015,3.6551701134089396,0.3605266517563819
0.015,3.6571047364909943,0.36031320285723867
0.015,3.659039359573049,0.3601003470944322
0.015,3.6609739826551038,0.35988808210385204
0.015,3.6629086057371585,0.3596764055337285
0.015,3.664843228819213,0.3594653150445534
0.015,3.666777851901268,0.35925480830900125
0.015,3.6687124749833226,0.3590448830118507
0.015,3.6706470980653774,0.3588355368499063
0.015,3.672581721147432,0.35862676753192246
0.015,3.674516344229487,0.35841857277852546
0.015,3.6764509673115415,0.3582109503221389
0.015,3.6783855903935962,0.35800389790690684
0.015,3.680320213475651,0.3577974132886203
0.015,3.6822548365577052,0.3575914942346417
0.015,3.68418945963976,0.35738613852383233
0.015,3.6861240827218147,0.35718134394647844
0.015,3.6880587058038694,0.35697710830421836
0.015,3.689993328885924,0.3567734294099714
0.015,3.691927951967979,0.3565703050878658
0.015,3.6938625750500336,0.3563677331731677
0.015,3.6957971981320883,0.3561657115122104
0.015,3.697731821214143,0.355964237962325
0.015,3.6996664442961977,0.355763310391771
0.015,3.7016010673782525,0.355562926679667
0.015,3.703535690460307,0.3553630847159225
0.015,3.705470313542362,0.3551637824011704
0.015,3.7074049366244166,0.3549650176466991
0.015,3.7093395597064713,0.3547667883743859
0.015,3.711274182788526,0.35456909251663105
0.015,3.7132088058705808,0.3543719280162911
0.015,3.7151434289526355,0.35417529282661403
0.015,3.71707805203469,0.35397918491117464
0.015,3.719012675116745,0.3537836022438096
0.015,3.7209472981987997,0.35358854280855406
0.015,3.7228819212808544,0.3533940045995773
0.015,3.724816544362909,0.353199985621121
0.015,3.726751167444964,0.3530064838874361
0.015,3.7286857905270185,0.3528134974227202
0.015,3.7306204136090733,0.35262102426105735
0.015,3.7325550366911275,0.3524290624463553
0.015,3.7344896597731823,0.3522376100322863
0.015,3.736424282855237,0.35204666508222565
0.015,3.7383589059372917,0.3518562256691929
0.015,3.7402935290193464,0.3516662898757914
0.015,3.742228152101401,0.3514768557941508
0.015,3.744162775183456,0.35128792152586685
0.015,3.7460973982655106,0.35109948518194495
0.015,3.7480320213475653,0.35091154488274134
0.015,3.74996664442962,0.3507240987579064
0.015,3.7519012675116747,0.3505371449463277
0.015,3.7538358905937295,0.3503506815960741
0.015,3.755770513675784,0.3501647068643383
0.015,3.757705136757839,0.34997921891738326
0.015,3.7596397598398936,0.34979421593048554
0.015,3.7615743829219483,0.34960969608788095
0.015,3.763509006004003,0.3494256575827103
0.015,3.765443629086058,0.34924209861696537
0.015,3.7673782521681125,0.34905901740143536
0.015,3.7693128752501672,0.3488764121556531
0.015,3.771247498332222,0.34869428110784323
0.015,3.7731821214142767,0.3485126224948687
0.015,3.7751167444963314,0.34833143456217963
0.015,3.777051367578386,0.3481507155637606
0.015,3.778985990660441,0.3479704637620804
0.015,3.7809206137424956,0.3477906774280401
0.015,3.78285523682455,0.34761135484092337
0.015,3.7847898599066045,0.34743249428834516
0.015,3.7867244829886593,0.34725409406620245
0.015,3.788659106070714,0.3470761524786251
0.015,3.7905937291527687,0.346898667837926
0.015,3.7925283522348234,0.34672163846455206
0.015,3.794462975316878,0.3465450626870368
0.015,3.796397598398933,0.34636893884195097
0.015,3.7983322214809876,0.3461932652738556
0.015,3.8002668445630423,0.3460180403352542
0.015,3.802201467645097,0.34584326238654584
0.015,3.8041360907271518,0.34566892979597774
0.015,3.8060707138092065,0.3454950409395999
0.015,3.808005336891261,0.34532159420121794
0.015,3.809939959973316,0.34514858797234754
0.015,3.8118745830553706,0.3449760206521696
0.015,3.8138092061374254,0.34480389064748407
0.015,3.81574382921948,0.34463219637266596
0.015,3.817678452301535,0.3444609362496199
0.015,3.8196130753835895,0.34429010870773735
0.015,3.8215476984656442,0.3441197121838506
0.015,3.823482321547699,0.34394974512219145
0.015,3.8254169446297537,0.3437802059743458
0.015,3.8273515677118084,0.3436110931992123
0.015,3.829286190793863,0.34344240526295866
0.015,3.831220813875918,0.34327414063897965
0.015,3.833155436957972,0.3431062978078547
0.015,3.835090060040027,0.34293887525730626
0.015,3.8370246831220816,0.3427718714821585
0.015,3.8389593062041363,0.3426052849842953
0.015,3.840893929286191,0.34243911427262036
0.015,3.8428285523682457,0.342273357863016
0.015,3.8447631754503004,0.34210801427830156
0.015,3.846697798532355,0.3419430820481959
0.015,3.84863242161441,0.3417785597092753
0.015,3.8505670446964646,0.34161444580493444
0.015,3.8525016677785193,0.3414507388853484
0.015,3.854436290860574,0.3412874375074311
0.015,3.8563709139426288,0.3411245402347991
0.015,3.8583055370246835,0.3409620456377314
0.015,3.860240160106738,0.34079995229313215
0.015,3.862174783188793,0.340638258784492
0.015,3.8641094062708476,0.34047696370185093
0.015,3.8660440293529024,0.3403160656417604
0.015,3.867978652434957,0.3401555632072465
0.015,3.869913275517012,0.3399954550077725
0.015,3.8718478985990665,0.33983573965920294
0.015,3.8737825216811212,0.33967641578376606
0.015,3.875717144763176,0.3395174820100187
0.015,3.8776517678452307,0.3393589369728098
0.015,3.8795863909272854,0.3392007793132445
0.015,3.88152101400934,0.3390430076786492
0.015,3.8834556370913944,0.338885620722536
0.015,3.885390260173449,0.3387286171045674
0.015,3.887324883255504,0.3385719954905226
0.015,3.8892595063375586,0.3384157545522616
0.015,3.8911941294196133,0.3382598929676917
0.015,3.893128752501668,0.33810440942073344
0.015,3.8950633755837227,0.3379493026012865
0.015,3.8969979986657775,0.3377945712051963
0.015,3.898932621747832,0.3376402139342205
0.015,3.900867244829887,0.33748622949599555
0.015,3.9028018679119416,0.3373326166040046
0.015,3.9047364909939963,0.33717937397754383
0.015,3.906671114076051,0.33702650034169024
0.015,3.9086057371581058,0.33687399442727
0.015,3.9105403602401605,0.33672185497082524
0.015,3.912474983322215,0.33657008071458294
0.015,3.91440960640427,0.3364186704064237
0.015,3.9163442294863247,0.3362676227998488
0.015,3.9182788525683794,0.3361169366539507
0.015,3.920213475650434,0.3359666107333806
0.015,3.922148098732489,0.33581664380831866
0.015,3.9240827218145435,0.33566703465444286
0.015,3.9260173448965983,0.3355177820528985
0.015,3.927951967978653,0.33536888479026844
0.015,3.9298865910607077,0.33522034165854264
0.015,3.9318212141427624,0.33507215145508845
0.015,3.9337558372248167,0.33492431298262143
0.015,3.9356904603068714,0.3347768250491749
0.015,3.937625083388926,0.33462968646807206
0.015,3.939559706470981,0.3344828960578957
0.015,3.9414943295530356,0.33433645264246015
0.015,3.9434289526350903,0.3341903550507822
0.015,3.945363575717145,0.33404460211705284
0.015,3.9472981987991997,0.3338991926806089
0.015,3.9492328218812545,0.333754125585905
0.015,3.951167444963309,0.3336093996824854
0.015,3.953102068045364,0.3334650138249566
0.015,3.9550366911274186,0.3333209668729592
0.015,3.9569713142094733,0.3331772576911413
0.015,3.958905937291528,0.33303388514913096
0.015,3.960840560373583,0.33289084812150876
0.015,3.9627751834556375,0.3327481454877813
0.015,3.9647098065376922,0.33260577613235465
0.015,3.966644429619747,0.3324637389445078
0.015,3.9685790527018017,0.3323220328183659
0.015,3.9705136757838564,0.33218065665287483
0.015,3.972448298865911,0.33203960935177407
0.015,3.974382921947966,0.3318988898235721
0.015,3.9763175450300206,0.33175849698152
0.015,3.9782521681120753,0.33161842974358624
0.015,3.98018679119413,0.3314786870324311
0.015,3.9821214142761847,0.33133926777538153
0.015,3.984056037358239,0.33120017090440645
0.015,3.9859906604402937,0.3310613953560914
0.015,3.9879252835223484,0.3309229400716143
0.015,3.989859906604403,0.33078480399672033
0.015,3.991794529686458,0.33064698608169835
0.015,3.9937291527685126,0.330509485281356
0.015,3.9956637758505673,0.33037230055499583
0.015,3.997598398932622,0.3302354308663915
0.015,3.9995330220146768,0.33009887518376363
0.015,4.0014676450967315,0.3299626324797567
0.015,4.003402268178786,0.3298267017314153
0.015,4.005336891260841,0.32969108192016067
0.015,4.007271514342896,0.32955577203176767
0.015,4.00920613742495,0.3294207710563418
0.015,4.011140760507005,0.32928607798829646
0.015,4.01307538358906,0.3291516918263293
0.015,4.0150100066711145,0.3290176115734015
0.015,4.016944629753169,0.32888383623671297
0.015,4.018879252835224,0.3287503648276818
0.015,4.020813875917279,0.3286171963619213
0.015,4.022748498999333,0.3284843298592183
0.015,4.024683122081388,0.32835176434351077
0.015,4.026617745163443,0.32821949884286694
0.015,4.028552368245498,0.32808753238946226
0.015,4.030486991327552,0.3279558640195594
0.015,4.032421614409607,0.3278244927734863
0.015,4.034356237491661,0.32769341769561455
0.015,4.036290860573716,0.3275626378343385
0.015,4.03822548365577,0.32743215224205485
0.015,4.040160106737826,0.32730195997514117
0.015,4.04209472981988,0.32717206009393557
0.015,4.044029352901935,0.32704245166271556
0.015,4.045963975983989,0.32691313374967856
0.015,4.047898599066045,0.3267841054269207
0.015,4.049833222148099,0.3266553657704172
0.015,4.051767845230154,0.3265269138600017
0.015,4.053702468312208,0.326398748779347
0.015,4.055637091394264,0.3262708696159446
0.015,4.0575717144763175,0.3261432754610858
0.015,4.059506337558373,0.32601596540984085
0.015,4.061440960640427,0.32588893856104106
0.015,4.0633755837224825,0.3257621940172581
0.015,4.065310206804536,0.3256357308847857
0.015,4.067244829886592,0.3255095482736197
0.015,4.069179452968646,0.3253836452974401
0.015,4.071114076050701,0.3252580210735912
0.015,4.073048699132755,0.3251326747230635
0.015,4.074983322214811,0.32500760537047463
0.015,4.076917945296865,0.3248828121440511
0.015,4.07885256837892,0.3247582941756097
0.015,4.080787191460974,0.32463405060053974
0.015,4.08272181454303,0.3245100805577836
0.015,4.084656437625084,0.32438638318982027
0.015,4.086591060707138,0.3242629576426458
0.015,4.088525683789193,0.32413980306575674
0.015,4.090460306871248,0.32401691861213167
0.015,4.0923949299533025,0.3238943034382137
0.015,4.094329553035357,0.3237719567038927
0.015,4.096264176117412,0.3236498775724886
0.015,4.098198799199467,0.323528065210733
0.015,4.100133422281521,0.323406518788753
0.015,4.102068045363576,0.3232852374800531
0.015,4.104002668445631,0.32316422046149923
0.015,4.1059372915276855,0.32304346691330077
0.015,4.10787191460974,0.3229229760189943
0.015,4.109806537691795,0.3228027469654268
0.015,4.11174116077385,0.32268277894273933
0.015,4.113675783855904,0.32256307114434984
0.015,4.115610406937959,0.3224436227669372
0.015,4.117545030020014,0.3223244330104251
0.015,4.1194796531020685,0.3222055010779652
0.015,4.121414276184123,0.3220868261759215
0.015,4.123348899266178,0.3219684075138539
0.015,4.125283522348233,0.3218502443045029
0.015,4.127218145430287,0.321732335763773
0.015,4.129152768512342,0.3216146811107176
0.015,4.131087391594397,0.321497279567523
0.015,4.133022014676452,0.3213801303594926
0.015,4.134956637758506,0.3212632327150323
0.015,4.13689126084056,0.32114658586563416
0.015,4.138825883922616,0.3210301890458616
0.015,4.14076050700467,0.32091404149333413
0.015,4.142695130086725,0.32079814244871224
0.015,4.144629753168779,0.3206824911556825
0.015,4.146564376250835,0.3205670868609422
0.015,4.1484989993328885,0.3204519288141851
0.015,4.150433622414944,0.32033701626808636
0.015,4.152368245496998,0.32022234847828773
0.015,4.1543028685790535,0.32010792470338323
0.015,4.156237491661107,0.3199937442049048
0.015,4.158172114743163,0.31987980624730716
0.015,4.160106737825217,0.31976611009795464
0.015,4.162041360907272,0.31965265502710544
0.015,4.163975983989326,0.3195394403078991
0.015,4.165910607071382,0.31942646521634127
0.015,4.167845230153436,0.3193137290312899
0.015,4.169779853235491,0.3192012310344418
0.015,4.171714476317545,0.31908897051031865
0.015,4.173649099399601,0.3189769467462525
0.015,4.1755837224816545,0.31886515903237334
0.015,4.17751834556371,0.3187536066615942
0.015,4.179452968645764,0.3186422889295991
0.015,4.18138759172782,0.3185312051348281
0.015,4.183322214809873,0.31842035457846535
0.015,4.185256837891928,0.3183097365644242
0.015,4.187191460973983,0.3181993503993356
0.015,4.189126084056038,0.3180891953925343
0.015,4.191060707138092,0.3179792708560453
0.015,4.192995330220147,0.31786957610457184
0.015,4.194929953302202,0.3177601104554817
0.015,4.1968645763842565,0.31765087322879465
0.015,4.198799199466311,0.31754186374717
0.015,4.200733822548366,0.31743308133589326
0.015,4.202668445630421,0.3173245253228643
0.015,4.204603068712475,0.3172161950385841
0.015,4.20653769179453,0.31710808981614264
0.015,4.208472314876585,0.3170002089912067
0.015,4.2104069379586395,0.31689255190200705
0.015,4.212341561040694,0.31678511788932656
0.015,4.214276184122749,0.31667790629648773
0.015,4.216210807204804,0.31657091646934093
0.015,4.218145430286858,0.3164641477562522
0.015,4.220080053368913,0.3163575995080913
0.015,4.222014676450968,0.3162512710782192
0.015,4.223949299533023,0.31614516182247754
0.015,4.225883922615077,0.31603927109917557
0.015,4.227818545697132,0.3159335982690791
0.015,4.229753168779187,0.3158281426953989
0.015,4.231687791861241,0.31572290374377854
0.015,4.233622414943296,0.31561788078228387
0.015,4.23555703802535,0.31551307318139055
0.015,4.237491661107406,0.31540848031397295
0.015,4.239426284189459,0.31530410155529376
0.015,4.241360907271515,0.3151999362829909
0.015,4.243295530353569,0.31509598387706844
0.015,4.2452301534356245,0.3149922437198837
0.015,4.247164776517678,0.3148887151961373
0.015,4.249099399599734,0.3147853976928614
0.015,4.251034022681788,0.31468229059940966
0.015,4.252968645763843,0.3145793933074453
0.015,4.254903268845897,0.314476705210931
0.015,4.256837891927953,0.31437422570611806
0.015,4.258772515010007,0.31427195419153564
0.015,4.260707138092062,0.31416989006797946
0.015,4.262641761174116,0.3140680327385029
0.015,4.264576384256172,0.3139663816084043
0.015,4.2665110073382255,0.3138649360852185
0.015,4.268445630420281,0.3137636955787048
0.015,4.270380253502335,0.3136626595008379
0.015,4.272314876584391,0.3135618272657967
0.015,4.274249499666444,0.3134611982899546
0.015,4.2761841227485,0.3133607719918691
0.015,4.278118745830554,0.31326054779227186
0.015,4.2800533689126095,0.31316052511405823
0.015,4.281987991994663,0.3130607033822779
0.015,4.283922615076718,0.31296108202412415
0.015,4.285857238158773,0.3128616604689246
0.015,4.2877918612408275,0.3127624381481311
0.015,4.289726484322882,0.31266341449531004
0.015,4.291661107404937,0.3125645889461324
0.015,4.293595730486992,0.31246596093836426
0.015,4.295530353569046,0.3123675299118573
0.015,4.297464976651101,0.31226929530853864
0.015,4.299399599733156,0.3121712565724021
0.015,4.3013342228152105,0.3120734131494982
0.015,4.303268845897265,0.3119757644879249
0.015,4.30520346897932,0.3118783100378183
0.015,4.307138092061375,0.31178104925134315
0.015,4.309072715143429,0.31168398158268346
0.015,4.311007338225484,0.311587106488034
0.015,4.312941961307539,0.31149042342559036
0.015,4.3148765843895935,0.31139393185554
0.015,4.316811207471648,0.3112976312400535
0.015,4.318745830553703,0.31120152104327503
0.015,4.320680453635758,0.31110560073131416
0.015,4.322615076717812,0.3110098697722359
0.015,4.324549699799867,0.3109143276360528
0.015,4.326484322881922,0.3108189737947157
0.015,4.328418945963977,0.3107238077221046
0.015,4.330353569046031,0.3106288288940207
0.015,4.332288192128086,0.31053403678817715
0.015,4.33422281521014,0.31043943088419057
0.015,4.3361574382921955,0.3103450106635724
0.015,4.338092061374249,0.3102507756097207
0.015,4.340026684456305,0.3101567252079111
0.015,4.341961307538359,0.3100628589452889
0.015,4.343895930620414,0.3099691763108599
0.015,4.345830553702468,0.30987567679548333
0.015,4.347765176784524,0.3097823598918619
0.015,4.349699799866578,0.309689225094535
0.015,4.351634422948633,0.30959627189986955
0.015,4.353569046030687,0.309503499806052
0.015,4.355503669112743,0.30941090831308055
0.015,4.3574382921947965,0.30931849692275704
0.015,4.359372915276852,0.3092262651386778
0.015,4.361307538358906,0.3091342124662274
0.015,4.3632421614409616,0.30904233841256923
0.015,4.365176784523015,0.30895064248663845
0.015,4.367111407605071,0.30885912419913364
0.015,4.369046030687125,0.3087677830625091
0.015,4.37098065376918,0.3086766185909671
0.015,4.372915276851234,0.3085856303004501
0.015,4.37484989993329,0.30849481770863296
0.015,4.376784523015344,0.30840418033491523
0.015,4.378719146097399,0.3083137177004137
0.015,4.380653769179453,0.30822342932795493
0.015,4.382588392261509,0.308133314742067
0.015,4.384523015343563,0.3080433734689729
0.015,4.386457638425617,0.3079536050365822
0.015,4.388392261507672,0.30786400897448435
0.015,4.390326884589727,0.307774584813941
0.015,4.3922615076717815,0.3076853320878783
0.015,4.394196130753836,0.30759625033088017
0.015,4.396130753835891,0.3075073390791805
0.015,4.398065376917946,0.30741859787065634
0.015,4.4,0.3073300262448204
0.02,1.5,0.2491864494575897
0.02,1.5019346230820547,0.2501815903027545
0.02,1.5038692461641094,0.2511822529485976
0.02,1.5058038692461642,0.2521884750134653
0.02,1.5077384923282189,0.25320029444129616
0.02,1.5096731154102736,0.2542177495063412
0.02,1.5116077384923283,0.25524087881791546
0.02,1.5135423615743828,0.25626972132517795
0.02,1.5154769846564375,0.2573043163219483
0.02,1.5174116077384923,0.25834470345155236
0.02,1.519346230820547,0.259390922711706
0.02,1.5212808539026017,0.2604430144594322
0.02,1.5232154769846564,0.26150101941601533
0.02,1.5251501000667111,0.26256497867199313
0.02,1.5270847231487659,0.26363493369218655
0.02,1.5290193462308206,0.2647109263207708
0.02,1.5309539693128753,0.2657929987863843
0.02,1.53288859239493,0.266881193707283
0.02,1.5348232154769847,0.2679755540965338
0.02,1.5367578385590395,0.26907612336725506
0.02,1.538692461641094,0.27018294533790016
0.02,1.5406270847231487,0.27129606423758745
0.02,1.5425617078052034,0.27241552471147895
0.02,1.5444963308872581,0.27354137182620414
0.02,1.5464309539693128,0.2746736510753368
0.02,1.5483655770513676,0.27581240838492027
0.02,1.5503002001334223,0.2769576901190452
0.02,1.552234823215477,0.27810954308547864
0.02,1.5541694462975317,0.27926801454135053
0.02,1.5561040693795865,0.2804331521988915
0.02,1.5580386924616412,0.28160500423122875
0.02,1.559973315543696,0.2827836192782414
0.02,1.5619079386257506,0.28396904645246956
0.02,1.5638425617078051,0.2851613353450887
0.02,1.5657771847898598,0.28636053603194195
0.02,1.5677118078719146,0.2875666990796344
0.02,1.5696464309539693,0.28877987555169415
0.02,1.571581054036024,0.2900001170147934
0.02,1.5735156771180787,0.29122747554504025
0.02,1.5754503002001334,0.292462003734334
0.02,1.5773849232821882,0.2937037546967913
0.02,1.5793195463642429,0.29495278207523973
0.02,1.5812541694462976,0.2962091400477868
0.02,1.5831887925283523,0.29747288333445465
0.02,1.585123415610407,0.29874406720389357
0.02,1.5870580386924615,0.3000227474801696
0.02,1.5889926617745163,0.3013089805496255
0.02,1.590927284856571,0.3026028233678224
0.02,1.5928619079386257,0.30390433346655754
0.02,1.5947965310206804,0.30521356896096496
0.02,1.5967311541027351,0.3065305885566952
0.02,1.5986657771847899,0.3078554515571783
0.02,1.6006004002668446,0.30918821787097284
0.02,1.6025350233488993,0.31052894801919734
0.02,1.604469646430954,0.31187770314305163
0.02,1.6064042695130087,0.31323454501142334
0.02,1.6083388925950635,0.31459953602858803
0.02,1.6102735156771182,0.31597273924199565
0.02,1.612208138759173,0.3173542183501535
0.02,1.6141427618412274,0.3187440377106009
0.02,1.6160773849232821,0.3201422623479796
0.02,1.6180120080053368,0.3215489579622013
0.02,1.6199466310873916,0.3229641909367122
0.02,1.6218812541694463,0.32438802834685876
0.02,1.623815877251501,0.32582053796835353
0.02,1.6257505003335557,0.32726178828584324
0.02,1.6276851234156104,0.3287118485015811
0.02,1.6296197464976652,0.3301707885442058
0.02,1.6315543695797199,0.3316386790776251
0.02,1.6334889926617746,0.3331155915100095
0.02,1.6354236157438293,0.3346015980028962
0.02,1.6373582388258838,0.3360967714804013
0.02,1.6392928619079385,0.33760118563855107
0.02,1.6412274849899933,0.33911491495472007
0.02,1.643162108072048,0.3406380346971902
0.02,1.6450967311541027,0.342170620934828
0.02,1.6470313542361574,0.34371275054687495
0.02,1.6489659773182122,0.34526450123286584
0.02,1.6509006004002669,0.34682595152266316
0.02,1.6528352234823216,0.34839718078661885
0.02,1.6547698465643763,0.3499782692458574
0.02,1.656704469646431,0.3515692979826915
0.02,1.6586390927284858,0.3531703489511576
0.02,1.6605737158105405,0.3547815049876885
0.02,1.6625083388925952,0.35640284982191445
0.02,1.66444296197465,0.35803446808759337
0.02,1.6663775850567044,0.3596764453336831
0.02,1.6683122081387591,0.3613288680355411
0.02,1.6702468312208139,0.362991823606267
0.02,1.6721814543028686,0.3646654004081815
0.02,1.6741160773849233,0.36634968776444526
0.02,1.676050700466978,0.36804477597082164
0.02,1.6779853235490327,0.36975075630757975
0.02,1.6799199466310875,0.37146772105154346
0.02,1.6818545697131422,0.3731957634882869
0.02,1.683789192795197,0.37493497792447783
0.02,1.6857238158772516,0.37668545970036615
0.02,1.6876584389593061,0.3784473052024284
0.02,1.6895930620413608,0.38022061187616024
0.02,1.6915276851234156,0.38200547823902054
0.02,1.6934623082054703,0.38380200389353547
0.02,1.695396931287525,0.3856102895405507
0.02,1.6973315543695797,0.38743043699264723
0.02,1.6992661774516344,0.38926254918771
0.02,1.7012008005336892,0.39110673020266
0.02,1.7031354236157439,0.39296308526734247
0.02,1.7050700466977986,0.3948317207785808
0.02,1.7070046697798533,0.3967127443143908
0.02,1.708939292861908,0.39860626464835697
0.02,1.7108739159439628,0.4005123917641777
0.02,1.7128085390260175,0.40243123687037113
0.02,1.714743162108072,0.40436291241515177
0.02,1.7166777851901267,0.40630753210147075
0.02,1.7186124082721814,0.408265210902224
0.02,1.7205470313542361,0.4102360650756336
0.02,1.7224816544362909,0.41222021218079175
0.02,1.7244162775183456,0.4142177710933782
0.02,1.7263509006004003,0.4162288620215485
0.02,1.728285523682455,0.4182536065219891
0.02,1.7302201467645097,0.4202921275161452
0.02,1.7321547698465645,0.4223445493066214
0.02,1.7340893929286192,0.42441099759374806
0.02,1.736024016010674,0.42649159949232257
0.02,1.7379586390927284,0.42858648354852125
0.02,1.7398932621747831,0.43069577975697726
0.02,1.7418278852568378,0.43281961957803466
0.02,1.7437625083388926,0.43495813595516375
0.02,1.7456971314209473,0.43711146333255324
0.02,1.747631754503002,0.4392797376728646
0.02,1.7495663775850567,0.4414630964751522
0.02,1.7515010006671115,0.44366167879295465
0.02,1.7534356237491662,0.4458756252525435
0.02,1.755370246831221,0.4481050780713377
0.02,1.7573048699132756,0.45035018107647656
0.02,1.7592394929953303,0.4526110797235554
0.02,1.761174116077385,0.45488792111551024
0.02,1.7631087391594398,0.45718085402166386
0.02,1.7650433622414945,0.4594900288969168
0.02,1.766977985323549,0.4618155979010889
0.02,1.7689126084056037,0.4641577149184095
0.02,1.7708472314876584,0.46651653557713907
0.02,1.7727818545697132,0.46889221726933805
0.02,1.7747164776517679,0.47128491917076437
0.02,1.7766511007338226,0.4736948022608998
0.02,1.7785857238158773,0.47612202934309983
0.02,1.780520346897932,0.4785667650648641
0.02,1.7824549699799868,0.4810291759382201
0.02,1.7843895930620415,0.48350943036020905
0.02,1.786324216144096,0.48600769863348
0.02,1.7882588392261507,0.4885241529869697
0.02,1.7901934623082054,0.49105896759667783
0.02,1.7921280853902601,0.49361231860651006
0.02,1.7940627084723149,0.4961843841492005
0.02,1.7959973315543696,0.4987753443672934
0.02,1.7979319546364243,0.5013853814341717
0.02,1.799866577718479,0.5040146795751339
0.02,1.8018012008005337,0.5066634250884987
0.02,1.8037358238825885,0.509331806366732
0.02,1.8056704469646432,0.5120200139175755
0.02,1.807605070046698,0.5147282403851835
0.02,1.8095396931287526,0.517456680571225
0.02,1.8114743162108073,0.5202055314559664
0.02,1.813408939292862,0.5229749922193039
0.02,1.8153435623749168,0.5257652642617262
0.02,1.8172781854569713,0.5285765512252081
0.02,1.819212808539026,0.5314090590139958
0.02,1.8211474316210807,0.5342629958152838
0.02,1.8230820547031354,0.5371385721197521
0.02,1.8250166777851902,0.5400360007419467
0.02,1.8269513008672449,0.5429554968404836
0.02,1.8288859239492996,0.5458972779380503
0.02,1.8308205470313543,0.5488615639411805
0.02,1.832755170113409,0.5518485771597771
0.02,1.8346897931954638,0.5548585423263639
0.02,1.8366244162775183,0.5578916866150186
0.02,1.838559039359573,0.5609482396599835
0.02,1.8404936624416277,0.5640284335738982
0.02,1.8424282855236824,0.5671325029656389
0.02,1.8443629086057372,0.5702606849577231
0.02,1.8462975316877919,0.5734132192032397
0.02,1.8482321547698466,0.5765903479022771
0.02,1.8501667778519013,0.5797923158177981
0.02,1.852101400933956,0.5830193702909302
0.02,1.8540360240160108,0.5862717612556156
0.02,1.8559706470980655,0.5895497412525901
0.02,1.8579052701801202,0.5928535654426292
0.02,1.859839893262175,0.5961834916190161
0.02,1.8617745163442296,0.5995397802191857
0.02,1.8637091394262844,0.6029226943354707
0.02,1.865643762508339,0.6063324997249186
0.02,1.8675783855903936,0.609769464818089
0.02,1.8695130086724483,0.6132338607267938
0.02,1.871447631754503,0.6167259612507001
0.02,1.8733822548365577,0.6202460428827217
0.02,1.8753168779186125,0.6237943848131439
0.02,1.8772515010006672,0.6273712689323875
0.02,1.879186124082722,0.6309769798323422
0.02,1.8811207471647766,0.6346118048061815
0.02,1.8830553702468313,0.6382760338465805
0.02,1.884989993328886,0.6419699596422256
0.02,1.8869246164109406,0.6456938775725486
0.02,1.8888592394929953,0.6494480857005666
0.02,1.89079386257505,0.6532328847637193
0.02,1.8927284856571047,0.6570485781626223
0.02,1.8946631087391594,0.6608954719475862
0.02,1.8965977318212142,0.6647738748028197
0.02,1.8985323549032689,0.6686840980281616
0.02,1.9004669779853236,0.6726264555182361
0.02,1.9024016010673783,0.676601263738885
0.02,1.904336224149433,0.6806088417007399
0.02,1.9062708472314878,0.6846495109297867
0.02,1.9082054703135425,0.6887235954347708
0.02,1.9101400933955972,0.69283142167129
0.02,1.912074716477652,0.6969733185023919
0.02,1.9140093395597066,0.7011496171555305
0.02,1.9159439626417614,0.7053606511756696
0.02,1.9178785857238159,0.7096067563743736
0.02,1.9198132088058706,0.7138882707746839
0.02,1.9217478318879253,0.718205534551554
0.02,1.92368245496998,0.7225588899676729
0.02,1.9256170780520347,0.7269486813044228
0.02,1.9275517011340895,0.7313752547877577
0.02,1.9294863242161442,0.7358389585087624
0.02,1.931420947298199,0.7403401423386455
0.02,1.9333555703802536,0.7448791578379039
0.02,1.9352901934623084,0.7494563581593967
0.02,1.9372248165443628,0.7540720979450546
0.02,1.9391594396264176,0.7587267332159224
0.02,1.9410940627084723,0.7634206212552519
0.02,1.943028685790527,0.7681541204843207
0.02,1.9449633088725817,0.7729275903306666
0.02,1.9468979319546365,0.777741391088396
0.02,1.9488325550366912,0.7825958837702149
0.02,1.950767178118746,0.7874914299508413
0.02,1.9527018012008006,0.792428391601405
0.02,1.9546364242828553,0.7974071309144658
0.02,1.95657104736491,0.8024280101192426
0.02,1.9585056704469648,0.8074913912866485
0.02,1.9604402935290195,0.812597636123692
0.02,1.9623749166110742,0.8177471057568194
0.02,1.964309539693129,0.8229401605037382
0.02,1.9662441627751837,0.8281771596332321
0.02,1.9681787858572382,0.8334584611125214
0.02,1.9701134089392929,0.8387844213416247
0.02,1.9720480320213476,0.8441553948742386
0.02,1.9739826551034023,0.8495717341245875
0.02,1.975917278185457,0.8550337890596975
0.02,1.9778519012675118,0.8605419068765424
0.02,1.9797865243495665,0.8660964316634671
0.02,1.9817211474316212,0.8716977040453069
0.02,1.983655770513676,0.877346060811581
0.02,1.9855903935957306,0.8830418345271598
0.02,1.9875250166777851,0.8887853531247195
0.02,1.9894596397598399,0.8945769394783895
0.02,1.9913942628418946,0.9004169109578588
0.02,1.9933288859239493,0.906305578962308
0.02,1.995263509006004,0.9122432484334471
0.02,1.9971981320880587,0.9182302173469343
0.02,1.9991327551701135,0.9242667761814897
0.02,2.001067378252168,0.9303532073649311
0.02,2.003002001334223,0.9364897846964103
0.02,2.0049366244162776,0.9426767727440843
0.02,2.0068712474983323,0.9489144262174681
0.02,2.008805870580387,0.9552029893136886
0.02,2.010740493662442,0.9615426950368744
0.02,2.0126751167444965,0.9679337644899042
0.02,2.0146097398265512,0.9743764061377208
0.02,2.016544362908606,0.9808708150414642
0.02,2.0184789859906607,0.9874171720626084
0.02,2.0204136090727154,0.9940156430363736
0.02,2.02234823215477,1.0006663779136296
0.02,2.024282855236825,1.0073695098705508
0.02,2.0262174783188796,1.0141251543853023
0.02,2.0281521014009343,1.0209334082810266
0.02,2.030086724482989,1.0277943487344672
0.02,2.0320213475650437,1.0347080322495428
0.02,2.033955970647098,1.0416744935952869
0.02,2.0358905937291527,1.0486937447075189
0.02,2.0378252168112074,1.0557657735537371
0.02,2.039759839893262,1.0628905429607376
0.02,2.041694462975317,1.0700679894045022
0.02,2.0436290860573716,1.0772980217620218
0.02,2.0455637091394263,1.0845805200247036
0.02,2.047498332221481,1.0919153339731924
0.02,2.0494329553035358,1.0993022818134368
0.02,2.0513675783855905,1.106741148773966
0.02,2.053302201467645,1.114231685664469
0.02,2.0552368245497,1.1217736073958258
0.02,2.0571714476317546,1.1293665914619253
0.02,2.0591060707138094,1.137010276383697
0.02,2.061040693795864,1.1447042601159811
0.02,2.062975316877919,1.1524480984179428
0.02,2.0649099399599735,1.160241303188024
0.02,2.0668445630420282,1.1680833407644822
0.02,2.068779186124083,1.1759736301928818
0.02,2.0707138092061372,1.1839115414620482
0.02,2.072648432288192,1.1918963937102234
0.02,2.0745830553702467,1.199927453403458
0.02,2.0765176784523014,1.2080039324884662
0.02,2.078452301534356,1.2161249865224946
0.02,2.080386924616411,1.2242897127830141
0.02,2.0823215476984656,1.2324971483603586
0.02,2.0842561707805203,1.2407462682367596
0.02,2.086190793862575,1.2490359833555442
0.02,2.0881254169446297,1.2573651386846443
0.02,2.0900600400266844,1.2657325112788818
0.02,2.091994663108739,1.2741368083459421
0.02,2.093929286190794,1.2825766653212618
0.02,2.0958639092728486,1.2910506439575298
0.02,2.0977985323549033,1.2995572304348997
0.02,2.099733155436958,1.308094833498393
0.02,2.1016677785190128,1.316661782629498
0.02,2.1036024016010675,1.325256326259332
0.02,2.105537024683122,1.3338766300312286
0.02,2.107471647765177,1.3425207751210486
0.02,2.1094062708472316,1.3511867566239975
0.02,2.1113408939292864,1.3598724820170904
0.02,2.113275517011341,1.3685757697070065
0.02,2.115210140093396,1.3772943476733412
0.02,2.1171447631754505,1.386025852217807
0.02,2.1190793862575052,1.3947678268303076
0.02,2.12101400933956,1.4035177211831393
0.02,2.1229486324216147,1.4122728902650388
0.02,2.1248832555036694,1.4210305936670133
0.02,2.126817878585724,1.4297879950322523
0.02,2.128752501667779,1.4385421616826357
0.02,2.1306871247498336,1.4472900644345659
0.02,2.1326217478318883,1.4560285776169688
0.02,2.1345563709139426,1.4647544793044314
0.02,2.1364909939959973,1.4734644517784505
0.02,2.138425617078052,1.482155082229629
0.02,2.1403602401601067,1.4908228637136878
0.02,2.1422948632421615,1.499464196373752
0.02,2.144229486324216,1.5080753889411658
0.02,2.146164109406271,1.5166526605266517
0.02,2.1480987324883256,1.5251921427130495
0.02,2.1500333555703803,1.533689881960341
0.02,2.151967978652435,1.5421418423328097
0.02,2.1539026017344898,1.5505439085573856
0.02,2.1558372248165445,1.5588918894212096
0.02,2.157771847898599,1.567181521515347
0.02,2.159706470980654,1.575408473330305
0.02,2.1616410940627087,1.5835683497076873
0.02,2.1635757171447634,1.59165669665079
0.02,2.165510340226818,1.5996690064953043
0.02,2.167444963308873,1.6076007234396323
0.02,2.1693795863909275,1.6154472494323393
0.02,2.171314209472982,1.6232039504124347
0.02,2.1732488325550365,1.6308661628960324
0.02,2.1751834556370913,1.6384292009007728
0.02,2.177118078719146,1.6458883631972707
0.02,2.1790527018012007,1.653238940874421
0.02,2.1809873248832554,1.6604762252031757
0.02,2.18292194796531,1.667595515780965
0.02,2.184856571047365,1.6745921289366072
0.02,2.1867911941294196,1.6814614063731481
0.02,2.1887258172114743,1.6881987240237737
0.02,2.190660440293529,1.6947995010936343
0.02,2.1925950633755837,1.70125920925822
0.02,2.1945296864576385,1.707573381986864
0.02,2.196464309539693,1.7137376239579174
0.02,2.198398932621748,1.7197476205304008
0.02,2.2003335557038026,1.7255991472352057
0.02,2.2022681787858573,1.7312880792475798
0.02,2.204202801867912,1.7368104008013208
0.02,2.206137424949967,1.7421622145041757
0.02,2.2080720480320215,1.7473397505132424
0.02,2.2100066711140762,1.7523393755286905
0.02,2.211941294196131,1.7571576015640353
0.02,2.2138759172781857,1.7617910944513362
0.02,2.2158105403602404,1.766236682040193
0.02,2.217745163442295,1.7704913620501945
0.02,2.21967978652435,1.7745523095376692
0.02,2.2216144096064045,1.7784168839389318
0.02,2.2235490326884593,1.7820826356541004
0.02,2.225483655770514,1.7855473121375356
0.02,2.2274182788525687,1.7888088634633692
0.02,2.2293529019346234,1.791865447337213
0.02,2.231287525016678,1.7947154335280069
0.02,2.233222148098733,1.7973574076971177
0.02,2.235156771180787,1.7997901746050928
0.02,2.237091394262842,1.8020127606799914
0.02,2.2390260173448966,1.8040244159348187
0.02,2.2409606404269513,1.8058246152253608
0.02,2.242895263509006,1.8074130588435073
0.02,2.2448298865910608,1.8087896724449997
0.02,2.2467645096731155,1.8099546063143865
0.02,2.24869913275517,1.8109082339737643
0.02,2.250633755837225,1.8116511501456305
0.02,2.2525683789192796,1.8121841680837587
0.02,2.2545030020013344,1.8125083162895117
0.02,2.256437625083389,1.8126248346343168
0.02,2.258372248165444,1.8125351699120809
0.02,2.2603068712474985,1.8122409708482574
0.02,2.2622414943295532,1.8117440825948448
0.02,2.264176117411608,1.8110465407429945
0.02,2.2661107404936627,1.8101505648869303
0.02,2.2680453635757174,1.8090585517746884
0.02,2.269979986657772,1.807773068082637
0.02,2.2719146097398264,1.806296842851883
0.02,2.273849232821881,1.8046327596255427
0.02,2.275783855903936,1.8027838483263672
0.02,2.2777184789859906,1.8007532769144725
0.02,2.2796531020680453,1.7985443428648664
0.02,2.2815877251501,1.7961604645041063
0.02,2.2835223482321547,1.7936051722448707
0.02,2.2854569713142094,1.7908820997563333
0.02,2.287391594396264,1.7879949751071877
0.02,2.289326217478319,1.7849476119168481
0.02,2.2912608405603736,1.7817439005489302
0.02,2.2931954636424283,1.778387799379407
0.02,2.295130086724483,1.7748833261701265
0.02,2.2970647098065378,1.771234549576417
0.02,2.2989993328885925,1.7674455808155347
0.02,2.300933955970647,1.7635205655206332
0.02,2.302868579052702,1.759463675802806
0.02,2.3048032021347566,1.7552791025415733
0.02,2.3067378252168114,1.7509710479220617
0.02,2.308672448298866,1.746543718234919
0.02,2.310607071380921,1.7420013169528645
0.02,2.3125416944629755,1.7373480380957127
0.02,2.3144763175450302,1.7325880598936458
0.02,2.316410940627085,1.7277255387564745
0.02,2.3183455637091397,1.722764603554824
0.02,2.3202801867911944,1.7177093502172847
0.02,2.322214809873249,1.7125638366458658
0.02,2.324149432955304,1.7073320779504968
0.02,2.3260840560373586,1.7020180420017548
0.02,2.3280186791194133,1.69662564529964
0.02,2.329953302201468,1.6911587491548703
0.02,2.3318879252835227,1.6856211561780658
0.02,2.333822548365577,1.6800166070710065
0.02,2.3357571714476317,1.6743487777132842
0.02,2.3376917945296865,1.6686212765367934
0.02,2.339626417611741,1.662837642179702
0.02,2.341561040693796,1.6570013414109903
0.02,2.3434956637758506,1.6511157673160235
0.02,2.3454302868579053,1.645184237733226
0.02,2.34736490993996,1.639209993931508
0.02,2.3492995330220148,1.6331961995178936
0.02,2.3512341561040695,1.6271459395645138
0.02,2.353168779186124,1.6210622199440454
0.02,2.355103402268179,1.6149479668626427
0.02,2.3570380253502337,1.6088060265793325
0.02,2.3589726484322884,1.6026391653009888
0.02,2.360907271514343,1.5964500692420396
0.02,2.362841894596398,1.5902413448382693
0.02,2.3647765176784525,1.5840155191042053
0.02,2.3667111407605073,1.5777750401239157
0.02,2.368645763842562,1.5715222776651818
0.02,2.3705803869246167,1.5652595239073657
0.02,2.372515010006671,1.5589889942736175
0.02,2.3744496330887257,1.5527128283583291
0.02,2.3763842561707804,1.5464330909411657
0.02,2.378318879252835,1.5401517730792502
0.02,2.38025350233489,1.5338707932695668
0.02,2.3821881254169446,1.5275919986739095
0.02,2.3841227484989993,1.5213171663991147
0.02,2.386057371581054,1.515048004825701
0.02,2.3879919946631087,1.5087861549783774
0.02,2.3899266177451635,1.5025331919322378
0.02,2.391861240827218,1.4962906262488653
0.02,2.393795863909273,1.4900599054368944
0.02,2.3957304869913276,1.4838424154318806
0.02,2.3976651100733823,1.4776394820907566
0.02,2.399599733155437,1.4714523726964028
0.02,2.401534356237492,1.4652822974681796
0.02,2.4034689793195465,1.4591304110746472
0.02,2.4054036024016012,1.4529978141448843
0.02,2.407338225483656,1.4468855547751711
0.02,2.4092728485657107,1.4407946300280545
0.02,2.4112074716477654,1.4347259874210714
0.02,2.41314209472982,1.4286805264026157
0.02,2.415076717811875,1.4226590998127238
0.02,2.4170113408939295,1.4166625153267405
0.02,2.4189459639759843,1.4106915368800128
0.02,2.420880587058039,1.4047468860720258
0.02,2.4228152101400937,1.3988292435485041
0.02,2.4247498332221484,1.3929392503602083
0.02,2.426684456304203,1.3870775092973235
0.02,2.428619079386258,1.3812445861985045
0.02,2.4305537024683126,1.3754410112337263
0.02,2.4324883255503673,1.369667280160273
0.02,2.4344229486324216,1.3639238555513193
0.02,2.4363575717144763,1.3582111679966395
0.02,2.438292194796531,1.3525296172751213
0.02,2.4402268178785858,1.3468795734988226
0.02,2.4421614409606405,1.3412613782284422
0.02,2.444096064042695,1.3356753455601087
0.02,2.44603068712475,1.3301217631835036
0.02,2.4479653102068046,1.3246008934114117
0.02,2.4498999332888594,1.319112974180785
0.02,2.451834556370914,1.3136582200255598
0.02,2.453769179452969,1.3082368230214452
0.02,2.4557038025350235,1.3028489537029722
0.02,2.4576384256170782,1.2974947619531427
0.02,2.459573048699133,1.2921743778660368
0.02,2.4615076717811877,1.286887912582774
0.02,2.4634422948632424,1.2816354591012509
0.02,2.465376917945297,1.2764170930601386
0.02,2.467311541027352,1.2712328734975529
0.02,2.4692461641094066,1.2660828435849427
0.02,2.4711807871914613,1.2609670313366643
0.02,2.4731154102735156,1.2558854502957937
0.02,2.4750500333555703,1.2508381001966553
0.02,2.476984656437625,1.2458249676046589
0.02,2.4789192795196797,1.2408460265339447
0.02,2.4808539026017344,1.2359012390433888
0.02,2.482788525683789,1.230990555811537
0.02,2.484723148765844,1.22611391669099
0.02,2.4866577718478986,1.2212712512427908
0.02,2.4885923949299533,1.216462479251366
0.02,2.490527018012008,1.2116875112205632
0.02,2.4924616410940628,1.2069462488513003
0.02,2.4943962641761175,1.2022385855013877
0.02,2.496330887258172,1.1975644066280222
0.02,2.498265510340227,1.1929235902134723
0.02,2.5002001334222816,1.1883160071744876
0.02,2.5021347565043364,1.1837415217559122
0.02,2.504069379586391,1.1791999919089857
0.02,2.506004002668446,1.1746912696548537
0.02,2.5079386257505005,1.170215201433718
0.02,2.5098732488325552,1.1657716284401252
0.02,2.51180787191461,1.1613603869448252
0.02,2.5137424949966647,1.1569813086036653
0.02,2.5156771180787194,1.1526342207539213
0.02,2.517611741160774,1.1483189466985348
0.02,2.519546364242829,1.144035305978627
0.02,2.5214809873248836,1.1397831146347186
0.02,2.5234156104069383,1.1355621854570348
0.02,2.525350233488993,1.1313723282252806
0.02,2.5272848565710477,1.1272133499382702
0.02,2.5292194796531025,1.1230850550337412
0.02,2.531154102735157,1.1189872455987384
0.02,2.533088725817212,1.1149197215708808
0.02,2.5350233488992666,1.110882280930864
0.02,2.5369579719813213,1.1068747198864997
0.02,2.538892595063376,1.1028968330486175
0.02,2.5408272181454303,1.0989484135991217
0.02,2.542761841227485,1.0950292534514876
0.02,2.5446964643095398,1.0911391434040225
0.02,2.5466310873915945,1.0872778732860882
0.02,2.548565710473649,1.0834452320976293
0.02,2.550500333555704,1.0796410081422145
0.02,2.5524349566377587,1.0758649891538492
0.02,2.5543695797198134,1.0721169624178106
0.02,2.556304202801868,1.0683967148857296
0.02,2.558238825883923,1.0647040332851287
0.02,2.5601734489659775,1.0610387042236602
0.02,2.5621080720480323,1.0574005142882337
0.02,2.564042695130087,1.0537892501392325
0.02,2.5659773182121413,1.0502046986000297
0.02,2.567911941294196,1.0466466467419755
0.02,2.5698465643762507,1.0431148819650389
0.02,2.5717811874583054,1.0396091920742956
0.02,2.57371581054036,1.0361293653523993
0.02,2.575650433622415,1.0326751906282312
0.02,2.5775850567044696,1.0292464573418547
0.02,2.5795196797865243,1.0258429556059494
0.02,2.581454302868579,1.0224644762638606
0.02,2.5833889259506337,1.019110810944393
0.02,2.5853235490326885,1.0157817521135049
0.02,2.587258172114743,1.012477093123014
0.02,2.589192795196798,1.0091966282564502
0.02,2.5911274182788526,1.0059401527721694
0.02,2.5930620413609073,1.00270746294385
0.02,2.594996664442962,0.9994983560984735
0.02,2.596931287525017,0.9963126306519077
0.02,2.5988659106070715,0.9931500861421921
0.02,2.6008005336891262,0.9900105232606137
0.02,2.602735156771181,0.9868937438806861
0.02,2.6046697798532357,0.98379955108511
0.02,2.6066044029352904,0.9807277491908097
0.02,2.608539026017345,0.9776781437721257
0.02,2.6104736490994,0.9746505416822533
0.02,2.6124082721814545,0.9716447510729905
0.02,2.6143428952635093,0.9686605814128821
0.02,2.616277518345564,0.9656978435038404
0.02,2.6182121414276187,0.96275634949628
0.02,2.6201467645096734,0.959835912902872
0.02,2.622081387591728,0.95693634861095
0.02,2.624016010673783,0.9540574728936574
0.02,2.6259506337558376,0.9511991034198648
0.02,2.6278852568378923,0.9483610592629377
0.02,2.629819879919947,0.9455431609084046
0.02,2.6317545030020018,0.9427452302605603
0.02,2.6336891260840565,0.9399670906480825
0.02,2.635623749166111,0.9372085668286914
0.02,2.637558372248166,0.9344694849928915
0.02,2.6394929953302206,0.931749672766862
0.02,2.641427618412275,0.9290489592145312
0.02,2.6433622414943296,0.9263671748388476
0.02,2.6452968645763844,0.9237041515823393
0.02,2.647231487658439,0.9210597228269526
0.02,2.649166110740494,0.9184337233932195
0.02,2.6511007338225485,0.9158259895388079
0.02,2.6530353569046032,0.9132363589564603
0.02,2.654969979986658,0.9106646707713623
0.02,2.6569046030687127,0.9081107655379792
0.02,2.6588392261507674,0.9055744852363813
0.02,2.660773849232822,0.9030556732680836
0.02,2.662708472314877,0.9005541744514333
0.02,2.6646430953969316,0.8980698350165719
0.02,2.666577718478986,0.8956025025999801
0.02,2.6685123415610406,0.8931520262386529
0.02,2.6704469646430953,0.8907182563639104
0.02,2.67238158772515,0.8883010447948709
0.02,2.6743162108072047,0.8859002447316024
0.02,2.6762508338892594,0.8835157107479809
0.02,2.678185456971314,0.8811472987842709
0.02,2.680120080053369,0.8787948661394369
0.02,2.6820547031354236,0.8764582714632163
0.02,2.6839893262174783,0.8741373747479668
0.02,2.685923949299533,0.8718320373202902
0.02,2.6878585723815878,0.8695421218324731
0.02,2.6897931954636425,0.8672674922537361
0.02,2.691727818545697,0.865008013861315
0.02,2.693662441627752,0.8627635532313827
0.02,2.6955970647098066,0.8605339782298395
0.02,2.6975316877918614,0.8583191580029536
0.02,2.699466310873916,0.8561189629678947
0.02,2.701400933955971,0.8539332648031547
0.02,2.7033355570380255,0.8517619364388621
0.02,2.7052701801200802,0.8496048520470163
0.02,2.707204803202135,0.847461887031638
0.02,2.7091394262841897,0.8453329180188467
0.02,2.7110740493662444,0.8432178228468741
0.02,2.713008672448299,0.841116480556032
0.02,2.714943295530354,0.8390287713786211
0.02,2.7168779186124086,0.8369545767288092
0.02,2.7188125416944633,0.8348937791924745
0.02,2.720747164776518,0.8328462625170184
0.02,2.7226817878585727,0.8308119116011677
0.02,2.7246164109406275,0.8287906124847562
0.02,2.726551034022682,0.8267822523385023
0.02,2.728485657104737,0.82478671945378
0.02,2.7304202801867916,0.8228039032323979
0.02,2.7323549032688463,0.8208336941763845
0.02,2.734289526350901,0.8188759838777828
0.02,2.7362241494329558,0.8169306650084641
0.02,2.7381587725150105,0.8149976313099624
0.02,2.740093395597065,0.8130767775833352
0.02,2.7420280186791195,0.8111679996790477
0.02,2.743962641761174,0.8092711944868959
0.02,2.745897264843229,0.8073862599259598
0.02,2.7478318879252837,0.8055130949345951
0.02,2.7497665110073384,0.8036515994604718
0.02,2.751701134089393,0.8018016744506509
0.02,2.753635757171448,0.7999632218417088
0.02,2.7555703802535025,0.7981361445499146
0.02,2.7575050033355573,0.7963203464614548
0.02,2.759439626417612,0.7945157324227138
0.02,2.7613742494996667,0.7927222082306107
0.02,2.7633088725817214,0.7909396806229915
0.02,2.765243495663776,0.7891680572690792
0.02,2.7671781187458304,0.787407246759994
0.02,2.769112741827885,0.785657158599321
0.02,2.77104736490994,0.7839177031937572
0.02,2.7729819879919946,0.7821887918438122
0.02,2.7749166110740493,0.7804703367345813
0.02,2.776851234156104,0.7787622509265847
0.02,2.7787858572381587,0.7770644483466731
0.02,2.7807204803202135,0.7753768437790082
0.02,2.782655103402268,0.7736993528561058
0.02,2.784589726484323,0.7720318920499567
0.02,2.7865243495663776,0.7703743786632179
0.02,2.7884589726484323,0.7687267308204713
0.02,2.790393595730487,0.7670888674595624
0.02,2.792328218812542,0.7654607083230078
0.02,2.7942628418945965,0.7638421739494787
0.02,2.7961974649766512,0.7622331856653564
0.02,2.798132088058706,0.7606336655763665
0.02,2.8000667111407607,0.7590435365592819
0.02,2.8020013342228154,0.7574627222537055
0.02,2.80393595730487,0.755891147053929
0.02,2.805870580386925,0.7543287361008603
0.02,2.8078052034689795,0.7527754152740329
0.02,2.8097398265510343,0.7512311111836883
0.02,2.811674449633089,0.7496957511629332
0.02,2.8136090727151437,0.7481692632599722
0.02,2.8155436957971984,0.7466515762304174
0.02,2.817478318879253,0.7451426195296686
0.02,2.819412941961308,0.7436423233053748
0.02,2.8213475650433626,0.7421506183899648
0.02,2.8232821881254173,0.7406674362932564
0.02,2.825216811207472,0.7391927091951358
0.02,2.8271514342895268,0.7377263699383144
0.02,2.8290860573715815,0.7362683520211594
0.02,2.831020680453636,0.7348185895905942
0.02,2.832955303535691,0.7333770174350763
0.02,2.8348899266177456,0.7319435709776448
0.02,2.8368245496998004,0.7305181862690417
0.02,2.838759172781855,0.7291007999809044
0.02,2.84069379586391,0.7276913493990311
0.02,2.842628418945964,0.7262897724167166
0.02,2.844563042028019,0.7248960075281552
0.02,2.8464976651100735,0.7235099938219233
0.02,2.8484322881921282,0.7221316709745205
0.02,2.850366911274183,0.7207609792439879
0.02,2.8523015343562377,0.7193978594635932
0.02,2.8542361574382924,0.7180422530355801
0.02,2.856170780520347,0.716694101924993
0.02,2.858105403602402,0.7153533486535639
0.02,2.8600400266844566,0.7140199362936666
0.02,2.8619746497665113,0.7126938084623365
0.02,2.863909272848566,0.7113749093153616
0.02,2.8658438959306207,0.7100631835414314
0.02,2.867778519012675,0.7087585763563544
0.02,2.8697131420947297,0.7074610334973392
0.02,2.8716477651767844,0.7061705012173389
0.02,2.873582388258839,0.70488692627946
0.02,2.875517011340894,0.7036102559514298
0.02,2.8774516344229486,0.7023404380001309
0.02,2.8793862575050033,0.7010774206861928
0.02,2.881320880587058,0.699821152758645
0.02,2.8832555036691128,0.6985715834496351
0.02,2.8851901267511675,0.6973286624691978
0.02,2.887124749833222,0.6960923400000909
0.02,2.889059372915277,0.6948625666926858
0.02,2.8909939959973316,0.6936392936599157
0.02,2.8929286190793864,0.6924224724722845
0.02,2.894863242161441,0.6912120551529283
0.02,2.896797865243496,0.690007994172736
0.02,2.8987324883255505,0.688810242445522
0.02,2.9006671114076052,0.6876187533232616
0.02,2.90260173448966,0.6864334805913709
0.02,2.9045363575717147,0.6852543784640478
0.02,2.9064709806537694,0.6840814015796637
0.02,2.908405603735824,0.6829145049962088
0.02,2.910340226817879,0.6817536441867884
0.02,2.9122748498999336,0.6805987750351732
0.02,2.9142094729819883,0.6794498538313984
0.02,2.916144096064043,0.6783068372674138
0.02,2.9180787191460977,0.6771696824327862
0.02,2.9200133422281525,0.6760383468104484
0.02,2.921947965310207,0.6749127882724989
0.02,2.923882588392262,0.6737929650760486
0.02,2.9258172114743166,0.6726788358591186
0.02,2.9277518345563713,0.671570359636581
0.02,2.929686457638426,0.6704674957961492
0.02,2.9316210807204808,0.6693702040944154
0.02,2.9335557038025355,0.6682784446529291
0.02,2.93549032688459,0.6671921779543285
0.02,2.937424949966645,0.6661113648385103
0.02,2.9393595730486997,0.665035966498846
0.02,2.9412941961307544,0.6639659444784408
0.02,2.9432288192128087,0.6629012606664401
0.02,2.9451634422948634,0.6618418772943724
0.02,2.947098065376918,0.660787756932539
0.02,2.949032688458973,0.6597388624864443
0.02,2.9509673115410275,0.6586951571932664
0.02,2.9529019346230823,0.6576566046183697
0.02,2.954836557705137,0.656623168651859
0.02,2.9567711807871917,0.6555948135051684
0.02,2.9587058038692464,0.6545715037076972
0.02,2.960640426951301,0.6535532041034784
0.02,2.962575050033356,0.6525398798478881
0.02,2.9645096731154106,0.651531496404394
0.02,2.9664442961974653,0.6505280195413414
0.02,2.9683789192795196,0.6495294153287712
0.02,2.9703135423615743,0.6485356501352834
0.02,2.972248165443629,0.6475466906249294
0.02,2.9741827885256837,0.6465625037541455
0.02,2.9761174116077385,0.6455830567687172
0.02,2.978052034689793,0.6446083172007804
0.02,2.979986657771848,0.6436382528658608
0.02,2.9819212808539026,0.64267283185994
0.02,2.9838559039359573,0.6417120225565622
0.02,2.985790527018012,0.6407557936039715
0.02,2.987725150100067,0.6398041139222802
0.02,2.9896597731821215,0.6388569527006736
0.02,2.9915943962641762,0.6379142793946454
0.02,2.993529019346231,0.6369760637232633
0.02,2.9954636424282857,0.6360422756664671
0.02,2.9973982655103404,0.6351128854624001
0.02,2.999332888592395,0.6341878636047668
0.02,3.00126751167445,0.6332671808402242
0.02,3.0032021347565045,0.6323508081658031
0.02,3.0051367578385593,0.6314387168263553
0.02,3.007071380920614,0.6305308783120346
0.02,3.0090060040026687,0.6296272643558044
0.02,3.0109406270847234,0.6287278469309728
0.02,3.012875250166778,0.6278325982487586
0.02,3.014809873248833,0.6269414907558828
0.02,3.0167444963308876,0.6260544971321886
0.02,3.0186791194129423,0.6251715902882874
0.02,3.020613742494997,0.6242927433632346
0.02,3.0225483655770518,0.6234179297222278
0.02,3.0244829886591065,0.6225471229543333
0.02,3.026417611741161,0.62168029687024
0.02,3.028352234823216,0.620817425500036
0.02,3.0302868579052706,0.6199584830910109
0.02,3.0322214809873254,0.6191034441054849
0.02,3.03415610406938,0.6182522832186614
0.02,3.036090727151435,0.6174049753165026
0.02,3.0380253502334895,0.616561495493631
0.02,3.0399599733155442,0.6157218190512548
0.02,3.041894596397599,0.6148859214951142
0.02,3.0438292194796532,0.6140537785334543
0.02,3.045763842561708,0.6132253660750179
0.02,3.0476984656437627,0.6124006602270631
0.02,3.0496330887258174,0.6115796372934004
0.02,3.051567711807872,0.6107622737724565
0.02,3.053502334889927,0.6099485463553549
0.02,3.0554369579719816,0.6091384319240207
0.02,3.0573715810540363,0.6083319075493069
0.02,3.059306204136091,0.6075289504891392
0.02,3.0612408272181457,0.6067295381866853
0.02,3.0631754503002004,0.6059336482685415
0.02,3.065110073382255,0.6051412585429408
0.02,3.06704469646431,0.6043523469979808
0.02,3.068979319546364,0.6035668917998713
0.02,3.070913942628419,0.6027848712912026
0.02,3.0728485657104736,0.6020062639892307
0.02,3.0747831887925283,0.6012310485841836
0.02,3.076717811874583,0.6004592039375847
0.02,3.0786524349566378,0.5996907090805967
0.02,3.0805870580386925,0.5989255432123831
0.02,3.082521681120747,0.5981636856984867
0.02,3.084456304202802,0.5974051160692269
0.02,3.0863909272848566,0.596649814018115
0.02,3.0883255503669114,0.595897759400288
0.02,3.090260173448966,0.5951489322309557
0.02,3.092194796531021,0.5944033126838693
0.02,3.0941294196130755,0.593660881089805
0.02,3.0960640426951302,0.592921617935064
0.02,3.097998665777185,0.5921855038599886
0.02,3.0999332888592397,0.5914525196574971
0.02,3.1018679119412944,0.5907226462716307
0.02,3.103802535023349,0.5899958647961191
0.02,3.105737158105404,0.5892721564729628
0.02,3.1076717811874586,0.5885515026910262
0.02,3.1096064042695133,0.5878338849846518
0.02,3.111541027351568,0.5871192850322845
0.02,3.1134756504336227,0.5864076846551144
0.02,3.1154102735156775,0.5856990658157325
0.02,3.117344896597732,0.5849934106168021
0.02,3.119279519679787,0.5842907012997417
0.02,3.1212141427618416,0.5835909202434273
0.02,3.1231487658438963,0.5828940499629043
0.02,3.125083388925951,0.5822000731081148
0.02,3.1270180120080058,0.5815089724626391
0.02,3.1289526350900605,0.5808207309424492
0.02,3.130887258172115,0.5801353315946789
0.02,3.13282188125417,0.5794527575964028
0.02,3.1347565043362247,0.5787729922534323
0.02,3.1366911274182794,0.578096018999121
0.02,3.138625750500334,0.5774218213931867
0.02,3.140560373582389,0.5767503831205424
0.02,3.1424949966644435,0.5760816879901431
0.02,3.144429619746498,0.5754157199338412
0.02,3.1463642428285525,0.5747524630052564
0.02,3.1482988659106073,0.5740919013786594
0.02,3.150233488992662,0.5734340193478631
0.02,3.1521681120747167,0.5727788013251285
0.02,3.1541027351567714,0.5721262318400823
0.02,3.156037358238826,0.5714762955386434
0.02,3.157971981320881,0.5708289771819645
0.02,3.1599066044029356,0.5701842616453819
0.02,3.1618412274849903,0.569542133917378
0.02,3.163775850567045,0.5689025790985525
0.02,3.1657104736490997,0.5682655824006086
0.02,3.167645096731154,0.5676311291453459
0.02,3.1695797198132087,0.5669992047636642
0.02,3.1715143428952635,0.5663697947945814
0.02,3.173448965977318,0.5657428848842573
0.02,3.175383589059373,0.5651184607850296
0.02,3.1773182121414276,0.5644965083544602
0.02,3.1792528352234823,0.5638770135543913
0.02,3.181187458305537,0.5632599624500105
0.02,3.183122081387592,0.562645341208926
0.02,3.1850567044696465,0.5620331361002527
0.02,3.1869913275517012,0.5614233334937052
0.02,3.188925950633756,0.5608159198587034
0.02,3.1908605737158107,0.5602108817634843
0.02,3.1927951967978654,0.5596082058742247
0.02,3.19472981987992,0.5590078789541731
0.02,3.196664442961975,0.5584098878627897
0.02,3.1985990660440295,0.5578142195548955
0.02,3.2005336891260843,0.5572208610798302
0.02,3.202468312208139,0.5566297995806191
0.02,3.2044029352901937,0.5560410222931488
0.02,3.2063375583722484,0.5554545165453495
0.02,3.208272181454303,0.5548702697563876
0.02,3.210206804536358,0.5542882694358668
0.02,3.2121414276184126,0.5537085031830348
0.02,3.2140760507004673,0.5531309586860015
0.02,3.216010673782522,0.5525556237209625
0.02,3.2179452968645768,0.551982486151431
0.02,3.2198799199466315,0.5514115339274793
0.02,3.221814543028686,0.5508427550849857
0.02,3.223749166110741,0.5502761377448899
0.02,3.2256837891927956,0.549711670112456
0.02,3.2276184122748504,0.549149340476544
0.02,3.229553035356905,0.5485891372088864
0.02,3.23148765843896,0.548031048763373
0.02,3.2334222815210145,0.5474750636753452
0.02,3.2353569046030692,0.5469211705608923
0.02,3.237291527685124,0.5463693581161613
0.02,3.2392261507671787,0.5458196151166675
0.02,3.2411607738492334,0.5452719304166167
0.02,3.2430953969312877,0.5447262929482304
0.02,3.2450300200133424,0.5441826917210814
0.02,3.246964643095397,0.543641115821433
0.02,3.248899266177452,0.5431015544115867
0.02,3.2508338892595066,0.5425639967292353
0.02,3.2527685123415613,0.5420284320868223
0.02,3.254703135423616,0.5414948498709089
0.02,3.2566377585056707,0.5409632395415469
0.02,3.2585723815877254,0.5404335906316565
0.02,3.26050700466978,0.5399058927464112
0.02,3.262441627751835,0.5393801355626298
0.02,3.2643762508338896,0.5388563088281715
0.02,3.2663108739159443,0.538334402361341
0.02,3.2682454969979986,0.5378144060502962
0.02,3.2701801200800533,0.5372963098524617
0.02,3.272114743162108,0.5367801037939512
0.02,3.2740493662441628,0.5362657779689914
0.02,3.2759839893262175,0.5357533225393559
0.02,3.277918612408272,0.5352427277338003
0.02,3.279853235490327,0.5347339838475055
0.02,3.2817878585723816,0.5342270812415261
0.02,3.2837224816544364,0.5337220103422432
0.02,3.285657104736491,0.5332187616408245
0.02,3.287591727818546,0.5327173256926865
0.02,3.2895263509006005,0.5322176931169644
0.02,3.2914609739826552,0.531719854595987
0.02,3.29339559706471,0.531223800874756
0.02,3.2953302201467647,0.5307295227604293
0.02,3.2972648432288194,0.5302370111218112
0.02,3.299199466310874,0.5297462568888474
0.02,3.301134089392929,0.529257251052123
0.02,3.3030687124749836,0.5287699846623671
0.02,3.3050033355570383,0.5282844488299617
0.02,3.306937958639093,0.5278006347244538
0.02,3.3088725817211477,0.527318533574076
0.02,3.3108072048032025,0.5268381366652669
0.02,3.312741827885257,0.5263594353421993
0.02,3.314676450967312,0.5258824210063126
0.02,3.3166110740493666,0.5254070851158469
0.02,3.3185456971314213,0.5249334191853863
0.02,3.320480320213476,0.5244614147854024
0.02,3.3224149432955308,0.5239910635418032
0.02,3.3243495663775855,0.5235223571354881
0.02,3.32628418945964,0.523055287301904
0.02,3.328218812541695,0.5225898458306086
0.02,3.3301534356237497,0.522126024564836
0.02,3.3320880587058044,0.5216638154010668
0.02,3.334022681787859,0.5212032102886022
0.02,3.335957304869914,0.5207442012291424
0.02,3.3378919279519685,0.520286780276369
0.02,3.3398265510340233,0.5198309395355305
0.02,3.341761174116078,0.5193766711630329
0.02,3.3436957971981323,0.5189239673660327
0.02,3.345630420280187,0.518472820402035
0.02,3.3475650433622417,0.5180232225784953
0.02,3.3494996664442964,0.5175751662524234
0.02,3.351434289526351,0.5171286438299924
0.02,3.353368912608406,0.5166836477661519
0.02,3.3553035356904606,0.5162401705642429
0.02,3.3572381587725153,0.5157982047756182
0.02,3.35917278185457,0.5153577429992642
0.02,3.3611074049366247,0.5149187778814284
0.02,3.3630420280186795,0.5144813021152489
0.02,3.364976651100734,0.5140453084403879
0.02,3.366911274182789,0.5136107896426684
0.02,3.368845897264843,0.5131777385537136
0.02,3.370780520346898,0.5127461480505913
0.02,3.3727151434289526,0.5123160110554597
0.02,3.3746497665110073,0.5118873205352177
0.02,3.376584389593062,0.511460069501158
0.02,3.378519012675117,0.5110342510086221
0.02,3.3804536357571715,0.5106098581566616
0.02,3.3823882588392262,0.5101868840876991
0.02,3.384322881921281,0.5097653219871947
0.02,3.3862575050033357,0.5093451650833132
0.02,3.3881921280853904,0.5089264066465975
0.02,3.390126751167445,0.5085090399896415
0.02,3.3920613742495,0.5080930584667684
0.02,3.3939959973315545,0.5076784554737108
0.02,3.3959306204136093,0.5072652244472944
0.02,3.397865243495664,0.5068533588651234
0.02,3.3997998665777187,0.5064428522452693
0.02,3.4017344896597734,0.5060336981459641
0.02,3.403669112741828,0.5056258901652932
0.02,3.405603735823883,0.5052194219408934
0.02,3.4075383589059376,0.5048142871496525
0.02,3.4094729819879923,0.5044104795074122
0.02,3.411407605070047,0.5040079927686736
0.02,3.4133422281521018,0.5036068207263041
0.02,3.4152768512341565,0.5032069572112492
0.02,3.417211474316211,0.5028083960922448
0.02,3.419146097398266,0.5024111312755326
0.02,3.4210807204803206,0.5020151567045792
0.02,3.4230153435623754,0.5016204663597958
0.02,3.42494996664443,0.501227054258262
0.02,3.426884589726485,0.500834914453451
0.02,3.4288192128085395,0.5004440410349575
0.02,3.4307538358905942,0.500054428128228
0.02,3.432688458972649,0.4996660698942948
0.02,3.4346230820547037,0.4992789605295088
0.02,3.4365577051367584,0.4988930942652794
0.02,3.438492328218813,0.4985084653678121
0.02,3.440426951300868,0.49812506813785207
0.02,3.4423615743829226,0.49774289691042733
0.02,3.444296197464977,0.49736194605459644
0.02,3.4462308205470316,0.49698220997319603
0.02,3.4481654436290863,0.496603683102592
0.02,3.450100066711141,0.49622635991243297
0.02,3.4520346897931957,0.4958502349054057
0.02,3.4539693128752504,0.49547530261699124
0.02,3.455903935957305,0.4951015576152261
0.02,3.45783855903936,0.49472899450046176
0.02,3.4597731821214146,0.4943576079051298
0.02,3.4617078052034693,0.4939873924935072
0.02,3.463642428285524,0.493618342961484
0.02,3.4655770513675788,0.4932504540363319
0.02,3.4675116744496335,0.4928837204764776
0.02,3.4694462975316878,0.49251813707127545
0.02,3.4713809206137425,0.49215369864078257
0.02,3.473315543695797,0.49179040003553715
0.02,3.475250166777852,0.49142823613633785
0.02,3.4771847898599066,0.491067201854024
0.02,3.4791194129419614,0.49070729212925995
0.02,3.481054036024016,0.490348501932319
0.02,3.482988659106071,0.48999082626287166
0.02,3.4849232821881255,0.48963426014977146
0.02,3.4868579052701802,0.4892787986508489
0.02,3.488792528352235,0.4889244368527013
0.02,3.4907271514342897,0.48857116987048727
0.02,3.4926617745163444,0.48821899284772236
0.02,3.494596397598399,0.48786790095607696
0.02,3.496531020680454,0.48751788939517443
0.02,3.4984656437625086,0.4871689533923934
0.02,3.5004002668445633,0.48682108820266873
0.02,3.502334889926618,0.4864742891082962
0.02,3.5042695130086727,0.4861285514187393
0.02,3.5062041360907275,0.48578387047043475
0.02,3.508138759172782,0.48544024162660343
0.02,3.510073382254837,0.48509766027705953
0.02,3.5120080053368916,0.48475612183802397
0.02,3.5139426284189463,0.48441562175193703
0.02,3.515877251501001,0.48407615548727484
0.02,3.5178118745830558,0.4837377185383657
0.02,3.5197464976651105,0.48340030642520787
0.02,3.521681120747165,0.48306391469329063
0.02,3.52361574382922,0.48272853891341516
0.02,3.5255503669112747,0.4823941746815172
0.02,3.5274849899933294,0.48206081761849157
0.02,3.529419613075384,0.48172846337001834
0.02,3.5313542361574384,0.48139710760638965
0.02,3.533288859239493,0.4810667460223378
0.02,3.535223482321548,0.480737374336867
0.02,3.5371581054036025,0.4804089882930831
0.02,3.5390927284856573,0.4800815836580274
0.02,3.541027351567712,0.47975515622251086
0.02,3.5429619746497667,0.47942970180094885
0.02,3.5448965977318214,0.47910521623119917
0.02,3.546831220813876,0.47878169537439985
0.02,3.548765843895931,0.47845913511480836
0.02,3.5507004669779856,0.4781375313596433
0.02,3.5526350900600403,0.4778168800389256
0.02,3.554569713142095,0.4774971771053229
0.02,3.5565043362241497,0.47717841853399356
0.02,3.5584389593062045,0.47686060032243355
0.02,3.560373582388259,0.47654371849032273
0.02,3.562308205470314,0.4762277690793736
0.02,3.5642428285523686,0.47591274815318185
0.02,3.5661774516344233,0.4755986517970756
0.02,3.568112074716478,0.4752854761179694
0.02,3.570046697798533,0.4749732172442161
0.02,3.5719813208805875,0.4746618713254619
0.02,3.5739159439626422,0.47435143453250267
0.02,3.575850567044697,0.4740419030571392
0.02,3.5777851901267517,0.47373327311203695
0.02,3.5797198132088064,0.47342554093058353
0.02,3.5816544362908607,0.47311870276675005
0.02,3.5835890593729154,0.4728127548949518
0.02,3.58552368245497,0.4725076936099118
0.02,3.587458305537025,0.4722035152265224
0.02,3.5893929286190795,0.4719002160797123
0.02,3.5913275517011343,0.4715977925243098
0.02,3.593262174783189,0.4712962409349116
0.02,3.5951967978652437,0.4709955577057499
0.02,3.5971314209472984,0.4706957392505608
0.02,3.599066044029353,0.470396782002455
0.02,3.601000667111408,0.47009868241378777
0.02,3.6029352901934626,0.4698014369560321
0.02,3.6048699132755173,0.4695050421196511
0.02,3.606804536357572,0.46920949441397164
0.02,3.6087391594396268,0.4689147903670598
0.02,3.6106737825216815,0.4686209265255966
0.02,3.612608405603736,0.4683278994547552
0.02,3.614543028685791,0.4680357057380782
0.02,3.6164776517678456,0.467744341977357
0.02,3.6184122748499004,0.46745380479251103
0.02,3.620346897931955,0.46716409082147
0.02,3.62228152101401,0.46687519672005284
0.02,3.6242161440960645,0.46658711916185297
0.02,3.6261507671781192,0.4662998548381201
0.02,3.628085390260174,0.4660134004576455
0.02,3.6300200133422287,0.4657277527466465
0.02,3.631954636424283,0.46544290844865377
0.02,3.6338892595063377,0.4651588643243973
0.02,3.6358238825883924,0.4648756171516945
0.02,3.637758505670447,0.4645931637253401
0.02,3.639693128752502,0.464311500856994
0.02,3.6416277518345566,0.4640306253750736
0.02,3.6435623749166113,0.4637505341246439
0.02,3.645496997998666,0.46347122396730966
0.02,3.6474316210807207,0.46319269178110967
0.02,3.6493662441627754,0.4629149344604093
0.02,3.65130086724483,0.46263794891579546
0.02,3.653235490326885,0.4623617320739722
0.02,3.6551701134089396,0.4620862808776573
0.02,3.6571047364909943,0.4618115922854786
0.02,3.659039359573049,0.4615376632718719
0.02,3.6609739826551038,0.4612644908269808
0.02,3.6629086057371585,0.460992071956554
0.02,3.664843228819213,0.46072040368184713
0.02,3.666777851901268,0.4604494830395228
0.02,3.6687124749833226,0.4601793070815531
0.02,3.6706470980653774,0.45990987287512064
0.02,3.672581721147432,0.45964117750252276
0.02,3.674516344229487,0.45937321806107523
0.02,3.6764509673115415,0.45910599166301624
0.02,3.6783855903935962,0.4588394954354131
0.02,3.680320213475651,0.45857372652006595
0.02,3.6822548365577052,0.45830868207341696
0.02,3.68418945963976,0.4580443592664561
0.02,3.6861240827218147,0.45778075528463
0.02,3.6880587058038694,0.45751786732775035
0.02,3.689993328885924,0.4572556926099039
0.02,3.691927951967979,0.45699422835936243
0.02,3.6938625750500336,0.45673347181849266
0.02,3.6957971981320883,0.45647342024366977
0.02,3.697731821214143,0.45621407090518745
0.02,3.6996664442961977,0.4559554210871724
0.02,3.7016010673782525,0.455697468087496
0.02,3.703535690460307,0.45544020921769046
0.02,3.705470313542362,0.4551836418028621
0.02,3.7074049366244166,0.45492776318160705
0.02,3.7093395597064713,0.4546725707059279
0.02,3.711274182788526,0.4544180617411493
0.02,3.7132088058705808,0.454164233665836
0.02,3.7151434289526355,0.4539110838717102
0.02,3.71707805203469,0.4536586097635702
0.02,3.719012675116745,0.4534068087592096
0.02,3.7209472981987997,0.4531556782893367
0.02,3.7228819212808544,0.4529052157974952
0.02,3.724816544362909,0.4526554187399836
0.02,3.726751167444964,0.452406284585779
0.02,3.7286857905270185,0.4521578108164569
0.02,3.7306204136090733,0.45190999492611483
0.02,3.7325550366911275,0.45166283442129507
0.02,3.7344896597731823,0.4514163268209085
0.02,3.736424282855237,0.451170469656159
0.02,3.7383589059372917,0.45092526047046755
0.02,3.7402935290193464,0.4506806968193987
0.02,3.742228152101401,0.45043677627058504
0.02,3.744162775183456,0.45019349640365486
0.02,3.7460973982655106,0.4499508548101582
0.02,3.7480320213475653,0.4497088490934946
0.02,3.74996664442962,0.44946747686884186
0.02,3.7519012675116747,0.44922673576308286
0.02,3.7538358905937295,0.4489866234147361
0.02,3.755770513675784,0.44874713747388467
0.02,3.757705136757839,0.4485082756021061
0.02,3.7596397598398936,0.44827003547240357
0.02,3.7615743829219483,0.4480324147691357
0.02,3.763509006004003,0.4477954111879499
0.02,3.765443629086058,0.4475590224357125
0.02,3.7673782521681125,0.44732324623044284
0.02,3.7693128752501672,0.4470880803012447
0.02,3.771247498332222,0.44685352238824194
0.02,3.7731821214142767,0.44661957024250976
0.02,3.7751167444963314,0.44638622162601155
0.02,3.777051367578386,0.4461534743115322
0.02,3.778985990660441,0.445921326082614
0.02,3.7809206137424956,0.4456897747334927
0.02,3.78285523682455,0.44545881806903326
0.02,3.7847898599066045,0.4452284539046671
0.02,3.7867244829886593,0.4449986800663284
0.02,3.788659106070714,0.44476949439039276
0.02,3.7905937291527687,0.4445408947236146
0.02,3.7925283522348234,0.44431287892306576
0.02,3.794462975316878,0.4440854448560743
0.02,3.796397598398933,0.4438585904001642
0.02,3.7983322214809876,0.4436323134429949
0.02,3.8002668445630423,0.44340661188230135
0.02,3.802201467645097,0.4431814836258349
0.02,3.8041360907271518,0.442956926591304
0.02,3.8060707138092065,0.4427329387063162
0.02,3.808005336891261,0.4425095179083192
0.02,3.809939959973316,0.442286662144544
0.02,3.8118745830553706,0.44206436937194665
0.02,3.8138092061374254,0.4418426375571521
0.02,3.81574382921948,0.44162146467639707
0.02,3.817678452301535,0.44140084871547414
0.02,3.8196130753835895,0.44118078766967644
0.02,3.8215476984656442,0.44096127954374126
0.02,3.823482321547699,0.4407423223517957
0.02,3.8254169446297537,0.4405239141173022
0.02,3.8273515677118084,0.44030605287300395
0.02,3.829286190793863,0.44008873666087106
0.02,3.831220813875918,0.43987196353204727
0.02,3.833155436957972,0.4396557315467968
0.02,3.835090060040027,0.439440038774451
0.02,3.8370246831220816,0.4392248832933575
0.02,3.8389593062041363,0.43901026319082587
0.02,3.840893929286191,0.43879617656307834
0.02,3.8428285523682457,0.4385826215151964
0.02,3.8447631754503004,0.4383695961610717
0.02,3.846697798532355,0.4381570986233538
0.02,3.84863242161441,0.43794512703340105
0.02,3.8505670446964646,0.4377336795312298
0.02,3.8525016677785193,0.43752275426546555
0.02,3.854436290860574,0.4373123493932935
0.02,3.8563709139426288,0.43710246308040895
0.02,3.8583055370246835,0.4368930935009695
0.02,3.860240160106738,0.4366842388375471
0.02,3.862174783188793,0.43647589728107844
0.02,3.8641094062708476,0.4362680670308196
0.02,3.8660440293529024,0.43606074629429675
0.02,3.867978652434957,0.4358539332872608
0.02,3.869913275517012,0.4356476262336395
0.02,3.8718478985990665,0.4354418233654917
0.02,3.8737825216811212,0.43523652292296167
0.02,3.875717144763176,0.4350317231542322
0.02,3.8776517678452307,0.4348274223154808
0.02,3.8795863909272854,0.43462361867083327
0.02,3.88152101400934,0.4344203104923197
0.02,3.8834556370913944,0.4342174960598292
0.02,3.885390260173449,0.43401517366106657
0.02,3.887324883255504,0.43381334159150803
0.02,3.8892595063375586,0.43361199815435736
0.02,3.8911941294196133,0.4334111416605033
0.02,3.893128752501668,0.43321077042847506
0.02,3.8950633755837227,0.43301088278440164
0.02,3.8969979986657775,0.4328114770619675
0.02,3.898932621747832,0.4326125516023715
0.02,3.900867244829887,0.43241410475428443
0.02,3.9028018679119416,0.43221613487380806
0.02,3.9047364909939963,0.43201864032443293
0.02,3.906671114076051,0.43182161947699765
0.02,3.9086057371581058,0.4316250707096489
0.02,3.9105403602401605,0.43142899240779903
0.02,3.912474983322215,0.43123338296408775
0.02,3.91440960640427,0.43103824077834096
0.02,3.9163442294863247,0.4308435642575318
0.02,3.9182788525683794,0.43064935181573993
0.02,3.920213475650434,0.4304556018741139
0.02,3.922148098732489,0.43026231286083133
0.02,3.9240827218145435,0.43006948321105976
0.02,3.9260173448965983,0.42987711136691936
0.02,3.927951967978653,0.42968519577744363
0.02,3.9298865910607077,0.4294937348985426
0.02,3.9318212141427624,0.42930272719296386
0.02,3.9337558372248167,0.42911217113025585
0.02,3.9356904603068714,0.42892206518673087
0.02,3.937625083388926,0.4287324078454272
0.02,3.939559706470981,0.42854319759607373
0.02,3.9414943295530356,0.4283544329350521
0.02,3.9434289526350903,0.4281661123653611
0.02,3.945363575717145,0.42797823439658095
0.02,3.9472981987991997,0.42779079754483673
0.02,3.9492328218812545,0.42760380033276335
0.02,3.951167444963309,0.42741724128947073
0.02,3.953102068045364,0.4272311189505074
0.02,3.9550366911274186,0.42704543185782656
0.02,3.9569713142094733,0.4268601785597515
0.02,3.958905937291528,0.4266753576109405
0.02,3.960840560373583,0.4264909675723534
0.02,3.9627751834556375,0.42630700701121726
0.02,3.9647098065376922,0.4261234745009924
0.02,3.966644429619747,0.4259403686213392
0.02,3.9685790527018017,0.4257576879580847
0.02,3.9705136757838564,0.42557543110318935
0.02,3.972448298865911,0.425393596654714
0.02,3.974382921947966,0.4252121832167876
0.02,3.9763175450300206,0.42503118939957485
0.02,3.9782521681120753,0.42485061381924283
0.02,3.98018679119413,0.4246704550979302
0.02,3.9821214142761847,0.4244907118637145
0.02,3.984056037358239,0.42431138275058145
0.02,3.9859906604402937,0.4241324663983916
0.02,3.9879252835223484,0.4239539614528515
0.02,3.989859906604403,0.4237758665654807
0.02,3.991794529686458,0.42359818039358205
0.02,3.9937291527685126,0.42342090160021
0.02,3.9956637758505673,0.42324402885414125
0.02,3.997598398932622,0.42306756082984376
0.02,3.9995330220146768,0.4228914962074464
0.02,4.0014676450967315,0.42271583367271004
0.02,4.003402268178786,0.4225405719169967
0.02,4.005336891260841,0.42236570963724085
0.02,4.007271514342896,0.42219124553591947
0.02,4.00920613742495,0.42201717832102337
0.02,4.011140760507005,0.421843506706028
0.02,4.01307538358906,0.4216702294098644
0.02,4.0150100066711145,0.42149734515689113
0.02,4.016944629753169,0.42132485267686526
0.02,4.018879252835224,0.4211527507049144
0.02,4.020813875917279,0.4209810379815087
0.02,4.022748498999333,0.4208097132524326
0.02,4.024683122081388,0.42063877526875754
0.02,4.026617745163443,0.42046822278681395
0.02,4.028552368245498,0.4202980545681639
0.02,4.030486991327552,0.4201282693795746
0.02,4.032421614409607,0.4199588659929901
0.02,4.034356237491661,0.41978984318550533
0.02,4.036290860573716,0.419621199739339
0.02,4.03822548365577,0.4194529344418074
0.02,4.040160106737826,0.4192850460852974
0.02,4.04209472981988,0.41911753346724107
0.02,4.044029352901935,0.41895039539008816
0.02,4.045963975983989,0.41878363066128216
0.02,4.047898599066045,0.418617238093233
0.02,4.049833222148099,0.4184512165032919
0.02,4.051767845230154,0.41828556471372635
0.02,4.053702468312208,0.418120281551694
0.02,4.055637091394264,0.4179553658492183
0.02,4.0575717144763175,0.4177908164431633
0.02,4.059506337558373,0.41762663217520873
0.02,4.061440960640427,0.41746281189182527
0.02,4.0633755837224825,0.4172993544442499
0.02,4.065310206804536,0.4171362586884627
0.02,4.067244829886592,0.41697352348516026
0.02,4.069179452968646,0.4168111476997345
0.02,4.071114076050701,0.41664913020224603
0.02,4.073048699132755,0.41648746986740265
0.02,4.074983322214811,0.41632616557453384
0.02,4.076917945296865,0.4161652162075685
0.02,4.07885256837892,0.4160046206550115
0.02,4.080787191460974,0.4158443778099197
0.02,4.08272181454303,0.4156844865698794
0.02,4.084656437625084,0.41552494583698374
0.02,4.086591060707138,0.41536575451780905
0.02,4.088525683789193,0.4152069115233929
0.02,4.090460306871248,0.4150484157692116
0.02,4.0923949299533025,0.414890266175157
0.02,4.094329553035357,0.4147324616655153
0.02,4.096264176117412,0.4145750011689443
0.02,4.098198799199467,0.4144178836184514
0.02,4.100133422281521,0.41426110795137183
0.02,4.102068045363576,0.41410467310934773
0.02,4.104002668445631,0.4139485780383051
0.02,4.1059372915276855,0.413792821688433
0.02,4.10787191460974,0.41363740301416296
0.02,4.109806537691795,0.41348232097414644
0.02,4.11174116077385,0.4133275745312351
0.02,4.113675783855904,0.413173162652458
0.02,4.115610406937959,0.4130190843090032
0.02,4.117545030020014,0.41286533847619517
0.02,4.1194796531020685,0.4127119241334747
0.02,4.121414276184123,0.4125588402643787
0.02,4.123348899266178,0.41240608585651983
0.02,4.125283522348233,0.412253659901566
0.02,4.127218145430287,0.41210156139522025
0.02,4.129152768512342,0.4119497893372015
0.02,4.131087391594397,0.4117983427312235
0.02,4.133022014676452,0.41164722058497605
0.02,4.134956637758506,0.4114964219101047
0.02,4.13689126084056,0.41134594572219224
0.02,4.138825883922616,0.4111957910407378
0.02,4.14076050700467,0.4110459568891388
0.02,4.142695130086725,0.4108964422946714
0.02,4.144629753168779,0.41074724628847137
0.02,4.146564376250835,0.4105983679055148
0.02,4.1484989993328885,0.4104498061845998
0.02,4.150433622414944,0.4103015601683279
0.02,4.152368245496998,0.4101536289030851
0.02,4.1543028685790535,0.41000601143902277
0.02,4.156237491661107,0.40985870683004044
0.02,4.158172114743163,0.40971171413376667
0.02,4.160106737825217,0.4095650324115411
0.02,4.162041360907272,0.40941866072839633
0.02,4.163975983989326,0.4092725981530403
0.02,4.165910607071382,0.40912684375783764
0.02,4.167845230153436,0.4089813966187929
0.02,4.169779853235491,0.4088362558155317
0.02,4.171714476317545,0.40869142043128415
0.02,4.173649099399601,0.40854688955286683
0.02,4.1755837224816545,0.40840266227066624
0.02,4.17751834556371,0.40825873767862003
0.02,4.179452968645764,0.4081151148742013
0.02,4.18138759172782,0.4079717929584007
0.02,4.183322214809873,0.4078287710357102
0.02,4.185256837891928,0.4076860482141049
0.02,4.187191460973983,0.4075436236050277
0.02,4.189126084056038,0.40740149632337214
0.02,4.191060707138092,0.407259665487465
0.02,4.192995330220147,0.4071181302190513
0.02,4.194929953302202,0.406976889643277
0.02,4.1968645763842565,0.40683594288867175
0.02,4.198799199466311,0.4066952890871354
0.02,4.200733822548366,0.40655492737391913
0.02,4.202668445630421,0.4064148568876109
0.02,4.204603068712475,0.40627507677011915
0.02,4.20653769179453,0.4061355861666568
0.02,4.208472314876585,0.40599638422572565
0.02,4.2104069379586395,0.4058574700991012
0.02,4.212341561040694,0.40571884294181626
0.02,4.214276184122749,0.40558050191214584
0.02,4.216210807204804,0.4054424461715915
0.02,4.218145430286858,0.4053046748848669
0.02,4.220080053368913,0.4051671872198814
0.02,4.222014676450968,0.40502998234772564
0.02,4.223949299533023,0.4048930594426564
0.02,4.225883922615077,0.40475641768208176
0.02,4.227818545697132,0.40462005624654557
0.02,4.229753168779187,0.40448397431971345
0.02,4.231687791861241,0.40434817108835763
0.02,4.233622414943296,0.4042126457423421
0.02,4.23555703802535,0.40407739747460925
0.02,4.237491661107406,0.4039424254811636
0.02,4.239426284189459,0.4038077289610589
0.02,4.241360907271515,0.40367330711638294
0.02,4.243295530353569,0.403539159152244
0.02,4.2452301534356245,0.40340528427675587
0.02,4.247164776517678,0.40327168170102495
0.02,4.249099399599734,0.4031383506391349
0.02,4.251034022681788,0.4030052903081339
0.02,4.252968645763843,0.40287249992801993
0.02,4.254903268845897,0.40273997872172784
0.02,4.256837891927953,0.4026077259151147
0.02,4.258772515010007,0.4024757407369473
0.02,4.260707138092062,0.4023440224188875
0.02,4.262641761174116,0.40221257019547996
0.02,4.264576384256172,0.4020813833041376
0.02,4.2665110073382255,0.4019504609851288
0.02,4.268445630420281,0.4018198024815647
0.02,4.270380253502335,0.401689407039385
0.02,4.272314876584391,0.4015592739073457
0.02,4.274249499666444,0.4014294023370056
0.02,4.2761841227485,0.40129979158271367
0.02,4.278118745830554,0.4011704409015963
0.02,4.2800533689126095,0.4010413495535434
0.02,4.281987991994663,0.4009125168011979
0.02,4.283922615076718,0.4007839419099401
0.02,4.285857238158773,0.400655624147878
0.02,4.2877918612408275,0.40052756278583274
0.02,4.289726484322882,0.4003997570973274
0.02,4.291661107404937,0.40027220635857347
0.02,4.293595730486992,0.40014490984845963
0.02,4.295530353569046,0.40001786684853885
0.02,4.297464976651101,0.3998910766430164
0.02,4.299399599733156,0.3997645385187377
0.02,4.3013342228152105,0.3996382517651763
0.02,4.303268845897265,0.39951221567442174
0.02,4.30520346897932,0.399386429541168
0.02,4.307138092061375,0.3992608926627013
0.02,4.309072715143429,0.3991356043388883
0.02,4.311007338225484,0.3990105638721645
0.02,4.312941961307539,0.3988857705675228
0.02,4.3148765843895935,0.3987612237325014
0.02,4.316811207471648,0.3986369226771727
0.02,4.318745830553703,0.39851286671413155
0.02,4.320680453635758,0.39838905515848383
0.02,4.322615076717812,0.3982654873278355
0.02,4.324549699799867,0.3981421625422807
0.02,4.326484322881922,0.39801908012439086
0.02,4.328418945963977,0.397896239399204
0.02,4.330353569046031,0.39777363969421226
0.02,4.332288192128086,0.3976512803393522
0.02,4.33422281521014,0.3975291606669937
0.02,4.3361574382921955,0.3974072800119276
0.02,4.338092061374249,0.39728563771135694
0.02,4.340026684456305,0.39716423310488436
0.02,4.341961307538359,0.3970430655345026
0.02,4.343895930620414,0.39692213434458246
0.02,4.345830553702468,0.39680143888186403
0.02,4.347765176784524,0.39668097849544415
0.02,4.349699799866578,0.3965607525367673
0.02,4.351634422948633,0.39644076035961406
0.02,4.353569046030687,0.39632100132009174
0.02,4.355503669112743,0.39620147477662293
0.02,4.3574382921947965,0.39608218008993656
0.02,4.359372915276852,0.395963116623056
0.02,4.361307538358906,0.39584428374129027
0.02,4.3632421614409616,0.3957256808122229
0.02,4.365176784523015,0.3956073072057028
0.02,4.367111407605071,0.3954891622938332
0.02,4.369046030687125,0.3953712454509623
0.02,4.37098065376918,0.3952535560536733
0.02,4.372915276851234,0.39513609348077433
0.02,4.37484989993329,0.3950188571132889
0.02,4.376784523015344,0.3949018463344454
0.02,4.378719146097399,0.3947850605296685
0.02,4.380653769179453,0.39466849908656865
0.02,4.382588392261509,0.3945521613949325
0.02,4.384523015343563,0.394436046846714
0.02,4.386457638425617,0.3943201548360238
0.02,4.388392261507672,0.39420448475912073
0.02,4.390326884589727,0.39408903601440215
0.02,4.3922615076717815,0.39397380800239423
0.02,4.394196130753836,0.3938588001257424
0.02,4.396130753835891,0.3937440117892038
0.02,4.398065376917946,0.3936294423996355
0.02,4.4,0.39351509136598706
