damping_key,linear_mass_key,mass_ratio,bridge_frequency,old_bias,psi_old,f_eff_interp,psi_new,psi_scale_new_over_old,new_bias_projected_psi,bias_ratio_new_over_old
0.005,500,0.3,1.5,0.0458690933134703,0.5555555555555556,1.2890000000000001,0.086666666666667,0.1560000000000006,0.2940326494453213,6.410256410256386
0.005,500,0.3,1.6,0.03546007470854184,0.777777777777778,1.371,0.2688888888888889,0.34571428571428564,0.10257046403297229,2.8925619834710754
0.005,500,0.3,1.7,0.033617208841215426,1.0,1.4509999999999998,0.4466666666666664,0.4466666666666664,0.07526240785346743,2.2388059701492553
0.005,500,0.3,1.75,0.0338080967254371,1.0,1.4909999999999999,0.5355555555555553,0.5355555555555553,0.0631271515620195,1.8672199170124488
0.005,500,0.3,1.8,0.04035963142052619,1.0,1.531,0.6244444444444444,0.6244444444444444,0.064632861705469,1.6014234875444844
0.005,500,0.3,1.85,0.046462562551537634,1.0,1.57,0.7111111111111114,0.7111111111111114,0.06533797858809977,1.4062499999999993
0.005,500,0.3,1.9,0.053295838055120205,1.0,1.6090000000000002,0.7977777777777784,0.7977777777777784,0.06680536803566595,1.2534818941504169
0.005,500,0.3,1.95,0.05548222878926563,1.0,1.6480000000000001,0.8844444444444448,0.8844444444444448,0.06273116320394352,1.1306532663316577
0.005,500,0.3,2.0,0.06283941259295422,1.0,1.687,0.9711111111111114,0.9711111111111114,0.06470877726963248,1.0297482837528602
0.005,500,0.3,2.05,0.08100351305049176,1.0,1.7250000000000003,1.0,1.0,0.08100351305049176,1.0
0.005,500,0.3,2.1,0.07933871393754888,1.0,1.7630000000000003,1.0,1.0,0.07933871393754888,1.0
0.005,500,0.3,2.15,0.10952661077516747,0.7500000000000006,1.8000000000000003,1.0,1.3333333333333324,0.08214495808137566,0.7500000000000006
0.005,500,0.3,2.2,0.17657091329512975,0.4999999999999989,1.8370000000000004,1.0,2.0000000000000044,0.08828545664756468,0.4999999999999989
0.005,500,0.3,2.25,0.3459294497029305,0.25,1.8740000000000003,1.0,4.0,0.08648236242573262,0.25
0.005,500,0.3,2.3,0.3382629094720725,0.25,1.9110000000000003,1.0,4.0,0.08456572736801812,0.25
0.005,500,0.3,2.35,0.3502168151696432,0.25,1.9470000000000003,1.0,4.0,0.0875542037924108,0.25
0.005,500,0.3,2.4,0.39813126943011173,0.25,1.983,1.0,4.0,0.09953281735752793,0.25
0.005,500,0.3,2.45,0.32529469908296876,0.25,2.0180000000000002,1.0,4.0,0.08132367477074219,0.25
0.005,500,0.3,2.5,0.3559884046590114,0.25,2.0530000000000004,1.0,4.0,0.08899710116475285,0.25
0.005,500,0.3,2.55,0.32460305916260085,0.25,2.0880000000000005,1.0,4.0,0.08115076479065021,0.25
0.005,500,0.3,2.6,0.31864309847802935,0.25,2.1220000000000003,0.8899999999999987,3.5599999999999947,0.08950648833652523,0.2808988764044948
0.005,500,0.3,2.65,0.2714670440581309,0.25,2.156,0.7199999999999994,2.8799999999999977,0.09425939029796218,0.3472222222222225
0.005,500,0.3,2.7,0.3046665644760663,0.25,2.1890000000000005,0.5549999999999974,2.2199999999999895,0.13723719120543593,0.45045045045045257
0.005,500,0.3,2.75,0.30620420767258627,0.25,2.2220000000000004,0.3899999999999975,1.55999999999999,0.19628474850806937,0.6410256410256451
0.005,500,0.3,2.8,0.251894487022744,0.25,2.254,0.25,1.0,0.251894487022744,1.0
0.005,500,0.3,2.85,0.1897452015003712,0.25,2.2860000000000005,0.25,1.0,0.1897452015003712,1.0
0.005,500,0.3,2.9,0.1728939579774151,0.25,2.3170000000000006,0.25,1.0,0.1728939579774151,1.0
0.005,500,0.3,2.95,0.17504142758291774,0.25,2.3480000000000003,0.25,1.0,0.17504142758291774,1.0
0.005,500,0.3,3.0,0.16726230534844824,0.25,2.379,0.25,1.0,0.16726230534844824,1.0
0.005,500,0.3,3.1,0.20710272307261965,0.1666666666666667,2.4380000000000006,0.25,1.4999999999999996,0.13806848204841313,0.6666666666666669
0.005,500,0.3,3.2,0.20940519149835565,0.1944444444444445,2.4960000000000004,0.25,1.2857142857142854,0.16287070449872112,0.7777777777777781
0.005,500,0.3,3.3,0.12199739786111685,0.22222222222222218,2.5510000000000006,0.25,1.1250000000000002,0.10844213143210385,0.8888888888888887
0.005,500,0.3,3.4,0.12991548092760194,0.25,2.6060000000000003,0.25,1.0,0.12991548092760194,1.0
0.005,500,0.3,3.45,0.1102355656224136,0.25,4.2449999999998305,0.22187500000010604,0.8875000000004242,0.1242090880251954,1.126760563379743
0.005,500,0.3,3.5,0.1057159802727294,0.25,4.263000000000003,0.21062499999999845,0.8424999999999938,0.12547890833558478,1.1869436201780503
0.005,500,0.3,3.55,0.10625504713713385,0.25,4.283000000000003,0.19812499999999816,0.7924999999999927,0.1340757692582143,1.2618296529968571
0.005,500,0.3,3.6,0.08331219524157235,0.25,4.304000000000002,0.18499999999999875,0.739999999999995,0.11258404762374719,1.3513513513513606
0.005,500,0.3,3.65,0.10855613984554464,0.25,4.327000000000002,0.17062499999999892,0.6824999999999957,0.15905661515830818,1.4652014652014744
0.005,500,0.3,3.7,0.10719345611604614,0.25,4.351000000000002,0.15562499999999888,0.6224999999999955,0.17219832307798702,1.6064257028112567
0.005,500,0.3,3.75,0.09477953266114293,0.25,4.377000000000002,0.139374999999999,0.557499999999996,0.1700081303338899,1.7937219730941834
0.005,500,0.3,3.8,0.09141081713183209,0.25,4.404000000000002,0.12249999999999889,0.48999999999999555,0.18655268802414882,2.040816326530631
0.005,500,0.3,3.85,0.09589644254178871,0.25,4.432000000000002,0.10499999999999857,0.41999999999999427,0.22832486319473813,2.3809523809524133
0.005,500,0.3,3.9,0.09329829811878311,0.25,4.462000000000002,0.08624999999999838,0.34499999999999353,0.27042984961966626,2.8985507246377353
0.005,500,0.3,4.0,0.09765511831566022,0.25,4.525000000000001,0.04687499999999906,0.18749999999999625,0.5208272976835315,5.33333333333344
0.005,750,0.2,1.5,0.04884075202416189,0.5555555555555556,1.3450000000000002,0.21111111111111155,0.3800000000000008,0.12852829480042577,2.631578947368416
0.005,750,0.2,1.6,0.04307867817619278,0.777777777777778,1.4300000000000002,0.4000000000000004,0.5142857142857147,0.08376409645370812,1.944444444444443
0.005,750,0.2,1.7,0.04236026595420346,1.0,1.515,0.5888888888888887,0.5888888888888887,0.07193252709204363,1.6981132075471703
0.005,750,0.2,1.75,0.045037551506671714,1.0,1.5570000000000002,0.6822222222222226,0.6822222222222226,0.06601595497720605,1.465798045602605
0.005,750,0.2,1.8,0.05716736423434416,1.0,1.599,0.7755555555555556,0.7755555555555556,0.07371150116176181,1.2893982808022924
0.005,750,0.2,1.85,0.06439110267503068,1.0,1.6410000000000002,0.8688888888888895,0.8688888888888895,0.07410740717075137,1.150895140664961
0.005,750,0.2,1.9,0.07230061501695223,1.0,1.6820000000000002,0.9600000000000004,0.9600000000000004,0.07531314064265854,1.0416666666666663
0.005,750,0.2,1.95,0.08113043761884291,1.0,1.724,1.0,1.0,0.08113043761884291,1.0
0.005,750,0.2,2.0,0.09128539993882566,1.0,1.7640000000000002,1.0,1.0,0.09128539993882566,1.0
0.005,750,0.2,2.05,0.10422421171857299,1.0,1.8050000000000004,1.0,1.0,0.10422421171857299,1.0
0.005,750,0.2,2.1,0.09713854574565717,1.0,1.8450000000000006,1.0,1.0,0.09713854574565717,1.0
0.005,750,0.2,2.15,0.1405713029723679,0.7500000000000006,1.8850000000000005,1.0,1.3333333333333324,0.105428477229276,0.7500000000000006
0.005,750,0.2,2.2,0.22079793396222538,0.4999999999999989,1.9250000000000005,1.0,2.0000000000000044,0.11039896698111244,0.4999999999999989
0.005,750,0.2,2.25,0.4356350899459884,0.25,1.9640000000000004,1.0,4.0,0.1089087724864971,0.25
0.005,750,0.2,2.3,0.45415042245896403,0.25,2.003,1.0,4.0,0.11353760561474101,0.25
0.005,750,0.2,2.35,0.4540277236482687,0.25,2.0420000000000003,1.0,4.0,0.11350693091206718,0.25
0.005,750,0.2,2.4,0.3825762102638982,0.25,2.081,1.0,4.0,0.09564405256597455,0.25
0.005,750,0.2,2.45,0.3807663770373969,0.25,2.119,0.9049999999999992,3.619999999999997,0.10518408205452962,0.27624309392265217
0.005,750,0.2,2.5,0.3661022709245435,0.25,2.156,0.7199999999999994,2.8799999999999977,0.12711884407102214,0.3472222222222225
0.005,750,0.2,2.55,0.3618553417073052,0.25,2.193,0.5349999999999995,2.139999999999998,0.1690912811716381,0.46728971962616866
0.005,750,0.2,2.6,0.31132271635517617,0.25,2.23,0.34999999999999964,1.3999999999999986,0.22237336882512607,0.7142857142857151
0.005,750,0.2,2.65,0.2640275647710885,0.25,2.267,0.25,1.0,0.2640275647710885,1.0
0.005,750,0.2,2.7,0.24843398377891393,0.25,2.3030000000000004,0.25,1.0,0.24843398377891393,1.0
0.005,750,0.2,2.75,0.20661108420195065,0.25,2.339,0.25,1.0,0.20661108420195065,1.0
0.005,750,0.2,2.8,0.18210184673776686,0.25,2.374,0.25,1.0,0.18210184673776686,1.0
0.005,750,0.2,2.85,0.18439836178449698,0.25,2.4090000000000003,0.25,1.0,0.18439836178449698,1.0
0.005,750,0.2,2.9,0.16238580625952861,0.25,2.4430000000000005,0.25,1.0,0.16238580625952861,1.0
0.005,750,0.2,2.95,0.1977495672775379,0.25,2.4780000000000006,0.25,1.0,0.1977495672775379,1.0
0.005,750,0.2,3.0,0.16885029550720831,0.25,2.511,0.25,1.0,0.16885029550720831,1.0
0.005,750,0.2,3.1,0.20280827199456833,0.1666666666666667,2.5780000000000007,0.25,1.4999999999999996,0.1352055146630456,0.6666666666666669
0.005,750,0.2,3.2,0.13477495322128225,0.1944444444444445,2.6450000000000005,0.25,1.2857142857142854,0.10482496361655289,0.777777777777778
0.005,750,0.2,3.3,0.09763213107102992,0.22222222222222218,2.7110000000000003,0.25,1.1250000000000002,0.08678411650758214,0.8888888888888888
0.005,750,0.2,3.4,0.09545433220013148,0.25,3.9199999999998596,0.25,1.0,0.09545433220013148,1.0
0.005,750,0.2,3.45,0.09693480267537428,0.25,3.944000000000002,0.25,1.0,0.09693480267537428,1.0
0.005,750,0.2,3.5,0.10194347396446778,0.25,3.971000000000002,0.25,1.0,0.10194347396446778,1.0
0.005,750,0.2,3.55,0.08488900007956594,0.25,3.9990000000000014,0.25,1.0,0.08488900007956594,1.0
0.005,750,0.2,3.6,0.1000248104765668,0.25,4.029000000000002,0.25,1.0,0.1000248104765668,1.0
0.005,750,0.2,3.65,0.10108794438793468,0.25,4.061000000000002,0.25,1.0,0.10108794438793468,1.0
0.005,750,0.2,3.7,0.09682439177726725,0.25,4.094000000000002,0.25,1.0,0.09682439177726725,1.0
0.005,750,0.2,3.75,0.10408846531954292,0.25,4.1290000000000004,0.25,1.0,0.10408846531954292,1.0
0.005,750,0.2,3.8,0.10159668348748956,0.25,4.165000000000001,0.25,1.0,0.10159668348748956,1.0
0.005,750,0.2,3.85,0.09674634471092841,0.25,4.202000000000001,0.24874999999999958,0.9949999999999983,0.0972325072471644,1.0050251256281424
0.005,750,0.2,3.9,0.10037655116153982,0.25,4.240000000000001,0.2249999999999994,0.8999999999999976,0.1115295012906001,1.111111111111114
0.005,750,0.2,4.0,0.10347181226922697,0.25,4.318000000000001,0.17624999999999913,0.7049999999999965,0.14676852804145743,1.418439716312064
0.005,1000,0.15,1.5,0.0566215059197712,0.5555555555555556,1.3800000000000001,0.2888888888888892,0.5200000000000006,0.10888751138417527,1.9230769230769211
0.005,1000,0.15,1.6,0.047874450063744516,0.777777777777778,1.4680000000000002,0.4844444444444449,0.6228571428571432,0.07686264918491088,1.6055045871559626
0.005,1000,0.15,1.7,0.047039160209962204,1.0,1.556,0.6800000000000002,0.6800000000000002,0.06917523560288558,1.4705882352941173
0.005,1000,0.15,1.75,0.060750801486910214,1.0,1.6,0.777777777777778,0.777777777777778,0.07810817334031311,1.2857142857142854
0.005,1000,0.15,1.8,0.06774328157349906,1.0,1.6440000000000001,0.875555555555556,0.875555555555556,0.07737176829460549,1.142131979695431
0.005,1000,0.15,1.85,0.0672507577130473,1.0,1.687,0.9711111111111114,0.9711111111111114,0.06925135233608988,1.0297482837528602
0.005,1000,0.15,1.9,0.09018652016281747,1.0,1.73,1.0,1.0,0.09018652016281747,1.0
0.005,1000,0.15,1.95,0.09655208052774394,1.0,1.7730000000000001,1.0,1.0,0.09655208052774394,1.0
0.005,1000,0.15,2.0,0.11064689850513013,1.0,1.815,1.0,1.0,0.11064689850513013,1.0
0.005,1000,0.15,2.05,0.1198022779199124,1.0,1.858,1.0,1.0,0.1198022779199124,1.0
0.005,1000,0.15,2.1,0.12283294187412083,1.0,1.9000000000000006,1.0,1.0,0.12283294187412083,1.0
0.005,1000,0.15,2.15,0.152192885846948,0.7500000000000006,1.9420000000000002,1.0,1.3333333333333324,0.11414466438521109,0.7500000000000006
0.005,1000,0.15,2.2,0.2685762125382621,0.4999999999999989,1.983,1.0,2.0000000000000044,0.13428810626913074,0.4999999999999989
0.005,1000,0.15,2.25,0.4996739639526415,0.25,2.0240000000000005,1.0,4.0,0.12491849098816038,0.25
0.005,1000,0.15,2.3,0.5044483186614944,0.25,2.0650000000000004,1.0,4.0,0.1261120796653736,0.25
0.005,1000,0.15,2.35,0.4703299408675605,0.25,2.1060000000000003,0.9699999999999989,3.8799999999999955,0.12121905692462914,0.2577319587628869
0.005,1000,0.15,2.4,0.40763591060454685,0.25,2.146,0.7700000000000006,3.0800000000000023,0.13234932162485277,0.32467532467532445
0.005,1000,0.15,2.45,0.40067823954452664,0.25,2.1870000000000003,0.5649999999999985,2.259999999999994,0.17729125643563173,0.4424778761061959
0.005,1000,0.15,2.5,0.35074355330853224,0.25,2.2260000000000004,0.3699999999999975,1.47999999999999,0.2369888873706315,0.6756756756756803
0.005,1000,0.15,2.55,0.3112021495086674,0.25,2.266,0.25,1.0,0.3112021495086674,1.0
0.005,1000,0.15,2.6,0.3094883793742952,0.25,2.305,0.25,1.0,0.3094883793742952,1.0
0.005,1000,0.15,2.65,0.25929097894742964,0.25,2.3440000000000003,0.25,1.0,0.25929097894742964,1.0
0.005,1000,0.15,2.7,0.22794977383387627,0.25,2.3830000000000005,0.25,1.0,0.22794977383387627,1.0
0.005,1000,0.15,2.75,0.19686629545509024,0.25,2.4210000000000003,0.25,1.0,0.19686629545509024,1.0
0.005,1000,0.15,2.8,0.22607217515044634,0.25,2.4589999999999996,0.25,1.0,0.22607217515044634,1.0
0.005,1000,0.15,2.85,0.17450210011029468,0.25,2.4970000000000003,0.25,1.0,0.17450210011029468,1.0
0.005,1000,0.15,2.9,0.1483377575349356,0.25,2.535,0.25,1.0,0.1483377575349356,1.0
0.005,1000,0.15,2.95,0.1446370085349082,0.25,2.572,0.25,1.0,0.1446370085349082,1.0
0.005,1000,0.15,3.0,0.14271395147018825,0.25,2.61,0.25,1.0,0.14271395147018825,1.0
0.005,1000,0.15,3.1,0.1668847927339656,0.1666666666666667,2.6870000000000003,0.25,1.4999999999999996,0.11125652848931042,0.6666666666666669
0.005,1000,0.15,3.2,0.13535636160097536,0.1944444444444445,2.766,0.25,1.2857142857142854,0.10527717013409198,0.777777777777778
0.005,1000,0.15,3.3,0.1297031745562637,0.22222222222222218,2.8549999999999995,0.25,1.1250000000000002,0.11529171071667883,0.8888888888888887
0.005,1000,0.15,3.4,0.09792592094687376,0.25,3.6970000000000005,0.25,1.0,0.09792592094687376,1.0
0.005,1000,0.15,3.45,0.10773194994192244,0.25,3.737000000000001,0.25,1.0,0.10773194994192244,1.0
0.005,1000,0.15,3.5,0.0967762473982255,0.25,3.778000000000001,0.25,1.0,0.0967762473982255,1.0
0.005,1000,0.15,3.55,0.09235947225119102,0.25,3.8190000000000004,0.25,1.0,0.09235947225119102,1.0
0.005,1000,0.15,3.6,0.09964724533003556,0.25,3.8600000000000003,0.25,1.0,0.09964724533003556,1.0
0.005,1000,0.15,3.65,0.1088345289447194,0.25,3.9020000000000006,0.25,1.0,0.1088345289447194,1.0
0.005,1000,0.15,3.7,0.1032811774614784,0.25,3.9440000000000013,0.25,1.0,0.1032811774614784,1.0
0.005,1000,0.15,3.75,0.09761510282053087,0.25,3.9870000000000005,0.25,1.0,0.09761510282053087,1.0
0.005,1000,0.15,3.8,0.10363379711744931,0.25,4.03,0.25,1.0,0.10363379711744931,1.0
0.005,1000,0.15,3.85,0.10587799678520204,0.25,4.074000000000001,0.25,1.0,0.10587799678520204,1.0
0.005,1000,0.15,3.9,0.101514204254327,0.25,4.118,0.25,1.0,0.101514204254327,1.0
0.005,1000,0.15,4.0,0.10990287264214575,0.25,4.206,0.24624999999999986,0.9849999999999994,0.111576520448879,1.0152284263959397
0.005,1500,0.1,1.5,0.06031891621106254,0.5555555555555556,1.414,0.3644444444444443,0.6559999999999997,0.09194956739491245,1.5243902439024395
0.005,1500,0.1,1.6,0.04957473401813728,0.777777777777778,1.506,0.568888888888889,0.7314285714285713,0.06777795666542206,1.3671875
0.005,1500,0.1,1.7,0.05440830108972685,1.0,1.5970000000000002,0.7711111111111116,0.7711111111111116,0.07055831553422785,1.2968299711815552
0.005,1500,0.1,1.75,0.06385276094546992,1.0,1.6420000000000001,0.8711111111111115,0.8711111111111115,0.0733003633302588,1.1479591836734688
0.005,1500,0.1,1.8,0.08041341039737318,1.0,1.6880000000000002,0.9733333333333338,0.9733333333333338,0.08261651753154775,1.027397260273972
0.005,1500,0.1,1.85,0.10083109317135185,1.0,1.7330000000000003,1.0,1.0,0.10083109317135185,1.0
0.005,1500,0.1,1.9,0.11329077024740553,1.0,1.7770000000000001,1.0,1.0,0.11329077024740553,1.0
0.005,1500,0.1,1.95,0.11723369197754614,1.0,1.822,1.0,1.0,0.11723369197754614,1.0
0.005,1500,0.1,2.0,0.12394912038539438,1.0,1.866,1.0,1.0,0.12394912038539438,1.0
0.005,1500,0.1,2.05,0.13520242113184305,1.0,1.911,1.0,1.0,0.13520242113184305,1.0
0.005,1500,0.1,2.1,0.14861110296950478,1.0,1.9550000000000005,1.0,1.0,0.14861110296950478,1.0
0.005,1500,0.1,2.15,0.19976288517756835,0.7500000000000006,1.999,1.0,1.3333333333333324,0.14982216388317637,0.7500000000000006
0.005,1500,0.1,2.2,0.2911076652697123,0.4999999999999989,2.042,1.0,2.0000000000000044,0.14555383263485583,0.49999999999999883
0.005,1500,0.1,2.25,0.5945607558310253,0.25,2.086,1.0,4.0,0.14864018895775633,0.25
0.005,1500,0.1,2.3,0.5540235556143056,0.25,2.129,0.8550000000000002,3.420000000000001,0.16199519170008933,0.2923976608187134
0.005,1500,0.1,2.35,0.4728305735383101,0.25,2.1719999999999997,0.6400000000000015,2.560000000000006,0.18469944278840197,0.39062499999999917
0.005,1500,0.1,2.4,0.512579071450846,0.25,2.215,0.4250000000000004,1.7000000000000015,0.3015171008534386,0.5882352941176465
0.005,1500,0.1,2.45,0.43358895268054815,0.25,2.2570000000000006,0.25,1.0,0.43358895268054815,1.0
0.005,1500,0.1,2.5,0.32355136203697277,0.25,2.3,0.25,1.0,0.32355136203697277,1.0
0.005,1500,0.1,2.55,0.32767733148361416,0.25,2.342,0.25,1.0,0.32767733148361416,1.0
0.005,1500,0.1,2.6,0.27885619024502484,0.25,2.3840000000000003,0.25,1.0,0.27885619024502484,1.0
0.005,1500,0.1,2.65,0.2675394505598405,0.25,2.426,0.25,1.0,0.2675394505598405,1.0
0.005,1500,0.1,2.7,0.2102977066516821,0.25,2.4680000000000004,0.25,1.0,0.2102977066516821,1.0
0.005,1500,0.1,2.75,0.19885934513861994,0.25,2.5100000000000002,0.25,1.0,0.19885934513861994,1.0
0.005,1500,0.1,2.8,0.1619327581911082,0.25,2.552,0.25,1.0,0.1619327581911082,1.0
0.005,1500,0.1,2.85,0.1518471215279444,0.25,2.5940000000000003,0.25,1.0,0.1518471215279444,1.0
0.005,1500,0.1,2.9,0.14234271457648137,0.25,2.636,0.25,1.0,0.14234271457648137,1.0
0.005,1500,0.1,2.95,0.11449510818433677,0.25,2.6800000000000006,0.25,1.0,0.11449510818433677,1.0
0.005,1500,0.1,3.0,0.11824360119198976,0.25,2.7239999999999998,0.25,1.0,0.11824360119198976,1.0
0.005,1500,0.1,3.1,0.15428961534847788,0.1666666666666667,2.818,0.25,1.4999999999999996,0.10285974356565195,0.6666666666666669
0.005,1500,0.1,3.2,0.13116869839233036,0.1944444444444445,2.9299999999999993,0.25,1.2857142857142854,0.10202009874959031,0.777777777777778
0.005,1500,0.1,3.3,0.09554842814338249,0.22222222222222218,3.1259999999999946,0.1738888888888874,0.7824999999999934,0.1221066174356336,1.2779552715655058
0.005,1500,0.1,3.4,0.09886440390609778,0.25,3.4719999999999973,0.25,1.0,0.09886440390609778,1.0
0.005,1500,0.1,3.45,0.09758419894805533,0.25,3.5459999999999994,0.25,1.0,0.09758419894805533,1.0
0.005,1500,0.1,3.5,0.09559771876326278,0.25,3.608,0.25,1.0,0.09559771876326278,1.0
0.005,1500,0.1,3.55,0.09544331161441592,0.25,3.6659999999999995,0.25,1.0,0.09544331161441592,1.0
0.005,1500,0.1,3.6,0.10307284032591757,0.25,3.7199999999999998,0.25,1.0,0.10307284032591757,1.0
0.005,1500,0.1,3.65,0.10229956777340492,0.25,3.772,0.25,1.0,0.10229956777340492,1.0
0.005,1500,0.1,3.7,0.10451161136308489,0.25,3.8230000000000004,0.25,1.0,0.10451161136308489,1.0
0.005,1500,0.1,3.75,0.11170419629878192,0.25,3.873,0.25,1.0,0.11170419629878192,1.0
0.005,1500,0.1,3.8,0.11700111644682291,0.25,3.9229999999999996,0.25,1.0,0.11700111644682291,1.0
0.005,1500,0.1,3.85,0.12048070393813222,0.25,3.972,0.25,1.0,0.12048070393813222,1.0
0.005,1500,0.1,3.9,0.12292956322573272,0.25,4.021000000000001,0.25,1.0,0.12292956322573272,1.0
0.005,1500,0.1,4.0,0.12535215361609903,0.25,4.119,0.25,1.0,0.12535215361609903,1.0
0.005,2000,0.05,1.5,0.05902749866685943,0.5555555555555556,1.452,0.44888888888888884,0.8079999999999998,0.07305383498373694,1.2376237623762378
0.005,2000,0.05,1.6,0.054351857646907226,0.777777777777778,1.548,0.6622222222222224,0.8514285714285714,0.06383607441750849,1.1744966442953022
0.005,2000,0.05,1.7,0.06288561908292029,1.0,1.6420000000000001,0.8711111111111115,0.8711111111111115,0.07219012394722989,1.1479591836734688
0.005,2000,0.05,1.75,0.08098262520467157,1.0,1.69,0.9777777777777777,0.9777777777777777,0.08282313941386865,1.0227272727272727
0.005,2000,0.05,1.8,0.09645405394343272,1.0,1.737,1.0,1.0,0.09645405394343272,1.0
0.005,2000,0.05,1.85,0.1136345082550531,1.0,1.784,1.0,1.0,0.1136345082550531,1.0
0.005,2000,0.05,1.9,0.12049749051022711,1.0,1.8309999999999997,1.0,1.0,0.12049749051022711,1.0
0.005,2000,0.05,1.95,0.13638788023205595,1.0,1.878,1.0,1.0,0.13638788023205595,1.0
0.005,2000,0.05,2.0,0.15830685829417687,1.0,1.9240000000000002,1.0,1.0,0.15830685829417687,1.0
0.005,2000,0.05,2.05,0.1636779490931547,1.0,1.971,1.0,1.0,0.1636779490931547,1.0
0.005,2000,0.05,2.1,0.17592222058382107,1.0,2.0180000000000002,1.0,1.0,0.17592222058382107,1.0
0.005,2000,0.05,2.15,0.23122569613793773,0.7500000000000006,2.064,1.0,1.3333333333333324,0.17341927210345343,0.7500000000000006
0.005,2000,0.05,2.2,0.34036181583997865,0.4999999999999989,2.11,0.950000000000001,1.9000000000000061,0.1791377978105145,0.5263157894736825
0.005,2000,0.05,2.25,0.6164185697618352,0.25,2.1559999999999997,0.7200000000000016,2.8800000000000066,0.21403422561174784,0.34722222222222143
0.005,2000,0.05,2.3,0.553651743144218,0.25,2.202,0.49,1.96,0.28247537915521326,0.5102040816326531
0.005,2000,0.05,2.35,0.48416095670308185,0.25,2.248,0.25999999999999834,1.0399999999999934,0.46553938144527396,0.9615384615384677
0.005,2000,0.05,2.4,0.4287855796530784,0.25,2.2939999999999996,0.25,1.0,0.4287855796530784,1.0
0.005,2000,0.05,2.45,0.48719070045476914,0.25,2.34,0.25,1.0,0.48719070045476914,1.0
0.005,2000,0.05,2.5,0.2981463043072749,0.25,2.386,0.25,1.0,0.2981463043072749,1.0
0.005,2000,0.05,2.55,0.3087104211211304,0.25,2.432,0.25,1.0,0.3087104211211304,1.0
0.005,2000,0.05,2.6,0.2668884481060637,0.25,2.4779999999999998,0.25,1.0,0.2668884481060637,1.0
0.005,2000,0.05,2.65,0.22490288920294732,0.25,2.5239999999999996,0.25,1.0,0.22490288920294732,1.0
0.005,2000,0.05,2.7,0.18019851403858664,0.25,2.5700000000000003,0.25,1.0,0.18019851403858664,1.0
0.005,2000,0.05,2.75,0.13579509626377007,0.25,2.617,0.25,1.0,0.13579509626377007,1.0
0.005,2000,0.05,2.8,0.16898335794677094,0.25,2.6649999999999996,0.25,1.0,0.16898335794677094,1.0
0.005,2000,0.05,2.85,0.1279603743276002,0.25,2.713,0.25,1.0,0.1279603743276002,1.0
0.005,2000,0.05,2.9,0.13801618883024516,0.25,2.762,0.25,1.0,0.13801618883024516,1.0
0.005,2000,0.05,2.95,0.10519675477060086,0.25,2.813,0.25,1.0,0.10519675477060086,1.0
0.005,2000,0.05,3.0,0.12332598761769208,0.25,2.8659999999999997,0.25,1.0,0.12332598761769208,1.0
0.005,2000,0.05,3.1,0.1444346695389083,0.1666666666666667,2.981,0.25,1.4999999999999996,0.09628977969260556,0.6666666666666669
0.005,2000,0.05,3.2,0.12292594375352556,0.1944444444444445,3.112999999999999,0.17027777777777756,0.8757142857142843,0.14037220330745193,1.1419249592169676
0.005,2000,0.05,3.3,0.10454642291425498,0.22222222222222218,3.255999999999999,0.20999999999999971,0.9449999999999988,0.11063113535900011,1.0582010582010595
0.005,2000,0.05,3.4,0.09571394221517408,0.25,3.392999999999999,0.24805555555555528,0.9922222222222211,0.09646421947777914,1.007838745800673
0.005,2000,0.05,3.45,0.09033992376669701,0.25,3.456,0.25,1.0,0.09033992376669701,1.0
0.005,2000,0.05,3.5,0.10435036479886069,0.25,3.517,0.25,1.0,0.10435036479886069,1.0
0.005,2000,0.05,3.55,0.10827308775077,0.25,3.5749999999999993,0.25,1.0,0.10827308775077,1.0
0.005,2000,0.05,3.6,0.10804662020328659,0.25,3.6309999999999993,0.25,1.0,0.10804662020328659,1.0
0.005,2000,0.05,3.65,0.10529108402373961,0.25,3.6859999999999995,0.25,1.0,0.10529108402373961,1.0
0.005,2000,0.05,3.7,0.11960070832584044,0.25,3.7390000000000003,0.25,1.0,0.11960070832584044,1.0
0.005,2000,0.05,3.75,0.12985417085468634,0.25,3.7920000000000003,0.25,1.0,0.12985417085468634,1.0
0.005,2000,0.05,3.8,0.12936533702764244,0.25,3.8449999999999998,0.25,1.0,0.12936533702764244,1.0
0.005,2000,0.05,3.85,0.12638638736538885,0.25,3.8960000000000004,0.25,1.0,0.12638638736538885,1.0
0.005,2000,0.05,3.9,0.13707611472993408,0.25,3.948,0.25,1.0,0.13707611472993408,1.0
0.005,2000,0.05,4.0,0.1321962005127011,0.25,4.049,0.25,1.0,0.1321962005127011,1.0
0.01,483,0.3,1.5,0.08912010673656105,0.5555555555555556,1.2890000000000001,0.086666666666667,0.1560000000000006,0.5712827354907738,6.410256410256386
0.01,483,0.3,1.6,0.06631061875972952,0.777777777777778,1.371,0.2688888888888889,0.34571428571428564,0.1918075749248375,2.892561983471075
0.01,483,0.3,1.7,0.060863713176562716,1.0,1.4509999999999998,0.4466666666666664,0.4466666666666664,0.1362620444251405,2.2388059701492553
0.01,483,0.3,1.75,0.06492669214540375,1.0,1.4909999999999999,0.5355555555555553,0.5355555555555553,0.12123241271963361,1.8672199170124488
0.01,483,0.3,1.8,0.07557955891263428,1.0,1.531,0.6244444444444444,0.6244444444444444,0.12103488082094459,1.6014234875444842
0.01,483,0.3,1.85,0.08752388534752115,1.0,1.57,0.7111111111111114,0.7111111111111114,0.12308046376995158,1.4062499999999996
0.01,483,0.3,1.9,0.08824272674089798,1.0,1.6090000000000002,0.7977777777777784,0.7977777777777784,0.11061066026017843,1.2534818941504169
0.01,483,0.3,1.95,0.10979744481174146,1.0,1.6480000000000001,0.8844444444444448,0.8844444444444448,0.12414283961126542,1.1306532663316577
0.01,483,0.3,2.0,0.11961438946323694,1.0,1.6860000000000002,0.9688888888888894,0.9688888888888894,0.12345521848269861,1.0321100917431187
0.01,483,0.3,2.05,0.13421311418921011,1.0,1.7240000000000002,1.0,1.0,0.13421311418921011,1.0
0.01,483,0.3,2.1,0.15807618791602487,1.0,1.7620000000000005,1.0,1.0,0.15807618791602487,1.0
0.01,483,0.3,2.15,0.18789151768044765,0.7500000000000006,1.8000000000000003,1.0,1.3333333333333324,0.14091863826033585,0.7500000000000006
0.01,483,0.3,2.2,0.3172512233432728,0.4999999999999989,1.8370000000000004,1.0,2.0000000000000044,0.15862561167163605,0.4999999999999989
0.01,483,0.3,2.25,0.7127879048251035,0.25,1.8740000000000003,1.0,4.0,0.17819697620627586,0.25
0.01,483,0.3,2.3,0.5806866074195242,0.25,1.9100000000000004,1.0,4.0,0.14517165185488104,0.25
0.01,483,0.3,2.35,0.630172831871769,0.25,1.9460000000000004,1.0,4.0,0.15754320796794224,0.25
0.01,483,0.3,2.4,0.694615467401154,0.25,1.9820000000000002,1.0,4.0,0.1736538668502885,0.25
0.01,483,0.3,2.45,0.5928146259747915,0.25,2.0180000000000002,1.0,4.0,0.14820365649369788,0.25
0.01,483,0.3,2.5,0.5902532664808762,0.25,2.052,1.0,4.0,0.14756331662021904,0.25
0.01,483,0.3,2.55,0.610982433535006,0.25,2.087,1.0,4.0,0.1527456083837515,0.25
0.01,483,0.3,2.6,0.6491916000690634,0.25,2.1210000000000004,0.8949999999999981,3.5799999999999925,0.18133843577348177,0.2793296089385481
0.01,483,0.3,2.65,0.497586310739167,0.25,2.1550000000000002,0.7249999999999989,2.8999999999999955,0.17158148646178198,0.3448275862068971
0.01,483,0.3,2.7,0.5385087930244729,0.25,2.188,0.559999999999999,2.239999999999996,0.24040571117164009,0.44642857142857223
0.01,483,0.3,2.75,0.4469789950262637,0.25,2.2210000000000005,0.39499999999999696,1.5799999999999879,0.2828980981178906,0.6329113924050681
0.01,483,0.3,2.8,0.4675347227822102,0.25,2.253,0.25,1.0,0.4675347227822102,1.0
0.01,483,0.3,2.85,0.41115422731158385,0.25,2.2850000000000006,0.25,1.0,0.41115422731158385,1.0
0.01,483,0.3,2.9,0.4460683311988715,0.25,2.3160000000000003,0.25,1.0,0.4460683311988715,1.0
0.01,483,0.3,2.95,0.3165512083863892,0.25,2.3470000000000004,0.25,1.0,0.3165512083863892,1.0
0.01,483,0.3,3.0,0.37240713401265285,0.25,2.3770000000000002,0.25,1.0,0.37240713401265285,1.0
0.01,483,0.3,3.1,0.43411155181095223,0.1666666666666667,2.4360000000000004,0.25,1.4999999999999996,0.2894077012073016,0.6666666666666669
0.01,483,0.3,3.2,0.2338118326517732,0.1944444444444445,2.494,0.25,1.2857142857142854,0.18185364761804587,0.777777777777778
0.01,483,0.3,3.3,0.23988930011797535,0.22222222222222218,2.549000000000001,0.25,1.1250000000000002,0.21323493343820027,0.8888888888888887
0.01,483,0.3,3.4,0.20127171189253532,0.25,2.603,0.25,1.0,0.20127171189253532,1.0
0.01,483,0.3,3.45,0.19096794276641205,0.25,4.257000000000002,0.2143749999999986,0.8574999999999944,0.22270314025237703,1.1661807580175003
0.01,483,0.3,3.5,0.193774790329304,0.25,4.275000000000003,0.20312499999999817,0.8124999999999927,0.23849204963606863,1.230769230769242
0.01,483,0.3,3.55,0.17521638344326562,0.25,4.295000000000003,0.1906249999999984,0.7624999999999936,0.22979197828625192,1.3114754098360766
0.01,483,0.3,3.6,0.13378464220031092,0.25,4.316000000000002,0.17749999999999902,0.7099999999999961,0.1884290735215657,1.4084507042253598
0.01,483,0.3,3.65,0.19492564044569116,0.25,4.338000000000002,0.16374999999999884,0.6549999999999954,0.2975963976270115,1.5267175572519192
0.01,483,0.3,3.7,0.1642585609093611,0.25,4.363000000000002,0.1481249999999986,0.5924999999999944,0.277229638665591,1.687763713080185
0.01,483,0.3,3.75,0.16677607772228906,0.25,4.388000000000002,0.1324999999999989,0.5299999999999956,0.3146718447590386,1.8867924528302045
0.01,483,0.3,3.8,0.15875672043951194,0.25,4.415000000000002,0.1156249999999988,0.4624999999999952,0.3432577739232726,2.1621621621621845
0.01,483,0.3,3.85,0.15764096099545963,0.25,4.444000000000002,0.09749999999999882,0.3899999999999953,0.4042075922960552,2.564102564102595
0.01,483,0.3,3.9,0.1743286668538946,0.25,4.473000000000002,0.07937499999999886,0.31749999999999545,0.5490666672563688,3.1496062992126435
0.01,483,0.3,4.0,0.17631634183162995,0.25,4.536000000000001,0.03999999999999898,0.15999999999999592,1.1019771364477153,6.25000000000016
0.01,580,0.25,1.5,0.09505259428938104,0.5555555555555556,1.316,0.1466666666666668,0.26400000000000023,0.36004770564159455,3.787878787878785
0.01,580,0.25,1.6,0.06936357954205387,0.777777777777778,1.399,0.3311111111111112,0.4257142857142857,0.16293458281690507,2.348993288590604
0.01,580,0.25,1.7,0.06569995558993613,1.0,1.482,0.5155555555555555,0.5155555555555555,0.12743525868737612,1.9396551724137931
0.01,580,0.25,1.75,0.072841408388406,1.0,1.523,0.6066666666666666,0.6066666666666666,0.12006825558528463,1.6483516483516485
0.01,580,0.25,1.8,0.0879443186986666,1.0,1.563,0.6955555555555555,0.6955555555555555,0.12643751889584656,1.4376996805111821
0.01,580,0.25,1.85,0.09398039368207943,1.0,1.604,0.786666666666667,0.786666666666667,0.11946660213823652,1.2711864406779656
0.01,580,0.25,1.9,0.11330003562122043,1.0,1.6440000000000001,0.875555555555556,0.875555555555556,0.12940359398362733,1.142131979695431
0.01,580,0.25,1.95,0.11257306837047372,1.0,1.6840000000000002,0.9644444444444449,0.9644444444444449,0.11672322757307177,1.036866359447004
0.01,580,0.25,2.0,0.14197599708242487,1.0,1.723,1.0,1.0,0.14197599708242487,1.0
0.01,580,0.25,2.05,0.14247114660574461,1.0,1.7630000000000001,1.0,1.0,0.14247114660574461,1.0
0.01,580,0.25,2.1,0.1580720812436953,1.0,1.8020000000000005,1.0,1.0,0.1580720812436953,1.0
0.01,580,0.25,2.15,0.21305821239241332,0.7500000000000006,1.8400000000000003,1.0,1.3333333333333324,0.1597936592943101,0.7500000000000006
0.01,580,0.25,2.2,0.3476254060313481,0.4999999999999989,1.8790000000000002,1.0,2.0000000000000044,0.17381270301567367,0.4999999999999989
0.01,580,0.25,2.25,0.7078370914899427,0.25,1.9170000000000005,1.0,4.0,0.17695927287248567,0.25
0.01,580,0.25,2.3,0.7486163907006044,0.25,1.9540000000000004,1.0,4.0,0.1871540976751511,0.25
0.01,580,0.25,2.35,0.766111312564107,0.25,1.9920000000000004,1.0,4.0,0.19152782814102676,0.25
0.01,580,0.25,2.4,0.6853874795528945,0.25,2.028,1.0,4.0,0.17134686988822362,0.25
0.01,580,0.25,2.45,0.6264515001001312,0.25,2.0650000000000004,1.0,4.0,0.1566128750250328,0.25
0.01,580,0.25,2.5,0.630997923313991,0.25,2.1010000000000004,0.9949999999999983,3.9799999999999933,0.15854219178743517,0.2512562814070356
0.01,580,0.25,2.55,0.6270921204414486,0.25,2.137,0.8150000000000002,3.2600000000000007,0.19235954614768358,0.30674846625766866
0.01,580,0.25,2.6,0.4833778033342425,0.25,2.1719999999999997,0.6400000000000015,2.560000000000006,0.18881945442743805,0.3906249999999991
0.01,580,0.25,2.65,0.5417634388136315,0.25,2.207,0.46500000000000047,1.8600000000000019,0.2912706660288339,0.5376344086021501
0.01,580,0.25,2.7,0.44932408398408374,0.25,2.2410000000000005,0.29499999999999676,1.179999999999987,0.38078312202041414,0.8474576271186534
0.01,580,0.25,2.75,0.5215698228184192,0.25,2.2750000000000004,0.25,1.0,0.5215698228184192,1.0
0.01,580,0.25,2.8,0.3970038328691058,0.25,2.309,0.25,1.0,0.3970038328691058,1.0
0.01,580,0.25,2.85,0.3719792712299416,0.25,2.3420000000000005,0.25,1.0,0.3719792712299416,1.0
0.01,580,0.25,2.9,0.3788348664497338,0.25,2.3740000000000006,0.25,1.0,0.3788348664497338,1.0
0.01,580,0.25,2.95,0.345861418128183,0.25,2.4060000000000006,0.25,1.0,0.345861418128183,1.0
0.01,580,0.25,3.0,0.3172611728707802,0.25,2.438,0.25,1.0,0.3172611728707802,1.0
0.01,580,0.25,3.1,0.3905023672380763,0.1666666666666667,2.5000000000000004,0.25,1.4999999999999996,0.26033491149205096,0.6666666666666669
0.01,580,0.25,3.2,0.3377636783757611,0.1944444444444445,2.5610000000000004,0.25,1.2857142857142854,0.2627050831811476,0.777777777777778
0.01,580,0.25,3.3,0.23860650823054108,0.22222222222222218,2.62,0.25,1.1250000000000002,0.21209467398270315,0.8888888888888887
0.01,580,0.25,3.4,0.2338222738287722,0.25,4.095999999999826,0.25,1.0,0.2338222738287722,1.0
0.01,580,0.25,3.45,0.17249540697622304,0.25,4.115000000000003,0.25,1.0,0.17249540697622304,1.0
0.01,580,0.25,3.5,0.21865302899208994,0.25,4.136000000000003,0.25,1.0,0.21865302899208994,1.0
0.01,580,0.25,3.55,0.17432843803149745,0.25,4.159000000000002,0.25,1.0,0.17432843803149745,1.0
0.01,580,0.25,3.6,0.15948167813100736,0.25,4.183000000000002,0.25,1.0,0.15948167813100736,1.0
0.01,580,0.25,3.65,0.17869515730371885,0.25,4.209000000000001,0.24437499999999923,0.9774999999999969,0.18280834506774365,1.0230179028133026
0.01,580,0.25,3.7,0.1642911218744414,0.25,4.237000000000002,0.2268749999999989,0.9074999999999956,0.18103704889745695,1.1019283746556527
0.01,580,0.25,3.75,0.15051264350191254,0.25,4.266000000000002,0.20874999999999894,0.8349999999999957,0.18025466287654288,1.1976047904191678
0.01,580,0.25,3.8,0.1417955433569496,0.25,4.297000000000001,0.18937499999999965,0.7574999999999986,0.1871888361147853,1.3201320132013226
0.01,580,0.25,3.85,0.15739551626361223,0.25,4.3290000000000015,0.16937499999999905,0.6774999999999962,0.23231810518614482,1.4760147601476097
0.01,580,0.25,3.9,0.16469419306590893,0.25,4.362000000000002,0.1487499999999988,0.5949999999999952,0.2767969631359836,1.6806722689075766
0.01,580,0.25,4.0,0.15154041864577544,0.25,4.431000000000001,0.10562499999999933,0.4224999999999973,0.358675547090595,2.3668639053254585
0.01,725,0.2,1.5,0.09981308337103108,0.5555555555555556,1.3450000000000002,0.21111111111111155,0.3800000000000008,0.2626660088711339,2.631578947368416
0.01,725,0.2,1.6,0.07924554391361448,0.777777777777778,1.4300000000000002,0.4000000000000004,0.5142857142857147,0.1540885576098058,1.9444444444444429
0.01,725,0.2,1.7,0.06963303184297431,1.0,1.515,0.5888888888888887,0.5888888888888887,0.11824477105410737,1.6981132075471705
0.01,725,0.2,1.75,0.08166159342653231,1.0,1.5570000000000002,0.6822222222222226,0.6822222222222226,0.1196994040454056,1.465798045602605
0.01,725,0.2,1.8,0.09774193552612878,1.0,1.599,0.7755555555555556,0.7755555555555556,0.12602828362967894,1.2893982808022921
0.01,725,0.2,1.85,0.10666470960110609,1.0,1.6410000000000002,0.8688888888888895,0.8688888888888895,0.1227598959603522,1.1508951406649608
0.01,725,0.2,1.9,0.13723916403417835,1.0,1.6820000000000002,0.9600000000000004,0.9600000000000004,0.14295746253560238,1.041666666666666
0.01,725,0.2,1.95,0.14068508789074674,1.0,1.723,1.0,1.0,0.14068508789074674,1.0
0.01,725,0.2,2.0,0.15792413002498681,1.0,1.7640000000000002,1.0,1.0,0.15792413002498681,1.0
0.01,725,0.2,2.05,0.1603511967229929,1.0,1.8050000000000004,1.0,1.0,0.1603511967229929,1.0
0.01,725,0.2,2.1,0.19135337540930691,1.0,1.8450000000000006,1.0,1.0,0.19135337540930691,1.0
0.01,725,0.2,2.15,0.2520337333805512,0.7500000000000006,1.8850000000000005,1.0,1.3333333333333324,0.18902530003541354,0.7500000000000006
0.01,725,0.2,2.2,0.3919425179322328,0.4999999999999989,1.9250000000000005,1.0,2.0000000000000044,0.19597125896611595,0.4999999999999989
0.01,725,0.2,2.25,0.7873772735175594,0.25,1.9640000000000004,1.0,4.0,0.19684431837938984,0.25
0.01,725,0.2,2.3,0.8159285974439335,0.25,2.003,1.0,4.0,0.20398214936098338,0.25
0.01,725,0.2,2.35,0.7505363870026143,0.25,2.0420000000000003,1.0,4.0,0.18763409675065357,0.25
0.01,725,0.2,2.4,0.63660228572641,0.25,2.08,1.0,4.0,0.1591505714316025,0.25
0.01,725,0.2,2.45,0.6972934003097001,0.25,2.1180000000000003,0.9099999999999987,3.639999999999995,0.1915641209642036,0.27472527472527514
0.01,725,0.2,2.5,0.6433123908866223,0.25,2.1550000000000002,0.7249999999999989,2.8999999999999955,0.22183185892642182,0.3448275862068971
0.01,725,0.2,2.55,0.6146047474115554,0.25,2.192,0.5399999999999989,2.1599999999999957,0.2845392349127577,0.4629629629629639
0.01,725,0.2,2.6,0.5840836183836386,0.25,2.229,0.35499999999999915,1.4199999999999966,0.41132649181946485,0.7042253521126778
0.01,725,0.2,2.65,0.47839582766426314,0.25,2.266,0.25,1.0,0.47839582766426314,1.0
0.01,725,0.2,2.7,0.4680128741380905,0.25,2.3020000000000005,0.25,1.0,0.4680128741380905,1.0
0.01,725,0.2,2.75,0.45009330763452254,0.25,2.337,0.25,1.0,0.45009330763452254,1.0
0.01,725,0.2,2.8,0.3930765450906228,0.25,2.372,0.25,1.0,0.3930765450906228,1.0
0.01,725,0.2,2.85,0.3738076934117501,0.25,2.4070000000000005,0.25,1.0,0.3738076934117501,1.0
0.01,725,0.2,2.9,0.3771942466205982,0.25,2.442,0.25,1.0,0.3771942466205982,1.0
0.01,725,0.2,2.95,0.2387126101046493,0.25,2.4760000000000004,0.25,1.0,0.2387126101046493,1.0
0.01,725,0.2,3.0,0.30886362103956605,0.25,2.5090000000000003,0.25,1.0,0.30886362103956605,1.0
0.01,725,0.2,3.1,0.30416066899685457,0.1666666666666667,2.576000000000001,0.25,1.4999999999999996,0.20277377933123644,0.6666666666666669
0.01,725,0.2,3.2,0.2552088504071057,0.1944444444444445,2.6420000000000003,0.25,1.2857142857142854,0.19849577253886005,0.777777777777778
0.01,725,0.2,3.3,0.21548532775766607,0.22222222222222218,2.708,0.25,1.1250000000000002,0.19154251356236981,0.8888888888888887
0.01,725,0.2,3.4,0.1829631586579871,0.25,3.9320000000000017,0.25,1.0,0.1829631586579871,1.0
0.01,725,0.2,3.45,0.16917216982210012,0.25,3.9560000000000017,0.25,1.0,0.16917216982210012,1.0
0.01,725,0.2,3.5,0.17492939864346835,0.25,3.983000000000002,0.25,1.0,0.17492939864346835,1.0
0.01,725,0.2,3.55,0.1798927553414116,0.25,4.011000000000002,0.25,1.0,0.1798927553414116,1.0
0.01,725,0.2,3.6,0.1673324768824392,0.25,4.041000000000002,0.25,1.0,0.1673324768824392,1.0
0.01,725,0.2,3.65,0.18426642747066382,0.25,4.072000000000002,0.25,1.0,0.18426642747066382,1.0
0.01,725,0.2,3.7,0.17415028137602837,0.25,4.105000000000001,0.25,1.0,0.17415028137602837,1.0
0.01,725,0.2,3.75,0.15786668008746366,0.25,4.140000000000001,0.25,1.0,0.15786668008746366,1.0
0.01,725,0.2,3.8,0.1665589038086745,0.25,4.175000000000001,0.25,1.0,0.1665589038086745,1.0
0.01,725,0.2,3.85,0.1645026303936398,0.25,4.212000000000001,0.24249999999999972,0.9699999999999989,0.16959034061199998,1.0309278350515476
0.01,725,0.2,3.9,0.16660765468259287,0.25,4.2490000000000006,0.21937499999999974,0.877499999999999,0.1898662731425562,1.139601139601141
0.01,725,0.2,4.0,0.15319060405692767,0.25,4.327000000000001,0.17062499999999947,0.6824999999999979,0.22445509751930862,1.4652014652014695
0.01,967,0.15,1.5,0.09838269520523056,0.5555555555555556,1.3800000000000001,0.2888888888888892,0.5200000000000006,0.18919749077928935,1.9230769230769211
0.01,967,0.15,1.6,0.08643396778858518,0.777777777777778,1.4680000000000002,0.4844444444444449,0.6228571428571432,0.1387701317706642,1.6055045871559621
0.01,967,0.15,1.7,0.08111343660453407,1.0,1.556,0.6800000000000002,0.6800000000000002,0.11928446559490302,1.4705882352941173
0.01,967,0.15,1.75,0.10149197011510702,1.0,1.6,0.777777777777778,0.777777777777778,0.1304896758622804,1.2857142857142854
0.01,967,0.15,1.8,0.11691038197173309,1.0,1.6440000000000001,0.875555555555556,0.875555555555556,0.13352708600832452,1.1421319796954308
0.01,967,0.15,1.85,0.12663345500882234,1.0,1.687,0.9711111111111114,0.9711111111111114,0.13040058296102983,1.02974828375286
0.01,967,0.15,1.9,0.1485375743170255,1.0,1.73,1.0,1.0,0.1485375743170255,1.0
0.01,967,0.15,1.95,0.15729422768860504,1.0,1.7730000000000001,1.0,1.0,0.15729422768860504,1.0
0.01,967,0.15,2.0,0.17171696619733323,1.0,1.815,1.0,1.0,0.17171696619733323,1.0
0.01,967,0.15,2.05,0.20674515225497292,1.0,1.8570000000000002,1.0,1.0,0.20674515225497292,1.0
0.01,967,0.15,2.1,0.21819059126590332,1.0,1.8990000000000005,1.0,1.0,0.21819059126590332,1.0
0.01,967,0.15,2.15,0.2689404830148122,0.7500000000000006,1.9410000000000003,1.0,1.3333333333333324,0.2017053622611093,0.7500000000000006
0.01,967,0.15,2.2,0.3853417729652825,0.4999999999999989,1.983,1.0,2.0000000000000044,0.19267088648264083,0.49999999999999895
0.01,967,0.15,2.25,1.004435589654522,0.25,2.0240000000000005,1.0,4.0,0.2511088974136305,0.25
0.01,967,0.15,2.3,0.8978437596656426,0.25,2.0650000000000004,1.0,4.0,0.22446093991641064,0.25
0.01,967,0.15,2.35,0.8185459622932807,0.25,2.1050000000000004,0.9749999999999983,3.8999999999999932,0.20988358007520055,0.2564102564102569
0.01,967,0.15,2.4,0.7973410104965236,0.25,2.146,0.7700000000000006,3.0800000000000023,0.2588769514599101,0.32467532467532445
0.01,967,0.15,2.45,0.6203549069919633,0.25,2.1860000000000004,0.569999999999998,2.279999999999992,0.2720854855227919,0.43859649122807176
0.01,967,0.15,2.5,0.6488248993443396,0.25,2.2250000000000005,0.37499999999999695,1.4999999999999878,0.43254993289622995,0.6666666666666721
0.01,967,0.15,2.55,0.564456556172029,0.25,2.265,0.25,1.0,0.564456556172029,1.0
0.01,967,0.15,2.6,0.46472019558472627,0.25,2.3040000000000003,0.25,1.0,0.46472019558472627,1.0
0.01,967,0.15,2.65,0.4895719470081381,0.25,2.343,0.25,1.0,0.4895719470081381,1.0
0.01,967,0.15,2.7,0.43685721179409637,0.25,2.3810000000000007,0.25,1.0,0.43685721179409637,1.0
0.01,967,0.15,2.75,0.37667576267086583,0.25,2.419,0.25,1.0,0.37667576267086583,1.0
0.01,967,0.15,2.8,0.3389964796170309,0.25,2.457,0.25,1.0,0.3389964796170309,1.0
0.01,967,0.15,2.85,0.2716120015908253,0.25,2.495,0.25,1.0,0.2716120015908253,1.0
0.01,967,0.15,2.9,0.3211702443192349,0.25,2.5330000000000004,0.25,1.0,0.3211702443192349,1.0
0.01,967,0.15,2.95,0.2757935430494354,0.25,2.5700000000000003,0.25,1.0,0.2757935430494354,1.0
0.01,967,0.15,3.0,0.2893331419303229,0.25,2.608,0.25,1.0,0.2893331419303229,1.0
0.01,967,0.15,3.1,0.2561761658806645,0.1666666666666667,2.684,0.25,1.4999999999999996,0.1707841105871097,0.6666666666666669
0.01,967,0.15,3.2,0.2343447699741134,0.1944444444444445,2.763,0.25,1.2857142857142854,0.1822681544243105,0.777777777777778
0.01,967,0.15,3.3,0.19799690104299125,0.22222222222222218,2.8519999999999994,0.25,1.1250000000000002,0.17599724537154776,0.8888888888888888
0.01,967,0.15,3.4,0.15846421654789966,0.25,3.7110000000000007,0.25,1.0,0.15846421654789966,1.0
0.01,967,0.15,3.45,0.14816479192285928,0.25,3.750000000000001,0.25,1.0,0.14816479192285928,1.0
0.01,967,0.15,3.5,0.16722890617427508,0.25,3.790000000000001,0.25,1.0,0.16722890617427508,1.0
0.01,967,0.15,3.55,0.1563065067705793,0.25,3.8300000000000005,0.25,1.0,0.1563065067705793,1.0
0.01,967,0.15,3.6,0.1712211656848307,0.25,3.8710000000000004,0.25,1.0,0.1712211656848307,1.0
0.01,967,0.15,3.65,0.17241298076560618,0.25,3.912000000000001,0.25,1.0,0.17241298076560618,1.0
0.01,967,0.15,3.7,0.16513943416568203,0.25,3.954000000000001,0.25,1.0,0.16513943416568203,1.0
0.01,967,0.15,3.75,0.16437498779494772,0.25,3.9960000000000004,0.25,1.0,0.16437498779494772,1.0
0.01,967,0.15,3.8,0.1778362766338705,0.25,4.039000000000001,0.25,1.0,0.1778362766338705,1.0
0.01,967,0.15,3.85,0.18345734153706791,0.25,4.082000000000001,0.25,1.0,0.18345734153706791,1.0
0.01,967,0.15,3.9,0.17151245583193056,0.25,4.126000000000001,0.25,1.0,0.17151245583193056,1.0
0.01,967,0.15,4.0,0.1758095266422615,0.25,4.2139999999999995,0.2412500000000004,0.9650000000000016,0.18218603797125513,1.0362694300518118
0.01,1450,0.1,1.5,0.10257963053362891,0.5555555555555556,1.414,0.3644444444444443,0.6559999999999997,0.15637138800858072,1.5243902439024397
0.01,1450,0.1,1.6,0.10360954174036646,0.777777777777778,1.506,0.568888888888889,0.7314285714285713,0.1416536703481573,1.3671875000000002
0.01,1450,0.1,1.7,0.0995634119856752,1.0,1.5970000000000002,0.7711111111111116,0.7711111111111116,0.1291168166961205,1.2968299711815554
0.01,1450,0.1,1.75,0.11947924222508455,1.0,1.6420000000000001,0.8711111111111115,0.8711111111111115,0.1371572933706327,1.1479591836734688
0.01,1450,0.1,1.8,0.1488659781312911,1.0,1.6880000000000002,0.9733333333333338,0.9733333333333338,0.15294449808009353,1.027397260273972
0.01,1450,0.1,1.85,0.1702384288941879,1.0,1.7320000000000002,1.0,1.0,0.1702384288941879,1.0
0.01,1450,0.1,1.9,0.19523848391382082,1.0,1.7770000000000001,1.0,1.0,0.19523848391382082,1.0
0.01,1450,0.1,1.95,0.22417628489525915,1.0,1.822,1.0,1.0,0.22417628489525915,1.0
0.01,1450,0.1,2.0,0.2329843913931651,1.0,1.866,1.0,1.0,0.2329843913931651,1.0
0.01,1450,0.1,2.05,0.2247689701220952,1.0,1.9100000000000001,1.0,1.0,0.2247689701220952,1.0
0.01,1450,0.1,2.1,0.23897458527908474,1.0,1.9540000000000006,1.0,1.0,0.23897458527908474,1.0
0.01,1450,0.1,2.15,0.3532514109275428,0.7500000000000006,1.9980000000000002,1.0,1.3333333333333324,0.2649385581956573,0.7500000000000006
0.01,1450,0.1,2.2,0.5117091939497449,0.4999999999999989,2.042,1.0,2.0000000000000044,0.2558545969748719,0.4999999999999989
0.01,1450,0.1,2.25,1.0301503101896696,0.25,2.0850000000000004,1.0,4.0,0.2575375775474174,0.25
0.01,1450,0.1,2.3,0.9557218745607728,0.25,2.1280000000000006,0.8599999999999974,3.4399999999999897,0.2778261263258069,0.2906976744186055
0.01,1450,0.1,2.35,0.8900629752907782,0.25,2.1710000000000003,0.6449999999999987,2.5799999999999947,0.34498564933751164,0.387596899224807
0.01,1450,0.1,2.4,0.829462461980502,0.25,2.214,0.4299999999999998,1.7199999999999993,0.48224561743052463,0.5813953488372096
0.01,1450,0.1,2.45,0.7818301473267892,0.25,2.2560000000000007,0.25,1.0,0.7818301473267892,1.0
0.01,1450,0.1,2.5,0.5202227309224221,0.25,2.2990000000000004,0.25,1.0,0.5202227309224221,1.0
0.01,1450,0.1,2.55,0.6144730881718061,0.25,2.341,0.25,1.0,0.6144730881718061,1.0
0.01,1450,0.1,2.6,0.5638667602064857,0.25,2.383,0.25,1.0,0.5638667602064857,1.0
0.01,1450,0.1,2.65,0.4416859724528324,0.25,2.4250000000000003,0.25,1.0,0.4416859724528324,1.0
0.01,1450,0.1,2.7,0.3411542457457894,0.25,2.4660000000000006,0.25,1.0,0.3411542457457894,1.0
0.01,1450,0.1,2.75,0.3419777469823922,0.25,2.508,0.25,1.0,0.3419777469823922,1.0
0.01,1450,0.1,2.8,0.3108584812450007,0.25,2.55,0.25,1.0,0.3108584812450007,1.0
0.01,1450,0.1,2.85,0.27254020121920597,0.25,2.5920000000000005,0.25,1.0,0.27254020121920597,1.0
0.01,1450,0.1,2.9,0.2752463712910687,0.25,2.6340000000000003,0.25,1.0,0.2752463712910687,1.0
0.01,1450,0.1,2.95,0.21315098102456148,0.25,2.6780000000000004,0.25,1.0,0.21315098102456148,1.0
0.01,1450,0.1,3.0,0.20717300328130522,0.25,2.7219999999999995,0.25,1.0,0.20717300328130522,1.0
0.01,1450,0.1,3.1,0.3352953170641291,0.1666666666666667,2.815,0.25,1.4999999999999996,0.2235302113760861,0.6666666666666669
0.01,1450,0.1,3.2,0.2194869507916804,0.1944444444444445,2.926999999999999,0.25,1.2857142857142854,0.1707120728379737,0.7777777777777781
0.01,1450,0.1,3.3,0.18104284801879056,0.22222222222222218,3.130999999999994,0.17527777777777614,0.7887499999999928,0.22953134455631344,1.2678288431061924
0.01,1450,0.1,3.4,0.16412806240322533,0.25,3.4859999999999975,0.25,1.0,0.16412806240322533,1.0
0.01,1450,0.1,3.45,0.15824685933819746,0.25,3.5569999999999995,0.25,1.0,0.15824685933819746,1.0
0.01,1450,0.1,3.5,0.1670936339185911,0.25,3.618,0.25,1.0,0.1670936339185911,1.0
0.01,1450,0.1,3.55,0.16813457748812005,0.25,3.6749999999999994,0.25,1.0,0.16813457748812005,1.0
0.01,1450,0.1,3.6,0.16565678467946832,0.25,3.728,0.25,1.0,0.16565678467946832,1.0
0.01,1450,0.1,3.65,0.18815403888130336,0.25,3.78,0.25,1.0,0.18815403888130336,1.0
0.01,1450,0.1,3.7,0.17844985699040533,0.25,3.8310000000000004,0.25,1.0,0.17844985699040533,1.0
0.01,1450,0.1,3.75,0.19002463092703634,0.25,3.8810000000000002,0.25,1.0,0.19002463092703634,1.0
0.01,1450,0.1,3.8,0.1837992424697036,0.25,3.9299999999999997,0.25,1.0,0.1837992424697036,1.0
0.01,1450,0.1,3.85,0.19292805441413383,0.25,3.979,0.25,1.0,0.19292805441413383,1.0
0.01,1450,0.1,3.9,0.20016121872779388,0.25,4.027000000000001,0.25,1.0,0.20016121872779388,1.0
0.01,1450,0.1,4.0,0.19039036695448172,0.25,4.124,0.25,1.0,0.19039036695448172,1.0
0.01,2900,0.05,1.5,0.10889668815529673,0.5555555555555556,1.452,0.44888888888888884,0.8079999999999998,0.13477312890507023,1.2376237623762378
0.01,2900,0.05,1.6,0.11391254497517933,0.777777777777778,1.548,0.6622222222222224,0.8514285714285714,0.1337899018164858,1.1744966442953022
0.01,2900,0.05,1.7,0.12473707802812092,1.0,1.6420000000000001,0.8711111111111115,0.8711111111111115,0.14319307426697547,1.1479591836734688
0.01,2900,0.05,1.75,0.17351076599323673,1.0,1.69,0.9777777777777777,0.9777777777777777,0.17745419249308303,1.0227272727272727
0.01,2900,0.05,1.8,0.18725732799677253,1.0,1.737,1.0,1.0,0.18725732799677253,1.0
0.01,2900,0.05,1.85,0.21692793912336036,1.0,1.784,1.0,1.0,0.21692793912336036,1.0
0.01,2900,0.05,1.9,0.2459742435203652,1.0,1.8309999999999997,1.0,1.0,0.2459742435203652,1.0
0.01,2900,0.05,1.95,0.26843845088434454,1.0,1.878,1.0,1.0,0.26843845088434454,1.0
0.01,2900,0.05,2.0,0.3226509731408928,1.0,1.9240000000000002,1.0,1.0,0.3226509731408928,1.0
0.01,2900,0.05,2.05,0.29220648286602086,1.0,1.971,1.0,1.0,0.29220648286602086,1.0
0.01,2900,0.05,2.1,0.31328907241070597,1.0,2.0170000000000003,1.0,1.0,0.31328907241070597,1.0
0.01,2900,0.05,2.15,0.41225585467987663,0.7500000000000006,2.064,1.0,1.3333333333333324,0.3091918910099077,0.7500000000000006
0.01,2900,0.05,2.2,0.5471447905427349,0.4999999999999989,2.11,0.950000000000001,1.9000000000000061,0.2879709423909122,0.5263157894736825
0.01,2900,0.05,2.25,1.1320240486084667,0.25,2.1559999999999997,0.7200000000000016,2.8800000000000066,0.3930639057668278,0.34722222222222143
0.01,2900,0.05,2.3,1.0053741089509984,0.25,2.202,0.49,1.96,0.5129459739545911,0.5102040816326531
0.01,2900,0.05,2.35,0.7960322389215146,0.25,2.248,0.25999999999999834,1.0399999999999934,0.7654156143476151,0.9615384615384676
0.01,2900,0.05,2.4,0.8120824115190436,0.25,2.2939999999999996,0.25,1.0,0.8120824115190436,1.0
0.01,2900,0.05,2.45,0.7456678403629913,0.25,2.34,0.25,1.0,0.7456678403629913,1.0
0.01,2900,0.05,2.5,0.6540685901721707,0.25,2.3850000000000002,0.25,1.0,0.6540685901721707,1.0
0.01,2900,0.05,2.55,0.47485186002723895,0.25,2.4309999999999996,0.25,1.0,0.47485186002723895,1.0
0.01,2900,0.05,2.6,0.44996492828379686,0.25,2.477,0.25,1.0,0.44996492828379686,1.0
0.01,2900,0.05,2.65,0.4159602392124483,0.25,2.5229999999999997,0.25,1.0,0.4159602392124483,1.0
0.01,2900,0.05,2.7,0.31573025728099574,0.25,2.5690000000000004,0.25,1.0,0.31573025728099574,1.0
0.01,2900,0.05,2.75,0.25681025371729715,0.25,2.616,0.25,1.0,0.25681025371729715,1.0
0.01,2900,0.05,2.8,0.24795609678376143,0.25,2.6629999999999994,0.25,1.0,0.24795609678376143,1.0
0.01,2900,0.05,2.85,0.24584868457381936,0.25,2.712,0.25,1.0,0.24584868457381936,1.0
0.01,2900,0.05,2.9,0.2187559374660968,0.25,2.761,0.25,1.0,0.2187559374660968,1.0
0.01,2900,0.05,2.95,0.19026555577230383,0.25,2.812,0.25,1.0,0.19026555577230383,1.0
0.01,2900,0.05,3.0,0.20205224412108985,0.25,2.8649999999999998,0.25,1.0,0.20205224412108985,1.0
0.01,2900,0.05,3.1,0.21228105457155944,0.1666666666666667,2.9799999999999995,0.25,1.4999999999999996,0.14152070304770634,0.6666666666666669
0.01,2900,0.05,3.2,0.23206744207952792,0.1944444444444445,3.112999999999999,0.17027777777777756,0.8757142857142843,0.26500360433225095,1.1419249592169678
0.01,2900,0.05,3.3,0.17329458029342376,0.22222222222222218,3.2589999999999986,0.21083333333333296,0.9487499999999984,0.18265568410374075,1.0540184453227948
0.01,2900,0.05,3.4,0.16905032390079366,0.25,3.396999999999999,0.2491666666666664,0.9966666666666656,0.1696157095994587,1.0033444816053523
0.01,2900,0.05,3.45,0.16514670901597447,0.25,3.4599999999999995,0.25,1.0,0.16514670901597447,1.0
0.01,2900,0.05,3.5,0.17236834055641864,0.25,3.521,0.25,1.0,0.17236834055641864,1.0
0.01,2900,0.05,3.55,0.1664159034515632,0.25,3.5789999999999993,0.25,1.0,0.1664159034515632,1.0
0.01,2900,0.05,3.6,0.17289957569363998,0.25,3.6349999999999993,0.25,1.0,0.17289957569363998,1.0
0.01,2900,0.05,3.65,0.2205305705141838,0.25,3.6899999999999995,0.25,1.0,0.2205305705141838,1.0
0.01,2900,0.05,3.7,0.21096141992715076,0.25,3.7430000000000003,0.25,1.0,0.21096141992715076,1.0
0.01,2900,0.05,3.75,0.23304885207412604,0.25,3.796,0.25,1.0,0.23304885207412604,1.0
0.01,2900,0.05,3.8,0.21849322764590737,0.25,3.848,0.25,1.0,0.21849322764590737,1.0
0.01,2900,0.05,3.85,0.2094502807084814,0.25,3.9,0.25,1.0,0.2094502807084814,1.0
0.01,2900,0.05,3.9,0.2163834313252117,0.25,3.951,0.25,1.0,0.2163834313252117,1.0
0.01,2900,0.05,4.0,0.2517004297443137,0.25,4.052,0.25,1.0,0.2517004297443137,1.0
0.015,483,0.3,1.5,0.1371634016567903,0.5555555555555556,1.2890000000000001,0.086666666666667,0.1560000000000006,0.8792525747230113,6.410256410256385
0.015,483,0.3,1.6,0.10130154978311261,0.777777777777778,1.371,0.2688888888888889,0.34571428571428564,0.29302101176933404,2.892561983471075
0.015,483,0.3,1.7,0.08846446061858379,1.0,1.4509999999999998,0.4466666666666664,0.4466666666666664,0.19805476257891905,2.238805970149255
0.015,483,0.3,1.75,0.09943700862384598,1.0,1.4909999999999999,0.5355555555555553,0.5355555555555553,0.18567076299058385,1.8672199170124488
0.015,483,0.3,1.8,0.11579182947076673,1.0,1.531,0.6244444444444444,0.6244444444444444,0.18543175538023143,1.6014234875444842
0.015,483,0.3,1.85,0.12452790576684077,1.0,1.57,0.7111111111111114,0.7111111111111114,0.17511736748461976,1.4062499999999993
0.015,483,0.3,1.9,0.12963689469740622,1.0,1.6090000000000002,0.7977777777777784,0.7977777777777784,0.16249750031708288,1.2534818941504169
0.015,483,0.3,1.95,0.1404311414972039,1.0,1.6480000000000001,0.8844444444444448,0.8844444444444448,0.1587789288284968,1.130653266331658
0.015,483,0.3,2.0,0.16206582705684253,1.0,1.6860000000000002,0.9688888888888894,0.9688888888888894,0.16726977563206216,1.0321100917431187
0.015,483,0.3,2.05,0.19510092069204826,1.0,1.7240000000000002,1.0,1.0,0.19510092069204826,1.0
0.015,483,0.3,2.1,0.1876526879097731,1.0,1.7620000000000005,1.0,1.0,0.1876526879097731,1.0
0.015,483,0.3,2.15,0.2836659843010597,0.7500000000000006,1.8000000000000003,1.0,1.3333333333333324,0.21274948822579495,0.7500000000000006
0.015,483,0.3,2.2,0.4373741003252017,0.4999999999999989,1.8370000000000004,1.0,2.0000000000000044,0.21868705016260037,0.49999999999999895
0.015,483,0.3,2.25,0.872353720758395,0.25,1.8732400000000005,1.0,4.0,0.21808843018959875,0.25
0.015,483,0.3,2.3,0.8782193321596341,0.25,1.90928,1.0,4.0,0.21955483303990853,0.25
0.015,483,0.3,2.35,0.9114243140022725,0.25,1.9452800000000006,1.0,4.0,0.22785607850056813,0.25
0.015,483,0.3,2.4,0.9915853942484852,0.25,1.9812800000000002,1.0,4.0,0.2478963485621213,0.25
0.015,483,0.3,2.45,0.8536872802689647,0.25,2.0162800000000005,1.0,4.0,0.21342182006724117,0.25
0.015,483,0.3,2.5,1.0497231936749047,0.25,2.0512799999999998,1.0,4.0,0.2624307984187262,0.25
0.015,483,0.3,2.55,0.9475385891737726,0.25,2.0853200000000003,1.0,4.0,0.23688464729344316,0.25
0.015,483,0.3,2.6,0.8336542650090398,0.25,2.1193200000000005,0.9033999999999976,3.6135999999999906,0.23069909923872095,0.27673234447642314
0.015,483,0.3,2.65,0.7402700373282667,0.25,2.1533200000000003,0.7333999999999984,2.9335999999999935,0.25234184528506554,0.3408781019907288
0.015,483,0.3,2.7,0.769301765461616,0.25,2.1863200000000003,0.5683999999999986,2.2735999999999943,0.33836284547045126,0.4398311048557365
0.015,483,0.3,2.75,0.6797328243481804,0.25,2.21836,0.4081999999999991,1.6327999999999965,0.4162988880133402,0.6124448799608049
0.015,483,0.3,2.8,0.7953748517682264,0.25,2.25136,0.25,1.0,0.7953748517682264,1.0
0.015,483,0.3,2.85,0.5940579337396986,0.25,2.2824000000000004,0.25,1.0,0.5940579337396986,1.0
0.015,483,0.3,2.9,0.5208011778983297,0.25,2.31436,0.25,1.0,0.5208011778983297,1.0
0.015,483,0.3,2.95,0.4713120794254376,0.25,2.3444000000000007,0.25,1.0,0.4713120794254376,1.0
0.015,483,0.3,3.0,0.46945618531559635,0.25,2.3753600000000006,0.25,1.0,0.46945618531559635,1.0
0.015,483,0.3,3.1,0.6281455332417045,0.1666666666666667,2.4344,0.25,1.4999999999999996,0.4187636888278031,0.6666666666666669
0.015,483,0.3,3.2,0.4873356599438995,0.1944444444444445,2.4914400000000003,0.25,1.2857142857142854,0.37903884662303305,0.777777777777778
0.015,483,0.3,3.3,0.3672559750200714,0.22222222222222218,2.5464400000000005,0.25,1.1250000000000002,0.3264497555733967,0.8888888888888887
0.015,483,0.3,3.4,0.3136418337983054,0.25,2.6004400000000003,0.25,1.0,0.3136418337983054,1.0
0.015,483,0.3,3.45,0.29390430650652805,0.25,4.2686800000000025,0.2070749999999985,0.828299999999994,0.3548283309266331,1.207292043945439
0.015,483,0.3,3.5,0.25895280748873123,0.25,4.286640000000002,0.19584999999999878,0.7833999999999951,0.33054992020517343,1.2764871074802224
0.015,483,0.3,3.55,0.21539059057325524,0.25,4.306600000000003,0.1833749999999981,0.7334999999999924,0.2936477035763565,1.363326516700764
0.015,483,0.3,3.6,0.22085659217954753,0.25,4.327560000000003,0.1702749999999983,0.6810999999999932,0.32426456053376856,1.4682131845544122
0.015,483,0.3,3.65,0.2636890961606217,0.25,4.349560000000003,0.15652499999999814,0.6260999999999926,0.4211613099514851,1.5971889474525025
0.015,483,0.3,3.7,0.23719820488422527,0.25,4.373520000000002,0.14154999999999882,0.5661999999999953,0.4189300686757811,1.766160367361371
0.015,483,0.3,3.75,0.23531319983213408,0.25,4.399480000000002,0.12532499999999852,0.5012999999999941,0.46940594420932946,1.9948134849391816
0.015,483,0.3,3.8,0.23255447105933344,0.25,4.426440000000002,0.10847499999999857,0.4338999999999943,0.5359632889129673,2.3046784973496504
0.015,483,0.3,3.85,0.20599552181411707,0.25,4.454440000000002,0.09097499999999882,0.3638999999999953,0.5660772789615821,2.74800769442158
0.015,483,0.3,3.9,0.20075058870157617,0.25,4.484400000000002,0.0722499999999988,0.2889999999999952,0.6946387152303789,3.460207612456805
0.015,483,0.3,4.0,0.19968637918549278,0.25,4.546360000000002,0.033524999999998736,0.13409999999999495,1.4890856016815832,7.457121551081563
0.015,580,0.25,1.5,0.13605481664952507,0.5555555555555556,1.316,0.1466666666666668,0.26400000000000023,0.5153591539754733,3.7878787878787845
0.015,580,0.25,1.6,0.10283117143475688,0.777777777777778,1.399,0.3311111111111112,0.4257142857142857,0.24154973155815376,2.348993288590604
0.015,580,0.25,1.7,0.0981288549051114,1.0,1.482,0.5155555555555555,0.5155555555555555,0.19033614097974194,1.9396551724137931
0.015,580,0.25,1.75,0.10921921978755689,1.0,1.523,0.6066666666666666,0.6066666666666666,0.1800316809685004,1.6483516483516485
0.015,580,0.25,1.8,0.1251969356910757,1.0,1.563,0.6955555555555555,0.6955555555555555,0.17999559444403856,1.4376996805111821
0.015,580,0.25,1.85,0.14466897118805372,1.0,1.604,0.786666666666667,0.786666666666667,0.18390123456108518,1.2711864406779656
0.015,580,0.25,1.9,0.14785809547150747,1.0,1.6440000000000001,0.875555555555556,0.875555555555556,0.16887345929486886,1.142131979695431
0.015,580,0.25,1.95,0.18740755771001247,1.0,1.6840000000000002,0.9644444444444449,0.9644444444444449,0.19431659209563495,1.036866359447004
0.015,580,0.25,2.0,0.1911170714983676,1.0,1.723,1.0,1.0,0.1911170714983676,1.0
0.015,580,0.25,2.05,0.1987231431558573,1.0,1.7630000000000001,1.0,1.0,0.1987231431558573,1.0
0.015,580,0.25,2.1,0.2266918024962427,1.0,1.8010000000000006,1.0,1.0,0.2266918024962427,1.0
0.015,580,0.25,2.15,0.2924327324809917,0.7500000000000006,1.8400000000000003,1.0,1.3333333333333324,0.21932454936074394,0.7500000000000006
0.015,580,0.25,2.2,0.46052486537869297,0.4999999999999989,1.8780000000000003,1.0,2.0000000000000044,0.23026243268934599,0.4999999999999989
0.015,580,0.25,2.25,0.9771491092409446,0.25,1.9152400000000005,1.0,4.0,0.24428727731023614,0.25
0.015,580,0.25,2.3,1.0208177628111024,0.25,1.95324,1.0,4.0,0.2552044407027756,0.25
0.015,580,0.25,2.35,1.0797288309115407,0.25,1.9902400000000005,1.0,4.0,0.2699322077278852,0.25
0.015,580,0.25,2.4,1.059466658547149,0.25,2.0272400000000004,1.0,4.0,0.26486666463678726,0.25
0.015,580,0.25,2.45,0.9048010327322918,0.25,2.0632800000000007,1.0,4.0,0.22620025818307296,0.25
0.015,580,0.25,2.5,0.8317516761530797,0.25,2.09928,1.0,4.0,0.2079379190382699,0.25
0.015,580,0.25,2.55,0.9240656127442503,0.25,2.1352800000000003,0.8235999999999988,3.294399999999995,0.28049587565087775,0.30354541039339533
0.015,580,0.25,2.6,0.7141005823905053,0.25,2.17028,0.6486000000000001,2.5944000000000003,0.2752469096478975,0.385445575084798
0.015,580,0.25,2.65,0.7490551795802111,0.25,2.20528,0.4735999999999991,1.8943999999999963,0.3954049723290818,0.5278716216216227
0.015,580,0.25,2.7,0.6992292087072274,0.25,2.2393200000000006,0.3033999999999963,1.2135999999999851,0.576161180543207,0.8239947264337609
0.015,580,0.25,2.75,0.596162623781407,0.25,2.2733200000000005,0.25,1.0,0.596162623781407,1.0
0.015,580,0.25,2.8,0.6404383856222631,0.25,2.30636,0.25,1.0,0.6404383856222631,1.0
0.015,580,0.25,2.85,0.5642673256827266,0.25,2.33936,0.25,1.0,0.5642673256827266,1.0
0.015,580,0.25,2.9,0.4367827564422362,0.25,2.3723600000000005,0.25,1.0,0.4367827564422362,1.0
0.015,580,0.25,2.95,0.4884477091567746,0.25,2.4043600000000005,0.25,1.0,0.4884477091567746,1.0
0.015,580,0.25,3.0,0.4268309363216776,0.25,2.4354,0.25,1.0,0.4268309363216776,1.0
0.015,580,0.25,3.1,0.6243128101791979,0.1666666666666667,2.4974000000000003,0.25,1.4999999999999996,0.4162085401194654,0.6666666666666669
0.015,580,0.25,3.2,0.4002194119557731,0.1944444444444445,2.5584000000000002,0.25,1.2857142857142854,0.3112817648544903,0.777777777777778
0.015,580,0.25,3.3,0.356531953781081,0.22222222222222218,2.6174000000000004,0.25,1.1250000000000002,0.3169172922498497,0.8888888888888887
0.015,580,0.25,3.4,0.28378009930318326,0.25,4.050119999999829,0.25,1.0,0.28378009930318326,1.0
0.015,580,0.25,3.45,0.27721414834497654,0.25,4.1266000000000025,0.25,1.0,0.27721414834497654,1.0
0.015,580,0.25,3.5,0.26017188788622037,0.25,4.147560000000002,0.25,1.0,0.26017188788622037,1.0
0.015,580,0.25,3.55,0.2569999303773695,0.25,4.1705200000000024,0.25,1.0,0.2569999303773695,1.0
0.015,580,0.25,3.6,0.2312486682162557,0.25,4.1945200000000025,0.25,1.0,0.2312486682162557,1.0
0.015,580,0.25,3.65,0.22173302339229772,0.25,4.220480000000002,0.23719999999999883,0.9487999999999953,0.23369838047249034,1.0539629005059075
0.015,580,0.25,3.7,0.22954975404111763,0.25,4.247480000000002,0.22032499999999874,0.881299999999995,0.260467212119731,1.1346873936230633
0.015,580,0.25,3.75,0.21486387573848628,0.25,4.277400000000001,0.20162499999999944,0.8064999999999978,0.26641522100246356,1.2399256044637355
0.015,580,0.25,3.8,0.22554199547848738,0.25,4.307400000000001,0.18287499999999926,0.731499999999997,0.30832808677852125,1.3670539986329515
0.015,580,0.25,3.85,0.21893935607180215,0.25,4.339360000000002,0.16289999999999882,0.6515999999999953,0.33600269501504565,1.5346838551258553
0.015,580,0.25,3.9,0.21771727413101552,0.25,4.372320000000001,0.1422999999999993,0.5691999999999972,0.3824969679041051,1.7568517217146962
0.015,580,0.25,4.0,0.22501447590460066,0.25,4.441280000000001,0.09919999999999943,0.3967999999999977,0.5670727719370009,2.520161290322595
0.015,725,0.2,1.5,0.14819447446852613,0.5555555555555556,1.3450000000000002,0.21111111111111155,0.3800000000000008,0.38998545912769955,2.631578947368416
0.015,725,0.2,1.6,0.11068266440145122,0.777777777777778,1.4300000000000002,0.4000000000000004,0.5142857142857147,0.21521629189171057,1.9444444444444433
0.015,725,0.2,1.7,0.10320398798115897,1.0,1.515,0.5888888888888887,0.5888888888888887,0.17525205506234548,1.6981132075471703
0.015,725,0.2,1.75,0.12519339824126366,1.0,1.5570000000000002,0.6822222222222226,0.6822222222222226,0.18350823846439288,1.465798045602605
0.015,725,0.2,1.8,0.13864175721456604,1.0,1.599,0.7755555555555556,0.7755555555555556,0.17876444339987024,1.2893982808022921
0.015,725,0.2,1.85,0.1581819150915885,1.0,1.6410000000000002,0.8688888888888895,0.8688888888888895,0.18205079741998664,1.150895140664961
0.015,725,0.2,1.9,0.18458742915264223,1.0,1.6820000000000002,0.9600000000000004,0.9600000000000004,0.19227857203400225,1.0416666666666663
0.015,725,0.2,1.95,0.184934330298147,1.0,1.723,1.0,1.0,0.184934330298147,1.0
0.015,725,0.2,2.0,0.2306676127711591,1.0,1.7640000000000002,1.0,1.0,0.2306676127711591,1.0
0.015,725,0.2,2.05,0.23513930083895368,1.0,1.8050000000000002,1.0,1.0,0.23513930083895368,1.0
0.015,725,0.2,2.1,0.2744662465378855,1.0,1.8450000000000006,1.0,1.0,0.2744662465378855,1.0
0.015,725,0.2,2.15,0.33926434474935835,0.7500000000000006,1.8850000000000005,1.0,1.3333333333333324,0.25444825856201897,0.7500000000000007
0.015,725,0.2,2.2,0.586189216779109,0.4999999999999989,1.9240000000000004,1.0,2.0000000000000044,0.2930946083895538,0.4999999999999989
0.015,725,0.2,2.25,1.0480389133237422,0.25,1.9632000000000005,1.0,4.0,0.26200972833093555,0.25
0.015,725,0.2,2.3,1.1636443746584473,0.25,2.00124,1.0,4.0,0.2909110936646118,0.25
0.015,725,0.2,2.35,0.9925189912661633,0.25,2.0402400000000003,1.0,4.0,0.24812974781654082,0.25
0.015,725,0.2,2.4,0.95244183998947,0.25,2.07824,1.0,4.0,0.2381104599973675,0.25
0.015,725,0.2,2.45,0.9701992584212927,0.25,2.1162400000000003,0.9187999999999986,3.6751999999999945,0.26398543165577226,0.2720940356987379
0.015,725,0.2,2.5,1.0273041563452685,0.25,2.15424,0.7287999999999993,2.9151999999999973,0.3523957726211819,0.34302963776070283
0.015,725,0.2,2.55,0.8029529747146776,0.25,2.1912400000000005,0.5437999999999973,2.175199999999989,0.3691398375849033,0.4597278411180604
0.015,725,0.2,2.6,0.7617912042532199,0.25,2.22728,0.3636,1.4544,0.5237838313072194,0.6875687568756875
0.015,725,0.2,2.65,0.7386811341623433,0.25,2.2642400000000005,0.25,1.0,0.7386811341623433,1.0
0.015,725,0.2,2.7,0.5751795407066407,0.25,2.2993200000000003,0.25,1.0,0.5751795407066407,1.0
0.015,725,0.2,2.75,0.5285141906640283,0.25,2.3352800000000005,0.25,1.0,0.5285141906640283,1.0
0.015,725,0.2,2.8,0.5894352015024471,0.25,2.37032,0.25,1.0,0.5894352015024471,1.0
0.015,725,0.2,2.85,0.5560323942013947,0.25,2.4052800000000003,0.25,1.0,0.5560323942013947,1.0
0.015,725,0.2,2.9,0.4715390414390371,0.25,2.4393200000000004,0.25,1.0,0.4715390414390371,1.0
0.015,725,0.2,2.95,0.3931660697936755,0.25,2.4733200000000006,0.25,1.0,0.3931660697936755,1.0
0.015,725,0.2,3.0,0.4144406785665424,0.25,2.5063600000000004,0.25,1.0,0.4144406785665424,1.0
0.015,725,0.2,3.1,0.4682362956187863,0.1666666666666667,2.5733200000000003,0.25,1.4999999999999996,0.3121575304125243,0.6666666666666669
0.015,725,0.2,3.2,0.34408359592641596,0.1944444444444445,2.6393200000000006,0.25,1.2857142857142854,0.2676205746094347,0.777777777777778
0.015,725,0.2,3.3,0.33540736404535176,0.22222222222222218,2.70532,0.25,1.1250000000000002,0.29813987915142376,0.8888888888888888
0.015,725,0.2,3.4,0.22757655139918176,0.25,3.9445600000000023,0.25,1.0,0.22757655139918176,1.0
0.015,725,0.2,3.45,0.21212350030019284,0.25,3.968520000000002,0.25,1.0,0.21212350030019284,1.0
0.015,725,0.2,3.5,0.27571995799549726,0.25,3.9944800000000016,0.25,1.0,0.27571995799549726,1.0
0.015,725,0.2,3.55,0.22565093547747528,0.25,4.022440000000001,0.25,1.0,0.22565093547747528,1.0
0.015,725,0.2,3.6,0.23764845693397618,0.25,4.051400000000001,0.25,1.0,0.23764845693397618,1.0
0.015,725,0.2,3.65,0.2376617004271051,0.25,4.083360000000002,0.25,1.0,0.2376617004271051,1.0
0.015,725,0.2,3.7,0.24403689086499736,0.25,4.115360000000002,0.25,1.0,0.24403689086499736,1.0
0.015,725,0.2,3.75,0.2328884073199524,0.25,4.149320000000001,0.25,1.0,0.2328884073199524,1.0
0.015,725,0.2,3.8,0.2177246146918117,0.25,4.185280000000001,0.25,1.0,0.2177246146918117,1.0
0.015,725,0.2,3.85,0.22342020399515383,0.25,4.221280000000002,0.23669999999999888,0.9467999999999955,0.23597402196361944,1.0561892691170307
0.015,725,0.2,3.9,0.2293068483267279,0.25,4.258240000000002,0.21359999999999907,0.8543999999999963,0.26838348352847485,1.1704119850187318
0.015,725,0.2,4.0,0.21711763259135677,0.25,4.335240000000001,0.1654749999999996,0.6618999999999984,0.3280218047912937,1.510802235987313
0.015,967,0.15,1.5,0.1447049296716017,0.5555555555555556,1.3800000000000001,0.2888888888888892,0.5200000000000006,0.278278710906926,1.923076923076921
0.015,967,0.15,1.6,0.13061589593286552,0.777777777777778,1.469,0.4866666666666669,0.6257142857142859,0.20874686564613207,1.598173515981735
0.015,967,0.15,1.7,0.13027324708752339,1.0,1.556,0.6800000000000002,0.6800000000000002,0.19157830454047553,1.4705882352941173
0.015,967,0.15,1.75,0.13839086682940804,1.0,1.6,0.777777777777778,0.777777777777778,0.17793111449495314,1.2857142857142854
0.015,967,0.15,1.8,0.1633693392903462,1.0,1.6440000000000001,0.875555555555556,0.875555555555556,0.18658934690521764,1.1421319796954308
0.015,967,0.15,1.85,0.1762549976251453,1.0,1.687,0.9711111111111114,0.9711111111111114,0.18149828130735782,1.0297482837528602
0.015,967,0.15,1.9,0.2082771849262857,1.0,1.73,1.0,1.0,0.2082771849262857,1.0
0.015,967,0.15,1.95,0.23076204933203512,1.0,1.7730000000000001,1.0,1.0,0.23076204933203512,1.0
0.015,967,0.15,2.0,0.2502789250220332,1.0,1.815,1.0,1.0,0.2502789250220332,1.0
0.015,967,0.15,2.05,0.2851185595942359,1.0,1.8570000000000002,1.0,1.0,0.2851185595942359,1.0
0.015,967,0.15,2.1,0.2968135349224051,1.0,1.8990000000000005,1.0,1.0,0.2968135349224051,1.0
0.015,967,0.15,2.15,0.3862418839126685,0.7500000000000006,1.9410000000000003,1.0,1.3333333333333324,0.2896814129345016,0.7500000000000007
0.015,967,0.15,2.2,0.6169323051368114,0.4999999999999989,1.9820000000000004,1.0,2.0000000000000044,0.30846615256840504,0.49999999999999895
0.015,967,0.15,2.25,1.3298919483789355,0.25,2.0231600000000003,1.0,4.0,0.3324729870947339,0.25
0.015,967,0.15,2.3,1.219382337692609,0.25,2.0632,1.0,4.0,0.30484558442315224,0.25
0.015,967,0.15,2.35,1.0932683034947468,0.25,2.1042000000000005,0.9789999999999979,3.9159999999999915,0.27917985278211166,0.2553626149131773
0.015,967,0.15,2.4,1.1613594317343656,0.25,2.1442,0.7789999999999996,3.1159999999999983,0.3727084183999892,0.32092426187419787
0.015,967,0.15,2.45,0.9800653382508544,0.25,2.1842000000000006,0.578999999999997,2.315999999999988,0.42317156228448166,0.4317789291882579
0.015,967,0.15,2.5,0.8767883648376991,0.25,2.2242,0.3789999999999987,1.515999999999995,0.5783564411858193,0.6596306068601606
0.015,967,0.15,2.55,0.9159628700751339,0.25,2.2632000000000003,0.25,1.0,0.9159628700751339,1.0
0.015,967,0.15,2.6,0.7818703124704313,0.25,2.3022400000000003,0.25,1.0,0.7818703124704313,1.0
0.015,967,0.15,2.65,0.6466740609125682,0.25,2.3412,0.25,1.0,0.6466740609125682,1.0
0.015,967,0.15,2.7,0.6601978472826979,0.25,2.3792400000000002,0.25,1.0,0.6601978472826979,1.0
0.015,967,0.15,2.75,0.6115544063727867,0.25,2.4172400000000005,0.25,1.0,0.6115544063727867,1.0
0.015,967,0.15,2.8,0.5272328629315143,0.25,2.4552400000000003,0.25,1.0,0.5272328629315143,1.0
0.015,967,0.15,2.85,0.44439637558598416,0.25,2.4932400000000006,0.25,1.0,0.44439637558598416,1.0
0.015,967,0.15,2.9,0.41111478349004416,0.25,2.53024,0.25,1.0,0.41111478349004416,1.0
0.015,967,0.15,2.95,0.3505903209663747,0.25,2.5672800000000007,0.25,1.0,0.3505903209663747,1.0
0.015,967,0.15,3.0,0.3962900997962332,0.25,2.6052400000000002,0.25,1.0,0.3962900997962332,1.0
0.015,967,0.15,3.1,0.46266192530146283,0.1666666666666667,2.6812,0.25,1.4999999999999996,0.30844128353430866,0.6666666666666669
0.015,967,0.15,3.2,0.3314602920438763,0.1944444444444445,2.7592000000000003,0.25,1.2857142857142854,0.2578024493674594,0.7777777777777779
0.015,967,0.15,3.3,0.30790966171408324,0.22222222222222218,2.8470799999999996,0.25,1.1250000000000002,0.27369747707918507,0.8888888888888888
0.015,967,0.15,3.4,0.24724170496623188,0.25,3.7252400000000008,0.25,1.0,0.24724170496623188,1.0
0.015,967,0.15,3.45,0.22081059382777574,0.25,3.7632000000000008,0.25,1.0,0.22081059382777574,1.0
0.015,967,0.15,3.5,0.2534446152942809,0.25,3.801240000000001,0.25,1.0,0.2534446152942809,1.0
0.015,967,0.15,3.55,0.22677122586999457,0.25,3.8412000000000006,0.25,1.0,0.22677122586999457,1.0
0.015,967,0.15,3.6,0.22410159595626458,0.25,3.8812000000000006,0.25,1.0,0.22410159595626458,1.0
0.015,967,0.15,3.65,0.24378006314486741,0.25,3.9221600000000008,0.25,1.0,0.24378006314486741,1.0
0.015,967,0.15,3.7,0.21756127334271344,0.25,3.9631600000000007,0.25,1.0,0.21756127334271344,1.0
0.015,967,0.15,3.75,0.22603652841412858,0.25,4.005160000000001,0.25,1.0,0.22603652841412858,1.0
0.015,967,0.15,3.8,0.25447990831973705,0.25,4.047160000000001,0.25,1.0,0.25447990831973705,1.0
0.015,967,0.15,3.85,0.22553589216005923,0.25,4.0901200000000015,0.25,1.0,0.22553589216005923,1.0
0.015,967,0.15,3.9,0.22957900274211412,0.25,4.13316,0.25,1.0,0.22957900274211412,1.0
0.015,967,0.15,4.0,0.23721878668030627,0.25,4.221120000000001,0.23679999999999954,0.9471999999999982,0.2504421312080941,1.0557432432432454
0.015,1450,0.1,1.5,0.16796773988873584,0.5555555555555556,1.414,0.3644444444444443,0.6559999999999997,0.2560483839767316,1.5243902439024397
0.015,1450,0.1,1.6,0.13966711477630347,0.777777777777778,1.506,0.568888888888889,0.7314285714285713,0.19095113348322743,1.3671875000000002
0.015,1450,0.1,1.7,0.15067205675212927,1.0,1.5970000000000002,0.7711111111111116,0.7711111111111116,0.19539603901572947,1.2968299711815552
0.015,1450,0.1,1.75,0.17971716984902916,1.0,1.6420000000000001,0.8711111111111115,0.8711111111111115,0.20630797559199768,1.1479591836734688
0.015,1450,0.1,1.8,0.21362352499377016,1.0,1.6880000000000002,0.9733333333333338,0.9733333333333338,0.21947622430866787,1.027397260273972
0.015,1450,0.1,1.85,0.24498726459252002,1.0,1.7320000000000002,1.0,1.0,0.24498726459252002,1.0
0.015,1450,0.1,1.9,0.27007351135003715,1.0,1.7770000000000001,1.0,1.0,0.27007351135003715,1.0
0.015,1450,0.1,1.95,0.31325667603927454,1.0,1.822,1.0,1.0,0.31325667603927454,1.0
0.015,1450,0.1,2.0,0.32483588330075547,1.0,1.866,1.0,1.0,0.32483588330075547,1.0
0.015,1450,0.1,2.05,0.3617115072967934,1.0,1.9100000000000001,1.0,1.0,0.3617115072967934,1.0
0.015,1450,0.1,2.1,0.3595201953863982,1.0,1.9540000000000006,1.0,1.0,0.3595201953863982,1.0
0.015,1450,0.1,2.15,0.483350243577787,0.7500000000000006,1.9980000000000002,1.0,1.3333333333333324,0.3625126826833405,0.7500000000000006
0.015,1450,0.1,2.2,0.7397694604800585,0.4999999999999989,2.042,1.0,2.0000000000000044,0.36988473024002844,0.4999999999999989
0.015,1450,0.1,2.25,1.4125099463851325,0.25,2.0841200000000004,1.0,4.0,0.3531274865962831,0.25
0.015,1450,0.1,2.3,1.4737205438831928,0.25,2.12712,0.8643999999999996,3.4575999999999985,0.42622644142850347,0.28921795465062483
0.015,1450,0.1,2.35,1.1896828286996017,0.25,2.1701200000000003,0.6493999999999986,2.5975999999999946,0.4579930815751479,0.3849707422235918
0.015,1450,0.1,2.4,1.0995565838279646,0.25,2.21216,0.4392000000000002,1.7568000000000008,0.6258860335997064,0.5692167577413477
0.015,1450,0.1,2.45,1.0962978681682138,0.25,2.2551600000000005,0.25,1.0,1.0962978681682138,1.0
0.015,1450,0.1,2.5,0.8376983231697631,0.25,2.29716,0.25,1.0,0.8376983231697631,1.0
0.015,1450,0.1,2.55,0.860032089136859,0.25,2.3391599999999997,0.25,1.0,0.860032089136859,1.0
0.015,1450,0.1,2.6,0.751513286753864,0.25,2.38116,0.25,1.0,0.751513286753864,1.0
0.015,1450,0.1,2.65,0.6002437251107443,0.25,2.4222,0.25,1.0,0.6002437251107443,1.0
0.015,1450,0.1,2.7,0.5233969009949495,0.25,2.46416,0.25,1.0,0.5233969009949495,1.0
0.015,1450,0.1,2.75,0.40927488370972287,0.25,2.50616,0.25,1.0,0.40927488370972287,1.0
0.015,1450,0.1,2.8,0.41448591860963363,0.25,2.5471999999999997,0.25,1.0,0.41448591860963363,1.0
0.015,1450,0.1,2.85,0.3803118223989049,0.25,2.58916,0.25,1.0,0.3803118223989049,1.0
0.015,1450,0.1,2.9,0.3558228404913203,0.25,2.63212,0.25,1.0,0.3558228404913203,1.0
0.015,1450,0.1,2.95,0.33549403349282386,0.25,2.67512,0.25,1.0,0.33549403349282386,1.0
0.015,1450,0.1,3.0,0.2908043984401558,0.25,2.71908,0.25,1.0,0.2908043984401558,1.0
0.015,1450,0.1,3.1,0.44204475655722986,0.1666666666666667,2.81204,0.25,1.4999999999999996,0.29469650437148665,0.6666666666666669
0.015,1450,0.1,3.2,0.3044641166069505,0.1944444444444445,2.922759999999999,0.25,1.2857142857142854,0.23680542402762825,0.777777777777778
0.015,1450,0.1,3.3,0.25196075269895807,0.22222222222222218,3.1335599999999926,0.17598888888888684,0.7919499999999909,0.31815234888435,1.2627059789128248
0.015,1450,0.1,3.4,0.23932619546546108,0.25,3.4983599999999977,0.25,1.0,0.23932619546546108,1.0
0.015,1450,0.1,3.45,0.2021694779394788,0.25,3.5676799999999997,0.25,1.0,0.2021694779394788,1.0
0.015,1450,0.1,3.5,0.22786764640880514,0.25,3.6278399999999995,0.25,1.0,0.22786764640880514,1.0
0.015,1450,0.1,3.55,0.23660539512065612,0.25,3.6829199999999997,0.25,1.0,0.23660539512065612,1.0
0.015,1450,0.1,3.6,0.24553145152929104,0.25,3.73596,0.25,1.0,0.24553145152929104,1.0
0.015,1450,0.1,3.65,0.23386412006060883,0.25,3.787,0.25,1.0,0.23386412006060883,1.0
0.015,1450,0.1,3.7,0.25617463480718444,0.25,3.837,0.25,1.0,0.25617463480718444,1.0
0.015,1450,0.1,3.75,0.2562361139555946,0.25,3.8870000000000005,0.25,1.0,0.2562361139555946,1.0
0.015,1450,0.1,3.8,0.26087810423546687,0.25,3.936,0.25,1.0,0.26087810423546687,1.0
0.015,1450,0.1,3.85,0.25759530489423044,0.25,3.9840400000000007,0.25,1.0,0.25759530489423044,1.0
0.015,1450,0.1,3.9,0.27777066369725134,0.25,4.03304,0.25,1.0,0.27777066369725134,1.0
0.015,1450,0.1,4.0,0.2679238768071327,0.25,4.12904,0.25,1.0,0.2679238768071327,1.0
0.015,2900,0.05,1.5,0.16970343572070154,0.5555555555555556,1.453,0.4511111111111113,0.8120000000000003,0.20899437896638112,1.2315270935960587
0.015,2900,0.05,1.6,0.1622179846333685,0.777777777777778,1.548,0.6622222222222224,0.8514285714285714,0.19052447859623817,1.174496644295302
0.015,2900,0.05,1.7,0.18282861499039874,1.0,1.6429999999999998,0.873333333333333,0.873333333333333,0.2093457423554185,1.1450381679389319
0.015,2900,0.05,1.75,0.21856732944401144,1.0,1.69,0.9777777777777777,0.9777777777777777,0.22353476874955716,1.0227272727272727
0.015,2900,0.05,1.8,0.25737452612546563,1.0,1.737,1.0,1.0,0.25737452612546563,1.0
0.015,2900,0.05,1.85,0.3301016997317594,1.0,1.7840000000000003,1.0,1.0,0.3301016997317594,1.0
0.015,2900,0.05,1.9,0.3548862787348902,1.0,1.831,1.0,1.0,0.3548862787348902,1.0
0.015,2900,0.05,1.95,0.33290420017426325,1.0,1.878,1.0,1.0,0.33290420017426325,1.0
0.015,2900,0.05,2.0,0.4158818014197662,1.0,1.9240000000000002,1.0,1.0,0.4158818014197662,1.0
0.015,2900,0.05,2.05,0.4011866965783676,1.0,1.971,1.0,1.0,0.4011866965783676,1.0
0.015,2900,0.05,2.1,0.41799345224872747,1.0,2.0170000000000003,1.0,1.0,0.41799345224872747,1.0
0.015,2900,0.05,2.15,0.5442867154712097,0.7500000000000006,2.064,1.0,1.3333333333333324,0.4082150366034075,0.7500000000000006
0.015,2900,0.05,2.2,0.91315457909632,0.4999999999999989,2.11,0.950000000000001,1.9000000000000061,0.48060767320858794,0.5263157894736825
0.015,2900,0.05,2.25,1.467124744807977,0.25,2.15508,0.7246000000000007,2.8984000000000028,0.5061843585453959,0.34501794093292815
0.015,2900,0.05,2.3,1.5570993295054438,0.25,2.2010799999999997,0.49460000000000126,1.978400000000005,0.787049802621027,0.505458956732712
0.015,2900,0.05,2.35,1.0922148028168723,0.25,2.2470800000000004,0.2645999999999974,1.0583999999999896,1.031948982253291,0.9448223733938114
0.015,2900,0.05,2.4,1.076541698885688,0.25,2.29308,0.25,1.0,1.076541698885688,1.0
0.015,2900,0.05,2.45,1.025688510861417,0.25,2.33808,0.25,1.0,1.025688510861417,1.0
0.015,2900,0.05,2.5,0.8338572189079536,0.25,2.38408,0.25,1.0,0.8338572189079536,1.0
0.015,2900,0.05,2.55,0.6953537187169038,0.25,2.43008,0.25,1.0,0.6953537187169038,1.0
0.015,2900,0.05,2.6,0.7217413967266512,0.25,2.47512,0.25,1.0,0.7217413967266512,1.0
0.015,2900,0.05,2.65,0.6767453525079422,0.25,2.52108,0.25,1.0,0.6767453525079422,1.0
0.015,2900,0.05,2.7,0.4288556600319291,0.25,2.5680400000000003,0.25,1.0,0.4288556600319291,1.0
0.015,2900,0.05,2.75,0.40845720803180974,0.25,2.61408,0.25,1.0,0.40845720803180974,1.0
0.015,2900,0.05,2.8,0.3297425614182297,0.25,2.6610799999999997,0.25,1.0,0.3297425614182297,1.0
0.015,2900,0.05,2.85,0.31919203181583455,0.25,2.7090400000000003,0.25,1.0,0.31919203181583455,1.0
0.015,2900,0.05,2.9,0.31777058524597335,0.25,2.759,0.25,1.0,0.31777058524597335,1.0
0.015,2900,0.05,2.95,0.29821756264841315,0.25,2.809,0.25,1.0,0.29821756264841315,1.0
0.015,2900,0.05,3.0,0.25127476005823335,0.25,2.8619599999999994,0.25,1.0,0.25127476005823335,1.0
0.015,2900,0.05,3.1,0.37231760179591233,0.1666666666666667,2.9777999999999993,0.25,1.4999999999999996,0.2482117345306083,0.6666666666666669
0.015,2900,0.05,3.2,0.31601083228882576,0.1944444444444445,3.112559999999999,0.17015555555555525,0.8750857142857125,0.36111986189463646,1.1427452004701606
0.015,2900,0.05,3.3,0.2601393770054415,0.22222222222222218,3.2605199999999983,0.2112555555555551,0.9506499999999982,0.27364369326822907,1.0519118497869897
0.015,2900,0.05,3.4,0.2617925550455423,0.25,3.399679999999999,0.2499111111111109,0.9996444444444436,0.2618856699504138,1.0003556820202748
0.015,2900,0.05,3.45,0.26015427899239646,0.25,3.4637199999999995,0.25,1.0,0.26015427899239646,1.0
0.015,2900,0.05,3.5,0.2410727252610323,0.25,3.5237999999999996,0.25,1.0,0.2410727252610323,1.0
0.015,2900,0.05,3.55,0.24946318547648355,0.25,3.5818799999999995,0.25,1.0,0.24946318547648355,1.0
0.015,2900,0.05,3.6,0.23972687632446305,0.25,3.63792,0.25,1.0,0.23972687632446305,1.0
0.015,2900,0.05,3.65,0.27011080320884806,0.25,3.69292,0.25,1.0,0.27011080320884806,1.0
0.015,2900,0.05,3.7,0.2904626862982384,0.25,3.7459599999999997,0.25,1.0,0.2904626862982384,1.0
0.015,2900,0.05,3.75,0.2836504714229576,0.25,3.79896,0.25,1.0,0.2836504714229576,1.0
0.015,2900,0.05,3.8,0.2963287308826845,0.25,3.8509599999999993,0.25,1.0,0.2963287308826845,1.0
0.015,2900,0.05,3.85,0.32881723168256805,0.25,3.90296,0.25,1.0,0.32881723168256805,1.0
0.015,2900,0.05,3.9,0.3291384640965604,0.25,3.9539599999999995,0.25,1.0,0.3291384640965604,1.0
0.015,2900,0.05,4.0,0.3297286439708733,0.25,4.055,0.25,1.0,0.3297286439708733,1.0
0.02,483,0.3,1.5,0.17272792891546535,0.5555555555555556,1.2882,0.08488888888888892,0.15280000000000005,1.1304183829546157,6.544502617801045
0.02,483,0.3,1.6,0.13171457500706402,0.777777777777778,1.3701599999999998,0.26702222222222183,0.34331428571428513,0.3836559691450773,2.912782956058594
0.02,483,0.3,1.7,0.12140795392022716,1.0,1.4502,0.4448888888888888,0.4448888888888888,0.272895001319192,2.2477522477522482
0.02,483,0.3,1.75,0.13056148238048612,1.0,1.4902,0.5337777777777778,0.5337777777777778,0.24459894700757182,1.8734388009991672
0.02,483,0.3,1.8,0.14980246194698432,1.0,1.5302,0.6226666666666667,0.6226666666666667,0.24058211233455726,1.6059957173447537
0.02,483,0.3,1.85,0.1723271961962355,1.0,1.5692000000000002,0.7093333333333337,0.7093333333333337,0.24294247584055742,1.409774436090225
0.02,483,0.3,1.9,0.18785851804189105,1.0,1.6082,0.7960000000000003,0.7960000000000003,0.2360031633692098,1.2562814070351755
0.02,483,0.3,1.95,0.18924578808409834,1.0,1.6472000000000002,0.8826666666666673,0.8826666666666673,0.21440232788983937,1.1329305135951655
0.02,483,0.3,2.0,0.20455724347631493,1.0,1.6852400000000003,0.9672000000000007,0.9672000000000007,0.21149425504168196,1.0339123242349042
0.02,483,0.3,2.05,0.24618613736145387,1.0,1.7232400000000003,1.0,1.0,0.24618613736145387,1.0
0.02,483,0.3,2.1,0.2538332808337066,1.0,1.7612400000000004,1.0,1.0,0.2538332808337066,1.0
0.02,483,0.3,2.15,0.3403689589135625,0.7500000000000006,1.7982800000000003,1.0,1.3333333333333324,0.2552767191851721,0.7500000000000007
0.02,483,0.3,2.2,0.5684605576203712,0.4999999999999989,1.8352800000000005,1.0,2.0000000000000044,0.284230278810185,0.49999999999999895
0.02,483,0.3,2.25,1.186322338360375,0.25,1.8722800000000006,1.0,4.0,0.29658058459009373,0.25
0.02,483,0.3,2.3,1.1044982050586543,0.25,1.90924,1.0,4.0,0.27612455126466356,0.25
0.02,483,0.3,2.35,1.197857926269439,0.25,1.9452800000000006,1.0,4.0,0.2994644815673598,0.25
0.02,483,0.3,2.4,1.1665920270231687,0.25,1.9802800000000003,1.0,4.0,0.29164800675579217,0.25
0.02,483,0.3,2.45,1.119623837164252,0.25,2.0153200000000004,1.0,4.0,0.279905959291063,0.25
0.02,483,0.3,2.5,1.0587569097251983,0.25,2.05032,1.0,4.0,0.2646892274312996,0.25
0.02,483,0.3,2.55,1.0937094432994228,0.25,2.0843200000000004,1.0,4.0,0.2734273608248557,0.25
0.02,483,0.3,2.6,1.058503729394044,0.25,2.11836,0.9082000000000002,3.632800000000001,0.29137407217409267,0.2752697643690816
0.02,483,0.3,2.65,1.0379494614826719,0.25,2.1523200000000005,0.7383999999999978,2.9535999999999913,0.3514184254749035,0.33856988082340295
0.02,483,0.3,2.7,1.0096841894651274,0.25,2.1853200000000004,0.573399999999998,2.293599999999992,0.44021808051322414,0.43599581444018287
0.02,483,0.3,2.75,0.8206981245277305,0.25,2.21736,0.41319999999999857,1.6527999999999943,0.496550172148919,0.6050338818973884
0.02,483,0.3,2.8,0.9194523239071927,0.25,2.25036,0.25,1.0,0.9194523239071927,1.0
0.02,483,0.3,2.85,0.6329707734737726,0.25,2.2813600000000003,0.25,1.0,0.6329707734737726,1.0
0.02,483,0.3,2.9,0.656563347558566,0.25,2.3124000000000002,0.25,1.0,0.656563347558566,1.0
0.02,483,0.3,2.95,0.5628565797246671,0.25,2.343400000000001,0.25,1.0,0.5628565797246671,1.0
0.02,483,0.3,3.0,0.5436188868219923,0.25,2.3734,0.25,1.0,0.5436188868219923,1.0
0.02,483,0.3,3.1,0.8027771290677164,0.1666666666666667,2.4324000000000003,0.25,1.4999999999999996,0.5351847527118111,0.6666666666666669
0.02,483,0.3,3.2,0.6084090428762853,0.1944444444444445,2.4894400000000005,0.25,1.2857142857142854,0.473207033348222,0.777777777777778
0.02,483,0.3,3.3,0.514633244668946,0.22222222222222218,2.5444400000000003,0.25,1.1250000000000002,0.45745177303906304,0.8888888888888887
0.02,483,0.3,3.4,0.4083594976289157,0.25,2.59844,0.25,1.0,0.4083594976289157,1.0
0.02,483,0.3,3.45,0.3898689595422709,0.25,4.281640000000003,0.19897499999999818,0.7958999999999927,0.48984666357868384,1.2564392511622178
0.02,483,0.3,3.5,0.28385577247401367,0.25,4.2986400000000025,0.1883499999999985,0.753399999999994,0.3767663558189752,1.327316166710921
0.02,483,0.3,3.55,0.373887734028263,0.25,4.318600000000003,0.17587499999999834,0.7034999999999934,0.5314679943543233,1.4214641080312855
0.02,483,0.3,3.6,0.2835282214433174,0.25,4.339560000000002,0.16277499999999856,0.6510999999999942,0.43546033089129155,1.5358623867301626
0.02,483,0.3,3.65,0.3270176686957616,0.25,4.3615600000000025,0.14902499999999838,0.5960999999999935,0.5485953173893058,1.6775708773695872
0.02,483,0.3,3.7,0.31459181187431445,0.25,4.385520000000002,0.1340499999999985,0.536199999999994,0.5867061019662775,1.8649757553152018
0.02,483,0.3,3.75,0.2758886364835739,0.25,4.411000000000002,0.11812499999999852,0.4724999999999941,0.5838912941451373,2.116402116402143
0.02,483,0.3,3.8,0.3021131487662975,0.25,4.436960000000002,0.1018999999999988,0.4075999999999952,0.741200070574831,2.453385672227703
0.02,483,0.3,3.85,0.30800439201393565,0.25,4.465800000000002,0.08387499999999837,0.33549999999999347,0.9180458778358916,2.980625931445662
0.02,483,0.3,3.9,0.2984655099194074,0.25,4.494800000000002,0.0657499999999984,0.2629999999999936,1.1348498476023372,3.8022813688213857
0.02,483,0.3,4.0,0.2773091445739969,0.25,4.556720000000002,0.0270499999999985,0.108199999999994,2.5629310958781173,9.242144177449681
0.02,580,0.25,1.5,0.1881204757076064,0.5555555555555556,1.3151599999999999,0.14479999999999976,0.26063999999999954,0.7217636422176439,3.836709637814616
0.02,580,0.25,1.6,0.15326459115583427,0.777777777777778,1.3981999999999999,0.3293333333333331,0.423428571428571,0.36196091028705835,2.3616734143049958
0.02,580,0.25,1.7,0.13433021760770406,1.0,1.48116,0.513688888888889,0.513688888888889,0.26150111577897045,1.9467035819345901
0.02,580,0.25,1.75,0.1404684535663153,1.0,1.52216,0.6048,0.6048,0.2322560409495954,1.6534391534391535
0.02,580,0.25,1.8,0.15577712803988325,1.0,1.5622,0.6937777777777779,0.6937777777777779,0.22453461761033774,1.4413837283792437
0.02,580,0.25,1.85,0.17904474136613807,1.0,1.6032000000000002,0.7848888888888894,0.7848888888888894,0.22811476108369785,1.274065685164212
0.02,580,0.25,1.9,0.19010484301763692,1.0,1.6432,0.8737777777777779,0.8737777777777779,0.21756658025924874,1.1444557477110884
0.02,580,0.25,1.95,0.233826438044297,1.0,1.6832000000000003,0.9626666666666673,0.9626666666666673,0.24289449935349394,1.0387811634349022
0.02,580,0.25,2.0,0.2387532240701874,1.0,1.7222000000000002,1.0,1.0,0.2387532240701874,1.0
0.02,580,0.25,2.05,0.26036585124069056,1.0,1.7612400000000004,1.0,1.0,0.26036585124069056,1.0
0.02,580,0.25,2.1,0.2861749252733657,1.0,1.8002400000000005,1.0,1.0,0.2861749252733657,1.0
0.02,580,0.25,2.15,0.39876606318592783,0.7500000000000006,1.8392400000000004,1.0,1.3333333333333324,0.2990745473894461,0.7500000000000006
0.02,580,0.25,2.2,0.5904240873516512,0.4999999999999989,1.8772400000000005,1.0,2.0000000000000044,0.29521204367582493,0.4999999999999989
0.02,580,0.25,2.25,1.217198447209097,0.25,1.9152400000000005,1.0,4.0,0.3042996118022743,0.25
0.02,580,0.25,2.3,1.2262362844509895,0.25,1.9522800000000002,1.0,4.0,0.3065590711127474,0.25
0.02,580,0.25,2.35,1.2953605666099721,0.25,1.9902400000000005,1.0,4.0,0.32384014165249303,0.25
0.02,580,0.25,2.4,1.3071266437937332,0.25,2.02628,1.0,4.0,0.3267816609484333,0.25
0.02,580,0.25,2.45,1.1283272170967555,0.25,2.0632800000000007,1.0,4.0,0.2820818042741889,0.25
0.02,580,0.25,2.5,1.1356299360907596,0.25,2.09928,1.0,4.0,0.2839074840226899,0.25
0.02,580,0.25,2.55,1.0182658602374812,0.25,2.13428,0.8286000000000004,3.314400000000002,0.30722479490631205,0.30171373400917195
0.02,580,0.25,2.6,0.9081400398402314,0.25,2.1693200000000004,0.6533999999999982,2.613599999999993,0.34746711043779993,0.3826140189776564
0.02,580,0.25,2.65,0.9718037831872548,0.25,2.2043200000000005,0.4783999999999972,1.9135999999999889,0.5078406057625734,0.5225752508361234
0.02,580,0.25,2.7,0.9115145006144868,0.25,2.2383200000000003,0.30839999999999795,1.2335999999999918,0.7389060478392452,0.8106355382620027
0.02,580,0.25,2.75,0.9055080457805521,0.25,2.2723200000000006,0.25,1.0,0.9055080457805521,1.0
0.02,580,0.25,2.8,0.8246904509720675,0.25,2.3053600000000003,0.25,1.0,0.8246904509720675,1.0
0.02,580,0.25,2.85,0.8139980330755486,0.25,2.33836,0.25,1.0,0.8139980330755486,1.0
0.02,580,0.25,2.9,0.5938130576628958,0.25,2.3703600000000002,0.25,1.0,0.5938130576628958,1.0
0.02,580,0.25,2.95,0.6479775779974274,0.25,2.4023600000000003,0.25,1.0,0.6479775779974274,1.0
0.02,580,0.25,3.0,0.5565906341415404,0.25,2.4343600000000003,0.25,1.0,0.5565906341415404,1.0
0.02,580,0.25,3.1,0.7887814144029186,0.1666666666666667,2.4954000000000005,0.25,1.4999999999999996,0.5258542762686126,0.6666666666666669
0.02,580,0.25,3.2,0.49838962216327176,0.1944444444444445,2.5554,0.25,1.2857142857142854,0.3876363727936559,0.777777777777778
0.02,580,0.25,3.3,0.39078493834570294,0.22222222222222218,2.6144400000000005,0.25,1.1250000000000002,0.34736438964062477,0.8888888888888887
0.02,580,0.25,3.4,0.3464266880528704,0.25,4.061559999999828,0.25,1.0,0.3464266880528704,1.0
0.02,580,0.25,3.45,0.3489560823530582,0.25,4.138640000000003,0.25,1.0,0.3489560823530582,1.0
0.02,580,0.25,3.5,0.41783011917661667,0.25,4.159560000000003,0.25,1.0,0.41783011917661667,1.0
0.02,580,0.25,3.55,0.3169822514669207,0.25,4.182520000000002,0.25,1.0,0.3169822514669207,1.0
0.02,580,0.25,3.6,0.3023567721672966,0.25,4.206480000000002,0.245949999999999,0.983799999999996,0.3073356090336429,1.0164667615369019
0.02,580,0.25,3.65,0.2754929773622746,0.25,4.232440000000001,0.22972499999999926,0.918899999999997,0.2998073537515241,1.088257699423227
0.02,580,0.25,3.7,0.312320950974202,0.25,4.2594400000000014,0.21284999999999915,0.8513999999999966,0.36683221866831484,1.1745360582569933
0.02,580,0.25,3.75,0.2964654083186553,0.25,4.287846153846155,0.1950961538461529,0.7803846153846116,0.37989653111311367,1.2814194184327319
0.02,580,0.25,3.8,0.2943092085416868,0.25,4.317800000000002,0.17637499999999884,0.7054999999999954,0.4171640092724149,1.4174344436569901
0.02,580,0.25,3.85,0.27557009294689394,0.25,4.349720000000001,0.15642499999999915,0.6256999999999966,0.4404188795699144,1.5982100047946386
0.02,580,0.25,3.9,0.2606891698125616,0.25,4.381720000000001,0.1364249999999991,0.5456999999999964,0.47771517282859327,1.8325087044163582
0.02,580,0.25,4.0,0.2924370904624867,0.25,4.450640000000002,0.09334999999999884,0.37339999999999535,0.7831737827061874,2.6780931976433116
0.02,725,0.2,1.5,0.1774147503821339,0.5555555555555556,1.34412,0.20915555555555554,0.3764799999999999,0.4712461495488045,2.6561835954101154
0.02,725,0.2,1.6,0.14810769229731957,0.777777777777778,1.42916,0.39813333333333334,0.5118857142857142,0.28933742076390856,1.9535610627372184
0.02,725,0.2,1.7,0.14426507683291126,1.0,1.51416,0.5870222222222222,0.5870222222222222,0.24575743706393877,1.70351302241066
0.02,725,0.2,1.75,0.15165750861395688,1.0,1.5561600000000002,0.680355555555556,0.680355555555556,0.2229091941347026,1.4698197021165393
0.02,725,0.2,1.8,0.1698942830555989,1.0,1.59816,0.773688888888889,0.773688888888889,0.21958992237769845,1.2925091911764703
0.02,725,0.2,1.85,0.20651945184396386,1.0,1.6401600000000003,0.8670222222222229,0.8670222222222229,0.23819395460781131,1.1533729751896649
0.02,725,0.2,1.9,0.24249612611015567,1.0,1.68116,0.9581333333333334,0.9581333333333334,0.2530922551942899,1.0436960757027551
0.02,725,0.2,1.95,0.2821556981401818,1.0,1.7222000000000002,1.0,1.0,0.2821556981401818,1.0
0.02,725,0.2,2.0,0.28015592926344,1.0,1.7632000000000003,1.0,1.0,0.28015592926344,1.0
0.02,725,0.2,2.05,0.3178358030659649,1.0,1.8032000000000004,1.0,1.0,0.3178358030659649,1.0
0.02,725,0.2,2.1,0.3218411495443322,1.0,1.8442000000000005,1.0,1.0,0.3218411495443322,1.0
0.02,725,0.2,2.15,0.4556549359713414,0.7500000000000006,1.8832400000000005,1.0,1.3333333333333324,0.34174120197850627,0.7500000000000006
0.02,725,0.2,2.2,0.7375680375934829,0.4999999999999989,1.9232000000000005,1.0,2.0000000000000044,0.3687840187967406,0.4999999999999989
0.02,725,0.2,2.25,1.5590089559774658,0.25,1.9622400000000004,1.0,4.0,0.38975223899436645,0.25
0.02,725,0.2,2.3,1.2990324776194708,0.25,2.00124,1.0,4.0,0.3247581194048677,0.25
0.02,725,0.2,2.35,1.3712831458175156,0.25,2.0402000000000005,1.0,4.0,0.3428207864543789,0.25
0.02,725,0.2,2.4,1.267582302282109,0.25,2.07824,1.0,4.0,0.3168955755705273,0.25
0.02,725,0.2,2.45,1.3221073926244014,0.25,2.1152800000000003,0.923599999999999,3.694399999999996,0.35786796032492496,0.2706799480294503
0.02,725,0.2,2.5,1.1811971129544876,0.25,2.1532400000000003,0.7337999999999988,2.935199999999995,0.40242474548735674,0.34069228672662905
0.02,725,0.2,2.55,1.1152750875794208,0.25,2.19024,0.548799999999999,2.195199999999996,0.5080516980591395,0.455539358600584
0.02,725,0.2,2.6,0.9047613654011148,0.25,2.22628,0.36859999999999943,1.4743999999999977,0.6136471550468775,0.6782419967444394
0.02,725,0.2,2.65,0.8188684414684668,0.25,2.2632800000000004,0.25,1.0,0.8188684414684668,1.0
0.02,725,0.2,2.7,0.7605039740003129,0.25,2.2983200000000004,0.25,1.0,0.7605039740003129,1.0
0.02,725,0.2,2.75,0.9299955237399659,0.25,2.33428,0.25,1.0,0.9299955237399659,1.0
0.02,725,0.2,2.8,0.6328125447071137,0.25,2.36928,0.25,1.0,0.6328125447071137,1.0
0.02,725,0.2,2.85,0.7368125167033129,0.25,2.4033200000000003,0.25,1.0,0.7368125167033129,1.0
0.02,725,0.2,2.9,0.6442087352920598,0.25,2.43732,0.25,1.0,0.6442087352920598,1.0
0.02,725,0.2,2.95,0.5695546739794222,0.25,2.471320000000001,0.25,1.0,0.5695546739794222,1.0
0.02,725,0.2,3.0,0.5737118942374465,0.25,2.50532,0.25,1.0,0.5737118942374465,1.0
0.02,725,0.2,3.1,0.7288101444974021,0.1666666666666667,2.57132,0.25,1.4999999999999996,0.48587342966493485,0.6666666666666669
0.02,725,0.2,3.2,0.5299197192658253,0.1944444444444445,2.6363600000000007,0.25,1.2857142857142854,0.41215978165119754,0.777777777777778
0.02,725,0.2,3.3,0.4593993767336244,0.22222222222222218,2.70232,0.25,1.1250000000000002,0.4083550015409994,0.8888888888888887
0.02,725,0.2,3.4,0.362711024147969,0.25,3.9565600000000023,0.25,1.0,0.362711024147969,1.0
0.02,725,0.2,3.45,0.308450530225414,0.25,3.980520000000002,0.25,1.0,0.308450530225414,1.0
0.02,725,0.2,3.5,0.29531020536220487,0.25,4.006480000000002,0.25,1.0,0.29531020536220487,1.0
0.02,725,0.2,3.55,0.30849738500753293,0.25,4.034440000000002,0.25,1.0,0.30849738500753293,1.0
0.02,725,0.2,3.6,0.30066207984222443,0.25,4.0634000000000015,0.25,1.0,0.30066207984222443,1.0
0.02,725,0.2,3.65,0.3019446036541994,0.25,4.094360000000002,0.25,1.0,0.3019446036541994,1.0
0.02,725,0.2,3.7,0.28902659608393433,0.25,4.126360000000002,0.25,1.0,0.28902659608393433,1.0
0.02,725,0.2,3.75,0.2842999729475902,0.25,4.159692307692309,0.25,1.0,0.2842999729475902,1.0
0.02,725,0.2,3.8,0.30170422249701984,0.25,4.194560000000001,0.25,1.0,0.30170422249701984,1.0
0.02,725,0.2,3.85,0.2894587359511025,0.25,4.230560000000001,0.2308999999999992,0.9235999999999968,0.31340270241565993,1.0827197921178038
0.02,725,0.2,3.9,0.2901236488396576,0.25,4.267480000000001,0.20782499999999954,0.8312999999999982,0.348999938457426,1.2029351617947819
0.02,725,0.2,4.0,0.29284191297217704,0.25,4.344400000000001,0.15974999999999928,0.6389999999999971,0.458281553947071,1.564945226917065
0.02,967,0.15,1.5,0.20182849708100176,0.5555555555555556,1.37912,0.28693333333333315,0.5164799999999996,0.3907769847448147,1.9361833952912033
0.02,967,0.15,1.6,0.1585000790113647,0.777777777777778,1.46812,0.48471111111111137,0.6232000000000002,0.2543326043186211,1.604621309370988
0.02,967,0.15,1.7,0.16208712595852057,1.0,1.55612,0.6802666666666666,0.6802666666666666,0.2382699813188758,1.470011760094081
0.02,967,0.15,1.75,0.1923390758601078,1.0,1.59912,0.7758222222222225,0.7758222222222225,0.24791643027339733,1.2889550870760766
0.02,967,0.15,1.8,0.22338626820105095,1.0,1.64312,0.8735999999999999,0.8735999999999999,0.2557077245891151,1.1446886446886448
0.02,967,0.15,1.85,0.23807240185340078,1.0,1.68612,0.9691555555555558,0.9691555555555558,0.24564931861421244,1.0318261029074565
0.02,967,0.15,1.9,0.2614614782329608,1.0,1.72912,1.0,1.0,0.2614614782329608,1.0
0.02,967,0.15,1.95,0.2951683387255826,1.0,1.77116,1.0,1.0,0.2951683387255826,1.0
0.02,967,0.15,2.0,0.32996713249369564,1.0,1.81416,1.0,1.0,0.32996713249369564,1.0
0.02,967,0.15,2.05,0.34152746040546245,1.0,1.8561600000000003,1.0,1.0,0.34152746040546245,1.0
0.02,967,0.15,2.1,0.34918127362294915,1.0,1.8981600000000003,1.0,1.0,0.34918127362294915,1.0
0.02,967,0.15,2.15,0.49894576829730236,0.7500000000000006,1.9401600000000003,1.0,1.3333333333333324,0.37420932622297703,0.7500000000000006
0.02,967,0.15,2.2,0.7969058317394423,0.4999999999999989,1.9812000000000005,1.0,2.0000000000000044,0.39845291586972026,0.4999999999999989
0.02,967,0.15,2.25,1.5230859312593958,0.25,2.0222,1.0,4.0,0.38077148281484896,0.25
0.02,967,0.15,2.3,1.4383059796749507,0.25,2.0632,1.0,4.0,0.35957649491873767,0.25
0.02,967,0.15,2.35,1.4565903537103353,0.25,2.1032000000000006,0.9839999999999973,3.9359999999999893,0.3700686874264073,0.2540650406504072
0.02,967,0.15,2.4,1.469716528743188,0.25,2.1442,0.7789999999999996,3.1159999999999983,0.4716676921512159,0.32092426187419787
0.02,967,0.15,2.45,1.283807910760751,0.25,2.1832400000000005,0.5837999999999973,2.3351999999999893,0.5497635794624687,0.42822884549503454
0.02,967,0.15,2.5,1.1793164234972304,0.25,2.2232000000000003,0.3839999999999982,1.5359999999999927,0.7677841298810131,0.6510416666666697
0.02,967,0.15,2.55,1.089842557989603,0.25,2.2622400000000003,0.25,1.0,1.089842557989603,1.0
0.02,967,0.15,2.6,0.8934988660586624,0.25,2.3012400000000004,0.25,1.0,0.8934988660586624,1.0
0.02,967,0.15,2.65,0.7932422116741968,0.25,2.3402000000000003,0.25,1.0,0.7932422116741968,1.0
0.02,967,0.15,2.7,0.8010224078304188,0.25,2.3782400000000004,0.25,1.0,0.8010224078304188,1.0
0.02,967,0.15,2.75,0.7119928818515864,0.25,2.4162400000000006,0.25,1.0,0.7119928818515864,1.0
0.02,967,0.15,2.8,0.6729412622969674,0.25,2.45328,0.25,1.0,0.6729412622969674,1.0
0.02,967,0.15,2.85,0.6949633883001741,0.25,2.4912400000000003,0.25,1.0,0.6949633883001741,1.0
0.02,967,0.15,2.9,0.44443067915783,0.25,2.52828,0.25,1.0,0.44443067915783,1.0
0.02,967,0.15,2.95,0.4782614196004671,0.25,2.5662400000000005,0.25,1.0,0.4782614196004671,1.0
0.02,967,0.15,3.0,0.44315271620422875,0.25,2.60324,0.25,1.0,0.44315271620422875,1.0
0.02,967,0.15,3.1,0.6247322347860828,0.1666666666666667,2.67824,0.25,1.4999999999999996,0.4164881565240553,0.6666666666666669
0.02,967,0.15,3.2,0.43688452291349955,0.1944444444444445,2.7572,0.25,1.2857142857142854,0.3397990733771664,0.777777777777778
0.02,967,0.15,3.3,0.3503811757844199,0.22222222222222218,2.8440799999999995,0.25,1.1250000000000002,0.3114499340305954,0.8888888888888887
0.02,967,0.15,3.4,0.30846593704267705,0.25,3.738280000000001,0.25,1.0,0.30846593704267705,1.0
0.02,967,0.15,3.45,0.27945917710437035,0.25,3.7762400000000014,0.25,1.0,0.27945917710437035,1.0
0.02,967,0.15,3.5,0.30733910926042557,0.25,3.8142000000000005,0.25,1.0,0.30733910926042557,1.0
0.02,967,0.15,3.55,0.3227292612646476,0.25,3.852240000000001,0.25,1.0,0.3227292612646476,1.0
0.02,967,0.15,3.6,0.27958894636934134,0.25,3.8922000000000008,0.25,1.0,0.27958894636934134,1.0
0.02,967,0.15,3.65,0.28575814725557336,0.25,3.932200000000001,0.25,1.0,0.28575814725557336,1.0
0.02,967,0.15,3.7,0.29156941984076823,0.25,3.973160000000001,0.25,1.0,0.29156941984076823,1.0
0.02,967,0.15,3.75,0.316254220753962,0.25,4.013461538461539,0.25,1.0,0.316254220753962,1.0
0.02,967,0.15,3.8,0.2691703877643247,0.25,4.05532,0.25,1.0,0.2691703877643247,1.0
0.02,967,0.15,3.85,0.29436624625752206,0.25,4.098320000000001,0.25,1.0,0.29436624625752206,1.0
0.02,967,0.15,3.9,0.28295712169966447,0.25,4.141240000000001,0.25,1.0,0.28295712169966447,1.0
0.02,967,0.15,4.0,0.30594605253108614,0.25,4.22824,0.2323499999999998,0.9293999999999992,0.32918662850342845,1.0759629868732525
0.02,1450,0.1,1.5,0.22460776381553585,0.5555555555555556,1.4140799999999998,0.3646222222222218,0.6563199999999992,0.34222294584278423,1.523647001462703
0.02,1450,0.1,1.6,0.18313020412956976,0.777777777777778,1.50508,0.5668444444444445,0.7287999999999998,0.2512763503424394,1.3721185510428107
0.02,1450,0.1,1.7,0.17680102343803655,1.0,1.59612,0.7691555555555556,0.7691555555555556,0.2298638060415938,1.3001271235409684
0.02,1450,0.1,1.75,0.2044285337792655,1.0,1.64208,0.8712888888888889,0.8712888888888889,0.23462772954669833,1.147724954091002
0.02,1450,0.1,1.8,0.23574336905999663,1.0,1.68708,0.9712888888888888,0.9712888888888888,0.2427118973117015,1.0295598059851745
0.02,1450,0.1,1.85,0.2887166703600405,1.0,1.7320800000000003,1.0,1.0,0.2887166703600405,1.0
0.02,1450,0.1,1.9,0.3230830033892493,1.0,1.77612,1.0,1.0,0.3230830033892493,1.0
0.02,1450,0.1,1.95,0.34853863572214144,1.0,1.82112,1.0,1.0,0.34853863572214144,1.0
0.02,1450,0.1,2.0,0.3676586259883677,1.0,1.8651200000000001,1.0,1.0,0.3676586259883677,1.0
0.02,1450,0.1,2.05,0.4316503733635386,1.0,1.9091200000000002,1.0,1.0,0.4316503733635386,1.0
0.02,1450,0.1,2.1,0.43711646402278653,1.0,1.9531200000000002,1.0,1.0,0.43711646402278653,1.0
0.02,1450,0.1,2.15,0.5651747156233058,0.7500000000000006,1.9971200000000002,1.0,1.3333333333333324,0.4238810367174797,0.7500000000000006
0.02,1450,0.1,2.2,0.8100827213519342,0.4999999999999989,2.04016,1.0,2.0000000000000044,0.4050413606759662,0.4999999999999989
0.02,1450,0.1,2.25,1.5517125907093168,0.25,2.0841200000000004,1.0,4.0,0.3879281476773292,0.25
0.02,1450,0.1,2.3,1.5102785563581202,0.25,2.12712,0.8643999999999996,3.4575999999999985,0.436799675022594,0.28921795465062483
0.02,1450,0.1,2.35,1.5256900811086187,0.25,2.16916,0.654199999999999,2.616799999999996,0.5830365641656302,0.3821461326811379
0.02,1450,0.1,2.4,1.5174824624552723,0.25,2.21216,0.4392000000000002,1.7568000000000008,0.8637764472081464,0.5692167577413476
0.02,1450,0.1,2.45,1.2380036532693053,0.25,2.25416,0.25,1.0,1.2380036532693053,1.0
0.02,1450,0.1,2.5,1.0908922324275225,0.25,2.29616,0.25,1.0,1.0908922324275225,1.0
0.02,1450,0.1,2.55,1.057481861582225,0.25,2.33816,0.25,1.0,1.057481861582225,1.0
0.02,1450,0.1,2.6,0.9355988901411528,0.25,2.38016,0.25,1.0,0.9355988901411528,1.0
0.02,1450,0.1,2.65,0.8105614280389392,0.25,2.4212000000000002,0.25,1.0,0.8105614280389392,1.0
0.02,1450,0.1,2.7,0.5963620446544962,0.25,2.4631600000000002,0.25,1.0,0.5963620446544962,1.0
0.02,1450,0.1,2.75,0.6186703026058064,0.25,2.5042000000000004,0.25,1.0,0.6186703026058064,1.0
0.02,1450,0.1,2.8,0.5752459814358312,0.25,2.54616,0.25,1.0,0.5752459814358312,1.0
0.02,1450,0.1,2.85,0.4726819757138613,0.25,2.5881600000000002,0.25,1.0,0.4726819757138613,1.0
0.02,1450,0.1,2.9,0.5025255903447328,0.25,2.63016,0.25,1.0,0.5025255903447328,1.0
0.02,1450,0.1,2.95,0.48210719949731035,0.25,2.6731200000000004,0.25,1.0,0.48210719949731035,1.0
0.02,1450,0.1,3.0,0.32556028774558765,0.25,2.71612,0.25,1.0,0.32556028774558765,1.0
0.02,1450,0.1,3.1,0.5165026186648314,0.1666666666666667,2.8099999999999996,0.25,1.4999999999999996,0.3443350791098877,0.6666666666666669
0.02,1450,0.1,3.2,0.47467210056265036,0.1944444444444445,2.920759999999999,0.25,1.2857142857142854,0.36918941154872814,0.777777777777778
0.02,1450,0.1,3.3,0.3709014128280978,0.22222222222222218,3.144079999999991,0.1789111111111086,0.8050999999999888,0.4606898681258265,1.242081728977784
0.02,1450,0.1,3.4,0.29469470514354323,0.25,3.512439999999998,0.25,1.0,0.29469470514354323,1.0
0.02,1450,0.1,3.45,0.29480580562596026,0.25,3.57972,0.25,1.0,0.29480580562596026,1.0
0.02,1450,0.1,3.5,0.28944835576426686,0.25,3.6378799999999996,0.25,1.0,0.28944835576426686,1.0
0.02,1450,0.1,3.55,0.3099414719488375,0.25,3.69292,0.25,1.0,0.3099414719488375,1.0
0.02,1450,0.1,3.6,0.29579754234559025,0.25,3.74496,0.25,1.0,0.29579754234559025,1.0
0.02,1450,0.1,3.65,0.27897482794339495,0.25,3.79596,0.25,1.0,0.27897482794339495,1.0
0.02,1450,0.1,3.7,0.31273905778314054,0.25,3.8450400000000005,0.25,1.0,0.31273905778314054,1.0
0.02,1450,0.1,3.75,0.31051462201193913,0.25,3.8931538461538464,0.25,1.0,0.31051462201193913,1.0
0.02,1450,0.1,3.8,0.32347069134989903,0.25,3.9420800000000003,0.25,1.0,0.32347069134989903,1.0
0.02,1450,0.1,3.85,0.3455842905858215,0.25,3.9900800000000007,0.25,1.0,0.3455842905858215,1.0
0.02,1450,0.1,3.9,0.32968994651446054,0.25,4.038080000000001,0.25,1.0,0.32968994651446054,1.0
0.02,1450,0.1,4.0,0.3283077634728332,0.25,4.134080000000001,0.25,1.0,0.3283077634728332,1.0
0.02,2900,0.05,1.5,0.28390854288004885,0.5555555555555556,1.45204,0.4489777777777778,0.80816,0.3513023941794308,1.2373787368837852
0.02,2900,0.05,1.6,0.23008334587800192,0.777777777777778,1.54704,0.6600888888888888,0.8486857142857139,0.27110547756968995,1.1782924858604906
0.02,2900,0.05,1.7,0.22048944211785587,1.0,1.6420399999999997,0.8711999999999994,0.8711999999999994,0.253087054772562,1.1478420569329668
0.02,2900,0.05,1.75,0.27900204591923566,1.0,1.68904,0.9756444444444448,0.9756444444444448,0.2859669293541728,1.0249635568513118
0.02,2900,0.05,1.8,0.3022536721228122,1.0,1.73608,1.0,1.0,0.3022536721228122,1.0
0.02,2900,0.05,1.85,0.36029847611056837,1.0,1.7830800000000002,1.0,1.0,0.36029847611056837,1.0
0.02,2900,0.05,1.9,0.36594407893947506,1.0,1.8300799999999997,1.0,1.0,0.36594407893947506,1.0
0.02,2900,0.05,1.95,0.4543192364619625,1.0,1.87704,1.0,1.0,0.4543192364619625,1.0
0.02,2900,0.05,2.0,0.49850980421343816,1.0,1.9240400000000002,1.0,1.0,0.49850980421343816,1.0
0.02,2900,0.05,2.05,0.4631208211314229,1.0,1.97008,1.0,1.0,0.4631208211314229,1.0
0.02,2900,0.05,2.1,0.5952269445003737,1.0,2.01608,1.0,1.0,0.5952269445003737,1.0
0.02,2900,0.05,2.15,0.6426680100956073,0.7500000000000006,2.0630800000000002,1.0,1.3333333333333324,0.4820010075717058,0.7500000000000006
0.02,2900,0.05,2.2,1.0890179028897142,0.4999999999999989,2.10908,0.9546,1.9092000000000042,0.5704053545410182,0.5237795935470343
0.02,2900,0.05,2.25,1.920079654505611,0.25,2.15508,0.7246000000000007,2.8984000000000028,0.662461928824734,0.34501794093292815
0.02,2900,0.05,2.3,1.6411735008429076,0.25,2.2010799999999997,0.49460000000000126,1.978400000000005,0.8295458455534287,0.505458956732712
0.02,2900,0.05,2.35,1.4238178064855995,0.25,2.2470800000000004,0.2645999999999974,1.0583999999999896,1.3452549192040943,0.9448223733938113
0.02,2900,0.05,2.4,1.3263222396816317,0.25,2.29208,0.25,1.0,1.3263222396816317,1.0
0.02,2900,0.05,2.45,1.1768867241257925,0.25,2.33808,0.25,1.0,1.1768867241257925,1.0
0.02,2900,0.05,2.5,1.0380178834493878,0.25,2.38408,0.25,1.0,1.0380178834493878,1.0
0.02,2900,0.05,2.55,0.8121521168910805,0.25,2.42908,0.25,1.0,0.8121521168910805,1.0
0.02,2900,0.05,2.6,0.7316366271751533,0.25,2.4750799999999997,0.25,1.0,0.7316366271751533,1.0
0.02,2900,0.05,2.65,0.7733363802073112,0.25,2.52108,0.25,1.0,0.7733363802073112,1.0
0.02,2900,0.05,2.7,0.5583983273881131,0.25,2.5670800000000003,0.25,1.0,0.5583983273881131,1.0
0.02,2900,0.05,2.75,0.5369231826343475,0.25,2.61308,0.25,1.0,0.5369231826343475,1.0
0.02,2900,0.05,2.8,0.5091555846199348,0.25,2.66008,0.25,1.0,0.5091555846199348,1.0
0.02,2900,0.05,2.85,0.4792239742925786,0.25,2.7080400000000004,0.25,1.0,0.4792239742925786,1.0
0.02,2900,0.05,2.9,0.4934489862768401,0.25,2.7579999999999996,0.25,1.0,0.4934489862768401,1.0
0.02,2900,0.05,2.95,0.32139713923520663,0.25,2.8080000000000003,0.25,1.0,0.32139713923520663,1.0
0.02,2900,0.05,3.0,0.3463034337878555,0.25,2.8609599999999995,0.25,1.0,0.3463034337878555,1.0
0.02,2900,0.05,3.1,0.521275416921541,0.1666666666666667,2.977759999999999,0.25,1.4999999999999996,0.3475169446143608,0.6666666666666669
0.02,2900,0.05,3.2,0.44400954646070556,0.1944444444444445,3.1135599999999988,0.17043333333333302,0.8765142857142838,0.5065628178539908,1.1408827172566687
0.02,2900,0.05,3.3,0.3953848096182622,0.22222222222222218,3.2635199999999984,0.21208888888888847,0.9543999999999982,0.41427578543405585,1.0477787091366322
0.02,2900,0.05,3.4,0.30253513693985906,0.25,3.404639999999999,0.25,1.0,0.30253513693985906,1.0
0.02,2900,0.05,3.45,0.29569158796154554,0.25,3.4687199999999994,0.25,1.0,0.29569158796154554,1.0
0.02,2900,0.05,3.5,0.3348591445477434,0.25,3.5287999999999995,0.25,1.0,0.3348591445477434,1.0
0.02,2900,0.05,3.55,0.3162524495633411,0.25,3.586839999999999,0.25,1.0,0.3162524495633411,1.0
0.02,2900,0.05,3.6,0.37342451107550106,0.25,3.6428799999999995,0.25,1.0,0.37342451107550106,1.0
0.02,2900,0.05,3.65,0.3355196450464535,0.25,3.69692,0.25,1.0,0.3355196450464535,1.0
0.02,2900,0.05,3.7,0.3705987682638546,0.25,3.7509200000000003,0.25,1.0,0.3705987682638546,1.0
0.02,2900,0.05,3.75,0.3563769585942852,0.25,3.8019999999999996,0.25,1.0,0.3563769585942852,1.0
0.02,2900,0.05,3.8,0.34883620159021733,0.25,3.85392,0.25,1.0,0.34883620159021733,1.0
0.02,2900,0.05,3.85,0.37386700350359314,0.25,3.9050000000000002,0.25,1.0,0.37386700350359314,1.0
0.02,2900,0.05,3.9,0.42750176161777326,0.25,3.956,0.25,1.0,0.42750176161777326,1.0
0.02,2900,0.05,4.0,0.3918852941125746,0.25,4.057,0.25,1.0,0.3918852941125746,1.0
