damping_key,linear_mass_key,mass_ratio,bridge_frequency,old_bias,psi_old,psi_env,env_bias,bias_ratio_env_over_old,psi_scale_env_over_old
0.005,500,0.25,1.5,0.0458690933134703,0.5555555555555556,0.5424700000000002,0.04697555554886833,1.0241221736788308,0.9764460000000004
0.005,500,0.25,1.6,0.03546007470854184,0.777777777777778,0.7594578000000007,0.036315458352845456,1.0241224433770741,0.9764457428571435
0.005,500,0.25,1.7,0.033617208841215426,1.0,0.9764456000000004,0.03442814309493065,1.0241225932094933,0.9764456000000004
0.005,500,0.25,1.75,0.0338080967254371,1.0,1.0,0.0338080967254371,1.0,1.0
0.005,500,0.25,1.8,0.04035963142052619,1.0,1.0,0.04035963142052619,1.0,1.0
0.005,500,0.25,1.85,0.046462562551537634,1.0,1.0,0.046462562551537634,1.0,1.0
0.005,500,0.25,1.9,0.053295838055120205,1.0,1.0,0.053295838055120205,1.0,1.0
0.005,500,0.25,1.95,0.05548222878926563,1.0,1.0,0.05548222878926563,1.0,1.0
0.005,500,0.25,2.0,0.06283941259295422,1.0,1.0,0.06283941259295422,1.0,1.0
0.005,500,0.25,2.05,0.08100351305049176,1.0,1.0,0.08100351305049176,1.0,1.0
0.005,500,0.25,2.1,0.07933871393754888,1.0,1.0,0.07933871393754888,1.0,1.0
0.005,500,0.25,2.15,0.10952661077516747,0.7500000000000006,1.0,0.08214495808137566,0.7500000000000006,1.3333333333333324
0.005,500,0.25,2.2,0.17657091329512975,0.4999999999999989,1.0,0.08828545664756468,0.4999999999999989,2.0000000000000044
0.005,500,0.25,2.25,0.3459294497029305,0.25,1.0,0.08648236242573262,0.25,4.0
0.005,500,0.25,2.3,0.3382629094720725,0.25,1.0,0.08456572736801812,0.25,4.0
0.005,500,0.25,2.35,0.3502168151696432,0.25,1.0,0.0875542037924108,0.25,4.0
0.005,500,0.25,2.4,0.39813126943011173,0.25,1.0,0.09953281735752793,0.25,4.0
0.005,500,0.25,2.45,0.32529469908296876,0.25,1.0,0.08132367477074219,0.25,4.0
0.005,500,0.25,2.5,0.3559884046590114,0.25,0.9889805000000003,0.0899887319969937,0.2527855705951735,3.955922000000001
0.005,500,0.25,2.55,0.32460305916260085,0.25,0.8155164500000005,0.09950843393857986,0.3065542086857964,3.262065800000002
0.005,500,0.25,2.6,0.31864309847802935,0.25,0.6420524000000007,0.12407207670200633,0.3893763188175914,2.568209600000003
0.005,500,0.25,2.65,0.2714670440581309,0.25,0.468588350000001,0.1448323694230396,0.5335173185590283,1.874353400000004
0.005,500,0.25,2.7,0.3046665644760663,0.25,0.29512429999999945,0.2580832588811451,0.8471006962151219,1.1804971999999978
0.005,500,0.25,2.75,0.30620420767258627,0.25,0.25,0.30620420767258627,1.0,1.0
0.005,500,0.25,2.8,0.251894487022744,0.25,0.25,0.251894487022744,1.0,1.0
0.005,500,0.25,2.85,0.1897452015003712,0.25,0.25,0.1897452015003712,1.0,1.0
0.005,500,0.25,2.9,0.1728939579774151,0.25,0.25,0.1728939579774151,1.0,1.0
0.005,500,0.25,2.95,0.17504142758291774,0.25,0.25,0.17504142758291774,1.0,1.0
0.005,500,0.25,3.0,0.16726230534844824,0.25,0.25,0.16726230534844824,1.0,1.0
0.005,500,0.25,3.1,0.20710272307261965,0.1666666666666667,0.25,0.13806848204841313,0.6666666666666669,1.4999999999999996
0.005,500,0.25,3.2,0.20940519149835565,0.1944444444444445,0.25,0.16287070449872112,0.7777777777777781,1.2857142857142854
0.005,500,0.25,3.3,0.12199739786111685,0.22222222222222218,0.25,0.10844213143210385,0.8888888888888887,1.1250000000000002
0.005,500,0.25,3.4,0.12991548092760194,0.25,0.25,0.12991548092760194,1.0,1.0
0.005,500,0.25,3.45,0.1102355656224136,0.25,0.25,0.1102355656224136,1.0,1.0
0.005,500,0.25,3.5,0.1057159802727294,0.25,0.25,0.1057159802727294,1.0,1.0
0.005,500,0.25,3.55,0.10625504713713385,0.25,0.25,0.10625504713713385,1.0,1.0
0.005,500,0.25,3.6,0.08331219524157235,0.25,0.25,0.08331219524157235,1.0,1.0
0.005,500,0.25,3.65,0.10855613984554464,0.25,0.25,0.10855613984554464,1.0,1.0
0.005,500,0.25,3.7,0.10719345611604614,0.25,0.25,0.10719345611604614,1.0,1.0
0.005,500,0.25,3.75,0.09477953266114293,0.25,0.25,0.09477953266114293,1.0,1.0
0.005,500,0.25,3.8,0.09141081713183209,0.25,0.25,0.09141081713183209,1.0,1.0
0.005,500,0.25,3.85,0.09589644254178871,0.25,0.25,0.09589644254178871,1.0,1.0
0.005,500,0.25,3.9,0.09329829811878311,0.25,0.25,0.09329829811878311,1.0,1.0
0.005,500,0.25,4.0,0.09765511831566022,0.25,0.25,0.09765511831566022,1.0,1.0
0.005,500,0.25,4.1,0.09402063421617847,0.25,0.25,0.09402063421617847,1.0,1.0
0.005,500,0.25,4.2,0.0912268647824623,0.25,0.24556180000000039,0.09287566794027222,1.0180736580363867,0.9822472000000015
0.005,580,0.25,1.5,0.046755644174484176,0.5555555555555556,0.5424700000000002,0.047883491943726694,1.0241221736788308,0.9764460000000004
0.005,580,0.25,1.6,0.03711961074824319,0.777777777777778,0.7594578000000007,0.038015026456696716,1.0241224433770741,0.9764457428571435
0.005,580,0.25,1.7,0.034187778523644,1.0,0.9764456000000004,0.03501247639770611,1.0241225932094933,0.9764456000000004
0.005,580,0.25,1.75,0.0386703397909863,1.0,1.0,0.0386703397909863,1.0,1.0
0.005,580,0.25,1.8,0.04404266202978077,1.0,1.0,0.04404266202978077,1.0,1.0
0.005,580,0.25,1.85,0.05081544336567903,1.0,1.0,0.05081544336567903,1.0,1.0
0.005,580,0.25,1.9,0.06091243930431467,1.0,1.0,0.06091243930431467,1.0,1.0
0.005,580,0.25,1.95,0.06670775195321504,1.0,1.0,0.06670775195321504,1.0,1.0
0.005,580,0.25,2.0,0.0741673219370239,1.0,1.0,0.0741673219370239,1.0,1.0
0.005,580,0.25,2.05,0.08265610420427041,1.0,1.0,0.08265610420427041,1.0,1.0
0.005,580,0.25,2.1,0.08630712626573549,1.0,1.0,0.08630712626573549,1.0,1.0
0.005,580,0.25,2.15,0.12002553213938283,0.7500000000000006,1.0,0.09001914910453719,0.7500000000000006,1.3333333333333324
0.005,580,0.25,2.2,0.19019524925897216,0.4999999999999989,1.0,0.09509762462948587,0.4999999999999989,2.0000000000000044
0.005,580,0.25,2.25,0.3814112117312599,0.25,1.0,0.09535280293281498,0.25,4.0
0.005,580,0.25,2.3,0.40020001562088453,0.25,1.0,0.10005000390522113,0.25,4.0
0.005,580,0.25,2.35,0.39758449233955206,0.25,1.0,0.09939612308488802,0.25,4.0
0.005,580,0.25,2.4,0.3752953269161086,0.25,1.0,0.09382383172902715,0.25,4.0
0.005,580,0.25,2.45,0.36279488149485606,0.25,1.0,0.09069872037371401,0.25,4.0
0.005,580,0.25,2.5,0.3623669742031059,0.25,0.9889805000000003,0.09160114233877861,0.2527855705951734,3.955922000000001
0.005,580,0.25,2.55,0.326151618215493,0.25,0.8155164500000005,0.09998315123364243,0.3065542086857964,3.262065800000002
0.005,580,0.25,2.6,0.3062887256983797,0.25,0.6420524000000007,0.1192615765077661,0.3893763188175914,2.568209600000003
0.005,580,0.25,2.65,0.29035365025709686,0.25,0.468588350000001,0.15490870091899225,0.5335173185590284,1.874353400000004
0.005,580,0.25,2.7,0.2771341164916735,0.25,0.29512429999999945,0.2347605030250593,0.8471006962151217,1.1804971999999978
0.005,580,0.25,2.75,0.2461777287963347,0.25,0.25,0.2461777287963347,1.0,1.0
0.005,580,0.25,2.8,0.2439873126466571,0.25,0.25,0.2439873126466571,1.0,1.0
0.005,580,0.25,2.85,0.23663636995686088,0.25,0.25,0.23663636995686088,1.0,1.0
0.005,580,0.25,2.9,0.1994650502217423,0.25,0.25,0.1994650502217423,1.0,1.0
0.005,580,0.25,2.95,0.17706949820466708,0.25,0.25,0.17706949820466708,1.0,1.0
0.005,580,0.25,3.0,0.1758542364506861,0.25,0.25,0.1758542364506861,1.0,1.0
0.005,580,0.25,3.1,0.2205044244759418,0.1666666666666667,0.25,0.1470029496506279,0.6666666666666669,1.4999999999999996
0.005,580,0.25,3.2,0.16217309681637132,0.1944444444444445,0.25,0.12613463085717774,0.7777777777777781,1.2857142857142854
0.005,580,0.25,3.3,0.13449990643122192,0.22222222222222218,0.25,0.11955547238330835,0.8888888888888887,1.1250000000000002
0.005,580,0.25,3.4,0.10736690108028892,0.25,0.25,0.10736690108028892,1.0,1.0
0.005,580,0.25,3.45,0.11664041169642024,0.25,0.25,0.11664041169642024,1.0,1.0
0.005,580,0.25,3.5,0.10601781034448701,0.25,0.25,0.10601781034448701,1.0,1.0
0.005,580,0.25,3.55,0.09804477565306004,0.25,0.25,0.09804477565306004,1.0,1.0
0.005,580,0.25,3.6,0.09457429902904423,0.25,0.25,0.09457429902904423,1.0,1.0
0.005,580,0.25,3.65,0.09771321830515371,0.25,0.25,0.09771321830515371,1.0,1.0
0.005,580,0.25,3.7,0.09042737704203668,0.25,0.25,0.09042737704203668,1.0,1.0
0.005,580,0.25,3.75,0.09213010460587373,0.25,0.25,0.09213010460587373,1.0,1.0
0.005,580,0.25,3.8,0.09460818906995412,0.25,0.25,0.09460818906995412,1.0,1.0
0.005,580,0.25,3.85,0.09240818433961788,0.25,0.25,0.09240818433961788,1.0,1.0
0.005,580,0.25,3.9,0.09605072565278604,0.25,0.25,0.09605072565278604,1.0,1.0
0.005,580,0.25,4.0,0.09181924000452497,0.25,0.25,0.09181924000452497,1.0,1.0
0.005,580,0.25,4.1,0.09990701819890876,0.25,0.25,0.09990701819890876,1.0,1.0
0.005,580,0.25,4.2,0.09286005985321293,0.25,0.24556180000000039,0.09453838082023831,1.018073658036387,0.9822472000000015
0.005,750,0.2,1.5,0.04884075202416189,0.5555555555555556,0.5424700000000002,0.050018897127093426,1.0241221736788306,0.9764460000000004
0.005,750,0.2,1.6,0.04307867817619278,0.777777777777778,0.7594578000000007,0.044117841151257185,1.0241224433770741,0.9764457428571435
0.005,750,0.2,1.7,0.04236026595420346,1.0,0.9764456000000004,0.04338210541806266,1.0241225932094933,0.9764456000000004
0.005,750,0.2,1.75,0.045037551506671714,1.0,1.0,0.045037551506671714,1.0,1.0
0.005,750,0.2,1.8,0.05716736423434416,1.0,1.0,0.05716736423434416,1.0,1.0
0.005,750,0.2,1.85,0.06439110267503068,1.0,1.0,0.06439110267503068,1.0,1.0
0.005,750,0.2,1.9,0.07230061501695223,1.0,1.0,0.07230061501695223,1.0,1.0
0.005,750,0.2,1.95,0.08113043761884291,1.0,1.0,0.08113043761884291,1.0,1.0
0.005,750,0.2,2.0,0.09128539993882566,1.0,1.0,0.09128539993882566,1.0,1.0
0.005,750,0.2,2.05,0.10422421171857299,1.0,1.0,0.10422421171857299,1.0,1.0
0.005,750,0.2,2.1,0.09713854574565717,1.0,1.0,0.09713854574565717,1.0,1.0
0.005,750,0.2,2.15,0.1405713029723679,0.7500000000000006,1.0,0.105428477229276,0.7500000000000006,1.3333333333333324
0.005,750,0.2,2.2,0.22079793396222538,0.4999999999999989,1.0,0.11039896698111244,0.4999999999999989,2.0000000000000044
0.005,750,0.2,2.25,0.4356350899459884,0.25,1.0,0.1089087724864971,0.25,4.0
0.005,750,0.2,2.3,0.45415042245896403,0.25,1.0,0.11353760561474101,0.25,4.0
0.005,750,0.2,2.35,0.4540277236482687,0.25,1.0,0.11350693091206718,0.25,4.0
0.005,750,0.2,2.4,0.3825762102638982,0.25,1.0,0.09564405256597455,0.25,4.0
0.005,750,0.2,2.45,0.3807663770373969,0.25,1.0,0.09519159425934923,0.25,4.0
0.005,750,0.2,2.5,0.3661022709245435,0.25,0.9889805000000003,0.0925453714518495,0.2527855705951734,3.955922000000001
0.005,750,0.2,2.55,0.3618553417073052,0.25,0.8155164500000005,0.1109282779358114,0.3065542086857964,3.262065800000002
0.005,750,0.2,2.6,0.31132271635517617,0.25,0.6420524000000007,0.12122169325867165,0.3893763188175914,2.568209600000003
0.005,750,0.2,2.65,0.2640275647710885,0.25,0.468588350000001,0.14086327838234133,0.5335173185590284,1.874353400000004
0.005,750,0.2,2.7,0.24843398377891393,0.25,0.29512429999999945,0.21044860062261425,0.8471006962151217,1.1804971999999978
0.005,750,0.2,2.75,0.20661108420195065,0.25,0.25,0.20661108420195065,1.0,1.0
0.005,750,0.2,2.8,0.18210184673776686,0.25,0.25,0.18210184673776686,1.0,1.0
0.005,750,0.2,2.85,0.18439836178449698,0.25,0.25,0.18439836178449698,1.0,1.0
0.005,750,0.2,2.9,0.16238580625952861,0.25,0.25,0.16238580625952861,1.0,1.0
0.005,750,0.2,2.95,0.1977495672775379,0.25,0.25,0.1977495672775379,1.0,1.0
0.005,750,0.2,3.0,0.16885029550720831,0.25,0.25,0.16885029550720831,1.0,1.0
0.005,750,0.2,3.1,0.20280827199456833,0.1666666666666667,0.25,0.1352055146630456,0.6666666666666669,1.4999999999999996
0.005,750,0.2,3.2,0.13477495322128225,0.1944444444444445,0.25,0.10482496361655289,0.777777777777778,1.2857142857142854
0.005,750,0.2,3.3,0.09763213107102992,0.22222222222222218,0.25,0.08678411650758214,0.8888888888888888,1.1250000000000002
0.005,750,0.2,3.4,0.09545433220013148,0.25,0.25,0.09545433220013148,1.0,1.0
0.005,750,0.2,3.45,0.09693480267537428,0.25,0.25,0.09693480267537428,1.0,1.0
0.005,750,0.2,3.5,0.10194347396446778,0.25,0.25,0.10194347396446778,1.0,1.0
0.005,750,0.2,3.55,0.08488900007956594,0.25,0.25,0.08488900007956594,1.0,1.0
0.005,750,0.2,3.6,0.1000248104765668,0.25,0.25,0.1000248104765668,1.0,1.0
0.005,750,0.2,3.65,0.10108794438793468,0.25,0.25,0.10108794438793468,1.0,1.0
0.005,750,0.2,3.7,0.09682439177726725,0.25,0.25,0.09682439177726725,1.0,1.0
0.005,750,0.2,3.75,0.10408846531954292,0.25,0.25,0.10408846531954292,1.0,1.0
0.005,750,0.2,3.8,0.10159668348748956,0.25,0.25,0.10159668348748956,1.0,1.0
0.005,750,0.2,3.85,0.09674634471092841,0.25,0.25,0.09674634471092841,1.0,1.0
0.005,750,0.2,3.9,0.10037655116153982,0.25,0.25,0.10037655116153982,1.0,1.0
0.005,750,0.2,4.0,0.10347181226922697,0.25,0.25,0.10347181226922697,1.0,1.0
0.005,750,0.2,4.1,0.09708655756841333,0.25,0.25,0.09708655756841333,1.0,1.0
0.005,750,0.2,4.2,0.10156762322957186,0.25,0.24556180000000039,0.10340332171939172,1.018073658036387,0.9822472000000015
0.005,1000,0.15,1.5,0.0566215059197712,0.5555555555555556,0.5424700000000002,0.05798733971952486,1.0241221736788306,0.9764460000000004
0.005,1000,0.15,1.6,0.047874450063744516,0.777777777777778,0.7594578000000007,0.04902929877461576,1.0241224433770741,0.9764457428571435
0.005,1000,0.15,1.7,0.047039160209962204,1.0,0.9764456000000004,0.04817386673662331,1.0241225932094933,0.9764456000000004
0.005,1000,0.15,1.75,0.060750801486910214,1.0,1.0,0.060750801486910214,1.0,1.0
0.005,1000,0.15,1.8,0.06774328157349906,1.0,1.0,0.06774328157349906,1.0,1.0
0.005,1000,0.15,1.85,0.0672507577130473,1.0,1.0,0.0672507577130473,1.0,1.0
0.005,1000,0.15,1.9,0.09018652016281747,1.0,1.0,0.09018652016281747,1.0,1.0
0.005,1000,0.15,1.95,0.09655208052774394,1.0,1.0,0.09655208052774394,1.0,1.0
0.005,1000,0.15,2.0,0.11064689850513013,1.0,1.0,0.11064689850513013,1.0,1.0
0.005,1000,0.15,2.05,0.1198022779199124,1.0,1.0,0.1198022779199124,1.0,1.0
0.005,1000,0.15,2.1,0.12283294187412083,1.0,1.0,0.12283294187412083,1.0,1.0
0.005,1000,0.15,2.15,0.152192885846948,0.7500000000000006,1.0,0.11414466438521109,0.7500000000000006,1.3333333333333324
0.005,1000,0.15,2.2,0.2685762125382621,0.4999999999999989,1.0,0.13428810626913074,0.4999999999999989,2.0000000000000044
0.005,1000,0.15,2.25,0.4996739639526415,0.25,1.0,0.12491849098816038,0.25,4.0
0.005,1000,0.15,2.3,0.5044483186614944,0.25,1.0,0.1261120796653736,0.25,4.0
0.005,1000,0.15,2.35,0.4703299408675605,0.25,1.0,0.11758248521689013,0.25,4.0
0.005,1000,0.15,2.4,0.40763591060454685,0.25,1.0,0.10190897765113671,0.25,4.0
0.005,1000,0.15,2.45,0.40067823954452664,0.25,1.0,0.10016955988613166,0.25,4.0
0.005,1000,0.15,2.5,0.35074355330853224,0.25,0.9889805000000003,0.08866290925567596,0.2527855705951735,3.955922000000001
0.005,1000,0.15,2.55,0.3112021495086674,0.25,0.8155164500000005,0.09540032868394845,0.3065542086857964,3.262065800000002
0.005,1000,0.15,2.6,0.3094883793742952,0.25,0.6420524000000007,0.12050744587758523,0.3893763188175914,2.568209600000003
0.005,1000,0.15,2.65,0.25929097894742964,0.25,0.468588350000001,0.13833622781457813,0.5335173185590284,1.874353400000004
0.005,1000,0.15,2.7,0.22794977383387627,0.25,0.29512429999999945,0.19309641211675613,0.8471006962151217,1.1804971999999978
0.005,1000,0.15,2.75,0.19686629545509024,0.25,0.25,0.19686629545509024,1.0,1.0
0.005,1000,0.15,2.8,0.22607217515044634,0.25,0.25,0.22607217515044634,1.0,1.0
0.005,1000,0.15,2.85,0.17450210011029468,0.25,0.25,0.17450210011029468,1.0,1.0
0.005,1000,0.15,2.9,0.1483377575349356,0.25,0.25,0.1483377575349356,1.0,1.0
0.005,1000,0.15,2.95,0.1446370085349082,0.25,0.25,0.1446370085349082,1.0,1.0
0.005,1000,0.15,3.0,0.14271395147018825,0.25,0.25,0.14271395147018825,1.0,1.0
0.005,1000,0.15,3.1,0.1668847927339656,0.1666666666666667,0.25,0.11125652848931042,0.6666666666666669,1.4999999999999996
0.005,1000,0.15,3.2,0.13535636160097536,0.1944444444444445,0.25,0.10527717013409198,0.777777777777778,1.2857142857142854
0.005,1000,0.15,3.3,0.1297031745562637,0.22222222222222218,0.25,0.11529171071667883,0.8888888888888887,1.1250000000000002
0.005,1000,0.15,3.4,0.09792592094687376,0.25,0.25,0.09792592094687376,1.0,1.0
0.005,1000,0.15,3.45,0.10773194994192244,0.25,0.25,0.10773194994192244,1.0,1.0
0.005,1000,0.15,3.5,0.0967762473982255,0.25,0.25,0.0967762473982255,1.0,1.0
0.005,1000,0.15,3.55,0.09235947225119102,0.25,0.25,0.09235947225119102,1.0,1.0
0.005,1000,0.15,3.6,0.09964724533003556,0.25,0.25,0.09964724533003556,1.0,1.0
0.005,1000,0.15,3.65,0.1088345289447194,0.25,0.25,0.1088345289447194,1.0,1.0
0.005,1000,0.15,3.7,0.1032811774614784,0.25,0.25,0.1032811774614784,1.0,1.0
0.005,1000,0.15,3.75,0.09761510282053087,0.25,0.25,0.09761510282053087,1.0,1.0
0.005,1000,0.15,3.8,0.10363379711744931,0.25,0.25,0.10363379711744931,1.0,1.0
0.005,1000,0.15,3.85,0.10587799678520204,0.25,0.25,0.10587799678520204,1.0,1.0
0.005,1000,0.15,3.9,0.101514204254327,0.25,0.25,0.101514204254327,1.0,1.0
0.005,1000,0.15,4.0,0.10990287264214575,0.25,0.25,0.10990287264214575,1.0,1.0
0.005,1000,0.15,4.1,0.11306246062951476,0.25,0.25,0.11306246062951476,1.0,1.0
0.005,1000,0.15,4.2,0.10946657622401741,0.25,0.24556180000000039,0.11144503768910437,1.0180736580363867,0.9822472000000015
0.005,1500,0.1,1.5,0.06031891621106254,0.5555555555555556,0.5424700000000002,0.06177393958402463,1.0241221736788306,0.9764460000000004
0.005,1500,0.1,1.6,0.04957473401813728,0.777777777777778,0.7594578000000007,0.0507705977324233,1.0241224433770741,0.9764457428571435
0.005,1500,0.1,1.7,0.05440830108972685,1.0,0.9764456000000004,0.055720770404133965,1.0241225932094933,0.9764456000000004
0.005,1500,0.1,1.75,0.06385276094546992,1.0,1.0,0.06385276094546992,1.0,1.0
0.005,1500,0.1,1.8,0.08041341039737318,1.0,1.0,0.08041341039737318,1.0,1.0
0.005,1500,0.1,1.85,0.10083109317135185,1.0,1.0,0.10083109317135185,1.0,1.0
0.005,1500,0.1,1.9,0.11329077024740553,1.0,1.0,0.11329077024740553,1.0,1.0
0.005,1500,0.1,1.95,0.11723369197754614,1.0,1.0,0.11723369197754614,1.0,1.0
0.005,1500,0.1,2.0,0.12394912038539438,1.0,1.0,0.12394912038539438,1.0,1.0
0.005,1500,0.1,2.05,0.13520242113184305,1.0,1.0,0.13520242113184305,1.0,1.0
0.005,1500,0.1,2.1,0.14861110296950478,1.0,1.0,0.14861110296950478,1.0,1.0
0.005,1500,0.1,2.15,0.19976288517756835,0.7500000000000006,1.0,0.14982216388317637,0.7500000000000006,1.3333333333333324
0.005,1500,0.1,2.2,0.2911076652697123,0.4999999999999989,1.0,0.14555383263485583,0.49999999999999883,2.0000000000000044
0.005,1500,0.1,2.25,0.5945607558310253,0.25,1.0,0.14864018895775633,0.25,4.0
0.005,1500,0.1,2.3,0.5540235556143056,0.25,1.0,0.1385058889035764,0.25,4.0
0.005,1500,0.1,2.35,0.4728305735383101,0.25,1.0,0.11820764338457752,0.25,4.0
0.005,1500,0.1,2.4,0.512579071450846,0.25,1.0,0.1281447678627115,0.25,4.0
0.005,1500,0.1,2.45,0.43358895268054815,0.25,1.0,0.10839723817013704,0.25,4.0
0.005,1500,0.1,2.5,0.32355136203697277,0.25,0.9889805000000003,0.0817891156693617,0.2527855705951734,3.955922000000001
0.005,1500,0.1,2.55,0.32767733148361416,0.25,0.8155164500000005,0.10045086505723273,0.30655420868579636,3.262065800000002
0.005,1500,0.1,2.6,0.27885619024502484,0.25,0.6420524000000007,0.1085799968371057,0.3893763188175914,2.568209600000003
0.005,1500,0.1,2.65,0.2675394505598405,0.25,0.468588350000001,0.14273693027144185,0.5335173185590284,1.874353400000004
0.005,1500,0.1,2.7,0.2102977066516821,0.25,0.29512429999999945,0.17814333371708335,0.8471006962151217,1.1804971999999978
0.005,1500,0.1,2.75,0.19885934513861994,0.25,0.25,0.19885934513861994,1.0,1.0
0.005,1500,0.1,2.8,0.1619327581911082,0.25,0.25,0.1619327581911082,1.0,1.0
0.005,1500,0.1,2.85,0.1518471215279444,0.25,0.25,0.1518471215279444,1.0,1.0
0.005,1500,0.1,2.9,0.14234271457648137,0.25,0.25,0.14234271457648137,1.0,1.0
0.005,1500,0.1,2.95,0.11449510818433677,0.25,0.25,0.11449510818433677,1.0,1.0
0.005,1500,0.1,3.0,0.11824360119198976,0.25,0.25,0.11824360119198976,1.0,1.0
0.005,1500,0.1,3.1,0.15428961534847788,0.1666666666666667,0.25,0.10285974356565195,0.6666666666666669,1.4999999999999996
0.005,1500,0.1,3.2,0.13116869839233036,0.1944444444444445,0.25,0.10202009874959031,0.777777777777778,1.2857142857142854
0.005,1500,0.1,3.3,0.09554842814338249,0.22222222222222218,0.25,0.08493193612745109,0.8888888888888887,1.1250000000000002
0.005,1500,0.1,3.4,0.09886440390609778,0.25,0.25,0.09886440390609778,1.0,1.0
0.005,1500,0.1,3.45,0.09758419894805533,0.25,0.25,0.09758419894805533,1.0,1.0
0.005,1500,0.1,3.5,0.09559771876326278,0.25,0.25,0.09559771876326278,1.0,1.0
0.005,1500,0.1,3.55,0.09544331161441592,0.25,0.25,0.09544331161441592,1.0,1.0
0.005,1500,0.1,3.6,0.10307284032591757,0.25,0.25,0.10307284032591757,1.0,1.0
0.005,1500,0.1,3.65,0.10229956777340492,0.25,0.25,0.10229956777340492,1.0,1.0
0.005,1500,0.1,3.7,0.10451161136308489,0.25,0.25,0.10451161136308489,1.0,1.0
0.005,1500,0.1,3.75,0.11170419629878192,0.25,0.25,0.11170419629878192,1.0,1.0
0.005,1500,0.1,3.8,0.11700111644682291,0.25,0.25,0.11700111644682291,1.0,1.0
0.005,1500,0.1,3.85,0.12048070393813222,0.25,0.25,0.12048070393813222,1.0,1.0
0.005,1500,0.1,3.9,0.12292956322573272,0.25,0.25,0.12292956322573272,1.0,1.0
0.005,1500,0.1,4.0,0.12535215361609903,0.25,0.25,0.12535215361609903,1.0,1.0
0.005,1500,0.1,4.1,0.13193769316004758,0.25,0.25,0.13193769316004758,1.0,1.0
0.005,1500,0.1,4.2,0.1330674759318174,0.25,0.24556180000000039,0.1354724919875742,1.0180736580363867,0.9822472000000015
0.005,2000,0.05,1.5,0.05902749866685943,0.5555555555555556,0.5424700000000002,0.06045137024152837,1.0241221736788308,0.9764460000000004
0.005,2000,0.05,1.6,0.054351857646907226,0.777777777777778,0.7594578000000007,0.055662957255433534,1.0241224433770741,0.9764457428571435
0.005,2000,0.05,1.7,0.06288561908292029,1.0,0.9764456000000004,0.06440258329078473,1.0241225932094935,0.9764456000000004
0.005,2000,0.05,1.75,0.08098262520467157,1.0,1.0,0.08098262520467157,1.0,1.0
0.005,2000,0.05,1.8,0.09645405394343272,1.0,1.0,0.09645405394343272,1.0,1.0
0.005,2000,0.05,1.85,0.1136345082550531,1.0,1.0,0.1136345082550531,1.0,1.0
0.005,2000,0.05,1.9,0.12049749051022711,1.0,1.0,0.12049749051022711,1.0,1.0
0.005,2000,0.05,1.95,0.13638788023205595,1.0,1.0,0.13638788023205595,1.0,1.0
0.005,2000,0.05,2.0,0.15830685829417687,1.0,1.0,0.15830685829417687,1.0,1.0
0.005,2000,0.05,2.05,0.1636779490931547,1.0,1.0,0.1636779490931547,1.0,1.0
0.005,2000,0.05,2.1,0.17592222058382107,1.0,1.0,0.17592222058382107,1.0,1.0
0.005,2000,0.05,2.15,0.23122569613793773,0.7500000000000006,1.0,0.17341927210345343,0.7500000000000006,1.3333333333333324
0.005,2000,0.05,2.2,0.34036181583997865,0.4999999999999989,1.0,0.17018090791998894,0.49999999999999883,2.0000000000000044
0.005,2000,0.05,2.25,0.6164185697618352,0.25,1.0,0.1541046424404588,0.25,4.0
0.005,2000,0.05,2.3,0.553651743144218,0.25,1.0,0.1384129357860545,0.25,4.0
0.005,2000,0.05,2.35,0.48416095670308185,0.25,1.0,0.12104023917577046,0.25,4.0
0.005,2000,0.05,2.4,0.4287855796530784,0.25,1.0,0.1071963949132696,0.25,4.0
0.005,2000,0.05,2.45,0.48719070045476914,0.25,1.0,0.12179767511369229,0.25,4.0
0.005,2000,0.05,2.5,0.2981463043072749,0.25,0.9889805000000003,0.07536708365515671,0.2527855705951735,3.955922000000001
0.005,2000,0.05,2.55,0.3087104211211304,0.25,0.8155164500000005,0.09463647885984709,0.3065542086857964,3.262065800000002
0.005,2000,0.05,2.6,0.2668884481060637,0.25,0.6420524000000007,0.10392004145847886,0.3893763188175914,2.568209600000003
0.005,2000,0.05,2.65,0.22490288920294732,0.25,0.468588350000001,0.1199895863837347,0.5335173185590284,1.874353400000004
0.005,2000,0.05,2.7,0.18019851403858664,0.25,0.29512429999999945,0.15264628669901714,0.8471006962151219,1.1804971999999978
0.005,2000,0.05,2.75,0.13579509626377007,0.25,0.25,0.13579509626377007,1.0,1.0
0.005,2000,0.05,2.8,0.16898335794677094,0.25,0.25,0.16898335794677094,1.0,1.0
0.005,2000,0.05,2.85,0.1279603743276002,0.25,0.25,0.1279603743276002,1.0,1.0
0.005,2000,0.05,2.9,0.13801618883024516,0.25,0.25,0.13801618883024516,1.0,1.0
0.005,2000,0.05,2.95,0.10519675477060086,0.25,0.25,0.10519675477060086,1.0,1.0
0.005,2000,0.05,3.0,0.12332598761769208,0.25,0.25,0.12332598761769208,1.0,1.0
0.005,2000,0.05,3.1,0.1444346695389083,0.1666666666666667,0.25,0.09628977969260556,0.6666666666666669,1.4999999999999996
0.005,2000,0.05,3.2,0.12292594375352556,0.1944444444444445,0.25,0.09560906736385325,0.777777777777778,1.2857142857142854
0.005,2000,0.05,3.3,0.10454642291425498,0.22222222222222218,0.25,0.09293015370155996,0.8888888888888887,1.1250000000000002
0.005,2000,0.05,3.4,0.09571394221517408,0.25,0.25,0.09571394221517408,1.0,1.0
0.005,2000,0.05,3.45,0.09033992376669701,0.25,0.25,0.09033992376669701,1.0,1.0
0.005,2000,0.05,3.5,0.10435036479886069,0.25,0.25,0.10435036479886069,1.0,1.0
0.005,2000,0.05,3.55,0.10827308775077,0.25,0.25,0.10827308775077,1.0,1.0
0.005,2000,0.05,3.6,0.10804662020328659,0.25,0.25,0.10804662020328659,1.0,1.0
0.005,2000,0.05,3.65,0.10529108402373961,0.25,0.25,0.10529108402373961,1.0,1.0
0.005,2000,0.05,3.7,0.11960070832584044,0.25,0.25,0.11960070832584044,1.0,1.0
0.005,2000,0.05,3.75,0.12985417085468634,0.25,0.25,0.12985417085468634,1.0,1.0
0.005,2000,0.05,3.8,0.12936533702764244,0.25,0.25,0.12936533702764244,1.0,1.0
0.005,2000,0.05,3.85,0.12638638736538885,0.25,0.25,0.12638638736538885,1.0,1.0
0.005,2000,0.05,3.9,0.13707611472993408,0.25,0.25,0.13707611472993408,1.0,1.0
0.005,2000,0.05,4.0,0.1321962005127011,0.25,0.25,0.1321962005127011,1.0,1.0
0.005,2000,0.05,4.1,0.1332687874163167,0.25,0.25,0.1332687874163167,1.0,1.0
0.005,2000,0.05,4.2,0.13622290354509428,0.25,0.24556180000000039,0.13868494972049203,1.018073658036387,0.9822472000000015
0.01,483,0.3,1.5,0.08912010673656105,0.5555555555555556,0.5424700000000002,0.09126987742953632,1.0241221736788308,0.9764460000000004
0.01,483,0.3,1.6,0.06631061875972952,0.777777777777778,0.7594578000000007,0.06791019290605983,1.024122443377074,0.9764457428571435
0.01,483,0.3,1.7,0.060863713176562716,1.0,0.9764456000000004,0.062331903770740216,1.0241225932094933,0.9764456000000004
0.01,483,0.3,1.75,0.06492669214540375,1.0,1.0,0.06492669214540375,1.0,1.0
0.01,483,0.3,1.8,0.07557955891263428,1.0,1.0,0.07557955891263428,1.0,1.0
0.01,483,0.3,1.85,0.08752388534752115,1.0,1.0,0.08752388534752115,1.0,1.0
0.01,483,0.3,1.9,0.08824272674089798,1.0,1.0,0.08824272674089798,1.0,1.0
0.01,483,0.3,1.95,0.10979744481174146,1.0,1.0,0.10979744481174146,1.0,1.0
0.01,483,0.3,2.0,0.11961438946323694,1.0,1.0,0.11961438946323694,1.0,1.0
0.01,483,0.3,2.05,0.13421311418921011,1.0,1.0,0.13421311418921011,1.0,1.0
0.01,483,0.3,2.1,0.15807618791602487,1.0,1.0,0.15807618791602487,1.0,1.0
0.01,483,0.3,2.15,0.18789151768044765,0.7500000000000006,1.0,0.14091863826033585,0.7500000000000006,1.3333333333333324
0.01,483,0.3,2.2,0.3172512233432728,0.4999999999999989,1.0,0.15862561167163605,0.4999999999999989,2.0000000000000044
0.01,483,0.3,2.25,0.7127879048251035,0.25,1.0,0.17819697620627586,0.25,4.0
0.01,483,0.3,2.3,0.5806866074195242,0.25,1.0,0.14517165185488104,0.25,4.0
0.01,483,0.3,2.35,0.630172831871769,0.25,1.0,0.15754320796794224,0.25,4.0
0.01,483,0.3,2.4,0.694615467401154,0.25,1.0,0.1736538668502885,0.25,4.0
0.01,483,0.3,2.45,0.5928146259747915,0.25,1.0,0.14820365649369788,0.25,4.0
0.01,483,0.3,2.5,0.5902532664808762,0.25,0.9889805000000003,0.14920750876303324,0.2527855705951734,3.955922000000001
0.01,483,0.3,2.55,0.610982433535006,0.25,0.8155164500000005,0.18729923643324597,0.3065542086857964,3.262065800000002
0.01,483,0.3,2.6,0.6491916000690634,0.25,0.6420524000000007,0.2527798354421939,0.3893763188175914,2.568209600000003
0.01,483,0.3,2.65,0.497586310739167,0.25,0.468588350000001,0.26547091425723984,0.5335173185590284,1.874353400000004
0.01,483,0.3,2.7,0.5385087930244729,0.25,0.29512429999999945,0.4561711734889959,0.8471006962151219,1.1804971999999978
0.01,483,0.3,2.75,0.4469789950262637,0.25,0.25,0.4469789950262637,1.0,1.0
0.01,483,0.3,2.8,0.4675347227822102,0.25,0.25,0.4675347227822102,1.0,1.0
0.01,483,0.3,2.85,0.41115422731158385,0.25,0.25,0.41115422731158385,1.0,1.0
0.01,483,0.3,2.9,0.4460683311988715,0.25,0.25,0.4460683311988715,1.0,1.0
0.01,483,0.3,2.95,0.3165512083863892,0.25,0.25,0.3165512083863892,1.0,1.0
0.01,483,0.3,3.0,0.37240713401265285,0.25,0.25,0.37240713401265285,1.0,1.0
0.01,483,0.3,3.1,0.43411155181095223,0.1666666666666667,0.25,0.2894077012073016,0.6666666666666669,1.4999999999999996
0.01,483,0.3,3.2,0.2338118326517732,0.1944444444444445,0.25,0.18185364761804587,0.777777777777778,1.2857142857142854
0.01,483,0.3,3.3,0.23988930011797535,0.22222222222222218,0.25,0.21323493343820027,0.8888888888888887,1.1250000000000002
0.01,483,0.3,3.4,0.20127171189253532,0.25,0.25,0.20127171189253532,1.0,1.0
0.01,483,0.3,3.45,0.19096794276641205,0.25,0.25,0.19096794276641205,1.0,1.0
0.01,483,0.3,3.5,0.193774790329304,0.25,0.25,0.193774790329304,1.0,1.0
0.01,483,0.3,3.55,0.17521638344326562,0.25,0.25,0.17521638344326562,1.0,1.0
0.01,483,0.3,3.6,0.13378464220031092,0.25,0.25,0.13378464220031092,1.0,1.0
0.01,483,0.3,3.65,0.19492564044569116,0.25,0.25,0.19492564044569116,1.0,1.0
0.01,483,0.3,3.7,0.1642585609093611,0.25,0.25,0.1642585609093611,1.0,1.0
0.01,483,0.3,3.75,0.16677607772228906,0.25,0.25,0.16677607772228906,1.0,1.0
0.01,483,0.3,3.8,0.15875672043951194,0.25,0.25,0.15875672043951194,1.0,1.0
0.01,483,0.3,3.85,0.15764096099545963,0.25,0.25,0.15764096099545963,1.0,1.0
0.01,483,0.3,3.9,0.1743286668538946,0.25,0.25,0.1743286668538946,1.0,1.0
0.01,483,0.3,4.0,0.17631634183162995,0.25,0.25,0.17631634183162995,1.0,1.0
0.01,483,0.3,4.1,0.1517535502065812,0.25,0.25,0.1517535502065812,1.0,1.0
0.01,483,0.3,4.2,0.1528371707530278,0.25,0.24556180000000039,0.15559949751246688,1.0180736580363867,0.9822472000000015
0.01,580,0.25,1.5,0.09505259428938104,0.5555555555555556,0.5424700000000002,0.09734546947745293,1.0241221736788308,0.9764460000000004
0.01,580,0.25,1.6,0.06936357954205387,0.777777777777778,0.7594578000000007,0.07103679856198823,1.024122443377074,0.9764457428571435
0.01,580,0.25,1.7,0.06569995558993613,1.0,0.9764456000000004,0.06728480889251394,1.0241225932094933,0.9764456000000004
0.01,580,0.25,1.75,0.072841408388406,1.0,1.0,0.072841408388406,1.0,1.0
0.01,580,0.25,1.8,0.0879443186986666,1.0,1.0,0.0879443186986666,1.0,1.0
0.01,580,0.25,1.85,0.09398039368207943,1.0,1.0,0.09398039368207943,1.0,1.0
0.01,580,0.25,1.9,0.11330003562122043,1.0,1.0,0.11330003562122043,1.0,1.0
0.01,580,0.25,1.95,0.11257306837047372,1.0,1.0,0.11257306837047372,1.0,1.0
0.01,580,0.25,2.0,0.14197599708242487,1.0,1.0,0.14197599708242487,1.0,1.0
0.01,580,0.25,2.05,0.14247114660574461,1.0,1.0,0.14247114660574461,1.0,1.0
0.01,580,0.25,2.1,0.1580720812436953,1.0,1.0,0.1580720812436953,1.0,1.0
0.01,580,0.25,2.15,0.21305821239241332,0.7500000000000006,1.0,0.1597936592943101,0.7500000000000006,1.3333333333333324
0.01,580,0.25,2.2,0.3476254060313481,0.4999999999999989,1.0,0.17381270301567367,0.4999999999999989,2.0000000000000044
0.01,580,0.25,2.25,0.7078370914899427,0.25,1.0,0.17695927287248567,0.25,4.0
0.01,580,0.25,2.3,0.7486163907006044,0.25,1.0,0.1871540976751511,0.25,4.0
0.01,580,0.25,2.35,0.766111312564107,0.25,1.0,0.19152782814102676,0.25,4.0
0.01,580,0.25,2.4,0.6853874795528945,0.25,1.0,0.17134686988822362,0.25,4.0
0.01,580,0.25,2.45,0.6264515001001312,0.25,1.0,0.1566128750250328,0.25,4.0
0.01,580,0.25,2.5,0.630997923313991,0.25,0.9889805000000003,0.1595071700892967,0.2527855705951735,3.955922000000001
0.01,580,0.25,2.55,0.6270921204414486,0.25,0.8155164500000005,0.1922377287550264,0.3065542086857964,3.262065800000002
0.01,580,0.25,2.6,0.4833778033342425,0.25,0.6420524000000007,0.188215869660421,0.3893763188175914,2.568209600000003
0.01,580,0.25,2.65,0.5417634388136315,0.25,0.468588350000001,0.2890401771691669,0.5335173185590283,1.874353400000004
0.01,580,0.25,2.7,0.44932408398408374,0.25,0.29512429999999945,0.3806227443691392,0.8471006962151217,1.1804971999999978
0.01,580,0.25,2.75,0.5215698228184192,0.25,0.25,0.5215698228184192,1.0,1.0
0.01,580,0.25,2.8,0.3970038328691058,0.25,0.25,0.3970038328691058,1.0,1.0
0.01,580,0.25,2.85,0.3719792712299416,0.25,0.25,0.3719792712299416,1.0,1.0
0.01,580,0.25,2.9,0.3788348664497338,0.25,0.25,0.3788348664497338,1.0,1.0
0.01,580,0.25,2.95,0.345861418128183,0.25,0.25,0.345861418128183,1.0,1.0
0.01,580,0.25,3.0,0.3172611728707802,0.25,0.25,0.3172611728707802,1.0,1.0
0.01,580,0.25,3.1,0.3905023672380763,0.1666666666666667,0.25,0.26033491149205096,0.6666666666666669,1.4999999999999996
0.01,580,0.25,3.2,0.3377636783757611,0.1944444444444445,0.25,0.2627050831811476,0.777777777777778,1.2857142857142854
0.01,580,0.25,3.3,0.23860650823054108,0.22222222222222218,0.25,0.21209467398270315,0.8888888888888887,1.1250000000000002
0.01,580,0.25,3.4,0.2338222738287722,0.25,0.25,0.2338222738287722,1.0,1.0
0.01,580,0.25,3.45,0.17249540697622304,0.25,0.25,0.17249540697622304,1.0,1.0
0.01,580,0.25,3.5,0.21865302899208994,0.25,0.25,0.21865302899208994,1.0,1.0
0.01,580,0.25,3.55,0.17432843803149745,0.25,0.25,0.17432843803149745,1.0,1.0
0.01,580,0.25,3.6,0.15948167813100736,0.25,0.25,0.15948167813100736,1.0,1.0
0.01,580,0.25,3.65,0.17869515730371885,0.25,0.25,0.17869515730371885,1.0,1.0
0.01,580,0.25,3.7,0.1642911218744414,0.25,0.25,0.1642911218744414,1.0,1.0
0.01,580,0.25,3.75,0.15051264350191254,0.25,0.25,0.15051264350191254,1.0,1.0
0.01,580,0.25,3.8,0.1417955433569496,0.25,0.25,0.1417955433569496,1.0,1.0
0.01,580,0.25,3.85,0.15739551626361223,0.25,0.25,0.15739551626361223,1.0,1.0
0.01,580,0.25,3.9,0.16469419306590893,0.25,0.25,0.16469419306590893,1.0,1.0
0.01,580,0.25,4.0,0.15154041864577544,0.25,0.25,0.15154041864577544,1.0,1.0
0.01,580,0.25,4.1,0.15526258560734005,0.25,0.25,0.15526258560734005,1.0,1.0
0.01,580,0.25,4.2,0.14416718577778695,0.25,0.24556180000000039,0.1467728141936029,1.0180736580363867,0.9822472000000015
0.01,725,0.2,1.5,0.09981308337103108,0.5555555555555556,0.5424700000000002,0.10222079190352672,1.0241221736788308,0.9764460000000004
0.01,725,0.2,1.6,0.07924554391361448,0.777777777777778,0.7594578000000007,0.08115714005955608,1.0241224433770741,0.9764457428571435
0.01,725,0.2,1.7,0.06963303184297431,1.0,0.9764456000000004,0.07131276114406608,1.0241225932094933,0.9764456000000004
0.01,725,0.2,1.75,0.08166159342653231,1.0,1.0,0.08166159342653231,1.0,1.0
0.01,725,0.2,1.8,0.09774193552612878,1.0,1.0,0.09774193552612878,1.0,1.0
0.01,725,0.2,1.85,0.10666470960110609,1.0,1.0,0.10666470960110609,1.0,1.0
0.01,725,0.2,1.9,0.13723916403417835,1.0,1.0,0.13723916403417835,1.0,1.0
0.01,725,0.2,1.95,0.14068508789074674,1.0,1.0,0.14068508789074674,1.0,1.0
0.01,725,0.2,2.0,0.15792413002498681,1.0,1.0,0.15792413002498681,1.0,1.0
0.01,725,0.2,2.05,0.1603511967229929,1.0,1.0,0.1603511967229929,1.0,1.0
0.01,725,0.2,2.1,0.19135337540930691,1.0,1.0,0.19135337540930691,1.0,1.0
0.01,725,0.2,2.15,0.2520337333805512,0.7500000000000006,1.0,0.18902530003541354,0.7500000000000006,1.3333333333333324
0.01,725,0.2,2.2,0.3919425179322328,0.4999999999999989,1.0,0.19597125896611595,0.4999999999999989,2.0000000000000044
0.01,725,0.2,2.25,0.7873772735175594,0.25,1.0,0.19684431837938984,0.25,4.0
0.01,725,0.2,2.3,0.8159285974439335,0.25,1.0,0.20398214936098338,0.25,4.0
0.01,725,0.2,2.35,0.7505363870026143,0.25,1.0,0.18763409675065357,0.25,4.0
0.01,725,0.2,2.4,0.63660228572641,0.25,1.0,0.1591505714316025,0.25,4.0
0.01,725,0.2,2.45,0.6972934003097001,0.25,1.0,0.17432335007742503,0.25,4.0
0.01,725,0.2,2.5,0.6433123908866223,0.25,0.9889805000000003,0.16262008980122009,0.2527855705951735,3.955922000000001
0.01,725,0.2,2.55,0.6146047474115554,0.25,0.8155164500000005,0.18840967199728312,0.3065542086857964,3.262065800000002
0.01,725,0.2,2.6,0.5840836183836386,0.25,0.6420524000000007,0.22742832920788006,0.3893763188175914,2.568209600000003
0.01,725,0.2,2.65,0.47839582766426314,0.25,0.468588350000001,0.2552324591852647,0.5335173185590284,1.874353400000004
0.01,725,0.2,2.7,0.4680128741380905,0.25,0.29512429999999945,0.3964540315200166,0.8471006962151217,1.1804971999999978
0.01,725,0.2,2.75,0.45009330763452254,0.25,0.25,0.45009330763452254,1.0,1.0
0.01,725,0.2,2.8,0.3930765450906228,0.25,0.25,0.3930765450906228,1.0,1.0
0.01,725,0.2,2.85,0.3738076934117501,0.25,0.25,0.3738076934117501,1.0,1.0
0.01,725,0.2,2.9,0.3771942466205982,0.25,0.25,0.3771942466205982,1.0,1.0
0.01,725,0.2,2.95,0.2387126101046493,0.25,0.25,0.2387126101046493,1.0,1.0
0.01,725,0.2,3.0,0.30886362103956605,0.25,0.25,0.30886362103956605,1.0,1.0
0.01,725,0.2,3.1,0.30416066899685457,0.1666666666666667,0.25,0.20277377933123644,0.6666666666666669,1.4999999999999996
0.01,725,0.2,3.2,0.2552088504071057,0.1944444444444445,0.25,0.19849577253886005,0.777777777777778,1.2857142857142854
0.01,725,0.2,3.3,0.21548532775766607,0.22222222222222218,0.25,0.19154251356236981,0.8888888888888887,1.1250000000000002
0.01,725,0.2,3.4,0.1829631586579871,0.25,0.25,0.1829631586579871,1.0,1.0
0.01,725,0.2,3.45,0.16917216982210012,0.25,0.25,0.16917216982210012,1.0,1.0
0.01,725,0.2,3.5,0.17492939864346835,0.25,0.25,0.17492939864346835,1.0,1.0
0.01,725,0.2,3.55,0.1798927553414116,0.25,0.25,0.1798927553414116,1.0,1.0
0.01,725,0.2,3.6,0.1673324768824392,0.25,0.25,0.1673324768824392,1.0,1.0
0.01,725,0.2,3.65,0.18426642747066382,0.25,0.25,0.18426642747066382,1.0,1.0
0.01,725,0.2,3.7,0.17415028137602837,0.25,0.25,0.17415028137602837,1.0,1.0
0.01,725,0.2,3.75,0.15786668008746366,0.25,0.25,0.15786668008746366,1.0,1.0
0.01,725,0.2,3.8,0.1665589038086745,0.25,0.25,0.1665589038086745,1.0,1.0
0.01,725,0.2,3.85,0.1645026303936398,0.25,0.25,0.1645026303936398,1.0,1.0
0.01,725,0.2,3.9,0.16660765468259287,0.25,0.25,0.16660765468259287,1.0,1.0
0.01,725,0.2,4.0,0.15319060405692767,0.25,0.25,0.15319060405692767,1.0,1.0
0.01,725,0.2,4.1,0.15347072081044574,0.25,0.25,0.15347072081044574,1.0,1.0
0.01,725,0.2,4.2,0.15190331068836696,0.25,0.24556180000000039,0.15464875918034351,1.0180736580363867,0.9822472000000015
0.01,967,0.15,1.5,0.09838269520523056,0.5555555555555556,0.5424700000000002,0.10075589966596261,1.0241221736788308,0.9764460000000004
0.01,967,0.15,1.6,0.08643396778858518,0.777777777777778,0.7594578000000007,0.08851896628242117,1.0241224433770741,0.9764457428571435
0.01,967,0.15,1.7,0.08111343660453407,1.0,0.9764456000000004,0.08307010303956927,1.0241225932094933,0.9764456000000004
0.01,967,0.15,1.75,0.10149197011510702,1.0,1.0,0.10149197011510702,1.0,1.0
0.01,967,0.15,1.8,0.11691038197173309,1.0,1.0,0.11691038197173309,1.0,1.0
0.01,967,0.15,1.85,0.12663345500882234,1.0,1.0,0.12663345500882234,1.0,1.0
0.01,967,0.15,1.9,0.1485375743170255,1.0,1.0,0.1485375743170255,1.0,1.0
0.01,967,0.15,1.95,0.15729422768860504,1.0,1.0,0.15729422768860504,1.0,1.0
0.01,967,0.15,2.0,0.17171696619733323,1.0,1.0,0.17171696619733323,1.0,1.0
0.01,967,0.15,2.05,0.20674515225497292,1.0,1.0,0.20674515225497292,1.0,1.0
0.01,967,0.15,2.1,0.21819059126590332,1.0,1.0,0.21819059126590332,1.0,1.0
0.01,967,0.15,2.15,0.2689404830148122,0.7500000000000006,1.0,0.2017053622611093,0.7500000000000006,1.3333333333333324
0.01,967,0.15,2.2,0.3853417729652825,0.4999999999999989,1.0,0.19267088648264083,0.49999999999999895,2.0000000000000044
0.01,967,0.15,2.25,1.004435589654522,0.25,1.0,0.2511088974136305,0.25,4.0
0.01,967,0.15,2.3,0.8978437596656426,0.25,1.0,0.22446093991641064,0.25,4.0
0.01,967,0.15,2.35,0.8185459622932807,0.25,1.0,0.20463649057332017,0.25,4.0
0.01,967,0.15,2.4,0.7973410104965236,0.25,1.0,0.1993352526241309,0.25,4.0
0.01,967,0.15,2.45,0.6203549069919633,0.25,1.0,0.15508872674799082,0.25,4.0
0.01,967,0.15,2.5,0.6488248993443396,0.25,0.9889805000000003,0.16401357239711487,0.2527855705951734,3.955922000000001
0.01,967,0.15,2.55,0.564456556172029,0.25,0.8155164500000005,0.17303653291482612,0.3065542086857964,3.262065800000002
0.01,967,0.15,2.6,0.46472019558472627,0.25,0.6420524000000007,0.1809510390369718,0.3893763188175914,2.568209600000003
0.01,967,0.15,2.65,0.4895719470081381,0.25,0.468588350000001,0.26119511240950455,0.5335173185590283,1.874353400000004
0.01,967,0.15,2.7,0.43685721179409637,0.25,0.29512429999999945,0.37006204825737593,0.8471006962151217,1.1804971999999978
0.01,967,0.15,2.75,0.37667576267086583,0.25,0.25,0.37667576267086583,1.0,1.0
0.01,967,0.15,2.8,0.3389964796170309,0.25,0.25,0.3389964796170309,1.0,1.0
0.01,967,0.15,2.85,0.2716120015908253,0.25,0.25,0.2716120015908253,1.0,1.0
0.01,967,0.15,2.9,0.3211702443192349,0.25,0.25,0.3211702443192349,1.0,1.0
0.01,967,0.15,2.95,0.2757935430494354,0.25,0.25,0.2757935430494354,1.0,1.0
0.01,967,0.15,3.0,0.2893331419303229,0.25,0.25,0.2893331419303229,1.0,1.0
0.01,967,0.15,3.1,0.2561761658806645,0.1666666666666667,0.25,0.1707841105871097,0.6666666666666669,1.4999999999999996
0.01,967,0.15,3.2,0.2343447699741134,0.1944444444444445,0.25,0.1822681544243105,0.777777777777778,1.2857142857142854
0.01,967,0.15,3.3,0.19799690104299125,0.22222222222222218,0.25,0.17599724537154776,0.8888888888888888,1.1250000000000002
0.01,967,0.15,3.4,0.15846421654789966,0.25,0.25,0.15846421654789966,1.0,1.0
0.01,967,0.15,3.45,0.14816479192285928,0.25,0.25,0.14816479192285928,1.0,1.0
0.01,967,0.15,3.5,0.16722890617427508,0.25,0.25,0.16722890617427508,1.0,1.0
0.01,967,0.15,3.55,0.1563065067705793,0.25,0.25,0.1563065067705793,1.0,1.0
0.01,967,0.15,3.6,0.1712211656848307,0.25,0.25,0.1712211656848307,1.0,1.0
0.01,967,0.15,3.65,0.17241298076560618,0.25,0.25,0.17241298076560618,1.0,1.0
0.01,967,0.15,3.7,0.16513943416568203,0.25,0.25,0.16513943416568203,1.0,1.0
0.01,967,0.15,3.75,0.16437498779494772,0.25,0.25,0.16437498779494772,1.0,1.0
0.01,967,0.15,3.8,0.1778362766338705,0.25,0.25,0.1778362766338705,1.0,1.0
0.01,967,0.15,3.85,0.18345734153706791,0.25,0.25,0.18345734153706791,1.0,1.0
0.01,967,0.15,3.9,0.17151245583193056,0.25,0.25,0.17151245583193056,1.0,1.0
0.01,967,0.15,4.0,0.1758095266422615,0.25,0.25,0.1758095266422615,1.0,1.0
0.01,967,0.15,4.1,0.18304910851939735,0.25,0.25,0.18304910851939735,1.0,1.0
0.01,967,0.15,4.2,0.16730927179489175,0.25,0.24556180000000039,0.1703331623596295,1.0180736580363867,0.9822472000000015
0.01,1450,0.1,1.5,0.10257963053362891,0.5555555555555556,0.5424700000000002,0.1050540741972714,1.0241221736788308,0.9764460000000004
0.01,1450,0.1,1.6,0.10360954174036646,0.777777777777778,0.7594578000000007,0.10610885704432306,1.0241224433770741,0.9764457428571435
0.01,1450,0.1,1.7,0.0995634119856752,1.0,0.9764456000000004,0.10196513967155484,1.0241225932094933,0.9764456000000004
0.01,1450,0.1,1.75,0.11947924222508455,1.0,1.0,0.11947924222508455,1.0,1.0
0.01,1450,0.1,1.8,0.1488659781312911,1.0,1.0,0.1488659781312911,1.0,1.0
0.01,1450,0.1,1.85,0.1702384288941879,1.0,1.0,0.1702384288941879,1.0,1.0
0.01,1450,0.1,1.9,0.19523848391382082,1.0,1.0,0.19523848391382082,1.0,1.0
0.01,1450,0.1,1.95,0.22417628489525915,1.0,1.0,0.22417628489525915,1.0,1.0
0.01,1450,0.1,2.0,0.2329843913931651,1.0,1.0,0.2329843913931651,1.0,1.0
0.01,1450,0.1,2.05,0.2247689701220952,1.0,1.0,0.2247689701220952,1.0,1.0
0.01,1450,0.1,2.1,0.23897458527908474,1.0,1.0,0.23897458527908474,1.0,1.0
0.01,1450,0.1,2.15,0.3532514109275428,0.7500000000000006,1.0,0.2649385581956573,0.7500000000000006,1.3333333333333324
0.01,1450,0.1,2.2,0.5117091939497449,0.4999999999999989,1.0,0.2558545969748719,0.4999999999999989,2.0000000000000044
0.01,1450,0.1,2.25,1.0301503101896696,0.25,1.0,0.2575375775474174,0.25,4.0
0.01,1450,0.1,2.3,0.9557218745607728,0.25,1.0,0.2389304686401932,0.25,4.0
0.01,1450,0.1,2.35,0.8900629752907782,0.25,1.0,0.22251574382269454,0.25,4.0
0.01,1450,0.1,2.4,0.829462461980502,0.25,1.0,0.2073656154951255,0.25,4.0
0.01,1450,0.1,2.45,0.7818301473267892,0.25,1.0,0.1954575368316973,0.25,4.0
0.01,1450,0.1,2.5,0.5202227309224221,0.25,0.9889805000000003,0.13150479987280386,0.2527855705951735,3.955922000000001
0.01,1450,0.1,2.55,0.6144730881718061,0.25,0.8155164500000005,0.18836931130322562,0.3065542086857964,3.262065800000002
0.01,1450,0.1,2.6,0.5638667602064857,0.25,0.6420524000000007,0.21955636339280293,0.3893763188175914,2.568209600000003
0.01,1450,0.1,2.65,0.4416859724528324,0.25,0.468588350000001,0.235647115668172,0.5335173185590283,1.874353400000004
0.01,1450,0.1,2.7,0.3411542457457894,0.25,0.29512429999999945,0.28899199908800294,0.8471006962151217,1.1804971999999978
0.01,1450,0.1,2.75,0.3419777469823922,0.25,0.25,0.3419777469823922,1.0,1.0
0.01,1450,0.1,2.8,0.3108584812450007,0.25,0.25,0.3108584812450007,1.0,1.0
0.01,1450,0.1,2.85,0.27254020121920597,0.25,0.25,0.27254020121920597,1.0,1.0
0.01,1450,0.1,2.9,0.2752463712910687,0.25,0.25,0.2752463712910687,1.0,1.0
0.01,1450,0.1,2.95,0.21315098102456148,0.25,0.25,0.21315098102456148,1.0,1.0
0.01,1450,0.1,3.0,0.20717300328130522,0.25,0.25,0.20717300328130522,1.0,1.0
0.01,1450,0.1,3.1,0.3352953170641291,0.1666666666666667,0.25,0.2235302113760861,0.6666666666666669,1.4999999999999996
0.01,1450,0.1,3.2,0.2194869507916804,0.1944444444444445,0.25,0.1707120728379737,0.7777777777777781,1.2857142857142854
0.01,1450,0.1,3.3,0.18104284801879056,0.22222222222222218,0.25,0.1609269760167027,0.8888888888888887,1.1250000000000002
0.01,1450,0.1,3.4,0.16412806240322533,0.25,0.25,0.16412806240322533,1.0,1.0
0.01,1450,0.1,3.45,0.15824685933819746,0.25,0.25,0.15824685933819746,1.0,1.0
0.01,1450,0.1,3.5,0.1670936339185911,0.25,0.25,0.1670936339185911,1.0,1.0
0.01,1450,0.1,3.55,0.16813457748812005,0.25,0.25,0.16813457748812005,1.0,1.0
0.01,1450,0.1,3.6,0.16565678467946832,0.25,0.25,0.16565678467946832,1.0,1.0
0.01,1450,0.1,3.65,0.18815403888130336,0.25,0.25,0.18815403888130336,1.0,1.0
0.01,1450,0.1,3.7,0.17844985699040533,0.25,0.25,0.17844985699040533,1.0,1.0
0.01,1450,0.1,3.75,0.19002463092703634,0.25,0.25,0.19002463092703634,1.0,1.0
0.01,1450,0.1,3.8,0.1837992424697036,0.25,0.25,0.1837992424697036,1.0,1.0
0.01,1450,0.1,3.85,0.19292805441413383,0.25,0.25,0.19292805441413383,1.0,1.0
0.01,1450,0.1,3.9,0.20016121872779388,0.25,0.25,0.20016121872779388,1.0,1.0
0.01,1450,0.1,4.0,0.19039036695448172,0.25,0.25,0.19039036695448172,1.0,1.0
0.01,1450,0.1,4.1,0.19123368491628953,0.25,0.25,0.19123368491628953,1.0,1.0
0.01,1450,0.1,4.2,0.18429443617745947,0.25,0.24556180000000039,0.18762531079493958,1.0180736580363867,0.9822472000000015
0.01,2900,0.05,1.5,0.10889668815529673,0.5555555555555556,0.5424700000000002,0.11152351298002827,1.0241221736788308,0.9764460000000004
0.01,2900,0.05,1.6,0.11391254497517933,0.777777777777778,0.7594578000000007,0.11666039389128151,1.0241224433770741,0.9764457428571435
0.01,2900,0.05,1.7,0.12473707802812092,1.0,0.9764456000000004,0.1277460598195341,1.0241225932094933,0.9764456000000004
0.01,2900,0.05,1.75,0.17351076599323673,1.0,1.0,0.17351076599323673,1.0,1.0
0.01,2900,0.05,1.8,0.18725732799677253,1.0,1.0,0.18725732799677253,1.0,1.0
0.01,2900,0.05,1.85,0.21692793912336036,1.0,1.0,0.21692793912336036,1.0,1.0
0.01,2900,0.05,1.9,0.2459742435203652,1.0,1.0,0.2459742435203652,1.0,1.0
0.01,2900,0.05,1.95,0.26843845088434454,1.0,1.0,0.26843845088434454,1.0,1.0
0.01,2900,0.05,2.0,0.3226509731408928,1.0,1.0,0.3226509731408928,1.0,1.0
0.01,2900,0.05,2.05,0.29220648286602086,1.0,1.0,0.29220648286602086,1.0,1.0
0.01,2900,0.05,2.1,0.31328907241070597,1.0,1.0,0.31328907241070597,1.0,1.0
0.01,2900,0.05,2.15,0.41225585467987663,0.7500000000000006,1.0,0.3091918910099077,0.7500000000000006,1.3333333333333324
0.01,2900,0.05,2.2,0.5471447905427349,0.4999999999999989,1.0,0.27357239527136684,0.4999999999999989,2.0000000000000044
0.01,2900,0.05,2.25,1.1320240486084667,0.25,1.0,0.2830060121521167,0.25,4.0
0.01,2900,0.05,2.3,1.0053741089509984,0.25,1.0,0.2513435272377496,0.25,4.0
0.01,2900,0.05,2.35,0.7960322389215146,0.25,1.0,0.19900805973037866,0.25,4.0
0.01,2900,0.05,2.4,0.8120824115190436,0.25,1.0,0.2030206028797609,0.25,4.0
0.01,2900,0.05,2.45,0.7456678403629913,0.25,1.0,0.18641696009074782,0.25,4.0
0.01,2900,0.05,2.5,0.6540685901721707,0.25,0.9889805000000003,0.16533910177505282,0.2527855705951734,3.955922000000001
0.01,2900,0.05,2.55,0.47485186002723895,0.25,0.8155164500000005,0.14556783619362879,0.3065542086857964,3.262065800000002
0.01,2900,0.05,2.6,0.44996492828379686,0.25,0.6420524000000007,0.17520568737216632,0.3893763188175914,2.568209600000003
0.01,2900,0.05,2.65,0.4159602392124483,0.25,0.468588350000001,0.22192199145179742,0.5335173185590284,1.874353400000004
0.01,2900,0.05,2.7,0.31573025728099574,0.25,0.29512429999999945,0.26745532075891104,0.8471006962151219,1.1804971999999978
0.01,2900,0.05,2.75,0.25681025371729715,0.25,0.25,0.25681025371729715,1.0,1.0
0.01,2900,0.05,2.8,0.24795609678376143,0.25,0.25,0.24795609678376143,1.0,1.0
0.01,2900,0.05,2.85,0.24584868457381936,0.25,0.25,0.24584868457381936,1.0,1.0
0.01,2900,0.05,2.9,0.2187559374660968,0.25,0.25,0.2187559374660968,1.0,1.0
0.01,2900,0.05,2.95,0.19026555577230383,0.25,0.25,0.19026555577230383,1.0,1.0
0.01,2900,0.05,3.0,0.20205224412108985,0.25,0.25,0.20205224412108985,1.0,1.0
0.01,2900,0.05,3.1,0.21228105457155944,0.1666666666666667,0.25,0.14152070304770634,0.6666666666666669,1.4999999999999996
0.01,2900,0.05,3.2,0.23206744207952792,0.1944444444444445,0.25,0.18049689939518845,0.7777777777777781,1.2857142857142854
0.01,2900,0.05,3.3,0.17329458029342376,0.22222222222222218,0.25,0.15403962692748777,0.8888888888888887,1.1250000000000002
0.01,2900,0.05,3.4,0.16905032390079366,0.25,0.25,0.16905032390079366,1.0,1.0
0.01,2900,0.05,3.45,0.16514670901597447,0.25,0.25,0.16514670901597447,1.0,1.0
0.01,2900,0.05,3.5,0.17236834055641864,0.25,0.25,0.17236834055641864,1.0,1.0
0.01,2900,0.05,3.55,0.1664159034515632,0.25,0.25,0.1664159034515632,1.0,1.0
0.01,2900,0.05,3.6,0.17289957569363998,0.25,0.25,0.17289957569363998,1.0,1.0
0.01,2900,0.05,3.65,0.2205305705141838,0.25,0.25,0.2205305705141838,1.0,1.0
0.01,2900,0.05,3.7,0.21096141992715076,0.25,0.25,0.21096141992715076,1.0,1.0
0.01,2900,0.05,3.75,0.23304885207412604,0.25,0.25,0.23304885207412604,1.0,1.0
0.01,2900,0.05,3.8,0.21849322764590737,0.25,0.25,0.21849322764590737,1.0,1.0
0.01,2900,0.05,3.85,0.2094502807084814,0.25,0.25,0.2094502807084814,1.0,1.0
0.01,2900,0.05,3.9,0.2163834313252117,0.25,0.25,0.2163834313252117,1.0,1.0
0.01,2900,0.05,4.0,0.2517004297443137,0.25,0.25,0.2517004297443137,1.0,1.0
0.01,2900,0.05,4.1,0.25217218904148514,0.25,0.25,0.25217218904148514,1.0,1.0
0.01,2900,0.05,4.2,0.257157831451521,0.25,0.24556180000000039,0.2618056141585546,1.0180736580363867,0.9822472000000015
0.015,483,0.3,1.5,0.1371634016567903,0.5555555555555556,0.5424700000000002,0.14047208105393463,1.0241221736788308,0.9764460000000004
0.015,483,0.3,1.6,0.10130154978311261,0.777777777777778,0.7594578000000007,0.10374519068176559,1.0241224433770741,0.9764457428571435
0.015,483,0.3,1.7,0.08846446061858379,1.0,0.9764456000000004,0.09059845281558312,1.0241225932094933,0.9764456000000004
0.015,483,0.3,1.75,0.09943700862384598,1.0,1.0,0.09943700862384598,1.0,1.0
0.015,483,0.3,1.8,0.11579182947076673,1.0,1.0,0.11579182947076673,1.0,1.0
0.015,483,0.3,1.85,0.12452790576684077,1.0,1.0,0.12452790576684077,1.0,1.0
0.015,483,0.3,1.9,0.12963689469740622,1.0,1.0,0.12963689469740622,1.0,1.0
0.015,483,0.3,1.95,0.1404311414972039,1.0,1.0,0.1404311414972039,1.0,1.0
0.015,483,0.3,2.0,0.16206582705684253,1.0,1.0,0.16206582705684253,1.0,1.0
0.015,483,0.3,2.05,0.19510092069204826,1.0,1.0,0.19510092069204826,1.0,1.0
0.015,483,0.3,2.1,0.1876526879097731,1.0,1.0,0.1876526879097731,1.0,1.0
0.015,483,0.3,2.15,0.2836659843010597,0.7500000000000006,1.0,0.21274948822579495,0.7500000000000006,1.3333333333333324
0.015,483,0.3,2.2,0.4373741003252017,0.4999999999999989,1.0,0.21868705016260037,0.49999999999999895,2.0000000000000044
0.015,483,0.3,2.25,0.872353720758395,0.25,1.0,0.21808843018959875,0.25,4.0
0.015,483,0.3,2.3,0.8782193321596341,0.25,1.0,0.21955483303990853,0.25,4.0
0.015,483,0.3,2.35,0.9114243140022725,0.25,1.0,0.22785607850056813,0.25,4.0
0.015,483,0.3,2.4,0.9915853942484852,0.25,1.0,0.2478963485621213,0.25,4.0
0.015,483,0.3,2.45,0.8536872802689647,0.25,1.0,0.21342182006724117,0.25,4.0
0.015,483,0.3,2.5,1.0497231936749047,0.25,0.9889805000000003,0.2653548764800986,0.2527855705951735,3.955922000000001
0.015,483,0.3,2.55,0.9475385891737726,0.25,0.8155164500000005,0.2904719424034218,0.30655420868579636,3.262065800000002
0.015,483,0.3,2.6,0.8336542650090398,0.25,0.6420524000000007,0.32460522887580473,0.3893763188175914,2.568209600000003
0.015,483,0.3,2.65,0.7402700373282667,0.25,0.468588350000001,0.3949468853249687,0.5335173185590284,1.874353400000004
0.015,483,0.3,2.7,0.769301765461616,0.25,0.29512429999999945,0.6516760611220572,0.8471006962151217,1.1804971999999978
0.015,483,0.3,2.75,0.6797328243481804,0.25,0.25,0.6797328243481804,1.0,1.0
0.015,483,0.3,2.8,0.7953748517682264,0.25,0.25,0.7953748517682264,1.0,1.0
0.015,483,0.3,2.85,0.5940579337396986,0.25,0.25,0.5940579337396986,1.0,1.0
0.015,483,0.3,2.9,0.5208011778983297,0.25,0.25,0.5208011778983297,1.0,1.0
0.015,483,0.3,2.95,0.4713120794254376,0.25,0.25,0.4713120794254376,1.0,1.0
0.015,483,0.3,3.0,0.46945618531559635,0.25,0.25,0.46945618531559635,1.0,1.0
0.015,483,0.3,3.1,0.6281455332417045,0.1666666666666667,0.25,0.4187636888278031,0.6666666666666669,1.4999999999999996
0.015,483,0.3,3.2,0.4873356599438995,0.1944444444444445,0.25,0.37903884662303305,0.777777777777778,1.2857142857142854
0.015,483,0.3,3.3,0.3672559750200714,0.22222222222222218,0.25,0.3264497555733967,0.8888888888888887,1.1250000000000002
0.015,483,0.3,3.4,0.3136418337983054,0.25,0.25,0.3136418337983054,1.0,1.0
0.015,483,0.3,3.45,0.29390430650652805,0.25,0.25,0.29390430650652805,1.0,1.0
0.015,483,0.3,3.5,0.25895280748873123,0.25,0.25,0.25895280748873123,1.0,1.0
0.015,483,0.3,3.55,0.21539059057325524,0.25,0.25,0.21539059057325524,1.0,1.0
0.015,483,0.3,3.6,0.22085659217954753,0.25,0.25,0.22085659217954753,1.0,1.0
0.015,483,0.3,3.65,0.2636890961606217,0.25,0.25,0.2636890961606217,1.0,1.0
0.015,483,0.3,3.7,0.23719820488422527,0.25,0.25,0.23719820488422527,1.0,1.0
0.015,483,0.3,3.75,0.23531319983213408,0.25,0.25,0.23531319983213408,1.0,1.0
0.015,483,0.3,3.8,0.23255447105933344,0.25,0.25,0.23255447105933344,1.0,1.0
0.015,483,0.3,3.85,0.20599552181411707,0.25,0.25,0.20599552181411707,1.0,1.0
0.015,483,0.3,3.9,0.20075058870157617,0.25,0.25,0.20075058870157617,1.0,1.0
0.015,483,0.3,4.0,0.19968637918549278,0.25,0.25,0.19968637918549278,1.0,1.0
0.015,483,0.3,4.1,0.21205193040148962,0.25,0.25,0.21205193040148962,1.0,1.0
0.015,483,0.3,4.2,0.19291646629055714,0.25,0.24556180000000039,0.1964031725318808,1.0180736580363867,0.9822472000000015
0.015,580,0.25,1.5,0.13605481664952507,0.5555555555555556,0.5424700000000002,0.1393367545665864,1.0241221736788308,0.9764460000000004
0.015,580,0.25,1.6,0.10283117143475688,0.777777777777778,0.7594578000000007,0.10531171054509,1.0241224433770741,0.9764457428571435
0.015,580,0.25,1.7,0.0981288549051114,1.0,0.9764456000000004,0.1004959773541008,1.0241225932094933,0.9764456000000004
0.015,580,0.25,1.75,0.10921921978755689,1.0,1.0,0.10921921978755689,1.0,1.0
0.015,580,0.25,1.8,0.1251969356910757,1.0,1.0,0.1251969356910757,1.0,1.0
0.015,580,0.25,1.85,0.14466897118805372,1.0,1.0,0.14466897118805372,1.0,1.0
0.015,580,0.25,1.9,0.14785809547150747,1.0,1.0,0.14785809547150747,1.0,1.0
0.015,580,0.25,1.95,0.18740755771001247,1.0,1.0,0.18740755771001247,1.0,1.0
0.015,580,0.25,2.0,0.1911170714983676,1.0,1.0,0.1911170714983676,1.0,1.0
0.015,580,0.25,2.05,0.1987231431558573,1.0,1.0,0.1987231431558573,1.0,1.0
0.015,580,0.25,2.1,0.2266918024962427,1.0,1.0,0.2266918024962427,1.0,1.0
0.015,580,0.25,2.15,0.2924327324809917,0.7500000000000006,1.0,0.21932454936074394,0.7500000000000006,1.3333333333333324
0.015,580,0.25,2.2,0.46052486537869297,0.4999999999999989,1.0,0.23026243268934599,0.4999999999999989,2.0000000000000044
0.015,580,0.25,2.25,0.9771491092409446,0.25,1.0,0.24428727731023614,0.25,4.0
0.015,580,0.25,2.3,1.0208177628111024,0.25,1.0,0.2552044407027756,0.25,4.0
0.015,580,0.25,2.35,1.0797288309115407,0.25,1.0,0.2699322077278852,0.25,4.0
0.015,580,0.25,2.4,1.059466658547149,0.25,1.0,0.26486666463678726,0.25,4.0
0.015,580,0.25,2.45,0.9048010327322918,0.25,1.0,0.22620025818307296,0.25,4.0
0.015,580,0.25,2.5,0.8317516761530797,0.25,0.9889805000000003,0.21025482204984816,0.2527855705951734,3.955922000000001
0.015,580,0.25,2.55,0.9240656127442503,0.25,0.8155164500000005,0.28327620268856923,0.3065542086857964,3.262065800000002
0.015,580,0.25,2.6,0.7141005823905053,0.25,0.6420524000000007,0.27805385603671307,0.3893763188175913,2.568209600000003
0.015,580,0.25,2.65,0.7490551795802111,0.25,0.468588350000001,0.39963391086238564,0.5335173185590283,1.874353400000004
0.015,580,0.25,2.7,0.6992292087072274,0.25,0.29512429999999945,0.5923175495098411,0.8471006962151219,1.1804971999999978
0.015,580,0.25,2.75,0.596162623781407,0.25,0.25,0.596162623781407,1.0,1.0
0.015,580,0.25,2.8,0.6404383856222631,0.25,0.25,0.6404383856222631,1.0,1.0
0.015,580,0.25,2.85,0.5642673256827266,0.25,0.25,0.5642673256827266,1.0,1.0
0.015,580,0.25,2.9,0.4367827564422362,0.25,0.25,0.4367827564422362,1.0,1.0
0.015,580,0.25,2.95,0.4884477091567746,0.25,0.25,0.4884477091567746,1.0,1.0
0.015,580,0.25,3.0,0.4268309363216776,0.25,0.25,0.4268309363216776,1.0,1.0
0.015,580,0.25,3.1,0.6243128101791979,0.1666666666666667,0.25,0.4162085401194654,0.6666666666666669,1.4999999999999996
0.015,580,0.25,3.2,0.4002194119557731,0.1944444444444445,0.25,0.3112817648544903,0.777777777777778,1.2857142857142854
0.015,580,0.25,3.3,0.356531953781081,0.22222222222222218,0.25,0.3169172922498497,0.8888888888888887,1.1250000000000002
0.015,580,0.25,3.4,0.28378009930318326,0.25,0.25,0.28378009930318326,1.0,1.0
0.015,580,0.25,3.45,0.27721414834497654,0.25,0.25,0.27721414834497654,1.0,1.0
0.015,580,0.25,3.5,0.26017188788622037,0.25,0.25,0.26017188788622037,1.0,1.0
0.015,580,0.25,3.55,0.2569999303773695,0.25,0.25,0.2569999303773695,1.0,1.0
0.015,580,0.25,3.6,0.2312486682162557,0.25,0.25,0.2312486682162557,1.0,1.0
0.015,580,0.25,3.65,0.22173302339229772,0.25,0.25,0.22173302339229772,1.0,1.0
0.015,580,0.25,3.7,0.22954975404111763,0.25,0.25,0.22954975404111763,1.0,1.0
0.015,580,0.25,3.75,0.21486387573848628,0.25,0.25,0.21486387573848628,1.0,1.0
0.015,580,0.25,3.8,0.22554199547848738,0.25,0.25,0.22554199547848738,1.0,1.0
0.015,580,0.25,3.85,0.21893935607180215,0.25,0.25,0.21893935607180215,1.0,1.0
0.015,580,0.25,3.9,0.21771727413101552,0.25,0.25,0.21771727413101552,1.0,1.0
0.015,580,0.25,4.0,0.22501447590460066,0.25,0.25,0.22501447590460066,1.0,1.0
0.015,580,0.25,4.1,0.19093709436106757,0.25,0.25,0.19093709436106757,1.0,1.0
0.015,580,0.25,4.2,0.20920063707987477,0.25,0.24556180000000039,0.21298165785545067,1.0180736580363867,0.9822472000000015
0.015,725,0.2,1.5,0.14819447446852613,0.5555555555555556,0.5424700000000002,0.151769247319899,1.0241221736788308,0.9764460000000004
0.015,725,0.2,1.6,0.11068266440145122,0.777777777777778,0.7594578000000007,0.11335260070629893,1.0241224433770741,0.9764457428571435
0.015,725,0.2,1.7,0.10320398798115897,1.0,0.9764456000000004,0.10569353580082591,1.0241225932094933,0.9764456000000004
0.015,725,0.2,1.75,0.12519339824126366,1.0,1.0,0.12519339824126366,1.0,1.0
0.015,725,0.2,1.8,0.13864175721456604,1.0,1.0,0.13864175721456604,1.0,1.0
0.015,725,0.2,1.85,0.1581819150915885,1.0,1.0,0.1581819150915885,1.0,1.0
0.015,725,0.2,1.9,0.18458742915264223,1.0,1.0,0.18458742915264223,1.0,1.0
0.015,725,0.2,1.95,0.184934330298147,1.0,1.0,0.184934330298147,1.0,1.0
0.015,725,0.2,2.0,0.2306676127711591,1.0,1.0,0.2306676127711591,1.0,1.0
0.015,725,0.2,2.05,0.23513930083895368,1.0,1.0,0.23513930083895368,1.0,1.0
0.015,725,0.2,2.1,0.2744662465378855,1.0,1.0,0.2744662465378855,1.0,1.0
0.015,725,0.2,2.15,0.33926434474935835,0.7500000000000006,1.0,0.25444825856201897,0.7500000000000007,1.3333333333333324
0.015,725,0.2,2.2,0.586189216779109,0.4999999999999989,1.0,0.2930946083895538,0.4999999999999989,2.0000000000000044
0.015,725,0.2,2.25,1.0480389133237422,0.25,1.0,0.26200972833093555,0.25,4.0
0.015,725,0.2,2.3,1.1636443746584473,0.25,1.0,0.2909110936646118,0.25,4.0
0.015,725,0.2,2.35,0.9925189912661633,0.25,1.0,0.24812974781654082,0.25,4.0
0.015,725,0.2,2.4,0.95244183998947,0.25,1.0,0.2381104599973675,0.25,4.0
0.015,725,0.2,2.45,0.9701992584212927,0.25,1.0,0.24254981460532318,0.25,4.0
0.015,725,0.2,2.5,1.0273041563452685,0.25,0.9889805000000003,0.259687667336532,0.2527855705951735,3.955922000000001
0.015,725,0.2,2.55,0.8029529747146776,0.25,0.8155164500000005,0.2461486137755643,0.3065542086857964,3.262065800000002
0.015,725,0.2,2.6,0.7617912042532199,0.25,0.6420524000000007,0.2966234548197386,0.3893763188175914,2.568209600000003
0.015,725,0.2,2.65,0.7386811341623433,0.25,0.468588350000001,0.39409917796843524,0.5335173185590283,1.874353400000004
0.015,725,0.2,2.7,0.5751795407066407,0.25,0.29512429999999945,0.4872349893812893,0.8471006962151217,1.1804971999999978
0.015,725,0.2,2.75,0.5285141906640283,0.25,0.25,0.5285141906640283,1.0,1.0
0.015,725,0.2,2.8,0.5894352015024471,0.25,0.25,0.5894352015024471,1.0,1.0
0.015,725,0.2,2.85,0.5560323942013947,0.25,0.25,0.5560323942013947,1.0,1.0
0.015,725,0.2,2.9,0.4715390414390371,0.25,0.25,0.4715390414390371,1.0,1.0
0.015,725,0.2,2.95,0.3931660697936755,0.25,0.25,0.3931660697936755,1.0,1.0
0.015,725,0.2,3.0,0.4144406785665424,0.25,0.25,0.4144406785665424,1.0,1.0
0.015,725,0.2,3.1,0.4682362956187863,0.1666666666666667,0.25,0.3121575304125243,0.6666666666666669,1.4999999999999996
0.015,725,0.2,3.2,0.34408359592641596,0.1944444444444445,0.25,0.2676205746094347,0.777777777777778,1.2857142857142854
0.015,725,0.2,3.3,0.33540736404535176,0.22222222222222218,0.25,0.29813987915142376,0.8888888888888888,1.1250000000000002
0.015,725,0.2,3.4,0.22757655139918176,0.25,0.25,0.22757655139918176,1.0,1.0
0.015,725,0.2,3.45,0.21212350030019284,0.25,0.25,0.21212350030019284,1.0,1.0
0.015,725,0.2,3.5,0.27571995799549726,0.25,0.25,0.27571995799549726,1.0,1.0
0.015,725,0.2,3.55,0.22565093547747528,0.25,0.25,0.22565093547747528,1.0,1.0
0.015,725,0.2,3.6,0.23764845693397618,0.25,0.25,0.23764845693397618,1.0,1.0
0.015,725,0.2,3.65,0.2376617004271051,0.25,0.25,0.2376617004271051,1.0,1.0
0.015,725,0.2,3.7,0.24403689086499736,0.25,0.25,0.24403689086499736,1.0,1.0
0.015,725,0.2,3.75,0.2328884073199524,0.25,0.25,0.2328884073199524,1.0,1.0
0.015,725,0.2,3.8,0.2177246146918117,0.25,0.25,0.2177246146918117,1.0,1.0
0.015,725,0.2,3.85,0.22342020399515383,0.25,0.25,0.22342020399515383,1.0,1.0
0.015,725,0.2,3.9,0.2293068483267279,0.25,0.25,0.2293068483267279,1.0,1.0
0.015,725,0.2,4.0,0.21711763259135677,0.25,0.25,0.21711763259135677,1.0,1.0
0.015,725,0.2,4.1,0.21599295555781395,0.25,0.25,0.21599295555781395,1.0,1.0
0.015,725,0.2,4.2,0.20967202955139433,0.25,0.24556180000000039,0.2134615701133014,1.0180736580363867,0.9822472000000015
0.015,967,0.15,1.5,0.1447049296716017,0.5555555555555556,0.5424700000000002,0.14819552711732306,1.0241221736788306,0.9764460000000004
0.015,967,0.15,1.6,0.13061589593286552,0.777777777777778,0.7594578000000007,0.13376667048665186,1.0241224433770741,0.9764457428571435
0.015,967,0.15,1.7,0.13027324708752339,1.0,0.9764456000000004,0.13341577563309553,1.0241225932094935,0.9764456000000004
0.015,967,0.15,1.75,0.13839086682940804,1.0,1.0,0.13839086682940804,1.0,1.0
0.015,967,0.15,1.8,0.1633693392903462,1.0,1.0,0.1633693392903462,1.0,1.0
0.015,967,0.15,1.85,0.1762549976251453,1.0,1.0,0.1762549976251453,1.0,1.0
0.015,967,0.15,1.9,0.2082771849262857,1.0,1.0,0.2082771849262857,1.0,1.0
0.015,967,0.15,1.95,0.23076204933203512,1.0,1.0,0.23076204933203512,1.0,1.0
0.015,967,0.15,2.0,0.2502789250220332,1.0,1.0,0.2502789250220332,1.0,1.0
0.015,967,0.15,2.05,0.2851185595942359,1.0,1.0,0.2851185595942359,1.0,1.0
0.015,967,0.15,2.1,0.2968135349224051,1.0,1.0,0.2968135349224051,1.0,1.0
0.015,967,0.15,2.15,0.3862418839126685,0.7500000000000006,1.0,0.2896814129345016,0.7500000000000007,1.3333333333333324
0.015,967,0.15,2.2,0.6169323051368114,0.4999999999999989,1.0,0.30846615256840504,0.49999999999999895,2.0000000000000044
0.015,967,0.15,2.25,1.3298919483789355,0.25,1.0,0.3324729870947339,0.25,4.0
0.015,967,0.15,2.3,1.219382337692609,0.25,1.0,0.30484558442315224,0.25,4.0
0.015,967,0.15,2.35,1.0932683034947468,0.25,1.0,0.2733170758736867,0.25,4.0
0.015,967,0.15,2.4,1.1613594317343656,0.25,1.0,0.2903398579335914,0.25,4.0
0.015,967,0.15,2.45,0.9800653382508544,0.25,1.0,0.2450163345627136,0.25,4.0
0.015,967,0.15,2.5,0.8767883648376991,0.25,0.9889805000000003,0.22163944709670688,0.2527855705951735,3.955922000000001
0.015,967,0.15,2.55,0.9159628700751339,0.25,0.8155164500000005,0.2807922728214536,0.30655420868579636,3.262065800000002
0.015,967,0.15,2.6,0.7818703124704313,0.25,0.6420524000000007,0.30444178406249645,0.3893763188175914,2.568209600000003
0.015,967,0.15,2.65,0.6466740609125682,0.25,0.468588350000001,0.34501181095975114,0.5335173185590284,1.874353400000004
0.015,967,0.15,2.7,0.6601978472826979,0.25,0.29512429999999945,0.559254056072898,0.8471006962151217,1.1804971999999978
0.015,967,0.15,2.75,0.6115544063727867,0.25,0.25,0.6115544063727867,1.0,1.0
0.015,967,0.15,2.8,0.5272328629315143,0.25,0.25,0.5272328629315143,1.0,1.0
0.015,967,0.15,2.85,0.44439637558598416,0.25,0.25,0.44439637558598416,1.0,1.0
0.015,967,0.15,2.9,0.41111478349004416,0.25,0.25,0.41111478349004416,1.0,1.0
0.015,967,0.15,2.95,0.3505903209663747,0.25,0.25,0.3505903209663747,1.0,1.0
0.015,967,0.15,3.0,0.3962900997962332,0.25,0.25,0.3962900997962332,1.0,1.0
0.015,967,0.15,3.1,0.46266192530146283,0.1666666666666667,0.25,0.30844128353430866,0.6666666666666669,1.4999999999999996
0.015,967,0.15,3.2,0.3314602920438763,0.1944444444444445,0.25,0.2578024493674594,0.7777777777777779,1.2857142857142854
0.015,967,0.15,3.3,0.30790966171408324,0.22222222222222218,0.25,0.27369747707918507,0.8888888888888888,1.1250000000000002
0.015,967,0.15,3.4,0.24724170496623188,0.25,0.25,0.24724170496623188,1.0,1.0
0.015,967,0.15,3.45,0.22081059382777574,0.25,0.25,0.22081059382777574,1.0,1.0
0.015,967,0.15,3.5,0.2534446152942809,0.25,0.25,0.2534446152942809,1.0,1.0
0.015,967,0.15,3.55,0.22677122586999457,0.25,0.25,0.22677122586999457,1.0,1.0
0.015,967,0.15,3.6,0.22410159595626458,0.25,0.25,0.22410159595626458,1.0,1.0
0.015,967,0.15,3.65,0.24378006314486741,0.25,0.25,0.24378006314486741,1.0,1.0
0.015,967,0.15,3.7,0.21756127334271344,0.25,0.25,0.21756127334271344,1.0,1.0
0.015,967,0.15,3.75,0.22603652841412858,0.25,0.25,0.22603652841412858,1.0,1.0
0.015,967,0.15,3.8,0.25447990831973705,0.25,0.25,0.25447990831973705,1.0,1.0
0.015,967,0.15,3.85,0.22553589216005923,0.25,0.25,0.22553589216005923,1.0,1.0
0.015,967,0.15,3.9,0.22957900274211412,0.25,0.25,0.22957900274211412,1.0,1.0
0.015,967,0.15,4.0,0.23721878668030627,0.25,0.25,0.23721878668030627,1.0,1.0
0.015,967,0.15,4.1,0.22620056948089345,0.25,0.25,0.22620056948089345,1.0,1.0
0.015,967,0.15,4.2,0.24518278526043868,0.25,0.24556180000000039,0.2496141350776447,1.0180736580363867,0.9822472000000015
0.015,1450,0.1,1.5,0.16796773988873584,0.5555555555555556,0.5424700000000002,0.1720194868827726,1.0241221736788308,0.9764460000000004
0.015,1450,0.1,1.6,0.13966711477630347,0.777777777777778,0.7594578000000007,0.14303622684413417,1.0241224433770741,0.9764457428571435
0.015,1450,0.1,1.7,0.15067205675212927,1.0,0.9764456000000004,0.1543066574851986,1.0241225932094933,0.9764456000000004
0.015,1450,0.1,1.75,0.17971716984902916,1.0,1.0,0.17971716984902916,1.0,1.0
0.015,1450,0.1,1.8,0.21362352499377016,1.0,1.0,0.21362352499377016,1.0,1.0
0.015,1450,0.1,1.85,0.24498726459252002,1.0,1.0,0.24498726459252002,1.0,1.0
0.015,1450,0.1,1.9,0.27007351135003715,1.0,1.0,0.27007351135003715,1.0,1.0
0.015,1450,0.1,1.95,0.31325667603927454,1.0,1.0,0.31325667603927454,1.0,1.0
0.015,1450,0.1,2.0,0.32483588330075547,1.0,1.0,0.32483588330075547,1.0,1.0
0.015,1450,0.1,2.05,0.3617115072967934,1.0,1.0,0.3617115072967934,1.0,1.0
0.015,1450,0.1,2.1,0.3595201953863982,1.0,1.0,0.3595201953863982,1.0,1.0
0.015,1450,0.1,2.15,0.483350243577787,0.7500000000000006,1.0,0.3625126826833405,0.7500000000000006,1.3333333333333324
0.015,1450,0.1,2.2,0.7397694604800585,0.4999999999999989,1.0,0.36988473024002844,0.4999999999999989,2.0000000000000044
0.015,1450,0.1,2.25,1.4125099463851325,0.25,1.0,0.3531274865962831,0.25,4.0
0.015,1450,0.1,2.3,1.4737205438831928,0.25,1.0,0.3684301359707982,0.25,4.0
0.015,1450,0.1,2.35,1.1896828286996017,0.25,1.0,0.29742070717490043,0.25,4.0
0.015,1450,0.1,2.4,1.0995565838279646,0.25,1.0,0.27488914595699115,0.25,4.0
0.015,1450,0.1,2.45,1.0962978681682138,0.25,1.0,0.27407446704205346,0.25,4.0
0.015,1450,0.1,2.5,0.8376983231697631,0.25,0.9889805000000003,0.21175804860908856,0.2527855705951734,3.955922000000001
0.015,1450,0.1,2.55,0.860032089136859,0.25,0.8155164500000005,0.2636464565297421,0.30655420868579636,3.262065800000002
0.015,1450,0.1,2.6,0.751513286753864,0.25,0.6420524000000007,0.2926214771387285,0.3893763188175913,2.568209600000003
0.015,1450,0.1,2.65,0.6002437251107443,0.25,0.468588350000001,0.3202404227029668,0.5335173185590284,1.874353400000004
0.015,1450,0.1,2.7,0.5233969009949495,0.25,0.29512429999999945,0.44336987922965887,0.8471006962151217,1.1804971999999978
0.015,1450,0.1,2.75,0.40927488370972287,0.25,0.25,0.40927488370972287,1.0,1.0
0.015,1450,0.1,2.8,0.41448591860963363,0.25,0.25,0.41448591860963363,1.0,1.0
0.015,1450,0.1,2.85,0.3803118223989049,0.25,0.25,0.3803118223989049,1.0,1.0
0.015,1450,0.1,2.9,0.3558228404913203,0.25,0.25,0.3558228404913203,1.0,1.0
0.015,1450,0.1,2.95,0.33549403349282386,0.25,0.25,0.33549403349282386,1.0,1.0
0.015,1450,0.1,3.0,0.2908043984401558,0.25,0.25,0.2908043984401558,1.0,1.0
0.015,1450,0.1,3.1,0.44204475655722986,0.1666666666666667,0.25,0.29469650437148665,0.6666666666666669,1.4999999999999996
0.015,1450,0.1,3.2,0.3044641166069505,0.1944444444444445,0.25,0.23680542402762825,0.777777777777778,1.2857142857142854
0.015,1450,0.1,3.3,0.25196075269895807,0.22222222222222218,0.25,0.22396511351018492,0.8888888888888887,1.1250000000000002
0.015,1450,0.1,3.4,0.23932619546546108,0.25,0.25,0.23932619546546108,1.0,1.0
0.015,1450,0.1,3.45,0.2021694779394788,0.25,0.25,0.2021694779394788,1.0,1.0
0.015,1450,0.1,3.5,0.22786764640880514,0.25,0.25,0.22786764640880514,1.0,1.0
0.015,1450,0.1,3.55,0.23660539512065612,0.25,0.25,0.23660539512065612,1.0,1.0
0.015,1450,0.1,3.6,0.24553145152929104,0.25,0.25,0.24553145152929104,1.0,1.0
0.015,1450,0.1,3.65,0.23386412006060883,0.25,0.25,0.23386412006060883,1.0,1.0
0.015,1450,0.1,3.7,0.25617463480718444,0.25,0.25,0.25617463480718444,1.0,1.0
0.015,1450,0.1,3.75,0.2562361139555946,0.25,0.25,0.2562361139555946,1.0,1.0
0.015,1450,0.1,3.8,0.26087810423546687,0.25,0.25,0.26087810423546687,1.0,1.0
0.015,1450,0.1,3.85,0.25759530489423044,0.25,0.25,0.25759530489423044,1.0,1.0
0.015,1450,0.1,3.9,0.27777066369725134,0.25,0.25,0.27777066369725134,1.0,1.0
0.015,1450,0.1,4.0,0.2679238768071327,0.25,0.25,0.2679238768071327,1.0,1.0
0.015,1450,0.1,4.1,0.2776084650886443,0.25,0.25,0.2776084650886443,1.0,1.0
0.015,1450,0.1,4.2,0.25593915508364756,0.25,0.24556180000000039,0.2605649118507512,1.018073658036387,0.9822472000000015
0.015,2900,0.05,1.5,0.16970343572070154,0.5555555555555556,0.5424700000000002,0.1737970514710506,1.0241221736788308,0.9764460000000004
0.015,2900,0.05,1.6,0.1622179846333685,0.777777777777778,0.7594578000000007,0.16613107878243,1.024122443377074,0.9764457428571435
0.015,2900,0.05,1.7,0.18282861499039874,1.0,0.9764456000000004,0.1872389152968672,1.0241225932094933,0.9764456000000004
0.015,2900,0.05,1.75,0.21856732944401144,1.0,1.0,0.21856732944401144,1.0,1.0
0.015,2900,0.05,1.8,0.25737452612546563,1.0,1.0,0.25737452612546563,1.0,1.0
0.015,2900,0.05,1.85,0.3301016997317594,1.0,1.0,0.3301016997317594,1.0,1.0
0.015,2900,0.05,1.9,0.3548862787348902,1.0,1.0,0.3548862787348902,1.0,1.0
0.015,2900,0.05,1.95,0.33290420017426325,1.0,1.0,0.33290420017426325,1.0,1.0
0.015,2900,0.05,2.0,0.4158818014197662,1.0,1.0,0.4158818014197662,1.0,1.0
0.015,2900,0.05,2.05,0.4011866965783676,1.0,1.0,0.4011866965783676,1.0,1.0
0.015,2900,0.05,2.1,0.41799345224872747,1.0,1.0,0.41799345224872747,1.0,1.0
0.015,2900,0.05,2.15,0.5442867154712097,0.7500000000000006,1.0,0.4082150366034075,0.7500000000000006,1.3333333333333324
0.015,2900,0.05,2.2,0.91315457909632,0.4999999999999989,1.0,0.456577289548159,0.4999999999999989,2.0000000000000044
0.015,2900,0.05,2.25,1.467124744807977,0.25,1.0,0.36678118620199424,0.25,4.0
0.015,2900,0.05,2.3,1.5570993295054438,0.25,1.0,0.38927483237636096,0.25,4.0
0.015,2900,0.05,2.35,1.0922148028168723,0.25,1.0,0.2730537007042181,0.25,4.0
0.015,2900,0.05,2.4,1.076541698885688,0.25,1.0,0.269135424721422,0.25,4.0
0.015,2900,0.05,2.45,1.025688510861417,0.25,1.0,0.2564221277153543,0.25,4.0
0.015,2900,0.05,2.5,0.8338572189079536,0.25,0.9889805000000003,0.21078707287655152,0.2527855705951735,3.955922000000001
0.015,2900,0.05,2.55,0.6953537187169038,0.25,0.8155164500000005,0.21316360899798628,0.3065542086857964,3.262065800000002
0.015,2900,0.05,2.6,0.7217413967266512,0.25,0.6420524000000007,0.2810290081956902,0.3893763188175914,2.568209600000003
0.015,2900,0.05,2.65,0.6767453525079422,0.25,0.468588350000001,0.3610553658173217,0.5335173185590283,1.874353400000004
0.015,2900,0.05,2.7,0.4288556600319291,0.25,0.29512429999999945,0.3632839281888427,0.8471006962151217,1.1804971999999978
0.015,2900,0.05,2.75,0.40845720803180974,0.25,0.25,0.40845720803180974,1.0,1.0
0.015,2900,0.05,2.8,0.3297425614182297,0.25,0.25,0.3297425614182297,1.0,1.0
0.015,2900,0.05,2.85,0.31919203181583455,0.25,0.25,0.31919203181583455,1.0,1.0
0.015,2900,0.05,2.9,0.31777058524597335,0.25,0.25,0.31777058524597335,1.0,1.0
0.015,2900,0.05,2.95,0.29821756264841315,0.25,0.25,0.29821756264841315,1.0,1.0
0.015,2900,0.05,3.0,0.25127476005823335,0.25,0.25,0.25127476005823335,1.0,1.0
0.015,2900,0.05,3.1,0.37231760179591233,0.1666666666666667,0.25,0.2482117345306083,0.6666666666666669,1.4999999999999996
0.015,2900,0.05,3.2,0.31601083228882576,0.1944444444444445,0.25,0.245786202891309,0.777777777777778,1.2857142857142854
0.015,2900,0.05,3.3,0.2601393770054415,0.22222222222222218,0.25,0.2312350017826146,0.8888888888888887,1.1250000000000002
0.015,2900,0.05,3.4,0.2617925550455423,0.25,0.25,0.2617925550455423,1.0,1.0
0.015,2900,0.05,3.45,0.26015427899239646,0.25,0.25,0.26015427899239646,1.0,1.0
0.015,2900,0.05,3.5,0.2410727252610323,0.25,0.25,0.2410727252610323,1.0,1.0
0.015,2900,0.05,3.55,0.24946318547648355,0.25,0.25,0.24946318547648355,1.0,1.0
0.015,2900,0.05,3.6,0.23972687632446305,0.25,0.25,0.23972687632446305,1.0,1.0
0.015,2900,0.05,3.65,0.27011080320884806,0.25,0.25,0.27011080320884806,1.0,1.0
0.015,2900,0.05,3.7,0.2904626862982384,0.25,0.25,0.2904626862982384,1.0,1.0
0.015,2900,0.05,3.75,0.2836504714229576,0.25,0.25,0.2836504714229576,1.0,1.0
0.015,2900,0.05,3.8,0.2963287308826845,0.25,0.25,0.2963287308826845,1.0,1.0
0.015,2900,0.05,3.85,0.32881723168256805,0.25,0.25,0.32881723168256805,1.0,1.0
0.015,2900,0.05,3.9,0.3291384640965604,0.25,0.25,0.3291384640965604,1.0,1.0
0.015,2900,0.05,4.0,0.3297286439708733,0.25,0.25,0.3297286439708733,1.0,1.0
0.015,2900,0.05,4.1,0.31019983359248704,0.25,0.25,0.31019983359248704,1.0,1.0
0.015,2900,0.05,4.2,0.33958356438459736,0.25,0.24556180000000039,0.3457210816020619,1.0180736580363867,0.9822472000000015
0.02,483,0.3,1.5,0.17272792891546535,0.5555555555555556,0.5424700000000002,0.17689450201594895,1.0241221736788308,0.9764460000000004
0.02,483,0.3,1.6,0.13171457500706402,0.777777777777778,0.7594578000000007,0.1348918523846073,1.0241224433770741,0.9764457428571435
0.02,483,0.3,1.7,0.12140795392022716,1.0,0.9764456000000004,0.1243366286050417,1.0241225932094933,0.9764456000000004
0.02,483,0.3,1.75,0.13056148238048612,1.0,1.0,0.13056148238048612,1.0,1.0
0.02,483,0.3,1.8,0.14980246194698432,1.0,1.0,0.14980246194698432,1.0,1.0
0.02,483,0.3,1.85,0.1723271961962355,1.0,1.0,0.1723271961962355,1.0,1.0
0.02,483,0.3,1.9,0.18785851804189105,1.0,1.0,0.18785851804189105,1.0,1.0
0.02,483,0.3,1.95,0.18924578808409834,1.0,1.0,0.18924578808409834,1.0,1.0
0.02,483,0.3,2.0,0.20455724347631493,1.0,1.0,0.20455724347631493,1.0,1.0
0.02,483,0.3,2.05,0.24618613736145387,1.0,1.0,0.24618613736145387,1.0,1.0
0.02,483,0.3,2.1,0.2538332808337066,1.0,1.0,0.2538332808337066,1.0,1.0
0.02,483,0.3,2.15,0.3403689589135625,0.7500000000000006,1.0,0.2552767191851721,0.7500000000000007,1.3333333333333324
0.02,483,0.3,2.2,0.5684605576203712,0.4999999999999989,1.0,0.284230278810185,0.49999999999999895,2.0000000000000044
0.02,483,0.3,2.25,1.186322338360375,0.25,1.0,0.29658058459009373,0.25,4.0
0.02,483,0.3,2.3,1.1044982050586543,0.25,1.0,0.27612455126466356,0.25,4.0
0.02,483,0.3,2.35,1.197857926269439,0.25,1.0,0.2994644815673598,0.25,4.0
0.02,483,0.3,2.4,1.1665920270231687,0.25,1.0,0.29164800675579217,0.25,4.0
0.02,483,0.3,2.45,1.119623837164252,0.25,1.0,0.279905959291063,0.25,4.0
0.02,483,0.3,2.5,1.0587569097251983,0.25,0.9889805000000003,0.2676384695464668,0.2527855705951735,3.955922000000001
0.02,483,0.3,2.55,1.0937094432994228,0.25,0.8155164500000005,0.33528123292283746,0.3065542086857964,3.262065800000002
0.02,483,0.3,2.6,1.058503729394044,0.25,0.6420524000000007,0.41215628560614476,0.3893763188175914,2.568209600000003
0.02,483,0.3,2.65,1.0379494614826719,0.25,0.468588350000001,0.5537640134900226,0.5335173185590284,1.874353400000004
0.02,483,0.3,2.7,1.0096841894651274,0.25,0.29512429999999945,0.8553041798533103,0.8471006962151217,1.1804971999999978
0.02,483,0.3,2.75,0.8206981245277305,0.25,0.25,0.8206981245277305,1.0,1.0
0.02,483,0.3,2.8,0.9194523239071927,0.25,0.25,0.9194523239071927,1.0,1.0
0.02,483,0.3,2.85,0.6329707734737726,0.25,0.25,0.6329707734737726,1.0,1.0
0.02,483,0.3,2.9,0.656563347558566,0.25,0.25,0.656563347558566,1.0,1.0
0.02,483,0.3,2.95,0.5628565797246671,0.25,0.25,0.5628565797246671,1.0,1.0
0.02,483,0.3,3.0,0.5436188868219923,0.25,0.25,0.5436188868219923,1.0,1.0
0.02,483,0.3,3.1,0.8027771290677164,0.1666666666666667,0.25,0.5351847527118111,0.6666666666666669,1.4999999999999996
0.02,483,0.3,3.2,0.6084090428762853,0.1944444444444445,0.25,0.473207033348222,0.777777777777778,1.2857142857142854
0.02,483,0.3,3.3,0.514633244668946,0.22222222222222218,0.25,0.45745177303906304,0.8888888888888887,1.1250000000000002
0.02,483,0.3,3.4,0.4083594976289157,0.25,0.25,0.4083594976289157,1.0,1.0
0.02,483,0.3,3.45,0.3898689595422709,0.25,0.25,0.3898689595422709,1.0,1.0
0.02,483,0.3,3.5,0.28385577247401367,0.25,0.25,0.28385577247401367,1.0,1.0
0.02,483,0.3,3.55,0.373887734028263,0.25,0.25,0.373887734028263,1.0,1.0
0.02,483,0.3,3.6,0.2835282214433174,0.25,0.25,0.2835282214433174,1.0,1.0
0.02,483,0.3,3.65,0.3270176686957616,0.25,0.25,0.3270176686957616,1.0,1.0
0.02,483,0.3,3.7,0.31459181187431445,0.25,0.25,0.31459181187431445,1.0,1.0
0.02,483,0.3,3.75,0.2758886364835739,0.25,0.25,0.2758886364835739,1.0,1.0
0.02,483,0.3,3.8,0.3021131487662975,0.25,0.25,0.3021131487662975,1.0,1.0
0.02,483,0.3,3.85,0.30800439201393565,0.25,0.25,0.30800439201393565,1.0,1.0
0.02,483,0.3,3.9,0.2984655099194074,0.25,0.25,0.2984655099194074,1.0,1.0
0.02,483,0.3,4.0,0.2773091445739969,0.25,0.25,0.2773091445739969,1.0,1.0
0.02,483,0.3,4.1,0.3080095423115432,0.25,0.25,0.3080095423115432,1.0,1.0
0.02,483,0.3,4.2,0.3034418581536414,0.25,0.24556180000000039,0.3089261625318361,1.0180736580363867,0.9822472000000015
0.02,580,0.25,1.5,0.1881204757076064,0.5555555555555556,0.5424700000000002,0.19265835049516955,1.0241221736788308,0.9764460000000004
0.02,580,0.25,1.6,0.15326459115583427,0.777777777777778,0.7594578000000007,0.15696170757770128,1.0241224433770741,0.9764457428571435
0.02,580,0.25,1.7,0.13433021760770406,1.0,0.9764456000000004,0.13757061080279742,1.0241225932094933,0.9764456000000004
0.02,580,0.25,1.75,0.1404684535663153,1.0,1.0,0.1404684535663153,1.0,1.0
0.02,580,0.25,1.8,0.15577712803988325,1.0,1.0,0.15577712803988325,1.0,1.0
0.02,580,0.25,1.85,0.17904474136613807,1.0,1.0,0.17904474136613807,1.0,1.0
0.02,580,0.25,1.9,0.19010484301763692,1.0,1.0,0.19010484301763692,1.0,1.0
0.02,580,0.25,1.95,0.233826438044297,1.0,1.0,0.233826438044297,1.0,1.0
0.02,580,0.25,2.0,0.2387532240701874,1.0,1.0,0.2387532240701874,1.0,1.0
0.02,580,0.25,2.05,0.26036585124069056,1.0,1.0,0.26036585124069056,1.0,1.0
0.02,580,0.25,2.1,0.2861749252733657,1.0,1.0,0.2861749252733657,1.0,1.0
0.02,580,0.25,2.15,0.39876606318592783,0.7500000000000006,1.0,0.2990745473894461,0.7500000000000006,1.3333333333333324
0.02,580,0.25,2.2,0.5904240873516512,0.4999999999999989,1.0,0.29521204367582493,0.4999999999999989,2.0000000000000044
0.02,580,0.25,2.25,1.217198447209097,0.25,1.0,0.3042996118022743,0.25,4.0
0.02,580,0.25,2.3,1.2262362844509895,0.25,1.0,0.3065590711127474,0.25,4.0
0.02,580,0.25,2.35,1.2953605666099721,0.25,1.0,0.32384014165249303,0.25,4.0
0.02,580,0.25,2.4,1.3071266437937332,0.25,1.0,0.3267816609484333,0.25,4.0
0.02,580,0.25,2.45,1.1283272170967555,0.25,1.0,0.2820818042741889,0.25,4.0
0.02,580,0.25,2.5,1.1356299360907596,0.25,0.9889805000000003,0.28707086137966303,0.2527855705951735,3.955922000000001
0.02,580,0.25,2.55,1.0182658602374812,0.25,0.8155164500000005,0.3121536850168628,0.3065542086857964,3.262065800000002
0.02,580,0.25,2.6,0.9081400398402314,0.25,0.6420524000000007,0.3536082256838501,0.3893763188175914,2.568209600000003
0.02,580,0.25,2.65,0.9718037831872548,0.25,0.468588350000001,0.5184741485715836,0.5335173185590284,1.874353400000004
0.02,580,0.25,2.7,0.9115145006144868,0.25,0.29512429999999945,0.7721445680807109,0.8471006962151219,1.1804971999999978
0.02,580,0.25,2.75,0.9055080457805521,0.25,0.25,0.9055080457805521,1.0,1.0
0.02,580,0.25,2.8,0.8246904509720675,0.25,0.25,0.8246904509720675,1.0,1.0
0.02,580,0.25,2.85,0.8139980330755486,0.25,0.25,0.8139980330755486,1.0,1.0
0.02,580,0.25,2.9,0.5938130576628958,0.25,0.25,0.5938130576628958,1.0,1.0
0.02,580,0.25,2.95,0.6479775779974274,0.25,0.25,0.6479775779974274,1.0,1.0
0.02,580,0.25,3.0,0.5565906341415404,0.25,0.25,0.5565906341415404,1.0,1.0
0.02,580,0.25,3.1,0.7887814144029186,0.1666666666666667,0.25,0.5258542762686126,0.6666666666666669,1.4999999999999996
0.02,580,0.25,3.2,0.49838962216327176,0.1944444444444445,0.25,0.3876363727936559,0.777777777777778,1.2857142857142854
0.02,580,0.25,3.3,0.39078493834570294,0.22222222222222218,0.25,0.34736438964062477,0.8888888888888887,1.1250000000000002
0.02,580,0.25,3.4,0.3464266880528704,0.25,0.25,0.3464266880528704,1.0,1.0
0.02,580,0.25,3.45,0.3489560823530582,0.25,0.25,0.3489560823530582,1.0,1.0
0.02,580,0.25,3.5,0.41783011917661667,0.25,0.25,0.41783011917661667,1.0,1.0
0.02,580,0.25,3.55,0.3169822514669207,0.25,0.25,0.3169822514669207,1.0,1.0
0.02,580,0.25,3.6,0.3023567721672966,0.25,0.25,0.3023567721672966,1.0,1.0
0.02,580,0.25,3.65,0.2754929773622746,0.25,0.25,0.2754929773622746,1.0,1.0
0.02,580,0.25,3.7,0.312320950974202,0.25,0.25,0.312320950974202,1.0,1.0
0.02,580,0.25,3.75,0.2964654083186553,0.25,0.25,0.2964654083186553,1.0,1.0
0.02,580,0.25,3.8,0.2943092085416868,0.25,0.25,0.2943092085416868,1.0,1.0
0.02,580,0.25,3.85,0.27557009294689394,0.25,0.25,0.27557009294689394,1.0,1.0
0.02,580,0.25,3.9,0.2606891698125616,0.25,0.25,0.2606891698125616,1.0,1.0
0.02,580,0.25,4.0,0.2924370904624867,0.25,0.25,0.2924370904624867,1.0,1.0
0.02,580,0.25,4.1,0.270705043375619,0.25,0.25,0.270705043375619,1.0,1.0
0.02,580,0.25,4.2,0.24035190680108984,0.25,0.24556180000000039,0.24469594497300626,1.018073658036387,0.9822472000000015
0.02,725,0.2,1.5,0.1774147503821339,0.5555555555555556,0.5424700000000002,0.18169437980403816,1.0241221736788308,0.9764460000000004
0.02,725,0.2,1.6,0.14810769229731957,0.777777777777778,0.7594578000000007,0.15168041171847077,1.0241224433770741,0.9764457428571435
0.02,725,0.2,1.7,0.14426507683291126,1.0,0.9764456000000004,0.14774512459568787,1.0241225932094933,0.9764456000000004
0.02,725,0.2,1.75,0.15165750861395688,1.0,1.0,0.15165750861395688,1.0,1.0
0.02,725,0.2,1.8,0.1698942830555989,1.0,1.0,0.1698942830555989,1.0,1.0
0.02,725,0.2,1.85,0.20651945184396386,1.0,1.0,0.20651945184396386,1.0,1.0
0.02,725,0.2,1.9,0.24249612611015567,1.0,1.0,0.24249612611015567,1.0,1.0
0.02,725,0.2,1.95,0.2821556981401818,1.0,1.0,0.2821556981401818,1.0,1.0
0.02,725,0.2,2.0,0.28015592926344,1.0,1.0,0.28015592926344,1.0,1.0
0.02,725,0.2,2.05,0.3178358030659649,1.0,1.0,0.3178358030659649,1.0,1.0
0.02,725,0.2,2.1,0.3218411495443322,1.0,1.0,0.3218411495443322,1.0,1.0
0.02,725,0.2,2.15,0.4556549359713414,0.7500000000000006,1.0,0.34174120197850627,0.7500000000000006,1.3333333333333324
0.02,725,0.2,2.2,0.7375680375934829,0.4999999999999989,1.0,0.3687840187967406,0.4999999999999989,2.0000000000000044
0.02,725,0.2,2.25,1.5590089559774658,0.25,1.0,0.38975223899436645,0.25,4.0
0.02,725,0.2,2.3,1.2990324776194708,0.25,1.0,0.3247581194048677,0.25,4.0
0.02,725,0.2,2.35,1.3712831458175156,0.25,1.0,0.3428207864543789,0.25,4.0
0.02,725,0.2,2.4,1.267582302282109,0.25,1.0,0.3168955755705273,0.25,4.0
0.02,725,0.2,2.45,1.3221073926244014,0.25,1.0,0.33052684815610034,0.25,4.0
0.02,725,0.2,2.5,1.1811971129544876,0.25,0.9889805000000003,0.2985895861835717,0.2527855705951734,3.955922000000001
0.02,725,0.2,2.55,1.1152750875794208,0.25,0.8155164500000005,0.34189227193989163,0.3065542086857964,3.262065800000002
0.02,725,0.2,2.6,0.9047613654011148,0.25,0.6420524000000007,0.3522926498682638,0.3893763188175914,2.568209600000003
0.02,725,0.2,2.65,0.8188684414684668,0.25,0.468588350000001,0.4368804951448671,0.5335173185590284,1.874353400000004
0.02,725,0.2,2.7,0.7605039740003129,0.25,0.29512429999999945,0.6442234458500319,0.8471006962151217,1.1804971999999978
0.02,725,0.2,2.75,0.9299955237399659,0.25,0.25,0.9299955237399659,1.0,1.0
0.02,725,0.2,2.8,0.6328125447071137,0.25,0.25,0.6328125447071137,1.0,1.0
0.02,725,0.2,2.85,0.7368125167033129,0.25,0.25,0.7368125167033129,1.0,1.0
0.02,725,0.2,2.9,0.6442087352920598,0.25,0.25,0.6442087352920598,1.0,1.0
0.02,725,0.2,2.95,0.5695546739794222,0.25,0.25,0.5695546739794222,1.0,1.0
0.02,725,0.2,3.0,0.5737118942374465,0.25,0.25,0.5737118942374465,1.0,1.0
0.02,725,0.2,3.1,0.7288101444974021,0.1666666666666667,0.25,0.48587342966493485,0.6666666666666669,1.4999999999999996
0.02,725,0.2,3.2,0.5299197192658253,0.1944444444444445,0.25,0.41215978165119754,0.777777777777778,1.2857142857142854
0.02,725,0.2,3.3,0.4593993767336244,0.22222222222222218,0.25,0.4083550015409994,0.8888888888888887,1.1250000000000002
0.02,725,0.2,3.4,0.362711024147969,0.25,0.25,0.362711024147969,1.0,1.0
0.02,725,0.2,3.45,0.308450530225414,0.25,0.25,0.308450530225414,1.0,1.0
0.02,725,0.2,3.5,0.29531020536220487,0.25,0.25,0.29531020536220487,1.0,1.0
0.02,725,0.2,3.55,0.30849738500753293,0.25,0.25,0.30849738500753293,1.0,1.0
0.02,725,0.2,3.6,0.30066207984222443,0.25,0.25,0.30066207984222443,1.0,1.0
0.02,725,0.2,3.65,0.3019446036541994,0.25,0.25,0.3019446036541994,1.0,1.0
0.02,725,0.2,3.7,0.28902659608393433,0.25,0.25,0.28902659608393433,1.0,1.0
0.02,725,0.2,3.75,0.2842999729475902,0.25,0.25,0.2842999729475902,1.0,1.0
0.02,725,0.2,3.8,0.30170422249701984,0.25,0.25,0.30170422249701984,1.0,1.0
0.02,725,0.2,3.85,0.2894587359511025,0.25,0.25,0.2894587359511025,1.0,1.0
0.02,725,0.2,3.9,0.2901236488396576,0.25,0.25,0.2901236488396576,1.0,1.0
0.02,725,0.2,4.0,0.29284191297217704,0.25,0.25,0.29284191297217704,1.0,1.0
0.02,725,0.2,4.1,0.28396667922977065,0.25,0.25,0.28396667922977065,1.0,1.0
0.02,725,0.2,4.2,0.27278704026475703,0.25,0.24556180000000039,0.2777172999472603,1.0180736580363867,0.9822472000000015
0.02,967,0.15,1.5,0.20182849708100176,0.5555555555555556,0.5424700000000002,0.20669703914092707,1.0241221736788308,0.9764460000000004
0.02,967,0.15,1.6,0.1585000790113647,0.777777777777778,0.7594578000000007,0.1623234881925781,1.024122443377074,0.9764457428571435
0.02,967,0.15,1.7,0.16208712595852057,1.0,0.9764456000000004,0.16599708776251387,1.0241225932094933,0.9764456000000004
0.02,967,0.15,1.75,0.1923390758601078,1.0,1.0,0.1923390758601078,1.0,1.0
0.02,967,0.15,1.8,0.22338626820105095,1.0,1.0,0.22338626820105095,1.0,1.0
0.02,967,0.15,1.85,0.23807240185340078,1.0,1.0,0.23807240185340078,1.0,1.0
0.02,967,0.15,1.9,0.2614614782329608,1.0,1.0,0.2614614782329608,1.0,1.0
0.02,967,0.15,1.95,0.2951683387255826,1.0,1.0,0.2951683387255826,1.0,1.0
0.02,967,0.15,2.0,0.32996713249369564,1.0,1.0,0.32996713249369564,1.0,1.0
0.02,967,0.15,2.05,0.34152746040546245,1.0,1.0,0.34152746040546245,1.0,1.0
0.02,967,0.15,2.1,0.34918127362294915,1.0,1.0,0.34918127362294915,1.0,1.0
0.02,967,0.15,2.15,0.49894576829730236,0.7500000000000006,1.0,0.37420932622297703,0.7500000000000006,1.3333333333333324
0.02,967,0.15,2.2,0.7969058317394423,0.4999999999999989,1.0,0.39845291586972026,0.4999999999999989,2.0000000000000044
0.02,967,0.15,2.25,1.5230859312593958,0.25,1.0,0.38077148281484896,0.25,4.0
0.02,967,0.15,2.3,1.4383059796749507,0.25,1.0,0.35957649491873767,0.25,4.0
0.02,967,0.15,2.35,1.4565903537103353,0.25,1.0,0.3641475884275838,0.25,4.0
0.02,967,0.15,2.4,1.469716528743188,0.25,1.0,0.367429132185797,0.25,4.0
0.02,967,0.15,2.45,1.283807910760751,0.25,1.0,0.32095197769018774,0.25,4.0
0.02,967,0.15,2.5,1.1793164234972304,0.25,0.9889805000000003,0.2981141750260066,0.2527855705951735,3.955922000000001
0.02,967,0.15,2.55,1.089842557989603,0.25,0.8155164500000005,0.3340958229566069,0.3065542086857964,3.262065800000002
0.02,967,0.15,2.6,0.8934988660586624,0.25,0.6420524000000007,0.3479072993336141,0.3893763188175914,2.568209600000003
0.02,967,0.15,2.65,0.7932422116741968,0.25,0.468588350000001,0.4232084577402507,0.5335173185590284,1.874353400000004
0.02,967,0.15,2.7,0.8010224078304188,0.25,0.29512429999999945,0.6785466393570609,0.8471006962151217,1.1804971999999978
0.02,967,0.15,2.75,0.7119928818515864,0.25,0.25,0.7119928818515864,1.0,1.0
0.02,967,0.15,2.8,0.6729412622969674,0.25,0.25,0.6729412622969674,1.0,1.0
0.02,967,0.15,2.85,0.6949633883001741,0.25,0.25,0.6949633883001741,1.0,1.0
0.02,967,0.15,2.9,0.44443067915783,0.25,0.25,0.44443067915783,1.0,1.0
0.02,967,0.15,2.95,0.4782614196004671,0.25,0.25,0.4782614196004671,1.0,1.0
0.02,967,0.15,3.0,0.44315271620422875,0.25,0.25,0.44315271620422875,1.0,1.0
0.02,967,0.15,3.1,0.6247322347860828,0.1666666666666667,0.25,0.4164881565240553,0.6666666666666669,1.4999999999999996
0.02,967,0.15,3.2,0.43688452291349955,0.1944444444444445,0.25,0.3397990733771664,0.777777777777778,1.2857142857142854
0.02,967,0.15,3.3,0.3503811757844199,0.22222222222222218,0.25,0.3114499340305954,0.8888888888888887,1.1250000000000002
0.02,967,0.15,3.4,0.30846593704267705,0.25,0.25,0.30846593704267705,1.0,1.0
0.02,967,0.15,3.45,0.27945917710437035,0.25,0.25,0.27945917710437035,1.0,1.0
0.02,967,0.15,3.5,0.30733910926042557,0.25,0.25,0.30733910926042557,1.0,1.0
0.02,967,0.15,3.55,0.3227292612646476,0.25,0.25,0.3227292612646476,1.0,1.0
0.02,967,0.15,3.6,0.27958894636934134,0.25,0.25,0.27958894636934134,1.0,1.0
0.02,967,0.15,3.65,0.28575814725557336,0.25,0.25,0.28575814725557336,1.0,1.0
0.02,967,0.15,3.7,0.29156941984076823,0.25,0.25,0.29156941984076823,1.0,1.0
0.02,967,0.15,3.75,0.316254220753962,0.25,0.25,0.316254220753962,1.0,1.0
0.02,967,0.15,3.8,0.2691703877643247,0.25,0.25,0.2691703877643247,1.0,1.0
0.02,967,0.15,3.85,0.29436624625752206,0.25,0.25,0.29436624625752206,1.0,1.0
0.02,967,0.15,3.9,0.28295712169966447,0.25,0.25,0.28295712169966447,1.0,1.0
0.02,967,0.15,4.0,0.30594605253108614,0.25,0.25,0.30594605253108614,1.0,1.0
0.02,967,0.15,4.1,0.2893396094630295,0.25,0.25,0.2893396094630295,1.0,1.0
0.02,967,0.15,4.2,0.2913817804645392,0.25,0.24556180000000039,0.29664811512268885,1.018073658036387,0.9822472000000015
0.02,1450,0.1,1.5,0.22460776381553585,0.5555555555555556,0.5424700000000002,0.23002579130390802,1.0241221736788308,0.9764460000000004
0.02,1450,0.1,1.6,0.18313020412956976,0.777777777777778,0.7594578000000007,0.18754775210931734,1.0241224433770741,0.9764457428571435
0.02,1450,0.1,1.7,0.17680102343803655,1.0,0.9764456000000004,0.1810659226054544,1.0241225932094933,0.9764456000000004
0.02,1450,0.1,1.75,0.2044285337792655,1.0,1.0,0.2044285337792655,1.0,1.0
0.02,1450,0.1,1.8,0.23574336905999663,1.0,1.0,0.23574336905999663,1.0,1.0
0.02,1450,0.1,1.85,0.2887166703600405,1.0,1.0,0.2887166703600405,1.0,1.0
0.02,1450,0.1,1.9,0.3230830033892493,1.0,1.0,0.3230830033892493,1.0,1.0
0.02,1450,0.1,1.95,0.34853863572214144,1.0,1.0,0.34853863572214144,1.0,1.0
0.02,1450,0.1,2.0,0.3676586259883677,1.0,1.0,0.3676586259883677,1.0,1.0
0.02,1450,0.1,2.05,0.4316503733635386,1.0,1.0,0.4316503733635386,1.0,1.0
0.02,1450,0.1,2.1,0.43711646402278653,1.0,1.0,0.43711646402278653,1.0,1.0
0.02,1450,0.1,2.15,0.5651747156233058,0.7500000000000006,1.0,0.4238810367174797,0.7500000000000006,1.3333333333333324
0.02,1450,0.1,2.2,0.8100827213519342,0.4999999999999989,1.0,0.4050413606759662,0.4999999999999989,2.0000000000000044
0.02,1450,0.1,2.25,1.5517125907093168,0.25,1.0,0.3879281476773292,0.25,4.0
0.02,1450,0.1,2.3,1.5102785563581202,0.25,1.0,0.37756963908953006,0.25,4.0
0.02,1450,0.1,2.35,1.5256900811086187,0.25,1.0,0.3814225202771547,0.25,4.0
0.02,1450,0.1,2.4,1.5174824624552723,0.25,1.0,0.3793706156138181,0.25,4.0
0.02,1450,0.1,2.45,1.2380036532693053,0.25,1.0,0.3095009133173263,0.25,4.0
0.02,1450,0.1,2.5,1.0908922324275225,0.25,0.9889805000000003,0.2757618154320339,0.2527855705951735,3.955922000000001
0.02,1450,0.1,2.55,1.057481861582225,0.25,0.8155164500000005,0.32417551527692184,0.30655420868579636,3.262065800000002
0.02,1450,0.1,2.6,0.9355988901411528,0.25,0.6420524000000007,0.3643000517329862,0.3893763188175914,2.568209600000003
0.02,1450,0.1,2.65,0.8105614280389392,0.25,0.468588350000001,0.4324485596147116,0.5335173185590283,1.874353400000004
0.02,1450,0.1,2.7,0.5963620446544962,0.25,0.29512429999999945,0.5051787032230972,0.8471006962151217,1.1804971999999978
0.02,1450,0.1,2.75,0.6186703026058064,0.25,0.25,0.6186703026058064,1.0,1.0
0.02,1450,0.1,2.8,0.5752459814358312,0.25,0.25,0.5752459814358312,1.0,1.0
0.02,1450,0.1,2.85,0.4726819757138613,0.25,0.25,0.4726819757138613,1.0,1.0
0.02,1450,0.1,2.9,0.5025255903447328,0.25,0.25,0.5025255903447328,1.0,1.0
0.02,1450,0.1,2.95,0.48210719949731035,0.25,0.25,0.48210719949731035,1.0,1.0
0.02,1450,0.1,3.0,0.32556028774558765,0.25,0.25,0.32556028774558765,1.0,1.0
0.02,1450,0.1,3.1,0.5165026186648314,0.1666666666666667,0.25,0.3443350791098877,0.6666666666666669,1.4999999999999996
0.02,1450,0.1,3.2,0.47467210056265036,0.1944444444444445,0.25,0.36918941154872814,0.777777777777778,1.2857142857142854
0.02,1450,0.1,3.3,0.3709014128280978,0.22222222222222218,0.25,0.3296901447360869,0.8888888888888887,1.1250000000000002
0.02,1450,0.1,3.4,0.29469470514354323,0.25,0.25,0.29469470514354323,1.0,1.0
0.02,1450,0.1,3.45,0.29480580562596026,0.25,0.25,0.29480580562596026,1.0,1.0
0.02,1450,0.1,3.5,0.28944835576426686,0.25,0.25,0.28944835576426686,1.0,1.0
0.02,1450,0.1,3.55,0.3099414719488375,0.25,0.25,0.3099414719488375,1.0,1.0
0.02,1450,0.1,3.6,0.29579754234559025,0.25,0.25,0.29579754234559025,1.0,1.0
0.02,1450,0.1,3.65,0.27897482794339495,0.25,0.25,0.27897482794339495,1.0,1.0
0.02,1450,0.1,3.7,0.31273905778314054,0.25,0.25,0.31273905778314054,1.0,1.0
0.02,1450,0.1,3.75,0.31051462201193913,0.25,0.25,0.31051462201193913,1.0,1.0
0.02,1450,0.1,3.8,0.32347069134989903,0.25,0.25,0.32347069134989903,1.0,1.0
0.02,1450,0.1,3.85,0.3455842905858215,0.25,0.25,0.3455842905858215,1.0,1.0
0.02,1450,0.1,3.9,0.32968994651446054,0.25,0.25,0.32968994651446054,1.0,1.0
0.02,1450,0.1,4.0,0.3283077634728332,0.25,0.25,0.3283077634728332,1.0,1.0
0.02,1450,0.1,4.1,0.3280274396159858,0.25,0.25,0.3280274396159858,1.0,1.0
0.02,1450,0.1,4.2,0.3471341549806705,0.25,0.24556180000000039,0.35340813899054124,1.0180736580363867,0.9822472000000015
0.02,2900,0.05,1.5,0.28390854288004885,0.5555555555555556,0.5424700000000002,0.2907570340603052,1.0241221736788308,0.9764460000000004
0.02,2900,0.05,1.6,0.23008334587800192,0.777777777777778,0.7594578000000007,0.23563351836095178,1.0241224433770741,0.9764457428571435
0.02,2900,0.05,1.7,0.22048944211785587,1.0,0.9764456000000004,0.22580821923705302,1.0241225932094933,0.9764456000000004
0.02,2900,0.05,1.75,0.27900204591923566,1.0,1.0,0.27900204591923566,1.0,1.0
0.02,2900,0.05,1.8,0.3022536721228122,1.0,1.0,0.3022536721228122,1.0,1.0
0.02,2900,0.05,1.85,0.36029847611056837,1.0,1.0,0.36029847611056837,1.0,1.0
0.02,2900,0.05,1.9,0.36594407893947506,1.0,1.0,0.36594407893947506,1.0,1.0
0.02,2900,0.05,1.95,0.4543192364619625,1.0,1.0,0.4543192364619625,1.0,1.0
0.02,2900,0.05,2.0,0.49850980421343816,1.0,1.0,0.49850980421343816,1.0,1.0
0.02,2900,0.05,2.05,0.4631208211314229,1.0,1.0,0.4631208211314229,1.0,1.0
0.02,2900,0.05,2.1,0.5952269445003737,1.0,1.0,0.5952269445003737,1.0,1.0
0.02,2900,0.05,2.15,0.6426680100956073,0.7500000000000006,1.0,0.4820010075717058,0.7500000000000006,1.3333333333333324
0.02,2900,0.05,2.2,1.0890179028897142,0.4999999999999989,1.0,0.5445089514448559,0.4999999999999989,2.0000000000000044
0.02,2900,0.05,2.25,1.920079654505611,0.25,1.0,0.48001991362640273,0.25,4.0
0.02,2900,0.05,2.3,1.6411735008429076,0.25,1.0,0.4102933752107269,0.25,4.0
0.02,2900,0.05,2.35,1.4238178064855995,0.25,1.0,0.3559544516213999,0.25,4.0
0.02,2900,0.05,2.4,1.3263222396816317,0.25,1.0,0.3315805599204079,0.25,4.0
0.02,2900,0.05,2.45,1.1768867241257925,0.25,1.0,0.29422168103144813,0.25,4.0
0.02,2900,0.05,2.5,1.0380178834493878,0.25,0.9889805000000003,0.26239594295574775,0.2527855705951734,3.955922000000001
0.02,2900,0.05,2.55,0.8121521168910805,0.25,0.8155164500000005,0.2489686495260396,0.3065542086857964,3.262065800000002
0.02,2900,0.05,2.6,0.7316366271751533,0.25,0.6420524000000007,0.28488197660157977,0.38937631881759144,2.568209600000003
0.02,2900,0.05,2.65,0.7733363802073112,0.25,0.468588350000001,0.41258835191234994,0.5335173185590284,1.874353400000004
0.02,2900,0.05,2.7,0.5583983273881131,0.25,0.29512429999999945,0.47301961189583014,0.8471006962151217,1.1804971999999978
0.02,2900,0.05,2.75,0.5369231826343475,0.25,0.25,0.5369231826343475,1.0,1.0
0.02,2900,0.05,2.8,0.5091555846199348,0.25,0.25,0.5091555846199348,1.0,1.0
0.02,2900,0.05,2.85,0.4792239742925786,0.25,0.25,0.4792239742925786,1.0,1.0
0.02,2900,0.05,2.9,0.4934489862768401,0.25,0.25,0.4934489862768401,1.0,1.0
0.02,2900,0.05,2.95,0.32139713923520663,0.25,0.25,0.32139713923520663,1.0,1.0
0.02,2900,0.05,3.0,0.3463034337878555,0.25,0.25,0.3463034337878555,1.0,1.0
0.02,2900,0.05,3.1,0.521275416921541,0.1666666666666667,0.25,0.3475169446143608,0.6666666666666669,1.4999999999999996
0.02,2900,0.05,3.2,0.44400954646070556,0.1944444444444445,0.25,0.34534075835832667,0.777777777777778,1.2857142857142854
0.02,2900,0.05,3.3,0.3953848096182622,0.22222222222222218,0.25,0.3514531641051219,0.8888888888888887,1.1250000000000002
0.02,2900,0.05,3.4,0.30253513693985906,0.25,0.25,0.30253513693985906,1.0,1.0
0.02,2900,0.05,3.45,0.29569158796154554,0.25,0.25,0.29569158796154554,1.0,1.0
0.02,2900,0.05,3.5,0.3348591445477434,0.25,0.25,0.3348591445477434,1.0,1.0
0.02,2900,0.05,3.55,0.3162524495633411,0.25,0.25,0.3162524495633411,1.0,1.0
0.02,2900,0.05,3.6,0.37342451107550106,0.25,0.25,0.37342451107550106,1.0,1.0
0.02,2900,0.05,3.65,0.3355196450464535,0.25,0.25,0.3355196450464535,1.0,1.0
0.02,2900,0.05,3.7,0.3705987682638546,0.25,0.25,0.3705987682638546,1.0,1.0
0.02,2900,0.05,3.75,0.3563769585942852,0.25,0.25,0.3563769585942852,1.0,1.0
0.02,2900,0.05,3.8,0.34883620159021733,0.25,0.25,0.34883620159021733,1.0,1.0
0.02,2900,0.05,3.85,0.37386700350359314,0.25,0.25,0.37386700350359314,1.0,1.0
0.02,2900,0.05,3.9,0.42750176161777326,0.25,0.25,0.42750176161777326,1.0,1.0
0.02,2900,0.05,4.0,0.3918852941125746,0.25,0.25,0.3918852941125746,1.0,1.0
0.02,2900,0.05,4.1,0.3875406065961929,0.25,0.25,0.3875406065961929,1.0,1.0
0.02,2900,0.05,4.2,0.35840449213332654,0.25,0.24556180000000039,0.36488217236284914,1.0180736580363867,0.9822472000000015
0.025,580,0.25,1.5,0.22047998816558897,0.5555555555555556,0.5424700000000002,0.22579844473282587,1.0241221736788308,0.9764460000000004
0.025,580,0.25,1.6,0.1815949443192646,0.777777777777778,0.7594578000000007,0.185975458081169,1.0241224433770741,0.9764457428571435
0.025,580,0.25,1.7,0.15978222576905993,1.0,0.9764456000000004,0.16363658740339437,1.0241225932094933,0.9764456000000004
0.025,580,0.25,1.75,0.17091823238524456,1.0,1.0,0.17091823238524456,1.0,1.0
0.025,580,0.25,1.8,0.18863125299991063,1.0,1.0,0.18863125299991063,1.0,1.0
0.025,580,0.25,1.85,0.21831304717539393,1.0,1.0,0.21831304717539393,1.0,1.0
0.025,580,0.25,1.9,0.24539618851112543,1.0,1.0,0.24539618851112543,1.0,1.0
0.025,580,0.25,1.95,0.26017203804475564,1.0,1.0,0.26017203804475564,1.0,1.0
0.025,580,0.25,2.0,0.2961856934779399,1.0,1.0,0.2961856934779399,1.0,1.0
0.025,580,0.25,2.05,0.3031215098556386,1.0,1.0,0.3031215098556386,1.0,1.0
0.025,580,0.25,2.1,0.3349009301771806,1.0,1.0,0.3349009301771806,1.0,1.0
0.025,580,0.25,2.15,0.4746567305471417,0.7500000000000006,1.0,0.3559925479103565,0.7500000000000004,1.3333333333333324
0.025,580,0.25,2.2,0.7203560952969131,0.4999999999999989,1.0,0.3601780476484558,0.49999999999999895,2.0000000000000044
0.025,580,0.25,2.25,1.510772368930622,0.25,1.0,0.3776930922326555,0.25,4.0
0.025,580,0.25,2.3,1.5684528006226182,0.25,1.0,0.39211320015565454,0.25,4.0
0.025,580,0.25,2.35,1.5196932675738786,0.25,1.0,0.37992331689346964,0.25,4.0
0.025,580,0.25,2.4,1.4077605459676317,0.25,1.0,0.3519401364919079,0.25,4.0
0.025,580,0.25,2.45,1.4692366141269644,0.25,1.0,0.3673091535317411,0.25,4.0
0.025,580,0.25,2.5,1.4014660154059537,0.25,0.9889805000000003,0.35427038637413816,0.2527855705951734,3.955922000000001
0.025,580,0.25,2.55,1.2382449945385656,0.25,0.8155164500000005,0.3795892144599183,0.3065542086857964,3.262065800000002
0.025,580,0.25,2.6,1.2543672446360143,0.25,0.6420524000000007,0.4884209001617364,0.3893763188175914,2.568209600000003
0.025,580,0.25,2.65,1.193016091127025,0.25,0.468588350000001,0.6364947459358637,0.5335173185590284,1.874353400000004
0.025,580,0.25,2.7,1.0944816703382376,0.25,0.29512429999999945,0.9271361849382105,0.8471006962151217,1.1804971999999978
0.025,580,0.25,2.75,0.998173067413866,0.25,0.25,0.998173067413866,1.0,1.0
0.025,580,0.25,2.8,0.9523494373134297,0.25,0.25,0.9523494373134297,1.0,1.0
0.025,580,0.25,2.85,0.9103066197990541,0.25,0.25,0.9103066197990541,1.0,1.0
0.025,580,0.25,2.9,0.8482696995735548,0.25,0.25,0.8482696995735548,1.0,1.0
0.025,580,0.25,2.95,0.774875596607579,0.25,0.25,0.774875596607579,1.0,1.0
0.025,580,0.25,3.0,0.6445524638161083,0.25,0.25,0.6445524638161083,1.0,1.0
0.025,580,0.25,3.1,0.9484167012279471,0.1666666666666667,0.25,0.6322778008186316,0.6666666666666669,1.4999999999999996
0.025,580,0.25,3.2,0.6512703344487477,0.1944444444444445,0.25,0.5065435934601372,0.7777777777777779,1.2857142857142854
0.025,580,0.25,3.3,0.5764486907026868,0.22222222222222218,0.25,0.5123988361801659,0.8888888888888887,1.1250000000000002
0.025,580,0.25,3.4,0.4193860500053749,0.25,0.25,0.4193860500053749,1.0,1.0
0.025,580,0.25,3.45,0.38078221984785693,0.25,0.25,0.38078221984785693,1.0,1.0
0.025,580,0.25,3.5,0.4186424676427701,0.25,0.25,0.4186424676427701,1.0,1.0
0.025,580,0.25,3.55,0.3709571053259702,0.25,0.25,0.3709571053259702,1.0,1.0
0.025,580,0.25,3.6,0.37149798035280573,0.25,0.25,0.37149798035280573,1.0,1.0
0.025,580,0.25,3.65,0.37682088427924343,0.25,0.25,0.37682088427924343,1.0,1.0
0.025,580,0.25,3.7,0.3548227876973159,0.25,0.25,0.3548227876973159,1.0,1.0
0.025,580,0.25,3.75,0.3576030731904298,0.25,0.25,0.3576030731904298,1.0,1.0
0.025,580,0.25,3.8,0.34610264011302816,0.25,0.25,0.34610264011302816,1.0,1.0
0.025,580,0.25,3.85,0.33790039177126785,0.25,0.25,0.33790039177126785,1.0,1.0
0.025,580,0.25,3.9,0.35352660244866774,0.25,0.25,0.35352660244866774,1.0,1.0
0.025,580,0.25,4.0,0.3389015857317487,0.25,0.25,0.3389015857317487,1.0,1.0
0.025,580,0.25,4.1,0.331674303811082,0.25,0.25,0.331674303811082,1.0,1.0
0.025,580,0.25,4.2,0.33077129506950603,0.25,0.24556180000000039,0.33674954234484505,1.0180736580363867,0.9822472000000015
0.025,725,0.2,1.5,0.23893260935015023,0.5555555555555556,0.5424700000000002,0.24469618325043077,1.0241221736788306,0.9764460000000004
0.025,725,0.2,1.6,0.19069183117463098,0.777777777777778,0.7594578000000007,0.1952917840746116,1.0241224433770741,0.9764457428571435
0.025,725,0.2,1.7,0.1739809481238254,1.0,0.9764456000000004,0.1781778197616184,1.0241225932094933,0.9764456000000004
0.025,725,0.2,1.75,0.1911123272967971,1.0,1.0,0.1911123272967971,1.0,1.0
0.025,725,0.2,1.8,0.22405184045981813,1.0,1.0,0.22405184045981813,1.0,1.0
0.025,725,0.2,1.85,0.24720606177596402,1.0,1.0,0.24720606177596402,1.0,1.0
0.025,725,0.2,1.9,0.27127163222344636,1.0,1.0,0.27127163222344636,1.0,1.0
0.025,725,0.2,1.95,0.29591268540235055,1.0,1.0,0.29591268540235055,1.0,1.0
0.025,725,0.2,2.0,0.3325152046917491,1.0,1.0,0.3325152046917491,1.0,1.0
0.025,725,0.2,2.05,0.35953667289705615,1.0,1.0,0.35953667289705615,1.0,1.0
0.025,725,0.2,2.1,0.37581013587105777,1.0,1.0,0.37581013587105777,1.0,1.0
0.025,725,0.2,2.15,0.519676574434154,0.7500000000000006,1.0,0.3897574308256158,0.7500000000000006,1.3333333333333324
0.025,725,0.2,2.2,0.8055562820045935,0.4999999999999989,1.0,0.40277814100229586,0.4999999999999989,2.0000000000000044
0.025,725,0.2,2.25,1.5534807276172609,0.25,1.0,0.3883701819043152,0.25,4.0
0.025,725,0.2,2.3,1.5483997569912613,0.25,1.0,0.38709993924781533,0.25,4.0
0.025,725,0.2,2.35,1.6027642509760769,0.25,1.0,0.4006910627440192,0.25,4.0
0.025,725,0.2,2.4,1.496524729249741,0.25,1.0,0.37413118231243525,0.25,4.0
0.025,725,0.2,2.45,1.4967244873069483,0.25,1.0,0.3741811218267371,0.25,4.0
0.025,725,0.2,2.5,1.3204403596573704,0.25,0.9889805000000003,0.3337882697528844,0.2527855705951734,3.955922000000001
0.025,725,0.2,2.55,1.3233941913250558,0.25,0.8155164500000005,0.4056920591010319,0.3065542086857964,3.262065800000002
0.025,725,0.2,2.6,1.2618749988262494,0.25,0.6420524000000007,0.49134424185091746,0.3893763188175914,2.568209600000003
0.025,725,0.2,2.65,1.1525807311277807,0.25,0.468588350000001,0.614921781094098,0.5335173185590284,1.874353400000004
0.025,725,0.2,2.7,0.978821526887417,0.25,0.29512429999999945,0.8291603968966794,0.8471006962151217,1.1804971999999978
0.025,725,0.2,2.75,0.983765205681714,0.25,0.25,0.983765205681714,1.0,1.0
0.025,725,0.2,2.8,0.8993711426004282,0.25,0.25,0.8993711426004282,1.0,1.0
0.025,725,0.2,2.85,0.8441042142368195,0.25,0.25,0.8441042142368195,1.0,1.0
0.025,725,0.2,2.9,0.7154999334688706,0.25,0.25,0.7154999334688706,1.0,1.0
0.025,725,0.2,2.95,0.7013829597623821,0.25,0.25,0.7013829597623821,1.0,1.0
0.025,725,0.2,3.0,0.6572837822387169,0.25,0.25,0.6572837822387169,1.0,1.0
0.025,725,0.2,3.1,0.8319062462988918,0.1666666666666667,0.25,0.5546041641992613,0.6666666666666669,1.4999999999999996
0.025,725,0.2,3.2,0.6501507983986611,0.1944444444444445,0.25,0.5056728431989588,0.777777777777778,1.2857142857142854
0.025,725,0.2,3.3,0.49482205272915575,0.22222222222222218,0.25,0.43984182464813837,0.8888888888888887,1.1250000000000002
0.025,725,0.2,3.4,0.4170860089209339,0.25,0.25,0.4170860089209339,1.0,1.0
0.025,725,0.2,3.45,0.3989775308274434,0.25,0.25,0.3989775308274434,1.0,1.0
0.025,725,0.2,3.5,0.38498094630916857,0.25,0.25,0.38498094630916857,1.0,1.0
0.025,725,0.2,3.55,0.3760599112971523,0.25,0.25,0.3760599112971523,1.0,1.0
0.025,725,0.2,3.6,0.3667964914933007,0.25,0.25,0.3667964914933007,1.0,1.0
0.025,725,0.2,3.65,0.3664388400775772,0.25,0.25,0.3664388400775772,1.0,1.0
0.025,725,0.2,3.7,0.345790711578625,0.25,0.25,0.345790711578625,1.0,1.0
0.025,725,0.2,3.75,0.3717268483422995,0.25,0.25,0.3717268483422995,1.0,1.0
0.025,725,0.2,3.8,0.3583722735805686,0.25,0.25,0.3583722735805686,1.0,1.0
0.025,725,0.2,3.85,0.3431549770009545,0.25,0.25,0.3431549770009545,1.0,1.0
0.025,725,0.2,3.9,0.3483386214569933,0.25,0.25,0.3483386214569933,1.0,1.0
0.025,725,0.2,4.0,0.35512377229964526,0.25,0.25,0.35512377229964526,1.0,1.0
0.025,725,0.2,4.1,0.3474645861260591,0.25,0.25,0.3474645861260591,1.0,1.0
0.025,725,0.2,4.2,0.32121330108662993,0.25,0.24556180000000039,0.32701880044720866,1.018073658036387,0.9822472000000015
0.025,967,0.15,1.5,0.2608804016477795,0.5555555555555556,0.5424700000000002,0.26717340400573036,1.0241221736788308,0.9764460000000004
0.025,967,0.15,1.6,0.21514627366264188,0.777777777777778,0.7594578000000007,0.22033612746685743,1.024122443377074,0.9764457428571435
0.025,967,0.15,1.7,0.19440963940813344,1.0,0.9764456000000004,0.19909930405558013,1.0241225932094933,0.9764456000000004
0.025,967,0.15,1.75,0.2176120824172601,1.0,1.0,0.2176120824172601,1.0,1.0
0.025,967,0.15,1.8,0.2521088118785452,1.0,1.0,0.2521088118785452,1.0,1.0
0.025,967,0.15,1.85,0.265664204407472,1.0,1.0,0.265664204407472,1.0,1.0
0.025,967,0.15,1.9,0.31680177528430914,1.0,1.0,0.31680177528430914,1.0,1.0
0.025,967,0.15,1.95,0.3501823709011695,1.0,1.0,0.3501823709011695,1.0,1.0
0.025,967,0.15,2.0,0.39148874179372173,1.0,1.0,0.39148874179372173,1.0,1.0
0.025,967,0.15,2.05,0.40832887063619855,1.0,1.0,0.40832887063619855,1.0,1.0
0.025,967,0.15,2.1,0.4282654926299202,1.0,1.0,0.4282654926299202,1.0,1.0
0.025,967,0.15,2.15,0.5957051971005498,0.7500000000000006,1.0,0.4467788978254127,0.7500000000000006,1.3333333333333324
0.025,967,0.15,2.2,0.9187507948088309,0.4999999999999989,1.0,0.45937539740441447,0.4999999999999989,2.0000000000000044
0.025,967,0.15,2.25,1.8492914617553828,0.25,1.0,0.4623228654388457,0.25,4.0
0.025,967,0.15,2.3,1.713763591728351,0.25,1.0,0.4284408979320877,0.25,4.0
0.025,967,0.15,2.35,1.6724049414606597,0.25,1.0,0.4181012353651649,0.25,4.0
0.025,967,0.15,2.4,1.5858478478640723,0.25,1.0,0.3964619619660181,0.25,4.0
0.025,967,0.15,2.45,1.3628540178768762,0.25,1.0,0.34071350446921905,0.25,4.0
0.025,967,0.15,2.5,1.4307471119206117,0.25,0.9889805000000003,0.3616722250642483,0.2527855705951734,3.955922000000001
0.025,967,0.15,2.55,1.3042554364777563,0.25,0.8155164500000005,0.39982499325358656,0.30655420868579636,3.262065800000002
0.025,967,0.15,2.6,1.1704314137706266,0.25,0.6420524000000007,0.45573827532247574,0.3893763188175914,2.568209600000003
0.025,967,0.15,2.65,0.9529888391912775,0.25,0.468588350000001,0.5084360501020114,0.5335173185590283,1.874353400000004
0.025,967,0.15,2.7,0.9446552275136658,0.25,0.29512429999999945,0.8002181009100806,0.8471006962151219,1.1804971999999978
0.025,967,0.15,2.75,0.7799767729159022,0.25,0.25,0.7799767729159022,1.0,1.0
0.025,967,0.15,2.8,0.7958895630954628,0.25,0.25,0.7958895630954628,1.0,1.0
0.025,967,0.15,2.85,0.7304050107974758,0.25,0.25,0.7304050107974758,1.0,1.0
0.025,967,0.15,2.9,0.6714068599628541,0.25,0.25,0.6714068599628541,1.0,1.0
0.025,967,0.15,2.95,0.633506235192712,0.25,0.25,0.633506235192712,1.0,1.0
0.025,967,0.15,3.0,0.5757951623982008,0.25,0.25,0.5757951623982008,1.0,1.0
0.025,967,0.15,3.1,0.7660968204942109,0.1666666666666667,0.25,0.5107312136628074,0.6666666666666669,1.4999999999999996
0.025,967,0.15,3.2,0.533532539525991,0.1944444444444445,0.25,0.41496975296465977,0.777777777777778,1.2857142857142854
0.025,967,0.15,3.3,0.4275040704708214,0.22222222222222218,0.25,0.38000361819628564,0.8888888888888888,1.1250000000000002
0.025,967,0.15,3.4,0.396759131221729,0.25,0.25,0.396759131221729,1.0,1.0
0.025,967,0.15,3.45,0.3697279531543228,0.25,0.25,0.3697279531543228,1.0,1.0
0.025,967,0.15,3.5,0.3662067831518707,0.25,0.25,0.3662067831518707,1.0,1.0
0.025,967,0.15,3.55,0.3542349553348695,0.25,0.25,0.3542349553348695,1.0,1.0
0.025,967,0.15,3.6,0.3705750438080598,0.25,0.25,0.3705750438080598,1.0,1.0
0.025,967,0.15,3.65,0.38296974061611855,0.25,0.25,0.38296974061611855,1.0,1.0
0.025,967,0.15,3.7,0.3692786097562366,0.25,0.25,0.3692786097562366,1.0,1.0
0.025,967,0.15,3.75,0.34500889492759146,0.25,0.25,0.34500889492759146,1.0,1.0
0.025,967,0.15,3.8,0.3652372254738336,0.25,0.25,0.3652372254738336,1.0,1.0
0.025,967,0.15,3.85,0.35538040474891525,0.25,0.25,0.35538040474891525,1.0,1.0
0.025,967,0.15,3.9,0.3636738061867535,0.25,0.25,0.3636738061867535,1.0,1.0
0.025,967,0.15,4.0,0.3520988908964475,0.25,0.25,0.3520988908964475,1.0,1.0
0.025,967,0.15,4.1,0.35229357630859687,0.25,0.25,0.35229357630859687,1.0,1.0
0.025,967,0.15,4.2,0.35116369663939506,0.25,0.24556180000000039,0.35751050920724897,1.018073658036387,0.9822472000000015
0.025,1450,0.1,1.5,0.26128751813759976,0.5555555555555556,0.5424700000000002,0.2675903410302256,1.0241221736788308,0.9764460000000004
0.025,1450,0.1,1.6,0.22683154834719707,0.777777777777778,0.7594578000000007,0.2323032795283364,1.0241224433770741,0.9764457428571435
0.025,1450,0.1,1.7,0.23515129390886835,1.0,0.9764456000000004,0.240823752914518,1.0241225932094933,0.9764456000000004
0.025,1450,0.1,1.75,0.26404725634821774,1.0,1.0,0.26404725634821774,1.0,1.0
0.025,1450,0.1,1.8,0.30019519972547715,1.0,1.0,0.30019519972547715,1.0,1.0
0.025,1450,0.1,1.85,0.3357698622307841,1.0,1.0,0.3357698622307841,1.0,1.0
0.025,1450,0.1,1.9,0.3824534104047504,1.0,1.0,0.3824534104047504,1.0,1.0
0.025,1450,0.1,1.95,0.4152206431891108,1.0,1.0,0.4152206431891108,1.0,1.0
0.025,1450,0.1,2.0,0.4553608133726245,1.0,1.0,0.4553608133726245,1.0,1.0
0.025,1450,0.1,2.05,0.47893484265903397,1.0,1.0,0.47893484265903397,1.0,1.0
0.025,1450,0.1,2.1,0.5005828269175427,1.0,1.0,0.5005828269175427,1.0,1.0
0.025,1450,0.1,2.15,0.6954661000786786,0.7500000000000006,1.0,0.5215995750590093,0.7500000000000006,1.3333333333333324
0.025,1450,0.1,2.2,1.0514214143590768,0.4999999999999989,1.0,0.5257107071795372,0.49999999999999883,2.0000000000000044
0.025,1450,0.1,2.25,2.014174574907231,0.25,1.0,0.5035436437268077,0.25,4.0
0.025,1450,0.1,2.3,1.924382005881117,0.25,1.0,0.48109550147027924,0.25,4.0
0.025,1450,0.1,2.35,1.6989130896617877,0.25,1.0,0.4247282724154469,0.25,4.0
0.025,1450,0.1,2.4,1.7277574958433948,0.25,1.0,0.4319393739608487,0.25,4.0
0.025,1450,0.1,2.45,1.546677600748843,0.25,1.0,0.38666940018721074,0.25,4.0
0.025,1450,0.1,2.5,1.37971569581408,0.25,0.9889805000000003,0.348772219425479,0.2527855705951735,3.955922000000001
0.025,1450,0.1,2.55,1.2901052217477023,0.25,0.8155164500000005,0.39548718537428074,0.30655420868579636,3.262065800000002
0.025,1450,0.1,2.6,1.1767781456830466,0.25,0.6420524000000007,0.45820954243105594,0.3893763188175914,2.568209600000003
0.025,1450,0.1,2.65,0.9512256584926548,0.25,0.468588350000001,0.5074953626635472,0.5335173185590283,1.874353400000004
0.025,1450,0.1,2.7,0.9067829433882213,0.25,0.29512429999999945,0.7681364626601597,0.8471006962151219,1.1804971999999978
0.025,1450,0.1,2.75,0.7892169219491397,0.25,0.25,0.7892169219491397,1.0,1.0
0.025,1450,0.1,2.8,0.735760074795849,0.25,0.25,0.735760074795849,1.0,1.0
0.025,1450,0.1,2.85,0.6722570251703035,0.25,0.25,0.6722570251703035,1.0,1.0
0.025,1450,0.1,2.9,0.6209090913022778,0.25,0.25,0.6209090913022778,1.0,1.0
0.025,1450,0.1,2.95,0.5333074755167628,0.25,0.25,0.5333074755167628,1.0,1.0
0.025,1450,0.1,3.0,0.4768136619970756,0.25,0.25,0.4768136619970756,1.0,1.0
0.025,1450,0.1,3.1,0.7211447609099523,0.1666666666666667,0.25,0.4807631739399683,0.6666666666666669,1.4999999999999996
0.025,1450,0.1,3.2,0.495688799110343,0.1944444444444445,0.25,0.385535732641378,0.777777777777778,1.2857142857142854
0.025,1450,0.1,3.3,0.4459987689703047,0.22222222222222218,0.25,0.3964433501958263,0.8888888888888887,1.1250000000000002
0.025,1450,0.1,3.4,0.3685658352259888,0.25,0.25,0.3685658352259888,1.0,1.0
0.025,1450,0.1,3.45,0.38427129360032913,0.25,0.25,0.38427129360032913,1.0,1.0
0.025,1450,0.1,3.5,0.3742739964458382,0.25,0.25,0.3742739964458382,1.0,1.0
0.025,1450,0.1,3.55,0.3783805169832904,0.25,0.25,0.3783805169832904,1.0,1.0
0.025,1450,0.1,3.6,0.38412977351520283,0.25,0.25,0.38412977351520283,1.0,1.0
0.025,1450,0.1,3.65,0.36839314586155575,0.25,0.25,0.36839314586155575,1.0,1.0
0.025,1450,0.1,3.7,0.38134710065828614,0.25,0.25,0.38134710065828614,1.0,1.0
0.025,1450,0.1,3.75,0.397191979507941,0.25,0.25,0.397191979507941,1.0,1.0
0.025,1450,0.1,3.8,0.39266805099248203,0.25,0.25,0.39266805099248203,1.0,1.0
0.025,1450,0.1,3.85,0.39246139858717016,0.25,0.25,0.39246139858717016,1.0,1.0
0.025,1450,0.1,3.9,0.39290741057058354,0.25,0.25,0.39290741057058354,1.0,1.0
0.025,1450,0.1,4.0,0.4022298167086693,0.25,0.25,0.4022298167086693,1.0,1.0
0.025,1450,0.1,4.1,0.40167384894142316,0.25,0.25,0.40167384894142316,1.0,1.0
0.025,1450,0.1,4.2,0.3973811890222412,0.25,0.24556180000000039,0.40456332074272194,1.0180736580363867,0.9822472000000015
0.025,2900,0.05,1.5,0.29254212370070715,0.5555555555555556,0.5424700000000002,0.2995988756169896,1.0241221736788308,0.9764460000000004
0.025,2900,0.05,1.6,0.28318386703927567,0.777777777777778,0.7594578000000007,0.29001495383723147,1.0241224433770741,0.9764457428571435
0.025,2900,0.05,1.7,0.2800673380878216,1.0,0.9764456000000004,0.28682328855577977,1.0241225932094935,0.9764456000000004
0.025,2900,0.05,1.75,0.30829453338336754,1.0,1.0,0.30829453338336754,1.0,1.0
0.025,2900,0.05,1.8,0.3572384998895856,1.0,1.0,0.3572384998895856,1.0,1.0
0.025,2900,0.05,1.85,0.44488841682493663,1.0,1.0,0.44488841682493663,1.0,1.0
0.025,2900,0.05,1.9,0.5147214457350642,1.0,1.0,0.5147214457350642,1.0,1.0
0.025,2900,0.05,1.95,0.4933287467867643,1.0,1.0,0.4933287467867643,1.0,1.0
0.025,2900,0.05,2.0,0.5812057152452962,1.0,1.0,0.5812057152452962,1.0,1.0
0.025,2900,0.05,2.05,0.5580516534778135,1.0,1.0,0.5580516534778135,1.0,1.0
0.025,2900,0.05,2.1,0.6360599256683122,1.0,1.0,0.6360599256683122,1.0,1.0
0.025,2900,0.05,2.15,0.7398463236292814,0.7500000000000006,1.0,0.5548847427219614,0.7500000000000006,1.3333333333333324
0.025,2900,0.05,2.2,1.2104188469494996,0.4999999999999989,1.0,0.6052094234747485,0.4999999999999989,2.0000000000000044
0.025,2900,0.05,2.25,1.9827325940731462,0.25,1.0,0.49568314851828654,0.25,4.0
0.025,2900,0.05,2.3,1.9873959034595292,0.25,1.0,0.4968489758648823,0.25,4.0
0.025,2900,0.05,2.35,1.753612950712908,0.25,1.0,0.438403237678227,0.25,4.0
0.025,2900,0.05,2.4,1.549641317006055,0.25,1.0,0.38741032925151375,0.25,4.0
0.025,2900,0.05,2.45,1.3829035740826052,0.25,1.0,0.3457258935206513,0.25,4.0
0.025,2900,0.05,2.5,1.2682301285438664,0.25,0.9889805000000003,0.32059027668995144,0.2527855705951734,3.955922000000001
0.025,2900,0.05,2.55,1.0033433232333637,0.25,0.8155164500000005,0.30757911849398106,0.3065542086857964,3.262065800000002
0.025,2900,0.05,2.6,0.9191288518554266,0.25,0.6420524000000007,0.3578870088545053,0.3893763188175914,2.568209600000003
0.025,2900,0.05,2.65,0.8685741720445792,0.25,0.468588350000001,0.46339936323885206,0.5335173185590284,1.874353400000004
0.025,2900,0.05,2.7,0.7224371820881751,0.25,0.29512429999999945,0.6119770399185839,0.8471006962151219,1.1804971999999978
0.025,2900,0.05,2.75,0.7094421345409655,0.25,0.25,0.7094421345409655,1.0,1.0
0.025,2900,0.05,2.8,0.5660108195712751,0.25,0.25,0.5660108195712751,1.0,1.0
0.025,2900,0.05,2.85,0.5564766224750082,0.25,0.25,0.5564766224750082,1.0,1.0
0.025,2900,0.05,2.9,0.5317755535448467,0.25,0.25,0.5317755535448467,1.0,1.0
0.025,2900,0.05,2.95,0.47274646795210473,0.25,0.25,0.47274646795210473,1.0,1.0
0.025,2900,0.05,3.0,0.3980805132278678,0.25,0.25,0.3980805132278678,1.0,1.0
0.025,2900,0.05,3.1,0.560546742843366,0.1666666666666667,0.25,0.37369782856224415,0.6666666666666669,1.4999999999999996
0.025,2900,0.05,3.2,0.4965240556338738,0.1944444444444445,0.25,0.38618537660412416,0.777777777777778,1.2857142857142854
0.025,2900,0.05,3.3,0.42621701672276674,0.22222222222222218,0.25,0.37885957042023705,0.8888888888888887,1.1250000000000002
0.025,2900,0.05,3.4,0.3860889043851464,0.25,0.25,0.3860889043851464,1.0,1.0
0.025,2900,0.05,3.45,0.3646562588116173,0.25,0.25,0.3646562588116173,1.0,1.0
0.025,2900,0.05,3.5,0.400530257546383,0.25,0.25,0.400530257546383,1.0,1.0
0.025,2900,0.05,3.55,0.40363772329729514,0.25,0.25,0.40363772329729514,1.0,1.0
0.025,2900,0.05,3.6,0.39973487173820293,0.25,0.25,0.39973487173820293,1.0,1.0
0.025,2900,0.05,3.65,0.39613662862944976,0.25,0.25,0.39613662862944976,1.0,1.0
0.025,2900,0.05,3.7,0.4321945453189067,0.25,0.25,0.4321945453189067,1.0,1.0
0.025,2900,0.05,3.75,0.4047395648042976,0.25,0.25,0.4047395648042976,1.0,1.0
0.025,2900,0.05,3.8,0.43043863173351404,0.25,0.25,0.43043863173351404,1.0,1.0
0.025,2900,0.05,3.85,0.4477915656781711,0.25,0.25,0.4477915656781711,1.0,1.0
0.025,2900,0.05,3.9,0.4650917089462487,0.25,0.25,0.4650917089462487,1.0,1.0
0.025,2900,0.05,4.0,0.4404169202014623,0.25,0.25,0.4404169202014623,1.0,1.0
0.025,2900,0.05,4.1,0.4556424591115249,0.25,0.25,0.4556424591115249,1.0,1.0
0.025,2900,0.05,4.2,0.4647847927849292,0.25,0.24556180000000039,0.4731851541902369,1.0180736580363867,0.9822472000000015
