T,p_overall_mean,p_overall_q025,p_overall_q05,p_overall_q50,p_overall_q95,p_overall_q975,steel_N_population,steel_n_known,steel_k_below,steel_w_mean,steel_w_q50,steel_theta_mean,steel_theta_q025,steel_theta_q50,steel_theta_q975,concrete_N_population,concrete_n_known,concrete_k_below,concrete_w_mean,concrete_w_q50,concrete_theta_mean,concrete_theta_q025,concrete_theta_q50,concrete_theta_q975,steel_concrete_composite_N_population,steel_concrete_composite_n_known,steel_concrete_composite_k_below,steel_concrete_composite_w_mean,steel_concrete_composite_w_q50,steel_concrete_composite_theta_mean,steel_concrete_composite_theta_q025,steel_concrete_composite_theta_q50,steel_concrete_composite_theta_q975,frp_N_population,frp_n_known,frp_k_below,frp_w_mean,frp_w_q50,frp_theta_mean,frp_theta_q025,frp_theta_q50,frp_theta_q975,timber_N_population,timber_n_known,timber_k_below,timber_w_mean,timber_w_q50,timber_theta_mean,timber_theta_q025,timber_theta_q50,timber_theta_q975,other_N_population,other_n_known,other_k_below,other_w_mean,other_w_q50,other_theta_mean,other_theta_q025,other_theta_q50,other_theta_q975
0.0,0.146833273279179,0.05112248064495534,0.059939782094371494,0.13443917553629514,0.2772377606722671,0.3095243021058902,152,7,0,0.5974130200003288,0.5978722604988602,0.1111769815297617,0.003662373791234221,0.08269889057202902,0.3655922159899421,43,5,0,0.172308409615818,0.1715632840633723,0.14176466004209304,0.004105974081605388,0.10863596351303151,0.4496968373084104,24,2,0,0.09758515854687906,0.09657971634699668,0.24871378792328608,0.007564664507550852,0.20507283912683547,0.7089231821477389,17,10,0,0.07034252659525869,0.06918768096065034,0.08288166673688104,0.0020085203973582056,0.0604319937407185,0.28289062260656866,7,0,0,0.031255722287057204,0.030068618824970007,0.4982362609957387,0.023880212423607213,0.4975749459446621,0.9737765447535959,7,1,0,0.03109516295465815,0.03005149607352469,0.3355244355102639,0.013139489527172173,0.2963439753537225,0.8395600575807559
0.01,0.14671213844839323,0.04997662868027176,0.05972773205410491,0.13425361034106864,0.27698650631921135,0.3138280348051799,152,7,0,0.5977624455803503,0.5981906379670807,0.11031722587226439,0.0028841951703033266,0.0817797813224243,0.37289484404505535,43,5,0,0.17215447106495993,0.17112896081372309,0.14246440372302496,0.003638106338393474,0.10830363659752343,0.4613737021520009,24,2,0,0.09751920712528277,0.09637672980154599,0.2513968687826377,0.008746368487176004,0.20871529862541405,0.6951745895997985,17,10,0,0.07026107595362316,0.06918790535789214,0.0835969216159084,0.0021968830370752827,0.060833869213198416,0.2891732131125603,7,0,0,0.03109811441506595,0.03001867903132939,0.5004655623726721,0.025976284496261888,0.5011873542141376,0.9745088756679152,7,1,0,0.03120468586071786,0.029906253301665173,0.33245282915588154,0.013314992770729561,0.2916700471696504,0.8338686915827087
0.02,0.14736041031837738,0.05129347890181052,0.060621301832024084,0.13515233186766235,0.2749456775891572,0.30960554670627366,152,7,0,0.5973208503367049,0.5977835407043497,0.11123532294645842,0.0035975100369638894,0.08427087904358113,0.3648502431988387,43,5,0,0.1716873114173485,0.1707380448375782,0.14312296422809684,0.004155704552922547,0.11105022969570186,0.46163358600178,24,2,0,0.09764953006488089,0.0967354059965907,0.2493309840970768,0.008045407717549363,0.2067093417489192,0.7040548615531326,17,10,0,0.07071632371235616,0.06969192620952477,0.08299480441692139,0.002449083998562653,0.06181467930385788,0.28081577434507893,7,0,0,0.03130518624803875,0.03003725481263017,0.5002924108360777,0.024701654081016867,0.5021398578654894,0.9745034989234198,7,1,0,0.031320798220670756,0.030023291134581666,0.33450582750713,0.013204138694766254,0.29640677956200945,0.8493863305407076
0.03,0.14782362917824013,0.050225345037973254,0.05960606283126603,0.13592282821244028,0.27839291174334924,0.3152845220981342,152,7,0,0.597298192924144,0.5976320879268961,0.11150957663891709,0.0031977990076298914,0.08369313880587045,0.37123919668215494,43,5,0,0.17176115105757533,0.17099739064068709,0.1436814693458524,0.004168257866923102,0.1096394521534938,0.4552768135539343,24,2,0,0.09800862287501529,0.09697090843510035,0.2508732152351629,0.007778854319336553,0.20889888834895054,0.7139120065787156,17,10,0,0.07022150157576758,0.0692674263732603,0.08371008758543985,0.0024124886128294625,0.061081111009312655,0.28753552004176974,7,0,0,0.03134207246886127,0.030092807195121363,0.5001328772050981,0.024669409077283724,0.4998858648330337,0.9756930363371767,7,1,0,0.03136845909863654,0.030126272305356652,0.32992759090052926,0.011866369677461136,0.2877294947912207,0.8322515961228417
0.04,0.14777105325108983,0.05151137312664855,0.06092048658463359,0.13554120641737033,0.276444286859498,0.3116611989828376,152,7,0,0.5975723471023959,0.5977658682498931,0.11214838881874448,0.0033809036535180446,0.0849822895213583,0.37135395372246044,43,5,0,0.1718310899967983,0.17105872564040403,0.14274036033319543,0.004128102150622558,0.10916425400389118,0.4552584264769386,24,2,0,0.09791922170480628,0.0966839908740316,0.25007441387764245,0.00886499514148325,0.20716180597712966,0.698615669847408,17,10,0,0.07029836623843584,0.06915284616432389,0.08224563352655205,0.0021066452243818476,0.05987114588340341,0.2833716884967819,7,0,0,0.03111431290860933,0.029955516568308437,0.49674708758753033,0.023971862239216445,0.49505237899939647,0.9742788870278876,7,1,0,0.03126466204895418,0.030021796249244115,0.3341308270639703,0.01231584586878469,0.2940753364870133,0.8399114878530943
0.05,0.14746715260014248,0.04921831120335277,0.058600139087704665,0.1353174312480468,0.2769856751191153,0.3133166740081127,152,7,0,0.5973807075047938,0.5976823174036165,0.11150120468574252,0.0029078546987350447,0.08268949257447099,0.37137249440712555,43,5,0,0.17192442218997006,0.17088441051360076,0.1435864465771337,0.004327370229370629,0.10810292565526364,0.4608691050902456,24,2,0,0.0978216784703197,0.09669341949767668,0.24800937544672297,0.0074747929067466795,0.2022339166508502,0.7132428905124808,17,10,0,0.07036152584714643,0.06914546364273218,0.0822458623897877,0.002356829277461706,0.060278517202011994,0.2781890668739905,7,0,0,0.03119734097803395,0.03002620034063016,0.5041869293399693,0.024443428018821236,0.506859626182379,0.9736664541673019,7,1,0,0.03131432500973606,0.03015129587679569,0.3334934879836866,0.012125445704813546,0.29607335311137356,0.8384114993833427
0.06,0.17186931426340635,0.06815823507494939,0.07896437532625475,0.16116896280314286,0.30503701222453766,0.3419574889750697,152,7,0,0.5976653257167774,0.598141520485939,0.11093651143228922,0.0032239394457069075,0.08313514462721594,0.371945463586046,43,5,1,0.1719145742302011,0.17134546520576815,0.286732174715558,0.045075972690557846,0.26546861472639505,0.6455825409824439,24,2,0,0.09767206653062951,0.09631367010756356,0.24959293612686545,0.009001152857959016,0.20451776863864196,0.7009740460365675,17,10,0,0.07026050731517089,0.06901621558865276,0.08320318805721141,0.002143442642326215,0.061218484001236306,0.2826047283237185,7,0,0,0.031187190267845784,0.029998175010979844,0.5005395727149737,0.025757210684211072,0.5039669516300407,0.977271084971752,7,1,0,0.03130033593937524,0.030153039859716603,0.33377924497852357,0.013247068334914241,0.2912703290736457,0.8453533713150732
0.07,0.26231280686264175,0.11850011498064349,0.13500076061232053,0.2533137680379214,0.4234463814135373,0.4576518138257335,152,7,1,0.5977680326544085,0.5981053800344392,0.22178342784764832,0.030358656398579518,0.19992168186299447,0.5296427880041553,43,5,2,0.17160298911524877,0.17074679018984595,0.4285783885780592,0.11487719729630179,0.42163453610794144,0.7802376773892427,24,2,0,0.09760480842518837,0.09644158621504909,0.24935790185915052,0.007932891061988698,0.20486331087360043,0.7106392150949012,17,10,0,0.0705436792118914,0.06945287771342101,0.08259260799667584,0.002332785535161832,0.060915349956367326,0.2775511612577807,7,0,0,0.031231142339719378,0.02993994486575203,0.5014477724127762,0.024126374742414095,0.502614709493902,0.9740632330951786,7,1,0,0.03124934825354369,0.0299778806487618,0.33081575034384686,0.013026347830156854,0.2896334499094212,0.8407117531053272
0.08,0.2872530945635018,0.14181567899965414,0.1592661450855456,0.27751924629726094,0.4469800983229662,0.4833709022156715,152,7,1,0.5976041466920383,0.5978855155810894,0.2213349125895919,0.029978300415064763,0.2012085132262752,0.5301693863156047,43,5,3,0.17198013722466995,0.1709920956608827,0.5725036008341219,0.2291507033674655,0.5799082810795919,0.8785236664223576,24,2,0,0.09760184641763577,0.09659144146933052,0.2497074525100529,0.009591682535474075,0.2054615722802333,0.7097136717338762,17,10,0,0.07015402899497451,0.06921120362490787,0.08381184530206875,0.0023936460940184572,0.061427623892891456,0.2834061860318939,7,0,0,0.031306847134314926,0.03011428095124171,0.5020841543844049,0.025550020237380785,0.501806435204541,0.9744311594710711,7,1,0,0.031352993536366565,0.03010478359322432,0.3329502576265199,0.014186455219473601,0.2939557244911174,0.834466307780716
0.09,0.28746122320930934,0.1427227762770548,0.15985394469698244,0.2777885225464616,0.44912504201255854,0.4846605820212527,152,7,1,0.5975929194440756,0.597900145738786,0.2222339672745211,0.03253122835122206,0.20074089855082886,0.5254420407855471,43,5,3,0.17216913433537628,0.17148018119001157,0.5710643783212149,0.22484569213457117,0.5779812497676384,0.883369272953419,24,2,0,0.09766166369117246,0.09676378019458237,0.24806912485793936,0.007892058981197275,0.2034395224843209,0.7124442034462906,17,10,0,0.07010820219541,0.06900093972892016,0.08347497653265037,0.0023569266599680577,0.0620567599119633,0.2812924669317599,7,0,0,0.031167549300601494,0.030015543584085126,0.5038173931779172,0.026551963515847148,0.5063009143881723,0.9769240799756395,7,1,0,0.03130053103336441,0.03005367090279215,0.3328994580289964,0.012923164483744759,0.29216159608222897,0.8369892627375461
0.1,0.3116726809580157,0.16716306786597737,0.18565493025037347,0.30265816164186143,0.4711676762726782,0.5072686886371138,152,7,1,0.597703659184758,0.5978922122807264,0.22149583020817637,0.031716144284526605,0.20067639950263072,0.5292540746779469,43,5,4,0.17174003578466826,0.1708791308953485,0.7153347377164397,0.35562335460184263,0.7366494763714494,0.9561539425523989,24,2,0,0.09757022664716647,0.09663061743674228,0.2518608879820361,0.008488781166697804,0.20677412383863902,0.7158696984727655,17,10,0,0.07021795886477016,0.06928639159160437,0.08268431815334323,0.0024663219084919354,0.06029632993577231,0.28512199171961844,7,0,0,0.031366093398924974,0.03017041942744018,0.4974866399402701,0.02594747818327539,0.497626116510691,0.9735880466987987,7,1,0,0.03140202611971213,0.03014526695066018,0.33446778287186807,0.012001813895729862,0.29337277217235824,0.8504702300784598
0.11,0.4020208177774609,0.23406434826297867,0.2559371952163438,0.39556024311922566,0.5685438827233642,0.6030719279649136,152,7,2,0.5977282933933148,0.5976353988771341,0.3325566577328233,0.08681133596581182,0.3198295596550975,0.649259628354541,43,5,4,0.17200620750002701,0.17128380635939927,0.7137888966678283,0.36350324228549985,0.7345530434793928,0.954605097954432,24,2,1,0.09751103271197814,0.09641581063111215,0.4964816861161345,0.09317395644519516,0.4964995179335064,0.9044560541676356,17,10,0,0.07046724108880716,0.06919622581933058,0.08330363383064324,0.00219462043502961,0.06117836981631759,0.28001120785223704,7,0,0,0.03113464377587632,0.0299777644096929,0.501968097712753,0.026331803955362047,0.5028426586156993,0.9732565186314445,7,1,0,0.031152581529996625,0.029869797224040127,0.3315577406247205,0.012436645042144187,0.2901018927695671,0.8399451227063822
0.12,0.4029015539776995,0.23181248822203518,0.25246102506809415,0.3965609426820562,0.5711988499954695,0.603910652504649,152,7,2,0.5979676217650959,0.5980637210851505,0.3335433090463223,0.08734087740143467,0.3199072838616425,0.6482714201184617,43,5,4,0.1719924388708133,0.17119895866888687,0.713266537177241,0.36411819834369263,0.7335723504915689,0.9553779728964602,24,2,1,0.0976018897514671,0.09652610559943607,0.5017966742521354,0.10055611602120318,0.5026001964305036,0.9044259441332768,17,10,0,0.07020290458521054,0.06936809769669135,0.08371358168356374,0.0022894776757173205,0.06182936258160156,0.2851223288661814,7,0,0,0.0310428088469082,0.02986959425877602,0.4979355425374237,0.02224390101265776,0.49865597015860785,0.9755354585473258,7,1,0,0.031192336180505063,0.030032695878338185,0.3328485764819991,0.01418724391163571,0.2938630153534608,0.8292737367887246
0.13,0.4700540238051165,0.28041575315636047,0.3063735054939975,0.4678008872096614,0.6418660905376368,0.6727089572453576,152,7,3,0.5977461429132217,0.5980060658448122,0.44533507532251804,0.16013960105805233,0.4390881269811263,0.7555894993305222,43,5,4,0.17198743288387333,0.1713341357144309,0.7153904628347884,0.35517278242333455,0.7384527012885382,0.9581157351503304,24,2,1,0.09757923366952664,0.0965762049798579,0.5001133217528122,0.09761184149142896,0.5012756715299163,0.9049360940076745,17,10,0,0.07010431554213292,0.06907698501875836,0.0834126999920339,0.002546731429887637,0.06159247206176417,0.2823967397768721,7,0,0,0.0313137875720771,0.03006303723930584,0.5023219060843407,0.025569090031560084,0.5023347362775908,0.9745311730159741,7,1,0,0.031269087419168236,0.030092320194633645,0.33241546261572225,0.013366713564558198,0.2910220301321201,0.8447868848819671
0.14,0.46871721757997975,0.27967897882495363,0.30540098167517565,0.46697853585112237,0.6389573769453688,0.6694845254602324,152,7,3,0.5973011657159439,0.597576419687305,0.44431290769507836,0.1560128981020145,0.4404153051726637,0.7561255786957172,43,5,4,0.17198790389761603,0.17109849987909892,0.7125705890597968,0.3547338962422707,0.7331696947285592,0.9546144810885138,24,2,1,0.09771955972564626,0.09661809261528088,0.499425839238428,0.09398759064743846,0.5019526250841853,0.9031509879939943,17,10,0,0.07050520414332882,0.06951309445332123,0.08285997785078587,0.0023488555577089332,0.061673496540783246,0.27767929273803144,7,0,0,0.031281217593726506,0.030148588659255418,0.49928546623349507,0.024861434968704483,0.4995945508708767,0.9726506248328568,7,1,0,0.031204948923738384,0.030111939220704508,0.33466439417241967,0.012615892397655985,0.2945791268269735,0.8425062800189868
0.15,0.4696779345161247,0.27710142781169594,0.3033955348571164,0.4681788324814181,0.6414168743071211,0.6737715259550574,152,7,3,0.5976527112865211,0.5979720445001084,0.4451021503368039,0.1586732677462282,0.44040958452971396,0.7578497875794478,43,5,4,0.17191582928455063,0.17102341577395466,0.7152200619865171,0.359979333965428,0.7362857724316818,0.9577352275051376,24,2,1,0.0979450571227563,0.0970122231466363,0.4993599829846073,0.09529613760048582,0.49993962275149373,0.9016671670799578,17,10,0,0.07023300668057965,0.06917933870167595,0.08296782148853248,0.0024178157632245394,0.061186039928005934,0.27926140183932363,7,0,0,0.031083328949441807,0.029828172526409534,0.5023987708243535,0.027783054022291604,0.5030014980406114,0.9761453415826118,7,1,0,0.031170066676150483,0.030035778056920145,0.3351740971047011,0.013144966765268273,0.2939814589059617,0.8442374282623516
0.16,0.47017304412664807,0.2776439196283486,0.30410844010080507,0.4676506118872127,0.6426524831370751,0.6711860958946336,152,7,3,0.5975311023938715,0.5979311070029529,0.44586761367464667,0.15674906429409935,0.44188781511273056,0.7571143034502843,43,5,4,0.17194983806427644,0.17134134443339663,0.7149874601967403,0.36391953389496046,0.736080514993674,0.9554056997459863,24,2,1,0.0974923349473518,0.09637886759409184,0.5004191095318917,0.08839967423829045,0.500316678361421,0.9050140406091652,17,10,0,0.0704453743742349,0.06936272769890484,0.08372792571661065,0.0024198745405081086,0.061218334281903,0.2860498908559321,7,0,0,0.031272305915228546,0.02992046498698026,0.5009060978214004,0.025815850368290354,0.4996844592893168,0.9753094556844147,7,1,0,0.03130904430503684,0.03009336365001486,0.33408411985331044,0.013027133025386866,0.29326859396103216,0.8487833029154004
0.17,0.46918023146327065,0.27891679336470165,0.30638356394223265,0.46840531954124853,0.6396421511710888,0.6696269340819963,152,7,3,0.5976165047980553,0.5981630597509674,0.4441759217598573,0.16061336031557422,0.43989042082759033,0.7527602864225327,43,5,4,0.17181062837079844,0.1708328112928854,0.716329075356402,0.36350963406717196,0.7382635072805916,0.9578164025436897,24,2,1,0.09787755267911576,0.0968947536921519,0.5006963011966773,0.09203352381575164,0.5033358539466852,0.9048999368627748,17,10,0,0.07026298265399539,0.06936250233106922,0.08243958879592359,0.00220961733156246,0.0605541740731837,0.28009543906846956,7,0,0,0.031161390151180263,0.029931279525138986,0.49743100336554996,0.0242191076836059,0.4947996149531253,0.973351416813523,7,1,0,0.03127094134685485,0.030101928501162167,0.3353733981620554,0.01372556540923619,0.2978969416205489,0.8430948743272887
0.18,0.46766125262957653,0.2759682200576289,0.30167850773981364,0.46603509940764576,0.6399941246859926,0.6666654798165312,152,7,3,0.5976680420396587,0.5978730003359871,0.4425319333607915,0.1563723006064127,0.4388714226935516,0.7556348351985813,43,5,4,0.17147057074938557,0.17054628343211814,0.7129787946726431,0.3560805315041458,0.733347599065417,0.9577516595846765,24,2,1,0.0977104148255529,0.0967401374185783,0.500000467972347,0.09983978411436406,0.49998473641142116,0.8989479676426901,17,10,0,0.07043178513459572,0.06917400579216369,0.08256623190639789,0.0023763725517670473,0.06055179890383906,0.2836722331860327,7,0,0,0.03140694419935527,0.03016197300649412,0.5035710657360696,0.027622262801435378,0.502440857704556,0.9760574923985715,7,1,0,0.03131224305145175,0.030107774501139734,0.3366156938510937,0.013509388132709979,0.2978967256879848,0.8353194659223707
0.19,0.6017486456791744,0.401517788650487,0.43246957013872134,0.6076715817970927,0.7503054976239426,0.7712656688910315,152,7,5,0.5972555680323685,0.597635317336255,0.6665128078569685,0.35224746717209754,0.6783206932108903,0.9130343268140879,43,5,4,0.17194912832087902,0.17106328631051737,0.7141848354750242,0.36491559397551876,0.7358786876891268,0.9556002996172471,24,2,1,0.09766137090174853,0.09643510745168965,0.5011812977349007,0.10423531813600892,0.5015624448056414,0.8974590225662732,17,10,0,0.07043205028210965,0.06936606311352024,0.08276400284987583,0.002215882205739078,0.060799248099074825,0.28306280907278175,7,0,0,0.031381279376748235,0.03017749203984829,0.499502631843427,0.026045897674581497,0.499715856058801,0.9728860206938607,7,1,0,0.03132060308614607,0.030188999401218858,0.33550665376846234,0.012642224201963422,0.29606544046389727,0.8464291579561388
0.2,0.6026575431600193,0.40013888575597895,0.43210202605973763,0.6091190455879847,0.750535901432406,0.7728532444340962,152,7,5,0.5976735014714987,0.597940149365036,0.6673341935178708,0.35521003645207233,0.6804744998667869,0.9153242063250204,43,5,4,0.1718491286243291,0.1707538751078278,0.7159984846727452,0.35685351813407074,0.7376763903873047,0.9575572436272994,24,2,1,0.0975908626124944,0.0963433950720317,0.5004385777920445,0.09381619832879938,0.49784181404081407,0.9092040442328866,17,10,0,0.07040622573823314,0.06919464207171322,0.08430870767385462,0.002166503607460559,0.0616594007827105,0.2911547218657871,7,0,0,0.03121362706605277,0.030001357294942688,0.4972297336896825,0.021736912614149683,0.497852071922262,0.977455510716232,7,1,0,0.031266654487391965,0.030103651306109484,0.3331218001608586,0.01363517172697748,0.2926401483457727,0.8406397776863925
0.21,0.6020668415738007,0.4004662464348099,0.43375197173413604,0.608239990350261,0.7500723176399616,0.7735683320428299,152,7,5,0.5976632169419598,0.5981371449186073,0.6663339214959374,0.3464701677884014,0.6801743965131812,0.9105861675715288,43,5,4,0.17175749603520302,0.1707902392735057,0.7157419419654689,0.35965202928823564,0.737214109018564,0.9583680947678268,24,2,1,0.09783310468828345,0.09693753153165491,0.5007025877205118,0.09290407331859367,0.503190950587511,0.906508581892727,17,10,0,0.07023067416266557,0.06921225514816745,0.08326098805466076,0.0026068802823335196,0.06123703613752249,0.28368217247282446,7,0,0,0.031289832973522815,0.030079694766210575,0.498460580419918,0.023288301130283837,0.4990697853886117,0.9754512714305102,7,1,0,0.031225675198365298,0.03012328093010639,0.33329832605909654,0.012569881409742316,0.29176395195001403,0.8451142386682842
0.22,0.6020702737721972,0.3974132934400139,0.43102734982945057,0.608870351765986,0.7505449359177876,0.7716759799670022,152,7,5,0.5976293616319409,0.5980313097484938,0.6666501583631004,0.3507397814467542,0.6805670009702428,0.9135308974788304,43,5,4,0.17194847944263733,0.17095350426512435,0.7149461875732273,0.3623403093348967,0.736078620980281,0.956330044690676,24,2,1,0.09777621229461064,0.09642414916884254,0.4994513376482971,0.09155055127019579,0.49935085743266944,0.9076766721583784,17,10,0,0.07022263965445623,0.06903163172266466,0.08336728573803827,0.002470319267247163,0.06105848314373247,0.2852834809262555,7,0,0,0.03116815400366479,0.029997825086155436,0.5001806140665469,0.026065136199682776,0.49958990623275357,0.9753801851032937,7,1,0,0.031255152972690034,0.030035174857880598,0.3349398555614361,0.015342278471821031,0.296314262482634,0.8363010003503607
0.23,0.6276419684549164,0.42626616231615755,0.4587698821066137,0.6339812624033874,0.7747724959739395,0.7940095598470831,152,7,5,0.5976617526245886,0.5979842991416484,0.6678953150317395,0.35209506073609953,0.6802490860281487,0.9122623479944493,43,5,5,0.17177664763489806,0.17111781131480697,0.8571652316963957,0.5403205385904543,0.892046023543045,0.9954940467386695,24,2,1,0.09777475331961977,0.0968106446572343,0.5028766731658538,0.09870344638530364,0.50307010163178,0.9006086591200274,17,10,0,0.07027468674317225,0.06921782234909707,0.08421362718614744,0.0025943464927733898,0.06087543343656682,0.28554540027856584,7,0,0,0.03126492234963503,0.02999371078653181,0.5020044423504508,0.025698546113414378,0.5000367608143005,0.9758547521739066,7,1,0,0.031247237328086163,0.030103473437916112,0.33252744186003974,0.01326979533148604,0.29143253936696667,0.8351609373220803
0.24,0.6936214628526487,0.49639298963482625,0.532631427277599,0.7041775561742016,0.819097984873085,0.8354083120020135,152,7,6,0.5976024451860599,0.5979693337093958,0.7780916955135416,0.47577544104832775,0.7992116408447204,0.9694046838185905,43,5,5,0.1720277702652436,0.17108235118901993,0.8587784122845157,0.5493532712781588,0.8921002063837494,0.9963378388807493,24,2,1,0.09777148374156593,0.09684086028299238,0.5006765103186142,0.09312825844586883,0.5019720209246705,0.904772117879578,17,10,0,0.07024169605119715,0.06905510504232179,0.08290036788731464,0.002335761023169702,0.06061142116433109,0.2830975235364378,7,0,0,0.031144589158029406,0.03000758405076248,0.4965770055286836,0.02593242141193884,0.4953592611075772,0.9727320309554035,7,1,0,0.03121201559790399,0.029971691283988716,0.33512285265473307,0.01236958112847645,0.2949140534349435,0.8454482506379771
0.25,0.6926248476415854,0.49494957380943055,0.5297140468769552,0.7028025462429162,0.8182724714318247,0.8331220156480424,152,7,6,0.597491460970255,0.5977146286420949,0.7772374377298105,0.47146120257405494,0.7993258331664519,0.9679412989129959,43,5,5,0.17197227720741912,0.1713125665646591,0.857488659861564,0.5387117146049076,0.8909210430689316,0.9959794981050429,24,2,1,0.09765776459340307,0.09651485206443339,0.4980608738725359,0.09013125077276753,0.49670566302245933,0.907790709986482,17,10,0,0.07029599094866569,0.0691091316736891,0.08330324212629323,0.002184393714860575,0.060067121979030094,0.2884228014566825,7,0,0,0.031329815212416665,0.030085851136538694,0.5012562823314434,0.02754886114729942,0.4997220062475106,0.9752242099260983,7,1,0,0.03125269106784047,0.029978242428044158,0.33453435942242604,0.0137631325963452,0.2941816913662767,0.8438752926425412
0.26,0.6930845427284159,0.4984690139292362,0.5355105767888203,0.7034747279370197,0.8175882078669409,0.8340464168660587,152,7,6,0.5975568557396873,0.5978263253165246,0.7773873259056293,0.47159065010646195,0.7977576646369913,0.9688553292402183,43,5,5,0.17220503395937362,0.17138225762889273,0.8585536006535037,0.5353366810053297,0.8932239892665503,0.9961945529859246,24,2,1,0.09762233823357702,0.09652739933199288,0.5017932874503602,0.10090490947582918,0.499556696837921,0.9051532118131601,17,10,0,0.07026098206626068,0.06915872283740523,0.0832858321647316,0.0021976738548698054,0.061859965089645724,0.2864760802759225,7,0,0,0.03118905277748075,0.03003129876850197,0.5015807039934909,0.026522442445165578,0.49957801011975755,0.9763169008504425,7,1,0,0.031165737223620583,0.029985392905461674,0.3330405595460585,0.012499762478933567,0.2912897092855016,0.8423456964522862
0.27,0.6925561040489085,0.5021775992824968,0.5338594688824139,0.7024186518508013,0.8163218171049379,0.8328583726704125,152,7,6,0.5978791922629678,0.5982243267598936,0.7773421867086108,0.47658927421431496,0.7975427725101353,0.9678596243699192,43,5,5,0.17179617097486471,0.17118399534973539,0.8570727744061192,0.5385864008002668,0.8910589279812711,0.9953228817283172,24,2,1,0.09787265461283107,0.09703404892233577,0.5004411194259403,0.09972980950222572,0.49990768740784053,0.9020371222957005,17,10,0,0.0700798181036698,0.06909241366537619,0.08290833845455632,0.0025548044203204064,0.06015185635287148,0.2823096009969909,7,0,0,0.031204536040904684,0.030026421863236875,0.49869253199440616,0.022697046039779064,0.5008063221304406,0.9752522486465315,7,1,0,0.0311676280047621,0.02992218096473198,0.3340158484759079,0.011477940153961941,0.29451869003771286,0.8411321807116093
0.28,0.7171416624620237,0.5229397183965984,0.557862678401658,0.7270944577804328,0.8403504008978971,0.8547949682352806,152,7,6,0.5978105154737159,0.5979551601120267,0.777368170296799,0.4722888989396678,0.7978292138078908,0.9680878778406324,43,5,5,0.17194291796752345,0.17125233723871688,0.8581908612005118,0.5444929442853875,0.8916676306697919,0.9954107488420822,24,2,2,0.0977113748082788,0.09663649886455108,0.7494163534729059,0.28954012620407976,0.7934394268840779,0.9920286808954623,17,10,0,0.07032048284128606,0.06930716508078608,0.08267109059339182,0.002084866020931754,0.05973126600832217,0.28320404156501333,7,0,0,0.031005494636984113,0.029775656668244797,0.4982722506318906,0.02829916879449213,0.4974966515319723,0.9736263365066589,7,1,0,0.031209214272211787,0.02999461294207256,0.3335908821637919,0.011809337733551249,0.29128334070793693,0.8456674922829072
0.29,0.7165758619197234,0.5252106320081965,0.5590656785944941,0.7274037564099551,0.839037724423638,0.8551714246983546,152,7,6,0.5980677525252682,0.5984330754871519,0.7765224391544475,0.46932947949964704,0.7987811673939197,0.9692659394111631,43,5,5,0.17177031972485868,0.17097076382191365,0.8573416509064227,0.5433421697197113,0.8908799161677933,0.9958407344384765,24,2,2,0.09756741569511108,0.09648751316499332,0.7498861113726193,0.28800978264873217,0.794340152512381,0.9916999655482451,17,10,0,0.07018072179789016,0.06900273987937978,0.08353620012166024,0.0021849433076032024,0.06071029444828131,0.2864669643331885,7,0,0,0.031231348101377322,0.030052287159230612,0.5016907720520374,0.02593675905797564,0.5025151242502991,0.9768506865803023,7,1,0,0.031182442155494577,0.02999136352330607,0.33064550593866454,0.01059059137761877,0.2892969966618842,0.8442041730269141
0.3,0.7172930559909938,0.5185143637435272,0.5564178785922009,0.7282838774700868,0.8404599699985897,0.8552649498361081,152,7,6,0.5978385047325775,0.5981296339060134,0.7775923068860939,0.4696621820635663,0.7983183817586645,0.967776400998019,43,5,5,0.1718008845352125,0.17108678144816714,0.8577203685333138,0.5389743763584538,0.8912950718355582,0.9960124699174858,24,2,2,0.09760918953164882,0.09659202608410478,0.7498314741927281,0.2921383105526892,0.7952526158741988,0.9922000333961991,17,10,0,0.07029501938977589,0.06920822294749295,0.08283505799534514,0.0021282108457793213,0.06150698509682209,0.2768957032000449,7,0,0,0.03123687844954051,0.03003939552196822,0.5016348976985403,0.029491934679143232,0.5038209195493448,0.9753311003540023,7,1,0,0.031219523361244794,0.029989126473412252,0.3325893223284608,0.012618651051287523,0.29434516597925997,0.8380140582796112
0.31,0.7172718156939119,0.5252906117538282,0.5582144652598444,0.728033665443206,0.8395427286279387,0.853438067659279,152,7,6,0.5979913430309309,0.5983689559981783,0.7776267361749701,0.4717070243153795,0.799866612637695,0.9685990036913563,43,5,5,0.17173058926505258,0.17086908089484448,0.8582080724234553,0.5415541810865488,0.8916869031811034,0.9958863459411176,24,2,2,0.09755403427842926,0.09657682220735073,0.7482421693356002,0.2910287122954285,0.7941627692275355,0.9909855424859372,17,10,0,0.07031763578803102,0.0691501680858532,0.08321404815544392,0.0020200503139792573,0.06165544397144046,0.27967935433785074,7,0,0,0.031232635622458278,0.03016399669529753,0.5014955860725344,0.02638697022291978,0.49916380431077667,0.9748580358087915,7,1,0,0.031173762015097927,0.02998739870990491,0.33304816799785125,0.013183179251495427,0.294627450738258,0.8340164683960969
0.32,0.7173644024321582,0.5220028595269097,0.5569302273730179,0.7279347960059481,0.8406553671309877,0.8554559649246489,152,7,6,0.5978038695784708,0.5981532387886506,0.7782227651543265,0.46849390336796654,0.8007791808882405,0.9703155084757685,43,5,5,0.172030099144985,0.17120743264262717,0.856289965059464,0.5318042763181298,0.8903869145215281,0.9958665829879384,24,2,2,0.0974918469985295,0.09645022311269866,0.7490837491073578,0.28943240933028225,0.7954614253720964,0.9915830808956351,17,10,0,0.07031974450744184,0.06916567556245033,0.08289967170296003,0.002455391629442242,0.06025576675537851,0.2820777472863255,7,0,0,0.030970719613395353,0.029739132433681408,0.4984684270414156,0.023449934162801046,0.4996529424753235,0.9755815806945457,7,1,0,0.03138372015717755,0.03019078199481705,0.33399137161555686,0.01195921936520217,0.29329371261028203,0.8462222086206267
0.33,0.7173547368944306,0.5238877466131197,0.560923859976479,0.7270628298076511,0.8383194637846478,0.8529458008592563,152,7,6,0.5976007715590169,0.5976192368877746,0.7775770098891482,0.47688950396856195,0.7974593783616873,0.9659531014006111,43,5,5,0.17159900076526377,0.17080941910439357,0.8582377610750371,0.5455465713286393,0.8917096834056865,0.99576112963288,24,2,2,0.09784310205853038,0.09687908975730501,0.7515524266361638,0.2987689672599966,0.7947711831992464,0.9908577433795915,17,10,0,0.07036867084071319,0.0693403549761735,0.08362822679175382,0.002204369878846876,0.06058690044951196,0.2877344599755403,7,0,0,0.031270171669052285,0.030009875867717868,0.4979725669491484,0.024202873706524127,0.49527103825459884,0.9742878566213696,7,1,0,0.03131828310742353,0.030091822329631077,0.33326599497988774,0.013304954743245417,0.2926405745945687,0.8376064850653849
0.34,0.7180200170753065,0.5249779656209576,0.5611259773493357,0.7290587361291683,0.8384299378796359,0.8519896658928456,152,7,6,0.5976655424053763,0.5979293704473112,0.7782990842807122,0.473732430399376,0.8004021496178444,0.967884125889411,43,5,5,0.17199467046132633,0.17110576304573072,0.8581219047693357,0.5406225265832241,0.8918962132726161,0.9959558191290522,24,2,2,0.09747228324284062,0.09655675793698514,0.7492025909780645,0.29348163932863525,0.7942693244057929,0.9918603177702677,17,10,0,0.07023679158625964,0.0693175758102534,0.0843124961699399,0.0023437622317001375,0.06254771713153087,0.2813884588506867,7,0,0,0.03138338192555591,0.030246410539586384,0.5045572811232056,0.026554475067154935,0.5033206024354914,0.9755952588162791,7,1,0,0.031247330378641105,0.029886312825452434,0.3348109859761695,0.012661280471964916,0.29519989348038345,0.8373370574418184
0.35000000000000003,0.7837655485065763,0.6176151358818462,0.6527942062256218,0.7957446151432974,0.875066289294284,0.8857043896574557,152,7,7,0.5976273154681243,0.5978983821095486,0.8886874980396502,0.6291810695472998,0.9168316463267785,0.9970464875560054,43,5,5,0.17204989499814324,0.17106646790392022,0.8570287683868277,0.5430433922540407,0.8910490613006883,0.9957296597553038,24,2,2,0.0976332016747621,0.09640928828342182,0.749876675842035,0.29043993708318233,0.7919576943649752,0.9926159230597662,17,10,0,0.07022254086644936,0.06931068373227273,0.08295884744848761,0.002192470385811294,0.06058928290993604,0.2860489640256977,7,0,0,0.03123969465098718,0.03007064459865101,0.5035997046543005,0.025974615801754954,0.5053651306562611,0.9729844975856028,7,1,0,0.03122735234153389,0.030042022764984952,0.33407174251831984,0.01172495975683339,0.2946545693913384,0.8458913375522586
0.36,0.7829885031451909,0.6170115433772428,0.6518107979687923,0.795199015158287,0.8740852368737585,0.8854297515273863,152,7,7,0.5969564802158475,0.5969605346421947,0.8880178132047127,0.6284357947281533,0.9175820532602653,0.9966916806118873,43,5,5,0.17202768573998237,0.17104948976477496,0.8578391830061344,0.5465128153382282,0.8894259992685618,0.9953744746980757,24,2,2,0.09796375477069184,0.09673164919467361,0.7485420802679399,0.2902921370621972,0.7932361433998596,0.991354485583304,17,10,0,0.07043013827947212,0.06932001477999368,0.08331715616020428,0.002312260469491899,0.060808531395040846,0.2858627632137993,7,0,0,0.031356194002687104,0.030116840792438218,0.5004005371741236,0.024258867681477808,0.49989068811606735,0.9752703899546614,7,1,0,0.03126574699131904,0.030030617714067356,0.33264012620454003,0.012429844884825385,0.28911155505562025,0.8476862681805757
0.37,0.7893024773049929,0.6234611691208258,0.6577124601373349,0.8012077263335693,0.8809584671297696,0.8908041260727523,152,7,7,0.5978511846143597,0.5975770532192219,0.8881804063942043,0.6299602096152872,0.9152701712100628,0.9968542517725244,43,5,5,0.17172310656532558,0.17071615458215772,0.8569396099514731,0.5423171726288226,0.8896067230851926,0.9959180843529756,24,2,2,0.09770272732351452,0.09665359426883294,0.7486394699804564,0.2938411811802451,0.7919476311805954,0.9911270268698099,17,10,1,0.07019313281593395,0.06907680154515723,0.1670997283313673,0.022546628631911595,0.14836415790405133,0.40711437597479,7,0,0,0.03127734666790865,0.030153263591736333,0.5050611674454092,0.026670418767242746,0.5057787065912329,0.977800785847859,7,1,0,0.03125250201295767,0.030031606842820066,0.3323700303994361,0.012558871962069406,0.29044243558001304,0.8486047683864449
0.38,0.7894761696581202,0.6232837770696408,0.6578231460025685,0.8007831439334332,0.881108593691555,0.8919588192024177,152,7,7,0.5976688184219183,0.5978764841647728,0.8886021386492516,0.62704509278768,0.9159345982576397,0.9969364258794262,43,5,5,0.17177412235087378,0.17074631500553408,0.8561570771471007,0.5367708711140835,0.8899403762574578,0.9954811158406154,24,2,2,0.0979170125381292,0.09693043979690419,0.7503872896599998,0.2995198682092512,0.7914941605909933,0.9904323818985681,17,10,1,0.07015224177676078,0.06912606561896764,0.16678594785488762,0.02205079801772556,0.14787742549851746,0.4123046582275067,7,0,0,0.031281092722892076,0.030075727919529338,0.5003144431702076,0.02545189279711789,0.5012295960273964,0.9750305490328339,7,1,0,0.031206712189425858,0.030089602649112635,0.3359010920725724,0.013167379781430299,0.29769407758347705,0.8386821108600405
0.39,0.7892717269750078,0.6220480698394836,0.655040382208027,0.8010441902309118,0.8816485720214026,0.8926864925130225,152,7,7,0.5978401381615497,0.5982321320509097,0.888367440580402,0.6264245015510589,0.916741280868401,0.997009344693782,43,5,5,0.17207397375598532,0.17104015428856065,0.857482346579982,0.5385062801385437,0.8915900074594371,0.9958364602972068,24,2,2,0.0974503562906258,0.0963037886061853,0.7489904284541204,0.29795735703580195,0.7934630597987529,0.9917161844995239,17,10,1,0.0701184724956155,0.06873864512716912,0.1669395943434061,0.0231368717194765,0.14831554172641162,0.41272938435094947,7,0,0,0.031319115338189533,0.030192626592154104,0.498128962631382,0.02243591582377223,0.4961195805248203,0.9774759659108254,7,1,0,0.03119794395803419,0.029945070345300626,0.332198779627114,0.011318855474009187,0.29347316397302836,0.8428057857384299
0.4,0.7899648620022028,0.6232087455969745,0.6596202469586623,0.8010863108169237,0.881368513230071,0.8917860479325754,152,7,7,0.5976783021346194,0.5979274774312368,0.8892937404628408,0.6346034686116669,0.9167276729956921,0.9968216769233227,43,5,5,0.1718592888490565,0.17103619221057925,0.8567020622036972,0.541596016500986,0.8887819640719941,0.9958551648182901,24,2,2,0.097690149349306,0.09659891454046224,0.7501888104039961,0.28813413230722634,0.7962048188769635,0.9923561902915545,17,10,1,0.0703445556269451,0.06921582535549324,0.1674736410343899,0.02446832972598053,0.14912255800323573,0.41051867720909163,7,0,0,0.031247715955626195,0.030050556043831195,0.5016401141776224,0.026362072066778073,0.5027262844722833,0.9757721693589403,7,1,0,0.031179988084446907,0.029956952548108522,0.3333076447792016,0.012932605548561595,0.2906648883592313,0.8495388773406334
0.41000000000000003,0.7889099984031693,0.6265801920228226,0.6598074951364923,0.8005589520032581,0.8794079485909392,0.8905394409095878,152,7,7,0.5978429803335502,0.5981460400170556,0.8874987535943437,0.6309012666058312,0.9162738097672175,0.9967405199030887,43,5,5,0.1717006103297042,0.17097977807384768,0.857371181903741,0.5475665898100771,0.8893243616569544,0.9952289171913142,24,2,2,0.09766945067999784,0.09659729955068054,0.7507691156583016,0.2988032984364649,0.7969645667358792,0.9912971892230192,17,10,1,0.07031189669019232,0.06911241140160418,0.16650984684181985,0.021720451183053706,0.14781055024696205,0.4100043256466144,7,0,0,0.03125021674371222,0.02999434824454299,0.5017231161909983,0.023872959001377498,0.5008151041143771,0.9753910882831935,7,1,0,0.031224845222843165,0.030041742576462006,0.3367974494212422,0.014123840232631753,0.2988461425293494,0.8428545565936297
0.42,0.7955279014047336,0.62744862328888,0.6631422849073919,0.8074406272155745,0.8872367278161364,0.8977702959137203,152,7,7,0.5979146340618138,0.59842129280414,0.888897089157623,0.6314309611787338,0.9176293973685485,0.9969808688859358,43,5,5,0.17176155855576686,0.17083935637706116,0.8570695985264948,0.5382487500386739,0.8913997062096098,0.99612899844948,24,2,2,0.0977420513382899,0.09669055796615818,0.7496157060726284,0.2888676559340407,0.7924948597178658,0.9922391965961755,17,10,2,0.070200267831821,0.06917044967364538,0.24917759633449066,0.05860203377622385,0.2361065063948439,0.5178703298116927,7,0,0,0.031262424829710186,0.030003794034453607,0.4996159999423836,0.022279750257668218,0.4991792910114812,0.9774799363394419,7,1,0,0.031119063382598313,0.0298468009754409,0.3327981929564425,0.01234221158267151,0.29101090407839636,0.8444477303948015
0.43,0.7954350151002816,0.6315100855743887,0.6662268018909235,0.8063239644338663,0.8864916919887796,0.8968655769690419,152,7,7,0.5975659291487603,0.5977371723901176,0.8890254446449174,0.6361730977226957,0.9170160113744376,0.9962389430671997,43,5,5,0.1718842343256561,0.17115840459058926,0.857938399810267,0.5415748552719895,0.892193529822385,0.9959752166476364,24,2,2,0.0977107174748547,0.09679576330471426,0.7487579970391393,0.300947037683745,0.7913753701952306,0.990838554642082,17,10,2,0.07023266091474563,0.06892048904830285,0.24947268857047133,0.060530224273156276,0.23532510490594968,0.5161155698297446,7,0,0,0.03132342717220758,0.030056783325118748,0.49607024661255755,0.02656049668010513,0.4954893826131041,0.9740222715889951,7,1,0,0.03128303096377583,0.03016597527981964,0.33513853384552605,0.015150988820076124,0.2942673965612175,0.8398728316675044
0.44,0.7961644666803759,0.6323264034712756,0.6666981458211674,0.8071490273943569,0.8872774581437769,0.8977591205490106,152,7,7,0.5973011500243359,0.5977966851284788,0.8899332510906105,0.6423544748093006,0.917019890827141,0.9964942953887883,43,5,5,0.17197647224144197,0.1712957471849948,0.8584521390434818,0.5402325603473628,0.8930255997432289,0.9959572576437993,24,2,2,0.09791120070800716,0.09668631048577227,0.7498388718868619,0.2881062303344342,0.7953261259516937,0.9913481497890732,17,10,2,0.07036814520638263,0.06919897611074727,0.2496922073965893,0.05791393562373612,0.2352685468995006,0.5171565632125877,7,0,0,0.031182478181679765,0.03004896902612189,0.4993218196141168,0.02414771583444148,0.5003117853341321,0.9756932483684213,7,1,0,0.031260553638152465,0.029945321726116712,0.33457257541376134,0.012377319897558648,0.2960416165902863,0.851950448794021
0.45,0.7965024222325555,0.6336067025836087,0.6674823010739666,0.8078061021020722,0.8865603248763229,0.897339569426414,152,7,7,0.5972131210877527,0.5974186946968578,0.8902932023469925,0.6347755310312204,0.9185800965082466,0.9968815807676636,43,5,5,0.17223202420588637,0.17135296922396154,0.8580810281151295,0.5409308241040157,0.8919361321590397,0.9960821723797759,24,2,2,0.09768710893587283,0.0967565357687832,0.7493157251738743,0.2878185516794965,0.7936398398928317,0.9917140081037247,17,10,2,0.07042857300547606,0.06936675221586841,0.25046891719626924,0.06101966481006709,0.2377282884022619,0.5169934822373764,7,0,0,0.031236213787122935,0.03004005340266194,0.5045570840745122,0.02607745590715244,0.5051963359029233,0.9771948479918624,7,1,0,0.03120295897788908,0.029988421196988357,0.3335085781600396,0.012971538983133347,0.29275142448648367,0.8429527339947969
0.46,0.7954630161500038,0.6285660788455139,0.6632052623348192,0.8075024426055053,0.8868204433219026,0.8984259872414888,152,7,7,0.5976731233073641,0.5977792480820503,0.8890647146962927,0.6308646055439587,0.9173631028645539,0.9970348078246628,43,5,5,0.17196283619819422,0.1711447748778142,0.8568006287095609,0.5409739177684357,0.8905929310848424,0.9957895487841307,24,2,2,0.09764309070799301,0.09665808145168082,0.7500379285023028,0.3006353358183689,0.7939560512937982,0.9916730066364359,17,10,2,0.07022716238442973,0.06915210319262749,0.2489348341118113,0.05873364082392171,0.2346483202055717,0.5158231477664518,7,0,0,0.031198821065245762,0.029988148898380265,0.5008710494393699,0.025674457437998136,0.5029468641880442,0.9726619559087695,7,1,0,0.03129496633677316,0.030088763900956425,0.3335460913636941,0.013599399396716188,0.29312470086145115,0.841043589148192
0.47000000000000003,0.7956011083924667,0.6272597678235883,0.6623779834244818,0.8075450106900568,0.8862928056146901,0.8984414942732891,152,7,7,0.5978197746770927,0.5982131198048909,0.8889710091541931,0.6255944290352354,0.9185639691629239,0.9969969106126957,43,5,5,0.17192557367120645,0.17111387652275256,0.857162347023032,0.5412092361626721,0.891128516003176,0.9954265541804691,24,2,2,0.09758242570634047,0.09644554325355531,0.7503309693147564,0.2915699031107468,0.7937226003131116,0.9918494784846047,17,10,2,0.07016932819481449,0.06905896115160537,0.25058476922313266,0.06129817652611445,0.23547871303378262,0.5162285861864995,7,0,0,0.031229154558531248,0.03017989930846627,0.49777393908188516,0.025896139802881236,0.49662973743460415,0.9756523817982116,7,1,0,0.031273743192014654,0.03008209535513829,0.335096116562008,0.012073224822800446,0.2956912053208336,0.8409989926484661
0.48,0.7945720013726434,0.6314270266011714,0.665907031386406,0.8057981960977721,0.8854706266101231,0.89635128863031,152,7,7,0.5976722536778915,0.5980720412245399,0.8885760625516049,0.634737659743611,0.9158533650140396,0.9964365647018028,43,5,5,0.17151866297350737,0.17047583884846057,0.8556447788806871,0.5314946795184983,0.8904309004990141,0.9962729165754781,24,2,2,0.09780150022930283,0.09679881780527921,0.7487047154056209,0.29465367799319164,0.7907254911441551,0.9909708276685187,17,10,2,0.07027257285043668,0.06916639317125073,0.2481116762974819,0.05956287670753727,0.23447721044149433,0.5141709965883778,7,0,0,0.031392389921384496,0.03020775911851828,0.5006707375689955,0.02391515905191326,0.4999233329657094,0.9763122399561961,7,1,0,0.031342620347477125,0.030127475847685502,0.33277348449937744,0.01172465470142826,0.2931049526465319,0.8362037391892296
0.49,0.7953436773970414,0.6319286011273301,0.6663245755879927,0.8074650869806957,0.8860138692763408,0.8970748088198502,152,7,7,0.5975042231172031,0.5978585901823787,0.8885731273247285,0.6311394982893196,0.9170524856105304,0.9969744388571491,43,5,5,0.17217042983784164,0.17145210680946665,0.8564932383512037,0.5398056505307062,0.892067951884834,0.9958285591347277,24,2,2,0.09757717006161185,0.09663028211212898,0.7528850004232845,0.2894771216394549,0.7990061416544045,0.9924798204589474,17,10,2,0.07033225792424463,0.06925521175679661,0.24879275183134963,0.059552310895321973,0.23513424684044898,0.5130253367530093,7,0,0,0.031141336613772972,0.029926509320958382,0.4988879909735264,0.025218153736254724,0.49595215656746044,0.9745387455273107,7,1,0,0.03127458244532584,0.02994386856226021,0.3335892203374267,0.012818677030104067,0.2938963180172698,0.8411262258209672
0.5,0.7950850801591098,0.6281677946796024,0.6631395450454919,0.8067002171772701,0.8859964789890459,0.8971636239103793,152,7,7,0.5975239210254111,0.5978514170181299,0.888434668179207,0.6299355919528193,0.9173275010340154,0.9971864631217757,43,5,5,0.17208184792728234,0.1713572376275942,0.8580193751819386,0.5435351630722199,0.8913288710459775,0.9955236872664832,24,2,2,0.09766841737935733,0.09678747852875466,0.7480136687202317,0.29186113636556205,0.7866349178168056,0.9914914874451116,17,10,2,0.07024268922687332,0.06930394721815389,0.2504487022968075,0.0613832039676731,0.23507695884639657,0.51941119981849,7,0,0,0.031227084321973804,0.030083991519144298,0.5003386855126142,0.023710371503622152,0.5023073090306159,0.9758670140402464,7,1,0,0.03125604011910217,0.030007595743031426,0.3325824954927124,0.012412235641574097,0.2924637391174011,0.8389202274299892
0.51,0.795590377968316,0.6299829234135875,0.6637408961438366,0.8071988829765551,0.8865215817503475,0.8975469477276419,152,7,7,0.5976598631571003,0.5979421996197812,0.8886970469435955,0.6275087990548573,0.9166200982987049,0.9966498871133576,43,5,5,0.171718545845812,0.17087895383296298,0.857893191979068,0.5433415106168702,0.8920685378334692,0.9957467737490114,24,2,2,0.09763464217363468,0.09662841107691778,0.7505077704614951,0.29303600960143966,0.7963519139772278,0.9918011821114231,17,10,2,0.07057307139131225,0.06934139541192824,0.24944828679704034,0.06052822763131496,0.23629854088863939,0.5176491094085383,7,0,0,0.03118490129422136,0.030136555454512288,0.5027234382492892,0.02469199569902902,0.5021060788246827,0.9753699351378186,7,1,0,0.031228976137919418,0.030034390951009078,0.33470421152664287,0.012146791061036173,0.29467377212809875,0.8427390398278676
0.52,0.7957801502014535,0.6295034351585285,0.6656628118533255,0.806996185780491,0.8860057410176025,0.8969749885872155,152,7,7,0.5978860665788227,0.5984395006467864,0.8887063365290105,0.6289308870252984,0.9169051463690101,0.9964771220224543,43,5,5,0.1717416026504049,0.17060939433697095,0.8585631002208189,0.5444392294574761,0.8921847913123166,0.9954205120127383,24,2,2,0.09759829661886149,0.0964722134737275,0.7501838475766237,0.2914865879491503,0.7949039332225981,0.9920057402679191,17,10,2,0.07032142287788153,0.06919555473647009,0.25230717437070016,0.06208864764416997,0.23839956743843996,0.5213592480764443,7,0,0,0.031262959484897,0.030053829678352875,0.5004431006617021,0.026507721198855954,0.501474143216281,0.9726887729186157,7,1,0,0.031189651789132307,0.030011997316341223,0.332568639052202,0.012894284242270805,0.2927814667612355,0.8399791587653009
0.53,0.7961577055561927,0.6342425709509816,0.6660783519385517,0.8074517478129164,0.8866498416107309,0.8971761348736647,152,7,7,0.597915573281686,0.5982014091735743,0.8902008579636881,0.633601112753497,0.9183314476478852,0.9968818401904291,43,5,5,0.17179324084427378,0.17088292900171484,0.8561485574712934,0.5352014282781025,0.8899264838609053,0.9957722369209303,24,2,2,0.09754477675154564,0.09663372774696721,0.7487979866888481,0.28890362814766607,0.7925525833831472,0.9922623077359486,17,10,2,0.07042689477615265,0.06910399411333032,0.25134393424965645,0.05978094556854295,0.23707942979332355,0.528822486290689,7,0,0,0.03125255293034552,0.029936966083837505,0.5016345702016425,0.025628377335776893,0.5019511866350548,0.9738223232843647,7,1,0,0.031066961415996453,0.02984285100632959,0.33173608906428886,0.011586727051023716,0.29089672809213585,0.8417899857996736
0.54,0.7951373308368956,0.6312642768547142,0.6658477707403504,0.8063085514841004,0.8869510849382589,0.8972291483563866,152,7,7,0.5978721349446569,0.5983801861807645,0.8883715882238055,0.6343627095905404,0.9155980788552798,0.9970011888863872,43,5,5,0.1718702546122262,0.17112645910031482,0.8568362693602873,0.5351106019943284,0.8914818924306741,0.995863310676233,24,2,2,0.09755743900814307,0.096733553781227,0.751891494516683,0.2835351512251114,0.7963594379477839,0.9922459942394813,17,10,2,0.07032633669777509,0.06918734896280782,0.25001176186804863,0.05807570562089474,0.23546072975133225,0.5220274014948889,7,0,0,0.03109797239681354,0.029840456106720696,0.5018528583691594,0.02578925445907922,0.5045666274660336,0.9749162376468091,7,1,0,0.031275862340385284,0.030003569063955696,0.33006083966710864,0.01232527067460221,0.2886016846078865,0.8343140159530453
0.55,0.7947752508098878,0.630764252533084,0.6646199953207029,0.8058764505543792,0.8857166478561054,0.8972823782003148,152,7,7,0.5976055692857601,0.5974477408596606,0.8881706543267109,0.6297638623401279,0.9153996756417357,0.9964268518760432,43,5,5,0.17165825822427305,0.17061697552352445,0.8579189712100672,0.5406603196214774,0.8900722552522949,0.9962195938518197,24,2,2,0.09777372519968512,0.09651047806881652,0.7479468349996752,0.2930825337156504,0.7928337170029105,0.9912038292045435,17,10,2,0.0702161008286198,0.06895628542395181,0.24929126424581427,0.06009441689485963,0.2330276742617573,0.5201448676692897,7,0,0,0.03137979356796918,0.030156008181171,0.49698403841056166,0.023662237609471944,0.49609387835733637,0.9736414066849911,7,1,0,0.031366552893692605,0.029991922353070452,0.3349423853704868,0.013603528146588564,0.30004675136191555,0.8347170186201626
0.56,0.7958075148345415,0.6305127141200673,0.6651713579102412,0.8079107649984751,0.8866959397119326,0.8976306618949547,152,7,7,0.5981079821346412,0.5984040329307847,0.8894676768955047,0.6322852440123075,0.9176527732959958,0.9968194069571898,43,5,5,0.17174543152186164,0.1708115000899632,0.8576507491584319,0.5362675729806892,0.8922017186389102,0.9956827187736299,24,2,2,0.09761714811732318,0.09659485206413601,0.7487951978661266,0.2962592804455918,0.793632006759264,0.9914588663137109,17,10,2,0.07023708182269688,0.06909478616773591,0.2492252538151072,0.059806343307817145,0.23654154959054774,0.5112802094427196,7,0,0,0.03111030574193357,0.029962153717553133,0.5014028811848027,0.02502511446969417,0.5004284612401285,0.9770947440233141,7,1,0,0.031182050661543555,0.029967010784210636,0.32845493287202826,0.012417762735714074,0.2863757660055266,0.837142293316021
0.5700000000000001,0.7960658291846601,0.6297735545630999,0.6650734451950759,0.8083320827620983,0.8855888321015444,0.8959381414652244,152,7,7,0.5977367283024257,0.597940503666176,0.8895835960799284,0.6322460947539574,0.9178191950959288,0.9967660928165738,43,5,5,0.1719216958324521,0.17107252918705979,0.8573383163822164,0.5397910948364314,0.8911214454527252,0.9955012843703223,24,2,2,0.09757680696804596,0.09645396259126557,0.7506111021737665,0.29054634629543963,0.7935796086767275,0.9909447585518886,17,10,2,0.07039360925342006,0.06943612681884301,0.2493342648364825,0.06054125750879229,0.23502560852693036,0.5188362786272913,7,0,0,0.03122809147200662,0.030050565700918613,0.5015985620245887,0.024153649159023842,0.5037878664720494,0.9759077313083366,7,1,0,0.031143068171649517,0.029940140538893892,0.334492154078291,0.012415088527780175,0.2930385684237906,0.8415334705702161
0.58,0.7954448959666724,0.6321132705211888,0.6658772306301372,0.8059984187058851,0.8854720677376812,0.8970683693296116,152,7,7,0.5976576506740648,0.5979677140256627,0.888658968728221,0.6359849473894293,0.9162963724980688,0.9968064286972084,43,5,5,0.1719347530718082,0.1709847922052441,0.8583297924301213,0.5323762165042053,0.8927291964938582,0.9958801185291829,24,2,2,0.09766258660591333,0.0968709197513227,0.7492819357438141,0.2969012698361967,0.7933729980352024,0.9899940086407157,17,10,2,0.07029796140809873,0.06918022069289102,0.25018170462906,0.06083627098460518,0.2370086624085347,0.513386420881222,7,0,0,0.031222611532207692,0.0301021742326842,0.49978163722441826,0.023875507876209096,0.49942938153944516,0.9760596635557448,7,1,0,0.03122443670790722,0.030159007796771574,0.332654505719535,0.011535367196731042,0.29155576601932154,0.8405955690679108
0.59,0.7948528413186022,0.6298257825841366,0.6637002013415347,0.8059603113844407,0.8860250169206522,0.8972562960835458,152,7,7,0.5974588502500471,0.5977954348537189,0.8886215840194798,0.6315118323367764,0.9164860797184197,0.9969506067080203,43,5,5,0.17199924363892147,0.17092534069548967,0.8575970609456526,0.5389443948005863,0.8927076403616956,0.9964985825349331,24,2,2,0.09752622949012393,0.09640396611496702,0.7465894886066704,0.2775321665957721,0.7904995208119006,0.9919909740123813,17,10,2,0.07040413898873535,0.06935906669902014,0.24833935587711745,0.059556583319150716,0.233422607709577,0.5144885899824877,7,0,0,0.03131232064239457,0.030152408307574367,0.4997735515488895,0.025635296630960203,0.4989289661343746,0.9731382781749353,7,1,0,0.03129921698977761,0.03015927571243298,0.33347382409699733,0.013708759368529307,0.29459637193092547,0.8405600016089327
0.6,0.7946714751990344,0.630669199818741,0.6634719431154891,0.805980953204071,0.8869510939990095,0.897928430860028,152,7,7,0.5974042880140359,0.5980479910797967,0.8875292540627949,0.6240615470740427,0.916563486817848,0.9970464794740418,43,5,5,0.1719878853899602,0.1712156508854863,0.8569673322508932,0.5411502195452274,0.891430682740711,0.9955590760159837,24,2,2,0.09763408753809609,0.09658999672342669,0.751201092925271,0.29757180039564135,0.7937991656617351,0.9917831667149474,17,10,2,0.07013971945071669,0.06914509892397033,0.2496688825771719,0.061237128312355886,0.23440590759274643,0.5163144747761882,7,0,0,0.031466799643415436,0.030287663789600502,0.4996737497284222,0.024493207340042993,0.4998190409272467,0.9758375292420792,7,1,0,0.03136721996377575,0.030199693949511622,0.337613994267601,0.014209297676019942,0.29898490453870463,0.8403444067134943
0.61,0.795506905165353,0.6277081241063761,0.6644540844782691,0.8074864213149815,0.8859847852662325,0.8964585904569762,152,7,7,0.597620493378816,0.5977374931505073,0.8896426745422752,0.6296601847545301,0.9185669735712614,0.9966962257125194,43,5,5,0.17193927535019976,0.17111678664030136,0.8551793631042092,0.5383621908017546,0.8897461170893444,0.9958592371147885,24,2,2,0.09774030574300353,0.09680863031185541,0.7464112455973397,0.28297551512442626,0.7897679905710882,0.9917397341047802,17,10,2,0.07018764888724631,0.06907990065314543,0.25143642989218057,0.059009313197755146,0.23771344857539328,0.5226786665331395,7,0,0,0.03128031008509435,0.030051034475322744,0.5034371054663281,0.02617301950984926,0.5045003414018642,0.9762107081603906,7,1,0,0.031231966555640173,0.02998579771197564,0.33392337000719713,0.011413449196936789,0.29238750148198744,0.8468494570786369
0.62,0.7953504626390352,0.6315228255482258,0.6638409410715035,0.8070356246849302,0.8859040195030168,0.8969057650173967,152,7,7,0.5976934237605142,0.5975701315720092,0.8884410495740446,0.633291092818689,0.9165016153933467,0.9968964075917928,43,5,5,0.17176296578475098,0.17118484173650203,0.8577832217705204,0.5462448626364242,0.8923706697966849,0.9956868298281857,24,2,2,0.09770010569654491,0.09663122894858475,0.7502397309916935,0.29765687996099083,0.795741323055257,0.9902146548225893,17,10,2,0.07035541230086241,0.06926970953716183,0.24982959794503692,0.05902627107673274,0.23552899560293575,0.517804596605976,7,0,0,0.03132419481062338,0.03017866253685357,0.5037879155236922,0.028152749178455835,0.5078712364081732,0.9718249900370068,7,1,0,0.03116389764670422,0.02989399922063629,0.33262883763438894,0.013560603994467185,0.290852738831519,0.8426314387810993
0.63,0.7948077173975525,0.6305215733687423,0.6625855935819976,0.8065340118935992,0.8854328484856183,0.8962989078227315,152,7,7,0.5974506197547478,0.5976471967447881,0.8883210518880438,0.6315189703784844,0.9164389840434481,0.9969090774553013,43,5,5,0.17197047736792792,0.1709734320965643,0.8563706229776497,0.5432338723825589,0.889459854316566,0.9945915777686308,24,2,2,0.09783944722158212,0.09650878366713991,0.7490174719201176,0.29219583715130143,0.79172753586028,0.9915163195649833,17,10,2,0.07038371090355106,0.06927514429252532,0.249932423872089,0.06007530285415194,0.23540311589896,0.5181762179329399,7,0,0,0.03119382873225059,0.030102751385005164,0.4980266149334716,0.023655305176101895,0.4978025798392346,0.9710717228777871,7,1,0,0.03116191601994058,0.029996920179033777,0.3342753568076907,0.013084412471232498,0.2950530272784595,0.8425967025974919
0.64,0.7960189679640134,0.6307516112228958,0.666695773510849,0.8074266685367253,0.8862000858377155,0.8976965906427424,152,7,7,0.5975715149915478,0.598175776606455,0.8897043118351051,0.6322140260856867,0.918281090438491,0.9968693287157516,43,5,5,0.17176322306078629,0.1713604243156005,0.8574533657308512,0.5508681226378114,0.8899101688078473,0.9956339455110627,24,2,2,0.0980605989979876,0.09695170026822303,0.7491346149488145,0.28972263099160844,0.7922060833824895,0.9917016937214023,17,10,2,0.07032351394289509,0.06918218581697044,0.25074745451635466,0.06080960374686297,0.23676923598307437,0.5188329767034158,7,0,0,0.031052906820694767,0.029890043463749967,0.5024697674826297,0.023986968713824833,0.5038930301149684,0.9759835395899426,7,1,0,0.03122824218608847,0.029895717476334203,0.3345830184100084,0.012242383896722827,0.2933719994557364,0.8469283975426235
0.65,0.7960569141794158,0.630598189898664,0.6665976792224865,0.8077789355895313,0.8851731258310757,0.895907820963674,152,7,7,0.5977756063560514,0.5979081817769932,0.8898179093818553,0.6364429667848706,0.9172626694731777,0.996763094035444,43,5,5,0.17157147193068503,0.17067716297429203,0.8564338539880021,0.5463217313067953,0.8892519034244385,0.9954460713900274,24,2,2,0.09769743832134561,0.09655352475024565,0.7512456559197459,0.2953322812973498,0.7952858923848976,0.9920880628482708,17,10,2,0.07042521818384148,0.06918601926596452,0.25303737639972734,0.06509741164268243,0.2389699959480508,0.5194592954766906,7,0,0,0.03125116295101879,0.030031535174581375,0.4988528914811078,0.026008002331304212,0.4971157151492471,0.9743860855532644,7,1,0,0.0312791022570577,0.03015079954286662,0.3324348135321201,0.01202496888937659,0.29211815320662227,0.8375658096921309
0.66,0.795785593607553,0.6251079105610952,0.6608126642355997,0.8078938095663699,0.8875584965458339,0.8985059813034771,152,7,7,0.5974713684092272,0.598020757301241,0.8893344602309753,0.6238282720212077,0.9188343853067881,0.9967870573793527,43,5,5,0.17184179346948655,0.1710711566063488,0.8573906265744083,0.5429674696761062,0.8908635952448787,0.9956895259504163,24,2,2,0.09765605806286098,0.09642316738053447,0.7507490623516662,0.2949274480120347,0.7955681921306053,0.9915899359638937,17,10,2,0.07026634739422023,0.0691848589927626,0.2514056408666688,0.06052000052966388,0.23659497731370868,0.5213023221425165,7,0,0,0.031379944014825634,0.030159568646672855,0.499156589863366,0.02802225781481356,0.49974196945947713,0.9745643702312425,7,1,0,0.03138448864937938,0.03011757875995158,0.33320347772016334,0.012314553359179328,0.2920914033847726,0.8458329310550209
0.67,0.8021844496120185,0.641012608337935,0.6760277215787506,0.8128964028021182,0.8920029453870657,0.9021528114654107,152,7,7,0.5977342372228698,0.5977097714765701,0.8896714846186784,0.6368620873728921,0.9181563035228208,0.9966319085728608,43,5,5,0.1719012866972233,0.1712036968325823,0.858171812429275,0.5430005073920543,0.8902516138490607,0.9954320196985712,24,2,2,0.09754329002353637,0.0964381941262786,0.7508482544454361,0.2955292257449918,0.7947979728410994,0.9916913715276526,17,10,3,0.07019981218455501,0.06922205674792131,0.33378824947441355,0.10771307990483078,0.3245567344482003,0.6113065114444066,7,0,0,0.03138483248582362,0.030179026190454122,0.49954589359248075,0.022759942824131987,0.4994396986939442,0.9749065829483214,7,1,0,0.031236541385991985,0.029913036364265917,0.3348892682196392,0.012450926078657693,0.29529679006369947,0.8455379331110414
0.68,0.8019873225777784,0.6376954156762077,0.6707338420797122,0.8136490160907734,0.8919832006145955,0.902849372689229,152,7,7,0.5974583550191789,0.5976536226856651,0.8899628115046427,0.6331634863916314,0.9187808652626455,0.9967703450010539,43,5,5,0.17191755198452632,0.17092797093797774,0.8565516513288309,0.5435488925626875,0.8899574802246346,0.99584610145739,24,2,2,0.09778329431119673,0.09676975627052567,0.7513637406665372,0.29627374101744985,0.7941474741493405,0.9914689601826836,17,10,3,0.07030842484658856,0.06915557723214952,0.33360810206345226,0.10619946736129683,0.32483917855818245,0.6135945123693907,7,0,0,0.031202330051027523,0.03000024825100979,0.5011108199728325,0.024870946158410834,0.49967654742814077,0.9749338898203554,7,1,0,0.031330043787482026,0.030116864949236127,0.33440190200322295,0.01373602212752953,0.2948660802246449,0.8438837132424455
0.6900000000000001,0.8011983381306028,0.6343337871595895,0.6698735234156549,0.8138561584673278,0.8924664362385982,0.9026774113738439,152,7,7,0.5975755762015512,0.5980324949216498,0.8888105757435931,0.6298949865399992,0.917966255595671,0.9972948734458466,43,5,5,0.17182268533302295,0.17083983937956196,0.8559249070666719,0.537636849475407,0.8895856102370338,0.9952956623111422,24,2,2,0.097808316312806,0.09667833763582662,0.7507717529655552,0.30072280199253165,0.7945617309134687,0.9920243451679778,17,10,3,0.07033484988743606,0.06918849717463302,0.33275875621875073,0.11166060000871586,0.32148924905059495,0.606909917814311,7,0,0,0.031281843814227626,0.0301936021311225,0.4985726087434937,0.024048851519195533,0.497395740232562,0.9751684967779197,7,1,0,0.031176728450956055,0.02989787642174352,0.3364011667130154,0.011942326698760568,0.29414394292205626,0.8468477443967753
0.7000000000000001,0.8064331143309915,0.6416722605941185,0.6745796824495608,0.8174436778512482,0.898108570749541,0.9092185963037038,152,7,7,0.597532336856269,0.5976490709311248,0.8883627678685964,0.6315492446681031,0.9155205686772454,0.9966189530084814,43,5,5,0.17180900879038835,0.17092537883947806,0.8568086067261707,0.5447178775053638,0.8895731429926912,0.9953903897718503,24,2,2,0.09769561926120099,0.09655704024902073,0.7509008225491973,0.2896384364519127,0.7958181496696406,0.9925341221454012,17,10,4,0.07048819226725103,0.06953165331785284,0.4144601580910232,0.164530412678308,0.408872359709143,0.6889552256638262,7,0,0,0.031233507848183916,0.029961131721109285,0.4984850745685623,0.02671257440573916,0.49814766444588354,0.9730849816070811,7,1,0,0.031241334976706718,0.030029871618147283,0.33271636934460536,0.011565230903364906,0.2900854183531004,0.8441936151412548
0.71,0.8068222224881452,0.6422633991025865,0.6775072097717377,0.8184462389611229,0.8969941619330831,0.9084782665955847,152,7,7,0.5977272398385878,0.5979683123859943,0.888919503701987,0.6298621303450838,0.9168532681662412,0.9967807409684029,43,5,5,0.17144858580132247,0.1705855373250143,0.8572325268480736,0.5389898870579183,0.8927421824753399,0.9954712152564907,24,2,2,0.09780480478458264,0.0968719646936336,0.7492011790692068,0.2863464327006271,0.7915590332958614,0.99166373711235,17,10,4,0.07047137191335448,0.06944080440785666,0.4163372104489657,0.16986443578747948,0.4114321676554898,0.6925840407645859,7,0,0,0.031368546785972784,0.030040426343748566,0.49846150335148115,0.02468243066406987,0.49511357471760054,0.973281550145355,7,1,0,0.031179450876179876,0.030023301240605104,0.33118590496666117,0.011620036625205232,0.2910960241922428,0.8433987790691944
0.72,0.8072226550569076,0.641948336358203,0.6788331991445994,0.8182313751303015,0.897667909898153,0.9076846858223011,152,7,7,0.5973526346119873,0.5974822904013601,0.8888185320010081,0.6285072334613271,0.9165343198493876,0.9970816247771866,43,5,5,0.17211339732687178,0.1714521673045188,0.8582430015896778,0.5395105987646761,0.8930757540517706,0.9958732048446338,24,2,2,0.09767063654534373,0.0968367731005756,0.748824099523232,0.2785363706315149,0.7931889399858941,0.9918184064662012,17,10,4,0.07019174900474852,0.06907270576609485,0.4169198440415856,0.16860989024384257,0.41311950065595504,0.6888625029671351,7,0,0,0.03138791019206183,0.030207521121530932,0.49841054571890053,0.02031893840887908,0.49789057539057213,0.9770848894352063,7,1,0,0.0312836723189868,0.030204744092092336,0.33368811419307465,0.012657161908879888,0.29240222671268157,0.8418344900301505
0.73,0.8072083103342257,0.642709176242982,0.6782609815573656,0.8187309110737842,0.8971989705332938,0.9088010267351161,152,7,7,0.5975786073279401,0.5979409278910889,0.8888151417926629,0.6329886698483767,0.9167307986277092,0.9967606519249748,43,5,5,0.17207955704225522,0.17106375959396397,0.8578001580651553,0.5362495686864234,0.8931872360787845,0.9962026431443586,24,2,2,0.0971941877150049,0.09617303352942627,0.7496499767090212,0.2917814705526677,0.7936735682146014,0.9908559435234451,17,10,4,0.07043371786207778,0.0693983937002023,0.4176914263603303,0.16724799549879238,0.41251759743708405,0.696239802057102,7,0,0,0.031324974079573485,0.030266135168831147,0.5017205152568314,0.02662134378167123,0.5013164579354132,0.9750027499569734,7,1,0,0.03138895597314856,0.030266304272325795,0.33273755874285843,0.01249241823444625,0.2923269201703036,0.8394900446034455
0.74,0.8075246892640878,0.6412950138555744,0.6772107516719174,0.8194007186000917,0.8968542660443678,0.9080987568382509,152,7,7,0.5978671076889366,0.5980585239550394,0.889304902629686,0.6325783566780828,0.9164410952148896,0.9967679316849851,43,5,5,0.17196923679461287,0.17070167439977396,0.8579798447622449,0.5395162613099036,0.8926396411024281,0.9961930396217404,24,2,2,0.0975665577145457,0.09664152861611482,0.7470203519375396,0.28424565899071874,0.791145005059268,0.9919033524431654,17,10,4,0.07023698621504286,0.06924841528600992,0.4181465175493455,0.16641052149551538,0.41370710690299584,0.6943224734958953,7,0,0,0.03121574438129417,0.030013921993967577,0.5013925884666752,0.026571752048767834,0.5026345439222444,0.9721640657177918,7,1,0,0.03114436720556782,0.029982882681940028,0.3313058608256953,0.013355421006647217,0.29387766927576753,0.8377000503446821
0.75,0.8072002490975929,0.6359442126445132,0.6736353572264662,0.819352856678066,0.8981048585318283,0.9083766963798502,152,7,7,0.5975785062627985,0.5979833454621456,0.8885172172996875,0.6287069885577882,0.9163055380063703,0.9964914420378824,43,5,5,0.17189776647549002,0.170878907704212,0.8577582609054569,0.5310899876981156,0.8940356840543012,0.9959909974747754,24,2,2,0.09750887143066879,0.0962631548542007,0.7516471604017476,0.2980459261493996,0.7940240119217319,0.9906548663272536,17,10,4,0.07041710225676294,0.06933147885916668,0.41629901630443855,0.1653528835658368,0.41247638884035126,0.6863390086286235,7,0,0,0.03137561295748447,0.030253443644584127,0.5011278082453781,0.025670117355778718,0.4998021053914601,0.9756752762667813,7,1,0,0.03122214061679526,0.029990279188508835,0.3350281790699076,0.012752020627406317,0.2948765516969516,0.8441608648025192
0.76,0.8069274206452961,0.6396481881291538,0.6758056005362804,0.8188304651126895,0.897225381053566,0.9074946980014167,152,7,7,0.59757831609795,0.598018313967374,0.8885623245886289,0.6310850582390685,0.9159848348772492,0.996809765210283,43,5,5,0.17194712158099917,0.17134723376878674,0.8570537678586834,0.5382382290524467,0.8913331174409482,0.9959823017169774,24,2,2,0.09757677502250112,0.0965602078095171,0.7480772547011914,0.2943473526476461,0.7927232973145851,0.9924703017709485,17,10,4,0.07027681734304093,0.06905419369213855,0.4182359405698826,0.16751685618527798,0.41324942362236705,0.6921254955726743,7,0,0,0.03127351521446786,0.03012258177577779,0.5009257542484231,0.0272502443978999,0.5008992998639878,0.9751048946611199,7,1,0,0.031347454741040996,0.03010181194155073,0.33388900594246756,0.012016541582276098,0.2938010207662411,0.8427813908286858
0.77,0.813367381514231,0.6514430065139654,0.683622842431369,0.8249771896598638,0.9030290338462261,0.9133313141556266,152,7,7,0.5974880759698388,0.5976547168512238,0.8894467384091576,0.6333378696506652,0.9172664778766484,0.9963493560914204,43,5,5,0.1719763861031532,0.17101883970542178,0.856931935614962,0.535071166853203,0.8908594098314604,0.9960277469701689,24,2,2,0.0977684068655507,0.09679261705972889,0.7506743465163827,0.291293637014903,0.7973015822544385,0.9914223087112504,17,10,5,0.0703101032344167,0.06918268326071897,0.4978248255715406,0.23100079826274098,0.49896600758273296,0.7651296484465704,7,0,0,0.03128574895009023,0.030022521740877335,0.5036548789326266,0.02774235717831133,0.5069142019273081,0.9716369665795768,7,1,0,0.031171278876950446,0.030106731915969583,0.3361032718424019,0.014223324532255933,0.29554792775265426,0.8371212668628923
0.78,0.8130979532131292,0.642691363082946,0.6810051292537276,0.8253054025902145,0.904155465187701,0.9145452911072955,152,7,7,0.5975525851994008,0.5977256980586432,0.8888112594479537,0.6290430577073828,0.9193680868520349,0.9968599614055712,43,5,5,0.1720654447130695,0.1712859958200266,0.8561413656310681,0.5361586839300082,0.8889616148567621,0.9957303591031902,24,2,2,0.09740706590802349,0.09618003737996335,0.7522769752933107,0.30097630916611084,0.7950893582061627,0.9920210506042837,17,10,5,0.07039610545005569,0.06922406397009459,0.4989173594852103,0.23304605903394143,0.4978526388264597,0.7639510361081064,7,0,0,0.031258614385254305,0.03004210489761525,0.5038795455723138,0.024579801259945275,0.5068961867108831,0.9768555956527442,7,1,0,0.03132018434419619,0.030083675015282474,0.3330598535796597,0.013099415911444322,0.29476077963387937,0.8324531579126998
0.79,0.813423184377385,0.6468509060671551,0.683277742641948,0.824840527794213,0.9037283927035437,0.9142484882116083,152,7,7,0.5976139724230638,0.5980626800799139,0.8889981788331245,0.6332393108075294,0.9171081238319341,0.9967358473576753,43,5,5,0.17174495472836676,0.17085517847917714,0.8578784936395323,0.5392172857684162,0.8913943467815632,0.9964918990783198,24,2,2,0.0978450967146964,0.09681906758543432,0.7508233377579758,0.2935654450132721,0.7938104088963369,0.9910049531420826,17,10,5,0.07039132395507332,0.0693230778996468,0.5005136114414325,0.23366232979568632,0.5020631587492628,0.7675309791430712,7,0,0,0.031227080141100018,0.030105082726559707,0.49855528936756077,0.024764816651269464,0.4957825903457782,0.9726087785789441,7,1,0,0.03117757203769971,0.029891081580356894,0.3350720510857692,0.011698458906258166,0.29438234230847427,0.8512292005671662
0.8,0.8128828864467945,0.6486867238900419,0.6829150670601328,0.8250012256089778,0.9023695407836139,0.9137348772769724,152,7,7,0.5977571203834755,0.5984500455541687,0.8883649490048735,0.6294985804895186,0.9156148367636521,0.9966365436289054,43,5,5,0.17175300172225108,0.17089806263992396,0.8581133805614929,0.5447118476529675,0.8923554025516076,0.9960051598499782,24,2,2,0.09772670168167787,0.09674077478399448,0.7525329314144106,0.3023683804066773,0.7948041859084755,0.9918961798731281,17,10,5,0.07016826009886006,0.06912439584742978,0.5003686195059149,0.2325188903979571,0.5003523706567303,0.7673347502842182,7,0,0,0.031299126821680005,0.03003732068129082,0.49740162050487935,0.026594306896993738,0.4963671052887063,0.9726414269445302,7,1,0,0.03129578929205548,0.030060060868102863,0.3331243996613657,0.013646598435161606,0.2908957953066573,0.8424574201620758
0.81,0.8126566836920938,0.6463792301487169,0.6817567622440673,0.8246517620836399,0.9038081722902169,0.9140903107002624,152,7,7,0.5972997016312771,0.5977066098100363,0.888780835833938,0.6267891198148334,0.9175134179959002,0.9968530833193886,43,5,5,0.1718041671512341,0.17088852789043696,0.8571182468238316,0.5405789227085451,0.8920056350427442,0.9957871313386429,24,2,2,0.0977846756733696,0.09668616943993555,0.7507907737869055,0.29907490853870455,0.7956577979990367,0.9916386699324006,17,10,5,0.07045535073362226,0.06947802871167397,0.5004040199861326,0.23118788723496853,0.5011016259772396,0.7685244599508166,7,0,0,0.03133962030936297,0.030275583895013572,0.4957108483924239,0.024302034108556747,0.4935864039021274,0.9741430828000343,7,1,0,0.03131648450113396,0.030002855315756367,0.3312846917551368,0.013606998545841038,0.29126566261757275,0.8370629198566396
0.8200000000000001,0.8137369135297621,0.6512474317963066,0.6850236791596261,0.8247699512571789,0.9029620840220649,0.9128488777327576,152,7,7,0.5976781814979955,0.5979845996029955,0.8894697658894594,0.6344054760014904,0.9168724727574298,0.9968355040343148,43,5,5,0.1718415130615488,0.17110497759374,0.8575998102177961,0.5497003830994036,0.8910251315505666,0.995510952633383,24,2,2,0.097762383736192,0.09680396609004718,0.7497374787977006,0.2923405512789424,0.7929015553162062,0.9907372464852072,17,10,5,0.07032348666096254,0.06905388332497803,0.5012981515992327,0.2380096832567765,0.5006316259976447,0.7666488340689612,7,0,0,0.031221255769032404,0.030042265485154086,0.5016674961328267,0.02598769517314459,0.500894668723552,0.9759781492905897,7,1,0,0.031173179274268846,0.029973930118804747,0.3353731665604612,0.013156974882688029,0.2964268742056675,0.8487934799104511
0.8300000000000001,0.8130911391354692,0.6464605365254967,0.6811468190466605,0.8247144624761029,0.9031454432943107,0.9138894885067622,152,7,7,0.5977942098953452,0.5980318618192781,0.8890411974599097,0.6279839097295107,0.9176355856706033,0.997095074772372,43,5,5,0.17198972700848172,0.17094069129963957,0.8567656090247049,0.5380370154786138,0.8903229206350971,0.9957632333757647,24,2,2,0.09753356252292554,0.09651452163248507,0.7506953877708055,0.2904282201470274,0.7936779660717777,0.9917263512538818,17,10,5,0.07033865516237467,0.06934802262564731,0.500190996349674,0.23864558881092915,0.4995459915433036,0.7690989792516296,7,0,0,0.031090755442527165,0.029940040726694598,0.4990453541571207,0.024374541174200428,0.49996250863641567,0.9749796878182397,7,1,0,0.031253089968345846,0.02995660420852979,0.33226391206764905,0.012516528370223667,0.2917621858359222,0.8405470970449813
0.84,0.8244605572349669,0.6595694650420517,0.6954486845865854,0.8359549319745079,0.9128575700678643,0.9224666867696732,152,7,7,0.5975038681234943,0.5978668176893291,0.8908402449880903,0.6278407691756986,0.9185097566673259,0.9973333223761797,43,5,5,0.1719051861503998,0.1713124914771982,0.856725035892277,0.5516321776256736,0.889277944443053,0.9957800136524847,24,2,2,0.09769016151259134,0.0967357089301617,0.7479240327418231,0.29380739720683813,0.7895913035119209,0.9913755577101216,17,10,5,0.0704003966147644,0.06933147450312699,0.49982401986771374,0.22939307971264858,0.4995752645828928,0.7702478987295173,7,0,0,0.03128930336234314,0.03016016869015293,0.5020703618907599,0.02659705442535953,0.5053022822589319,0.9740119638060482,7,1,1,0.031211084236407012,0.029978947848479248,0.6691112629797799,0.1528344867337008,0.7098868298780985,0.9889696030885066
0.85,0.8230183813892288,0.6562603094703147,0.6903641566528034,0.8360866766463813,0.9126343629280154,0.9221466366667957,152,7,7,0.5976336898727415,0.5982121670089022,0.8883731241039493,0.6280802751897699,0.9167815557833418,0.9968164447021512,43,5,5,0.17179778641733887,0.17107157517084315,0.8572520937762717,0.5417496815475626,0.8915186248824636,0.996088702929301,24,2,2,0.0978838812556823,0.09686221113311655,0.748556268635499,0.2879793419948944,0.7909198365395207,0.9924452523305813,17,10,5,0.07017731737562943,0.06909169402385149,0.5000486077102616,0.23364825237201087,0.5012306855513384,0.7682372411864176,7,0,0,0.031246855065443477,0.02996723339905203,0.5004893984080928,0.026427580768892744,0.49954446481829884,0.9731516977828901,7,1,1,0.031260470013164544,0.030055037180658904,0.6690842384095894,0.16476465702024545,0.7100906247837016,0.9870316657924756
0.86,0.8234157196637065,0.6557353672573039,0.6916890483358406,0.8352020010384641,0.9127651252847815,0.9231167488883977,152,7,7,0.5975991633684035,0.5977762174239083,0.8887227010503955,0.6239149164525679,0.9170189062889331,0.9970266902884647,43,5,5,0.17187011144430495,0.1708967991084605,0.8574728451132403,0.5470423793663691,0.8909581857175104,0.9959480219817717,24,2,2,0.09777525117033466,0.09661208851960161,0.7500604874589842,0.2955255751688182,0.7936647060478008,0.9916937036274486,17,10,5,0.07039168315150308,0.06920607047883454,0.5010934299982612,0.23481619114235017,0.502055000231836,0.7677417862031873,7,0,0,0.031099534712436788,0.029917894195210258,0.5017113184686282,0.025503855808380677,0.5040217809402299,0.9733729277329336,7,1,1,0.03126425615301717,0.029980202736953163,0.6628568658781036,0.15546275691697217,0.7027323302104227,0.9860491964486529
0.87,0.8235510271166584,0.6569381409884804,0.6937306584375482,0.8350779562523102,0.9138831872966315,0.9239145968519197,152,7,7,0.5975869086647138,0.5975531103177432,0.8889581283765294,0.6305023892824372,0.9163838998589205,0.9971349119844267,43,5,5,0.17209209027175648,0.1711958648316839,0.856342940872739,0.5412985448694387,0.8906362429872265,0.9956592903552016,24,2,2,0.09750918815488878,0.0964214487835133,0.7513741115214344,0.2913911296427703,0.7966821709511835,0.9929185814959043,17,10,5,0.07032208489546897,0.06908197788032265,0.49981467181171535,0.2320477690884294,0.5001445410381469,0.7638661542432198,7,0,0,0.03124297139399095,0.02997165187670895,0.5015496991363574,0.020960774953437823,0.5020581128793301,0.9768852980919509,7,1,1,0.031246756619181172,0.03004793802101438,0.6662166207780391,0.1579187317310487,0.7077224685222602,0.9878139215539619
0.88,0.8227926519974447,0.6574888230733997,0.6943182091622316,0.8347875001748165,0.9120714836534276,0.9219761526263397,152,7,7,0.5978746709372929,0.5979093834242701,0.8875311866383547,0.6268189534878529,0.9150713982168186,0.9967780253831569,43,5,5,0.17183222312388555,0.17104236680940532,0.8578511984153273,0.5458211252111991,0.8903401225974517,0.9953810348966414,24,2,2,0.09747678249207024,0.09645846831531707,0.7505925369403695,0.2961816396176531,0.7947257039632432,0.9911282093781173,17,10,5,0.07021269309322693,0.06903247632340415,0.4999428263756485,0.23622295257505382,0.49998573459474616,0.7641915705977832,7,0,0,0.03132549533178733,0.03025289206464224,0.5024977254781108,0.025457837666350173,0.5039869838676464,0.9762122850837699,7,1,1,0.031278135021737125,0.030017173973653846,0.6662072990793126,0.15581677333462243,0.7073672176539298,0.986889811904366
0.89,0.8235714259664392,0.6540655965954646,0.6923539610694531,0.8361486069069217,0.91329342414051,0.9235791936648404,152,7,7,0.5972728760808578,0.5972196183271654,0.8887084663237167,0.6240639630120246,0.9177996886869675,0.9969972196797993,43,5,5,0.17179927780003584,0.1708453880061387,0.8571001381064116,0.5488676772560284,0.890439481039638,0.9953856787797958,24,2,2,0.09785718974618607,0.0969394759163372,0.7513334137894648,0.2993741854485719,0.7962393809595967,0.9917902441901078,17,10,5,0.07045834817052123,0.06940753664411717,0.5006518734178714,0.23268677431475138,0.49997056586795596,0.7651509886574278,7,0,0,0.03133048002082132,0.030095330509681367,0.5035789794087111,0.026539708272789553,0.5053897564971763,0.9751646182608885,7,1,1,0.031281828181577785,0.030118659836376648,0.670221699418765,0.16304203036924048,0.712006206669239,0.9872959081591219
0.9,0.8291487589138579,0.6667679720154671,0.7013540061208576,0.8404914145894529,0.9183403800709993,0.9283161370462789,152,7,7,0.5977756036176141,0.5980079077650984,0.8885071839675781,0.6328767477390441,0.9154921017227027,0.9967105437853305,43,5,5,0.17162600772402703,0.17083388592385695,0.8580772408569828,0.5501203573191767,0.8898999896445654,0.9957854711362942,24,2,2,0.09764340027587416,0.0964963995320167,0.7488573137326919,0.29070016715146135,0.7919790873223891,0.9920324453742211,17,10,6,0.07048729576376928,0.06930698577952682,0.5837930731099829,0.3032721869152468,0.5897626371576201,0.8326939159520816,7,0,0,0.031161593504139735,0.029924816126082512,0.4989058357485943,0.02184070765659256,0.49585671283853694,0.976595320607867,7,1,1,0.03130609911457573,0.03019651913075066,0.6667890899225635,0.15815418044252116,0.7084446504158071,0.986791253678557
0.91,0.82962960896332,0.6658114839661853,0.7010555661557047,0.8413351126744435,0.9186163365492738,0.9300516392572544,152,7,7,0.5975796687807103,0.5978980332055126,0.8899295295765262,0.6351725582731049,0.9185102018819569,0.9971020373628513,43,5,5,0.17195768667875863,0.17105112617521678,0.857151297390207,0.5443809603209708,0.8894495081163641,0.9956922894902197,24,2,2,0.09762424194011479,0.09665724093335415,0.7488469111730239,0.2912386652614197,0.791852925546616,0.9909100769791437,17,10,6,0.07030967283565101,0.0693187139001579,0.5827521565087248,0.30896557669024266,0.5874131126604596,0.8370207450755385,7,0,0,0.03125974358537826,0.03003226366566119,0.5003493632252412,0.023579243652904702,0.5021570416007655,0.9748301186432181,7,1,1,0.03126898617938706,0.030099299517823936,0.6656968452563253,0.1591677375547798,0.7040368607509908,0.9866474845918908
0.92,0.8284199527324786,0.6613325920588927,0.6977117884680964,0.840340475284516,0.9176197598998408,0.9280362064771811,152,7,7,0.5974715483609709,0.5977001386555996,0.8874278988327103,0.6284765554474375,0.9157033382203513,0.9967684367172924,43,5,5,0.17182826538595636,0.17097762156002935,0.8574173648191938,0.539790114667459,0.8930578063187633,0.9958395453870632,24,2,2,0.09772315587604212,0.09671806198743135,0.7491327939584383,0.2886855460296007,0.7916432286421824,0.9917630657276229,17,10,6,0.07034433777986211,0.06905323151102083,0.5841851519988505,0.30636772014447405,0.5891856801780887,0.8336312580594897,7,0,0,0.031247995542978246,0.02995829842426804,0.500691839880096,0.026794710095731023,0.502058004865137,0.9750565394602402,7,1,1,0.031384697054190176,0.0300393280334414,0.6672567935769523,0.1537936234478488,0.7070693198175331,0.985919578531796
0.93,0.8296468588073006,0.6654937120771579,0.7015478645317669,0.8409879706116954,0.9180049699079351,0.9274943452759093,152,7,7,0.5973010327487887,0.5976834001711171,0.8896124149256546,0.6334324094204306,0.9175650766674865,0.9969586934825995,43,5,5,0.1716068182721904,0.1709798937888568,0.8578203123372303,0.5393285601290373,0.892255863086626,0.9957136692980832,24,2,2,0.09767484247766595,0.09664986506216479,0.7508589364359249,0.29334255679718435,0.795050188706961,0.9927355518617712,17,10,6,0.07063206863687489,0.06957981494150117,0.5829545360616885,0.3066662786899539,0.5867520432673605,0.8303107033816053,7,0,0,0.03134848115431739,0.030206459993831113,0.5006507418171137,0.023726693366052546,0.5010748426790023,0.9753117419960337,7,1,1,0.03143675671016278,0.030254714925663284,0.6676867223176669,0.15988741249217361,0.706798703255419,0.9875923459582475
0.9400000000000001,0.8293068835317441,0.6636287874166108,0.7013569494070059,0.8411845884604596,0.9184707067642401,0.9280853902399498,152,7,7,0.598170711043774,0.5983214235888776,0.8889581520366138,0.6346520227899557,0.9156766044812197,0.9964973399538336,43,5,5,0.17177760984826843,0.1709391793452016,0.857092571549006,0.5407260979844485,0.8903366385539493,0.996145237399672,24,2,2,0.09749484585274415,0.09642814966485022,0.7486977560623533,0.27713358694912754,0.7944017696715864,0.9927107556959638,17,10,6,0.07028318236548596,0.06906685433372532,0.5835953464134644,0.30932283900552654,0.5889384896649246,0.8315606087601188,7,0,0,0.031097397763042847,0.029963520183433866,0.5008613319701555,0.026289496231485226,0.5008211739426325,0.9766512414657385,7,1,1,0.03117625312668459,0.030056536499920926,0.6665275914463523,0.1631194119157761,0.704709000043102,0.987272840037988
0.9500000000000001,0.8285543291543779,0.6612664097711237,0.6964953795672059,0.841319664651378,0.9184496925378629,0.9285505402076047,152,7,7,0.5976387033097589,0.5979846523055008,0.8875284681959721,0.6266435645702997,0.9163445762566542,0.9968002185811567,43,5,5,0.17187842125265296,0.1710294103189795,0.8573996326911304,0.5482154844755378,0.8905817946128752,0.995630297595081,24,2,2,0.09761433679200078,0.0965702650027663,0.7491461399069824,0.2878569122627344,0.7916978764508102,0.9920725580197624,17,10,6,0.07024979172151657,0.06909529369671094,0.5840740642788862,0.30684342514360935,0.5891872751533681,0.8316393140819163,7,0,0,0.0313195737508738,0.030144064289387474,0.5001443125203885,0.021417077902343873,0.49964833728306945,0.9745969400172213,7,1,1,0.031299173173197005,0.03014146767026085,0.6698872130448604,0.16705984250030861,0.7099101035083673,0.9872432091848523
0.96,0.829535578460063,0.6664279285337292,0.7000894861182075,0.8418108785797127,0.9187203144471956,0.9290973892916677,152,7,7,0.597693352545406,0.5982527136128463,0.8885336540138851,0.6339808342068952,0.915983489389508,0.9966752112945672,43,5,5,0.1721526326555009,0.17127255523375345,0.8577559045673125,0.5414802698989192,0.891864495501955,0.9960228105657434,24,2,2,0.09734356216917173,0.09638565452783174,0.7528082270732367,0.29232813425160187,0.798105011838244,0.9917739405399505,17,10,6,0.07026839514776204,0.06919446254293769,0.5830579510007439,0.303337679798124,0.5876206010651142,0.8314320346831006,7,0,0,0.03132191798988315,0.03000938381148421,0.5016697393069023,0.023875825879857277,0.5026715761226728,0.976478065827827,7,1,1,0.03122013949227609,0.030009800548539356,0.664889558043122,0.15746680509272679,0.7044364179723537,0.9883902475671125
0.97,0.8296430460856916,0.6605594097148442,0.6970595179169138,0.8417635066484688,0.9191222705021267,0.9291452788414388,152,7,7,0.5975077780569522,0.597877290580966,0.8895498440665326,0.6311409301166641,0.9180222055246291,0.9969424613027467,43,5,5,0.17193054972630664,0.17098505450917517,0.8564047528721299,0.5409164037563166,0.8898637550769656,0.9958966831716263,24,2,2,0.09762693353164346,0.0967960055275618,0.7501039747145722,0.2880429076858198,0.7933678567377718,0.9923582976628519,17,10,6,0.07035029480200145,0.06932644623688691,0.584019341061261,0.3079651751851521,0.5893621568076683,0.827740298220656,7,0,0,0.031294876369961096,0.030160007505193962,0.5013424561742529,0.025116592697439363,0.5071870003092004,0.9730565651754743,7,1,1,0.03128956751313504,0.03012762658861983,0.6670303181407969,0.1498072596443838,0.7084806972600608,0.988079520856456
0.98,0.8293493096997324,0.6623354257975721,0.6974117767209842,0.8415715452318377,0.9176707249289229,0.9282757110876015,152,7,7,0.5973146701270738,0.5976831600329726,0.8886394825241678,0.6287844798883712,0.916496905035709,0.996802491726217,43,5,5,0.1721474688280992,0.17136536942791936,0.8580345756182863,0.5383181941317978,0.8920418242089965,0.9960431333451609,24,2,2,0.09767209525339979,0.09671667989825071,0.7523179637715394,0.3065895043927543,0.7933446170018313,0.9917635388120465,17,10,6,0.07041678472256384,0.06932575656864617,0.5827815235172416,0.3086269816230175,0.5886221079392918,0.8301866576331492,7,0,0,0.03118537403069772,0.030010653276019008,0.4977497328583213,0.02550096785151476,0.4965217467777708,0.9736032317277712,7,1,1,0.0312636070381655,0.029919830405004434,0.6647696885090103,0.1571414445604827,0.7024386449146707,0.9856578399118262
0.99,0.829597482542092,0.6617017637906132,0.7002414801255031,0.8412359571905119,0.9193051090887404,0.9297113196683562,152,7,7,0.5975528359859645,0.5978159719123262,0.8890712712489478,0.6306548089284223,0.9169769132799135,0.9967970011068266,43,5,5,0.17197367259455182,0.17099753160532544,0.8586426951446264,0.5443497785289215,0.8924283396834407,0.9954774472379411,24,2,2,0.09755206076398,0.09664681646876035,0.7505024704650379,0.28787618869281106,0.7954269721142265,0.9925602500015536,17,10,6,0.07031678264830972,0.06919424299958475,0.5835625722830966,0.30407902054439845,0.5884861511450309,0.8333384833590101,7,0,0,0.03134149734608472,0.030119594527538873,0.49763711807578986,0.02376381874037322,0.49399858693819254,0.9779645760286888,7,1,1,0.031263150661109275,0.03001536691279668,0.6681380746002082,0.14865426803800122,0.7106074383908783,0.9876874878736623
1.0,0.8295230185770842,0.6637447699049553,0.7002856732690721,0.8413908004566801,0.9185940564601789,0.9281223517542658,152,7,7,0.5981475569158274,0.598379470076702,0.8887373579306272,0.6295769356337154,0.9162587383421807,0.996478771544571,43,5,5,0.17167960659326045,0.17093019990187136,0.857798062394329,0.5419610506854421,0.8921521992218807,0.9956327523694191,24,2,2,0.09771227183935116,0.09657448962005843,0.7506224495652024,0.2954849702449516,0.7959706372499186,0.9910617549498156,17,10,6,0.07015398168186744,0.06918840006778995,0.5844092176216511,0.305463660666383,0.5899544276424871,0.833122360539232,7,0,0,0.03121028711343223,0.030117225584790012,0.5016368015959164,0.02590979331336985,0.5042663407121952,0.9739499482395148,7,1,1,0.03109629585626127,0.029889502205681012,0.6631765519059309,0.15617071872684407,0.7028529606751039,0.987589034943946
1.01,0.8290270559851127,0.6670793723263627,0.6998914509680553,0.840770934777065,0.9179331994827831,0.9274768353259611,152,7,7,0.5974036521938008,0.5977392930869194,0.8886678378515179,0.6372081508761945,0.9161212496761926,0.996709928510676,43,5,5,0.1720153388926365,0.1710133915031724,0.8572499535425409,0.5413289814323151,0.8907814976968881,0.9956444245759669,24,2,2,0.09767732652432748,0.09670184977486404,0.7483188839487528,0.29999924337668127,0.7918863930837312,0.9905451483414598,17,10,6,0.07030397154394444,0.06896951121582778,0.5830639410906545,0.3093971506737957,0.586528936117969,0.8294624063394453,7,0,0,0.03138044020174244,0.030193980089930877,0.5006801125213356,0.025915547947913474,0.5031849617944838,0.975728749883516,7,1,1,0.031219270643548416,0.030031602122585065,0.6654412547114135,0.1569187417717087,0.7024226825454628,0.9880426304605474
1.02,0.8296082252638884,0.6660110608729299,0.6979161417495111,0.8416403201195082,0.9183704156689925,0.9287954840137567,152,7,7,0.5973661040102053,0.5975961055115322,0.8897199810836348,0.6312427099543677,0.9186894458532019,0.9969262850550611,43,5,5,0.17192790893684318,0.1709989852536954,0.8567686662537917,0.5458893830760435,0.8901645795523327,0.9953240474155556,24,2,2,0.09751817357708534,0.09642803152675705,0.7492965941320965,0.2864539390933578,0.7942185761010008,0.9922396397414095,17,10,6,0.07046218463775077,0.06936491289409494,0.5836662069956813,0.3059723156965807,0.5888412177372994,0.8339795837148597,7,0,0,0.0314579271368946,0.030247046865742575,0.5033075577337738,0.026811822106902646,0.5046890981545885,0.9748577523315414,7,1,1,0.03126770170122079,0.030141069523967966,0.6676837888255613,0.16251788792600214,0.708731748627279,0.986220033800806
1.03,0.8292680242749846,0.6652396974831488,0.6997106488010888,0.8409983275869124,0.9182244176814685,0.9283028846836869,152,7,7,0.5976407777953964,0.5982269226284452,0.8890904674570045,0.6359986993655519,0.9170978748402818,0.996664817178515,43,5,5,0.17194611824312228,0.17105679481071046,0.8562096531443901,0.5446521369978121,0.8882409045430737,0.9958277037256653,24,2,2,0.09760325364364185,0.0964800671277524,0.7487552818677979,0.2917871412085344,0.7939399392236028,0.9918675053267642,17,10,6,0.07018681056939262,0.06907444173722313,0.5834845077514224,0.3011317830430841,0.58797925347729,0.8340708025182308,7,0,0,0.031287364207283334,0.03009970462661151,0.5002088798131376,0.026076644187781942,0.5020470092945702,0.9730278268526343,7,1,1,0.031335675541163496,0.03015417083593596,0.6674589599320667,0.16171987896114268,0.7071554937563418,0.9876444505203473
1.04,0.829395649620451,0.6690871153280264,0.701191065105789,0.8410722806719786,0.9179871431624793,0.9280493166860052,152,7,7,0.5978116540874476,0.5980860782219835,0.8890248236452044,0.6382467237863626,0.9163560497558925,0.9966130620926656,43,5,5,0.17190493300828097,0.1710748858464573,0.8577082478018724,0.5407457132455092,0.8923997648090949,0.9960729187997424,24,2,2,0.0975459256219686,0.09645471958048568,0.7492232139935268,0.2997907010572309,0.7914429301035913,0.9911519343926829,17,10,6,0.07022216173538785,0.06909510732967707,0.5819761509207344,0.3097159665435204,0.5857110005746817,0.8326831284084127,7,0,0,0.031251907341885245,0.03005295274732713,0.5019805026540202,0.024212574344191225,0.5046204120414167,0.9757526012524256,7,1,1,0.031263418205029654,0.030014298227466485,0.6674740179006607,0.16293560331075171,0.7085031438369735,0.9865052340769348
1.05,0.8293451766746538,0.6641681045257833,0.6998049869346,0.8418065745169395,0.9176660174304073,0.9280759240908878,152,7,7,0.5974460745974516,0.5978025247828417,0.888432537301773,0.6356199491632455,0.915695366830388,0.9965526495949848,43,5,5,0.17197424919630858,0.17101847746164214,0.8579532765314544,0.5512740680583721,0.8905823327493358,0.995446137470589,24,2,2,0.09732239381604606,0.09620214667570548,0.7519524836166017,0.2927412807268562,0.7957806295497284,0.992364809408531,17,10,6,0.07039451595348657,0.06927727063058259,0.5846607882590747,0.3089883893103592,0.5896574224289384,0.8340555732484319,7,0,0,0.03156302932848304,0.030268932629635245,0.49749076244582907,0.026030170554450487,0.49527237328866774,0.9745571927233074,7,1,1,0.03129973710822421,0.030188213029524097,0.6691089760267717,0.1547462201955086,0.7095270739476411,0.9887102229499825
1.06,0.8286458356727087,0.6673660520137056,0.7000830770046197,0.8403378800120194,0.9170161911759103,0.9278684928595189,152,7,7,0.597770220930192,0.5978432723234556,0.8882370134191151,0.6384155001197043,0.9151584422478398,0.9965452621842426,43,5,5,0.17183261122896556,0.17114324661064712,0.854238185555678,0.532778558679808,0.8883709527785751,0.9961030306190725,24,2,2,0.09770114815725042,0.09670202659767356,0.7529612297308861,0.30250580990607034,0.7954587605877377,0.9920961537923308,17,10,6,0.07015713034893298,0.06909982364632675,0.5838616698959986,0.30428459727778917,0.5895487797521692,0.8358811308449402,7,0,0,0.031283785884707614,0.029977453438874074,0.4983776745420689,0.027683522557901432,0.49883599048405847,0.9736377355093323,7,1,1,0.03125510344995133,0.03007395659877435,0.6659476536208382,0.15905508297823434,0.7066534558975357,0.9861633843427422
1.07,0.8291549015531233,0.6605760880256284,0.6988912152987944,0.8411710610904193,0.9182359055956696,0.9282129491693453,152,7,7,0.5975689590685147,0.5979819046421462,0.8887201599019506,0.6326096836421018,0.9170935459942713,0.9967380102358233,43,5,5,0.1718243305699811,0.17096978733688412,0.8574676333997024,0.5420266824473122,0.8904312468603558,0.9956999799188584,24,2,2,0.0976972134400136,0.09664239624077262,0.7499809532666002,0.30216707246829183,0.7941473507571903,0.9911193118542113,17,10,6,0.07041736372118686,0.06926698116508537,0.5827204433987301,0.30808564145990286,0.5871897361848031,0.8327030964221958,7,0,0,0.03120626612355311,0.030085666770103492,0.5001783085492808,0.022997291948528464,0.5029432198724739,0.9749409245767174,7,1,1,0.03128586707675063,0.030037665801258516,0.6685371478717524,0.15700235052702394,0.7101628895788914,0.9882659706465768
1.08,0.8349570710991716,0.6688081727668727,0.7040549457583191,0.8474051498864723,0.9243254315714567,0.9333602184916278,152,7,7,0.597678714771515,0.5980556404233948,0.8887552470612047,0.6308241100749357,0.9170232252905002,0.9969720746753442,43,5,5,0.17158575366237777,0.1708620667719733,0.8584365132938981,0.5401546154655563,0.8907966687932853,0.99516036224843,24,2,2,0.097792265789621,0.09678535050117823,0.7474469176400822,0.2898257831001253,0.79133540552487,0.9921200109933681,17,10,7,0.07024787955953346,0.06933854807172775,0.6656772110610814,0.39230913176354887,0.6754269359358827,0.8904591141660363,7,0,0,0.031395471893249254,0.03017398155935288,0.5007057921848369,0.025115254422065428,0.5039600399234457,0.9742794108540348,7,1,1,0.03129991432370344,0.03012200093811635,0.6669184143984053,0.1607301764830486,0.7104057205499287,0.9878505189871004
1.09,0.8351755210190154,0.6682591520240492,0.7037504437932097,0.8474527716412615,0.9248542714787262,0.9341520710483368,152,7,7,0.5977536629332566,0.5981596656738852,0.8893129278962606,0.6238763462702792,0.9191035816577111,0.9971422182310348,43,5,5,0.17166739129409067,0.1707287355805755,0.8569005157508978,0.5457673937334706,0.8900377430837485,0.9959098510648228,24,2,2,0.09759132134188428,0.09641513614520376,0.7501463772818099,0.28694338676333925,0.7915762545733908,0.9908550096726005,17,10,7,0.07046220212976903,0.06948086559510294,0.6663409193286631,0.38834713810873306,0.6768947494954851,0.8890653864352269,7,0,0,0.031290339521108934,0.030172447021623167,0.4969611080321589,0.02581823035884767,0.4954684072619918,0.9723339732836994,7,1,1,0.031235082779890556,0.030045240254063306,0.6648087175741639,0.1500535623234169,0.7075442673911769,0.9877509376826882
1.1,0.8407610490809128,0.6780596336806614,0.7109259643290431,0.8529306500112539,0.9284933728347586,0.9386728867811367,152,7,7,0.5978232670568513,0.5982189080841641,0.8888308139223837,0.634818639913728,0.9172520371663773,0.9965609282144439,43,5,5,0.171298257618335,0.17080271625519422,0.8577187187957778,0.5408665111600017,0.8913554598504924,0.9957062982543865,24,2,2,0.09781131358157191,0.09680778235573813,0.7493742867344545,0.2878251851892624,0.7931895578969522,0.9910802738256898,17,10,8,0.07055292173911644,0.06953782352715225,0.7480291070466369,0.48505782590743135,0.7610697094528875,0.9372382937460869,7,0,0,0.03126007530118535,0.030003834425933136,0.5005753242770451,0.023380947859272704,0.503100996175531,0.9758066392691324,7,1,1,0.03125416470293997,0.03014151503477859,0.6657911414205354,0.16437053281698136,0.7056503322699994,0.9856168756381143
1.11,0.8411726908609349,0.6738364404500405,0.7097037854065679,0.8536290018447548,0.9301711557235619,0.939662598475025,152,7,7,0.5976587671541401,0.5978557999444334,0.8894036563081046,0.629064595546896,0.9173571414639846,0.9969947502195166,43,5,5,0.1716314962421559,0.1708666065208834,0.8563389821010913,0.5398898154750656,0.8903816551246347,0.9961397779348738,24,2,2,0.09769687389589236,0.09669534334817953,0.7497913446623952,0.2981982934160194,0.7913984793817066,0.99201447863325,17,10,8,0.07034950958737946,0.0692428607624508,0.7510229644018823,0.4881036077902996,0.765592869413524,0.9384630454467412,7,0,0,0.03131155668479623,0.03009196600216136,0.5004694129154162,0.025129954303062012,0.4985241870809992,0.9736454699955858,7,1,1,0.031351796435635924,0.03013361740241268,0.6688596610895055,0.16257457646121515,0.7107989825252368,0.9871815547720579
1.12,0.8414745489033462,0.6776358549105052,0.7114791119459387,0.853585953664979,0.9293494524260464,0.9396207512106864,152,7,7,0.5978807229284596,0.5979357109847836,0.8897426782090593,0.631189081136436,0.9192233073543143,0.996862667576428,43,5,5,0.17210319086583925,0.17141758440656701,0.8561751836415847,0.542652449628361,0.8892751423043288,0.9948238822606553,24,2,2,0.09726005771032299,0.09630327647137354,0.750128493946657,0.28776875320798867,0.7943402329154968,0.9906685756653046,17,10,8,0.0703428423374668,0.0693089031835982,0.7492627989321776,0.48278472409200784,0.7631528638143319,0.9417390292159511,7,0,0,0.03115695072204048,0.029995781498453007,0.5010105899490434,0.02346122746262883,0.5004091501184185,0.9776496367033313,7,1,1,0.0312562354358709,0.030036126671115094,0.6685460989995073,0.15577503130376907,0.7098345776668791,0.987389403841257
1.1300000000000001,0.8409267460074248,0.6765709796396028,0.7130085057921182,0.852664804699204,0.9288845334985849,0.9386101476296023,152,7,7,0.5976922660813894,0.5977249962355501,0.889072584213486,0.6337561168863386,0.9170256656889803,0.9967516081482285,43,5,5,0.17199342370480183,0.17096102096524446,0.8569713930395304,0.5461275768457433,0.8891653285190153,0.9948212976325349,24,2,2,0.09738335485159413,0.0962537966353222,0.7470741743649566,0.2933191600596751,0.7905181218381856,0.9919572866027118,17,10,8,0.07039704642026247,0.06917481081531554,0.7507596913009361,0.4817911669460082,0.7650744617328182,0.9403141844522995,7,0,0,0.03128008189577909,0.030067578752243876,0.49951419160324645,0.02559286620097405,0.49972403336086446,0.9745323164630286,7,1,1,0.031253827046173126,0.03004119060534753,0.6681972870699444,0.16275973785395198,0.7079769196603375,0.9863416479059648
1.1400000000000001,0.8410715920760626,0.674013672824469,0.7095678312865308,0.8532476236253914,0.9299257280302,0.940190329443618,152,7,7,0.5976276898300578,0.5978282102253853,0.8889310904267906,0.6289407377782531,0.9169562480241618,0.9969527897557044,43,5,5,0.17194786033698872,0.17122162576753375,0.8577325732889801,0.5516513672014175,0.8922189381293957,0.9954975798717605,24,2,2,0.09767747971455927,0.09665726140756811,0.749468844575528,0.29453522868031407,0.7927777040049055,0.9905687598527719,17,10,8,0.070164813871847,0.06904823138265634,0.7508202928441611,0.48389940530402564,0.7648720208779614,0.9382963276830628,7,0,0,0.031284666524151544,0.030150287546618585,0.497518297861987,0.025477119744166284,0.4949407526699139,0.9727592218878903,7,1,1,0.03129748972239573,0.03003195512726667,0.6678547277657401,0.15595125643348637,0.7090008394560814,0.9876976174775994
1.1500000000000001,0.8410522410761021,0.6758790741534577,0.7092676852107075,0.8529044016697167,0.9295798180234177,0.939474631041682,152,7,7,0.5977171365607193,0.5979980003072355,0.8885922673601363,0.6309082329059085,0.9158698894613848,0.9966765580964612,43,5,5,0.17162572180461155,0.17079792434611574,0.858197696737074,0.5370029558757287,0.8918694325381715,0.9961801804963254,24,2,2,0.09779670455174859,0.09653565599132487,0.7508792175874962,0.2931092248452545,0.7941076488551913,0.9911788286770701,17,10,8,0.0702798082202535,0.06934324178794532,0.7498385945502355,0.47812584440073513,0.764985199565722,0.9397850329536951,7,0,0,0.031332908614226745,0.030025840496783186,0.4971930237824955,0.02471457388960439,0.49941463195360003,0.9718541866939834,7,1,1,0.03124772024844018,0.029941520732643716,0.6691248477364395,0.15694313300735294,0.7093096997214041,0.988631214208341
1.16,0.8412747062178908,0.6760919028631734,0.7119466466360854,0.8531699906849464,0.9297457559046457,0.9395142866719738,152,7,7,0.5977301247564876,0.5976814273257423,0.8898349630751066,0.6309785044193166,0.9184099715026725,0.9970564412921539,43,5,5,0.17199277841807925,0.1710655946951289,0.8572447447195238,0.5397979078066162,0.8906538094589753,0.9958885014042916,24,2,2,0.09748695162405696,0.09644080404155779,0.7475961446232655,0.28957670172514144,0.7898161290410177,0.9916143342603762,17,10,8,0.07023732476581264,0.0691061387637864,0.7492095839482815,0.48377880362515485,0.7627324136678932,0.9390654876026095,7,0,0,0.031169999396670037,0.030059885574812824,0.4962465945856325,0.023586537119100862,0.49406052893847585,0.9762482114081139,7,1,1,0.03138282103889354,0.03016554580574341,0.6687085532722992,0.15934668201387064,0.7084898025483105,0.9879015710203889
1.17,0.841216618305129,0.6768245918027123,0.7126720408191869,0.8528336592662209,0.9294805880440975,0.9391012912087581,152,7,7,0.5976053774210442,0.597978430529409,0.8898774511924109,0.6355530118976276,0.917660929026455,0.9968445907229913,43,5,5,0.172062676822029,0.1709622139315451,0.8563005443372163,0.5440277768357757,0.8909723126629501,0.9955051753250249,24,2,2,0.09748536217729492,0.09636941464495591,0.7487873410724561,0.2909984702403715,0.7893108665871743,0.9915760143828427,17,10,8,0.07035318136049978,0.06932206246005718,0.7490130483888024,0.48153919233575165,0.7635398795703835,0.9375590818759043,7,0,0,0.03124794107321892,0.02990096693658488,0.5008106848807627,0.026597173602086594,0.5004176680392896,0.9756454848566294,7,1,1,0.03124546114591314,0.030060499632473724,0.6646714682011827,0.15091957859537947,0.709610427267759,0.9869116517931033
1.18,0.8411983789674821,0.6755203966725061,0.7103530597736072,0.8528863327938883,0.929260039831612,0.939777643721592,152,7,7,0.5977344750394032,0.5980947137980894,0.8897709945172176,0.6309308482934556,0.9180716798326353,0.9972449535720171,43,5,5,0.17168733694481278,0.17078015754344372,0.8567780136907399,0.5355073333217516,0.8916673554664927,0.9958098918114355,24,2,2,0.09769522962978111,0.09675572785436568,0.749028727910103,0.2864590242184955,0.7946753042758197,0.9913780986957369,17,10,8,0.0702705886726549,0.06928149674548836,0.7495586113864353,0.48047943191190606,0.762912074542122,0.940838366616045,7,0,0,0.03129446304842019,0.030093176683580247,0.49651445133396716,0.02214755569093023,0.49458376228810563,0.9760103756588012,7,1,1,0.031317906664927724,0.030123823311159266,0.6650159694988096,0.1524940198792432,0.706319549490491,0.9864609064829639
1.19,0.841924469633846,0.6774955259758632,0.7125932917547846,0.854091458278839,0.9296641335349738,0.9387326999480387,152,7,7,0.5978833004424994,0.5984000370423854,0.8902528971742326,0.6312914180935485,0.9186063074418178,0.9966767485148876,43,5,5,0.1717102928460135,0.17051351854108965,0.8568342467611544,0.5469630946605846,0.8896099237873966,0.9954727502745578,24,2,2,0.09770012114810643,0.09652210148580156,0.7502358050398837,0.2920955342636861,0.796995848334366,0.9910014951391173,17,10,8,0.07028381314708118,0.06904837043052259,0.749987640890406,0.478093287432664,0.764251669021224,0.940403377226278,7,0,0,0.0312737996401464,0.03008580737682303,0.5033039899822513,0.024827430946493353,0.5068268413129453,0.9760118753509816,7,1,1,0.031148672776153078,0.02992327322630693,0.66921734074231,0.16267773051119913,0.7094351055688818,0.9864126184081518
1.2,0.8406454057587887,0.6721010915594653,0.7089151638457895,0.8532290672950165,0.9296870393674947,0.9394780480595034,152,7,7,0.5976354033249729,0.5980687717899862,0.8880846889572185,0.6312379398537034,0.9169003828353351,0.9967634879849747,43,5,5,0.17219100883972044,0.17155934120333913,0.857559979716038,0.5344110884368555,0.8916424685425373,0.9959636047353164,24,2,2,0.0974984528133321,0.0965114072060341,0.7501753654952231,0.2941237124786183,0.792641054665651,0.9912795010020837,17,10,8,0.07002767856073186,0.06895137975735857,0.7505412746641374,0.48202367531407236,0.7640382946722661,0.9420150212761709,7,0,0,0.031312898733476355,0.030146113205490724,0.5037161316594794,0.02498697697855995,0.5026974387527374,0.9778243951504806,7,1,1,0.03133455772776631,0.03006082651305864,0.6652834386733946,0.15353634481655876,0.7012596233002364,0.9865156222789471
1.21,0.8404255911150423,0.6769700798080546,0.7126317250823447,0.8517277614453469,0.9292257249855755,0.9389869714630267,152,7,7,0.5974308842378929,0.5979029002144851,0.8882634101845163,0.6336038333570374,0.9146918321432662,0.9966331499991191,43,5,5,0.17205682732399843,0.17123849375555159,0.8555913352817088,0.5408303796748345,0.8898185305155554,0.9955484568900097,24,2,2,0.09778333931457775,0.09678123942327052,0.7498540862869695,0.2863304647998649,0.794893280954255,0.9919823690195767,17,10,8,0.07024314013750914,0.0690560480844278,0.7497945955042701,0.47810679363265773,0.7653932309138509,0.9405864063114283,7,0,0,0.031247212166859724,0.0299404814041,0.5009144335242128,0.027231057873809802,0.5034255986336338,0.9727085548478238,7,1,1,0.031238596819162075,0.030029688511409934,0.6660197031966673,0.16252510246433988,0.7062284719604899,0.9862771154548965
1.22,0.840997680698391,0.6771376938296844,0.7106781708473988,0.8528305348770306,0.928657117850899,0.9382227041337077,152,7,7,0.5973686719998577,0.5974801609753814,0.8888041435796231,0.6316884269690894,0.9173306333885298,0.9966679940422024,43,5,5,0.1719996899299936,0.17101594005180576,0.8572561330589417,0.5414204997292755,0.8909208888090316,0.9952957290459606,24,2,2,0.09762435263793157,0.09663905577404755,0.7496809122251329,0.29118082500438747,0.7937920557466192,0.9920451099884706,17,10,8,0.0704661741426481,0.06936079980030341,0.7498782861537302,0.4836807036677788,0.7648909825595533,0.9408975372219822,7,0,0,0.031204426871812133,0.030022319413355154,0.5011454442647724,0.025488048607610874,0.5010851261479642,0.9743682054707893,7,1,1,0.03133668441775699,0.030203542634440673,0.6675502766028248,0.1614746671510424,0.7086125599694338,0.9866637706797895
1.23,0.8403477784233849,0.676192154338675,0.7130615188245205,0.8516941104759985,0.927492688982591,0.9368540740714096,152,7,7,0.597500944082283,0.5980688719045608,0.8878919669154336,0.6295354965596061,0.9158237766950911,0.9964039625359197,43,5,5,0.17198106642367797,0.17090923421988807,0.856440435690096,0.5447512537845708,0.8921189599503352,0.9956909890862916,24,2,2,0.09768804520787609,0.09682175721555525,0.749688741667816,0.2896778521705213,0.7920656767781045,0.9910339354989742,17,10,8,0.07050800027073484,0.06931570855358551,0.7510171220078466,0.488908092611286,0.7644903320647691,0.939315560070496,7,0,0,0.031048689911780274,0.029825493662674042,0.4991023897083081,0.02418377487281814,0.49965918877496596,0.9734121795307236,7,1,1,0.031273254103647785,0.03004555799545531,0.6673606229155052,0.15423378657987585,0.7094037298190292,0.9865363769772797
1.24,0.841084845822262,0.6788500406865656,0.7132895396940809,0.8529613726792825,0.9283343930609396,0.9376214946530961,152,7,7,0.5976842244612628,0.5979393918991258,0.8888297383588515,0.6320190727769681,0.9160468318854562,0.9969644993318582,43,5,5,0.17197477189541138,0.1710421998760103,0.8573691827247901,0.550372971635074,0.8905892801393611,0.994918875363881,24,2,2,0.09767201277843128,0.09672211518033477,0.7504305409234484,0.29030114436294047,0.7931005074444089,0.992369705000025,17,10,8,0.07026985145531205,0.06897606627600253,0.7496850921026204,0.47827617490903973,0.7650782430553065,0.9395048636103787,7,0,0,0.031115518868226458,0.02996037576412891,0.49932066690411897,0.025159055307466854,0.4974009510542523,0.9748871924287333,7,1,1,0.03128362054135596,0.030013196411237827,0.6675805897934326,0.16052294457582414,0.7093104231227173,0.986921938222405
1.25,0.8417067609196967,0.680986960608618,0.7139584274327784,0.8533730983331964,0.9297634482834046,0.9394582851996846,152,7,7,0.5978613160161688,0.5979622551503355,0.8899567916926707,0.640256032994088,0.9169576024844137,0.9969866948462406,43,5,5,0.1718767530560999,0.17117627566172833,0.8578447038504057,0.537629011249311,0.8925784538822958,0.9960216169701737,24,2,2,0.0977802593576782,0.09689305496397435,0.7479245652011272,0.2892276843278061,0.7913741718186268,0.9906032749084744,17,10,8,0.07009468049201527,0.06898266844254916,0.7500584615353476,0.4808285974085674,0.7635713630099853,0.9413521752158889,7,0,0,0.031186559394882046,0.030031914337837064,0.5038637531735516,0.02539559110822396,0.5070855141838033,0.9768254430695582,7,1,1,0.031200431683155873,0.03005007262900414,0.665640806827107,0.16494650157835314,0.7076808605510181,0.9866984518761522
1.26,0.8410689384665113,0.6767592647294283,0.7119982236352833,0.8532249898335313,0.9293803338429268,0.9384200539558232,152,7,7,0.5978150300748045,0.5978801348974141,0.8890091386879324,0.6294846901263789,0.9170628188926957,0.9968452093996022,43,5,5,0.17184621677592626,0.1710777044845705,0.8572927321173165,0.5383947254178023,0.8909345315447683,0.9958334658619963,24,2,2,0.09753273995584676,0.09626312191046443,0.7496729576281239,0.2878921376003322,0.7937318805457341,0.9913573948616338,17,10,8,0.07032708051730799,0.0692085079201155,0.7488026228876367,0.48262654286124107,0.763411728849082,0.941091779546634,7,0,0,0.03132900342289993,0.02997478872562271,0.499456779475947,0.026613193841454597,0.49979695705054994,0.973894030658905,7,1,1,0.0311499292532145,0.029908886645586108,0.6672275486507756,0.15883402513349806,0.7064785003285434,0.9871065028949061
1.27,0.841173387531079,0.6789866882263554,0.7119615478574636,0.8526264002217706,0.9292931951972654,0.9390132872998092,152,7,7,0.5978837915463004,0.5981987885685434,0.8892617667660623,0.6333204691892402,0.916480801246262,0.9965638701454003,43,5,5,0.17169235473552397,0.1707445991978569,0.8573081500446338,0.5355079054233404,0.892097131182777,0.995696659366724,24,2,2,0.09759899244586862,0.09648957878623401,0.7491935855127637,0.2917168291017413,0.7940602353265056,0.9920625597237405,17,10,8,0.07044363044070989,0.06927941892214856,0.7520198500251885,0.48149959588631336,0.766368970590404,0.9395263581574623,7,0,0,0.031191026655686946,0.029991323439590725,0.501354329997212,0.02711811159436645,0.5019074843890281,0.9764372848870013,7,1,1,0.031190204175910004,0.029920349882365492,0.6641691735218558,0.15872393780476085,0.7057820001312599,0.9875253900422931
1.28,0.8406546583834759,0.6763202956464966,0.7101184589982563,0.8524727942113539,0.9287225043409245,0.9384780952282267,152,7,7,0.5976004302009532,0.5976562299145765,0.8884099236828604,0.631660338036304,0.9169938211680622,0.9969146126281081,43,5,5,0.17204956004664188,0.1710363775482739,0.8567817841129584,0.5414782017695738,0.8909287993762713,0.9956015001721149,24,2,2,0.0973974700970042,0.09641452519845448,0.748645284483171,0.2899309526806761,0.7906116247780388,0.991050251939387,17,10,8,0.0704380459726244,0.0692668317674188,0.7494970333327777,0.4764351894488733,0.7639728363577045,0.9395872793233495,7,0,0,0.03126111002307141,0.030005608940962186,0.5024671153354613,0.024640852835851452,0.5022472250401804,0.9749599752009455,7,1,1,0.0312533836597048,0.03004129345664623,0.6678563428407126,0.15696810079923254,0.7090061082971713,0.9873498220950951
1.29,0.8416948935272703,0.6764663489244979,0.7116748898410397,0.853552943586277,0.9292886063760084,0.9386870164900899,152,7,7,0.5980338948869648,0.5978588950239572,0.88988155000448,0.6297724133523996,0.9179284144320741,0.9967043325810847,43,5,5,0.17179764631617303,0.17100340683858595,0.857565592568883,0.547164955967831,0.8914411438707874,0.9953765231512058,24,2,2,0.09758362054729568,0.09652408080180641,0.7495514057807309,0.29912815809645965,0.7928360760896069,0.9908493885799373,17,10,8,0.07028682860169147,0.0693127254139641,0.7495050815970355,0.48321662698223933,0.7636490087802132,0.9391544090340744,7,0,0,0.031073661423072944,0.02996102437822183,0.5006148028483332,0.026263469708573343,0.49839281159692395,0.9742363822913767,7,1,1,0.031224348224802034,0.029937801817556207,0.6672531521474736,0.16483163652133787,0.7082525442527889,0.9881651617210256
1.3,0.8414748854404475,0.6760503267719796,0.710905738591611,0.8536446721458707,0.929427895881554,0.9390496648740346,152,7,7,0.5972521619457809,0.5973915322842621,0.8895395838880292,0.6304756202894304,0.9184316759644483,0.9970801783123057,43,5,5,0.17199013730610585,0.17114698790032995,0.856768635239029,0.5387700715876197,0.8911504143054428,0.9954898098155942,24,2,2,0.09763598239902226,0.09657314752090479,0.7501765272123271,0.299378494025883,0.7925878161832098,0.9912298786656357,17,10,8,0.07046096696227269,0.0692988859840751,0.7508550719167585,0.4889567673369678,0.7645340758665914,0.941108160507159,7,0,0,0.03136714764981368,0.030117557014895553,0.501606327725019,0.02904609763330119,0.5041725657229609,0.97578116645447,7,1,1,0.031293603737004634,0.030051507093493943,0.6633792258240507,0.15934808467331818,0.702207514223179,0.9862979897269786
1.31,0.84081475369806,0.6828085149730039,0.7159717847214949,0.8521435529645773,0.9283856898600759,0.9390827712936181,152,7,7,0.5979728490659053,0.597937491031858,0.8882610177233683,0.6390320699267495,0.914011721832056,0.9963572485038682,43,5,5,0.17182585702466588,0.1710042568082742,0.8578223474931816,0.5428209640566123,0.8925771125004291,0.9957464974947781,24,2,2,0.09752612775159966,0.09657551843546805,0.7490075781441106,0.28568257497998756,0.7950492022914046,0.9911421726198013,17,10,8,0.0703864484044482,0.0691702132017874,0.7510778970184119,0.47969531746080646,0.7633941091894473,0.9428705644716331,7,0,0,0.03118452663505166,0.02989181758737305,0.49973857332002775,0.024111624756460174,0.5030104685675575,0.9747212828764,7,1,1,0.031104191118329245,0.030005330210896748,0.666951729842998,0.16068921005327036,0.7049173701338269,0.9875587621722237
1.32,0.8410905193627677,0.6806487413436818,0.711886626311953,0.8532117131148895,0.9283193816279022,0.9378788459118299,152,7,7,0.597460196535404,0.5979855484999019,0.8888858758781941,0.6344738454781916,0.9160767989450618,0.9967747297323141,43,5,5,0.17180588175572492,0.1708406903628085,0.8584480235382168,0.5465722683314983,0.8936593931965797,0.995711737874373,24,2,2,0.0980605841359374,0.09703348790998897,0.7502776797714203,0.29423755560277515,0.7904702730755648,0.9909212921881834,17,10,8,0.07020470923064459,0.06910719043371705,0.7488795880174889,0.4818181011065812,0.7620338646140652,0.9419108996093198,7,0,0,0.031133010212430208,0.02993116936541909,0.501108589229736,0.023490884072495003,0.49918074376916544,0.9780213407431935,7,1,1,0.031335618129858765,0.03023253114714672,0.6633931427267264,0.16185026449078493,0.7029053127270819,0.9848925094990428
1.33,0.8405275140538756,0.6744853799489645,0.7092515654674847,0.852823763124976,0.928845705313497,0.939527481186995,152,7,7,0.597758375245518,0.5982552255948805,0.8883254675298017,0.6310413636224752,0.9162556725412014,0.9970032197362405,43,5,5,0.17187005801252647,0.17075156965789712,0.8572818942662346,0.5361620634000231,0.8906147839539458,0.9965329250092104,24,2,2,0.0975794200508264,0.09667483022032469,0.7490616799639581,0.2890223300760795,0.7926810312885354,0.9914746616437029,17,10,8,0.07035582893410511,0.06926650861372313,0.7494904268277255,0.4827952614128599,0.7639294633220085,0.9409912419997016,7,0,0,0.031227231703281167,0.030067817528847584,0.49622787126250567,0.023350040827992365,0.49568800817297587,0.9756666676854178,7,1,1,0.031209086053742917,0.029950735290995463,0.6700823209973141,0.1663177986868078,0.7112536291370795,0.9885383356187296
1.34,0.8411004335901587,0.6764447227262345,0.7129862293043084,0.853065771982354,0.9287038485568787,0.9391450983100724,152,7,7,0.5975626018957456,0.5976178421749716,0.8892042224887482,0.6304514689134758,0.9179304973352971,0.99647212006386,43,5,5,0.17178391153005912,0.17087813720249395,0.8582078850115409,0.5438389490508182,0.8923527604668842,0.9958166404863855,24,2,2,0.09775811248728487,0.09689389586609001,0.7492181827099953,0.2926781813887793,0.7924229178133076,0.9916962257814335,17,10,8,0.07036015749830059,0.06933945120732674,0.7506201679387433,0.48279966958595,0.76553195423732,0.9406708164708873,7,0,0,0.031206084167917553,0.029988684943244522,0.49716632378880754,0.023694732948529546,0.4968920471689685,0.9761022779365868,7,1,1,0.03132913242069218,0.030172249881475564,0.6649658681281405,0.1602089413646422,0.7048328442164162,0.9851120087113987
1.35,0.8403525185290459,0.6756158531677354,0.709903878472124,0.8527980233280674,0.9290549346177087,0.9399353311455254,152,7,7,0.5973923632219603,0.597572327420461,0.8883538417449638,0.631144632674243,0.9161004505048509,0.9966324313699007,43,5,5,0.1720265658214492,0.1712726402019899,0.8561011075790015,0.5396476579278414,0.889902547248739,0.9954753399553646,24,2,2,0.09753586125509228,0.09649760584363279,0.749616483791139,0.2952102704524043,0.7922156914059975,0.9918352254527649,17,10,8,0.07039914178223713,0.06927371399112184,0.7501015251953806,0.48151003135553955,0.7633791026831447,0.9391371863972384,7,0,0,0.03134318987073409,0.030027815732241035,0.49765515100843616,0.023758420803451058,0.4961815302954718,0.9755833773573539,7,1,1,0.03130287804852697,0.03007258329350898,0.6668143485386272,0.15985382544515625,0.706281091059777,0.9868816358625364
1.36,0.8415959316877604,0.6743288137493803,0.7125694866672889,0.8535605618557836,0.9296234759303648,0.9393674530890885,152,7,7,0.5977605864610045,0.5979475372261325,0.8897022771247989,0.6332624140565917,0.9168807668450475,0.9969915992261245,43,5,5,0.17187460560533907,0.17130259711337353,0.8582880238346395,0.5426955693514723,0.8909163029923841,0.9958836568561723,24,2,2,0.09765476798620304,0.09687482666140236,0.7471004236185637,0.28531442580956534,0.7904212941595844,0.9910062814696122,17,10,8,0.07021636187536597,0.06916562275285547,0.7499126642173061,0.4805598814508131,0.7638218587766471,0.9397536726768725,7,0,0,0.031261382452508674,0.030021165569032573,0.5009699935704229,0.026592597934543258,0.5012245280725651,0.9741210680727137,7,1,1,0.03123229561957858,0.030031961577218113,0.6664604390047764,0.15684421591780984,0.7055897101013078,0.986510044447622
1.37,0.8407133853174202,0.6756070183445234,0.709388707072532,0.8527202287767122,0.929155666730791,0.9392511528073605,152,7,7,0.5976915923680547,0.5980263994469759,0.8883499786383668,0.6310048227946365,0.9156219476947343,0.9966152313779556,43,5,5,0.17171833966839747,0.17083690275808666,0.8567570188367851,0.5415928312940679,0.8929426691150766,0.9953035709214675,24,2,2,0.09766643519943187,0.0962083822161419,0.7519196320912245,0.2976814003799909,0.7958841845601822,0.9924877529624793,17,10,8,0.07028583046615444,0.06908990422824125,0.7498666935100107,0.4792154808376879,0.7632539848168565,0.9385167597039997,7,0,0,0.03137765964723361,0.03010020771476357,0.4993991467879569,0.023432319077948738,0.5004191321899107,0.9754500652047114,7,1,1,0.03126014265072787,0.030034334927383676,0.6667714926118199,0.15787664859481298,0.7086721112985259,0.9871572283810759
1.3800000000000001,0.8409027956374903,0.672129039069343,0.7065828500460205,0.8541049947708856,0.9299005870344748,0.9402802572906228,152,7,7,0.5973895270996054,0.5975293682707352,0.8882639084055685,0.6277217037661177,0.9164655375867556,0.9966599012333017,43,5,5,0.17211655170737564,0.17134239028032824,0.8582060293821965,0.5357917580969782,0.8910076597592942,0.9955913917952522,24,2,2,0.09775026426629735,0.09673618235988601,0.7496836962940029,0.28145171852872714,0.7946916064716233,0.9919253001120948,17,10,8,0.07029986499809127,0.0691823962174767,0.7511127379983721,0.4780907991559651,0.7659072222249883,0.9409665948432282,7,0,0,0.031205128337011428,0.030005014753244498,0.5056177438500794,0.025101143829398657,0.5085653781124582,0.9757380346539813,7,1,1,0.03123866359161887,0.030026919102535632,0.6664606439859047,0.15477164732463147,0.7058054694245206,0.988326534684727
1.3900000000000001,0.8401595945391441,0.671059937577894,0.7077989796808103,0.8520169885604634,0.9293874876753502,0.9388940638770279,152,7,7,0.5978625296461486,0.5982840822611968,0.8883377985533646,0.6285604050891982,0.9164981196773927,0.9970325667860703,43,5,5,0.17149611636926632,0.1706754288075938,0.8560288847971944,0.5288998057735832,0.8908184946718807,0.9957748655360815,24,2,2,0.09775005350614169,0.09685632372835698,0.7481206515190897,0.2909334267352104,0.7929674552960952,0.9908452728521705,17,10,8,0.07038865619934831,0.06928783187299144,0.7497650521923829,0.4823846681648729,0.7645320312892622,0.9420346679853064,7,0,0,0.031195436441853366,0.029974594305985362,0.4986748123482185,0.02359901725237455,0.4977960039167495,0.9772937479618343,7,1,1,0.031307207837241745,0.030126922172456404,0.6662147763301932,0.16179192562474082,0.70829382326171,0.9873037975908496
1.4000000000000001,0.8399066130951296,0.6732612514296497,0.7073533313987401,0.8520242068494623,0.9288457578876514,0.9391758356670626,152,7,7,0.5972961823665808,0.5977351409797289,0.8877001538070632,0.6285144887488702,0.91688956703659,0.9970541273066369,43,5,5,0.17219288868124205,0.17125273876775648,0.8564030383182474,0.5398437769272031,0.8901907797487509,0.9957421178258997,24,2,2,0.09769282331430822,0.09680516130911485,0.7496086264660703,0.29346328794034987,0.7941760805938554,0.9921635027094017,17,10,8,0.07018700371548212,0.06905738982442074,0.7492265341612969,0.48189258760608944,0.7634815200190961,0.9411233780161554,7,0,0,0.03139664059641106,0.030238730572189884,0.4995673818531629,0.02739526785813846,0.49874510904394376,0.9745905574495094,7,1,1,0.03123446132597583,0.03000908737959691,0.66604339556477,0.15873938059245904,0.7047179893301292,0.9861417067615492
1.41,0.8402871068883017,0.6680461561375165,0.7052974303888447,0.8532561238964602,0.9290146819229169,0.938828444664054,152,7,7,0.5976613248628696,0.5976869734570931,0.8874903739225495,0.617799737059157,0.9173166512838857,0.9968159325115876,43,5,5,0.17168509028661286,0.17083963596218676,0.8580790608278246,0.5442372097266192,0.8935590734651284,0.995690621839171,24,2,2,0.09767287479212126,0.09658399322145189,0.7491468357577751,0.2908884170371604,0.7923775160531447,0.9913099099606106,17,10,8,0.07048057580447696,0.06938081660139932,0.7498630957311994,0.482774097330358,0.7633800244495317,0.938960916775841,7,0,0,0.03125607811376068,0.03013107829077455,0.5010792053357447,0.025332647067736996,0.5010221791244935,0.9735205389792422,7,1,1,0.031244056140158682,0.030061353068401155,0.6696437911286364,0.16060006454214906,0.707579986057624,0.9878661273435423
1.42,0.8413273116151697,0.6816833551353433,0.7139046304714285,0.8527024375462826,0.9287055248686313,0.9389965031129168,152,7,7,0.5974535805687612,0.597852421375236,0.88849496676025,0.6371725736645879,0.9159768253923732,0.9963246866657681,43,5,5,0.17211999375269244,0.1712322718257966,0.8588045403313858,0.5450888020679521,0.8926107829436969,0.9961645134177954,24,2,2,0.09755999144120037,0.09632876656423109,0.7523013807988079,0.29531535302848033,0.7965929465000787,0.992484168646805,17,10,8,0.07041804818099552,0.06930905604619582,0.748948770643794,0.48708553429468704,0.7621270817920985,0.9366268599483071,7,0,0,0.031156551600964016,0.029955382450462614,0.5005781543453096,0.023220470700386967,0.5009593003112635,0.975349869239002,7,1,1,0.031291834455386504,0.029970388826332628,0.666010575177795,0.1569087811627031,0.7085680568206372,0.9873701002328439
1.43,0.8421753598201769,0.6768224356548072,0.7131125274472717,0.8546821957218397,0.9299588014970316,0.9394653742373096,152,7,7,0.5976891332628763,0.5977093726156204,0.8899780986751693,0.6335807702911019,0.9193233519783235,0.9967428215594615,43,5,5,0.17185508790407739,0.17122639445149374,0.8587637271264278,0.5405589321221276,0.8932046305795073,0.9960341374611502,24,2,2,0.0975899063904626,0.09648247133167194,0.7502987698982947,0.2972505106974955,0.7939933527590675,0.9914488305437565,17,10,8,0.07039271717365483,0.06926558110564543,0.7520135141631459,0.48121601102797046,0.7665451566024384,0.9410858486707954,7,0,0,0.03130025700950335,0.030163889628857982,0.501908343176877,0.024148269146596606,0.5041941704192029,0.9764614514654973,7,1,1,0.031172898259425454,0.029932970477531032,0.6669876691853486,0.16463376456633544,0.7089756446073621,0.9868971555424113
1.44,0.8413356670565711,0.6771689939992979,0.7117229394429203,0.8530638432666373,0.9284059887654778,0.9377837337611353,152,7,7,0.5979483373625515,0.5979735006021777,0.8887741995702226,0.6299037485389182,0.91668830723456,0.9966764164206031,43,5,5,0.17195633642024555,0.17096243546388512,0.85840813118788,0.548292305489058,0.8901815135440742,0.9958442423496567,24,2,2,0.09778890658866357,0.09684077268934001,0.7512511928804524,0.2977032544112394,0.7950735233126882,0.9919618477988986,17,10,8,0.07001447805571667,0.06883544960166044,0.7492733216982742,0.47524274145428835,0.7635994643840323,0.9392362489305699,7,0,0,0.03120107376609183,0.029905969847479643,0.5005932182722951,0.024176236533900032,0.5019330590765169,0.9761452739591931,7,1,1,0.031090867806730926,0.029849877398699452,0.6673587573521627,0.1631317973018479,0.7049988839251295,0.9879510299488024
1.45,0.841393810711908,0.6794600926017906,0.7116494202153223,0.8534901576745288,0.929207893360921,0.9390947852080094,152,7,7,0.5981516325137414,0.598728831984278,0.8896019800422708,0.6350229875621312,0.9175028484387695,0.9967701608154776,43,5,5,0.1716845022064685,0.1707531894495918,0.8562407341379592,0.527796725099194,0.8916907168775994,0.9960097737718201,24,2,2,0.09763732822060496,0.09646341562656625,0.7500851165106371,0.2873764887082955,0.7959244881103742,0.9913638425907687,17,10,8,0.07017171501746657,0.06907720890827124,0.7506674216366928,0.4855623075069568,0.7644814260369015,0.938771234611884,7,0,0,0.031228360073266893,0.030002867418499106,0.5010937254843576,0.024402244736147598,0.49868219059673596,0.9745901558871831,7,1,1,0.031126461968451775,0.029900868857293768,0.6645291124401591,0.1586451190798444,0.705501792484363,0.987624176402612
1.46,0.8403901045674403,0.6755616489890935,0.7101699751105508,0.8530351386590311,0.9286710636029801,0.9384267199119685,152,7,7,0.5975253735286531,0.5979256197223303,0.888328442393519,0.6274862047958256,0.9170677443905653,0.9968969101830769,43,5,5,0.17172660965524045,0.17086250748223003,0.8567675746896967,0.5411636070586197,0.8898652390467994,0.995434146597593,24,2,2,0.09755146220719854,0.09665402002829585,0.7493970860572475,0.2890378870652884,0.7937959069653271,0.9917972760497215,17,10,8,0.07045181649477607,0.06931927956020731,0.7504758234197352,0.48310182507363936,0.7654161011413936,0.9395851760688838,7,0,0,0.0313838177300285,0.030050122203154214,0.5004893578443328,0.025096876514739845,0.502163704931949,0.9747092676527093,7,1,1,0.03136092038410346,0.03011593397932384,0.6632704540802973,0.15140987900258587,0.7042303938213463,0.9857599556264919
1.47,0.841135727867214,0.6743225963168582,0.7102601248907742,0.853142935232567,0.9294731991114162,0.9378977251887282,152,7,7,0.597837066545063,0.5981548375097098,0.8886421931650565,0.6290416613625837,0.9165546033404641,0.9965028093522772,43,5,5,0.17194283058530554,0.17113331936008996,0.857071737276257,0.5380460063899566,0.8892050564989747,0.9956733212006159,24,2,2,0.09772743479617076,0.09668092811336468,0.7514830601235027,0.2946031919666827,0.793117562728876,0.9913873121550821,17,10,8,0.07012132229900991,0.06900478245928085,0.7499032520002222,0.4804003982774444,0.7650205029486821,0.9404597442334983,7,0,0,0.031157984238861715,0.02997658502939643,0.5025926410431539,0.025798405173311327,0.5044838754563459,0.9758535470714315,7,1,1,0.03121336153558905,0.03001155942156301,0.6652398116768238,0.16344067230070464,0.7069637276303135,0.9867679263741617
1.48,0.8403160114905184,0.6762780565334575,0.7106735837433412,0.852587892367179,0.9293301496593812,0.9389490413965917,152,7,7,0.5974549612768992,0.5977049393625193,0.8881369778986946,0.6325247147891845,0.9165280641141662,0.9968251022202648,43,5,5,0.1720054364019862,0.1710812117901736,0.856209454034928,0.5341751487133783,0.8915126124361799,0.99609293585683,24,2,2,0.097789221160798,0.09673960499754507,0.7496546493796379,0.3008398613133766,0.7914691703674367,0.9914320901059397,17,10,8,0.07034257714880673,0.06907959095540336,0.7500678227527303,0.48365742295563025,0.7652265780473643,0.9369637629967074,7,0,0,0.03120659777370808,0.030003965657041366,0.501605027266074,0.024935402032957885,0.5019824275159317,0.9763459014425407,7,1,1,0.031201206237801773,0.03005080624949034,0.6683596371889005,0.1650497385575064,0.7070648563731545,0.9879206315454608
1.49,0.8410836383184507,0.6753289406856426,0.7111764524881928,0.8532702497065094,0.9284986271363842,0.9385654767608991,152,7,7,0.5978239457985733,0.5981587880952681,0.8893028324663484,0.6309909270360783,0.9181286696551938,0.9967927305637514,43,5,5,0.1715059807256095,0.17056549262334025,0.8563093274025053,0.5365542312964838,0.8896172251785012,0.9958271719649362,24,2,2,0.09762529538524038,0.0964675431002043,0.749064594835695,0.2879526122816025,0.7913147417347943,0.9910313605753708,17,10,8,0.07054937909530225,0.06939696074219107,0.7509615156345678,0.48186069115836005,0.7647888629337078,0.9427229872706869,7,0,0,0.031244298101399913,0.030022707590014845,0.5000724164530556,0.023476504897859695,0.4982327433396294,0.9737247383039382,7,1,1,0.03125110089387457,0.029986036756085452,0.6671703056875399,0.15340660314560664,0.7076291226295937,0.9877495341910458
1.5,0.841810593777069,0.6757724013519031,0.7124046830084784,0.8535977767836532,0.9303366365123202,0.9402159059384523,152,7,7,0.5976631169589111,0.5978019708535591,0.8898338628905464,0.6310690334619846,0.9174403870861825,0.9970678740958752,43,5,5,0.17202487180033144,0.17112534859799491,0.8577971590374781,0.5373745358191686,0.8916734844745053,0.9957599893625566,24,2,2,0.09754202729321548,0.09663926235337666,0.7504066269039641,0.28858587953182285,0.7963298479159251,0.9918622063232756,17,10,8,0.07011401643451921,0.0690478693645813,0.7508793362164776,0.48373329887981326,0.766055045596647,0.9405393644220202,7,0,0,0.03141376971203279,0.030254379329516454,0.4973565481162201,0.023681302834126925,0.49779341631563656,0.9742615494927637,7,1,1,0.031242197800990076,0.03006806409683331,0.6682361107746569,0.16590971595736226,0.7109080991423682,0.9880422053205687
1.51,0.8472964477289064,0.6834280425754979,0.7187027207306084,0.8593037276595781,0.9344776469391242,0.943644952305575,152,7,7,0.59791522953542,0.5982761696870631,0.8896219268220441,0.6312420863925275,0.9175543009687455,0.996915411758045,43,5,5,0.17198592138343022,0.17090852422621278,0.8584484323216143,0.5483980279687913,0.88940701709661,0.9955171353353007,24,2,2,0.09740840553671444,0.09643833691229842,0.7486258791841033,0.2880540310961282,0.792661195283018,0.991284189603755,17,10,9,0.0703204861162048,0.06946537966757646,0.8327532952248046,0.5833716705613511,0.8517928308462109,0.977107747747871,7,0,0,0.031222999160523214,0.030123682612231452,0.4969543197290709,0.026803109485503494,0.49318886961950886,0.9721899674298734,7,1,1,0.03114695826770745,0.029889701559284363,0.665872393226369,0.16566588985527475,0.7036357854052329,0.9861201820387954
1.52,0.8465623986760458,0.6799073412851528,0.7157871207500771,0.858622038534847,0.9350854298836037,0.943912631756769,152,7,7,0.5977308488587434,0.5979750889763451,0.8884460551844837,0.625417139701487,0.9168206528077536,0.9969846876903126,43,5,5,0.17211592380771312,0.17132752382673677,0.8563574049017567,0.5375764224669367,0.8906820459100117,0.9954332393218878,24,2,2,0.0975356569033338,0.09640801216827358,0.7499289094070348,0.3010433277404896,0.7948230505887459,0.9913301532489267,17,10,9,0.07008306386564983,0.06900459372791656,0.8343967585819573,0.5895249002065407,0.8526591859478434,0.9764415344837019,7,0,0,0.03133120938911592,0.03006897763100265,0.4992614460662512,0.02644141317788323,0.4980071409815152,0.9747597314222914,7,1,1,0.031203297175444,0.030037503886071085,0.6662163383843119,0.15564610863615133,0.7067239711197562,0.9877540720718859
1.53,0.8473232442178114,0.6845630640237792,0.7202984581005664,0.8592665085336015,0.9340265395716157,0.943401543785902,152,7,7,0.5980061152903823,0.5983096802026586,0.8891183037401964,0.6345221351415997,0.9166939969547379,0.9964330785824693,43,5,5,0.17180590284825453,0.17077136276250005,0.8588971369391707,0.5498549483982821,0.8917123067762949,0.995607919322618,24,2,2,0.09758660968628113,0.09673714277770226,0.7498902566580727,0.29200544476506757,0.7945468784283791,0.9919018227728964,17,10,9,0.07028641600908425,0.06909098379723189,0.8328655741454589,0.5862483953400381,0.8525903360011665,0.9766871433250359,7,0,0,0.03112405848790278,0.029953197296446053,0.5002739640739993,0.02750327327178606,0.5010414433268817,0.9741999045381945,7,1,1,0.031190897678095075,0.030014700932405904,0.6649357153791805,0.15693815281041962,0.7041830339621367,0.9883622285114984
1.54,0.8459476390355428,0.6791485185763313,0.7156659001225092,0.8588826666741582,0.9332325870581036,0.9431633942196135,152,7,7,0.5974550203089088,0.5978981949902367,0.8876209650694152,0.630813433918118,0.9158121662173591,0.9965304490818394,43,5,5,0.1717330870772181,0.17089975897999507,0.8569080550947523,0.5398855029125897,0.88988119301387,0.995584060825614,24,2,2,0.0975620351289186,0.09639883634878815,0.7482086640590366,0.2884301631596412,0.7909773067322876,0.9907596509229946,17,10,9,0.07046820320243105,0.06943022597818041,0.8333263950648192,0.5891837655795295,0.8508925890734607,0.9776648106014721,7,0,0,0.03138526420902223,0.03016386739682018,0.4985321037645081,0.022627556403365497,0.49844122517447625,0.9771523214724064,7,1,1,0.031396390073501215,0.03020965075711212,0.6690348852600192,0.15671180669124532,0.7110775970983942,0.9871738830095841
1.55,0.8469066674669514,0.6815739254277493,0.7171891264064741,0.8593306894674647,0.9343323132048047,0.9444948071443972,152,7,7,0.5975006605989613,0.5975337008084877,0.8887584795898685,0.6290165313360131,0.9175541696790921,0.9972291625409405,43,5,5,0.171624195124714,0.17076819046724373,0.8578102883278795,0.5391119258591922,0.8901122640111361,0.9960098228256185,24,2,2,0.09769677541754632,0.09639746183454449,0.750838394027256,0.2993781167848777,0.7920583524169855,0.9909868325498551,17,10,9,0.07055333695692625,0.06937782641743842,0.8323318786675826,0.5855218118232784,0.850486176954554,0.975808604103025,7,0,0,0.031237528043957866,0.03006173132207367,0.5004340293246243,0.021347306335094268,0.5019502782671134,0.976694813564442,7,1,1,0.03138750385789432,0.030151991937290554,0.666224082120175,0.16151138022428563,0.7031600042074408,0.9865546666606878
1.56,0.8464609847067548,0.6862174791183789,0.7212742541917475,0.8576640786276948,0.9332311206339571,0.9428460011259573,152,7,7,0.5973847089772139,0.5977210945588538,0.888242574068375,0.633972563575526,0.916152299188161,0.9968125853064794,43,5,5,0.1718241130014144,0.17125826221366935,0.8569711963322119,0.5487335650769276,0.8898334913885303,0.9954333959990708,24,2,2,0.09788321869242259,0.09666897212695653,0.7517854064180126,0.2910334195371141,0.7957680625665122,0.9910803456333163,17,10,9,0.07034947766049816,0.06930525929277065,0.8324412163239524,0.5885491016519981,0.8512404546682879,0.9777258371815863,7,0,0,0.03128608645581755,0.03003120034354087,0.498505975434557,0.02090903643780431,0.49903666308680833,0.9761806243435539,7,1,1,0.031272395212633475,0.03009828751109908,0.6682868338973192,0.1647272079182814,0.7074896509557365,0.9868440883241684
1.57,0.8468031530238646,0.6811462525276648,0.7173308602642791,0.8591871527387812,0.933881143716602,0.9434728745500225,152,7,7,0.5978271855096254,0.5981233060874511,0.8884115836243088,0.6304349417962022,0.9161915138754957,0.9960426428767355,43,5,5,0.17192549406966384,0.17114314227698169,0.858102874244812,0.5395841278249346,0.8913568584024595,0.9957251341890743,24,2,2,0.0977330445715604,0.09667419210392506,0.751561462172075,0.29246187260111006,0.7949713513038827,0.9921040128872938,17,10,9,0.07018574264796569,0.06903359162815208,0.8331446507815271,0.5904485562622436,0.8519380875611058,0.9773121618815013,7,0,0,0.031112030814241305,0.029924627069286766,0.49934342819066535,0.024000477510180106,0.4996279362529999,0.9758383593970547,7,1,1,0.031216502386943196,0.030037679593615557,0.6639953498843515,0.1537020749457499,0.7051554943190965,0.9870161727351413
1.58,0.8469611492613456,0.6817255837529886,0.7160535492187294,0.8592331688472685,0.9358279210332302,0.9455441410705401,152,7,7,0.5977662293930863,0.5980905892136259,0.8891667576149448,0.6280422963331141,0.9171937640272937,0.9968957330740666,43,5,5,0.1719970549001038,0.1711245988550799,0.8567305220548463,0.5381151303285784,0.8898899168611585,0.9956947598063836,24,2,2,0.09738572858318624,0.09636794151342107,0.7501136785052925,0.290221224039304,0.7930011743504923,0.9917716510803292,17,10,9,0.0702132844557581,0.06913046553888415,0.8331634863156073,0.5848767343094594,0.8515696757840701,0.9770827930531878,7,0,0,0.03130953289869022,0.030066049464864717,0.4995586921000698,0.022184348475267915,0.49900099962912514,0.9767846017704795,7,1,1,0.03132816976917535,0.030082855350404822,0.6671786549363609,0.15598177100585145,0.710877812516848,0.9863601051840271
1.59,0.8469764868093445,0.6825646807203416,0.7159082777681549,0.8590768998587844,0.9346759739766155,0.9439574576708768,152,7,7,0.5975752379900872,0.5973799351015536,0.8890415392719724,0.632819972939453,0.9167110005732425,0.9969138802728408,43,5,5,0.17183551089799037,0.17103094911291372,0.8566338305152088,0.5376312475781395,0.8899459495841044,0.9957504219537429,24,2,2,0.09770192066454303,0.09656083792993303,0.7524793738498131,0.2964425624098545,0.797374381901482,0.9917808885764945,17,10,9,0.07051517965463461,0.069490846487927,0.831770217959446,0.588820767833946,0.8502735758629639,0.976688447499262,7,0,0,0.031071486408685865,0.029834433083087523,0.4988483235099585,0.02499966640322936,0.499808416737771,0.9750801803157708,7,1,1,0.03130066438405899,0.02998861706233082,0.664791518678249,0.15707775469208837,0.7040544753416029,0.9872812442088066
1.6,0.8468224764085174,0.680363883275766,0.7165270750160725,0.8588111901773554,0.9352777853758832,0.9445614938954966,152,7,7,0.597408913154658,0.597324191870151,0.8895229282996922,0.6274535631598616,0.9181137876335043,0.9970718289494007,43,5,5,0.17182216597385905,0.1709168152205507,0.8566650185457665,0.5426463627657419,0.8906911643630442,0.9960104738373171,24,2,2,0.09783446796278714,0.09656189087168326,0.7487260550199565,0.2863663339680763,0.792922943186699,0.9911690943240244,17,10,9,0.0703011157756133,0.06901445977402745,0.8327015618202814,0.5832827370321816,0.851704309173932,0.9770122923084644,7,0,0,0.031366349224418395,0.030106910300587264,0.4996990177260767,0.026034263452683396,0.5017153854025409,0.9726062399729335,7,1,1,0.031266987908664036,0.029939144494024263,0.6662743276817714,0.15158056250402338,0.7058816389340334,0.986407298148331
1.61,0.8471468400272113,0.6852630893390143,0.7156222196728361,0.8590807087705626,0.9360406066712351,0.9457005400697709,152,7,7,0.5976227663358977,0.5979053819867917,0.8890096226036435,0.6328028705297184,0.9178546371415346,0.9967428652602952,43,5,5,0.17208439132128478,0.1713897825238554,0.8572118804899481,0.5434518798815315,0.8908066950886449,0.9956861749473487,24,2,2,0.09760590683731431,0.09634852213549903,0.7513770739126631,0.2953775980408489,0.7944198568376989,0.9916057221637549,17,10,9,0.07036119392239105,0.06918658539499037,0.8324843339380893,0.5863383779024348,0.8512391874678673,0.9788174790752421,7,0,0,0.031127704307053066,0.030018601958698522,0.5020414914585769,0.02409345717019559,0.5029431902309172,0.9775113446772407,7,1,1,0.03119803727605901,0.029878477441865284,0.6645963320604261,0.1563276354130801,0.7044316114728945,0.9877472001547494
1.62,0.8470560056122112,0.6874924749240944,0.7215895853502255,0.8583936920137631,0.9338775208330488,0.9428035307281434,152,7,7,0.597891734692018,0.5983492451433376,0.8891218368703173,0.6399578811770488,0.9163706594771548,0.9968703150979107,43,5,5,0.17176706002015815,0.17097132466489887,0.857619901087472,0.5374063185417292,0.8921403460715758,0.9961265208425396,24,2,2,0.09741179950270075,0.09643315850092327,0.7500716574586168,0.28991062009710866,0.7961106746409454,0.9926298548325786,17,10,9,0.07031912304413054,0.06924615741751125,0.8333027751322855,0.5876518746426236,0.8525813138802298,0.9770580533590132,7,0,0,0.03135962714641704,0.030169804391160175,0.5007114159034948,0.02610384648560785,0.5047602552950751,0.9722363592876729,7,1,1,0.03125065559457561,0.030003767103848257,0.6675329873979926,0.15809979569345664,0.708648688628585,0.9876427273400176
1.6300000000000001,0.8468113114247503,0.6837607130863902,0.7195875914360406,0.858103296633281,0.9341413346525779,0.943450249663197,152,7,7,0.5974477238543929,0.5977325191087315,0.8884941844546088,0.6347484716582121,0.9156563942271443,0.9967578713198644,43,5,5,0.1719111470863472,0.17100510624104542,0.8581408471723025,0.5484079329523858,0.8917717039716258,0.9958417571340082,24,2,2,0.09774431975438803,0.09675719633229937,0.7512923538126866,0.2948656531772465,0.7971499175091307,0.9919594956845108,17,10,9,0.07014491155185923,0.06900017582413445,0.8351057503760795,0.5863546377133668,0.8527807826578202,0.9778409300922459,7,0,0,0.03140622116899942,0.030158251506725672,0.49956484716399385,0.025045939058559303,0.49818893792447694,0.9748033210711629,7,1,1,0.03134567658401317,0.030036497490975988,0.6669536115487242,0.14896721834386134,0.7088094187957397,0.9890734643939049
1.6400000000000001,0.8472491188113939,0.6802144276665492,0.715467032802281,0.8600098258376487,0.9353952151316653,0.9453496250119899,152,7,7,0.5977068790792542,0.5980705317473494,0.8896596554600853,0.6306811077438637,0.917477706036895,0.9970316366997449,43,5,5,0.1719109995422653,0.17098569435711797,0.8576473738247554,0.543740724840488,0.8909908478458644,0.9953702113830084,24,2,2,0.0976217745368913,0.09664388764936324,0.7469473679666145,0.2866316277700772,0.7897778607050121,0.9922572753559719,17,10,9,0.07029242381116667,0.06915345717948088,0.8338894689083893,0.5872292924068485,0.8518008566378829,0.9777407931625122,7,0,0,0.031189735755003865,0.03001292347207029,0.5022592979826319,0.025807029099727992,0.5017954897834714,0.9726345353119592,7,1,1,0.031278187275418576,0.030178949136652825,0.6631548118463545,0.15137306893148858,0.7038187286431395,0.9882106016032497
1.6500000000000001,0.847341616328574,0.6831595334035057,0.7148031937345114,0.8597691960942027,0.9346528643162503,0.9442904858464033,152,7,7,0.5978391021435414,0.5979454627668741,0.889322749285848,0.6329706362168712,0.9167204536464733,0.9968575134138946,43,5,5,0.17204910517952288,0.17114327869770907,0.857674665419544,0.5421716467049235,0.8932117748022532,0.9954753657877262,24,2,2,0.09752993291881723,0.09661211547486653,0.7510053414656203,0.29332299023729236,0.7967610521116746,0.9922930525156868,17,10,9,0.07010833823931957,0.06881925574375986,0.8348501814393592,0.5882833680583888,0.8527868513861447,0.9791925875217936,7,0,0,0.031189066567387257,0.030006398531287993,0.4969963779001547,0.025334422462004378,0.49562060516838435,0.9724737684402959,7,1,1,0.03128445495141175,0.030005653029666755,0.6670494694996348,0.1601970638062474,0.7080698064067585,0.9874083462367687
1.6600000000000001,0.8461912048723274,0.6826325127404672,0.716782876481296,0.8586926114460565,0.9336202252284013,0.9433961553903889,152,7,7,0.597657877457019,0.5981488477281784,0.8883712024674615,0.6348059676164339,0.9154724634561984,0.9966307779020915,43,5,5,0.17201008806218107,0.17108400272190083,0.856381278191727,0.5354614546834554,0.8900636153215171,0.9954649971941314,24,2,2,0.09772730818825147,0.09674469524870302,0.7487925519615239,0.28460373704042985,0.7919805145814687,0.9922328110935044,17,10,9,0.07008793243375835,0.06898236245992959,0.8328759930352484,0.5832023425613908,0.8522995466607914,0.9773960142739015,7,0,0,0.031249702574113455,0.030029145740105928,0.49570003279630154,0.022618869683478156,0.49666500088194243,0.9728007997181377,7,1,1,0.031267091284676536,0.030004955340063748,0.6664081842544448,0.16577300585137383,0.704800526192298,0.9858387741212797
1.67,0.8468918912658221,0.6802272502994587,0.7169862382682005,0.8594058163845272,0.9336566693775177,0.9443370759485334,152,7,7,0.597606638516992,0.5981124954820987,0.8888175867911653,0.6293235074702234,0.9165084894958091,0.9971018931797035,43,5,5,0.1719739056087572,0.17106723807650942,0.8558936701440056,0.5357124208656668,0.8889570065130781,0.995759342667677,24,2,2,0.09763320459632122,0.09657312710372218,0.7518302928678945,0.28727457484310603,0.7992246447251228,0.991717631713395,17,10,9,0.07026523498996319,0.06915054286796982,0.8333044526692482,0.5908759773155717,0.8511923353767119,0.9761956040619899,7,0,0,0.031341175801080375,0.030274496240706265,0.5017274609998323,0.023186565163590616,0.5022107598314725,0.9781632548628358,7,1,1,0.03117984048688603,0.02995898865289262,0.6721338064937081,0.15921367363241715,0.7120638646795477,0.9889788195579261
1.68,0.8466017712333999,0.6809252862032671,0.7163240644351418,0.8591976458984515,0.9342779701153615,0.9450842440026646,152,7,7,0.5978572070548465,0.5981465981645623,0.8883131458802682,0.628472945778792,0.9160254129488604,0.9967280290456163,43,5,5,0.17205195818380595,0.1713901437969394,0.8568775647353725,0.5356666015946863,0.8908682129488962,0.9957607446697432,24,2,2,0.09750450923805311,0.09644912044829834,0.7496252538725711,0.28518373108029416,0.7926101077652556,0.99173021941184,17,10,9,0.07023430846654814,0.06912070041281188,0.8329068006768241,0.5853334397729135,0.8505199430619541,0.976253211964829,7,0,0,0.031126806872062304,0.029869471659067066,0.5002850023408496,0.025361345681012337,0.5020957927420868,0.9742205936347083,7,1,1,0.031225210184684028,0.030054476644856918,0.6657794363621767,0.16614484491528986,0.7035548274098649,0.9869837346413523
1.69,0.8472851241015019,0.6828995269108012,0.716833457801826,0.8603480911483203,0.934717022210947,0.9441580145907368,152,7,7,0.5983318280018446,0.5984737369805615,0.8894476286095444,0.633862317465521,0.9168201399209448,0.9964366974887716,43,5,5,0.17134834875419602,0.17075073086453318,0.8563886104371597,0.5399602406114777,0.8894374684400802,0.9956789740300533,24,2,2,0.09783731727022521,0.09669085148965384,0.7504147640885519,0.2902408079222689,0.7943534464403301,0.991642722460742,17,10,9,0.0702757424739815,0.06905368784727549,0.8342763767402454,0.5869591681924758,0.852603193445838,0.9771880426347411,7,0,0,0.031066765903751313,0.029849132110611805,0.4989325413429842,0.023549611851417865,0.49848517667364023,0.973306214992745,7,1,1,0.031139997596001476,0.02989607351440994,0.6670501532802616,0.1581398857727045,0.7120903877943039,0.9866045416608971
1.7,0.8477671406957529,0.6815740770990165,0.718531199120718,0.8595481102205256,0.9355339554468438,0.9450612710681604,152,7,7,0.59760534527346,0.5981562535018936,0.8896441704602686,0.632512201787089,0.9173728935485783,0.9967010722310236,43,5,5,0.171863469836408,0.17091187421159237,0.8584015960458671,0.5467413209045958,0.8904531646864702,0.9953732398347521,24,2,2,0.09754700084379528,0.09653969596397655,0.7531387399899534,0.29215844226263094,0.8012149549137615,0.992928657547668,17,10,9,0.0703406018200555,0.06913025226991538,0.8336347532156463,0.5891793457424345,0.8519388434816633,0.9773385541828078,7,0,0,0.03132081674594835,0.030116923555037894,0.4950893250141486,0.023922900935965385,0.49134980080222335,0.9754159044546516,7,1,1,0.03132276548033289,0.03010339974573266,0.6674598192378087,0.15772115238744996,0.7106089860119316,0.9858683517552161
1.71,0.8472175665580166,0.6841589164651322,0.7185724923560466,0.8592465177205022,0.9341828413243698,0.9431781861141569,152,7,7,0.5974677302592452,0.5977200205564405,0.8899193712961213,0.6389596926883169,0.9172179716902549,0.9963399715414091,43,5,5,0.17215400953628995,0.1712195000431373,0.8561256928167624,0.5388857897542007,0.8899574287108563,0.9952025770789654,24,2,2,0.09771572714113254,0.09672671872711797,0.7499124005255975,0.2948049837866937,0.7939229669277381,0.9915495065049318,17,10,9,0.07001801060008286,0.06890413984669594,0.8329763112314812,0.5813457711435257,0.8515218804179484,0.9784681097438761,7,0,0,0.03138894796201403,0.03025268018062081,0.49908882920856235,0.025270813220176755,0.4982408045915223,0.9746237027267092,7,1,1,0.03125557450123536,0.03012845648759556,0.6660176928053919,0.15844722023286406,0.7056228402008408,0.9875996829098498
1.72,0.8474077849535918,0.6835425216049205,0.7176553439395194,0.8595663821648984,0.9345932870951366,0.9447563649282408,152,7,7,0.5974157288688486,0.5979428236045532,0.889386624398434,0.6333183919225359,0.9169700601268719,0.9970715949807604,43,5,5,0.17208889947292072,0.17136194273508354,0.8587615491736176,0.5488831222587213,0.8913928952178307,0.9962194239364457,24,2,2,0.09770306368035031,0.09674909231415063,0.7510235325291297,0.29842339010785357,0.7949057792221226,0.9919720930702417,17,10,9,0.0703476386692241,0.06926523188349826,0.8339076383057147,0.5874932402940154,0.8534781618829599,0.9776973478955832,7,0,0,0.03118113363870809,0.030088496923556893,0.500289635930703,0.023952599956945556,0.5000703507356445,0.9749093801716069,7,1,1,0.03126353566994812,0.030065752198239492,0.6628406179005535,0.1542114701265377,0.7018351446179429,0.9866243230559104
1.73,0.8464351797379117,0.6856447920398157,0.7204114800741411,0.8578426026918304,0.9335287353878006,0.94330452794608,152,7,7,0.5978098586838597,0.5979234977851178,0.8884913846206789,0.6361347580944762,0.9158635281763793,0.9964981460503161,43,5,5,0.17175083537068048,0.17096137359473135,0.8557046378647064,0.5401624819042935,0.88953719505713,0.995291854327543,24,2,2,0.09769715405418648,0.09668116088876158,0.7498086247034599,0.29427400803745474,0.7925267779009337,0.992001578434563,17,10,9,0.07026169435529744,0.06912274704657112,0.8327327286750763,0.5889772561227217,0.8512947639805873,0.976628939649257,7,0,0,0.031231872443000644,0.03001900937705017,0.5025086756847257,0.024334091962466015,0.49893014845904454,0.9750642559632124,7,1,1,0.03124858509297522,0.030005795284066324,0.665004495820111,0.15962405542719857,0.7028146590142511,0.9874632507626393
1.74,0.8460390817788334,0.6741744994792054,0.7119533096989641,0.8593281571563854,0.9349491361988352,0.9446056727377549,152,7,7,0.5975089845850293,0.5977269378625736,0.8880948273391336,0.6165271409459948,0.9180323872523195,0.9974653942238948,43,5,5,0.1717971287802121,0.17095815041946238,0.8561660476264559,0.5368300716332859,0.8925320058970495,0.9962067010055832,24,2,2,0.09780306207253237,0.09651690920825545,0.7483616653693266,0.28134916818153294,0.7934790834073153,0.9916458399601105,17,10,9,0.0702060476378869,0.06912503669003256,0.8337013329658137,0.5905924111207075,0.8518130281886871,0.9765790736497825,7,0,0,0.031344068614063,0.0301409204096338,0.5011055718004592,0.027143893422412083,0.5009172248112778,0.9752413792764318,7,1,1,0.031340708310276286,0.03007684996470466,0.6687710315771282,0.15824226171489228,0.7119553937588594,0.986113254340707
1.75,0.8471108365292837,0.6796562439587369,0.7150626526206247,0.8599015526634897,0.9356717116466716,0.9443192883803042,152,7,7,0.5977718857629893,0.5982781937382041,0.8892751198589951,0.6289994198416833,0.9177026651044324,0.9970288976812643,43,5,5,0.17163292249139478,0.17067590738739796,0.8575282259928929,0.5395306517680637,0.8920750561042372,0.9957073810478106,24,2,2,0.09794871655545573,0.09699469722140608,0.7494425759702317,0.29282751643013,0.792407558760962,0.991265159608638,17,10,9,0.07024509750103783,0.06930557504480375,0.8340045208893366,0.5822306593941606,0.8530560928582596,0.9772102484488078,7,0,0,0.031192561679451905,0.029942122085278963,0.4963044734870041,0.024876067349561035,0.49534357781044924,0.9756180540817411,7,1,1,0.031208816009670393,0.03000137902693434,0.6702961473560579,0.15440802268255113,0.7126446957186173,0.9877020936759286
1.76,0.8477506850648047,0.6884568691999822,0.7220524959792423,0.8590294128167921,0.9347181814743226,0.9446885597996868,152,7,7,0.5978890404706508,0.598268411218035,0.8902359567898525,0.6366906006426303,0.9175012401761884,0.9966955372032629,43,5,5,0.1716226193608826,0.17068857656806452,0.8580153148693367,0.5394731126688592,0.8917791788933479,0.9961246125919518,24,2,2,0.09770538649432228,0.09671492545867597,0.7485064232762931,0.2871854086349648,0.7930690714569248,0.9918603067090651,17,10,9,0.07011661809689754,0.06904294430873466,0.8339043331207311,0.5891845204334965,0.8521952967532859,0.9762389547485901,7,0,0,0.031484634830757925,0.03028552945684342,0.5023344670513674,0.022861527527286936,0.502929142398354,0.9792400366212619,7,1,1,0.031181700746488822,0.029975505005888445,0.6672434073048864,0.1696864033965616,0.7052020430978367,0.9838761499255569
1.77,0.8466830786937911,0.6822197366417356,0.715960241837044,0.8580088418201827,0.9347208339731427,0.9441710512733583,152,7,7,0.5972318362997089,0.5975816981612294,0.888870005149464,0.6320874239243199,0.9156701012516849,0.9969101950638459,43,5,5,0.1720687893442283,0.17124460176145007,0.8568245630971542,0.5377882199410529,0.8916382334155357,0.9956852951716781,24,2,2,0.09786615098601427,0.09673451319436295,0.7495959653650259,0.29096959019347357,0.7954331296836881,0.9915533427612445,17,10,9,0.07026707429559095,0.06914113767011476,0.8335906476865244,0.5930425751726262,0.850540643283095,0.9775895542112092,7,0,0,0.03137292208598855,0.030191671953700205,0.5015982875242673,0.02717106446745284,0.5008865239755845,0.9743419861761972,7,1,1,0.03119322698846894,0.03000727676230685,0.6659125036809662,0.1580085506896299,0.7071342861268504,0.9859642326889747
1.78,0.8466532456701216,0.6831604833826528,0.7183558270510564,0.859056765124443,0.9343555883417274,0.9442063562923609,152,7,7,0.5974291525667639,0.5977359814607441,0.8886902997904504,0.6343475680930829,0.9163446948270515,0.996991960969096,43,5,5,0.1721586531741409,0.1715345566461841,0.8570569613097426,0.5466584984019787,0.8908122019647191,0.9954062022001549,24,2,2,0.09774884327667985,0.09661443832054079,0.7503153134296582,0.2870407371410676,0.7941094041160818,0.9924763442509964,17,10,9,0.07005054810378923,0.06898764268896514,0.8333965767626265,0.5939484721600045,0.8519783559458757,0.9755336459631185,7,0,0,0.031333421054676944,0.030107609323277856,0.49767077481043603,0.026420613314854756,0.4972671290707055,0.9720471423532367,7,1,1,0.03127938182394928,0.03010829130296043,0.6655234835213083,0.15805240815464877,0.7050883252684195,0.9873753258079553
1.79,0.8471680898695081,0.6853661724778831,0.7208256063847209,0.8592462040190709,0.9347108371595422,0.943611433592391,152,7,7,0.5975037444342913,0.59777546040843,0.889341461256775,0.635535436174762,0.9173609913491965,0.9966530577333476,43,5,5,0.1716014505431745,0.1706784672361138,0.8568152682031186,0.5489402890751961,0.890410259184207,0.9953647589189215,24,2,2,0.09793189569257865,0.09677956055424011,0.7497164565786789,0.29285501444439554,0.7926762911681016,0.9915009039821998,17,10,9,0.0703913166366834,0.06946052091957242,0.8331362072544961,0.589490583076831,0.8521452488250465,0.9765981310250961,7,0,0,0.03127885422068859,0.030060256286506472,0.4996917605718642,0.021159819683240575,0.5001630954367753,0.97899038853962,7,1,1,0.03129273847258356,0.02996562942426543,0.6674271927888021,0.15614464995870644,0.7083268400719631,0.9885630522282035
1.8,0.8466710125877068,0.6834961760813426,0.7165309456571265,0.858998610876464,0.9344177304390134,0.944388020124709,152,7,7,0.5977881501232787,0.5981770612721761,0.8887601524541977,0.6300520606977597,0.9159432371967078,0.996426175504813,43,5,5,0.17175907583583888,0.17083981584564845,0.8571154267394188,0.5432382485007607,0.8898608777520666,0.9961442373771054,24,2,2,0.09783164288590536,0.09697040882495583,0.7489005327497892,0.2865275699656693,0.7923544149241917,0.9924461600168581,17,10,9,0.07016037035357076,0.06901739102266602,0.8328801825530783,0.5826078190771571,0.8522069596301036,0.9771993970032264,7,0,0,0.031239321871326345,0.030008921649621805,0.49800004395981323,0.023014688398017895,0.49699845984162816,0.9759031703150038,7,1,1,0.031221438930079858,0.030036851613144122,0.6655276217499438,0.1535816019942368,0.7063710553926104,0.9868835678800352
1.81,0.8475087881321803,0.6828710281742656,0.7159029031337044,0.8600753130234731,0.9346118316953294,0.9443674769742052,152,7,7,0.5979623597506568,0.5983332522963725,0.8898016081809024,0.6337855857649886,0.9173934208682293,0.9964959255042078,43,5,5,0.17207980377653262,0.17116168228842302,0.8568037285801974,0.5470414322548758,0.8903775360583686,0.9957450725391751,24,2,2,0.09753255046227981,0.0965718267863572,0.7501443511494358,0.2952430168638789,0.794636185805029,0.990911850980403,17,10,9,0.07033375368971512,0.06912015065870403,0.8334428471316433,0.5851418464285157,0.8523947617135736,0.975946245022873,7,0,0,0.031028317602677484,0.029697104638686925,0.4979339758223944,0.022295527980487756,0.49782144059663536,0.9743881671513984,7,1,1,0.03106321471813819,0.029885393376459367,0.665130145372978,0.16107719845715743,0.7058127877104463,0.9863010146731628
1.82,0.8470052042144497,0.6826691128070558,0.7185995311989616,0.8592966382212224,0.934519863439394,0.9433671746141146,152,7,7,0.5974929189045768,0.5976070681908408,0.8893109447421532,0.630956571578419,0.9184408780377669,0.9968099596099658,43,5,5,0.17220298382122792,0.17128199744722758,0.8568146675598964,0.5420158210316655,0.8902295748679417,0.9954657371552414,24,2,2,0.09747375457045185,0.09646163545081063,0.750133557930412,0.2823150629398256,0.7940472209129135,0.9921890882227492,17,10,9,0.07025685104670894,0.06931603405131112,0.8336461411009527,0.5893444585782406,0.8511865229481692,0.976868336216456,7,0,0,0.03129383345398747,0.030113299373597906,0.49528813736643407,0.029144684456095915,0.49708193511095966,0.9700266339305574,7,1,1,0.0312796582030471,0.030085536922145883,0.6678327867813464,0.15911555383674156,0.7090613436195661,0.9860395651590022
1.83,0.8472575735525079,0.6830079510863885,0.7167150624191225,0.858965241264467,0.9349736913998129,0.9444030655758022,152,7,7,0.5979097330301537,0.597956972751245,0.8894336084146098,0.6293243476713467,0.9171580313757322,0.9967845778897477,43,5,5,0.17169383947345482,0.17076555007717328,0.8566217004691208,0.5371407865467865,0.8905949680636148,0.9955022303819546,24,2,2,0.09786323069347426,0.09686298355099571,0.7508969154006573,0.29916345458458654,0.7942301934089828,0.9912108551296925,17,10,9,0.07010199158717825,0.06900011571650194,0.8335389310655037,0.5866810119566692,0.8514651838234902,0.977131437407461,7,0,0,0.031226101973171858,0.030240889665262213,0.4995423416338608,0.024843504216866447,0.4991223680278156,0.9762410759841808,7,1,1,0.031205103242567155,0.029949365646018192,0.666580563791378,0.15817241441140842,0.7081798038843565,0.9875151859102083
1.84,0.8469949682124623,0.6817792306538925,0.7142370219707354,0.8599048318440933,0.935410534422924,0.9447573489991643,152,7,7,0.5975366949317618,0.5980029780981373,0.8897054469713954,0.6291045983188744,0.9179536056068595,0.9971025561534546,43,5,5,0.17173436152818464,0.17087545026642353,0.8558533090993069,0.534297188317582,0.8914050055608471,0.9956266368699418,24,2,2,0.09778896700746746,0.09676471756791968,0.7499967056641388,0.2989134317359511,0.7936173810395005,0.9914633255591225,17,10,9,0.07024693979163281,0.06899756780649749,0.8330458564057983,0.5850794184351803,0.8504853102445795,0.9764727250584604,7,0,0,0.031353523849890125,0.030035171786974298,0.4988919491986635,0.024706325597685784,0.49558029139555987,0.9740728324463589,7,1,1,0.031339512891063244,0.03001809939257665,0.6665005212993792,0.15912277460765475,0.7078472405504812,0.9871714930033972
1.85,0.8470553029298471,0.6797614846966359,0.7161192571069475,0.8592656139471726,0.9348182869456625,0.9435824000599126,152,7,7,0.5973127367105865,0.5974646034367681,0.8889683387374167,0.6277849309375951,0.9177468421936645,0.997042041365726,43,5,5,0.17197843696199297,0.170895620574802,0.8573439957245247,0.5439707200440532,0.8916868814252303,0.9961888012038171,24,2,2,0.09762263252545401,0.0964659453562362,0.7509120012830875,0.29371309516622474,0.7952975463938154,0.9916672274064278,17,10,9,0.07030119090677393,0.06926145128435263,0.8347112747251083,0.5962599519215183,0.8528032235925054,0.9766670194900795,7,0,0,0.03153295736236899,0.03034240245875335,0.4978409930071798,0.02530329941569398,0.49747289478101187,0.97242926000159,7,1,1,0.03125204553282367,0.03004513261855431,0.6679984145195688,0.15581564655234476,0.7107907982150798,0.9882514785288411
1.86,0.8466970965048354,0.6835329433272915,0.7166124537419035,0.8591217533007525,0.93451100886995,0.9431267494788206,152,7,7,0.5972803727540145,0.5977390625933152,0.8884366257811223,0.6287801789980756,0.9169429292614905,0.9967650908430691,43,5,5,0.1717452258349989,0.17084761131414555,0.8581049910627847,0.539851434774094,0.8911929242357466,0.9958841623928566,24,2,2,0.09783298024530927,0.09683519625798451,0.7502724426529206,0.29515757690267314,0.7946863337928924,0.9921166975407057,17,10,9,0.07049393582708811,0.0696209244795222,0.8317513993381639,0.5874109704406376,0.850989042089821,0.978686981502687,7,0,0,0.03136865988763503,0.030191055232977604,0.501678910420415,0.025712200915239042,0.5022411617144273,0.9757679156431179,7,1,1,0.03127882545095423,0.030136625040492596,0.668571564636341,0.16566397142709635,0.7110222048773365,0.988393445140293
1.87,0.8461609818296975,0.6807918874710007,0.7167984284596333,0.8581280878045255,0.9338383529437093,0.9440720293643611,152,7,7,0.5979603311645345,0.5981540969528527,0.8884251366759269,0.6285209791875286,0.9157740030880583,0.9967103565262083,43,5,5,0.17198059056977585,0.17131978798068065,0.8552461053191476,0.5374047208121444,0.8891570791607502,0.9953809637357948,24,2,2,0.09741566685061577,0.09629188659580769,0.7491670861808822,0.3013951287011798,0.7922367842870882,0.9916791811866981,17,10,9,0.07032878533851826,0.06939185872253846,0.832080757299583,0.5931118319678544,0.8497478800567444,0.9738465613286057,7,0,0,0.031146204334925688,0.0299381374322832,0.5003149163826158,0.026545941962562634,0.5027182258090781,0.9760127929718517,7,1,1,0.031168421741629964,0.02991128258341208,0.6646242606390581,0.1590222155679776,0.704217305532391,0.9869090048945756
1.8800000000000001,0.8463638279160464,0.6768662308821163,0.7128446751209563,0.8588204081858871,0.9348689438506768,0.9441537209468246,152,7,7,0.5975544322664582,0.5978942732053993,0.888530234056289,0.627742845537225,0.9177743842578268,0.9970829510052757,43,5,5,0.17182249523956206,0.1711132615617197,0.8559207278352869,0.5314767557605128,0.8898754032323088,0.9962677577822281,24,2,2,0.09779127892129638,0.09668844499450102,0.7495003695307285,0.28769021985230836,0.7947398379759008,0.9915724517634181,17,10,9,0.0702839067671701,0.06918090472284844,0.8336893577647457,0.5882847543743651,0.8521748374926568,0.9783176797175426,7,0,0,0.03132516160059345,0.030239242629455314,0.4978624530418399,0.024083302836064913,0.49654160283598914,0.9754514289997693,7,1,1,0.03122272520491983,0.030029007960878963,0.6678871023055336,0.16342337188935585,0.7059607819115238,0.9866103397776281
1.8900000000000001,0.8471198721891376,0.6830796876990772,0.7189277530893463,0.8593521988713416,0.9345539766250306,0.9449493504323457,152,7,7,0.5975335780301515,0.5976672497437403,0.8889598670319804,0.6350623018847567,0.9168571201614973,0.9970253304451522,43,5,5,0.17183628245475047,0.17103123171891238,0.8578261431521462,0.5416411459358775,0.8918781913638402,0.9956572119866969,24,2,2,0.09778382682266613,0.09662487974027664,0.7523432390001169,0.30396448677690513,0.7930048097249307,0.9917392128609808,17,10,9,0.07038697676681947,0.0692893983272552,0.8324832365401081,0.5841862687163962,0.8500476038876937,0.9774477064158206,7,0,0,0.031164007419951144,0.029922877875732837,0.4993295621142387,0.029121280371660965,0.4984058054219948,0.9749688052382879,7,1,1,0.031295328505661274,0.0301198382830285,0.6675082641218788,0.16869101908619566,0.7059756692159378,0.986561697496337
1.9000000000000001,0.8467028089735706,0.6831736056333352,0.7157896662178787,0.8592122414318859,0.9334194659123604,0.9437512834614415,152,7,7,0.5977472257532045,0.5981035847875142,0.8885472685393456,0.6336769569071543,0.917908057613293,0.9968848654204279,43,5,5,0.17198682949808025,0.17098949242033232,0.8562608665736675,0.5445781007343077,0.8887964961981809,0.9953946325923162,24,2,2,0.09742830721147357,0.09629171488917752,0.7522445981655456,0.3007312753363283,0.7942221961026478,0.9916556908844139,17,10,9,0.07037894787167594,0.06934492798120209,0.8343348209126157,0.5850472087185618,0.8529878636212596,0.9793175932363415,7,0,0,0.031270508620906315,0.03013097111290506,0.49792001565454647,0.02322342317602681,0.4977681085247679,0.9749451398786707,7,1,1,0.031188181044659546,0.029915170585139737,0.6652359125536148,0.15609842839785554,0.7069251201756521,0.9868635862020061
1.9100000000000001,0.8460798106026907,0.6805310069314164,0.7142508831182418,0.8581853021784331,0.9344911702836631,0.9439621614685463,152,7,7,0.59798613851033,0.5981135984851416,0.8881694715831109,0.626143257860477,0.9168870761189556,0.9967244811197472,43,5,5,0.171607060898743,0.1707302428231279,0.8567316051798347,0.5336005337841472,0.8900693223440013,0.9960099760060044,24,2,2,0.09786458502258719,0.09668508545363184,0.7485094015651252,0.2978222552382524,0.7890608532164274,0.9913541793631883,17,10,9,0.07014939367945416,0.06891578306412142,0.8327133320068509,0.5836028299246503,0.8519191123220917,0.9775425291630634,7,0,0,0.03127373159820097,0.030107990532588877,0.49559863093960305,0.0245361967777465,0.491988156774435,0.9741569530505843,7,1,1,0.031119090290684718,0.02997658336732409,0.6680164923806612,0.15749972349207875,0.7085736094801443,0.9888062382198365
1.92,0.8468634361735871,0.6806418821106679,0.7180401445125539,0.8588839825491599,0.9339996481613231,0.943677185700809,152,7,7,0.5977427374431029,0.598010245146892,0.8893654085412613,0.6264267458751253,0.9169693012696003,0.9969368358130984,43,5,5,0.1717995911828509,0.1708762644007707,0.8574682054070552,0.5342609707510894,0.8917753822424926,0.9959896191490787,24,2,2,0.09763147281776395,0.09648764167525316,0.7479747148170117,0.2835388136572799,0.7924202746510999,0.9922349354503952,17,10,9,0.07040844197801124,0.06938707212353432,0.8339265484715225,0.5910447634166421,0.8532776617700555,0.9764546055747166,7,0,0,0.03116512081181605,0.029974293485704982,0.4974702152212455,0.025750561624997746,0.49396963294631463,0.9743102818973806,7,1,1,0.03125263576645496,0.030046080497211206,0.6642853403068042,0.15451382977366804,0.7060030888694648,0.9866895201986978
1.93,0.8466233570893085,0.6827514596298162,0.7180155275642944,0.8592389768007366,0.9335758004036995,0.9431734008485224,152,7,7,0.597229631413501,0.59742733004356,0.8887879602700551,0.6281165667422132,0.9172640283033262,0.9966478645428397,43,5,5,0.17202017034362668,0.17119196476237047,0.8565867684131367,0.5318395685194375,0.8893613962150944,0.9957373352489584,24,2,2,0.09765330691780144,0.09660281873890443,0.7499034205509595,0.3026674174187537,0.7914462773964439,0.9915254601952056,17,10,9,0.0703020281936361,0.06919820912512822,0.8323321784105965,0.5815976432482538,0.8505972728292903,0.9787173493907385,7,0,0,0.031453046543925375,0.03017002368899479,0.5018093272161874,0.025528221783408394,0.5068259909531332,0.9736515754810566,7,1,1,0.0313418165875094,0.030067660135844967,0.6675496770526603,0.1612858763923366,0.7087728999035856,0.9881643323276602
1.94,0.8460431639960923,0.6816360867461225,0.7162775954507965,0.8581636690031431,0.9347645070089828,0.9449792324426333,152,7,7,0.5977361247041578,0.5977986416516126,0.8881157139298103,0.6305831599157395,0.9157153541350922,0.9966799766140786,43,5,5,0.17159663141810863,0.1710328685892748,0.8560953693044485,0.5357042277877072,0.890497471736555,0.9958928894043106,24,2,2,0.09759047745004591,0.09663722011210138,0.7482406267824114,0.29610824746542797,0.7916115081449285,0.9908653245071635,17,10,9,0.07028059416960518,0.06918884612536615,0.8334826617296337,0.5870268140126969,0.851581840863096,0.9777623445793227,7,0,0,0.031543805408128754,0.03040916258169417,0.5023095662247191,0.026772042998775038,0.5012543830285239,0.975342419165043,7,1,1,0.031252366849953556,0.029882106303923343,0.664831500662419,0.1496582811869616,0.7040557615565805,0.9886682063514138
1.95,0.8470301798966807,0.6815023318341347,0.7169995106484094,0.8594592287214025,0.9328185315330282,0.943744779086751,152,7,7,0.5976329082092723,0.5977893093132547,0.8894183494306976,0.6314143729519535,0.9171171842248735,0.9972523159926224,43,5,5,0.17160415351284006,0.17064467485193596,0.8572419767593551,0.5334015021589839,0.8894702457233634,0.9958077186377536,24,2,2,0.09773326815661874,0.09665899133176672,0.748043056130437,0.28474649547908637,0.7931734413356091,0.9911013681905317,17,10,9,0.07039485344989292,0.06932256633859743,0.833811070951722,0.5915519306549331,0.8506700989858156,0.9785102735461144,7,0,0,0.031314722434163035,0.03010301491949321,0.49780770361750715,0.02129092800839375,0.49821333249883587,0.9757061300582843,7,1,1,0.03132009423721296,0.03010472491193815,0.6680704753131073,0.15782634399350573,0.7092903029235216,0.9862583651389537
1.96,0.8472211198095024,0.6842003544287959,0.7181489116129777,0.8594191653068232,0.9345401675871963,0.9441851557468321,152,7,7,0.5976190141329055,0.5979487436680386,0.8893940717668645,0.6328626441255516,0.9184847312510942,0.9964323497226231,43,5,5,0.1720966318949711,0.17145956564705755,0.8569225038632401,0.5429606278978635,0.8922150194637879,0.995960059635281,24,2,2,0.0975796877691335,0.09662518187443025,0.7492890356989662,0.29671463792140984,0.7923689847962628,0.9922897954740599,17,10,9,0.07038678183277156,0.06925272908379113,0.8342920211288551,0.5873080269182538,0.8529698435010079,0.9785291175311869,7,0,0,0.031113753146822697,0.029981038213781258,0.4967473328746109,0.026965061127879622,0.4962213411227567,0.9718899630076027,7,1,1,0.03120413122339574,0.0300287365148744,0.6669686223875201,0.16006852036716354,0.7087070641095405,0.9868185510767966
1.97,0.8475325489907857,0.6828184079556174,0.7197628192798757,0.8594772311675491,0.9345753344430514,0.944394990471874,152,7,7,0.5974913133868607,0.5976759391611616,0.8897891274812517,0.6393125969671184,0.9171679793633375,0.9964349201490065,43,5,5,0.17210368278465463,0.17118905210773594,0.8587077933564062,0.5473868542878271,0.891784095690852,0.9957022424714502,24,2,2,0.09764857512276094,0.09653847390313768,0.7498283659602155,0.2969734746233227,0.7917307556373124,0.9906412561890898,17,10,9,0.07037259628813415,0.06916787680899975,0.8316601815706299,0.584610558375464,0.8503066146112093,0.9765920276726929,7,0,0,0.03120308199433441,0.029993516578950854,0.4986359085255989,0.023324590305442938,0.4985379746357912,0.9749800415400308,7,1,1,0.031180750423255098,0.02998454562900405,0.6651966224403811,0.16020379733860646,0.703159063336507,0.986659122187721
1.98,0.8473067448618473,0.6851052520394781,0.7200117163069847,0.8597357927526874,0.9342906605673063,0.9443804113209193,152,7,7,0.5976323204778269,0.5976884657542668,0.889642365968996,0.6344149984971299,0.9189084610499505,0.9968868485305792,43,5,5,0.1718015506785836,0.17081332322774523,0.8561131133455924,0.5403776690726274,0.8896037427034934,0.9959749260340717,24,2,2,0.0975534841092463,0.09650899832624771,0.7520898630487977,0.29285011338668465,0.7935946844263194,0.9922869238394745,17,10,9,0.0703457630665653,0.06926836394315192,0.8342033056920959,0.5900605376408549,0.8523520109313358,0.9782213912657445,7,0,0,0.031356159841744044,0.03012630517984461,0.5013906412905466,0.02449567784250151,0.5019025963933972,0.9783223645872797,7,1,1,0.031310721826033984,0.030113715064267178,0.6668399032868573,0.15106889498845322,0.7081450674146406,0.9875221350486054
1.99,0.8472456669563503,0.6839367542146488,0.7187879000745365,0.8587576259965906,0.9349484888323167,0.9444204454407017,152,7,7,0.5977579503199495,0.5977916896126425,0.8896565527597674,0.634013331366339,0.9174663805062766,0.9968945474680674,43,5,5,0.1718807823051411,0.1707932508396231,0.858035728500349,0.5419740398552685,0.8918430028053188,0.9957466935017399,24,2,2,0.09782240797811084,0.09685364143139308,0.749085071215718,0.2965283471368922,0.7907584322075469,0.9919152806749185,17,10,9,0.07006144495355786,0.06898871009134735,0.8323266873685283,0.5829177684175308,0.8513793580263392,0.9765339582406574,7,0,0,0.031263396467838885,0.029964360931971114,0.5006209139851017,0.02287743240414568,0.49993362393216806,0.9748413492507696,7,1,1,0.031214017975401753,0.02988934067869689,0.6657443787682368,0.16039556554332215,0.7080625771349949,0.989090941217942
2.0,0.8464502304777168,0.6812307422764187,0.7175567869360101,0.8591560640959488,0.9338140255936191,0.9436231490187782,152,7,7,0.5975942987235849,0.598183831001679,0.8885408327076225,0.6305272102895154,0.9173494271640366,0.9965922894950889,43,5,5,0.1718005475986054,0.1710530102120566,0.8566026620375747,0.5412315994105305,0.8899155401997063,0.9957126697730994,24,2,2,0.09768968670964376,0.09670698931147961,0.7504573769128344,0.28638777087246886,0.796787662659941,0.9912408591922532,17,10,9,0.07021617639565587,0.06920030703856853,0.8323679270534153,0.5892351130041175,0.851550306916651,0.9755290499078176,7,0,0,0.031389530081760805,0.030181135411420718,0.5003200057650954,0.026549161298040573,0.5019084682321457,0.9709044541742,7,1,1,0.03130976049074913,0.03005842419186521,0.6683660425239143,0.16199033892855422,0.7093584979555281,0.9882785658661032
2.0100000000000002,0.846607938436765,0.6833280028750919,0.715411210050203,0.8591997736094756,0.933830369763893,0.9437289390461281,152,7,7,0.5972382633062576,0.5977601198932074,0.8886401809133485,0.6323922364310274,0.9173271223540452,0.9969079865962676,43,5,5,0.17171297847852365,0.1705546227345731,0.8569121253933167,0.536125970194227,0.8903930501491861,0.996110545018239,24,2,2,0.09795986292825798,0.09705767818127171,0.750273758718138,0.2928170490711607,0.7943744375066819,0.9920098739486576,17,10,9,0.07056028316403906,0.06954334010972044,0.8334322732776521,0.5882405101740303,0.8509457948527551,0.9768263170591238,7,0,0,0.03129428445097641,0.03004972380563449,0.4982130074572495,0.025865242511601796,0.4932674673172454,0.9761041913380218,7,1,1,0.031234327671945283,0.030036215186539848,0.6678870912733558,0.15943628520321249,0.7093690131713305,0.9870349325111545
2.02,0.8531777700745591,0.6886817895737545,0.7238418355062317,0.864908363671343,0.9408707778519978,0.9500632343686646,152,7,7,0.5976900509729676,0.59800661973808,0.8887889278876301,0.6320632666177134,0.9164540121532199,0.9968803736400736,43,5,5,0.17202836261139867,0.17127208999574867,0.857914225148286,0.5404786679814018,0.8925261540389093,0.9955542728770023,24,2,2,0.09749119480987578,0.09654245159917996,0.752038569448914,0.28914419602374397,0.7957849176227003,0.9919611763340995,17,10,10,0.07049127835124737,0.06928262233072993,0.9172076277765903,0.7114336365642367,0.939946225980927,0.9979526641156827,7,0,0,0.031146330108281148,0.02996455163868249,0.49724359786672256,0.025871604769509855,0.4941091048463918,0.9736890691723856,7,1,1,0.03115278314622941,0.029988752092182325,0.668864213855041,0.15459083972571874,0.7054637679112982,0.9890305322584235
2.0300000000000002,0.8534093371634318,0.6886943455393013,0.7243493850660316,0.8655451474864557,0.9399893234720015,0.9488331271319606,152,7,7,0.5977813551833501,0.5979066283597785,0.8894931658703711,0.631913778751523,0.9173860314762308,0.9970759478940375,43,5,5,0.17186956295208178,0.17094311800799866,0.8589192868386969,0.5422181523377351,0.894236664628672,0.9959023996554939,24,2,2,0.0975919468326769,0.09641863951486476,0.7498554506541232,0.29923495688168267,0.792054842506588,0.991768647754673,17,10,10,0.07025877153451285,0.06905963669892567,0.9164959506229786,0.7182513499899222,0.9376772956507627,0.9976006532106111,7,0,0,0.03136898022032721,0.030227022279501102,0.4985473497950126,0.0248957359899557,0.49998020421778877,0.9747173970736106,7,1,1,0.03112938327705125,0.029810424955509486,0.6687121210099574,0.1548827395202017,0.7076329335322268,0.9887954147715443
2.04,0.8507905148454092,0.6841031978763564,0.720184167074794,0.8633582625868548,0.9406385296619183,0.9499050314919533,152,7,7,0.5978461035660514,0.5980463355427431,0.886610881726722,0.6243579820120388,0.9151202067488682,0.996621028533052,43,5,5,0.1716756648876819,0.17120148497838972,0.856276203500119,0.5311646695325932,0.8893916885573574,0.996141318101449,24,2,2,0.0976261706346124,0.0964951792925294,0.7470326490345168,0.28587251954309933,0.7911736924335717,0.9905019129914953,17,10,10,0.07034072304971487,0.06911446645793654,0.9171683839883703,0.7153775309987369,0.9396575971835145,0.9975810459535529,7,0,0,0.03130228902876576,0.03016307811871724,0.49951260390919866,0.025530454677174293,0.4983773236870682,0.9761323222975129,7,1,1,0.03120904883317363,0.030029162917115576,0.6639508661568142,0.1579000243642338,0.7058781296778411,0.9858045242685691
2.05,0.8532546982112768,0.6852993992190664,0.7206005001541871,0.8657067094225612,0.9403672707359589,0.9498657790547783,152,7,7,0.5980657820674578,0.5980518000555457,0.8902032178028918,0.6253435026352618,0.9190379993760267,0.9972614585937195,43,5,5,0.1718925538584242,0.1710324517700592,0.8548721283088796,0.5443629713409921,0.8884833526808535,0.9952230584980575,24,2,2,0.09755552038212541,0.0965449066156481,0.7517965351103006,0.2902328897017304,0.7964502661203795,0.9922110432966509,17,10,10,0.07029840467214206,0.069176111534049,0.9160982123390012,0.7115436344172699,0.9391484596346318,0.9976774288008111,7,0,0,0.030991835959837014,0.02990037677072284,0.5019701911530767,0.026723595316195854,0.501431750346621,0.9746339713868626,7,1,1,0.031195903060013512,0.029897072853192486,0.6647374856575027,0.14849584980135705,0.7052934207975041,0.9872468221953382
2.06,0.8536130042535478,0.6875653354909477,0.7242739423195542,0.8658661570514633,0.9394816679351664,0.9485521801754687,152,7,7,0.5973743316674522,0.5978398144009469,0.8898390589370089,0.6366100431096341,0.9184104816793198,0.9965691782236438,43,5,5,0.1717662785147307,0.170783538438493,0.8584614009766742,0.5444022043327469,0.8926060659287078,0.9957345914438224,24,2,2,0.09782452236168004,0.09687568233814868,0.7499244706842483,0.29529075057363097,0.7935375185363731,0.991286026440549,17,10,10,0.07034473863224443,0.0693142249066129,0.9163700207179336,0.7101399652386416,0.9390330663242825,0.9976035469897455,7,0,0,0.03125868949710134,0.029988946909437354,0.5013937034530681,0.024368679614948336,0.5023571470267822,0.9746619306230344,7,1,1,0.031431439326791245,0.030198725102763994,0.6671143026757741,0.16465171657011468,0.7078099077828259,0.9861675707454068
2.07,0.8528393952661114,0.6871838632258295,0.7230152804744232,0.8651486452696213,0.9397149978758262,0.9498714889361646,152,7,7,0.5973417339550621,0.5973457821265865,0.888860286669875,0.6317065481545441,0.9175550926798097,0.996654285241738,43,5,5,0.1718967510917606,0.17098180836706292,0.857580252808848,0.5480328609050166,0.8911442019595184,0.9961742660041684,24,2,2,0.09778109851622187,0.09681265833659976,0.7500535940964616,0.29208275068249473,0.7933983618472835,0.9913851138591966,17,10,10,0.07038777242476994,0.06920099386407264,0.9163605436110815,0.7156314857710246,0.9381461737205246,0.9975230701612514,7,0,0,0.03140863640157286,0.030145208546302055,0.5009819987015767,0.027876710950248372,0.498627577558716,0.9756382615470662,7,1,1,0.031184007610612605,0.02992832171150194,0.6672129628146404,0.15532443107359745,0.7100362209643061,0.9874047483332392
2.08,0.8527915648193845,0.6896833616548876,0.724002367784347,0.865126169476389,0.9406355538442603,0.9499261050288833,152,7,7,0.5974683194330289,0.5978890328621527,0.8887717354530991,0.6316315643021302,0.9169418665540598,0.9969090808411627,43,5,5,0.1719364437081631,0.17081827997645,0.8573845107418856,0.5479144865187395,0.8909952641374005,0.9961120871310334,24,2,2,0.09762494880718509,0.09661012332486996,0.7507008207645859,0.29286874499588306,0.7951705096217865,0.9914988856753184,17,10,10,0.07045406376872702,0.06933927552036614,0.9163291169235176,0.7107523166710562,0.9393546730207715,0.9977821830816713,7,0,0,0.031203677193919893,0.03003341828262411,0.49921424701686784,0.02248732069228068,0.4961355380580321,0.97595436228099,7,1,1,0.031312547088975975,0.030047260118745436,0.6682069145486418,0.16527569109302426,0.7085365442354876,0.9873010201743215
2.09,0.8528900735556038,0.6861471100291285,0.7206073460319868,0.8658208471262738,0.9411251525257578,0.9514609515253262,152,7,7,0.5979098326226803,0.5984842264404331,0.8887288566436377,0.6306464813072029,0.9172259676496508,0.9967578232890799,43,5,5,0.1717410389882767,0.17083274974196289,0.8570551326931193,0.5434449039864994,0.8915817621031177,0.9956544449854531,24,2,2,0.09772536163682051,0.09677081728503774,0.7502323110433885,0.275725428025799,0.7950413527465312,0.9917704108827519,17,10,10,0.07028395341566737,0.06919233820961548,0.9169909436922384,0.7178669462035222,0.9389481112690559,0.9975980891132668,7,0,0,0.031092810899908094,0.0300589195690955,0.5015958645677251,0.024606974035030402,0.49863508493824743,0.9760915619332824,7,1,1,0.03124700243664701,0.030021533196955996,0.6694286559452961,0.1587267327497391,0.7096885719727273,0.987715927508818
2.1,0.8524329107803605,0.6859743761306073,0.7200969829793277,0.865150447588444,0.9402062495103031,0.9490953987266869,152,7,7,0.5976982464954167,0.5979042200723759,0.8882087511795387,0.622496831849255,0.9167741805086866,0.9967426098363451,43,5,5,0.17171586033595357,0.17081923504021612,0.8575838297635384,0.5348451654746514,0.8914849059019339,0.9955410812574755,24,2,2,0.09766974556964979,0.09680709656352612,0.7500065177577442,0.28802826258160874,0.7970688376210955,0.9912913934705001,17,10,10,0.07038889137282417,0.06922471683633055,0.9174856922646639,0.7182605515303403,0.9402315004786463,0.9978635275766883,7,0,0,0.03128138676342832,0.02996517738746731,0.5007626503876238,0.024291067702946825,0.5004145551604441,0.9742888282690959,7,1,1,0.031245869462727414,0.030082795194475077,0.666881235705023,0.1542986717762511,0.7083366135477336,0.987330653964462
