bridge_frequency,mass_ratio,target_beamdamp,weight,C_rounded,bias_rounded_C,bias_gamma_curve,bias_gamma_population,bias_gamma_mean,C_gamma_curve,C_gamma_population,weighted_base,weighted_gamma_curve,weighted_gamma_population,weighted_gamma_mean
1.5,0.01,0.005,0.0891887820483847,0.6134999999999999,0.25218569545662023,0.46815076596343475,0.44368985819603135,0.4923333694214278,0.33048311657514345,0.34870286373388276,0.02249213502780082,0.041753796631297135,0.03957215805972455,0.043910613580474586
1.6,0.01,0.005,0.0891887820483847,0.6134999999999999,0.24428356991922232,0.4534814719086163,0.4297870357033162,0.4769063243450846,0.33048311657514345,0.34870286373388276,0.02178735407552686,0.04044546016103827,0.038332182254564404,0.04253469421951001
1.7,0.01,0.005,0.0891887820483847,0.6134999999999999,0.2777662015274862,0.5156377318245423,0.488695627022906,0.5422733024639073,0.33048311657514345,0.34870286373388276,0.024773629208442668,0.04598910127962254,0.043586167766544656,0.048364695384111214
1.75,0.01,0.005,0.0891887820483847,0.6134999999999999,0.38678359612010327,0.718014701261537,0.6804983867318499,0.7551041734145598,0.33048311657514345,0.34870286373388276,0.03449675785424634,0.06403885669835127,0.06069282229850436,0.06734682154649685
1.8,0.01,0.005,0.0891887820483847,0.6134999999999999,0.43932322111614647,0.8155478529369071,0.7729354249308582,0.8576754574661952,0.33048311657514345,0.34870286373388276,0.0391827030169223,0.0727377197056179,0.06893716915163392,0.07649502944420113
1.85,0.01,0.005,0.0891887820483847,0.6134999999999999,0.5316971323664345,0.9870283059759236,0.9354560132197494,1.0380138342727943,0.33048311657514345,0.34870286373388276,0.04742141965438107,0.088031852457273,0.0834321824789071,0.09257918962816436
1.9,0.01,0.005,0.0891887820483847,0.6134999999999999,0.6172156644020693,1.145782616778765,1.0859154010265035,1.2049686924729925,0.33048311657514345,0.34870286373388276,0.05504871336920511,0.10219095608270916,0.09685147202513708,0.10746969008810081
1.95,0.01,0.005,0.0891887820483847,0.6134999999999999,0.6891914414415047,1.279396520179647,1.2125479693422965,1.345484500724481,0.33048311657514345,0.34870286373388276,0.06146814526033844,0.11410781739176433,0.10814567656088153,0.12000212388459543
2.0,0.01,0.005,0.0891887820483847,0.6134999999999999,0.7820074110778005,1.451697598558397,1.3758463052439023,1.526685892755913,0.33048311657514345,0.34870286373388276,0.06974628854683952,0.12947514071798832,0.12271005625047376,0.13616325534535073
2.05,0.01,0.005,0.0891887820483847,0.6134999999999999,0.9766555239636324,1.8130371383599881,1.7183058307457986,1.9066906392388023,0.33048311657514345,0.34870286373388276,0.08710671666314336,0.16170257417881606,0.15325360423085563,0.17005541585676484
2.1,0.01,0.005,0.0891887820483847,0.6134999999999999,0.7126432654320445,1.3229318576797844,1.2538085826453647,1.391268681716328,0.33048311657514345,0.34870286373388276,0.06355978487886778,0.11799068111946696,0.11182566040795155,0.12408555922434107
2.15,0.01,0.005,0.0891887820483847,0.6134999999999999,0.7127786167618609,1.3231831202607687,1.2540467167402591,1.3915329234138736,0.33048311657514345,0.34870286373388276,0.06357185669912274,0.11801309092303928,0.11184689929783939,0.12410912661951155
2.2,0.01,0.005,0.0891887820483847,0.6134999999999999,0.6987138207085256,1.297073609832089,1.2293014299183351,1.364074710851001,0.33048311657514345,0.34870286373388276,0.06231743466936683,0.11568441548802574,0.10963989730475404,0.1216601620838033
2.25,0.01,0.005,0.0891887820483847,0.6134999999999999,0.6144277057112211,1.1406071249879566,1.081010329016138,1.199525857606456,0.33048311657514345,0.34870286373388276,0.05480005872916715,0.10172936027338554,0.09641399462667295,0.10698425027546393
2.3,0.01,0.005,0.0891887820483847,0.6134999999999999,0.3988007109821804,0.740322951208726,0.7016410291780294,0.7785647691476293,0.33048311657514345,0.34870286373388276,0.035568549692530545,0.066028502340772,0.06257850882756359,0.06943924350605885
2.35,0.01,0.005,0.0891887820483847,0.6134999999999999,0.4834969951200351,0.8975508630520205,0.8506537724694888,0.9439143813512979,0.33048311657514345,0.34870286373388276,0.04312250811880972,0.08005146830208623,0.07586877391141746,0.08418657403067678
2.4,0.01,0.005,0.0891887820483847,0.6134999999999999,0.31818796661250576,0.5906756131440284,0.5598127741954769,0.6211873097244514,0.33048311657514345,0.34870286373388276,0.02837879720462148,0.05268163852199874,0.04992901950562199,0.055402939578236526
2.45,0.01,0.005,0.0891887820483847,0.6134999999999999,0.2268822518730389,0.42117813147789224,0.3991715468971192,0.442934335844551,0.33048311657514345,0.34870286373388276,0.020235351712951186,0.03756436457192764,0.03560162409612373,0.039504773941385685
2.5,0.01,0.005,0.0891887820483847,0.6134999999999999,0.21121987703960873,0.39210291862015884,0.3716155157896645,0.4123572257474778,0.33048311657514345,0.34870286373388276,0.018838443577572278,0.034971181749348865,0.03314393524356245,0.036777638733268364
2.55,0.01,0.005,0.0891887820483847,0.6134999999999999,0.17910492870533173,0.33248558927740834,0.31511319575676916,0.3496603281554832,0.33048311657514345,0.34870286373388276,0.01597415045009131,0.029653984756291524,0.028104562136920464,0.03118577879882606
2.6,0.01,0.005,0.0891887820483847,0.6134999999999999,0.14204835184159256,0.26369475317811614,0.24991668528803412,0.27731606091417527,0.33048311657514345,0.34870286373388276,0.012669119492732063,0.023518613868505598,0.022289764774409224,0.02473348171539095
2.65,0.01,0.005,0.0891887820483847,0.6134999999999999,0.16404101843574972,0.30452134999595254,0.2886100897844549,0.3202515796288995,0.33048311657514345,0.34870286373388276,0.014630618640261137,0.027159888313868882,0.025740782394750486,0.02856284833617283
2.7,0.01,0.005,0.0891887820483847,0.6134999999999999,0.16134503148620552,0.299516592080674,0.28386683079359204,0.3149882979967595,0.33048311657514345,0.34870286373388276,0.01439016684781295,0.026713520050958176,0.025317736902415375,0.02809342265782463
2.75,0.01,0.005,0.0891887820483847,0.6134999999999999,0.1762331139102388,0.3271544292621919,0.31006058919677804,0.34405378393075087,0.33048311657514345,0.34870286373388276,0.01571801678624844,0.02917850508762932,0.02765392631166518,0.03068573794792178
2.8,0.01,0.005,0.0891887820483847,0.6134999999999999,0.21992779464897771,0.40826806348054134,0.3869360307867106,0.4293573906834873,0.33048311657514345,0.34870286373388276,0.019615092143329578,0.03641293133108209,0.034510353316503005,0.038293862738532705
2.85,0.01,0.005,0.0891887820483847,0.6134999999999999,0.29429357781727905,0.5463187102020941,0.5177735222980249,0.5745391248441827,0.33048311657514345,0.34870286373388276,0.02624768577018464,0.04872550037316921,0.04617958983066299,0.05124244478399749
2.9,0.01,0.005,0.0891887820483847,0.6134999999999999,0.31091013393960404,0.5771652396305603,0.5470083185709521,0.606979049912382,0.33048311657514345,0.34870286373388276,0.027729696172573436,0.05147666476331377,0.04878700570367803,0.054135722190571056
2.95,0.01,0.005,0.0891887820483847,0.6134999999999999,0.31180720599741085,0.5788305401553432,0.548586607035725,0.6087303725162837,0.33048311657514345,0.34870286373388276,0.027809704936818867,0.051625190888863685,0.04892777132957214,0.05429192052058685
3.0,0.01,0.005,0.0891887820483847,0.6134999999999999,0.3006316006532203,0.5580844459230166,0.5289244975673804,0.5869126265713085,0.33048311657514345,0.34870286373388276,0.026812966307517092,0.049774872012021465,0.04717413173358847,0.052346022332713425
3.1,0.01,0.005,0.0891887820483847,0.6134999999999999,0.3075177974028489,0.5708677970051484,0.5410399177295768,0.6003563091802878,0.33048311657514345,0.34870286373388276,0.02742713780856201,0.0509150035255337,0.048254691301859214,0.053545048010853344
3.2,0.01,0.005,0.0891887820483847,0.6134999999999999,0.33140509027701015,0.6152115272694016,0.5830666852226077,0.646990640940454,0.33048311657514345,0.34870286373388276,0.02955761636644151,0.05486996681928454,0.05200300750799328,0.05770430726218287
3.3,0.01,0.005,0.0891887820483847,0.6134999999999999,0.3523948953187123,0.6541764387799608,0.6199956775893344,0.6879683078972133,0.33048311657514345,0.34870286373388276,0.03142967151354397,0.05834519981953439,0.05529665935945573,0.06135905546924057
3.4,0.01,0.005,0.0891887820483847,0.6134999999999999,0.39166581845642007,0.7270779279533287,0.6890880592434477,0.7646355664174467,0.33048311657514345,0.34870286373388276,0.034932197318111854,0.06484719484842058,0.06145892472800826,0.06819691487964882
3.45,0.01,0.005,0.0891887820483847,0.6134999999999999,0.42997549408485497,0.798194983013843,0.7564892435823909,0.8394262148300713,0.33048311657514345,0.34870286373388276,0.03834899062808065,0.07119003837213576,0.06747035426781726,0.07486740172017978
3.5,0.01,0.005,0.0891887820483847,0.6134999999999999,0.40373207448001547,0.7494774022356787,0.7103171595473822,0.7881920987324217,0.33048311657514345,0.34870286373388276,0.03600837199674031,0.06684497667818749,0.06335232232809916,0.07029789330610486
3.55,0.01,0.005,0.0891887820483847,0.6134999999999999,0.42815915879976313,0.7948231868720256,0.7532936240068251,0.835880246573271,0.33048311657514345,0.34870286373388276,0.0381869938962118,0.07088931198093162,0.06718534084998257,0.07455114113017353
3.6,0.01,0.005,0.0891887820483847,0.6134999999999999,0.516591406764992,0.9589864418331369,0.9088793382901238,1.008523451126963,0.33048311657514345,0.34870286373388276,0.046074158386031315,0.08553083274801158,0.08106184121103795,0.08994897827324745
3.65,0.01,0.005,0.0891887820483847,0.6134999999999999,0.5339172922859182,0.9911497513457163,0.9393621128026962,1.0423481753298265,0.33048311657514345,0.34870286373388276,0.04761943301355247,0.08839943915008378,0.08378056274326982,0.09296576422802337
3.7,0.01,0.005,0.0891887820483847,0.6134999999999999,0.5328899747401943,0.9892426665880042,0.9375546733467857,1.0403425789860838,0.33048311657514345,0.34870286373388276,0.047527807812872414,0.0882293485832804,0.08361935941957097,0.09278688753284427
3.75,0.01,0.005,0.0891887820483847,0.6134999999999999,0.5786715148598034,1.0742302906289858,1.018101688540831,1.1297202887867042,0.33048311657514345,0.34870286373388276,0.05161100761643961,0.09580929126068156,0.09080324960236061,0.10075837661223558
3.8,0.01,0.005,0.0891887820483847,0.6134999999999999,0.6169659335672215,1.1453190231502406,1.0854760301950208,1.2044811516426277,0.33048311657514345,0.34870286373388276,0.05502644018020511,0.10214960873161567,0.09681228507580955,0.10742620691524171
3.85,0.01,0.005,0.0891887820483847,0.6134999999999999,0.6456985487867599,1.1986574799520988,1.1360275491829448,1.2605748378356976,0.33048311657514345,0.34870286373388276,0.057589067136700624,0.10690680073011379,0.10132091348503829,0.1124291344674059
3.9,0.01,0.005,0.0891887820483847,0.6134999999999999,0.7530987544290944,1.3980323431656951,1.3249850629126199,1.470248526998374,0.33048311657514345,0.34870286373388276,0.06716796066968649,0.12468880195119773,0.11817380399347893,0.13112967543141663
4.0,0.01,0.005,0.0891887820483847,0.6134999999999999,0.8203222785274364,1.5228242915766377,1.443256623956658,1.6014866769806453,0.33048311657514345,0.34870286373388276,0.07316354490901786,0.13581884383941456,0.12872230047395788,0.14283464618661862
4.1,0.01,0.005,0.0891887820483847,0.6134999999999999,0.6640919327915669,1.232802465039055,1.1683884565931024,1.2964836022315216,0.33048311657514345,0.34870286373388276,0.059229550653837594,0.10995215036307966,0.10420714340293079,0.11563179342873185
4.2,0.01,0.005,0.0891887820483847,0.6134999999999999,0.8631054490557604,1.602245822670674,1.5185283749198444,1.68501077402589,0.33048311657514345,0.34870286373388276,0.07697932378060741,0.14290235346610958,0.1354356962650138,0.1502840586737751
1.5,0.05,0.005,0.0872954613972418,0.5874999999999999,0.2555367974047898,0.474371661803766,0.44958571182679197,0.49887560929918817,0.3164773121237111,0.33392491025860815,0.022307202633424627,0.0414104930909361,0.039246792151527196,0.04354957649360276
1.6,0.05,0.005,0.0872954613972418,0.5874999999999999,0.25581854489274675,0.47489469028901177,0.4500814120398923,0.49942565512879283,0.3164773121237111,0.33392491025860815,0.022331797910383342,0.04145615110387953,0.039290064530344504,0.04359759299808773
1.7,0.05,0.005,0.0872954613972418,0.5874999999999999,0.2731398247303711,0.5070494499345511,0.48055608341652994,0.5332413878162003,0.3164773121237111,0.33392491025860815,0.0238438670257995,0.0442631156832543,0.0419503650290974,0.04654955298552076
1.75,0.05,0.005,0.0872954613972418,0.5874999999999999,0.34323601030180956,0.6371741301110633,0.6038817406468548,0.6700877349632468,0.3164773121237111,0.33392491025860815,0.029962945887444904,0.05562240967843145,0.0527161351791367,0.05849561800024931
1.8,0.05,0.005,0.0872954613972418,0.5874999999999999,0.41121235015886565,0.763363585519511,0.7234777888574897,0.8027955809898163,0.3164773121237111,0.33392491025860815,0.035896971839362336,0.06663817641177856,0.06315632738897084,0.07008041065017281
1.85,0.05,0.005,0.0872954613972418,0.5874999999999999,0.5162323815410951,0.9583199570300903,0.908247677361096,1.0078225386589958,0.3164773121237111,0.33392491025860815,0.045064743934826866,0.08365698281512667,0.07928590005821008,0.0879783335187766
1.9,0.05,0.005,0.0872954613972418,0.5874999999999999,0.581539869112395,1.0795550265858522,1.023148206699936,1.13532007711457,0.3164773121237111,0.33392491025860815,0.05076579119505813,0.09424025414952361,0.08931619478163144,0.09910828996526852
1.95,0.05,0.005,0.0872954613972418,0.5874999999999999,0.6335676940358874,1.1761380863238071,1.1146847953266417,1.236892191670359,0.3164773121237111,0.33392491025860815,0.05530758417724931,0.10267151691250574,0.09730692352052922,0.10797507457050963
2.0,0.05,0.005,0.0872954613972418,0.5874999999999999,0.7075576109273909,1.3134909849630823,1.2448609961380566,1.38134013516076,0.3164773121237111,0.33392491025860815,0.06176656811103668,0.11466180157346986,0.1086707150333017,0.12058472444538688
2.05,0.05,0.005,0.0872954613972418,0.5874999999999999,0.7334389182787121,1.3615363502591495,1.2903959879933375,1.4318673120897916,0.3164773121237111,0.33392491025860815,0.06402588877783409,0.11885594390498908,0.1126457131570281,0.12499551766850678
2.1,0.05,0.005,0.0872954613972418,0.5874999999999999,0.8214126232062386,1.5248483782149427,1.4451749519373416,1.6036153190060125,0.3164773121237111,0.33392491025860815,0.07170559394030733,0.13311234273710928,0.12615721422910697,0.13998833917631495
2.15,0.05,0.005,0.0872954613972418,0.5874999999999999,0.7169834247275647,1.3309888130710175,1.2614445615968701,1.3997418238821442,0.3164773121237111,0.33392491025860815,0.06258939887576735,0.11618928255160169,0.11011838503164018,0.12219110835280855
2.2,0.05,0.005,0.0872954613972418,0.5874999999999999,0.6905093061841214,1.2818429689664232,1.2148665910219063,1.348057322263781,0.3164773121237111,0.33392491025860815,0.06027832848243219,0.11189907341473422,0.10605233959935156,0.11767928593694704
2.25,0.05,0.005,0.0872954613972418,0.5874999999999999,0.676232187222809,1.2553393079820547,1.1897477480362928,1.3201845990661933,0.3164773121237111,0.33392491025860815,0.05903200079528111,0.1095854241003877,0.10385957861115756,0.11524612370501602
2.3,0.05,0.005,0.0872954613972418,0.5874999999999999,0.6066048206257233,1.1260849307842427,1.0672469203978032,1.184253510910637,0.3164773121237111,0.33392491025860815,0.052953847702313615,0.09830210360529155,0.09316581234091162,0.10337995664624758
2.35,0.05,0.005,0.0872954613972418,0.5874999999999999,0.5354877059834823,0.9940650252436386,0.942125063451105,1.045414039417428,0.3164773121237111,0.33392491025860815,0.046745646366378645,0.08677736503750424,0.08224324210786992,0.09125990092209871
2.4,0.05,0.005,0.0872954613972418,0.5874999999999999,0.4305178165518676,0.7992017359062757,0.7574433935711509,0.8404849721359281,0.3164773121237111,0.33392491025860815,0.037582251435628385,0.06976668428541492,0.06612137052408623,0.07337052344005376
2.45,0.05,0.005,0.0872954613972418,0.5874999999999999,0.35142987522588365,0.6523850013441069,0.6182978428752433,0.6860843327058311,0.3164773121237111,0.33392491025860815,0.03067823310661863,0.05695024970097402,0.05397459547471367,0.05989204838097428
2.5,0.05,0.005,0.0872954613972418,0.5874999999999999,0.327228352081398,0.6074579424280246,0.5757182256901285,0.638836540108868,0.3164773121237111,0.33392491025860815,0.028565549977204726,0.05302832136367356,0.05025758814642116,0.0557675305262212
2.55,0.05,0.005,0.0872954613972418,0.5874999999999999,0.2669474602088187,0.49555411040452535,0.4696613761196273,0.5211522497544183,0.3164773121237111,0.33392491025860815,0.023303301707750676,0.04325962471506274,0.04099930652882639,0.04549422610052254
2.6,0.05,0.005,0.0872954613972418,0.5874999999999999,0.2370628338213478,0.44007709094672604,0.41708303451270146,0.4628095321922521,0.3164773121237111,0.33392491025860815,0.020694509458572215,0.03841673270455039,0.036409455938747996,0.04040117165176428
2.65,0.05,0.005,0.0872954613972418,0.5874999999999999,0.24041153522598613,0.4462935304823853,0.4229746646809971,0.4693470855722988,0.3164773121237111,0.33392491025860815,0.02098683589277171,0.03895939966206382,0.036923768512671276,0.040971870390484555
2.7,0.05,0.005,0.0872954613972418,0.5874999999999999,0.2616765289566644,0.4857692948995511,0.4603878178569555,0.5108619938433402,0.3164773121237111,0.33392491025860815,0.02284317333210072,0.04240545473086913,0.04018976698149224,0.04459593346286928
2.75,0.05,0.005,0.0872954613972418,0.5874999999999999,0.28130180127965143,0.5222011244433001,0.49491608195329256,0.5491757309928422,0.3164773121237111,0.33392491025860815,0.024556370534582397,0.04558578810043637,0.04320392772702781,0.0479405488251877
2.8,0.05,0.005,0.0872954613972418,0.5874999999999999,0.29149664502415373,0.5411265591283426,0.5128526614533262,0.5690787701496336,0.3164773121237111,0.33392491025860815,0.02544633412313151,0.04723789265341052,0.04476970971037156,0.049677993811587176
2.85,0.05,0.005,0.0872954613972418,0.5874999999999999,0.3924680874798369,0.7285672386659815,0.6904995533751445,0.7662018083518517,0.3164773121237111,0.33392491025860815,0.03426068278024542,0.06360061325826125,0.060277477106472625,0.06688594038347594
2.9,0.05,0.005,0.0872954613972418,0.5874999999999999,0.45715137816727786,0.8486435658562755,0.8043018847119751,0.8924807489228145,0.3164773121237111,0.33392491025860815,0.03990724048549749,0.07408273164322413,0.07021190412860304,0.077909518765373
2.95,0.05,0.005,0.0872954613972418,0.5874999999999999,0.4293507736742856,0.7970352687874214,0.7553901244992256,0.8382065948824567,0.3164773121237111,0.33392491025860815,0.0374803738891595,0.06957756153867259,0.06594212945307983,0.073171631446475
3.0,0.05,0.005,0.0872954613972418,0.5874999999999999,0.40118655693505734,0.744751971690192,0.705838633053193,0.7832225732898251,0.3164773121237111,0.33392491025860815,0.035021765594016645,0.06501346699520087,0.061616509144376934,0.06837177591207032
3.1,0.05,0.005,0.0872954613972418,0.5874999999999999,0.3705819837418342,0.687938462278212,0.6519936331785391,0.7234743285979841,0.3164773121237111,0.33392491025860815,0.03235012525624858,0.060053905477485535,0.05691608503638459,0.06315602532402075
3.2,0.05,0.005,0.0872954613972418,0.5874999999999999,0.35923542054777097,0.6668750064753949,0.6320307443022657,0.7013228275837354,0.3164773121237111,0.33392491025860815,0.031359621786949864,0.058215161384558206,0.05517341544110844,0.06122229982234044
3.3,0.05,0.005,0.0872954613972418,0.5874999999999999,0.3466275434806586,0.6434700814043899,0.6098487280783427,0.6767089073276188,0.3164773121237111,0.33392491025860815,0.030259011341136587,0.056172017651516956,0.053237026100119975,0.059073616296787826
3.4,0.05,0.005,0.0872954613972418,0.5874999999999999,0.3722781508539893,0.6910871814445375,0.6549778315649948,0.7267856967067783,0.3164773121237111,0.33392491025860815,0.03249819294691098,0.06032877436992026,0.057176592011431146,0.06344509273093404
3.45,0.05,0.005,0.0872954613972418,0.5874999999999999,0.3807166825842566,0.7067522455790374,0.6698243950863944,0.7432599489525674,0.3164773121237111,0.33392491025860815,0.03323483846781993,0.06169626337135881,0.05847262962419518,0.06488322018190476
3.5,0.05,0.005,0.0872954613972418,0.5874999999999999,0.4308075742197211,0.7997396342747926,0.7579531867151607,0.8410506559613795,0.3164773121237111,0.33392491025860815,0.037607545964937046,0.06981364037167943,0.06616587315180972,0.0734199050706015
3.55,0.05,0.005,0.0872954613972418,0.5874999999999999,0.43176531462762535,0.801517557898663,0.7596382137148175,0.8429204192768632,0.3164773121237111,0.33392491025860815,0.03769115235574383,0.06996884503475426,0.06631296836121157,0.07358312692193028
3.6,0.05,0.005,0.0872954613972418,0.5874999999999999,0.45547400438366203,0.8455297341213515,0.8013507508863761,0.8892060703762321,0.3164773121237111,0.33392491025860815,0.03976081336712111,0.07381090826521056,0.06995428353965237,0.07762365419072144
3.65,0.05,0.005,0.0872954613972418,0.5874999999999999,0.46776800212384423,0.8683519820224385,0.8229805348601544,0.9132072149301448,0.3164773121237111,0.33392491025860815,0.04083402357226697,0.07580318692585818,0.07184246551156602,0.07971884517861715
3.7,0.05,0.005,0.0872954613972418,0.5874999999999999,0.5131561572481512,0.9526093367016478,0.9028354373137607,1.0018169328751356,0.3164773121237111,0.33392491025860815,0.04479620351581293,0.08315847157869082,0.07881343606608532,0.08745407139090458
3.75,0.05,0.005,0.0872954613972418,0.5874999999999999,0.5195117224316521,0.9644076375664099,0.9140172761960862,1.0142246819177803,0.3164773121237111,0.33392491025860815,0.045351015510946883,0.08418840969638369,0.07978955985058754,0.08853721156848343
3.8,0.05,0.005,0.0872954613972418,0.5874999999999999,0.5392378627761489,1.0010267158018245,0.9487230052278518,1.0527353402003656,0.3164773121237111,0.33392491025860815,0.04707301803390648,0.08738508902688591,0.08281921247954317,0.09189901725197323
3.85,0.05,0.005,0.0872954613972418,0.5874999999999999,0.5740307446754634,1.0656152892407222,1.0099368215316935,1.1206602744293093,0.3164773121237111,0.33392491025860815,0.05011027871264688,0.09302337834622412,0.08816290081767303,0.09782855572586617
3.9,0.05,0.005,0.0872954613972418,0.5874999999999999,0.5803029943373973,1.0772589254042702,1.0209720769534358,1.1329053694745335,0.3164773121237111,0.33392491025860815,0.05065781764088409,0.09403981493746265,0.08912622853135044,0.09889749694769209
4.0,0.05,0.005,0.0872954613972418,0.5874999999999999,0.5995552302027572,1.1129982600662052,1.0548440290702736,1.1704908405113679,0.3164773121237111,0.33392491025860815,0.052338450453679214,0.09715969664680671,0.09208309621981509,0.10217853798368522
4.1,0.05,0.005,0.0872954613972418,0.5874999999999999,0.6519961332330336,1.2103481469302726,1.1471073780562098,1.2728693930999682,0.3164773121237111,0.33392491025860815,0.05691630327979521,0.10565789993757475,0.10013726783959712,0.11111572096908887
4.2,0.05,0.005,0.0872954613972418,0.5874999999999999,0.6736898569012539,1.2506197941126695,1.1852748290714965,1.315221295929086,0.3164773121237111,0.33392491025860815,0.058810066896836766,0.10917343195958903,0.10346911308633319,0.11481284986760787
1.5,0.1,0.005,0.0838331130246291,0.555,0.2625363725575282,0.48736548551466236,0.46190060740930206,0.5125406366244949,0.29897005655942077,0.315452468414515,0.022009241393691398,0.040857365831453926,0.038722565827088856,0.04296787711985663
1.6,0.1,0.005,0.0838331130246291,0.555,0.24024769866610002,0.445989388683761,0.42268641431100057,0.4690272331499912,0.29897005655942077,0.315452468414515,0.0201407124761822,0.037388678829310976,0.03543511794490931,0.039320013048292274
1.7,0.1,0.005,0.0838331130246291,0.555,0.25761921570732527,0.4782374073276074,0.45324947189725845,0.5029410421841731,0.29897005655942077,0.315452468414515,0.021597020827708504,0.0400921306211009,0.03799731420591632,0.04216311323415054
1.75,0.1,0.005,0.0838331130246291,0.555,0.31088726498951863,0.5771227863245555,0.5469680834529288,0.6069344036558595,0.29897005655942077,0.315452468414515,0.026062647223784135,0.048381999775035336,0.045854037160974144,0.05088120046021753
1.8,0.1,0.005,0.0838331130246291,0.555,0.360686835830342,0.6695693749051203,0.634584331807463,0.7041563752011136,0.29897005655942077,0.315452468414515,0.030237500274660902,0.0561320850842512,0.053199180012073785,0.0590316209892481
1.85,0.1,0.005,0.0838331130246291,0.555,0.4225744318112148,0.7844558493723643,0.7434679805613237,0.8249773781508876,0.29897005655942077,0.315452468414515,0.03542573010334799,0.06576337588326485,0.062327235244590204,0.06916042178528554
1.9,0.1,0.005,0.0838331130246291,0.555,0.4975681214133741,0.9236721247685797,0.8754101965737416,0.9713849522217448,0.29897005655942077,0.315452468414515,0.041712684559899765,0.07743430963342367,0.07338836195227927,0.08143422449002947
1.95,0.1,0.005,0.0838331130246291,0.555,0.5527130423429233,1.0260416779877561,0.972430934023427,1.0790424649865533,0.29897005655942077,0.315452468414515,0.0463356549489209,0.08601626795872766,0.0815219124006316,0.09045948892559212
2.0,0.1,0.005,0.0838331130246291,0.555,0.5988567039316843,1.11170153461849,1.053615057610979,1.1691271319471528,0.29897005655942077,0.315452468414515,0.05020402174626174,0.0931974004013255,0.08832783020915232,0.09801156699268612
2.05,0.1,0.005,0.0838331130246291,0.555,0.6308210367586972,1.171039265370353,1.1098523880974247,1.231529988118423,0.29897005655942077,0.315452468414515,0.05288369127290557,0.09817186709007143,0.09304238069202593,0.1032429926871519
2.1,0.1,0.005,0.0838331130246291,0.555,0.68068123863363,1.2635984077776052,1.19757530933393,1.3288703275245526,0.29897005655942077,0.315452468414515,0.057063627212117635,0.10593138813696136,0.10039646626289653,0.11140333636244171
2.15,0.1,0.005,0.0838331130246291,0.555,0.6549203943822064,1.2157766669515353,1.1522522575556413,1.2785783265191837,0.29897005655942077,0.315452468414515,0.054904015444378174,0.10192234273325491,0.09659689374054613,0.10718720135792387
2.2,0.1,0.005,0.0838331130246291,0.555,0.6646702913722535,1.2338761144070722,1.1694060077122757,1.297612711589797,0.29897005655942077,0.315452468414515,0.05572137966072329,0.10343967575747828,0.0980349460162235,0.1087829131129029
2.25,0.1,0.005,0.0838331130246291,0.555,0.6180345934249856,1.147302854667967,1.0873562063877766,1.2065674591454612,0.29897005655942077,0.315452468414515,0.05181176392372751,0.09618196988885931,0.09115645574813841,0.101150306174381
2.3,0.1,0.005,0.0838331130246291,0.555,0.5911352165990257,1.0973675724854834,1.0400300459254965,1.1540527405604826,0.29897005655942077,0.315452468414515,0.049556705425984726,0.09199573973373841,0.08718895638908235,0.0967478338357899
2.35,0.1,0.005,0.0838331130246291,0.555,0.5467288990869674,1.0149328748344364,0.9619025665525744,1.0673598300656044,0.29897005655942077,0.315452468414515,0.04583398559098878,0.08508498240840705,0.08063928658048279,0.08948009727183873
2.4,0.1,0.005,0.0838331130246291,0.555,0.48986119248518256,0.9093651884674315,0.8618507986186567,0.9563389827021902,0.29897005655942077,0.315452468414515,0.0410665887159899,0.07623491462545333,0.0722516354109647,0.08017287402673152
2.45,0.1,0.005,0.0838331130246291,0.555,0.4428122775854678,0.8220248438528469,0.7790739926529812,0.8644870211614806,0.29897005655942077,0.315452468414515,0.03712233171551596,0.0689129016437688,0.06531219808062644,0.07247263815335533
2.5,0.1,0.005,0.0838331130246291,0.555,0.38395088436158364,0.7127561310753755,0.6755145771776558,0.7495739686892423,0.29897005655942077,0.315452468414515,0.03218779788459094,0.05975256529543931,0.05663048989831896,0.06283911923744505
2.55,0.1,0.005,0.0838331130246291,0.555,0.33877120414707745,0.6288857836311749,0.5960264608060257,0.6613712490658501,0.29897005655942077,0.315452468414515,0.028400244646751643,0.05272145297873473,0.04996675365442122,0.05544481067417754
2.6,0.1,0.005,0.0838331130246291,0.555,0.32085667983459115,0.595629740842643,0.5645080484017676,0.6263973458062752,0.29897005655942077,0.315452468414515,0.026898414305280515,0.04993349538489183,0.04732446702497818,0.052512839489305144
2.65,0.1,0.005,0.0838331130246291,0.555,0.31502333766729534,0.5848008807885401,0.5542449969851118,0.615009114610161,0.29897005655942077,0.315452468414515,0.02640938707205827,0.04902567833604833,0.04646408347558809,0.0515581286162907
2.7,0.1,0.005,0.0838331130246291,0.555,0.34459044407460315,0.6396884646653368,0.6062647010582238,0.6727319489493344,0.29897005655942077,0.315452468414515,0.02888808964531334,0.05362707535884064,0.05082505720665705,0.05639721351154857
2.75,0.1,0.005,0.0838331130246291,0.555,0.38162798729251696,0.7084439672146586,0.6714277241572574,0.7450390574653443,0.29897005655942077,0.315452468414515,0.03199306219205529,0.05939106317512311,0.05628787628714485,0.062458943512255345
2.8,0.1,0.005,0.0838331130246291,0.555,0.4105752812950953,0.7621809479555305,0.7223569441826339,0.8015518535861441,0.29897005655942077,0.315452468414515,0.03441980396193061,0.06389600155517494,0.06055743134578844,0.06719658713678818
2.85,0.1,0.005,0.0838331130246291,0.555,0.5166435409405078,0.9590832223192639,0.908971061989598,1.0086252308660841,0.29897005655942077,0.315452468414515,0.04331183636111018,0.08040293217671633,0.07620187377589112,0.08455619297868906
2.9,0.1,0.005,0.0838331130246291,0.555,0.616459609744537,1.1443790971763024,1.0845852154139468,1.2034926732390876,0.29897005655942077,0.315452468414515,0.051679728138832516,0.09593686219660397,0.0909241549486391,0.10089253729996546
2.95,0.1,0.005,0.0838331130246291,0.555,0.5414419545049671,1.0051183326131252,0.9526008347964151,1.0570383118871545,0.29897005655942077,0.315452468414515,0.045390764568291,0.08426219878108288,0.07985949345084391,0.08861481227179897
3.0,0.1,0.005,0.0838331130246291,0.555,0.5234590509994972,0.971735352523438,0.920962117573188,1.0219309143053936,0.29897005655942077,0.315452468414515,0.04388320178620594,0.08146359963812519,0.07720712129391483,0.08567164984232663
3.1,0.1,0.005,0.0838331130246291,0.555,0.4627927230188033,0.8591160072392953,0.8142271403561391,0.9034941504315354,0.29897005655942077,0.315452468414515,0.03879735465581121,0.07202236933615992,0.06825919588519676,0.07574272723021816
3.2,0.1,0.005,0.0838331130246291,0.555,0.4230908171272246,0.7854144532328432,0.74437649730816,0.8259854992581952,0.29897005655942077,0.315452468414515,0.035469020291909306,0.06584373862904622,0.0624033990317125,0.06924493571601698
3.3,0.1,0.005,0.0838331130246291,0.555,0.3989457581831452,0.7405922129450413,0.701896221971226,0.7788479397574724,0.29897005655942077,0.315452468414515,0.033444864836463965,0.06208615069298183,0.058842145308073954,0.0652932473626877
3.4,0.1,0.005,0.0838331130246291,0.555,0.41586030564448256,0.7719919255084847,0.7316552975245885,0.8118696229611946,0.29897005655942077,0.315452468414515,0.03486286400555071,0.06471848634525386,0.06133694125244746,0.06806155786296884
3.45,0.1,0.005,0.0838331130246291,0.555,0.4092467905026567,0.7597147732546643,0.72001962726922,0.7989582871790474,0.29897005655942077,0.315452468414515,0.03430843244317593,0.06368925445273875,0.060361486792811836,0.06697916039104516
3.5,0.1,0.005,0.0838331130246291,0.555,0.424247760646963,0.7875621721744798,0.7464119977963384,0.8282441598863158,0.29897005655942077,0.315452468414515,0.03556601046876265,0.06602378859382557,0.06257404137419964,0.0694342862677385
3.55,0.1,0.005,0.0838331130246291,0.555,0.4289869851662442,0.7963599415513547,0.7547500831548741,0.8374963832203856,0.29897005655942077,0.315452468414515,0.03596331441353664,0.06676133298836175,0.06327304902647078,0.07020992895223267
3.6,0.1,0.005,0.0838331130246291,0.555,0.4538589356655275,0.8425315638400861,0.7985092351960096,0.8860530278437976,0.29897005655942077,0.315452468414515,0.038048407450886036,0.07063204381822345,0.06694151496539721,0.07428058362904393
3.65,0.1,0.005,0.0838331130246291,0.555,0.446495198699838,0.8288617198998941,0.7855536414848602,0.8716770600662174,0.29897005655942077,0.315452468414515,0.037431082457557746,0.0694860582461563,0.06585540721350926,0.07307540149750762
3.7,0.1,0.005,0.0838331130246291,0.555,0.4743453323237251,0.8805619615198614,0.834552542139987,0.9260479081076121,0.29897005655942077,0.315452468414515,0.0397658458574001,0.07382025044528365,0.06996313759021307,0.07763347894660678
3.75,0.1,0.005,0.0838331130246291,0.555,0.4899710546795926,0.9095691337006073,0.8620440877002227,0.9565534628464664,0.29897005655942077,0.315452468414515,0.04107579880575102,0.07625201198923699,0.07226783943638605,0.08019085456490817
3.8,0.1,0.005,0.0838331130246291,0.555,0.499665441018008,0.9275655326702519,0.8791001736610101,0.9754794764009748,0.29897005655942077,0.315452468414515,0.041888509391363814,0.07776070613809552,0.07369770421849453,0.08177748119832894
3.85,0.1,0.005,0.0838331130246291,0.555,0.4997092044626605,0.9276467739559567,0.8791771700842881,0.9755649142531266,0.29897005655942077,0.315452468414515,0.04189217821716571,0.07776751684798229,0.07370415906834969,0.08178464371944497
3.9,0.1,0.005,0.0838331130246291,0.555,0.5230359469937834,0.9709499135872667,0.9202177178721764,1.0211049030585162,0.29897005655942077,0.315452468414515,0.04384773166027376,0.08139775384701518,0.07714471594964442,0.08560240274810753
4.0,0.1,0.005,0.0838331130246291,0.555,0.5508219011178949,1.0225310141039896,0.9691037025544008,1.0753504556928295,0.29897005655942077,0.315452468414515,0.046177114692857554,0.08572195807656838,0.08124298022882963,0.09014997629318339
4.1,0.1,0.005,0.0838331130246291,0.555,0.5625045719451456,1.0442184111086976,0.9896579316644551,1.0981581279591226,0.29897005655942077,0.315452468414515,0.047156509356748005,0.08754008008087406,0.08296610524094694,0.09206201446011224
4.2,0.1,0.005,0.0838331130246291,0.555,0.5679024963907705,1.0542389733743585,0.9991549189043369,1.1086963082686156,0.29897005655942077,0.315452468414515,0.047609034166896484,0.08838013500986154,0.0837622672456214,0.09294546292107189
1.5,0.15,0.005,0.0580510960618502,0.5225,0.23888226847532054,0.4434546406738646,0.4202841070483837,0.4663615512392111,0.2814628009951303,0.2969800265704218,0.013867377514733523,0.025743027944831777,0.024397953071534657,0.027072799210540916
1.6,0.15,0.005,0.0580510960618502,0.5225,0.21848405276655442,0.4055879397451877,0.3843959436896839,0.4265388235785559,0.2814628009951303,0.2969800265704218,0.0126832387351336,0.023544824451675803,0.0223146058529154,0.024761046221667322
1.7,0.15,0.005,0.0580510960618502,0.5225,0.22255400171962342,0.4131432838988734,0.39155652062321145,0.4344844434830058,0.2814628009951303,0.2969800265704218,0.012919503732775034,0.02398342046092175,0.022730285192341878,0.025222298166011493
1.75,0.15,0.005,0.0580510960618502,0.5225,0.2622600326337813,0.4868524954866825,0.46141442114342696,0.5120011477945768,0.2814628009951303,0.2969800265704218,0.015224482347607605,0.0282623209834489,0.026785612886120084,0.029722227814400544
1.8,0.15,0.005,0.0580510960618502,0.5225,0.29971454370226325,0.5563820459782248,0.5273110481296909,0.5851222881550135,0.2814628009951303,0.2969800265704218,0.017398757767593684,0.03229858759817068,0.0306109843094516,0.033966990157616284
1.85,0.15,0.005,0.0580510960618502,0.5225,0.3595125950018884,0.6673895457031874,0.6325183988221633,0.7018639456382949,0.2814628009951303,0.2969800265704218,0.02087010018789967,0.038742694628290296,0.03671838633091308,0.040743971330597865
1.9,0.15,0.005,0.0580510960618502,0.5225,0.4257999738774957,0.790443659213214,0.7491429269511346,0.8312744918346247,0.2814628009951303,0.2969800265704218,0.02471815518669581,0.04588612079246667,0.04348856801649594,0.04825639537925751
1.95,0.15,0.005,0.0580510960618502,0.5225,0.4668323756076346,0.8666151100344133,0.8213344145457178,0.9113806237969265,0.2814628009951303,0.2969800265704218,0.02710013108118053,0.050307957001258605,0.047679362997696956,0.05290664414094434
2.0,0.15,0.005,0.0580510960618502,0.5225,0.5281826687567256,0.9805041499255308,0.9292727447444957,1.0311526691002653,0.2814628009951303,0.2969800265704218,0.030661582842201083,0.056919340596369765,0.05394530137282193,0.05985954264837273
2.05,0.15,0.005,0.0580510960618502,0.5225,0.5368415326766026,0.9965782328314776,0.9445069557801087,1.0480570682229666,0.2814628009951303,0.2969800265704218,0.031164239383400353,0.05785245872724903,0.05482966402107679,0.06084086154571253
2.1,0.15,0.005,0.0580510960618502,0.5225,0.5763697857113235,1.0699574223287036,1.0140520778852957,1.1252267029585517,0.2814628009951303,0.2969800265704218,0.03345889779747605,0.0621122011056932,0.05886683458503811,0.06532064342480587
2.15,0.15,0.005,0.0580510960618502,0.5225,0.6225488278637267,1.1556829584895127,1.0952984492432332,1.215380442164024,0.2814628009951303,0.2969800265704218,0.036139641809509446,0.06708866244031794,0.06358327549341448,0.07055416679975773
2.2,0.15,0.005,0.0580510960618502,0.5225,0.6017526052011345,1.1170774081191375,1.0587100413738986,1.1747806993587329,0.2814628009951303,0.2969800265704218,0.03493239828999968,0.06484756792724669,0.061459278313441584,0.06819730723008137
2.25,0.15,0.005,0.0580510960618502,0.5225,0.5763637960027784,1.0699463031942966,1.01404153972638,1.1252150094587103,0.2814628009951303,0.2969800265704218,0.03345855008832992,0.06211155562775361,0.058866222833362576,0.06531996460432328
2.3,0.15,0.005,0.0580510960618502,0.5225,0.5537676403162037,1.0279994054000139,0.9742863700519114,1.08110131996098,0.2814628009951303,0.2969800265704218,0.032146818483940055,0.05967649223440109,0.056558391659634846,0.0627591165776479
2.35,0.15,0.005,0.0580510960618502,0.5225,0.5064421762850436,0.9401456823898853,0.8910230097450269,0.988709461161433,0.2814628009951303,0.2969800265704218,0.029399523425295542,0.05457648732054894,0.051724862332027444,0.0573956679071425
2.4,0.15,0.005,0.0580510960618502,0.5225,0.4878557498522343,0.9056423385135096,0.8583224678153493,0.9524238267419242,0.2814628009951303,0.2969800265704218,0.028320560998998014,0.0525735303907264,0.04982656003119317,0.05528924705779041
2.45,0.15,0.005,0.0580510960618502,0.5225,0.46434436723032735,0.8619964379663928,0.8169570683916498,0.9065233715038078,0.2814628009951303,0.2969800265704218,0.02695569946786678,0.050039838025359766,0.04742525325561119,0.052624675321479866
2.5,0.15,0.005,0.0580510960618502,0.5225,0.406543445658444,0.7546963563409295,0.7152634229634527,0.7936806409848435,0.2814628009951303,0.2969800265704218,0.02360029261723391,0.04381095067947563,0.04152182567597918,0.04607403113224199
2.55,0.15,0.005,0.0580510960618502,0.5225,0.3620767433232515,0.6721495619226502,0.6370297038866287,0.7068698432982204,0.2814628009951303,0.2969800265704218,0.021018951808419954,0.039019018787102296,0.03698027253457467,0.04103456917652999
2.6,0.15,0.005,0.0580510960618502,0.5225,0.386722026835972,0.717900405692656,0.6803900631138272,0.7549839738407722,0.2814628009951303,0.2969800265704218,0.022449637529088424,0.0416749054137056,0.039497388913349106,0.04382764719058807
2.65,0.15,0.005,0.0580510960618502,0.5225,0.38434491101614854,0.7134875915962055,0.6762078188390149,0.7503432132339519,0.2814628009951303,0.2969800265704218,0.022311643350281705,0.04141873671868947,0.03925460504919785,0.043558245950801495
2.7,0.15,0.005,0.0580510960618502,0.5225,0.3758874975410779,0.6977874758967214,0.6613280351991662,0.7338320988139512,0.2814628009951303,0.2969800265704218,0.021820681228205595,0.040507327794036554,0.03839081729974145,0.04259975766151783
2.75,0.15,0.005,0.0580510960618502,0.5225,0.43965008457034965,0.816154633492694,0.773510501163403,0.8583135816288572,0.2814628009951303,0.2969800265704218,0.025522169292993932,0.04737867103020853,0.044903132407886605,0.04982604417832749
2.8,0.15,0.005,0.0580510960618502,0.5225,0.5087320909443749,0.944396618589164,0.8950518342532532,0.9931799819729912,0.2814628009951303,0.2969800265704218,0.02953245548115782,0.05482325882620607,0.051958740010570825,0.05765518654022076
2.85,0.15,0.005,0.0580510960618502,0.5225,0.6327873145957571,1.1746894108468828,1.113311813236981,1.2353686840087095,0.2814628009951303,0.2969800265704218,0.03673399718631852,0.06819200783191061,0.06462897101701262,0.07171450614719106
2.9,0.15,0.005,0.0580510960618502,0.5225,0.7469940755570873,1.3866997809253339,1.3142446277814803,1.458330574582996,0.2814628009951303,0.2969800265704218,0.043363824837797466,0.08049944219144319,0.07629334113611327,0.0846576882750507
2.95,0.15,0.005,0.0580510960618502,0.5225,0.6851263634250517,1.2718502183021443,1.2053959622254373,1.3375483901803142,0.2814628009951303,0.2969800265704218,0.039772336337693774,0.07383229919894292,0.06997455679571522,0.07764615008573052
3.0,0.15,0.005,0.0580510960618502,0.5225,0.6095245635714979,1.131505063333814,1.072383850671481,1.1899536235983723,0.2814628009951303,0.2969800265704218,0.03538356899194634,0.06568510912606113,0.06225305793050696,0.06907811211265585
3.1,0.15,0.005,0.0580510960618502,0.5225,0.5086361090494035,0.9442184403718463,0.8948829658593018,0.9929925998549485,0.2814628009951303,0.2969800265704218,0.029526883626952636,0.05481291538539643,0.05194893701521174,0.05764430880288599
3.2,0.15,0.005,0.0580510960618502,0.5225,0.5095847686184499,0.9459795065698458,0.8965520162346786,0.9948446349643025,0.2814628009951303,0.2969800265704218,0.029581954354725343,0.05491514720842777,0.05204582721888481,0.05775182147092903
3.3,0.15,0.005,0.0580510960618502,0.5225,0.46120161207842475,0.8561623115345397,0.8114277754427863,0.9003878798360462,0.2814628009951303,0.2969800265704218,0.026773259086644807,0.04970116059142728,0.0471042717394826,0.052268503305287956
3.4,0.15,0.005,0.0580510960618502,0.5225,0.44638995027567724,0.8286663395461508,0.785368469767223,0.8714715872252636,0.2814628009951303,0.2969800265704218,0.025913425884497875,0.04810498928021537,0.04559150048240536,0.050589880825186846
3.45,0.15,0.005,0.0580510960618502,0.5225,0.4445602752184502,0.8252697798088743,0.7821493804956606,0.8678995761949001,0.2814628009951303,0.2969800265704218,0.025807211241988818,0.047907815264626924,0.04540462882187022,0.05038252166972922
3.5,0.15,0.005,0.0580510960618502,0.5225,0.4300454569726746,0.7983248602436457,0.7566123347185454,0.8395628009446499,0.2814628009951303,0.2969800265704218,0.024964610133683,0.04634363315056701,0.04392217532432704,0.04873754080759389
3.55,0.15,0.005,0.0580510960618502,0.5225,0.46203890015793025,0.8577166306843346,0.8129008813165846,0.9020224882566902,0.2814628009951303,0.2969800265704218,0.026821864577379624,0.0497913905217028,0.04718978715007174,0.05236339411573827
3.6,0.15,0.005,0.0580510960618502,0.5225,0.42950916957862767,0.7973293106989142,0.7556688027018458,0.8385158257020164,0.2814628009951303,0.2969800265704218,0.024933478062654422,0.04628584040831148,0.043867402256588174,0.0486767627472094
3.65,0.15,0.005,0.0580510960618502,0.5225,0.4573792826826162,0.8490666416902517,0.8047028548062923,0.8929256789880972,0.2814628009951303,0.2969800265704218,0.02655136867570869,0.049289249179673346,0.04671388272560517,0.051835314367030844
3.7,0.15,0.005,0.0580510960618502,0.5225,0.46285109864810886,0.8592243741929542,0.814329845129468,0.9036081151439909,0.2814628009951303,0.2969800265704218,0.02686901358995427,0.04987891668495831,0.047272740065642346,0.05245544149449121
3.75,0.15,0.005,0.0580510960618502,0.5225,0.47758440501680227,0.8865748892536478,0.8402512940112058,0.9323714371638345,0.2814628009951303,0.2969800265704218,0.02772429817327196,0.051466644062087716,0.04877750858473844,0.054125183864123086
3.8,0.15,0.005,0.0580510960618502,0.5225,0.4734399247821779,0.8788811872264705,0.8329595884120155,0.9242803124284741,0.2814628009951303,0.2969800265704218,0.027483706553045342,0.05102001622663679,0.048354217082545115,0.05365548520486227
3.85,0.15,0.005,0.0580510960618502,0.5225,0.4887893127126395,0.9073753795862094,0.859964957380034,0.9542463890716304,0.2814628009951303,0.2969800265704218,0.028374755346287174,0.052674135324516834,0.04992190835069327,0.055395048798670896
3.9,0.15,0.005,0.0580510960618502,0.5225,0.4754108515285296,0.8825399628136095,0.836427192738344,0.9281280842228147,0.2814628009951303,0.2969800265704218,0.027598121010928674,0.051232412159714545,0.0485555153143973,0.05387885257491961
4.0,0.15,0.005,0.0580510960618502,0.5225,0.49791058980390673,0.9243078739099251,0.8760127277813778,0.9720535413593087,0.2814628009951303,0.2969800265704218,0.02890425547891908,0.053657085179069586,0.0508534990118402,0.056428773506710904
4.1,0.15,0.005,0.0580510960618502,0.5225,0.49667687803337246,0.9220176444450541,0.8738421629540113,0.9696450087429672,0.2814628009951303,0.2969800265704218,0.02883263715841516,0.05352413484840068,0.05072749534453827,0.056288955548431566
4.2,0.15,0.005,0.0580510960618502,0.5225,0.5169272051180491,0.9596098088956829,0.909470134383378,1.0091790185821568,0.2814628009951303,0.2969800265704218,0.030008190841291613,0.05570640119809701,0.052795738136473286,0.05858394815131649
1.5,0.2,0.005,0.1161021921237005,0.48999999999999994,0.24186527097682076,0.44899220656720207,0.4255323347660288,0.47218516335922833,0.26395554543083993,0.2785075847263285,0.028081088159001726,0.05212897942890952,0.04940523688585231,0.05482173255429403
1.6,0.2,0.005,0.1161021921237005,0.48999999999999994,0.20635456795230897,0.3830710892305334,0.3630556000691663,0.4028588518928869,0.26395554543083993,0.2785075847263285,0.023958217694002186,0.04447539319887861,0.04215155103081572,0.04677279582120136
1.7,0.2,0.005,0.1161021921237005,0.48999999999999994,0.19988620105627983,0.37106338628994584,0.3516753003830061,0.3902308839868966,0.26395554543083993,0.2785075847263285,0.023207226117912826,0.04308127256510619,0.040830273290227856,0.04530666106524815
1.75,0.2,0.005,0.1161021921237005,0.48999999999999994,0.24200145357052244,0.4492450122841833,0.42577193136796476,0.47245102790436955,0.26395554543083993,0.2785075847263285,0.028096899256659584,0.05215833072683244,0.04943305457656247,0.0548526000107929
1.8,0.2,0.005,0.1161021921237005,0.48999999999999994,0.26632408856248985,0.4943968999878904,0.46856463002202536,0.519935262952359,0.26395554543083993,0.2785075847263285,0.030920810497451625,0.057400563867755994,0.054401380697187834,0.06036562379118153
1.85,0.2,0.005,0.1161021921237005,0.48999999999999994,0.31664879290018677,0.5878183323174208,0.5571047864766598,0.618182434374409,0.26395554543083993,0.2785075847263285,0.03676361898903534,0.06824699695255042,0.0646810869525463,0.07177233576323451
1.9,0.2,0.005,0.1161021921237005,0.48999999999999994,0.3503154965725114,0.6503162986795687,0.6163372300585798,0.6839087699871262,0.26395554543083993,0.2785075847263285,0.04067239708697126,0.07550314785046909,0.07155810349725063,0.07940330740812902
1.95,0.2,0.005,0.1161021921237005,0.48999999999999994,0.39097684652963965,0.7257989389342825,0.6878758974832783,0.7632905104675667,0.26395554543083993,0.2785075847263285,0.045393268951702787,0.08426684785132603,0.07986389960686649,0.08861970149250285
2.0,0.2,0.005,0.1161021921237005,0.48999999999999994,0.456954936088093,0.8482788960455183,0.8039562689223901,0.892097241878269,0.26395554543083993,0.2785075847263285,0.053053469781573055,0.09848703936315734,0.09334108519348076,0.10357444536957411
2.05,0.2,0.005,0.1161021921237005,0.48999999999999994,0.45238051810739,0.8397870691097142,0.7959081404926133,0.8831667646221992,0.26395554543083993,0.2785075847263285,0.05252236982632336,0.09750111964077539,0.09240667984029059,0.10253759738343356
2.1,0.2,0.005,0.1161021921237005,0.48999999999999994,0.5026019209369544,0.933016735288235,0.8842665505900178,0.9812122640997994,0.26395554543083993,0.2785075847263285,0.05835318478636321,0.10832528825506248,0.10266528494516418,0.11392089480064607
2.15,0.2,0.005,0.1161021921237005,0.48999999999999994,0.5467631711756308,1.0149964966212703,0.961962864096936,1.0674267382732971,0.26395554543083993,0.2785075847263285,0.06348040274599683,0.11784331825560565,0.11168599726324765,0.12393058424498132
2.2,0.2,0.005,0.1161021921237005,0.48999999999999994,0.5334561494507417,0.9902936981460472,0.9385507884380168,1.0414479021980936,0.26395554543083993,0.2785075847263285,0.0619354283530995,0.11497526920104224,0.10896780395708121,0.12091438442782791
2.25,0.2,0.005,0.1161021921237005,0.48999999999999994,0.5240767365505619,0.9728820074252233,0.9220488596822731,1.0231368003412689,0.26395554543083993,0.2785075847263285,0.0608464579545553,0.1129537337397747,0.10705189385427023,0.1187884253620502
2.3,0.2,0.005,0.1161021921237005,0.48999999999999994,0.5102714846837619,0.9472543078681236,0.8977602090827604,0.9961852868742322,0.26395554543083993,0.2785075847263285,0.059243637950000025,0.10997830164210783,0.10423192827594019,0.11565929556747581
2.35,0.2,0.005,0.1161021921237005,0.48999999999999994,0.5107834952896735,0.9482047906340271,0.8986610290627376,0.9971848673870425,0.26395554543083993,0.2785075847263285,0.05930308350373694,0.11008865477480502,0.10433651545032437,0.11577534905621721
2.4,0.2,0.005,0.1161021921237005,0.48999999999999994,0.5101555318883095,0.9470390562064132,0.8975562043342811,0.9959589162611983,0.26395554543083993,0.2785075847263285,0.05923017557626513,0.10995331045232498,0.10420824287743809,0.11563301344307018
2.45,0.2,0.005,0.1161021921237005,0.48999999999999994,0.4531419859533274,0.8412006376100475,0.7972478499474777,0.8846533518357113,0.26395554543083993,0.2785075847263285,0.05261077791246841,0.0976652380423811,0.0925622230448092,0.10271019341770536
2.5,0.2,0.005,0.1161021921237005,0.48999999999999994,0.4347711101388445,0.8070974361243444,0.7649265429427079,0.8487885293976646,0.26395554543083993,0.2785075847263285,0.050477878959174674,0.09370578159145472,0.08880964844925232,0.09854620891252086
2.55,0.2,0.005,0.1161021921237005,0.48999999999999994,0.4064770636949703,0.7545731266431065,0.7151466320253025,0.7935510457844231,0.26395554543083993,0.2785075847263285,0.047192878142991085,0.08760759412089934,0.08303009166801902,0.09213301597762655
2.6,0.2,0.005,0.1161021921237005,0.48999999999999994,0.3961179869636056,0.735342814243026,0.6969211046905389,0.7733273802747148,0.26395554543083993,0.2785075847263285,0.04599016662610203,0.08537491269602641,0.08091406799184254,0.08978500407917293
2.65,0.2,0.005,0.1161021921237005,0.48999999999999994,0.4490707968664922,0.8336429913052764,0.7900850911504076,0.876705310861206,0.26395554543083993,0.2785075847263285,0.05213810393493676,0.09678777873910159,0.09173061104681604,0.1017874084374763
2.7,0.2,0.005,0.1161021921237005,0.48999999999999994,0.44086749757935184,0.8184146063734964,0.7756523903151733,0.8606902947394651,0.26395554543083993,0.2785075847263285,0.05118568290505297,0.0950197298660184,0.09005494284157978,0.0999280299588458
2.75,0.2,0.005,0.1161021921237005,0.48999999999999994,0.5495020101714904,1.0200808039268079,0.9667815160172775,1.072773678466288,0.26395554543083993,0.2785075847263285,0.06379838795729,0.11843361747920911,0.11224545331428039,0.12455137572254188
2.8,0.2,0.005,0.1161021921237005,0.48999999999999994,0.6561494445196027,1.21805824268559,1.154414620810186,1.2809777583911484,0.26395554543083993,0.2785075847263285,0.07618038886947427,0.14141923211013938,0.13403006809571308,0.1487243258109163
2.85,0.2,0.005,0.1161021921237005,0.48999999999999994,0.7880667926490039,1.462946072103605,1.3865070453196429,1.5385154128250793,0.26395554543083993,0.2785075847263285,0.0914962821664431,0.16985124592998574,0.1609765073565655,0.17862501204509174
2.9,0.2,0.005,0.1161021921237005,0.48999999999999994,0.958677862375733,1.779663889225585,1.6866763360348134,1.8715934752705503,0.26395554543083993,0.2785075847263285,0.11130460136228587,0.2066228787824809,0.19582682001681312,0.21729610524332574
2.95,0.2,0.005,0.1161021921237005,0.48999999999999994,0.7979072910504768,1.4812137095910132,1.4038201975681168,1.5577266758826886,0.26395554543083993,0.2785075847263285,0.09263878560244386,0.17197215868719493,0.1629866022851847,0.18085548179954525
3.0,0.2,0.005,0.1161021921237005,0.48999999999999994,0.804395310295675,1.4932578946258759,1.4152350731567693,1.570393010387014,0.26395554543083993,0.2785075847263285,0.09339205885935215,0.17337051497208597,0.16431189436384658,0.1823260710016695
3.1,0.2,0.005,0.1161021921237005,0.48999999999999994,0.5995692406439865,1.1130242686737954,1.054868678726437,1.1705181926088968,0.26395554543083993,0.2785075847263285,0.06961130316870934,0.12922455747990624,0.12247256600277089,0.1358997280825648
3.2,0.2,0.005,0.1161021921237005,0.48999999999999994,0.5783347675191519,1.0736051618913043,1.017509222820081,1.1290628686560085,0.26395554543083993,0.2785075847263285,0.06714593429032424,0.12464791277090079,0.11813505127549423,0.13108667409643632
3.3,0.2,0.005,0.1161021921237005,0.48999999999999994,0.5647588420552647,1.0484031777221643,0.9936240439520031,1.1025590611559537,0.26395554543083993,0.2785075847263285,0.06556973958385898,0.12172190716299684,0.11536192964964369,0.1280095239460554
3.4,0.2,0.005,0.1161021921237005,0.48999999999999994,0.46910068912153313,0.8708259464462648,0.8253252344830004,0.9158089734429276,0.26395554543083993,0.2785075847263285,0.05446361833374854,0.10110480134060755,0.09582206893848348,0.1063274293832797
3.45,0.2,0.005,0.1161021921237005,0.48999999999999994,0.4766239202605095,0.8847918710949829,0.8385614386665267,0.930496316152362,0.26395554543083993,0.2785075847263285,0.05533708196083698,0.10272627580735816,0.09735882125958777,0.10803266206831709
3.5,0.2,0.005,0.1161021921237005,0.48999999999999994,0.47462274727424375,0.8810769471987273,0.8350406197838605,0.9265894956749379,0.26395554543083993,0.2785075847263285,0.055104741390312795,0.10229496499943017,0.09695004646923971,0.1075790716466544
3.55,0.2,0.005,0.1161021921237005,0.48999999999999994,0.4949643030207548,0.9188384660920744,0.870829096875372,0.9663016080602983,0.26395554543083993,0.2785075847263285,0.05746644060368918,0.1066791601208683,0.10110516711233304,0.11218973494845749
3.6,0.2,0.005,0.1161021921237005,0.48999999999999994,0.4666632784362484,0.8663012025775952,0.821036908773799,0.9110505012656012,0.26395554543083993,0.2785075847263285,0.05418062961008125,0.10057946865865675,0.09532418492310477,0.10577496033233247
3.65,0.2,0.005,0.1161021921237005,0.48999999999999994,0.4634949428619395,0.8604195893351936,0.8154626102033062,0.9048650698281325,0.26395554543083993,0.2785075847263285,0.053812778904520485,0.09989660046799013,0.09467699663951855,0.10505681818321151
3.7,0.2,0.005,0.1161021921237005,0.48999999999999994,0.449868516547903,0.8351238567413606,0.7914885812717822,0.8782626712733088,0.26395554543083993,0.2785075847263285,0.05223072093864877,0.09695971046247118,0.0918935593265316,0.10196822139524812
3.75,0.2,0.005,0.1161021921237005,0.48999999999999994,0.46235564207539465,0.858304621890597,0.8134581499443314,0.9026408524949151,0.26395554543083993,0.2785075847263285,0.05368050358571437,0.0996510481114022,0.09444427440942674,0.10479858167506544
3.8,0.2,0.005,0.1161021921237005,0.48999999999999994,0.4825236005239047,0.8957438794126907,0.8489412038420578,0.942014056908146,0.26395554543083993,0.2785075847263285,0.05602204777224609,0.10399782798120104,0.09856393475019619,0.1093698970183761
3.85,0.2,0.005,0.1161021921237005,0.48999999999999994,0.4860464658240205,0.9022836321359728,0.8551392540630347,0.9488916244088855,0.26395554543083993,0.2785075847263285,0.05643106015614606,0.10475710760832102,0.09928354196774439,0.11016839768169068
3.9,0.2,0.005,0.1161021921237005,0.48999999999999994,0.4809060642886743,0.892741128498823,0.8460953468574385,0.9388561971278349,0.26395554543083993,0.2785075847263285,0.055834248269496324,0.10364920201769955,0.09823352451581134,0.10900326257546271
4.0,0.2,0.005,0.1161021921237005,0.48999999999999994,0.48474521396547654,0.8998680230619305,0.8528498607191763,0.9463512356258387,0.26395554543083993,0.2785075847263285,0.056279981962864066,0.1044766500995108,0.09901773838188903,0.10987345297513249
4.1,0.2,0.005,0.1161021921237005,0.48999999999999994,0.47753773805014244,0.8864882579475087,0.8401691891964095,0.9322803308665693,0.26395554543083993,0.2785075847263285,0.055443178209415,0.10292323003962622,0.09754548462049521,0.10823979008741749
4.2,0.2,0.005,0.1161021921237005,0.48999999999999994,0.5273860752993745,0.979025375181606,0.9278712360764803,1.0295975073762564,0.26395554543083993,0.2785075847263285,0.06123067943777236,0.11366699220331279,0.10772788451700697,0.11953852761148127
1.5,0.25,0.005,0.0677992178403141,0.4575,0.25646154046544456,0.4760883300365975,0.45121268403354925,0.5006809530403424,0.24644828986654954,0.26003514288223534,0.017387891849679208,0.03227841639938263,0.030591867057103424,0.033945777003678256
1.6,0.25,0.005,0.0677992178403141,0.4575,0.20866261069960662,0.3873556779264438,0.36711631872890105,0.40736476354060447,0.24644828986654954,0.26003514288223534,0.014147161797951287,0.026262411989417516,0.024890199266234946,0.027619012343757486
1.7,0.25,0.005,0.0677992178403141,0.4575,0.19725409525904603,0.3661772156336734,0.3470444324592047,0.3850923153084495,0.24644828986654954,0.26003514288223534,0.01337367337436213,0.024826528810907095,0.023529341076569794,0.026108957774228496
1.75,0.25,0.005,0.0677992178403141,0.4575,0.21762968934627652,0.40400192239043636,0.3828927958441861,0.4248708795635148,0.24644828986654954,0.26003514288223534,0.014755122716508088,0.027391014344054866,0.02595983207492689,0.0288059133175326
1.8,0.25,0.005,0.0677992178403141,0.4575,0.24560767724930824,0.4559395092674567,0.4321166404513508,0.479491333070962,0.24644828986654954,0.26003514288223534,0.016652008413079407,0.03091234211083021,0.02929717023838582,0.03250913734342076
1.85,0.25,0.005,0.0677992178403141,0.4575,0.2865855769354263,0.5320097839548997,0.5042122383717031,0.5594910625867471,0.24644828986654954,0.26003514288223534,0.019430277960537066,0.03606984723553669,0.03418519538711549,0.03793305643202768
1.9,0.25,0.005,0.0677992178403141,0.4575,0.3259346987284842,0.6050564390161789,0.5734422009867056,0.636310985624304,0.24644828986654954,0.26003514288223534,0.02209811764080965,0.04102235331454264,0.03887893270352684,0.043141387128527164
1.95,0.25,0.005,0.0677992178403141,0.4575,0.3821169799727326,0.7093517201202267,0.6722880469148623,0.7459937008817247,0.24644828986654954,0.26003514288223534,0.02590723236565424,0.048093491797832774,0.04558060374422006,0.05057778943358217
2.0,0.25,0.005,0.0677992178403141,0.4575,0.3947532140087021,0.7328092863081945,0.6945199537539859,0.7706629814626954,0.24644828986654954,0.26003514288223534,0.026763959149740127,0.04968389643781439,0.04708790963901137,0.052250347361655236
2.05,0.25,0.005,0.0677992178403141,0.4575,0.463002544177698,0.8595055136150397,0.814596294998586,0.9039037769884559,0.24644828986654954,0.26003514288223534,0.0313912103533234,0.058273801552537134,0.055228991656521904,0.061283969082723024
2.1,0.25,0.005,0.0677992178403141,0.4575,0.48984805591468467,0.9093408020900456,0.8618276864310648,0.956313336632122,0.24644828986654954,0.26003514288223534,0.03321131505161407,0.06165259513198896,0.05843124305315368,0.06483729623391887
2.15,0.25,0.005,0.0677992178403141,0.4575,0.5257210520843697,0.9759344707112313,0.9249418315643767,1.0263469404155732,0.24644828986654954,0.26003514288223534,0.035643476133507296,0.06616759377762242,0.0627103327278523,0.06958551979297532
2.2,0.25,0.005,0.0677992178403141,0.4575,0.5098088443671014,0.946395474783963,0.8969462500827339,0.9952820902614377,0.24644828986654954,0.26003514288223534,0.0345646408961639,0.0641648729579654,0.06081225420041213,0.06747934725019837
2.25,0.25,0.005,0.0677992178403141,0.4575,0.5086418046494596,0.944229013531137,0.8948929865703366,0.9930037191770077,0.24644828986654954,0.26003514288223534,0.034485516516119204,0.06401798857954245,0.06067304454025153,0.06732487547272403
2.3,0.25,0.005,0.0677992178403141,0.4575,0.5228037990718195,0.9705189604069626,0.9198092820233857,1.0206516887379429,0.24644828986654954,0.26003514288223534,0.035445688661014094,0.06580042641478684,0.062362349883446445,0.06919938618382826
2.35,0.25,0.005,0.0677992178403141,0.4575,0.505495137373019,0.9383876247361442,0.8893568107172768,0.9868605900044625,0.24644828986654954,0.26003514288223534,0.034272174935972816,0.06362194698814076,0.06029769614758765,0.06690837611973345
2.4,0.25,0.005,0.0677992178403141,0.4575,0.5112892121968262,0.9491435899462384,0.8995507760502329,0.9981721609304811,0.24644828986654954,0.26003514288223534,0.034665008677135206,0.06435119301650279,0.06098883902385335,0.06767529178106275
2.45,0.25,0.005,0.0677992178403141,0.4575,0.4610877937857653,0.8559510223066051,0.8112275260906622,0.9001656763386379,0.24644828986654954,0.26003514288223534,0.03126139177439093,0.05803280982200508,0.0550005917594799,0.06103052878245699
2.5,0.25,0.005,0.0677992178403141,0.4575,0.4399552515594922,0.8167211373122512,0.7740474051217882,0.8589093485367649,0.24644828986654954,0.26003514288223534,0.029828621940472207,0.0553730543034224,0.05247980863858198,0.0582333820265264
2.55,0.25,0.005,0.0677992178403141,0.4575,0.4138177713224168,0.7682002195370168,0.7280617084351004,0.8078820541852545,0.24644828986654954,0.26003514288223534,0.028056521224081823,0.05208337402936732,0.04936201437138263,0.05477377138098651
2.6,0.25,0.005,0.0677992178403141,0.4575,0.4391684006547364,0.8152604483818443,0.7726630372823657,0.8573732068596198,0.24644828986654954,0.26003514288223534,0.029775274064572817,0.05527402073643282,0.052385949581865855,0.05812923282232405
2.65,0.25,0.005,0.0677992178403141,0.4575,0.4549495879824891,0.8445562215696248,0.800428104428373,0.8881822704604524,0.24644828986654954,0.26003514288223534,0.030845226221985926,0.05726025124459158,0.054268399417648945,0.06021806323685299
2.7,0.25,0.005,0.0677992178403141,0.4575,0.5266543289604885,0.9776669808903669,0.9265838179747201,1.0281689444280953,0.24644828986654954,0.26003514288223534,0.035706751575736606,0.06628505661266819,0.062821658122178,0.06970905023992624
2.75,0.25,0.005,0.0677992178403141,0.4575,0.6173856098180058,1.1460980988940317,1.086214399180865,1.2053004710026758,0.24644828986654954,0.26003514288223534,0.041858261451526144,0.07770455467328631,0.07364448667134937,0.08171842919654361
2.8,0.25,0.005,0.0677992178403141,0.4575,0.7340640070681969,1.3626967483343162,1.291495755194107,1.4330876512107609,0.24644828986654954,0.26003514288223534,0.049768965523950555,0.092389773690606,0.08756240204624624,0.09716222184870246
2.85,0.25,0.005,0.0677992178403141,0.4575,0.9327781096771847,1.7315842824812975,1.6411088918491936,1.8210302881311295,0.24644828986654954,0.26003514288223534,0.06324162625467984,0.11740005997681348,0.11126589925815995,0.12346442919881241
2.9,0.25,0.005,0.0677992178403141,0.4575,1.060473381346941,1.968634362319741,1.8657730897009854,2.070325329416174,0.24644828986654954,0.26003514288223534,0.07189926579579574,0.13347186997884397,0.126497956149233,0.14036643800940724
2.95,0.25,0.005,0.0677992178403141,0.4575,1.0625174766701475,1.972428966091889,1.8693694251808808,2.074315945680394,0.24644828986654954,0.26003514288223534,0.07203785385990019,0.1337291411466095,0.1267417848818613,0.1406369986708222
3.0,0.25,0.005,0.0677992178403141,0.4575,0.8583888833776566,1.5934901165592583,1.51023015501843,1.6758027867600231,0.24644828986654954,0.26003514288223534,0.05819809489582572,0.10803738353898867,0.10239242326910587,0.11361811819694825
3.1,0.25,0.005,0.0677992178403141,0.4575,0.7625547910422384,1.4155862760935964,1.3416218017109316,1.4887092186672337,0.24644828986654954,0.26003514288223534,0.051700618393047924,0.09597564230462877,0.09096090879351415,0.10093332061730359
3.2,0.25,0.005,0.0677992178403141,0.4575,0.6931083841671482,1.2866678276736134,1.219439350549926,1.3531314118883162,0.24644828986654954,0.26003514288223534,0.04699220632509659,0.08723507233656705,0.08267703417098558,0.09174125136118774
3.3,0.25,0.005,0.0677992178403141,0.4575,0.6689638017053725,1.2418464719147895,1.1769599135252737,1.3059947826074365,0.24644828986654954,0.26003514288223534,0.04535522251910724,0.08419621947357632,0.07979696156641729,0.08854542476431525
3.4,0.25,0.005,0.0677992178403141,0.4575,0.5738439893794403,1.0652686017146011,1.0096082484512106,1.1202956785549005,0.24644828986654954,0.26003514288223534,0.03890617364229156,0.07222437798609505,0.06845064957012159,0.0759551707559062
3.45,0.25,0.005,0.0677992178403141,0.4575,0.5574893566031404,1.0349082997656252,0.9808342742405565,1.0883670973329298,0.24644828986654954,0.26003514288223534,0.03779734233199287,0.0701659732605587,0.06649979662448187,0.07379043792230565
3.5,0.25,0.005,0.0677992178403141,0.4575,0.5548376170679397,1.0299856815644144,0.9761688631583947,1.0831901983901508,0.24644828986654954,0.26003514288223534,0.03761755646559002,0.06983222359679013,0.06618348540220777,0.0734394482231469
3.55,0.25,0.005,0.0677992178403141,0.4575,0.5109686480879271,0.9485485033262389,0.8989867827445751,0.9975463347607448,0.24644828986654954,0.26003514288223534,0.03464327468128416,0.06431084660911958,0.060950600718862574,0.06763286125625063
3.6,0.25,0.005,0.0677992178403141,0.4575,0.5026703340479957,0.9331437355539633,0.8843869150836567,0.9813458246390304,0.24644828986654954,0.26003514288223534,0.03408065547998352,0.06326641540314762,0.05996074111088021,0.0665344793413843
3.65,0.25,0.005,0.0677992178403141,0.4575,0.5238576041342891,0.9724752158808426,0.9216633230223679,1.0227089957401485,0.24644828986654954,0.26003514288223534,0.035517135820005694,0.06593305900581174,0.06248805241302131,0.0693388699894352
3.7,0.25,0.005,0.0677992178403141,0.4575,0.5171802833917571,0.9600796166199894,0.9099153946237366,1.00967309450108,0.24644828986654954,0.26003514288223534,0.035064418696393124,0.06509264707126391,0.061691552056350095,0.06845504608158276
3.75,0.25,0.005,0.0677992178403141,0.4575,0.5108623821418747,0.9483512340721276,0.8987998208217362,0.9973388754471625,0.24644828986654954,0.26003514288223534,0.034636069933258753,0.06429747190798689,0.06093792484672817,0.06761879567705606
3.8,0.25,0.005,0.0677992178403141,0.4575,0.5080253175307201,0.9430845833669997,0.8938083529562136,0.9918001727989137,0.24644828986654954,0.26003514288223534,0.03444371917166004,0.06394039710954108,0.060599507229570686,0.06724327596965472
3.85,0.25,0.005,0.0677992178403141,0.4575,0.502318550538383,0.9324906940752218,0.8837679950643705,0.9806590499182006,0.24644828986654954,0.26003514288223534,0.034056804833182665,0.06322213970167166,0.0599187788176669,0.06648791655247954
3.9,0.25,0.005,0.0677992178403141,0.4575,0.5045451255263211,0.9366240482061565,0.8876853811749202,0.9850059148904433,0.24644828986654954,0.26003514288223534,0.03420776487582767,0.06350237787880607,0.06018437453194068,0.06678263059765506
4.0,0.25,0.005,0.0677992178403141,0.4575,0.5286727317535439,0.9814138897381535,0.9301349505931333,1.0321094020585542,0.24644828986654954,0.26003514288223534,0.03584359770639247,0.06653909410186708,0.06306242213615365,0.06997621018520425
4.1,0.25,0.005,0.0677992178403141,0.4575,0.5099262401879775,0.9466134052393941,0.8971527936577888,0.9955112780428591,0.24644828986654954,0.26003514288223534,0.034572600240997016,0.06417964847238722,0.06082625769325079,0.06749488600251731
4.2,0.25,0.005,0.0677992178403141,0.4575,0.508493188741165,0.9439531269421831,0.8946315150734797,0.9927135815038625,0.24644828986654954,0.26003514288223534,0.0344754404737782,0.06399928368459874,0.0606553169772771,0.06730520436541879
1.5,0.01,0.01,0.0558890168713593,0.636,0.33613388483981127,0.6239899347546108,0.5913864203495682,0.6562225022329439,0.3426035242734984,0.36149147731825504,0.018786192360847755,0.034874183991058835,0.0330520056244098,0.03667563049866261
1.6,0.01,0.01,0.0558890168713593,0.636,0.31434616931214504,0.5835438036035087,0.5530536021642141,0.6136871023629832,0.3426035242734984,0.36149147731825504,0.01756849836013364,0.032613689484773674,0.03090962210212179,0.03429836881770037
1.7,0.01,0.01,0.0558890168713593,0.636,0.3388246013587595,0.6289849087837891,0.5961204066630117,0.6614754945865865,0.3426035242734984,0.36149147731825504,0.0189365738617713,0.03515334817884758,0.03331658346535062,0.03696921507694047
1.75,0.01,0.01,0.0558890168713593,0.636,0.4545823868570994,0.8438745592421778,0.7997820590015752,0.8874653964641256,0.3426035242734984,0.36149147731825504,0.025406162688479207,0.04716331947879696,0.04469903298894951,0.04959956851573108
1.8,0.01,0.01,0.0558890168713593,0.636,0.5274843271799324,0.9792077673393264,0.9280440982321758,1.0297893211082743,0.3426035242734984,0.36149147731825504,0.02948058046113685,0.05472695942939368,0.0518674722634635,0.057553912741365974
1.85,0.01,0.01,0.0558890168713593,0.636,0.587163228894706,1.089994080968418,1.033041819816577,1.1462983669976705,0.3426035242734984,0.36149147731825504,0.03281597560593802,0.06091869758092569,0.05773569169654838,0.06406548877274441
1.9,0.01,0.01,0.0558890168713593,0.636,0.6953708920222922,1.2908678866161563,1.223419956141368,1.3575484273484857,0.3426035242734984,0.36149147731825504,0.03886359551608605,0.07214533709378627,0.06837573856954256,0.07587204695976679
1.95,0.01,0.01,0.0558890168713593,0.636,0.7666632421949308,1.4232130946987267,1.3488501185511979,1.496730005078001,0.3426035242734984,0.36149147731825504,0.042848054877683506,0.07954198066115661,0.07538590703264289,0.08365076850567409
2.0,0.01,0.01,0.0558890168713593,0.636,0.8532035849422366,1.5838642675201384,1.5011072572135014,1.665679708821191,0.3426035242734984,0.36149147731825504,0.04768470955354089,0.08852061676937616,0.08389540882412526,0.09309320134858838
2.05,0.01,0.01,0.0558890168713593,0.636,1.0839894439649609,2.0122889506862087,1.9071467230049135,2.116234921248065,0.3426035242734984,0.36149147731825504,0.06058310432213308,0.11246485111495141,0.10658855537817921,0.11827428921739282
2.1,0.01,0.01,0.0558890168713593,0.636,0.820243235752268,1.5226775586873198,1.443117557870287,1.601332364517535,0.3426035242734984,0.36149147731825504,0.04584258804157685,0.0851009517671158,0.0806544215391673,0.08949689153717419
2.15,0.01,0.01,0.0558890168713593,0.636,0.7727270370106729,1.4344697608728123,1.3595186231904282,1.5085681409711134,0.3426035242734984,0.36149147731825504,0.04318695440844498,0.08017110466687534,0.075982159268417,0.08431239028232969
2.2,0.01,0.01,0.0558890168713593,0.636,0.7810832312117323,1.4499819758249013,1.374220323909073,1.5248816485199783,0.3426035242734984,0.36149147731825504,0.04365397388712834,0.0810380671100448,0.07680382286791901,0.08522413618095924
2.25,0.01,0.01,0.0558890168713593,0.636,0.681159317150932,1.2644858999236621,1.1984164299580173,1.3298036635999597,0.3426035242734984,0.36149147731825504,0.038069324568332015,0.07067087379442949,0.0669783160728378,0.07432141939053355
2.3,0.01,0.01,0.0558890168713593,0.636,0.4707498807570006,0.8738874615967044,0.8282267852690343,0.9190286329610503,0.3426035242734984,0.36149147731825504,0.026309748027818384,0.04884071108484756,0.04628878077521273,0.05136360677282241
2.35,0.01,0.01,0.0558890168713593,0.636,0.5496831796042624,1.0204171220061018,0.9671002614551998,1.0731273692539884,0.3426035242734984,0.36149147731825504,0.030721252498805043,0.057030109747622924,0.054050282828765644,0.05997603364535358
2.4,0.01,0.01,0.0558890168713593,0.636,0.36844438874475205,0.6839702882174602,0.6482327964688334,0.7193011761697058,0.3426035242734984,0.36149147731825504,0.02059199465871311,0.038226426977694114,0.036229093698415045,0.04020103557053727
2.45,0.01,0.01,0.0558890168713593,0.636,0.2748157479021916,0.5101605887926178,0.48350466506826123,0.5365132343837856,0.3426035242734984,0.36149147731825504,0.01535918197102081,0.02851237375413321,0.027022600383380977,0.029985197208182938
2.5,0.01,0.01,0.0558890168713593,0.636,0.2701165077288012,0.5014370452837938,0.47523692727137523,0.5273390710986844,0.3426035242734984,0.36149147731825504,0.015096546057687624,0.02802482348379051,0.02656052464616284,0.02947246224156131
2.55,0.01,0.01,0.0558890168713593,0.636,0.2138876976502483,0.3970553892988092,0.3763092195553911,0.41756551921499546,0.3426035242734984,0.36149147731825504,0.011953973142550922,0.02219103535138528,0.0210315523205793,0.023337326348304786
2.6,0.01,0.01,0.0558890168713593,0.636,0.18382553860885698,0.34124880298050303,0.3234185309777123,0.3588762108220975,0.3426035242734984,0.36149147731825504,0.010273828628697117,0.019072060107108497,0.0180755437343236,0.020057238601365702
2.65,0.01,0.01,0.0558890168713593,0.636,0.20447913652649694,0.3795895885969781,0.3597560080686436,0.3991975122942351,0.3426035242734984,0.36149147731825504,0.011428137911170368,0.021214888921288845,0.020106409604521293,0.022310756499617168
2.7,0.01,0.01,0.0558890168713593,0.636,0.20437162832067926,0.3793900132451336,0.35956686054182696,0.3989876277600833,0.3426035242734984,0.36149147731825504,0.011422129383241615,0.021203734851082498,0.020095838335203862,0.02229902625934692
2.75,0.01,0.01,0.0558890168713593,0.636,0.22646094008313222,0.4203960195631101,0.3984303003804143,0.44211182347831174,0.3426035242734984,0.36149147731825504,0.012656679301010063,0.023495520230014954,0.02226787778002173,0.024709195161406787
2.8,0.01,0.01,0.0558890168713593,0.636,0.2851069150608405,0.5292648356820214,0.5016107138234256,0.5566043223946372,0.3426035242734984,0.36149147731825504,0.015934345185976518,0.0295800913308497,0.028034529647732013,0.03110806836498539
2.85,0.01,0.01,0.0558890168713593,0.636,0.38160793308482827,0.7084067391209983,0.671392441233896,0.7449999063325865,0.3426035242734984,0.36149147731825504,0.021327692210422515,0.0395921561945181,0.03752346347542432,0.041637312334183024
2.9,0.01,0.01,0.0558890168713593,0.636,0.39282091074492,0.7292222103189109,0.6911203027168925,0.7668906129511535,0.3426035242734984,0.36149147731825504,0.021954374508045556,0.04075551241548353,0.03862603425868335,0.04286076240571409
2.95,0.01,0.01,0.0558890168713593,0.636,0.3838039285691161,0.7124833262809486,0.6752560264513628,0.7492870720025349,0.3426035242734984,0.36149147731825504,0.021450424239093307,0.039819992643078124,0.03773939545482726,0.04187691780864108
3.0,0.01,0.01,0.0558890168713593,0.636,0.365432541193231,0.6783791751463693,0.6429338194169318,0.7134212508609401,0.3426035242734984,0.36149147731825504,0.020423665460092187,0.03791394516493424,0.035932939080560375,0.03987241232575334
3.1,0.01,0.01,0.0558890168713593,0.636,0.36993561507278544,0.6867385608049661,0.6508564266347923,0.7222124455076485,0.3426035242734984,0.36149147731825504,0.020675337832119584,0.03838114301104175,0.03637572580902453,0.040363743551682624
3.2,0.01,0.01,0.0558890168713593,0.636,0.3927203851320499,0.7290355972654667,0.6909434402075474,0.7666943602905579,0.3426035242734984,0.36149147731825504,0.021948756230371857,0.04074508279539117,0.03861614958691465,0.042849794037455015
3.3,0.01,0.01,0.0558890168713593,0.636,0.4049435815258575,0.7517264114447622,0.7124486578799892,0.790557281836393,0.3426035242734984,0.36149147731825504,0.02263189865984731,0.04201325009188269,0.039818055060232005,0.04418346926233011
3.4,0.01,0.01,0.0558890168713593,0.636,0.43916644749992145,0.8152568225975942,0.7726596009455771,0.8573693937833495,0.3426035242734984,0.36149147731825504,0.024544580993658038,0.04556390231264772,0.0431831854730651,0.04791753251414471
3.45,0.01,0.01,0.0558890168713593,0.636,0.455577555667733,0.8457219639497188,0.8015329366937918,0.8894082299495667,0.3426035242734984,0.36149147731825504,0.02546178169492656,0.04726656911166495,0.044796887821829494,0.04970815156917714
3.5,0.01,0.01,0.0558890168713593,0.636,0.4883385577673355,0.9065386101868833,0.8591719092358838,0.9533663958563012,0.3426035242734984,0.36149147731825504,0.027292761893993878,0.05066555167927333,0.04801827333068229,0.053282710582599827
3.55,0.01,0.01,0.0558890168713593,0.636,0.5586861968139146,1.0371300818551894,0.9829399680723984,1.090703646884492,0.3426035242734984,0.36149147731825504,0.031224422279528437,0.05796418064259893,0.05493554845913164,0.060958354522380485
3.6,0.01,0.01,0.0558890168713593,0.636,0.4931733248010343,0.9155137421267924,0.8676780899520763,0.9628051435210278,0.3426035242734984,0.36149147731825504,0.027562972270309367,0.051167162979685585,0.0484936754082404,0.05381023291007823
3.65,0.01,0.01,0.0558890168713593,0.636,0.5787401493941523,1.074357701939008,1.0182224426016728,1.129854281602964,0.3426035242734984,0.36149147731825504,0.032345217973622775,0.06004479572954402,0.05690745127336157,0.06314644500668559
3.7,0.01,0.01,0.0558890168713593,0.636,0.585273682879102,1.0864863783886725,1.029717394923245,1.1426094719758704,0.3426035242734984,0.36149147731825504,0.03271037073679272,0.06072265553226658,0.05754989285759738,0.06385932005663436
3.75,0.01,0.01,0.0558890168713593,0.636,0.6002375633964027,1.1142649251189911,1.056044510792216,1.1718229358932541,0.3426035242734984,0.36149147731825504,0.03354668730748515,0.062275171199139195,0.05902128948057254,0.06549203183438386
3.8,0.01,0.01,0.0558890168713593,0.636,0.710947735069602,1.319784320558559,1.2508255045420762,1.3879585567118695,0.3426035242734984,0.36149147731825504,0.03973416995995967,0.07376144815825278,0.0699074077264786,0.07757163919281718
3.85,0.01,0.01,0.0558890168713593,0.636,0.7178992434869584,1.3326889144701772,1.2630558325880854,1.401529745020079,0.3426035242734984,0.36149147731825504,0.040122682931178696,0.07448267322509725,0.07059094873698427,0.07833011956513909
3.9,0.01,0.01,0.0558890168713593,0.636,0.7910331498985304,1.4684527381973043,1.3917259877541774,1.5443065289981146,0.3426035242734984,0.36149147731825504,0.04421006506048345,0.0820703798599029,0.0777821972099024,0.08630977365372594
4.0,0.01,0.01,0.0558890168713593,0.636,0.7066266150185007,1.3117627091103752,1.2432230228103123,1.379522584201291,0.3426035242734984,0.36149147731825504,0.039492666808520496,0.07331312818068973,0.06948251249670785,0.07710016098284712
4.1,0.01,0.01,0.0558890168713593,0.636,0.7844456857293198,1.4562239462708286,1.3801361509959256,1.5314460516244952,0.3426035242734984,0.36149147731825504,0.04384189816439097,0.08138692470160776,0.07713445262778416,0.08559101421681799
4.2,0.01,0.01,0.0558890168713593,0.636,0.7331791362935755,1.3610540979446197,1.289938933393399,1.4313601487480099,0.3426035242734984,0.36149147731825504,0.040976661118040276,0.07606797544285956,0.0720934188114469,0.07999731150236887
1.5,0.05,0.01,0.0595080339835066,0.62,0.3449553405036992,0.6403658486163548,0.6069066916540374,0.6734443235671788,0.33398456768800155,0.35239735210270146,0.02052761412548622,0.03810691268133908,0.03611582403176602,0.040075347692835286
1.6,0.05,0.01,0.0595080339835066,0.62,0.3237834044544556,0.6010628339848718,0.5696572620762992,0.6321110885737129,0.33398456768800155,0.35239735210270146,0.019267713835571205,0.035768067550994535,0.033899183710587734,0.037615688140195856
1.7,0.05,0.01,0.0595080339835066,0.62,0.33127539165012226,0.6149707582146302,0.5828384963665035,0.6467374348183961,0.33398456768800155,0.35239735210270146,0.019713547264214933,0.03659570077869903,0.034683573048673776,0.038486073249579
1.75,0.05,0.01,0.0595080339835066,0.62,0.41565084508656686,0.771603088542733,0.7312867773154188,0.8114607003930338,0.33398456768800155,0.35239735210270146,0.024734564614684658,0.0459165828147796,0.043517438396174966,0.04828843093526872
1.8,0.05,0.01,0.0595080339835066,0.62,0.49068990245782107,0.9109035834495489,0.8633088123635674,0.9579568443828993,0.33398456768800155,0.35239735210270146,0.029199991390823552,0.05420608139961369,0.051373810144391886,0.05700612845027031
1.85,0.05,0.01,0.0595080339835066,0.62,0.6044455014939261,1.1220764286220561,1.0634478627325683,1.1800379472090996,0.33398456768800155,0.35239735210270146,0.03596936344407824,0.06677256224653304,0.06328369155517713,0.07022173826434647
1.9,0.05,0.01,0.0595080339835066,0.62,0.687233617643121,1.2757620685539302,1.2091034180488347,1.3416623093601117,0.33398456768800155,0.35239735210270146,0.04089592147331502,0.07591809253037594,0.07195136729082403,0.07983968629979146
1.95,0.05,0.01,0.0595080339835066,0.62,0.731424387592433,1.3577966294866022,1.286851667872768,1.4279344138388308,0.33398456768800155,0.35239735210270146,0.043525627313216006,0.08079980797017944,0.07657801278350482,0.08497356962493971
2.0,0.05,0.01,0.0595080339835066,0.62,0.8105301757348506,1.504646494400468,1.426028617857356,1.5823698949884486,0.33398456768800155,0.35239735210270146,0.04823305724228707,0.08953855472194712,0.08486015945290848,0.09416372148545037
2.05,0.05,0.01,0.0595080339835066,0.62,0.848961875888359,1.5759900725188267,1.4936444894097365,1.6573987676408448,0.33398456768800155,0.35239735210270146,0.05052005216106598,0.09378407079311937,0.08888384703507196,0.09862854218899335
2.1,0.05,0.01,0.0595080339835066,0.62,0.9097031055224399,1.6887484632248029,1.6005112469163445,1.7759817594096696,0.33398456768800155,0.35239735210270146,0.054134643318330844,0.10049410093917611,0.09524327767248235,0.10568518289303845
2.15,0.05,0.01,0.0595080339835066,0.62,0.8284388397077216,1.537891658211607,1.4575367197114928,1.6173323573106477,0.33398456768800155,0.35239735210270146,0.04929876662658387,0.09151690905980761,0.08673514464880025,0.09624426888146687
2.2,0.05,0.01,0.0595080339835066,0.62,0.8062156829001232,1.496637185539138,1.418437795901488,1.5739468605620912,0.33398456768800155,0.35239735210270146,0.04797631025605651,0.0890619364980427,0.08440844456199595,0.09366248326656244
2.25,0.05,0.01,0.0595080339835066,0.62,0.7736122247338707,1.4361129996373512,1.361076002623355,1.5102962622015557,0.33398456768800155,0.35239735210270146,0.04603614255951932,0.0854602611865751,0.08099495701824592,0.08987476129625316
2.3,0.05,0.01,0.0595080339835066,0.62,0.6980509821603078,1.2958431341165795,1.2281352466384583,1.3627806741879158,0.33398456768800155,0.35239735210270146,0.041539641568615754,0.07711307726230311,0.07308391399330363,0.08109639867164052
2.35,0.05,0.01,0.0595080339835066,0.62,0.5962148480490539,1.106797264165009,1.0489670356055427,1.1639695285158156,0.33398456768800155,0.35239735210270146,0.03547957343917432,0.06586332920878349,0.06242196600239281,0.06926553825868531
2.4,0.05,0.01,0.0595080339835066,0.62,0.5002422885168869,0.9286363769065012,0.8801150662167314,0.9766056357267491,0.33398456768800155,0.35239735210270146,0.029768435105050017,0.05526132507527252,0.052373917269821414,0.05811588135931145
2.45,0.05,0.01,0.0595080339835066,0.62,0.4041705230377788,0.7502913263870101,0.7110885561092214,0.78904806661502,0.33398456768800155,0.35239735210270146,0.024051393220063777,0.04464836174816844,0.042315481962230186,0.04695469916274679
2.5,0.05,0.01,0.0595080339835066,0.62,0.3862293508824924,0.7169858152573197,0.6795232600878263,0.7540221396979976,0.33398456768800155,0.35239735210270146,0.02298374933774305,0.042666416260024764,0.040437093253889556,0.0448703751134648
2.55,0.05,0.01,0.0595080339835066,0.62,0.3290289264857639,0.6108004804932855,0.5788861159255282,0.6423517389459406,0.33398456768800155,0.35239735210270146,0.01957986453887153,0.03634753575033659,0.03444837465907647,0.038225089110559586
2.6,0.05,0.01,0.0595080339835066,0.62,0.28567472665054955,0.5303189058986684,0.5026097088031524,0.5577128412289502,0.33398456768800155,0.35239735210270146,0.016999941341749862,0.031558235474313995,0.029909315631898345,0.03318839470889039
2.65,0.05,0.01,0.0595080339835066,0.62,0.2873509242104247,0.5334305541233654,0.5055587732070748,0.5609852234747991,0.33398456768800155,0.35239735210270146,0.01709968856310598,0.031743403542613985,0.03008480865666651,0.03338312774278339
2.7,0.05,0.01,0.0595080339835066,0.62,0.2974725348322029,0.5522200408021773,0.5233665079929866,0.5807452921510533,0.33398456768800155,0.35239735210270146,0.01770200571195458,0.03286152895442937,0.03114451194347582,0.03455901058108635
2.75,0.05,0.01,0.0595080339835066,0.62,0.34298086028602687,0.6367004764602963,0.6034328354299416,0.6695896144542671,0.33398456768800155,0.35239735210270146,0.020410116689593215,0.037888793590514155,0.03590910167752871,0.03984596153194761
2.8,0.05,0.01,0.0595080339835066,0.62,0.3621202256426815,0.6722302813350266,0.6371062057044935,0.7069547323193699,0.33398456768800155,0.35239735210270146,0.021549062693659766,0.04000310242642696,0.03791293774016594,0.042069486235661875
2.85,0.05,0.01,0.0595080339835066,0.62,0.46258810545304224,0.8587361606743774,0.813867140798779,0.9030946826686571,0.33398456768800155,0.35239735210270146,0.02752770869966557,0.051101700632276835,0.048431633472713086,0.053741389066570555
2.9,0.05,0.01,0.0595080339835066,0.62,0.5534624336215482,1.0274328278722067,0.9737493962365371,1.0805054755373793,0.33398456768800155,0.35239735210270146,0.032935461308545355,0.06114050763678956,0.05794591216266288,0.06429875655764332
2.95,0.05,0.01,0.0595080339835066,0.62,0.524901805462765,0.9744136432403363,0.923500467427092,1.024747553706222,0.33398456768800155,0.35239735210270146,0.03123587447748219,0.057985440195938404,0.05495569719943562,0.06098071225046511
3.0,0.05,0.01,0.0595080339835066,0.62,0.4848864604831303,0.900130229311613,0.8530983666753725,0.9466269862937329,0.33398456768800155,0.35239735210270146,0.028854639968572345,0.05356498027545705,0.05076620659539204,0.05633191087007189
3.1,0.05,0.01,0.0595080339835066,0.62,0.45839689024118374,0.8509557010880537,0.8064932107285128,0.8949123188613507,0.33398456768800155,0.35239735210270146,0.027278297722406107,0.050638700778806583,0.04799282539149968,0.053254472683059946
3.2,0.05,0.01,0.0595080339835066,0.62,0.43636914719865316,0.8100639892915761,0.7677380935152917,0.8519083216154244,0.33398456768800155,0.35239735210270146,0.025967470040851245,0.04820531540357803,0.04568658455934054,0.050695389353522746
3.3,0.05,0.01,0.0595080339835066,0.62,0.4066442722863968,0.7548835281907053,0.7154408150719851,0.7938774813067242,0.33398456768800155,0.35239735210270146,0.024198601174417213,0.04492163464916185,0.04257447633649135,0.04724208813634117
3.4,0.05,0.01,0.0595080339835066,0.62,0.4370443045982849,0.8113173333926805,0.7689259503061386,0.853226407944027,0.33398456768800155,0.35239735210270146,0.02600764733033275,0.048279899446939584,0.045757271581617805,0.05077382607955842
3.45,0.05,0.01,0.0595080339835066,0.62,0.44907918119780227,0.8336585557532035,0.790099842354925,0.876721679299855,0.33398456768800155,0.35239735210270146,0.026723819176004134,0.04960938166640266,0.04701728826922008,0.052171983485852745
3.5,0.05,0.01,0.0595080339835066,0.62,0.4947519656646752,0.9184442887153152,0.870455515292015,0.9658870692190551,0.33398456768800155,0.35239735210270146,0.029441716786180183,0.054654813944828524,0.05179909638512798,0.05747804053931712
3.55,0.05,0.01,0.0595080339835066,0.62,0.4843442330997128,0.8991236529298178,0.852144383974558,0.9455684146162746,0.33398456768800155,0.35239735210270146,0.02882237308301315,0.05350508089392219,0.050709436960412295,0.05626891735071573
3.6,0.05,0.01,0.0595080339835066,0.62,0.4955927690972675,0.9200051336723618,0.8719348059992145,0.9675285405413668,0.33398456768800155,0.35239735210270146,0.029491751345420335,0.054747696759575436,0.051887126066803485,0.0575757212705482
3.65,0.05,0.01,0.0595080339835066,0.62,0.4948069676265593,0.918546392883194,0.8705522845105255,0.9659944476378435,0.33398456768800155,0.35239735210270146,0.02944498984479714,0.05466088996312051,0.051804854931071655,0.05748443041791147
3.7,0.05,0.01,0.0595080339835066,0.62,0.5484062071380531,1.0180465845452533,0.9648535847298338,1.0706343802848526,0.33398456768800155,0.35239735210270146,0.032634575211137225,0.06058195074991176,0.05741653990921111,0.06371134708590154
3.75,0.05,0.01,0.0595080339835066,0.62,0.5560837450401955,1.0322989601333823,0.9783612727726799,1.0856229707256324,0.33398456768800155,0.35239735210270146,0.033091450397527575,0.06143008160075584,0.0582203558683034,0.06460328863521632
3.8,0.05,0.01,0.0595080339835066,0.62,0.5679597063055158,1.0543451763267513,0.9992555727456057,1.1088079971970457,0.33398456768800155,0.35239735210270146,0.033798165504091066,0.06274200858319857,0.05946373458115385,0.06598298397838569
3.85,0.05,0.01,0.0595080339835066,0.62,0.6147030684907091,1.1411183010715238,1.081494796116313,1.2000634387915947,0.33398456768800155,0.35239735210270146,0.0365797710895109,0.06790570663936556,0.06435762908027509,0.07141341589797401
3.9,0.05,0.01,0.0595080339835066,0.62,0.6322734298398869,1.173735448959227,1.1124076959195879,1.2343654446580643,0.33398456768800155,0.35239735210270146,0.03762534874978026,0.06984668898431207,0.0661971949722971,0.07345466082877833
4.0,0.05,0.01,0.0595080339835066,0.62,0.6626601158243276,1.2301444783966373,1.1658693499244757,1.293688315724096,0.33398456768800155,0.35239735210270146,0.03943360069198851,0.0732034794250501,0.06937859289563444,0.07698484825617491
4.1,0.05,0.01,0.0595080339835066,0.62,0.6492094831031274,1.2051750843169249,1.1422046082986257,1.2674291128914843,0.33398456768800155,0.35239735210270146,0.03863317998291566,0.071717599873607,0.06797035064675246,0.07542221472163206
4.2,0.05,0.01,0.0595080339835066,0.62,0.6727694359595422,1.2489111493456024,1.1836554611038992,1.3134243901105442,0.33398456768800155,0.35239735210270146,0.040035186458145,0.07432024711763839,0.070437009404134,0.0781593032414647
1.5,0.1,0.01,0.042960782514668,0.6000000000000001,0.33499787390509783,0.6218810745027794,0.5893877481821421,0.6540047075631298,0.3232108719561306,0.3410296955832595,0.014391770803713082,0.026716497591701954,0.025320558866462915,0.028096554005188665
1.6,0.1,0.01,0.042960782514668,0.6000000000000001,0.3024709297443028,0.5614989271499949,0.5321605719296496,0.5905034848364762,0.3232108719561306,0.3410296955832595,0.012994387829754416,0.024122433291510342,0.022862034593551014,0.025368491786213407
1.7,0.1,0.01,0.042960782514668,0.6000000000000001,0.3164194902746533,0.5873926610691506,0.5567013565786131,0.6177347748271788,0.3232108719561306,0.3410296955832595,0.013593628905091488,0.02523484836290387,0.023916325905594435,0.026538369313097835
1.75,0.1,0.01,0.042960782514668,0.6000000000000001,0.3694652706436445,0.6858654260128825,0.6500289131920057,0.7212942084237874,0.3232108719561306,0.3410296955832595,0.01587251713884456,0.029465315401269558,0.027925750767887763,0.030987363617183943
1.8,0.1,0.01,0.042960782514668,0.6000000000000001,0.4175437406724515,0.7751170091749725,0.7346170953675999,0.8151561346644904,0.3232108719561306,0.3410296955832595,0.017938005833390124,0.03329963325458591,0.03155972526564458,0.03501974541681859
1.85,0.1,0.01,0.042960782514668,0.6000000000000001,0.501300584422141,0.9306009690605629,0.881977008303817,0.9786717100452597,0.3232108719561306,0.3410296955832595,0.021536265381835562,0.03997934583975012,0.03789042243667781,0.042044502488512624
1.9,0.1,0.01,0.042960782514668,0.6000000000000001,0.5757436205533734,1.0687950261119665,1.012950416945982,1.1240042624808326,0.3232108719561306,0.3410296955832595,0.02473439646680101,0.0459162706695551,0.0435171425605586,0.04828810266599885
1.95,0.1,0.01,0.042960782514668,0.6000000000000001,0.6498409691928002,1.2063473581687003,1.1433156307659087,1.2686619412392954,0.3232108719561306,0.3410296955832595,0.027917676546612955,0.051825626491429834,0.049117734158954665,0.05450270974221788
2.0,0.1,0.01,0.042960782514668,0.6000000000000001,0.6915178649278821,1.2837152303869444,1.2166410266622438,1.3500262964503467,0.3232108719561306,0.3410296955832595,0.029708148600174306,0.05514941082342044,0.052267850544859044,0.05799818611088605
2.05,0.1,0.01,0.042960782514668,0.6000000000000001,0.6948304315590778,1.2898645902976689,1.2224690821203414,1.3564933051679369,0.3232108719561306,0.3410296955832595,0.02985045905478245,0.0554135921371495,0.052518228367877805,0.058276013865922904
2.1,0.1,0.01,0.042960782514668,0.6000000000000001,0.7796121468128162,1.4472510941747647,1.37163213100159,1.5220097015702903,0.3232108719561306,0.3410296955832595,0.03349274788501882,0.06217503950095736,0.05892638967008991,0.06538672777437599
2.15,0.1,0.01,0.042960782514668,0.6000000000000001,0.7792762323924772,1.4466275116480274,1.3710411307021626,1.5213539075209754,0.3232108719561306,0.3410296955832595,0.03347831673866309,0.06214824990764625,0.05890099983476011,0.06535855434884896
2.2,0.1,0.01,0.042960782514668,0.6000000000000001,0.7651346222188553,1.4203754055452202,1.3461606988392967,1.4937457334204691,0.3232108719561306,0.3410296955832595,0.0328707820995869,0.061020438886811565,0.05783211701262851,0.06417248558569001
2.25,0.1,0.01,0.042960782514668,0.6000000000000001,0.7264162851306507,1.348499722303736,1.278040524690852,1.4181572694415143,0.3232108719561306,0.3410296955832595,0.031207412040610942,0.057932603290980995,0.05490562102617587,0.06092514602407232
2.3,0.1,0.01,0.042960782514668,0.6000000000000001,0.7146781221853309,1.3267093112183446,1.2573886639924852,1.3952412618415466,0.3232108719561306,0.3410296955832595,0.030703131375195324,0.05699647017943628,0.054018400930190114,0.05994065640546563
2.35,0.1,0.01,0.042960782514668,0.6000000000000001,0.6360951022122091,1.1808298991227246,1.1191314606036915,1.2418263628218935,0.3232108719561306,0.3410296955832595,0.027327143344784227,0.05072937648302873,0.04807876328431793,0.05334983229417256
2.4,0.1,0.01,0.042960782514668,0.6000000000000001,0.5799226672468611,1.0765528963869275,1.0203029379978636,1.1321628701125976,0.3232108719561306,0.3410296955832595,0.02491393158291858,0.046249554847214706,0.04383301261840301,0.04863860283408962
2.45,0.1,0.01,0.042960782514668,0.6000000000000001,0.5021058136885701,0.9320957750890032,0.8833937106206963,0.9802437311592248,0.3232108719561306,0.3410296955832595,0.02157085866122507,0.040043563876439564,0.03795128507680129,0.04211203774569814
2.5,0.1,0.01,0.042960782514668,0.6000000000000001,0.4713054067736705,0.8749187252048394,0.8292041652870173,0.9201131670980606,0.3232108719561306,0.3410296955832595,0.020247649078390793,0.03758719307153568,0.035623259805152366,0.03952878166058216
2.55,0.1,0.01,0.042960782514668,0.6000000000000001,0.4066158312045194,0.754830730928586,0.7153907764702226,0.7938219567709437,0.3232108719561306,0.3410296955832595,0.01746853429139831,0.032428118866810865,0.030733747560936702,0.03410321244020469
2.6,0.1,0.01,0.042960782514668,0.6000000000000001,0.37727999422599445,0.7003724694208976,0.6637779626446955,0.7365506217006351,0.3232108719561306,0.3410296955832595,0.016208243779078146,0.030088549338052144,0.02851642069120818,0.031642791069924486
2.65,0.1,0.01,0.042960782514668,0.6000000000000001,0.37154113755391444,0.6897190097077126,0.6536811468898125,0.7253468512533228,0.3232108719561306,0.3410296955832595,0.015961698005706064,0.029630868372285228,0.02808265358547198,0.03116146832439324
2.7,0.1,0.01,0.042960782514668,0.6000000000000001,0.4057304559584339,0.7531871440515845,0.7138330671137316,0.7920934694460844,0.3232108719561306,0.3410296955832595,0.01743049787800736,0.032357509088444036,0.03066682714805143,0.03402895527216205
2.75,0.1,0.01,0.042960782514668,0.6000000000000001,0.4534598704202992,0.841790749814593,0.7978071287512103,0.8852739466336342,0.3232108719561306,0.3410296955832595,0.019480990872256007,0.03616398932564403,0.03427441854693247,0.03803206148722937
2.8,0.1,0.01,0.042960782514668,0.6000000000000001,0.49143574278554975,0.9122881414439283,0.8646210271132884,0.9594129225356913,0.3232108719561306,0.3410296955832595,0.021112464065744324,0.03919261243528328,0.037144795903422845,0.04121712990681785
2.85,0.1,0.01,0.042960782514668,0.6000000000000001,0.6427347286013609,1.1931555235962472,1.130813070402151,1.2547886746847916,0.3232108719561306,0.3410296955832595,0.027612386890067227,0.0512588949553932,0.04858061438229076,0.05390670335500183
2.9,0.1,0.01,0.042960782514668,0.6000000000000001,0.7378767686539561,1.3697746567524651,1.2982038424401254,1.4405311731556458,0.3232108719561306,0.3410296955832595,0.0316997633807686,0.05884659112284666,0.05577185293477655,0.061886346435539245
2.95,0.1,0.01,0.042960782514668,0.6000000000000001,0.6634571189660361,1.2316240136676229,1.167271579381964,1.2952442772606387,0.3232108719561306,0.3410296955832595,0.02850263699570809,0.05291153139101723,0.05014690045738157,0.05564470769876264
3.0,0.1,0.01,0.042960782514668,0.6000000000000001,0.6062873405476691,1.1254955692764455,1.0666883530668652,1.1836337055871446,0.3232108719561306,0.3410296955832595,0.026046578578664863,0.04835217037290782,0.04582576634703499,0.05084983020275989
3.1,0.1,0.01,0.042960782514668,0.6000000000000001,0.5568394499843097,1.033701830537228,0.9796908431072897,1.087098307226184,0.3232108719561306,0.3410296955832595,0.023922258506363276,0.04440863952672405,0.042088285242344,0.046702593948807825
3.2,0.1,0.01,0.042960782514668,0.6000000000000001,0.5129120779119543,0.9521562343637473,0.902406009602289,1.001340425269189,0.3232108719561306,0.3410296955832595,0.022035104228321913,0.0409053769044862,0.03876806831845334,0.0430183682331348
3.3,0.1,0.01,0.042960782514668,0.6000000000000001,0.4792135924119506,0.8895992690685126,0.8431176497853479,0.9355520430987587,0.3232108719561306,0.3410296955832595,0.020587390921682564,0.03821788072365999,0.03622099398670635,0.040192047854719075
3.4,0.1,0.01,0.042960782514668,0.6000000000000001,0.48199342582196825,0.8947596773057609,0.8480084263588015,0.940979015261895,0.3232108719561306,0.3410296955832595,0.02070681474023734,0.038439575899627314,0.036431105575406325,0.04042519482553273
3.45,0.1,0.01,0.042960782514668,0.6000000000000001,0.47077648904851216,0.8739368565159109,0.828273599300521,0.9190805794038917,0.3232108719561306,0.3410296955832595,0.02022492635903211,0.03754501122433266,0.03558328196219095,0.03948442088522564
3.5,0.1,0.01,0.042960782514668,0.6000000000000001,0.46867548092902345,0.8700366013541219,0.8245771327229192,0.914978854265292,0.3232108719561306,0.3410296955832595,0.020134665406149204,0.03737745321057533,0.03542447886547786,0.039308207563611315
3.55,0.1,0.01,0.042960782514668,0.6000000000000001,0.4774980179057383,0.8864145225360164,0.8400993064649315,0.9322027866089817,0.3232108719561306,0.3410296955832595,0.02051368849843347,0.038081061520513076,0.03609132359576334,0.040048161175075925
3.6,0.1,0.01,0.042960782514668,0.6000000000000001,0.4729516059533266,0.8779746852405145,0.832100451213392,0.923326984548695,0.3232108719561306,0.3410296955832595,0.020318371083323822,0.03771847950600184,0.035747686514935643,0.0396668497731207
3.65,0.1,0.01,0.042960782514668,0.6000000000000001,0.5109778265015298,0.9485655418872511,0.8990029310396735,0.9975642534586582,0.3232108719561306,0.3410296955832595,0.02195200727414998,0.04075111794592639,0.038621869400444486,0.04285614093724456
3.7,0.1,0.01,0.042960782514668,0.6000000000000001,0.5088944277347764,0.944697976255914,0.8953374459624457,0.9934969064474533,0.3232108719561306,0.3410296955832595,0.02186250283284016,0.040584964299977315,0.038464397293230944,0.0426814045268845
3.75,0.1,0.01,0.042960782514668,0.6000000000000001,0.5129274642414541,0.9521847971334463,0.9024330799654259,1.0013704634655745,0.3232108719561306,0.3410296955832595,0.022035765237077256,0.04090660398342325,0.03876923128243666,0.04301965869755684
3.8,0.1,0.01,0.042960782514668,0.6000000000000001,0.5340560795916186,0.9914073923802404,0.9396062920765211,1.0426191249636854,0.3232108719561306,0.3410296955832595,0.02294346708597175,0.04259163736748163,0.04036622156331304,0.04479173347319834
3.85,0.1,0.01,0.042960782514668,0.6000000000000001,0.5449889060747062,1.0117027984417757,0.958841261860116,1.0639629021750465,0.3232108719561306,0.3410296955832595,0.02341314986678228,0.04346354389333812,0.04119257091686227,0.04570867884401716
3.9,0.1,0.01,0.042960782514668,0.6000000000000001,0.5512966587356983,1.023412341421224,0.9699389804623697,1.0762773084915518,0.3232108719561306,0.3410296955832595,0.02368413585700748,0.04396659502262435,0.041669337592142676,0.0462377153755778
4.0,0.1,0.01,0.042960782514668,0.6000000000000001,0.562417640519142,1.044057033939401,0.9895049864626805,1.0979884147571288,0.3232108719561306,0.3410296955832595,0.02416190193675559,0.04485350716797996,0.04250990852060272,0.04717044149000609
4.1,0.1,0.01,0.042960782514668,0.6000000000000001,0.5947737645904173,1.104122075456322,1.0464316256797204,1.1611561513592588,0.3232108719561306,0.3410296955832595,0.02555194634599926,0.047433948353322895,0.04495552148729694,0.049884176884114034
4.2,0.1,0.01,0.042960782514668,0.6000000000000001,0.5801573109708237,1.0769884827071694,1.020715764904731,1.13262095690068,0.3232108719561306,0.3410296955832595,0.024924012060912167,0.04626826797638498,0.04385074798536514,0.04865828260096527
1.5,0.15,0.01,0.0207815202996584,0.58,0.29676647437933584,0.5509093291013106,0.5221242810631713,0.5793668748655454,0.3124371762242595,0.32966203906381747,0.006167258511572222,0.011448733405990077,0.010850536345858842,0.01204012447096798
1.6,0.15,0.01,0.0207815202996584,0.58,0.2620304993736396,0.48642639609450705,0.4610105854720216,0.5115530379874157,0.3124371762242595,0.32966203906381747,0.005445392141862919,0.010108680024727677,0.009580500840344222,0.010630849843287405
1.7,0.15,0.01,0.0207815202996584,0.58,0.2590563532198806,0.4809052708877485,0.4557779394140195,0.5057467158073227,0.3124371762242595,0.32966203906381747,0.005383584863194425,0.009993942649166468,0.009471758500068922,0.010510185641035443
1.75,0.15,0.01,0.0207815202996584,0.58,0.302585602660832,0.5617118028787756,0.5323623248878484,0.5907273567863661,0.3124371762242595,0.32966203906381747,0.0062881888440804515,0.011673225234082993,0.011063298461430162,0.012276212556619417
1.8,0.15,0.01,0.0207815202996584,0.58,0.3547357924012378,0.6585220173832261,0.6241141994298244,0.6925383599218604,0.3124371762242595,0.32966203906381747,0.007371949070801732,0.013685088672021516,0.012970041904755947,0.014391999985008277
1.85,0.15,0.01,0.0207815202996584,0.58,0.4179888283111867,0.7759432579382796,0.7354001725796427,0.8160250637941525,0.3124371762242595,0.32966203906381747,0.008686443320579357,0.016125280566227432,0.015282733614836137,0.016958241428268222
1.9,0.15,0.01,0.0207815202996584,0.58,0.4732857440936302,0.8785949703286021,0.8326883263655523,0.9239793108282249,0.3124371762242595,0.32966203906381747,0.009835597298420708,0.018258539211061613,0.017304529357654305,0.019201694804441134
1.95,0.15,0.01,0.0207815202996584,0.58,0.5370164953067942,0.996903028768816,0.9448147811087371,1.0483986416856845,0.3124371762242595,0.32966203906381747,0.011160019198469553,0.02071716052915009,0.019634687553028527,0.021787317654325348
2.0,0.15,0.01,0.0207815202996584,0.58,0.5878741833125544,1.0913138776947082,1.0342926570786501,1.1476863386009393,0.3124371762242595,0.32966203906381747,0.012216919274154952,0.022679161502611504,0.021494173848867593,0.023850666943276044
2.05,0.15,0.01,0.0207815202996584,0.58,0.6062371300839107,1.1254023599172653,1.0666000139027243,1.1835356814436355,0.3124371762242595,0.32966203906381747,0.01259852922524544,0.02338757198790412,0.022165569840535398,0.02459567078929095
2.1,0.15,0.01,0.0207815202996584,0.58,0.6494392314142168,1.205601582923916,1.1426088223258466,1.2678776425351372,0.3124371762242595,0.32966203906381747,0.013496334571029096,0.02505423376883366,0.02374514843573336,0.02634842496582699
2.15,0.15,0.01,0.0207815202996584,0.58,0.6797268506775969,1.261826707555536,1.1958961805629282,1.3270071090843543,0.3124371762242595,0.32966203906381747,0.014125757345579353,0.026222677337716497,0.02485254075265244,0.027577225175227517
2.2,0.15,0.01,0.0207815202996584,0.58,0.6918830270495724,1.2843931075625732,1.2172834847116505,1.3507391897706094,0.3124371762242595,0.32966203906381747,0.01437838117161979,0.02669164143755295,0.02529700144797408,0.02807041389176206
2.25,0.15,0.01,0.0207815202996584,0.58,0.6803077772612353,1.2629051240954052,1.1969182497689161,1.3281412318655506,0.3124371762242595,0.32966203906381747,0.014137829883169846,0.026245088472931274,0.024873780904604334,0.027600793970827254
2.3,0.15,0.01,0.0207815202996584,0.58,0.6448881933478143,1.1971531578343908,1.1346018279930765,1.2589928090732705,0.3124371762242595,0.32966203906381747,0.013401757081067635,0.024878662651335547,0.02357875092046765,0.026163784618880123
2.35,0.15,0.01,0.0207815202996584,0.58,0.5948090282635767,1.104187537994038,1.0464936677956116,1.1612249954029041,0.3124371762242595,0.32966203906381747,0.012361035895279607,0.02294669573545293,0.021747729400758475,0.024132020814436186
2.4,0.15,0.01,0.0207815202996584,0.58,0.5589536054570416,1.0376264920932026,0.9834104408434038,1.0912256994856309,0.3124371762242595,0.32966203906381747,0.011615905698372763,0.021563456008898224,0.02043676403928321,0.022677329025369574
2.45,0.15,0.01,0.0207815202996584,0.58,0.538416763687884,0.9995024494614713,0.9472783819022603,1.0511323369847299,0.3124371762242595,0.32966203906381747,0.011189118904256142,0.02077118044304186,0.019685884922929386,0.021844127998675536
2.5,0.15,0.01,0.0207815202996584,0.58,0.48451550178011904,0.8994415915177799,0.8524457102507581,0.9459027765091967,0.3124371762242595,0.32966203906381747,0.01006896873574272,0.018691763692483803,0.01771511783193285,0.019657297751529114
2.55,0.15,0.01,0.0207815202996584,0.58,0.4613822651196643,0.8564976709984331,0.8117456123530248,0.900740562490503,0.3124371762242595,0.32966203906381747,0.009588224908486678,0.01779932373646408,0.016869307921273023,0.018718758284122113
2.6,0.15,0.01,0.0207815202996584,0.58,0.433983801917371,0.8056358982434397,0.7635413705105061,0.847251494916984,0.3124371762242595,0.32966203906381747,0.009018843189268776,0.01674233877347957,0.015867550490893077,0.01760717414053323
2.65,0.15,0.01,0.0207815202996584,0.58,0.4302150521032312,0.7986396920985214,0.7569107165886636,0.8398938956243588,0.3124371762242595,0.32966203906381747,0.008940522838501896,0.016596946973458357,0.0157297554218163,0.017454272041476787
2.7,0.15,0.01,0.0207815202996584,0.58,0.454702024962436,0.8440966522143837,0.7999925476016344,0.8876989617795766,0.3124371762242595,0.32966203906381747,0.009449399362052644,0.01754161171286691,0.016625061367558803,0.018447733994207956
2.75,0.15,0.01,0.0207815202996584,0.58,0.5499531575502464,1.0209183018290764,0.9675752546000442,1.073654437815808,0.3124371762242595,0.32966203906381747,0.011428862707491681,0.021216234413753733,0.020107684794917965,0.02231217149428754
2.8,0.15,0.01,0.0207815202996584,0.58,0.5770127663223419,1.0711510343018287,1.0151833235557093,1.1264819716609344,0.3124371762242595,0.32966203906381747,0.011991202516489797,0.022260146963343545,0.021097052846347653,0.023410007961270927
2.85,0.15,0.01,0.0207815202996584,0.58,0.7388534658553252,1.3715877712596436,1.2999222215971638,1.442437945160235,0.3124371762242595,0.32966203906381747,0.015354498299145406,0.028503679111195505,0.027014360036098504,0.029976053438344974
2.9,0.15,0.01,0.0207815202996584,0.58,0.913875963952962,1.696494845774252,1.6078528804771144,1.7841282859106977,0.3124371762242595,0.32966203906381747,0.018991731896258367,0.03525574207572346,0.03341362727449938,0.03707689819084791
2.95,0.15,0.01,0.0207815202996584,0.58,0.7488935188312473,1.3902258565105967,1.317586465689604,1.462038791678731,0.3124371762242595,0.32966203906381747,0.015563145863874178,0.02889100685818495,0.02738144988328367,0.030383388828159587
3.0,0.15,0.01,0.0207815202996584,0.58,0.7174875111751947,1.3319245856418704,1.2623314399904386,1.4007259343361174,0.3124371762242595,0.32966203906381747,0.014910481278238692,0.027679417814130632,0.02623316644505832,0.029109214438664002
3.1,0.15,0.01,0.0207815202996584,0.58,0.603844129732125,1.1209600582014174,1.0623898227385333,1.178863910017076,0.3124371762242595,0.32966203906381747,0.012548799039857715,0.023295254204619018,0.02207807566739132,0.024498584276554537
3.2,0.15,0.01,0.0207815202996584,0.58,0.585446420005611,1.0868070429606225,1.0300213047505933,1.1429467006650882,0.3124371762242595,0.32966203906381747,0.012166466661708942,0.022585502625097894,0.021405408653755086,0.02375217006129912
3.3,0.15,0.01,0.0207815202996584,0.58,0.5217653145043231,0.9685911454893306,0.9179821955597504,1.018624291405664,0.3124371762242595,0.32966203906381747,0.01084307647502924,0.020128796552055905,0.019077065631749938,0.02116856138957196
3.4,0.15,0.01,0.0207815202996584,0.58,0.5061295708147566,0.9395653699732978,0.8904730186896984,0.988099172365285,0.3124371762242595,0.32966203906381747,0.010518141950144258,0.01952559680895614,0.01850538311419806,0.020534203008584835
3.45,0.15,0.01,0.0207815202996584,0.58,0.4515736368463014,0.8382891963626649,0.7944885316933703,0.8815915183764697,0.3124371762242595,0.32966203906381747,0.009384386700911983,0.017420923951195048,0.01651067954923157,0.018320812035147276
3.5,0.15,0.01,0.0207815202996584,0.58,0.48325804420944113,0.8971072809859574,0.850233367595036,0.9434478857924359,0.3124371762242595,0.32966203906381747,0.010042836855711718,0.018643253170781027,0.017669141988123162,0.019606281390265306
3.55,0.15,0.01,0.0207815202996584,0.58,0.48540685673422634,0.9010962789644849,0.8540139401714684,0.9476429378102235,0.3124371762242595,0.32966203906381747,0.0100874924468157,0.01872615061324709,0.017747708033864624,0.019693460948931082
3.6,0.15,0.01,0.0207815202996584,0.58,0.48333007933409555,0.89724100506068,0.850360104578215,0.9435885174629737,0.3124371762242595,0.32966203906381747,0.010044333855117011,0.018646032160354428,0.017671775775311815,0.01960920393018136
3.65,0.15,0.01,0.0207815202996584,0.58,0.5027294985860387,0.9332535670166582,0.8844910078453299,0.9814613295105983,0.3124371762242595,0.32966203906381747,0.010447483280102851,0.019394427947685294,0.01838106783440304,0.02039625854255422
3.7,0.15,0.01,0.0207815202996584,0.58,0.4775169039043038,0.8864495819975707,0.8401325340673546,0.9322396570876653,0.3124371762242595,0.32966203906381747,0.009923527231917318,0.01842176998290622,0.01745923131112418,0.019373357357913904
3.75,0.15,0.01,0.0207815202996584,0.58,0.4884294968655518,0.906707427091462,0.8593319054462915,0.9535439330974835,0.3124371762242595,0.32966203906381747,0.010150307504063405,0.018842758801952256,0.01785822343717624,0.019816092602281465
3.8,0.15,0.01,0.0207815202996584,0.58,0.5070082748929376,0.941196572673002,0.8920189909429561,0.9898146358008771,0.3124371762242595,0.32966203906381747,0.01053640275678237,0.019559495680972906,0.018537510767961844,0.020569852946794913
3.85,0.15,0.01,0.0207815202996584,0.58,0.5045289270608787,0.9365939778090605,0.8876568819580153,0.9849742911892801,0.3124371762242595,0.32966203906381747,0.010484878139480524,0.0194638467623768,0.018446859511541975,0.02046926322699167
3.9,0.15,0.01,0.0207815202996584,0.58,0.5060615294763592,0.9394390598563411,0.8903533082845132,0.9879663376248669,0.3124371762242595,0.32966203906381747,0.010516727947689136,0.019522971892696556,0.018502895349982625,0.020531442500730336
4.0,0.15,0.01,0.0207815202996584,0.58,0.5100700872222104,0.9468804390183551,0.8974058749045468,0.9957921056088989,0.3124371762242595,0.32966203906381747,0.010600031871856895,0.019677615064809403,0.018649458406361546,0.020694073856950913
4.1,0.15,0.01,0.0207815202996584,0.58,0.5081382527125844,0.9432942332117232,0.8940070485830055,0.9920206522298061,0.3124371762242595,0.32966203906381747,0.010559885413779523,0.01960308825604013,0.018578825628165423,0.02061569732199408
4.2,0.15,0.01,0.0207815202996584,0.58,0.5248795875466808,0.9743723984964023,0.9234613777236933,1.0247041784407558,0.3124371762242595,0.32966203906381747,0.010907795803477676,0.02024893977877983,0.019190931367115447,0.02129491068541135
1.5,0.2,0.01,0.0415630405993168,0.5599999999999999,0.2940171541940328,0.545805564796607,0.5172871887731273,0.5739994726106407,0.30166348049238845,0.3182943825443755,0.012220246916662172,0.022685338848974414,0.021500028428483944,0.02385716338410249
1.6,0.2,0.01,0.0415630405993168,0.5599999999999999,0.23879517036746334,0.4432929540808424,0.42013086859029297,0.466191512630027,0.30166348049238845,0.3182943825443755,0.00992505336090365,0.018424603047853132,0.017461916348244576,0.019376336766498723
1.7,0.2,0.01,0.0415630405993168,0.5599999999999999,0.22237610173956784,0.4128130351439743,0.3912435273870922,0.43413713553422556,0.30166348049238845,0.3182943825443755,0.009242626944919462,0.017157764939616196,0.016261270613009627,0.018044059389880115
1.75,0.2,0.01,0.0415630405993168,0.5599999999999999,0.27380222155897704,0.5082791056536122,0.48172148954482574,0.5345345621254376,0.30166348049238845,0.3182943825443755,0.011380052850838896,0.02112562510406552,0.020021809827514957,0.02221688170735759
1.8,0.2,0.01,0.0415630405993168,0.5599999999999999,0.30179115409849006,0.5602370098604583,0.53096458990002,0.5891763824663453,0.30166348049238845,0.3182943825443755,0.012543357990310216,0.023285153586070077,0.02206850280681413,0.02448796190460731
1.85,0.2,0.01,0.0415630405993168,0.5599999999999999,0.34820692337344356,0.6464019999068084,0.6126274536495873,0.6797922758065619,0.30166348049238845,0.3182943825443755,0.014472538493133628,0.02686643256560625,0.025462659728293865,0.028254233958450094
1.9,0.2,0.01,0.0415630405993168,0.5599999999999999,0.3988894791943951,0.7404877381387154,0.7017972059802804,0.778738068243512,0.30166348049238845,0.3182943825443755,0.016579059618396976,0.030776921923555696,0.029168825764645488,0.03236672194663862
1.95,0.2,0.01,0.0415630405993168,0.5599999999999999,0.4230935829010766,0.7854195875412938,0.7443813633486623,0.8259908987823718,0.30166348049238845,0.3182943825443755,0.017585055763427854,0.03264442620447745,0.030938752826235243,0.03433069326075789
2.0,0.2,0.01,0.0415630405993168,0.5599999999999999,0.5101962497883177,0.9471146438246669,0.8976278424945976,0.9960384084023781,0.30166348049238845,0.3182943825443755,0.021205307443571023,0.0393649643934921,0.03730814246068011,0.04139838480690693
2.05,0.2,0.01,0.0415630405993168,0.5599999999999999,0.5438317080878287,1.0095546071141623,0.9568053136681586,1.0617037447595734,0.30166348049238845,0.3182943825443755,0.022603299362450226,0.04196015912271325,0.03976773809763172,0.044127635847888834
2.1,0.2,0.01,0.0415630405993168,0.5599999999999999,0.5475243719521415,1.016409569341078,0.9633021036758393,1.0689128040964486,0.30166348049238845,0.3182943825443755,0.02275677770056229,0.042245072196057325,0.040037764444486194,0.04442726627379026
2.15,0.2,0.01,0.0415630405993168,0.5599999999999999,0.5827911052581132,1.0818777878311263,1.0253496035200778,1.1377628219595854,0.30166348049238845,0.3182943825443755,0.024222570368763668,0.04496613041912415,0.04261664719959837,0.0472888823614995
2.2,0.2,0.01,0.0415630405993168,0.5599999999999999,0.5961237470663887,1.1066281467424783,1.0488067545792654,1.1637916752332496,0.30166348049238845,0.3182943825443755,0.024776715501537174,0.045994830591404336,0.0435915977214157,0.04837072064686646
2.25,0.2,0.01,0.0415630405993168,0.5599999999999999,0.5764854112188381,1.0701720664218584,1.0142555068107155,1.1254524346187185,0.30166348049238845,0.3182943825443755,0.02396048655140241,0.044479605044946455,0.042155542807654406,0.04677722523265773
2.3,0.2,0.01,0.0415630405993168,0.5599999999999999,0.5604400818988822,1.0403859471192864,0.9860257141660947,1.0941276957858246,0.30166348049238845,0.3182943825443755,0.02329359387744767,0.04324160335907756,0.04098222678985574,0.04547527384078317
2.35,0.2,0.01,0.0415630405993168,0.5599999999999999,0.5758346410255675,1.0689639940770166,1.0131105563239418,1.1241819585856039,0.30166348049238845,0.3182943825443755,0.023933438563438676,0.044429393885030886,0.04210795518408842,0.04672442038571293
2.4,0.2,0.01,0.0415630405993168,0.5599999999999999,0.5561014005431162,1.0323317353358012,0.9783923354686551,1.0856574389504299,0.30166348049238845,0.3182943825443755,0.02311326508811047,0.042906845827725075,0.040664960361144094,0.045123224212047015
2.45,0.2,0.01,0.0415630405993168,0.5599999999999999,0.5362488672005027,0.9954780245262687,0.943464233429928,1.0469000280099612,0.30166348049238845,0.3182943825443755,0.022288133438792136,0.04137509354911299,0.0392132422380514,0.04351234836760391
2.5,0.2,0.01,0.0415630405993168,0.5599999999999999,0.5019510127523392,0.9318084067799596,0.8831213573243663,0.9799415186709782,0.30166348049238845,0.3182943825443755,0.02086261032189366,0.03872879064178016,0.036705208828596396,0.04072934912547803
2.55,0.2,0.01,0.0415630405993168,0.5599999999999999,0.45909668635564477,0.8522547838390003,0.8077244163217926,0.8962785064966834,0.30166348049238845,0.3182943825443755,0.019081454214011476,0.035422300181662335,0.03357148270864213,0.037252059953816676
2.6,0.2,0.01,0.0415630405993168,0.5599999999999999,0.46471295540714636,0.8626806751789375,0.8176055541656325,0.9072429533924381,0.30166348049238845,0.3182943825443755,0.019314883432615722,0.03585563192670821,0.033982172842013096,0.03770777570529398
2.65,0.2,0.01,0.0415630405993168,0.5599999999999999,0.4903787639678151,0.9103259942958372,0.8627614022804534,0.9573494195213743,0.30166348049238845,0.3182943825443755,0.02038163247583709,0.03783591625953131,0.03585898719050598,0.03979035279129925
2.7,0.2,0.01,0.0415630405993168,0.5599999999999999,0.5183996689178644,0.962343251228678,0.9120607541778746,1.0120536584882842,0.30166348049238845,0.3182943825443755,0.021546266485905585,0.039997911621296074,0.0379080181549385,0.04206402729643566
2.75,0.2,0.01,0.0415630405993168,0.5599999999999999,0.5988148271715229,1.1116237957233075,1.0535413805780924,1.1690453774035678,0.30166348049238845,0.3182943825443755,0.024888564973202878,0.04620246495281447,0.04378838317402753,0.04858908048346812
2.8,0.2,0.01,0.0415630405993168,0.5599999999999999,0.7338740555364558,1.362344127401874,1.2911615587281666,1.432716815436434,0.30166348049238845,0.3182943825443755,0.030502037165046986,0.056623164277444904,0.05366460028569595,0.059548067167308386
2.85,0.2,0.01,0.0415630405993168,0.5599999999999999,0.9289950634256274,1.7245615368131306,1.6344530850959071,1.8136447784005563,0.30166348049238845,0.3182943825443755,0.03861185953772424,0.07167802117058432,0.06793283993351978,0.07538059155740125
2.9,0.2,0.01,0.0415630405993168,0.5599999999999999,0.8581348355145221,1.5930185089151274,1.5097831889041742,1.6753068179453572,0.30166348049238845,0.3182943825443755,0.035666693008178124,0.06621069296150255,0.06275117997659017,0.06963084529057512
2.95,0.2,0.01,0.0415630405993168,0.5599999999999999,0.8877420776617392,1.6479805997037733,1.561873506898178,1.7331080078947805,0.30166348049238845,0.3182943825443755,0.036897260015576715,0.06849508457237438,0.06491621197820628,0.07203323849513182
3.0,0.2,0.01,0.0415630405993168,0.5599999999999999,0.7838095528791259,1.4550430462973643,1.3790169531223693,1.5302041515676004,0.30166348049238845,0.3182943825443755,0.03257750826844746,0.060476013207010945,0.05731613760977119,0.06359993727684729
3.1,0.2,0.01,0.0415630405993168,0.5599999999999999,0.7234386558469504,1.3429721311079095,1.2728017504921283,1.4123441472678808,0.30166348049238845,0.3182943825443755,0.030068310224081976,0.055818005208989045,0.05290151083058582,0.05870131713310239
3.2,0.2,0.01,0.0415630405993168,0.5599999999999999,0.6740841571527642,1.2513517625315358,1.1859685520931869,1.315991074607604,0.30166348049238845,0.3182943825443755,0.028016987191096583,0.052009984110124856,0.04929245908016209,0.05469659046225439
3.3,0.2,0.01,0.0415630405993168,0.5599999999999999,0.5867898483602143,1.0893009473515347,1.0323849024759568,1.1455694291556973,0.30166348049238845,0.3182943825443755,0.024388770290662536,0.04527465949964609,0.042909055615729906,0.04761334869333442
3.4,0.2,0.01,0.0415630405993168,0.5599999999999999,0.5786246997497756,1.0741433843134691,1.0180193230859147,1.1296288932742897,0.30166348049238845,0.3182943825443755,0.024049401887467417,0.044644665091708266,0.04231197845630888,0.04695081155332061
3.45,0.2,0.01,0.0415630405993168,0.5599999999999999,0.5678337589869141,1.0541113711001397,0.9990339838571901,1.1085621146237914,0.30166348049238845,0.3182943825443755,0.02360089757843578,0.04381207371323661,0.0415228900311536,0.04607521217697313
3.5,0.2,0.01,0.0415630405993168,0.5599999999999999,0.5050526863255299,0.9375662704701606,0.888578372264756,0.9859968082002649,0.30166348049238845,0.3182943825443755,0.02099152530654201,0.03896810496410132,0.03693201896211489,0.04098102537002439
3.55,0.2,0.01,0.0415630405993168,0.5599999999999999,0.5124371880079385,0.9512746614739339,0.9015704989529242,1.0004133142126919,0.30166348049238845,0.3182943825443755,0.021298447649773684,0.03953786737594246,0.037472011251126695,0.04158021919471919
3.6,0.2,0.01,0.0415630405993168,0.5599999999999999,0.5075797563047638,0.9422574554490686,0.8930244425254327,0.9909303191013779,0.30166348049238845,0.3182943825443755,0.021096558018686228,0.039163084875838576,0.03711681116086681,0.04118607708390452
3.65,0.2,0.01,0.0415630405993168,0.5599999999999999,0.4711312429494067,0.8745954121494157,0.8288977453596279,0.9197731531163957,0.30166348049238845,0.3182943825443755,0.01958164697831278,0.03635084462314238,0.03445151064306437,0.038228568905138385
3.7,0.2,0.01,0.0415630405993168,0.5599999999999999,0.482608389562145,0.8959012795107638,0.8490903797748376,0.9421795876009605,0.30166348049238845,0.3182943825443755,0.020058672088942332,0.037236381253285745,0.035290777927070895,0.03915984845130628
3.75,0.2,0.01,0.0415630405993168,0.5599999999999999,0.46858504506802706,0.8698687186456305,0.8244180218967929,0.914802299476646,0.30166348049238845,0.3182943825443755,0.0194758192523951,0.03615438886914402,0.03426531971490485,0.0380219651134962
3.8,0.2,0.01,0.0415630405993168,0.5599999999999999,0.49051735441363314,0.910583269884952,0.8630052352034151,0.957619984832526,0.30166348049238845,0.3182943825443755,0.020387392716163303,0.037846609415286905,0.03586912162818249,0.03980159830831142
3.85,0.2,0.01,0.0415630405993168,0.5599999999999999,0.5188067430543001,0.9630989327451543,0.9127769512862927,1.0128483751784312,0.30166348049238845,0.3182943825443755,0.021563185724765194,0.04002932004284553,0.037937785484432794,0.04209705813849319
3.9,0.2,0.01,0.0415630405993168,0.5599999999999999,0.5034273212215733,0.934548986254219,0.8857187413440349,0.9828236643916043,0.30166348049238845,0.3182943825443755,0.02092397019073755,0.038842697457734464,0.0368131640060579,0.04084913986507756
4.0,0.2,0.01,0.0415630405993168,0.5599999999999999,0.4811818405281209,0.8932530721183757,0.8465805413897943,0.9393945854964824,0.30166348049238845,0.3182943825443755,0.01999938037352427,0.03712631370192051,0.035186461412375615,0.039044095295768674
4.1,0.2,0.01,0.0415630405993168,0.5599999999999999,0.49408143047749825,0.9171995251655273,0.8692757907181239,0.9645780066751994,0.30166348049238845,0.3182943825443755,0.02053552655430478,0.0381216011021289,0.036129744981620596,0.04009079485264939
4.2,0.2,0.01,0.0415630405993168,0.5599999999999999,0.4853326366298028,0.9009584987518806,0.8538833589838742,0.9474980404796136,0.30166348049238845,0.3182943825443755,0.020171900080417964,0.03744657466192393,0.03548998871652777,0.03938089952422729
1.5,0.25,0.01,0.0336903581942744,0.54,0.2875937522486085,0.5338813335851715,0.505985999412878,0.5614592882151189,0.2908897847605175,0.30692672602493354,0.009689136527691029,0.017986653361721328,0.017046849561507777,0.018915764531469703
1.6,0.25,0.01,0.0336903581942744,0.54,0.24195512923115423,0.4491590170221653,0.42569042936394313,0.47236059050645895,0.2908897847605175,0.30692672602493354,0.008151554970739537,0.015132328169664942,0.01434166304514571,0.015913997491021573
1.7,0.25,0.01,0.0336903581942744,0.54,0.22465413288532424,0.41704191110715466,0.3952514443079814,0.4385844565752008,0.2908897847605175,0.30692672602493354,0.007568678206730693,0.014050291367224783,0.013316162735540192,0.0147760674404597
1.75,0.25,0.01,0.0336903581942744,0.54,0.23695292588047503,0.439873060791043,0.4168896649458346,0.4625949627387465,0.2908897847605175,0.30692672602493354,0.007983028948094556,0.014819480978062075,0.014045162139516208,0.015584989993535388
1.8,0.25,0.01,0.0336903581942744,0.54,0.2766458823888802,0.5135580014024331,0.48672456264971714,0.5400861423423211,0.2908897847605175,0.30692672602493354,0.009320298870652482,0.017301953020783647,0.01639792485762052,0.018195695591276668
1.85,0.25,0.01,0.0336903581942744,0.54,0.3240098286713168,0.60148316183243,0.5700556277666663,0.6325531287037212,0.2908897847605175,0.30692672602493354,0.010916007186402142,0.02026418316995928,0.019205378290120943,0.021310941482937322
1.9,0.25,0.01,0.0336903581942744,0.54,0.35047774440912405,0.6506174912148892,0.6166226852644706,0.6842255208001976,0.2908897847605175,0.30692672602493354,0.01180772074826474,0.021919536326489793,0.02077423913727534,0.023051802881422605
1.95,0.25,0.01,0.0336903581942744,0.54,0.40378523260911625,0.749576083561797,0.7104106847678352,0.7882958775005432,0.2908897847605175,0.30692672602493354,0.013603669120159534,0.025253486749058297,0.023933990434868123,0.026557970476063154
2.0,0.25,0.01,0.0336903581942744,0.54,0.42497097421658375,0.7889047264615501,0.7476844035351708,0.8296560646055663,0.2908897847605175,0.30692672602493354,0.014317424343526456,0.026578482815645687,0.02518975537137231,0.02795140999461359
2.05,0.25,0.01,0.0336903581942744,0.54,0.4512885842834338,0.8377600324249377,0.793987016605577,0.8810350201639731,0.2908897847605175,0.30692672602493354,0.015204074053495878,0.028224435573243084,0.026749706991045185,0.02968238541102402
2.1,0.25,0.01,0.0336903581942744,0.54,0.49677464716989933,0.9221991404496938,0.8740141757806825,0.9698358800305894,0.2908897847605175,0.30692672602493354,0.01673651580498819,0.031069219368202148,0.0294458506489247,0.03267411818788989
2.15,0.25,0.01,0.0336903581942744,0.54,0.5136190723237624,0.9534686798409602,0.9036498797185244,1.0027206658902814,0.2908897847605175,0.30692672602493354,0.01730401052199848,0.03212270135086388,0.030444288129930063,0.03378201840264492
2.2,0.25,0.01,0.0336903581942744,0.54,0.572887769802628,1.0634935013208087,1.0079258971676777,1.1184288843051065,0.2908897847605175,0.30692672602493354,0.019300794169769556,0.03582947699678108,0.033957384508864444,0.03768026972706172
2.25,0.25,0.01,0.0336903581942744,0.54,0.558510586415071,1.0368040834174868,0.9826310030741275,1.0903608088055454,0.2908897847605175,0.30692672602493354,0.018816421711617987,0.03493030094762148,0.03310519046636651,0.036734646209657565
2.3,0.25,0.01,0.0336903581942744,0.54,0.5554873895723264,1.031191901826352,0.9773120583337158,1.0844587266699284,0.2908897847605175,0.30692672602493354,0.01871456912709412,0.03474122453956484,0.03292599331284648,0.0365358029484166
2.35,0.25,0.01,0.0336903581942744,0.54,0.55124572649371,1.023317792172283,0.9698493714177944,1.0761778752454871,0.2908897847605175,0.30692672602493354,0.018571665978636104,0.03447594296485826,0.03267457271755737,0.03625681809777361
2.4,0.25,0.01,0.0336903581942744,0.54,0.5425397223641995,1.0071561994446248,0.9545322229543082,1.059181445929709,0.2908897847605175,0.30692672602493354,0.018278357581072064,0.033931453116873476,0.032158532499307634,0.03568420230610138
2.45,0.25,0.01,0.0336903581942744,0.54,0.5072919800496997,0.9417232353221481,0.8925181354346581,0.9903685035192582,0.2908897847605175,0.30692672602493354,0.017090848516957084,0.03172699311787413,0.03006925567767954,0.033365869627891315
2.5,0.25,0.01,0.0336903581942744,0.54,0.4901579637182842,0.9099161066304974,0.8623729312721091,0.9569183588673439,0.2908897847605175,0.30692672602493354,0.01651359736944515,0.030655399559121034,0.029053652951603736,0.03223892227291803
2.55,0.25,0.01,0.0336903581942744,0.54,0.4729716120182176,0.8780118239631755,0.8321356494353946,0.9233660416939419,0.2908897847605175,0.30692672602493354,0.01593458302461713,0.029580532848127578,0.028034948095703595,0.03110853268909821
2.6,0.25,0.01,0.0336903581942744,0.54,0.5291005054518829,0.9822079973665573,0.9308875660466481,1.0329445297840651,0.2908897847605175,0.30692672602493354,0.01782558554944557,0.03309093925256024,0.03136193553870784,0.034800271203241494
2.65,0.25,0.01,0.0336903581942744,0.54,0.5075268016822132,0.9421591519070557,0.8929312753498411,0.9908269376320221,0.2908897847605175,0.30692672602493354,0.017098759741868228,0.03174167930376249,0.030083174509406407,0.033381314437358804
2.7,0.25,0.01,0.0336903581942744,0.54,0.5431416599941824,1.0082736203277898,0.9555912585241346,1.0603565878465195,0.2908897847605175,0.30692672602493354,0.018298637075436802,0.03396909942668107,0.032194211786995566,0.035723793258207834
2.75,0.25,0.01,0.0336903581942744,0.54,0.6659794625392749,1.2363064246731188,1.171709334109906,1.3001685609635767,0.2908897847605175,0.30692672602493354,0.02243708664297852,0.041651606285120095,0.039475307165737474,0.04380314453179719
2.8,0.25,0.01,0.0336903581942744,0.54,0.7167110503407816,1.330483184559573,1.260965352207816,1.3992100768322324,0.2908897847605175,0.30692672602493354,0.024146252007775565,0.04482445505927091,0.042482374386450694,0.04713988867751611
2.85,0.25,0.01,0.0336903581942744,0.54,1.0300138079374288,1.9120900266199574,1.812183199194675,2.010860162763119,0.2908897847605175,0.30692672602493354,0.03470153413446053,0.06441899789652604,0.061053101094514714,0.0677465991620864
2.9,0.25,0.01,0.0336903581942744,0.54,1.1011028275023291,2.0440577772119903,1.9372556262922347,2.14964478521318,0.2908897847605175,0.30692672602493354,0.037096548667281806,0.0688650386840643,0.06526683596365877,0.07242230280428609
2.95,0.25,0.01,0.0336903581942744,0.54,1.0485220341787322,1.9464482017567435,1.8447461574607855,2.046993129666321,0.2908897847605175,0.30692672602493354,0.03532508290607071,0.06557653712378597,0.06215015882236519,0.06896393175967713
3.0,0.25,0.01,0.0336903581942744,0.54,0.9281382313049041,1.7229709366290384,1.6329455938741977,1.8119720148274265,0.2908897847605175,0.30692672602493354,0.03126930946646252,0.05804750801335676,0.05501452196938385,0.06104598621753708
3.1,0.25,0.01,0.0336903581942744,0.54,0.802263671512983,1.4893007775218792,1.4114847156771142,1.5662314860691025,0.2908897847605175,0.30692672602493354,0.02702855045952609,0.05017507665372348,0.04755342565690553,0.052766899780818756
3.2,0.25,0.01,0.0336903581942744,0.54,0.7352529732065,1.364903913206786,1.2935875955593918,1.435408828484273,0.2908897847605175,0.30692672602493354,0.02477093603073222,0.045984101736703434,0.04358142945006607,0.04835943758685894
3.3,0.25,0.01,0.0336903581942744,0.54,0.6930569207313187,1.2865722923306628,1.219348806934817,1.3530309416109754,0.2908897847605175,0.30692672602493354,0.023349335908458967,0.04334508137144875,0.04108029806939512,0.04558409707081013
3.4,0.25,0.01,0.0336903581942744,0.54,0.6010727624159833,1.1158153661939323,1.0575139412208223,1.1734534659148046,0.2908897847605175,0.30692672602493354,0.02025035666661647,0.03759221936574904,0.035628023475168344,0.03953406759098253
3.45,0.25,0.01,0.0336903581942744,0.54,0.634995743005697,1.1787890781567865,1.117197272665075,1.2396801220473463,0.2908897847605175,0.30692672602493354,0.021393234033701344,0.03971382627860066,0.03763877628975282,0.0417652673580969
3.5,0.25,0.01,0.0336903581942744,0.54,0.5376599889142729,0.9980975930548207,0.9459469293336208,1.0496549118932295,0.2908897847605175,0.30692672602493354,0.018113957613251457,0.033626265422860034,0.03186929088202366,0.035363249962062436
3.55,0.25,0.01,0.0336903581942744,0.54,0.5404214884420306,1.0032239667644265,0.9508054496857,1.0550460914551587,0.2908897847605175,0.30692672602493354,0.018206993521494935,0.03379897478937436,0.03203297617297938,0.03554488073259348
3.6,0.25,0.01,0.0336903581942744,0.54,0.5148838614514158,0.9558166004786518,0.9058751213512045,1.0051898697509434,0.2908897847605175,0.30692672602493354,0.017346621720749352,0.03220180363815944,0.030519257317603868,0.03386520676516531
3.65,0.25,0.01,0.0336903581942744,0.54,0.4829245279605076,0.8964881503603412,0.8496465865846086,0.9427967736098162,0.2908897847605175,0.30692672602493354,0.016269900327790382,0.03020300690256242,0.02862489784057804,0.031763161007320934
3.7,0.25,0.01,0.0336903581942744,0.54,0.5272219639081726,0.9787207231934929,0.9275825021744287,1.0292771184103215,0.2908897847605175,0.30692672602493354,0.017762296811955142,0.03297345173654806,0.031250586752997814,0.034676714800414316
3.75,0.25,0.01,0.0336903581942744,0.54,0.5067417044781124,0.9407017184995421,0.8915499929320304,0.9892942196437222,0.2908897847605175,0.30692672602493354,0.01707230953584475,0.031692577850219054,0.030036638609982912,0.03332967661932217
3.8,0.25,0.01,0.0336903581942744,0.54,0.5340802473850984,0.991452256824311,0.9396488123504905,1.04266630690703,0.2908897847605175,0.30692672602493354,0.017993354838890648,0.03340238166493277,0.03165710506491255,0.035127801356799083
3.85,0.25,0.01,0.0336903581942744,0.54,0.5198568025710539,0.9650482350883559,0.9146244024561234,1.0148983698818992,0.2908897847605175,0.30692672602493354,0.017514161888348995,0.032512820714879036,0.030814023731970983,0.03419228961210637
3.9,0.25,0.01,0.0336903581942744,0.54,0.4905229464193422,0.9105936507344733,0.8630150736528782,0.9576309019109414,0.2908897847605175,0.30692672602493354,0.016525893767378508,0.0306782262626764,0.02907528695842357,0.03226292810328567
4.0,0.25,0.01,0.0336903581942744,0.54,0.4928610283690868,0.9149340034006954,0.8671286426118732,0.9621954580496903,0.2908897847605175,0.30692672602493354,0.01660466458575297,0.0308244542986909,0.029213874570108957,0.032416709634597994
4.1,0.25,0.01,0.0336903581942744,0.54,0.4899632374763366,0.9095546220539995,0.8620303342880877,0.9565382015922088,0.2908897847605175,0.30692672602493354,0.016507036972604108,0.030643221014257115,0.029042110736495777,0.03222611463814857
4.2,0.25,0.01,0.0336903581942744,0.54,0.4691569310714146,0.8709303524946277,0.8254241853085911,0.9159187726471918,0.2908897847605175,0.30692672602493354,0.01580606505712246,0.02934195553780967,0.02780883646526356,0.030857631527344068
1.5,0.01,0.015,0.0249222047705114,0.6584999999999999,0.38664634612859516,0.7177599140558764,0.6802569121741461,0.7548362250257747,0.3547239319718532,0.3742800909026272,0.009636079411986877,0.017888159554165214,0.01695350206175986,0.01881218296829218
1.6,0.01,0.015,0.0249222047705114,0.6584999999999999,0.39247366914126924,0.7285776003126647,0.6905093736251191,0.7662127052354952,0.3547239319718532,0.3742800909026272,0.009781309149372653,0.01815776014620004,0.017209016005442782,0.019095709937646504
1.7,0.01,0.015,0.0249222047705114,0.6584999999999999,0.40787681485027655,0.7571715871716798,0.7176093228233791,0.7962837313215456,0.3547239319718532,0.3742800909026272,0.010165189500842558,0.018870385341905726,0.017884406488632276,0.01984514620742244
1.75,0.01,0.015,0.0249222047705114,0.6584999999999999,0.5004574722949539,0.929035838304748,0.8804936557311118,0.977025731538721,0.3547239319718532,0.3742800909026272,0.012472503603467376,0.023153621401374648,0.02194384318726694,0.024349635347466703
1.8,0.01,0.015,0.0249222047705114,0.6584999999999999,0.5591289219539635,1.0379519449392547,0.9837188887572231,1.0915679637900688,0.3547239319718532,0.3742800909026272,0.013934725486051965,0.02586805091372668,0.024516443582227442,0.02720428031450627
1.85,0.01,0.015,0.0249222047705114,0.6584999999999999,0.6236807332103491,1.15778419723765,1.0972898981310257,1.2175902216368832,0.3547239319718532,0.3742800909026272,0.01554349894449101,0.02885453484361887,0.02734688353383502,0.030345032830206765
1.9,0.01,0.015,0.0249222047705114,0.6584999999999999,0.8399553559731406,1.559270610341006,1.4777986202109008,1.6398156517999887,0.3547239319718532,0.3742800909026272,0.02093353937965041,0.03886046144355884,0.03682999982247528,0.04086782146004894
1.95,0.01,0.015,0.0249222047705114,0.6584999999999999,0.8271473818935697,1.535494230539074,1.4552645577897403,1.6148110891001104,0.3547239319718532,0.3742800909026272,0.02061433642694394,0.03826790163743364,0.03626840130450363,0.04024465262824548
2.0,0.01,0.015,0.0249222047705114,0.6584999999999999,0.9118888467331319,1.6928060146260848,1.6043567909947631,1.7802489060176276,0.3547239319718532,0.3742800909026272,0.0227262805662286,0.042188458133264606,0.03998410847013205,0.044367727778250224
2.05,0.01,0.015,0.0249222047705114,0.6584999999999999,1.0393414529685594,1.9294056168561609,1.8285940487223287,2.0290702000082073,0.3547239319718532,0.3742800909026272,0.02590268051736328,0.04808504186866411,0.04557259532439638,0.050568903018347065
2.1,0.01,0.015,0.0249222047705114,0.6584999999999999,1.0010243745463954,1.8582748194477776,1.7611798400740803,1.9542650993786432,0.3547239319718532,0.3742800909026272,0.024947734442718365,0.04631230557016262,0.043892484612022754,0.04870459498257836
2.15,0.01,0.015,0.0249222047705114,0.6584999999999999,0.8189590742261353,1.5202936756483107,1.4408582328740815,1.598825340596541,0.3547239319718532,0.3742800909026272,0.02041026574653219,0.03788907029582064,0.03590936392496506,0.03984625253062963
2.2,0.01,0.015,0.0249222047705114,0.6584999999999999,0.8365775824673621,1.5530002021359806,1.4718558412397003,1.6332213419671837,0.3547239319718532,0.3742800909026272,0.020849357816670987,0.0387041890462785,0.03668189266804913,0.04070347672007558
2.25,0.01,0.015,0.0249222047705114,0.6584999999999999,0.6978182204075873,1.2954110414373108,1.2277257308295975,1.3623262615068878,0.3547239319718532,0.3742800909026272,0.01739116858159175,0.03228449923668209,0.03059763206576099,0.033952174053519926
2.3,0.01,0.015,0.0249222047705114,0.6584999999999999,0.5340472957049817,0.9913910862085134,0.9395908379033203,1.0426019764870567,0.3547239319718532,0.3742800909026272,0.013309636060697407,0.02470765165814829,0.023416675262722935,0.02598393995215034
2.35,0.01,0.015,0.0249222047705114,0.6584999999999999,0.45016029555773385,0.8356655074749482,0.7920019307195454,0.878832301294458,0.3547239319718532,0.3742800909026272,0.011218987065443777,0.020826626896943985,0.019738434296032895,0.021902438571800253
2.4,0.01,0.015,0.0249222047705114,0.6584999999999999,0.4693565213889755,0.8713008666107271,0.8257753400381864,0.916308425888113,0.3547239319718532,0.3742800909026272,0.011697399336430962,0.021714738614396583,0.020580142118870364,0.022836426222928523
2.45,0.01,0.015,0.0249222047705114,0.6584999999999999,0.3502238686425812,0.6501462030462586,0.6161760219330995,0.683729887963727,0.3547239319718532,0.3742800909026272,0.008728350969831095,0.01620307680308934,0.01535646499329583,0.017040056275550823
2.5,0.01,0.015,0.0249222047705114,0.6584999999999999,0.25646751049689476,0.47609941264297284,0.45122318757302543,0.5006926081252754,0.3547239319718532,0.3742800909026272,0.006391735813586893,0.011865447053008373,0.011245476677897815,0.012478363706779533
2.55,0.01,0.015,0.0249222047705114,0.6584999999999999,0.20441614839631714,0.3794726591203205,0.3596451881646958,0.3990745427566139,0.3547239319718532,0.3742800909026272,0.0050945011087322615,0.009457295315407099,0.008963151024169653,0.009945817473278539
2.6,0.01,0.015,0.0249222047705114,0.6584999999999999,0.22089754093185646,0.41006827448893285,0.38864218065360745,0.43125059265146226,0.3547239319718532,0.3742800909026272,0.00550525374840615,0.01021980550670346,0.00968582000870729,0.010747715577464142
2.65,0.01,0.015,0.0249222047705114,0.6584999999999999,0.20521483916611377,0.38095532725885706,0.36105038679720314,0.40063379899082574,0.3547239319718532,0.3742800909026272,0.00511440624364545,0.00949424667436242,0.008998171672232243,0.009984677576437263
2.7,0.01,0.015,0.0249222047705114,0.6584999999999999,0.23778602301440405,0.44141959998179536,0.41835539736395294,0.4642213893219829,0.3547239319718532,0.3742800909026272,0.005926151957130515,0.011001149660463535,0.0104263388799531,0.011569420523533753
2.75,0.01,0.015,0.0249222047705114,0.6584999999999999,0.2514048678784048,0.4667012585749802,0.44231608766227193,0.4908089868753682,0.3547239319718532,0.3742800909026272,0.006265563597568969,0.011631224332861047,0.011023492110010613,0.012232042074115169
2.8,0.01,0.015,0.0249222047705114,0.6584999999999999,0.3337372938686162,0.6195409675091271,0.5871699119300955,0.6515437209648905,0.3547239319718532,0.3742800909026272,0.008317469177349993,0.015440326855983217,0.014633568780204985,0.016237906030827944
2.85,0.01,0.015,0.0249222047705114,0.6584999999999999,0.4035736153297469,0.749183242916143,0.710038370071297,0.7878827444400376,0.3547239319718532,0.3742800909026272,0.01005794428122355,0.018671298190591903,0.017695721653837017,0.01963577509208712
2.9,0.01,0.015,0.0249222047705114,0.6584999999999999,0.4540072085405601,0.8428068136312863,0.7987701031678366,0.8863424958250263,0.3547239319718532,0.3742800909026272,0.01131486061853611,0.021004603991301156,0.01990711207571134,0.022089609177757454
2.95,0.01,0.015,0.0249222047705114,0.6584999999999999,0.45194835396192956,0.838984811172947,0.7951478005848736,0.8823230655793475,0.3547239319718532,0.3742800909026272,0.011263549423134777,0.020909351263401026,0.019816836308997984,0.02198943611411386
3.0,0.01,0.015,0.0249222047705114,0.6584999999999999,0.433682054946139,0.8050757432534683,0.7630104836549506,0.8466624047911925,0.3547239319718532,0.3742800909026272,0.010808312978663852,0.0200642625291346,0.019015903515695622,0.021100693823699713
3.1,0.01,0.015,0.0249222047705114,0.6584999999999999,0.42559423818589,0.7900617369894463,0.7487809601882335,0.8308728411935163,0.3547239319718532,0.3742800909026272,0.010606746753218552,0.0196900803905969,0.0186612724180713,0.020707183086481416
3.2,0.01,0.015,0.0249222047705114,0.6584999999999999,0.43094285193867327,0.7999907602065414,0.758191191300751,0.8413147539509929,0.3547239319718532,0.3742800909026272,0.010740046000403791,0.01993753354038451,0.0188957961247953,0.02096741857441906
3.3,0.01,0.015,0.0249222047705114,0.6584999999999999,0.4407711813216094,0.8182358074540921,0.7754829336508596,0.8605022598566041,0.3547239319718532,0.3742800909026272,0.01098498963783736,0.020392240343935622,0.01932674446848363,0.0214456135256341
3.4,0.01,0.015,0.0249222047705114,0.6584999999999999,0.45051872093134804,0.836330878732007,0.7926325362854352,0.8795320426955636,0.3547239319718532,0.3742800909026272,0.011227919815999937,0.020843209415660816,0.019754150377075425,0.021919877670285012
3.45,0.01,0.015,0.0249222047705114,0.6584999999999999,0.5140939395074142,0.9543502105532989,0.9044853503941904,1.0036477325906017,0.3547239319718532,0.3742800909026272,0.012812354431682679,0.023784511370189988,0.022541769114451767,0.025013114309082443
3.5,0.01,0.015,0.0249222047705114,0.6584999999999999,0.4972925881473554,0.9231606321983865,0.8749254295233871,0.970847038201677,0.3547239319718532,0.3742800909026272,0.012393627712665983,0.02300719831172295,0.021805070713509497,0.0241956486869067
3.55,0.01,0.015,0.0249222047705114,0.6584999999999999,0.5874842301581619,1.0905899791104203,1.0336065822421603,1.1469250466090561,0.3547239319718532,0.3742800909026272,0.014641402283447959,0.027179906780057647,0.025759754894787552,0.028583900868019232
3.6,0.01,0.015,0.0249222047705114,0.6584999999999999,0.5844271588285689,1.0849149138298044,1.0282280394891055,1.1409568324899526,0.3547239319718532,0.3742800909026272,0.014565213325773783,0.02703847164104812,0.02562570975092897,0.028435159813628673
3.65,0.01,0.015,0.0249222047705114,0.6584999999999999,0.6153591056683848,1.1423361509050491,1.0826490132173552,1.2013441973753278,0.3547239319718532,0.3742800909026272,0.015336105638866249,0.028469535469613446,0.02698200040199503,0.029940146086853584
3.7,0.01,0.015,0.0249222047705114,0.6584999999999999,0.666520372781138,1.2373105559486344,1.1726609994614021,1.3012245612313509,0.3547239319718532,0.3742800909026272,0.016611157214169114,0.03083650704006717,0.029225297554969623,0.032429384967426575
3.75,0.01,0.015,0.0249222047705114,0.6584999999999999,0.7091668638560336,1.3164783589686095,1.24769227965879,1.3844818237294765,0.3547239319718532,0.3742800909026272,0.017674001797481447,0.0328095432381625,0.03109524248424254,0.03450433951203708
3.8,0.01,0.015,0.0249222047705114,0.6584999999999999,0.6756051985545034,1.2541753830227655,1.188644638231324,1.3189605508778257,0.3547239319718532,0.3742800909026272,0.016837571102397347,0.031256815713827935,0.029623645073371504,0.032871404933203695
3.85,0.01,0.015,0.0249222047705114,0.6584999999999999,0.7076013278939361,1.3135721399680744,1.2449379107887948,1.3814254822753183,0.3547239319718532,0.3742800909026272,0.017634985189658458,0.032737113853123216,0.031026597539250998,0.03442816874446795
3.9,0.01,0.015,0.0249222047705114,0.6584999999999999,0.7566218840083556,1.4045725864896996,1.3311835781003996,1.477126610442105,0.3547239319718532,0.3742800909026272,0.018856685527106364,0.03500504561554313,0.03317602972056021,0.036813251857409565
4.0,0.01,0.015,0.0249222047705114,0.6584999999999999,0.7302774506402074,1.3556674864687004,1.2848337727151091,1.4256952886847227,0.3547239319718532,0.3742800909026272,0.01820012416414228,0.033786222698497445,0.032020890379674656,0.035531469924954026
4.1,0.01,0.015,0.0249222047705114,0.6584999999999999,0.8341180690354473,1.5484344273208648,1.4675286284536553,1.6284197193657137,0.3547239319718532,0.3742800909026272,0.020788061319284984,0.038590399871400144,0.03657404898490974,0.040583809698371026
4.2,0.01,0.015,0.0249222047705114,0.6584999999999999,0.841184809884732,1.5615529356306543,1.479961693856711,1.6422158719462825,0.3547239319718532,0.3742800909026272,0.020964180081790993,0.03891734202178038,0.036883908386809855,0.04092764023802918
1.5,0.05,0.015,0.0257799652627349,0.6524999999999999,0.3901172990203827,0.7242032979756945,0.6863636288678661,0.7616124457357665,0.3514918232522919,0.3708697939467946,0.010057210417137431,0.018669935864971458,0.017694430509818258,0.01963434239473463
1.6,0.05,0.015,0.0257799652627349,0.6524999999999999,0.3623332467213223,0.6726257279560234,0.6374809902139945,0.707370605968409,0.3514918232522919,0.3708697939467946,0.009340938514009644,0.01734026790152806,0.016434237783370626,0.01823598964974532
1.7,0.05,0.015,0.0257799652627349,0.6524999999999999,0.3687902275848769,0.6846122941710937,0.6488412575699114,0.7199763453188804,0.3514918232522919,0.3708697939467946,0.009507399256374225,0.017649281162172042,0.016727105081181547,0.018560965172311567
1.75,0.05,0.015,0.0257799652627349,0.6524999999999999,0.44509223046476243,0.8262572872706613,0.7830852906287693,0.8689380939360595,0.3514918232522919,0.3708697939467946,0.011474462240094772,0.02130088416391922,0.020187911590168337,0.02240119387713869
1.8,0.05,0.015,0.0257799652627349,0.6524999999999999,0.5489810463499988,1.019113700651466,0.9658649439505537,1.0717566189018382,0.3514918232522919,0.3708697939467946,0.014152712304802828,0.026272715801572005,0.024899964703538665,0.027629848405395598
1.85,0.05,0.015,0.0257799652627349,0.6524999999999999,0.6234703866653156,1.157393715549159,1.0969198191359861,1.2171795693868617,0.3514918232522919,0.3708697939467946,0.016073044910575734,0.029837569782164997,0.028278554833331172,0.03137884701730392
1.9,0.05,0.015,0.0257799652627349,0.6524999999999999,0.7285811516487544,1.3525185224851808,1.2818493423031736,1.4223836631125581,0.3514918232522919,0.3708697939467946,0.018782796780588275,0.03486788052687349,0.0330460315166354,0.03666900142532337
1.95,0.05,0.015,0.0257799652627349,0.6524999999999999,0.7724635676932915,1.4339806634935315,1.3590550811808138,1.5080537789787303,0.3514918232522919,0.3708697939467946,0.019914083941861324,0.036967971692296785,0.03503639278298474,0.038877574036407764
2.0,0.05,0.015,0.0257799652627349,0.6524999999999999,0.8469556221116459,1.57226571677936,1.4901147314982761,1.653482028112795,0.3514918232522919,0.3708697939467946,0.02183448651711626,0.04053295556236089,0.0384151060155151,0.042626709247304315
2.05,0.05,0.015,0.0257799652627349,0.6524999999999999,0.8938972175663786,1.6594068364526564,1.572702722038717,1.7451244736305727,0.3514918232522919,0.3708697939467946,0.023044639217316625,0.0427794506004943,0.040544221542766753,0.04498924830934469
2.1,0.05,0.015,0.0257799652627349,0.6524999999999999,0.8856710774568173,1.644136050430314,1.5582298355726414,1.729064866164971,0.3514918232522919,0.3708697939467946,0.022832569611045742,0.042385770267303655,0.04017111103241981,0.044575232186748324
2.15,0.05,0.015,0.0257799652627349,0.6524999999999999,0.9234879360201235,1.7143382530996085,1.6247639686169122,1.8028934049474523,0.3514918232522919,0.3708697939467946,0.023807486911153534,0.04419558061348554,0.041886358671087295,0.04647852935195917
2.2,0.05,0.015,0.0257799652627349,0.6524999999999999,0.8401767098210557,1.5596815256915486,1.4781880652078296,1.6402477932249062,0.3514918232522919,0.3708697939467946,0.021659726393745717,0.0402085355532575,0.038107636972847164,0.042285531131615664
2.25,0.05,0.015,0.0257799652627349,0.6524999999999999,0.796996682347797,1.4795232800014972,1.4022180930338668,1.5559489261574195,0.3514918232522919,0.3708697939467946,0.02054654678544117,0.0381420587638462,0.036149133729191464,0.04011230926692795
2.3,0.05,0.015,0.0257799652627349,0.6524999999999999,0.7004310164980468,1.3002613660714664,1.2323226256882536,1.3674271325158398,0.3514918232522919,0.3708697939467946,0.018057087274261745,0.03352069284979863,0.03176923448272544,0.03525222397557955
2.35,0.05,0.015,0.0257799652627349,0.6524999999999999,0.6393025693079507,1.1867841550727105,1.1247746062956043,1.248088189368778,0.3514918232522919,0.3708697939467946,0.01648119802913614,0.030595254292138666,0.028996650278707004,0.0321756701667568
2.4,0.05,0.015,0.0257799652627349,0.6524999999999999,0.5933524829737389,1.101483646356317,1.0439310546706517,1.158381432650614,0.3514918232522919,0.3708697939467946,0.01529660639962049,0.028396210140536424,0.026912506326099612,0.029863033094729922
2.45,0.05,0.015,0.0257799652627349,0.6524999999999999,0.47025002468876925,0.8729595421887845,0.8273473497101282,0.9180527813297653,0.3514918232522919,0.3708697939467946,0.012123029301276702,0.022504866673399827,0.02132898593574289,0.02366736881203851
2.5,0.05,0.015,0.0257799652627349,0.6524999999999999,0.4400655600265372,0.8169259109939854,0.774241479365422,0.8591246999235976,0.3514918232522919,0.3708697939467946,0.01134487485081011,0.021060321607653008,0.01995991844300906,0.022148204920387892
2.55,0.05,0.015,0.0257799652627349,0.6524999999999999,0.3555123083784274,0.6599635208310959,0.6254803842294118,0.6940543250790716,0.3514918232522919,0.3708697939467946,0.009165094960470556,0.017013836641697873,0.016124862577956315,0.017892696390989383
2.6,0.05,0.015,0.0257799652627349,0.6524999999999999,0.3115029869823501,0.578265796129464,0.5480513709216844,0.6081364563052325,0.3514918232522919,0.3708697939467946,0.008030536183643149,0.014907672136845325,0.014128745304555266,0.015677736718551594
2.65,0.05,0.015,0.0257799652627349,0.6524999999999999,0.3453711734887445,0.6411377898246352,0.6076382988843125,0.6742561398530836,0.3514918232522919,0.3708697939467946,0.008903656855289823,0.016528509950305727,0.015664894237544906,0.01738229986359822
2.7,0.05,0.015,0.0257799652627349,0.6524999999999999,0.3316571634698698,0.6156794691885593,0.5835101771462571,0.647482754674965,0.3514918232522919,0.3708697939467946,0.008550110153390434,0.015872195328660122,0.015042872097282797,0.0166920829237405
2.75,0.05,0.015,0.0257799652627349,0.6524999999999999,0.3546225223326129,0.6583117458636958,0.6239149146107744,0.6923172267031831,0.3514918232522919,0.3708697939467946,0.009142156307118192,0.016971253940416445,0.016084504825567978,0.017847914055201024
2.8,0.05,0.015,0.0257799652627349,0.6524999999999999,0.4422642952086264,0.8210075840555048,0.7781098847457724,0.8634172142103552,0.3514918232522919,0.3708697939467946,0.011401558167426324,0.021165546997392818,0.02005964579933667,0.0222588657895903
2.85,0.05,0.015,0.0257799652627349,0.6524999999999999,0.5623029129520336,1.04384405675875,0.9893031373534781,1.0977644361148124,0.3514918232522919,0.3708697939467946,0.014496149563038074,0.02691026352295285,0.02550420051528732,0.028300329029705633
2.9,0.05,0.015,0.0257799652627349,0.6524999999999999,0.5999894587543722,1.1138043503112274,1.0556080010479145,1.171338569822614,0.3514918232522919,0.3708697939467946,0.015467707404694829,0.02871383746050646,0.027213537598080265,0.030197067640928568
2.95,0.05,0.015,0.0257799652627349,0.6524999999999999,0.5541821592607473,1.0287689072587258,0.9750156653887905,1.0819105708912782,0.3514918232522919,0.3708697939467946,0.014286796814969487,0.026521626692511697,0.025135869984345374,0.027891616934962837
3.0,0.05,0.015,0.0257799652627349,0.6524999999999999,0.5654114805763241,1.0496147183806381,0.9947722815327976,1.103833184660483,0.3514918232522919,0.3708697939467946,0.014576288328409143,0.02705903097910813,0.025645194862247065,0.02845678115640129
3.1,0.05,0.015,0.0257799652627349,0.6524999999999999,0.512848757273887,0.9520386876283593,0.9022946046914194,1.0012168065879745,0.3514918232522919,0.3708697939467946,0.013221223147557571,0.024543524295838826,0.023261123565697914,0.025811334494304353
3.2,0.05,0.015,0.0257799652627349,0.6524999999999999,0.4790025916550082,0.8892075729185681,0.8427464197845442,0.9351401136535622,0.3514918232522919,0.3708697939467946,0.012348670173626102,0.0229237403412015,0.021725973427339756,0.0241078796457788
3.3,0.05,0.015,0.0257799652627349,0.6524999999999999,0.4803378642383085,0.8916863371542245,0.8450956684287421,0.9377469199152813,0.3514918232522919,0.3708697939467946,0.012383093454439865,0.02298764279709123,0.0217865369757807,0.024175083020652598
3.4,0.05,0.015,0.0257799652627349,0.6524999999999999,0.49701378265773305,0.9226430651599977,0.8744349053961925,0.9703027359331823,0.3514918232522919,0.3708697939467946,0.012812998052016833,0.023785706169727996,0.022542901485636722,0.025014370826694075
3.45,0.05,0.015,0.0257799652627349,0.6524999999999999,0.48049343685686985,0.8919751379936637,0.845369379405662,0.9380506389321246,0.3514918232522919,0.3708697939467946,0.012387104111142211,0.02299508807269982,0.02179359323525773,0.02418291288635645
3.5,0.05,0.015,0.0257799652627349,0.6524999999999999,0.5254238496504394,0.9753827520785042,0.9244189402658545,1.0257667224320264,0.3514918232522919,0.3708697939467946,0.013545408592200775,0.025145333466454606,0.02383148816826794,0.026444230471967076
3.55,0.05,0.015,0.0257799652627349,0.6524999999999999,0.5369056723599664,0.9966973000206022,0.9446198017009089,1.0481822858978507,0.3514918232522919,0.3708697939467946,0.013841409582805261,0.025694821771992792,0.024352265674340963,0.027022102919460653
3.6,0.05,0.015,0.0257799652627349,0.6524999999999999,0.544252470636624,1.0103356994324661,0.9575455938623669,1.0625251848614778,0.3514918232522919,0.3708697939467946,0.014030809787169814,0.026046419235069947,0.024685492147256682,0.02739186235650988
3.65,0.05,0.015,0.0257799652627349,0.6524999999999999,0.5542057653048325,1.0288127288862763,0.9750571973334702,1.0819566561508014,0.3514918232522919,0.3708697939467946,0.014287405377965993,0.026522756412547702,0.02513694067643651,0.02789280501135247
3.7,0.05,0.015,0.0257799652627349,0.6524999999999999,0.5703228850119547,1.0587321179394573,1.0034132963756206,1.11342154886174,0.3514918232522919,0.3708697939467946,0.014702904164150944,0.02729407722302096,0.02586795992472982,0.02870396885243615
3.75,0.05,0.015,0.0257799652627349,0.6524999999999999,0.613157809082012,1.1382497229212685,1.0787761013597388,1.1970466825480002,0.3514918232522919,0.3708697939467946,0.01580718701870891,0.029344038317227927,0.02781081041932265,0.0308598218939595
3.8,0.05,0.015,0.0257799652627349,0.6524999999999999,0.6199786487064518,1.1509117467879018,1.0907765336612854,1.2103627707127282,0.3514918232522919,0.3708697939467946,0.015983028027289653,0.029670464852665654,0.028120181147194324,0.031203110184281704
3.85,0.05,0.015,0.0257799652627349,0.6524999999999999,0.6134605439302759,1.1388117117796848,1.0793087262639944,1.197637701271791,0.3514918232522919,0.3708697939467946,0.01581499151258097,0.029358526370475944,0.027824541470852428,0.03087505833612845
3.9,0.05,0.015,0.0257799652627349,0.6524999999999999,0.6447746091641686,1.1969423032001547,1.1344019905271019,1.258771062618754,0.3514918232522919,0.3708697939467946,0.01662226702654574,0.030857130997997896,0.029244843909766012,0.03245107426804738
4.0,0.05,0.015,0.0257799652627349,0.6524999999999999,0.6591591765948466,1.223645428643219,1.1597098759405575,1.286853553729094,0.3514918232522919,0.3708697939467946,0.016993100675228086,0.03154553664432654,0.029897280316598177,0.033175039913363
4.1,0.05,0.015,0.0257799652627349,0.6524999999999999,0.683238182552888,1.2683450499380926,1.2020739391348658,1.3338621602806118,0.3514918232522919,0.3708697939467946,0.017613856612387582,0.03269789132856579,0.03098942439413575,0.03438692015731071
4.2,0.05,0.015,0.0257799652627349,0.6524999999999999,0.6887378497369009,1.2785544846963874,1.2117499302674388,1.3445989694025522,0.3514918232522919,0.3708697939467946,0.017755637841348034,0.032961090201986794,0.031238871109416012,0.03466371472350695
1.5,0.1,0.015,0.0182838431298983,0.6449999999999999,0.3853098724281245,0.7152789200984971,0.6779055503113295,0.7522270738647445,0.34745168735284027,0.36660692275200385,0.0070449452638769545,0.013078047569203983,0.012394718738779729,0.01375360181660541
1.6,0.1,0.015,0.0182838431298983,0.6449999999999999,0.32140028565417444,0.5966388761163915,0.5654644562922656,0.6274586085567573,0.34745168735284027,0.36660692275200385,0.005876432404805429,0.010908851616110929,0.01033886341438102,0.011472354769356014
1.7,0.1,0.015,0.0182838431298983,0.6449999999999999,0.33399653499899595,0.6200222157953821,0.5876260149623016,0.6520498284147258,0.34745168735284027,0.36660692275200385,0.006106740251851229,0.01133638893065472,0.010744061876617994,0.01192197677561195
1.75,0.1,0.015,0.0182838431298983,0.6449999999999999,0.3978319181798999,0.738524510216162,0.6999365568435186,0.7766734286266914,0.34745168735284027,0.36660692275200385,0.0072738963840678255,0.01350306629237728,0.01279753020620804,0.014200575132170691
1.8,0.1,0.015,0.0182838431298983,0.6449999999999999,0.44850861137538905,0.8325993652272907,0.7890959946024223,0.8756077756636862,0.34745168735284027,0.36660692275200385,0.008200461092796135,0.015223116183868686,0.014427707379741765,0.01600947521355402
1.85,0.1,0.015,0.0182838431298983,0.6449999999999999,0.5271210684072529,0.9785334234897874,0.9274049888923427,1.029080143630141,0.34745168735284027,0.36660692275200385,0.009637798925222605,0.017891351612449615,0.016956527334792672,0.018815539914226714
1.9,0.1,0.015,0.0182838431298983,0.6449999999999999,0.5859445129496808,1.087731689352104,1.0308976383083814,1.1439191102103439,0.34745168735284027,0.36660692275200385,0.010713317557596627,0.01988791557553314,0.018848770701813084,0.020915237564378773
1.95,0.1,0.015,0.0182838431298983,0.6449999999999999,0.6318498608334288,1.1729491468081368,1.1116624781066926,1.2335385256063933,0.34745168735284027,0.36660692275200385,0.011552643737126484,0.021446018199588027,0.020325462363096774,0.022553824896873336
2.0,0.1,0.015,0.0182838431298983,0.6449999999999999,0.7241043887379697,1.3442079798038213,1.2739730260138342,1.4136438344558346,0.34745168735284027,0.36660692275200385,0.013239411053355936,0.024577287836690574,0.023293122959358793,0.025846842110738403
2.05,0.1,0.015,0.0182838431298983,0.6449999999999999,0.7351157956841072,1.3646492605308487,1.2933462485022247,1.4351410215744234,0.34745168735284027,0.36660692275200385,0.013440741890598587,0.024951033006877756,0.02364733992025714,0.02623989330774875
2.1,0.1,0.015,0.0182838431298983,0.6449999999999999,0.7840979885694727,1.4555784905822693,1.3795244204087944,1.530767254542306,0.34745168735284027,0.36660692275200385,0.01433632462147303,0.026613568785060365,0.02522300809661827,0.027988308350436628
2.15,0.1,0.015,0.0182838431298983,0.6449999999999999,0.81419889759117,1.5114570113254384,1.4324832848329896,1.5895322131751375,0.34745168735284027,0.36660692275200385,0.014886684920093086,0.027635242892659236,0.026191299666087808,0.02906275763561428
2.2,0.1,0.015,0.0182838431298983,0.6449999999999999,0.78439230904518,1.4561248592249936,1.3800422412546371,1.531341846178966,0.34745168735284027,0.36660692275200385,0.014341705930880778,0.02662355850361503,0.025232475851733053,0.02799881409378507
2.25,0.1,0.015,0.0182838431298983,0.6449999999999999,0.7499319587116363,1.3921535884722802,1.3194134735317444,1.464066101769923,0.34745168735284027,0.36660692275200385,0.013711638291180928,0.02545391782435217,0.02412394897352864,0.026768754936562996
2.3,0.1,0.015,0.0182838431298983,0.6449999999999999,0.7296184447808669,1.3544441256540989,1.2836743325821083,1.4244087344469412,0.34745168735284027,0.36660692275200385,0.013340229189053737,0.02476444392167181,0.023470500126808166,0.02604366585348484
2.35,0.1,0.015,0.0182838431298983,0.6449999999999999,0.6909454431660237,1.282652601970281,1.2156339206490046,1.3489087773371564,0.34745168735284027,0.36660692275200385,0.01263313809416564,0.023451818964580505,0.022226459908529637,0.024663236481375486
2.4,0.1,0.015,0.0182838431298983,0.6449999999999999,0.6085521081971922,1.1296998232407065,1.0706729344898696,1.1880551327653495,0.34745168735284027,0.36660692275200385,0.01112667128264636,0.020655254352006918,0.019576015977640655,0.02172221367715215
2.45,0.1,0.015,0.0182838431298983,0.6449999999999999,0.5487693654833369,1.0187207419640663,0.9654925173799586,1.0713433617020711,0.34745168735284027,0.36660692275200385,0.010033612992991159,0.018626130239244594,0.017652913730865773,0.019588273963618563
2.5,0.1,0.015,0.0182838431298983,0.6449999999999999,0.5110661377367365,0.9487294804973706,0.8991583038468228,0.9977366604142088,0.34745168735284027,0.36660692275200385,0.009344253091381488,0.017346420994123833,0.01644006937648074,0.018242460583962006
2.55,0.1,0.015,0.0182838431298983,0.6449999999999999,0.4164308147201951,0.7730510032658505,0.732659038400708,0.8129834080036906,0.34745168735284027,0.36660692275200385,0.007613955690799792,0.01413434327512331,0.01339582292582068,0.014864461099149587
2.6,0.1,0.015,0.0182838431298983,0.6449999999999999,0.4089146475870344,0.759098192048199,0.719435262470628,0.7983098561073257,0.34745168735284027,0.36660692275200385,0.007476531269998984,0.013879232263598685,0.013154041481130172,0.01459617217811803
2.65,0.1,0.015,0.0182838431298983,0.6449999999999999,0.41117445391098123,0.7632932359406338,0.723411115048654,0.8027215974620211,0.34745168735284027,0.36660692275200385,0.00751784921432998,0.013955933788051001,0.013226735345974402,0.014676835764976965
2.7,0.1,0.015,0.0182838431298983,0.6449999999999999,0.4520176475325816,0.8391134459002989,0.7952697141394106,0.8824583450092794,0.34745168735284027,0.36660692275200385,0.008264619759431385,0.01534221861302947,0.014540586699284049,0.01613472994881934
2.75,0.1,0.015,0.0182838431298983,0.6449999999999999,0.46643294026103593,0.8658736089626557,0.8206316569528656,0.9106008200507194,0.34745168735284027,0.36660692275200385,0.008528186710350006,0.0158314972365921,0.01500430048315471,0.016649282547764106
2.8,0.1,0.015,0.0182838431298983,0.6449999999999999,0.535532178951237,0.9941475836690137,0.9422033081934205,1.0455008624468753,0.34745168735284027,0.36660692275200385,0.009791586350957041,0.018176838467771694,0.017227097483479722,0.01911577376115205
2.85,0.1,0.015,0.0182838431298983,0.6449999999999999,0.6676216432434305,1.239354924918578,1.1745985500205858,1.3033745332841395,0.34745168735284027,0.36660692275200385,0.012206689395187813,0.022660171029478166,0.021476175629182394,0.02383069550607162
2.9,0.1,0.015,0.0182838431298983,0.6449999999999999,0.7655259846491185,1.421101920271463,1.3468492531241554,1.49450977669266,0.34745168735284027,0.36660692275200385,0.013996757015185417,0.025983204581840672,0.024625580463742747,0.027325382313147937
2.95,0.1,0.015,0.0182838431298983,0.6449999999999999,0.7278137128188996,1.3510938696103376,1.2804991276330835,1.4208854189546447,0.34745168735284027,0.36660692275200385,0.013307231752969613,0.024703188365722682,0.023412445177614923,0.02597924610572655
3.0,0.1,0.015,0.0182838431298983,0.6449999999999999,0.6836062899596675,1.2690283946620216,1.2027215790528205,1.3345808035786015,0.34745168735284027,0.36660692275200385,0.012498950168234334,0.02320271609538707,0.02199037268034535,0.024401266056804767
3.1,0.1,0.015,0.0182838431298983,0.6449999999999999,0.5779323202731584,1.072858069610235,1.016801166158965,1.1282771848832807,0.34745168735284027,0.36660692275200385,0.010566823883572572,0.019615968645399048,0.018591033016348176,0.020629243055449168
3.2,0.1,0.015,0.0182838431298983,0.6449999999999999,0.5467407883970746,1.014954945831062,0.9619234843382005,1.067383041152556,0.34745168735284027,0.36660692275200385,0.009996522807769035,0.018557277013489568,0.017587658090604846,0.019515864083947117
3.3,0.1,0.015,0.0182838431298983,0.6449999999999999,0.5071286245712417,0.9414199865901931,0.8922307314685398,0.9900495902955044,0.34745168735284027,0.36660692275200385,0.009272260218341674,0.017212775354166054,0.016313406729845197,0.018101911399783087
3.4,0.1,0.015,0.0182838431298983,0.6449999999999999,0.5167554577602778,0.9592909817038897,0.9091679659329545,1.0088437221840494,0.34745168735284027,0.36660692275200385,0.009448275726207706,0.01753952582540006,0.01662308446784686,0.01844554035899586
3.45,0.1,0.015,0.0182838431298983,0.6449999999999999,0.505687634200192,0.9387449706868074,0.8896954853189307,0.9872363948706087,0.34745168735284027,0.36660692275200385,0.009245913376445706,0.017163865783018567,0.016267052686950067,0.018050475375940546
3.5,0.1,0.015,0.0182838431298983,0.6449999999999999,0.5173787213709715,0.9604479915660673,0.9102645219550822,1.0100604980718928,0.34745168735284027,0.36660692275200385,0.009459671380294205,0.01756068041221986,0.01664313372613859,0.018467787698453433
3.55,0.1,0.015,0.0182838431298983,0.6449999999999999,0.5020831078810777,0.9320536246365354,0.8833537625320932,0.9801994034003171,0.34745168735284027,0.36660692275200385,0.00918000878266943,0.017041522261507527,0.016151101622342227,0.0179218121277913
3.6,0.1,0.015,0.0182838431298983,0.6449999999999999,0.5211216922454208,0.9673963423782713,0.9168498209884367,1.0173677700364157,0.34745168735284027,0.36660692275200385,0.009528107272602414,0.0176877229684817,0.016763538300627916,0.018601392712760272
3.65,0.1,0.015,0.0182838431298983,0.6449999999999999,0.5159223751491744,0.9577444694729216,0.9077022590659699,1.0072173239532207,0.34745168735284027,0.36660692275200385,0.009433043774432047,0.01751124963837057,0.016596285713416502,0.018415803548876647
3.7,0.1,0.015,0.0182838431298983,0.6449999999999999,0.5426142870076041,1.007294619250159,0.9546634103160605,1.0593270158917985,0.34745168735284027,0.36660692275200385,0.009921074503688647,0.018417216803960548,0.017454916036072587,0.019368568981828926
3.75,0.1,0.015,0.0182838431298983,0.6449999999999999,0.5346312051131749,0.9924750399839405,0.9406181550239503,1.0437419225329738,0.34745168735284027,0.36660692275200385,0.009775113086637772,0.018146257941405914,0.017198114791592268,0.01908361357969136
3.8,0.1,0.015,0.0182838431298983,0.6449999999999999,0.5468781154963547,1.015209876177524,0.9621650945575895,1.0676511400761646,0.34745168735284027,0.36660692275200385,0.009999033674909754,0.018561938119953325,0.017592075653954733,0.01952076596260967
3.85,0.1,0.015,0.0182838431298983,0.6449999999999999,0.5754224810315409,1.06819887131082,1.012385411271711,1.1233773129524232,0.34745168735284027,0.36660692275200385,0.010520934376597575,0.019530780594581455,0.01851029604668954,0.020539654565708776
3.9,0.1,0.015,0.0182838431298983,0.6449999999999999,0.5699879605055678,1.0581103730624488,1.002824037708605,1.112767687387033,0.34745168735284027,0.36660692275200385,0.01042157045581447,0.019346324075191983,0.018335477392355352,0.020345669836204224
4.0,0.1,0.015,0.0182838431298983,0.6449999999999999,0.561396359435643,1.0421611551083743,0.9877081674230618,1.0959946031888121,0.34745168735284027,0.36660692275200385,0.0102644829696173,0.019054711076075127,0.018059101191282588,0.02003899339591938
4.1,0.1,0.015,0.0182838431298983,0.6449999999999999,0.5743735855225606,1.0662517298004512,1.0105400080310583,1.1213295907008805,0.34745168735284027,0.36660692275200385,0.010501756535651724,0.01949517936465416,0.018476554983326038,0.020502214333287968
4.2,0.1,0.015,0.0182838431298983,0.6449999999999999,0.589624287800646,1.0945627247600924,1.0373717516749699,1.1511030067743724,0.34745168735284027,0.36660692275200385,0.010780597983725021,0.020012813155347583,0.018967142375012964,0.021046586802216886
1.5,0.15,0.015,0.0074196498964631,0.6375,0.328212722496221,0.6092853012830015,0.5774501049268727,0.640758292261428,0.3434115514533887,0.36234405155721316,0.0024352234924869586,0.0045206836225809115,0.004284477611233277,0.004754202196835377
1.6,0.15,0.015,0.0074196498964631,0.6375,0.29325977523162544,0.5443995867900687,0.5159546732082666,0.5725208679823497,0.3434115514533887,0.36234405155721316,0.0021758848609341216,0.004039254337761488,0.003828203037649368,0.004247904398848206
1.7,0.15,0.015,0.0074196498964631,0.6375,0.27861369928817487,0.5172110039528457,0.49018669558086103,0.5439278428903238,0.3434115514533887,0.36234405155721316,0.002067216105076708,0.003837524571928308,0.003637013665114125,0.004035754163184588
1.75,0.15,0.015,0.0074196498964631,0.6375,0.30353439210836997,0.5634731101797258,0.5340316037685311,0.5925796454529856,0.3434115514533887,0.36234405155721316,0.0022521189209798575,0.004180773203604744,0.003962327533609205,0.0043967335050313855
1.8,0.15,0.015,0.0074196498964631,0.6375,0.36202761711213466,0.6720583653410137,0.6369432723322748,0.706773935903464,0.3434115514533887,0.36234405155721316,0.002686118171822833,0.004986437780819613,0.00472589608461303,0.005244015160348955
1.85,0.15,0.015,0.0074196498964631,0.6375,0.42791204999018645,0.7943644607009389,0.7528588663078146,0.8353978246317239,0.3434115514533887,0.36234405155721316,0.003174957597405,0.0058939061885936875,0.005585949209452104,0.006198359383034269
1.9,0.15,0.015,0.0074196498964631,0.6375,0.48663110102936025,0.9033689332617699,0.8561678481348909,0.9500329874033493,0.3434115514533887,0.36234405155721316,0.0036106323983682172,0.006702681212143673,0.0063524656857690785,0.00704891215662379
1.95,0.15,0.015,0.0074196498964631,0.6375,0.5434289079283602,1.008806859693977,0.9560966360989875,1.0609173720061327,0.3434115514533887,0.36234405155721316,0.004032052240445713,0.007484993712079681,0.007093902307040572,0.007871635469361206
2.0,0.15,0.015,0.0074196498964631,0.6375,0.5865592388543364,1.08887285004562,1.0319791732819343,1.1451192182313865,0.3434115514533887,0.36234405155721316,0.004352064195835051,0.008079055329102466,0.00765692416619338,0.008496383688988413
2.05,0.15,0.015,0.0074196498964631,0.6375,0.6448648236753622,1.1971097750008048,1.1345607119153482,1.2589471852738723,0.3434115514533887,0.36234405155721316,0.0047846712222155965,0.008882135418139687,0.008418043268693816,0.009340947352869798
2.1,0.15,0.015,0.0074196498964631,0.6375,0.6858040921721241,1.2731083357837203,1.2065883429873179,1.3388714964611672,0.3434115514533887,0.36234405155721316,0.005088426261478872,0.00944601813178399,0.008952463074119437,0.009933957760095495
2.15,0.15,0.015,0.0074196498964631,0.6375,0.6522562277289016,1.2108309793813479,1.147564982480522,1.2733771665455904,0.3434115514533887,0.36234405155721316,0.004839512852536157,0.008983941950801133,0.008514530403446284,0.009448012761918466
2.2,0.15,0.015,0.0074196498964631,0.6375,0.6903264102796128,1.2815034459112704,1.2145448080683208,1.3477002609453068,0.3434115514533887,0.36234405155721316,0.005121980278556873,0.009508306909772665,0.009011497259433912,0.009999464101586138
2.25,0.15,0.015,0.0074196498964631,0.6375,0.6683080805617402,1.2406292087583917,1.1758062524474415,1.3047146410059836,0.3434115514533887,0.36234405155721316,0.0049586119807453685,0.009205034380313299,0.008724070739232325,0.009680525851053936
2.3,0.15,0.015,0.0074196498964631,0.6375,0.660079128986802,1.2253532036070767,1.1613284195522193,1.288649544814229,0.3434115514533887,0.36234405155721316,0.004897556041044379,0.009091691770273976,0.00861665028789028,0.009561328461758115
2.35,0.15,0.015,0.0074196498964631,0.6375,0.6062704650421052,1.1254642420402141,1.066658662680751,1.1836007601240808,0.3434115514533887,0.36234405155721316,0.004498314593178292,0.008350550646926596,0.007914233836120704,0.008781903257308283
2.4,0.15,0.015,0.0074196498964631,0.6375,0.5726117917816805,1.062981183119486,1.0074403476254734,1.117890102005447,0.3434115514533887,0.36234405155721316,0.004248579021606497,0.007886948225274719,0.007474854670952094,0.00829435317960184
2.45,0.15,0.015,0.0074196498964631,0.6375,0.5649103486946234,1.0486844305867882,0.9938906013362794,1.1028548423028983,0.3434115514533887,0.36234405155721316,0.0041914370102029965,0.007780871326825728,0.007374320297300374,0.008182796816506528
2.5,0.15,0.015,0.0074196498964631,0.6375,0.5215541138854052,0.9681990783209714,0.9176106139262683,1.0182119717768783,0.3434115514533887,0.36234405155721316,0.0038697489270897506,0.007183698191219864,0.0068083494966114785,0.007554776350971804
2.55,0.15,0.015,0.0074196498964631,0.6375,0.45724440757888896,0.8488162631626156,0.8044655585729015,0.892662367010196,0.3434115514533887,0.36234405155721316,0.003392593421351035,0.006297919499090697,0.005968852798373558,0.006623242238963706
2.6,0.15,0.015,0.0074196498964631,0.6375,0.446737901645498,0.8293122671432918,0.7859806476056818,0.8721508805927501,0.3434115514533887,0.36234405155721316,0.0033146388256901616,0.006153206677045304,0.005831701230629497,0.006471054190890201
2.65,0.15,0.015,0.0074196498964631,0.6375,0.43826569857185255,0.8135846964294043,0.771074843477706,0.8556108929534118,0.3434115514533887,0.36234405155721316,0.003251778045031974,0.006036513608626393,0.005721105382574663,0.006348333273314482
2.7,0.15,0.015,0.0074196498964631,0.6375,0.5087080072150123,0.9443519101994675,0.8950094618798068,0.9931329641451011,0.3434115514533887,0.36234405155721316,0.003774435313062816,0.00700676055273621,0.006640656861170003,0.007368698894593292
2.75,0.15,0.015,0.0074196498964631,0.6375,0.563284044689465,1.04566540341982,0.9910293185338356,1.0996798655100495,0.3434115514533887,0.36234405155721316,0.004179370403859506,0.007758471202218914,0.00735309058065147,0.008159239600274195
2.8,0.15,0.015,0.0074196498964631,0.6375,0.6702139054136985,1.2441671309336402,1.1791593179604587,1.308435316634285,0.3434115514533887,0.36234405155721316,0.004972752533910879,0.009231284524214576,0.008748949311418817,0.009708131961594237
2.85,0.15,0.015,0.0074196498964631,0.6375,0.8416486033943372,1.5624139094712897,1.480777681758548,1.643121319897588,0.3434115514533887,0.36234405155721316,0.006244737973033107,0.011592564201641162,0.010986851973144682,0.012191384931054452
2.9,0.15,0.015,0.0074196498964631,0.6375,0.9668556855373711,1.7948449809607938,1.7010642147460528,1.8875587552378053,0.3434115514533887,0.36234405155721316,0.0071737306870921155,0.013317121377153069,0.012621300924817636,0.0140050251228682
2.95,0.15,0.015,0.0074196498964631,0.6375,0.8089243017441529,1.5016653929647792,1.423203279164282,1.5792348030028585,0.3434115514533887,0.36234405155721316,0.0060019351116824896,0.011141831477433344,0.010559670062897208,0.011717369342591084
3.0,0.15,0.015,0.0074196498964631,0.6375,0.7263075649300706,1.3482978970372985,1.277849244807625,1.4179450187721065,0.3434115514533887,0.36234405155721316,0.005388947848933765,0.010003898352154207,0.009481194016932346,0.010520655611722829
3.1,0.15,0.015,0.0074196498964631,0.6375,0.6945733337850416,1.289387320880684,1.222016750061229,1.3559913821182064,0.3434115514533887,0.36234405155721316,0.005153490964104214,0.009566802501873202,0.009066936453067971,0.010060981317938205
3.2,0.15,0.015,0.0074196498964631,0.6375,0.6205408289825459,1.1519553631848845,1.0917656210341007,1.2114602957291671,0.3434115514533887,0.36234405155721316,0.004604195697511473,0.00854710549118484,0.008100518677067637,0.008988611257776072
3.3,0.15,0.015,0.0074196498964631,0.6375,0.5480752421646695,1.0174321900391887,0.9642712923764054,1.0699882488688284,0.3434115514533887,0.36234405155721316,0.004066526413781079,0.007548990643482492,0.007154555394642936,0.007938938199936336
3.4,0.15,0.015,0.0074196498964631,0.6375,0.5185127756074922,0.9625532194558171,0.9122597515515802,1.0122744727478232,0.3434115514533887,0.36234405155721316,0.0038471832618509243,0.007141807895075577,0.006768647971147136,0.007510722186915626
3.45,0.15,0.015,0.0074196498964631,0.6375,0.5360856928475839,0.99517511203091,0.9431771481320221,1.046581468391303,0.3434115514533887,0.36234405155721316,0.003977568155431925,0.007383850916942796,0.00699804422948412,0.007765268083589731
3.5,0.15,0.015,0.0074196498964631,0.6375,0.5086510314064447,0.9442461418355086,0.8949092199196981,0.9930217322540266,0.3434115514533887,0.36234405155721316,0.003774012572510677,0.007005975788505513,0.006639913100921061,0.007367873592904197
3.55,0.15,0.015,0.0074196498964631,0.6375,0.5131523348057944,0.9526022408221057,0.902828712194383,1.001809470453758,0.3434115514533887,0.36234405155721316,0.0038074106678116105,0.007067975117486253,0.006698672960956968,0.007433075533727978
3.6,0.15,0.015,0.0074196498964631,0.6375,0.5184364279045584,0.9624114896263622,0.9121254271148711,1.0121254217805788,0.3434115514533887,0.36234405155721316,0.003846616788624756,0.007140756309361136,0.006767651330854214,0.007509616280921944
3.65,0.15,0.015,0.0074196498964631,0.6375,0.516741101518844,0.9592643311620681,0.9091427078836648,1.0088156949927984,0.3434115514533887,0.36234405155721316,0.0038340380603825194,0.007117405495387384,0.006745520598419217,0.007485059266903667
3.7,0.15,0.015,0.0074196498964631,0.6375,0.5083995098622188,0.9437792239820892,0.8944666985542861,0.9925306954839727,0.3434115514533887,0.36234405155721316,0.003772146370711103,0.007002511421502733,0.006636629747318,0.0073642302719841065
3.75,0.15,0.015,0.0074196498964631,0.6375,0.5122990277004077,0.951018184382007,0.9013274228056207,1.0001435886455705,0.3434115514533887,0.36234405155721316,0.003801079427835477,0.007056221973284484,0.006687533919299077,0.007420715273942341
3.8,0.15,0.015,0.0074196498964631,0.6375,0.516932427943745,0.9596195044093226,0.9094793233058036,1.0091892149232622,0.3434115514533887,0.36234405155721316,0.003835457635471227,0.0071200407565346025,0.006748018167001236,0.00748783065401706
3.85,0.15,0.015,0.0074196498964631,0.6375,0.5182036038515105,0.9619792812944357,0.9117158016962114,1.0116708874727869,0.3434115514533887,0.36234405155721316,0.0038448893156636656,0.007137549474855907,0.006764612053659067,0.007506243795492196
3.9,0.15,0.015,0.0074196498964631,0.6375,0.5187572131087043,0.9630069866816521,0.9126898094105488,1.0127516795868818,0.3434115514533887,0.36234405155721316,0.003848996902531484,0.0071451746890257625,0.006771838849895905,0.007514262894589639
4.0,0.15,0.015,0.0074196498964631,0.6375,0.5272469523054132,0.9787671109843913,0.9276264662002557,1.0293259023898713,0.3434115514533887,0.36234405155721316,0.003911987795083344,0.007262109293676827,0.006882663613899159,0.007637237825093796
4.1,0.15,0.015,0.0074196498964631,0.6375,0.5040367151775612,0.9356802488611352,0.8867908954066523,0.984013363034556,0.3434115514533887,0.36234405155721316,0.003739775961580793,0.00694241986158509,0.006579677975288388,0.007301034647157651
4.2,0.15,0.015,0.0074196498964631,0.6375,0.5154790990593577,0.9569215836204739,0.9069223690524768,1.0063519314475584,0.3434115514533887,0.36234405155721316,0.003824674443964656,0.007100023128832955,0.006729046461640279,0.007466779003970318
1.5,0.2,0.015,0.0148392997929263,0.6299999999999999,0.3130404980697341,0.581119990503704,0.5507564334554695,0.6111380857703929,0.339371415553937,0.35808118036242237,0.004645301798183751,0.008623413754746947,0.008172839828928576,0.009068861269621966
1.6,0.2,0.015,0.0148392997929263,0.6299999999999999,0.25564907626751043,0.474580093275222,0.4497832527403982,0.4990948074210244,0.339371415553937,0.35808118036242237,0.003793653284518267,0.0070424362798659455,0.006674468529252309,0.007406217472413399
1.7,0.2,0.015,0.0148392997929263,0.6299999999999999,0.2493508755755787,0.46288828231512547,0.4387023396583395,0.48679904908177113,0.339371415553937,0.35808118036242237,0.0037001923962946765,0.006868937991906852,0.00651003553804828,0.007223757028235846
1.75,0.2,0.015,0.0148392997929263,0.6299999999999999,0.27721981635372467,0.5146234370321895,0.4877343291989841,0.5412066136768495,0.339371415553937,0.35808118036242237,0.004113747963412893,0.00763665146258679,0.007237635930285532,0.008031127190265218
1.8,0.2,0.015,0.0148392997929263,0.6299999999999999,0.3148013791844188,0.5843888430098605,0.5538544882069886,0.6145757927774201,0.339371415553937,0.35808118036242237,0.00467143204094426,0.008671921237064662,0.008218812792161268,0.009119874434499487
1.85,0.2,0.015,0.0148392997929263,0.6299999999999999,0.3611349530215456,0.6704012476484315,0.6353727391461913,0.7050312188207782,0.339371415553937,0.35808118036242237,0.00535898983359107,0.009948285095406902,0.009428486556443093,0.01046216961945375
1.9,0.2,0.015,0.0148392997929263,0.6299999999999999,0.39696925784397535,0.7369230906895782,0.6984188115906618,0.7749892868315633,0.339371415553937,0.35808118036242237,0.00589074582572221,0.010935422667072467,0.010364046126213139,0.011500298363599719
1.95,0.2,0.015,0.0148392997929263,0.6299999999999999,0.45939657642245507,0.8528114917213719,0.8082520361813431,0.8968639714525026,0.339371415553937,0.35808118036242237,0.0068171235213767886,0.012655125392506123,0.011993894273138064,0.013308833345858181
2.0,0.2,0.015,0.0148392997929263,0.6299999999999999,0.493196042711048,0.9155559150460562,0.8677180593335839,0.9628494949072671,0.339371415553937,0.35808118036242237,0.007318683934474125,0.01358620870055539,0.012876328418187262,0.014288012310396602
2.05,0.2,0.015,0.0148392997929263,0.6299999999999999,0.5307924625418315,0.9853489011604958,0.933864357414429,1.03624767881281,0.339371415553937,0.35808118036242237,0.007876588479483842,0.014621887744951103,0.013857893165601187,0.015377189965627291
2.1,0.2,0.015,0.0148392997929263,0.6299999999999999,0.5931653473208109,1.1011362527458322,1.0436018123987587,1.1580160942186382,0.339371415553937,0.35808118036242237,0.008802158415668766,0.016340090967354868,0.01548632015862641,0.01718414798714396
2.15,0.2,0.015,0.0148392997929263,0.6299999999999999,0.5830001915375576,1.0822659299963553,1.0257174652320968,1.1381710138368935,0.339371415553937,0.35808118036242237,0.008651314621559271,0.016060068590886104,0.015220928969419543,0.01688966088994453
2.2,0.2,0.015,0.0148392997929263,0.6299999999999999,0.6134049458891022,1.138708501066189,1.0792109083169468,1.1975291591481199,0.339371415553937,0.35808118036242237,0.009102499886512122,0.016897636824074917,0.01601473420831147,0.017770494203369902
2.25,0.2,0.015,0.0148392997929263,0.6299999999999999,0.5901412544536222,1.0955224077989347,1.0382812912130304,1.152112262805637,0.339371415553937,0.35808118036242237,0.008757282995010902,0.016256785439196852,0.015407367349696773,0.017096539262879542
2.3,0.2,0.015,0.0148392997929263,0.6299999999999999,0.6011752745658829,1.1160056670014749,1.057694298798876,1.1736535968226078,0.339371415553937,0.35808118036242237,0.008921020127377917,0.016560742663239564,0.01569544278914549,0.01741619757629693
2.35,0.2,0.015,0.0148392997929263,0.6299999999999999,0.6156260009403388,1.1428316081345762,1.0831185827746295,1.201865247739766,0.339371415553937,0.35808118036242237,0.009135458788274016,0.016958820845941046,0.016072721361082187,0.017834838721910024
2.4,0.2,0.015,0.0148392997929263,0.6299999999999999,0.5646139496512663,1.0481342033467886,0.9933691235051184,1.1022761927508486,0.339371415553937,0.35808118036242237,0.008378475666143336,0.015553577666682972,0.014740902228728883,0.01635700687883526
2.45,0.2,0.015,0.0148392997929263,0.6299999999999999,0.5434619912230576,1.0088682746355546,0.9561548421059,1.060981959372678,0.339371415553937,0.35808118036242237,0.008064595413819634,0.014970898778889298,0.01418866835046756,0.01574422937001752
2.5,0.2,0.015,0.0148392997929263,0.6299999999999999,0.5142931095526617,0.9547199444871399,0.9048357657061008,1.0040365653484906,0.339371415553937,0.35808118036242237,0.007631749634088236,0.014167375474530624,0.013427129190674852,0.01489919959626629
2.55,0.2,0.015,0.0148392997929263,0.6299999999999999,0.4772496578500389,0.8859534735851635,0.8396623473515477,0.9317179219031118,0.339371415553937,0.35808118036242237,0.00708205074890823,0.013146929197114653,0.012460001297181831,0.013826041565562568
2.6,0.2,0.015,0.0148392997929263,0.6299999999999999,0.5179941074647302,0.9615903778169398,0.9113472184505406,1.0112618949571788,0.339371415553937,0.35808118036242237,0.007686669851638414,0.014269327894418836,0.013523754590037065,0.01500641842843232
2.65,0.2,0.015,0.0148392997929263,0.6299999999999999,0.5231490206326826,0.971159820459919,0.9204166570971711,1.0213256527942662,0.339371415553937,0.35808118036242237,0.007763165153544164,0.014411331722649218,0.013658338709067968,0.015155757548020272
2.7,0.2,0.015,0.0148392997929263,0.6299999999999999,0.5361192986340019,0.9952374969121139,0.9432362733991526,1.0466470758002773,0.339371415553937,0.35808118036242237,0.007955634997203337,0.01476862758184042,0.01399696583653262,0.015531509735189972
2.75,0.2,0.015,0.0148392997929263,0.6299999999999999,0.6604159744135486,1.2259785144291562,1.1619210578434458,1.2893071564349996,0.339371415553937,0.35808118036242237,0.009800110632360193,0.01819266271530067,0.017242094913052952,0.019132415419504285
2.8,0.2,0.015,0.0148392997929263,0.6299999999999999,0.6666362121905426,1.2375255971235248,1.1728648047210113,1.3014507104847441,0.339371415553937,0.35808118036242237,0.009892414605516292,0.018364013337136116,0.017404492453827046,0.01931261725860005
2.85,0.2,0.015,0.0148392997929263,0.6299999999999999,0.893676202240047,1.658996549524508,1.572313872629072,1.7446929930895785,0.339371415553937,0.35808118036242237,0.01326152908284389,0.024618347153824476,0.023332036924519736,0.02589002237107415
2.9,0.2,0.015,0.0148392997929263,0.6299999999999999,0.9993578104189345,1.855181054468819,1.7582477245151513,1.9510115241481207,0.339371415553937,0.35808118036242237,0.014829770149208974,0.02752958783741994,0.026091165094310823,0.028951644906288033
2.95,0.2,0.015,0.0148392997929263,0.6299999999999999,0.9722319244940425,1.8048252868659758,1.7105230490228915,1.8980545997208167,0.339371415553937,0.35808118036242237,0.014427240995820783,0.026782343505658425,0.025382964327161056,0.028165801228599924
3.0,0.2,0.015,0.0148392997929263,0.6299999999999999,0.8821047592656565,1.6375156329247205,1.5519553353094406,1.7221024670950953,0.339371415553937,0.35808118036242237,0.01308981697151016,0.024299585392573382,0.023029930485888247,0.025554794783362117
3.1,0.2,0.015,0.0148392997929263,0.6299999999999999,0.7796404600999436,1.4473036542021351,1.3716819447641346,1.5220649766168213,0.339371415553937,0.35808118036242237,0.011569318518118057,0.02147697281610322,0.020354799598899166,0.022586378492330368
3.2,0.2,0.015,0.0148392997929263,0.6299999999999999,0.673305508136325,1.2499062993667729,1.1845986144721696,1.314470945191992,0.339371415553937,0.35808118036242237,0.009991382287463504,0.01854773428937063,0.01757861397443765,0.019505828424795164
3.3,0.2,0.015,0.0148392997929263,0.6299999999999999,0.5890336989737349,1.0934663714907793,1.0363326829348105,1.1499500207314117,0.339371415553937,0.35808118036242237,0.008740847647207556,0.01622627530003499,0.01537845136727729,0.017064453104515234
3.4,0.2,0.015,0.0148392997929263,0.6299999999999999,0.5385974199836262,0.9998378149669361,0.9475962245383976,1.0514850259928392,0.339371415553937,0.35808118036242237,0.007992408582833663,0.01483689308059874,0.014061664458570388,0.015603301528480643
3.45,0.2,0.015,0.0148392997929263,0.6299999999999999,0.5196297795290112,0.9646267955977805,0.9142249832061585,1.014455160686299,0.339371415553937,0.35808118036242237,0.007710942079763195,0.014314386208165305,0.013566458603979198,0.015053804255905212
3.5,0.2,0.015,0.0148392997929263,0.6299999999999999,0.5708042577419757,1.059625725373714,1.0042602127637044,1.11436131611416,0.339371415553937,0.35808118036242237,0.008470335503711951,0.015724103807117536,0.01490251836730856,0.01653634164745793
3.55,0.2,0.015,0.0148392997929263,0.6299999999999999,0.5510348242487701,1.0229262788973799,0.9694783147367994,1.07576613812185,0.339371415553937,0.35808118036242237,0.008176970953369955,0.01517950971862076,0.014386379355120325,0.015963616230668692
3.6,0.2,0.015,0.0148392997929263,0.6299999999999999,0.5206572014860885,0.9665340741819305,0.9160326063610631,1.0164609608686985,0.339371415553937,0.35808118036242237,0.0077261883021981,0.014342688886864133,0.013593282465887462,0.015083568926136546
3.65,0.2,0.015,0.0148392997929263,0.6299999999999999,0.5203959872202302,0.9660491630198571,0.9155730318385368,1.0159510013350377,0.339371415553937,0.35808118036242237,0.007722312065396838,0.01433549314475719,0.013586462701770503,0.01507600148373429
3.7,0.2,0.015,0.0148392997929263,0.6299999999999999,0.49847267344251855,0.9253513109116757,0.8770016451323737,0.9731508777137492,0.339371415553937,0.35808118036242237,0.007396985439794984,0.013731565516395709,0.013014090331008856,0.014440877618143685
3.75,0.2,0.015,0.0148392997929263,0.6299999999999999,0.49278419094006465,0.9147913644568558,0.8669934565620646,0.9620454510072224,0.339371415553937,0.35808118036242237,0.007312572342574255,0.013574863305155388,0.012865575820429902,0.014276080861917164
3.8,0.2,0.015,0.0148392997929263,0.6299999999999999,0.48661060022999164,0.9033308761272846,0.8561317794881411,0.9499929644051744,0.339371415553937,0.35808118036242237,0.0072209605792286575,0.013404797683059546,0.012704396138075997,0.014097230399979146
3.85,0.2,0.015,0.0148392997929263,0.6299999999999999,0.5016582860877316,0.9312649968454434,0.8826063405940366,0.9793700385763406,0.339371415553937,0.35808118036242237,0.007444257700861437,0.0138193204748481,0.013097260087212527,0.014533165610644114
3.9,0.2,0.015,0.0148392997929263,0.6299999999999999,0.47171695002377595,0.875682703064151,0.8299282252538216,0.9209166086835168,0.339371415553937,0.35808118036242237,0.006999949238807644,0.012994518154248997,0.012315553741152726,0.0136657576405397
4.0,0.2,0.015,0.0148392997929263,0.6299999999999999,0.4857508544218432,0.901734867051949,0.8546191619901052,0.9483145125413395,0.339371415553937,0.35808118036242237,0.0072082025534358305,0.013381114025918411,0.012681949953550617,0.014072323349583703
4.1,0.2,0.015,0.0148392997929263,0.6299999999999999,0.4720623624597397,0.8763239174525282,0.8305359361489792,0.9215909453786659,0.339371415553937,0.35808118036242237,0.007005074917497115,0.013004033326789666,0.012324571745313397,0.01367576432492039
4.2,0.2,0.015,0.0148392997929263,0.6299999999999999,0.49888084734872606,0.9261090340112802,0.8777197771510697,0.9739477414462031,0.339371415553937,0.35808118036242237,0.007403042454756848,0.013742809596630766,0.013024746907325187,0.014452702517963678
1.5,0.25,0.015,0.0135397550185537,0.6224999999999999,0.306478965681601,0.5689393376405966,0.5392122204914148,0.5983282341118039,0.3353312796544854,0.3538183091676317,0.004149650113668604,0.007703299252071886,0.007300801368464119,0.00810121771055767
1.6,0.25,0.015,0.0135397550185537,0.6224999999999999,0.24519924918759736,0.4551813143603875,0.4313980612771607,0.47869397315955114,0.3353312796544854,0.3538183091676317,0.0033199377647333706,0.006163043485462927,0.005841024065171774,0.006481399125438443
1.7,0.25,0.015,0.0135397550185537,0.6224999999999999,0.22904666922256087,0.4251960978348205,0.40297957425230924,0.4471598526193819,0.3353312796544854,0.3538183091676317,0.003101235789089178,0.005757050999528461,0.005456244712857338,0.00605443485859901
1.75,0.25,0.015,0.0135397550185537,0.6224999999999999,0.25060584269296626,0.46521796963620893,0.4409103006663823,0.4892490777731201,0.3353312796544854,0.3538183091676317,0.003393141716280969,0.006298937339103223,0.005969817456179671,0.006624312656101373
1.8,0.25,0.015,0.0135397550185537,0.6224999999999999,0.2772529940852123,0.5146850272836934,0.4877927013558678,0.5412713854090586,0.3353312796544854,0.3538183091676317,0.003753937618074293,0.006968709181138836,0.0066045936761969775,0.007328681956991816
1.85,0.25,0.015,0.0135397550185537,0.6224999999999999,0.3251897678204875,0.6036735692442157,0.5721315862496705,0.634856682900051,0.3353312796544854,0.3538183091676317,0.004402989790829758,0.008173592238742594,0.007746521516197066,0.008595803958358322
1.9,0.25,0.015,0.0135397550185537,0.6224999999999999,0.35156826084070736,0.6526418966904537,0.6185413154231462,0.6863544981325508,0.3353312796544854,0.3538183091676317,0.004760148124082164,0.008836611396032977,0.008374897879683351,0.009293071760597111
1.95,0.25,0.015,0.0135397550185537,0.6224999999999999,0.39041213641146777,0.7247506262062715,0.6868823591630343,0.762188046528355,0.3353312796544854,0.3538183091676317,0.005286084683281443,0.009812945928376301,0.009300218869633699,0.010319839428063938
2.0,0.25,0.015,0.0135397550185537,0.6224999999999999,0.4538973704308439,0.8426029131082907,0.7985768564603408,0.886128062700461,0.3353312796544854,0.3538183091676317,0.006145659199199347,0.011408637021405947,0.010812534999959739,0.011997956884029834
2.05,0.25,0.015,0.0135397550185537,0.6224999999999999,0.4790685212388102,0.8893299628308932,0.8428624148160431,0.9352688256888703,0.3353312796544854,0.3538183091676317,0.006486470414674281,0.012041309827389763,0.01141215061095581,0.012663310776317707
2.1,0.25,0.015,0.0135397550185537,0.6224999999999999,0.5077539739990412,0.9425808685073417,0.8933309572305163,0.9912704382515981,0.3353312796544854,0.3538183091676317,0.006874864417644104,0.012762314044764985,0.012095482311391265,0.013421558891061001
2.15,0.25,0.015,0.0135397550185537,0.6224999999999999,0.5336303236974337,0.9906170305493871,0.9388572267023927,1.0417879365271026,0.3353312796544854,0.3538183091676317,0.007225223853334763,0.013412711910845828,0.012711896846949131,0.01410555344186154
2.2,0.25,0.015,0.0135397550185537,0.6224999999999999,0.5385479437369772,0.9997459685887196,0.9475091771393768,1.0513884352358775,0.3353312796544854,0.3538183091676317,0.007291807223944514,0.013536315495477945,0.012829042136298563,0.014235541842434295
2.25,0.25,0.015,0.0135397550185537,0.6224999999999999,0.5551099052271906,1.0304911500053793,0.9766479208406623,1.0837217771010481,0.3353312796544854,0.3538183091676317,0.0075160521251487235,0.013952597719860509,0.013223573587562395,0.014673327370219851
2.3,0.25,0.015,0.0135397550185537,0.6224999999999999,0.5797026402249845,1.076144444120681,1.0199158273889175,1.131733319004046,0.3353312796544854,0.3538183091676317,0.007849031732255065,0.014570732137971675,0.013809410442391446,0.015323391885649467
2.35,0.25,0.015,0.0135397550185537,0.6224999999999999,0.5694620995157141,1.0571341788150133,1.001898849673667,1.1117410672509735,0.3353312796544854,0.3538183091676317,0.007710377319794018,0.014313337802895221,0.013565464977952212,0.015052701694643617
2.4,0.25,0.015,0.0135397550185537,0.6224999999999999,0.5417489096280528,1.0056881558766089,0.953140884757567,1.057637569706819,0.3353312796544854,0.3538183091676317,0.007335147517932423,0.013616771255630331,0.012905294077784983,0.014320153592248842
2.45,0.25,0.015,0.0135397550185537,0.6224999999999999,0.507276528192311,0.9416945509082324,0.8924909497832227,0.9903383373950526,0.3353312796544854,0.3538183091676317,0.00686839991838634,0.012750313521604413,0.012084108816341149,0.013408938473810791
2.5,0.25,0.015,0.0135397550185537,0.6224999999999999,0.5112310366445669,0.9490355944102457,0.899448423287973,0.9980585868214901,0.3353312796544854,0.3538183091676317,0.006921942994048686,0.012849709452202217,0.012178311303143546,0.013513468759726885
2.55,0.25,0.015,0.0135397550185537,0.6224999999999999,0.4830006258265095,0.8966294163992118,0.8497804714638213,0.9429453368291004,0.3353312796544854,0.3538183091676317,0.0065397101474990605,0.012140142640474104,0.011505819403171203,0.012767248856553622
2.6,0.25,0.015,0.0135397550185537,0.6224999999999999,0.46148315801790435,0.856684965870594,0.8119231210560147,0.9009375321895626,0.3353312796544854,0.3538183091676317,0.006248368904750931,0.01159930456596588,0.01099324015299796,0.012198473472867018
2.65,0.25,0.015,0.0135397550185537,0.6224999999999999,0.5130686402731265,0.9524468725348423,0.9026814619101671,1.0016460765261366,0.3353312796544854,0.3538183091676317,0.006946823697000588,0.012895897322309408,0.012222085854053577,0.013562042491459382
2.7,0.25,0.015,0.0135397550185537,0.6224999999999999,0.5610514789408821,1.0415209282013886,0.9871013924133295,1.0953213049839876,0.3353312796544854,0.3538183091676317,0.007596499577656785,0.01410193821454346,0.013365111031749723,0.014830382136085734
2.75,0.25,0.015,0.0135397550185537,0.6224999999999999,0.6543905636242793,1.214793103333046,1.1513200851997631,1.2775439563428697,0.3353312796544854,0.3538183091676317,0.00886028791792602,0.016448001017358032,0.015588591901545167,0.01729763219431632
2.8,0.25,0.015,0.0135397550185537,0.6224999999999999,0.7749963146277392,1.4386823870199446,1.3635111393492076,1.5129983728022247,0.3353312796544854,0.3538183091676317,0.010493260240341555,0.019479407069758113,0.018461606791857307,0.020485627311212506
2.85,0.25,0.015,0.0135397550185537,0.6224999999999999,0.9879071808512896,1.8339244126392724,1.738101743594526,1.928656857969186,0.3353312796544854,0.3538183091676317,0.013376021209796488,0.024830887269680735,0.02353347180559092,0.0261135413717563
2.9,0.25,0.015,0.0135397550185537,0.6224999999999999,1.0665314990801094,1.979880489709894,1.8764316062084245,2.0821523821382644,0.3353312796544854,0.3538183091676317,0.014440575217115512,0.026807096796686098,0.025406424257133298,0.028191833165450108
2.95,0.25,0.015,0.0135397550185537,0.6224999999999999,1.1173191813865644,2.0741613819318894,1.9657863157206155,2.181303409359565,0.3353312796544854,0.3538183091676317,0.015128227993505048,0.028083636980302577,0.02661626513368239,0.02953431378386447
3.0,0.25,0.015,0.0135397550185537,0.6224999999999999,1.0401752795280081,1.9309535101328978,1.8300610644753514,2.0306980506235375,0.3353312796544854,0.3538183091676317,0.014083718461164846,0.026144637479415787,0.024778578481989867,0.02749515412209726
3.1,0.25,0.015,0.0135397550185537,0.6224999999999999,0.8242824353163439,1.530175820499424,1.4502240350182687,1.6092179534584397,0.3353312796544854,0.3538183091676317,0.011160582240280135,0.020718205744876605,0.019635678156165803,0.021788416861285624
3.2,0.25,0.015,0.0135397550185537,0.6224999999999999,0.6777713862369201,1.258196635778231,1.1924557802705156,1.3231895238120455,0.3353312796544854,0.3538183091676317,0.009176858528233437,0.017035674213605686,0.01614555913532108,0.017915661995531823
3.3,0.25,0.015,0.0135397550185537,0.6224999999999999,0.6794319420272191,1.2612792470411178,1.1953773248957582,1.326431369174725,0.3353312796544854,0.3538183091676317,0.009199342046828728,0.01707741201492261,0.01618511613382264,0.017959555787550537
3.4,0.25,0.015,0.0135397550185537,0.6224999999999999,0.5772199644576275,1.0715356713668474,1.0155478633092305,1.126886477380017,0.3353312796544854,0.3538183091676317,0.00781541691057455,0.01450833048394858,0.013750269278822641,0.015257766837446386
3.45,0.25,0.015,0.0135397550185537,0.6224999999999999,0.5903633480836543,1.0959346964611718,1.0386720377660288,1.152545848481473,0.3353312796544854,0.3538183091676317,0.007993375104985824,0.014838687306417278,0.014063364935973988,0.015605188436090257
3.5,0.25,0.015,0.0135397550185537,0.6224999999999999,0.5645098319415789,1.0479409220210882,0.9931859411411732,1.1020729273644672,0.3353312796544854,0.3538183091676317,0.007643324830053899,0.014188863358082822,0.01344749433092318,0.014921797449095213
3.55,0.25,0.015,0.0135397550185537,0.6224999999999999,0.5050600728713786,0.9375799826558998,0.8885913679879044,0.9860112286970321,0.3353312796544854,0.3538183091676317,0.0068383896563313454,0.012694603275460712,0.012031309434157728,0.013350350482100941
3.6,0.25,0.015,0.0135397550185537,0.6224999999999999,0.5423662106875491,1.0068340970185519,0.9542269504008076,1.0588427051131668,0.3353312796544854,0.3538183091676317,0.007343505623050696,0.013632287017957921,0.012919999140528528,0.014336470830414977
3.65,0.25,0.015,0.0135397550185537,0.6224999999999999,0.5172713163928331,0.9602486078433198,0.91007555604473,1.0098508150655516,0.3353312796544854,0.3538183091676317,0.007003726902083741,0.013001530907105794,0.012322200077219682,0.013673132641274347
3.7,0.25,0.015,0.0135397550185537,0.6224999999999999,0.5259040572542524,0.9762741966036961,0.9252638067570115,1.02670421504904,0.3353312796544854,0.3538183091676317,0.007120612098486016,0.013218513452949377,0.012527845271024348,0.013901323548280477
3.75,0.25,0.015,0.0135397550185537,0.6224999999999999,0.4821158401537384,0.8949869239903094,0.8482237993894006,0.9412180005077343,0.3353312796544854,0.3538183091676317,0.006527730366245813,0.012117903695637732,0.011484742444639325,0.012743861145927675
3.8,0.25,0.015,0.0135397550185537,0.6224999999999999,0.4731878053956157,0.8784131595545615,0.8325160152162016,0.923788108511603,0.3353312796544854,0.3538183091676317,0.0064068469628237,0.011893498985442487,0.011272062895049895,0.012507864678300206
3.85,0.25,0.015,0.0135397550185537,0.6224999999999999,0.47458605460975156,0.8810088319198011,0.8349760635326587,0.926517861861173,0.3353312796544854,0.3538183091676317,0.006425778914637984,0.01192864375337626,0.01130537134658853,0.012544824869914461
3.9,0.25,0.015,0.0135397550185537,0.6224999999999999,0.49949614395462333,0.9272512541392853,0.8788023162035911,0.9751489636274472,0.3353312796544854,0.3538183091676317,0.006763055421857833,0.012554754821692602,0.011898768071134188,0.013203278074112168
4.0,0.25,0.015,0.0135397550185537,0.6224999999999999,0.5009816766904192,0.9300089572947611,0.8814159291910263,0.9780491175631252,0.3353312796544854,0.3538183091676317,0.0067831691711725504,0.012592093446831636,0.011934155750697372,0.013242545447917344
4.1,0.25,0.015,0.0135397550185537,0.6224999999999999,0.4611295156665863,0.8560284736879311,0.8113009306323099,0.9002471285166688,0.3353312796544854,0.3538183091676317,0.006243580673949899,0.01159041582264103,0.010984815847086106,0.012189125576272124
4.2,0.25,0.015,0.0135397550185537,0.6224999999999999,0.4855585930839797,0.9013779582573286,0.8542809017030626,0.9479391674127888,0.3353312796544854,0.3538183091676317,0.006574344397510689,0.012204436733928353,0.011566754126088622,0.012834864099260924
1.5,0.01,0.02,0.0195670021925047,0.6809999999999999,0.4438701659696446,0.8239886794957031,0.7809352177566207,0.8665522998907539,0.36684433967020813,0.3870687044869995,0.008685208510715461,0.016122988298291476,0.015280561118047932,0.01695583075188237
1.6,0.01,0.02,0.0195670021925047,0.6809999999999999,0.39693797595993424,0.7368650198384614,0.6983637749452677,0.7749282162964407,0.36684433967020813,0.3870687044869995,0.0077668862458964115,0.014418239458759193,0.013664885515519911,0.01516302210730621
1.7,0.01,0.02,0.0195670021925047,0.6809999999999999,0.4016917244018739,0.7456897510360894,0.7067274133676802,0.7842087941799892,0.36684433967020813,0.3870687044869995,0.00785990285208246,0.014590912993451444,0.013828536846868574,0.015344615195101316
1.75,0.01,0.02,0.0195670021925047,0.6809999999999999,0.5265706251909766,0.9775115954560739,0.926436551439408,1.0280055324677047,0.36684433967020813,0.3870687044869995,0.01030340857762041,0.019126971531487767,0.018127586033231387,0.020114986507702538
1.8,0.01,0.02,0.0195670021925047,0.6809999999999999,0.5866258664551166,1.0889965357379552,1.032096396388854,1.145249292980984,0.36684433967020813,0.3870687044869995,0.011478509615107236,0.02130839760241459,0.020195032451016906,0.022409095426723372
1.85,0.01,0.02,0.0195670021925047,0.6809999999999999,0.6483205267139486,1.203524849501867,1.1406405983592711,1.2656936342254137,0.36684433967020813,0.3870687044869995,0.012685689167657634,0.023549373368936918,0.02231891708895573,0.024765830115927912
1.9,0.01,0.02,0.0195670021925047,0.6809999999999999,0.7607664796117417,1.412266502684354,1.3384754866768025,1.48521796040789,0.36684433967020813,0.3870687044869995,0.014885919374547031,0.0276338217544257,0.02618995278241879,0.029061263087648538
1.95,0.01,0.02,0.0195670021925047,0.6809999999999999,0.8436144312095262,1.5660632195392798,1.4842363151397149,1.6469591372258148,0.36684433967020813,0.3870687044869995,0.016507005425105404,0.03064316245032606,0.0290420552325339,0.03222605304906317
2.0,0.01,0.02,0.0195670021925047,0.6809999999999999,0.8790438497140628,1.6318334424716547,1.5465700396746567,1.7161267597485637,0.36684433967020813,0.3870687044869995,0.01720025293466284,0.03193008854664536,0.030261739357176087,0.03357945607061613
2.05,0.01,0.02,0.0195670021925047,0.6809999999999999,1.0255419937119072,1.9037886705452858,1.8043155895112306,2.0021299952526608,0.36684433967020813,0.3870687044869995,0.02006678243946653,0.037251437090625214,0.03530504709593666,0.03917568200678824
2.1,0.01,0.02,0.0195670021925047,0.6809999999999999,0.853661103888917,1.584713593430331,1.501912205790014,1.6665729071613484,0.36684433967020813,0.3870687044869995,0.016703588691450423,0.031008094357143287,0.029387919423642776,0.032609835728395035
2.15,0.01,0.02,0.0195670021925047,0.6809999999999999,0.783273612103241,1.454048140205299,1.378074030937892,1.5291578530155592,0.36684433967020813,0.3870687044869995,0.015326316485355191,0.028451363147404464,0.026964777584795523,0.029921035062641224
2.2,0.01,0.02,0.0195670021925047,0.6809999999999999,0.8522786219058381,1.5821471909302323,1.4994798979863528,1.6638739356290366,0.36684433967020813,0.3870687044869995,0.01667653766345642,0.030957877553797006,0.02934032645151569,0.03255702494650478
2.25,0.01,0.02,0.0195670021925047,0.6809999999999999,0.7259054565919414,1.347551433895705,1.2771417844134065,1.4171599966374244,0.36684433967020813,0.3870687044869995,0.014203793660685643,0.026367541861550114,0.02498983609575649,0.027729572761334437
2.3,0.01,0.02,0.0195670021925047,0.6809999999999999,0.5276903309763209,0.9795901872656271,0.9284065366926204,1.030191495161033,0.36684433967020813,0.3870687044869995,0.010325317863177202,0.019167643341982614,0.0181661327390002,0.020157759244515627
2.35,0.01,0.02,0.0195670021925047,0.6809999999999999,0.568046289065383,1.0545059062415771,0.9994079045119977,1.108977029710258,0.36684433967020813,0.3870687044869995,0.011114962983586508,0.020633519379438095,0.019555416658792787,0.021699355971777967
2.4,0.01,0.02,0.0195670021925047,0.6809999999999999,0.41812705430365704,0.7761998569659677,0.7356433642915561,0.8162949175956987,0.36684433967020813,0.3870687044869995,0.00818149298830519,0.015187904303074925,0.014394335321994411,0.01597244444232548
2.45,0.01,0.02,0.0195670021925047,0.6809999999999999,0.339629463875992,0.6304790339888504,0.5975364637295776,0.6630467997088402,0.36684433967020813,0.3870687044869995,0.006645530464300732,0.01233658464038808,0.011691997295898149,0.0129738381836361
2.5,0.01,0.02,0.0195670021925047,0.6809999999999999,0.32112231473982195,0.5961228583611654,0.5649754004980884,0.6269159356005592,0.36684433967020813,0.3870687044869995,0.00628340103657628,0.011664337276555092,0.011054874900257316,0.012266865486412279
2.55,0.01,0.02,0.0195670021925047,0.6809999999999999,0.25649107586648145,0.47614315876347446,0.45126464795590454,0.5007386139773887,0.36684433967020813,0.3870687044869995,0.0050187614438373315,0.009316694231471018,0.008829896355953045,0.009797953557567329
2.6,0.01,0.02,0.0195670021925047,0.6809999999999999,0.23097266088061663,0.4287714571283974,0.40636812079180357,0.4509198992024018,0.36684433967020813,0.3870687044869995,0.00451944256185967,0.008389772041714788,0.007951405910497235,0.008823150656337394
2.65,0.01,0.02,0.0195670021925047,0.6809999999999999,0.26491312306276793,0.49177762145091075,0.46608220895782665,0.5171806840403486,0.36684433967020813,0.3870687044869995,0.0051835556597924475,0.009622613797154718,0.009119831604565228,0.010119675578538581
2.7,0.01,0.02,0.0195670021925047,0.6809999999999999,0.2554862750857436,0.4742778735247881,0.4494968239914501,0.49877697633143814,0.36684433967020813,0.3870687044869995,0.004999100504757604,0.009280196191115996,0.008795305340564602,0.009759570189448116
2.75,0.01,0.02,0.0195670021925047,0.6809999999999999,0.28885212502237234,0.5362173430754735,0.5081999522563893,0.5639159656510598,0.36684433967020813,0.3870687044869995,0.005651970163622401,0.010492165927616835,0.009943949580031553,0.011034144936282693
2.8,0.01,0.02,0.0195670021925047,0.6809999999999999,0.36043935837164054,0.669109964383679,0.634148925515448,0.7036732335586913,0.36684433967020813,0.3870687044869995,0.007052717715522878,0.013092476140122189,0.01240839341593527,0.013768775703849784
2.85,0.01,0.02,0.0195670021925047,0.6809999999999999,0.4684551820352145,0.8696276443921069,0.8241895437885911,0.9145487723906148,0.36684433967020813,0.3870687044869995,0.009166263573973231,0.017016006024483055,0.016126918610350812,0.01789497783451964
2.9,0.01,0.02,0.0195670021925047,0.6809999999999999,0.4951611707214053,0.919203926015113,0.8711754614938205,0.9666859460308403,0.36684433967020813,0.3870687044869995,0.009688819713148932,0.017986065235696645,0.01704629216510588,0.018915146025448932
2.95,0.01,0.02,0.0195670021925047,0.6809999999999999,0.49909499265941243,0.9265065676265147,0.8780965396092247,0.974365809894396,0.36684433967020813,0.3870687044869995,0.00976579281563484,0.018128956040118018,0.01718171691576449,0.019065417938505264
3.0,0.01,0.02,0.0195670021925047,0.6809999999999999,0.47178062280548455,0.8758009035095565,0.8300402497183182,0.921040914842525,0.36684433967020813,0.3870687044869995,0.009231332480816149,0.01713679819916909,0.01624139938610548,0.01802200960011022
3.1,0.01,0.02,0.0195670021925047,0.6809999999999999,0.4688162172883479,0.8702978605595552,0.8248247411179894,0.9152536089688086,0.36684433967020813,0.3870687044869995,0.009173327951562863,0.017029120145700963,0.01613934751788782,0.017908769373390518
3.2,0.01,0.02,0.0195670021925047,0.6809999999999999,0.47548602889942665,0.8826795200700386,0.8365594581191083,0.9282748503914944,0.36684433967020813,0.3870687044869995,0.009303836169980434,0.01727139210448944,0.016368960751177136,0.018163556032857343
3.3,0.01,0.02,0.0195670021925047,0.6809999999999999,0.5015252825400569,0.9310180926243019,0.8823723371344016,0.9791103803722815,0.36684433967020813,0.3870687044869995,0.009813346303057833,0.01821723305964126,0.01726538145531433,0.01915825495944854
3.4,0.01,0.02,0.0195670021925047,0.6809999999999999,0.5132037022913333,0.9526975980455085,0.9029190869967023,1.001909753410681,0.36684433967020813,0.3870687044869995,0.010041857967936047,0.018641435989750425,0.017667419754918815,0.019604370341678636
3.45,0.01,0.02,0.0195670021925047,0.6809999999999999,0.5391160065834382,1.0008005052316664,0.9485086141745993,1.052497444590016,0.36684433967020813,0.3870687044869995,0.010548884082832513,0.019582665680127828,0.018559470133163978,0.020594219805898435
3.5,0.01,0.02,0.0195670021925047,0.6809999999999999,0.5520298075825352,1.024773339290633,0.9712288661051721,1.077708609507246,0.36684433967020813,0.3870687044869995,0.010801568455295413,0.02005174217672018,0.019004037352503757,0.02108752672510947
3.55,0.01,0.02,0.0195670021925047,0.6809999999999999,0.56943481976766,1.0570835374218774,1.0018508542965943,1.1116878099468581,0.36684433967020813,0.3870687044869995,0.01114213236688232,0.0206839558943945,0.019603217862584166,0.02175239781461092
3.6,0.01,0.02,0.0195670021925047,0.6809999999999999,0.6174230239261709,1.1461675534416562,1.086280224723889,1.205373513265852,0.36684433967020813,0.3870687044869995,0.012081117662866268,0.022427063031170636,0.021255247538846833,0.02358554617686002
3.65,0.01,0.02,0.0195670021925047,0.6809999999999999,0.6622761149262978,1.2294316294215288,1.1651937473543716,1.2929386441154602,0.36684433967020813,0.3870687044869995,0.012958758192806364,0.02405629138842568,0.022799348609175756,0.025298933284181264
3.7,0.01,0.02,0.0195670021925047,0.6809999999999999,0.6725253317692118,1.2484580008691548,1.1832259896646224,1.3129478339827367,0.36684433967020813,0.3870687044869995,0.013159304641243118,0.024428580440256788,0.02315218553399621,0.025690453146184507
3.75,0.01,0.02,0.0195670021925047,0.6809999999999999,0.6546122237247699,1.2152045872026616,1.1517100690106066,1.2779766956540475,0.36684433967020813,0.3870687044869995,0.01280879881686295,0.023777910822136247,0.022535513445460276,0.025006172805832658
3.8,0.01,0.02,0.0195670021925047,0.6809999999999999,0.7530886572578446,1.3980135990476115,1.324967298175917,1.4702288146418343,0.36684433967020813,0.3870687044869995,0.014735687407714665,0.027354935157716,0.0259256380284052,0.02876797043958036
3.85,0.01,0.02,0.0195670021925047,0.6809999999999999,0.7037750635473398,1.3064691653866085,1.2382060670881123,1.3739555993596915,0.36684433967020813,0.3870687044869995,0.013770768211460931,0.025563685023559553,0.024227980829485716,0.026884192225075192
3.9,0.01,0.02,0.0195670021925047,0.6809999999999999,0.7783731371615801,1.4449510298661528,1.3694522452017033,1.5195908260855635,0.36684433967020813,0.3870687044869995,0.015230428881427399,0.028273359969452936,0.02679607508439221,0.02973383702572625
4.0,0.01,0.02,0.0195670021925047,0.6809999999999999,0.783098243673095,1.4537225909518012,1.3777654916539226,1.5288154873236925,0.36684433967020813,0.3870687044869995,0.01532288505089803,0.028444993124447506,0.02695874039594962,0.029914335992397834
4.1,0.01,0.02,0.0195670021925047,0.6809999999999999,0.8190904022916387,1.5205374695492555,1.4410892885279514,1.5990817278149825,0.36684433967020813,0.3870687044869995,0.01602714369750005,0.029752360000455832,0.028197797268221463,0.031289235674149964
4.2,0.01,0.02,0.0195670021925047,0.6809999999999999,0.7499113531549761,1.3921153368691663,1.3193772205773648,1.4640258742577283,0.36684433967020813,0.3870687044869995,0.014673517091367584,0.027239523848738397,0.025816256967778055,0.02864659749148458
1.5,0.05,0.02,0.0181527184064995,0.6849999999999999,0.4294091938530683,0.7971437184415358,0.7554929076519058,0.8383206465673083,0.36899907881658234,0.38934223579088784,0.0077949441771767046,0.01447032545037912,0.013714250010712577,0.015217798631490939
1.6,0.05,0.02,0.0181527184064995,0.6849999999999999,0.3951479599752404,0.7335420821404929,0.6952144609567029,0.7714336302951735,0.36899907881658234,0.38934223579088784,0.0071730096463332735,0.013315782856413692,0.012620032341873368,0.014003617460051927
1.7,0.05,0.02,0.0181527184064995,0.6849999999999999,0.38591998251116355,0.7164115121044775,0.678978964311824,0.7534181705776517,0.36899907881658234,0.38934223579088784,0.007005496769966363,0.013004816442407087,0.012325313943089215,0.013676587892836118
1.75,0.05,0.02,0.0181527184064995,0.6849999999999999,0.46555953111002335,0.8642522356238322,0.8190950004757477,0.9088956937174317,0.36899907881658234,0.38934223579088784,0.008451171069702198,0.015688527465467082,0.01486880089180782,0.016498927588932556
1.8,0.05,0.02,0.0181527184064995,0.6849999999999999,0.5221894738744187,0.9693785435756547,0.9187284520451926,1.0194523630037486,0.36899907881658234,0.38934223579088784,0.00947915847408045,0.017596855730831463,0.01667741888201556,0.018505831674447557
1.85,0.05,0.02,0.0181527184064995,0.6849999999999999,0.6354792919674341,1.1796867254892736,1.1180480178664454,1.240624137881318,0.36899907881658234,0.38934223579088784,0.01153567664024651,0.02141452093569226,0.020295610833274504,0.022520700623265777
1.9,0.05,0.02,0.0181527184064995,0.6849999999999999,0.7175247048258712,1.3319936309381217,1.2623968776655,1.4007985462077999,0.36899907881658234,0.38934223579088784,0.013025023916410711,0.024179305301670544,0.022915935037506018,0.02542830155354407
1.95,0.05,0.02,0.0181527184064995,0.6849999999999999,0.7594233697589464,1.4097731895516616,1.3361124493163787,1.482595853717292,0.36899907881658234,0.38934223579088784,0.013785598582549102,0.025591215726963955,0.024254073051858557,0.026913145043173728
2.0,0.05,0.02,0.0181527184064995,0.6849999999999999,0.844137467430942,1.5670341699622967,1.4851565333403989,1.647980242664618,0.36899907881658234,0.38934223579088784,0.015323389742649532,0.028445930020688247,0.026959628339301246,0.029915321284565522
2.05,0.05,0.02,0.0181527184064995,0.6849999999999999,0.8779882684610394,1.6298738897252358,1.544712873685839,1.714065985151265,0.36899907881658234,0.38934223579088784,0.015937873801583333,0.029586641758288224,0.028040737814913667,0.031114957158610065
2.1,0.05,0.02,0.0181527184064995,0.6849999999999999,0.9502806532728797,1.7640755353090871,1.6719024746175692,1.8551998957542402,0.36899907881658234,0.38934223579088784,0.017250177106006973,0.032022766440260725,0.03034957482486241,0.033676921295393944
2.15,0.05,0.02,0.0181527184064995,0.6849999999999999,0.8733274968787935,1.6212217582779773,1.5365128166656878,1.7049669227598159,0.36899907881658234,0.38934223579088784,0.015853268127493807,0.02942958205251012,0.027891884488909623,0.03094978444125492
2.2,0.05,0.02,0.0181527184064995,0.6849999999999999,0.8517328694338179,1.581134070668434,1.4985197133236885,1.662808482043601,0.36899907881658234,0.38934223579088784,0.015461266936391901,0.028701881547766362,0.027202206382553273,0.03018449413847637
2.25,0.05,0.02,0.0181527184064995,0.6849999999999999,0.8347522504284144,1.5496117046614362,1.4686443929771216,1.6296578096604806,0.36899907881658234,0.38934223579088784,0.015153022541218758,0.028129664914134718,0.02665988810499808,0.029582719317719462
2.3,0.05,0.02,0.0181527184064995,0.6849999999999999,0.7507796541176908,1.3937272275041432,1.3209048898225246,1.4657210280525188,0.36899907881658234,0.38934223579088784,0.013628691646527533,0.025299937896353975,0.023978014506716536,0.026606821084722326
2.35,0.05,0.02,0.0181527184064995,0.6849999999999999,0.6887067800617886,1.2784968077842387,1.2116952669776762,1.3445383131555468,0.36899907881658234,0.38934223579088784,0.012501900243108634,0.0232081925353158,0.021995562975933986,0.024407025385462484
2.4,0.05,0.02,0.0181527184064995,0.6849999999999999,0.5737901019919067,1.0651685666126738,1.009513440189822,1.1201904760808836,0.36899907881658234,0.38934223579088784,0.01041585014589571,0.01933570504517457,0.018325413207342413,0.020334502273938893
2.45,0.05,0.02,0.0181527184064995,0.6849999999999999,0.4869021605896452,0.9038721209645433,0.8566447442476849,0.9505621675631809,0.36899907881658234,0.38934223579088784,0.008838597812700027,0.016407736087354807,0.015550430816736006,0.017255287355646215
2.5,0.05,0.02,0.0181527184064995,0.6849999999999999,0.44853822304022334,0.8326543355282371,0.7891480927015928,0.8756655854878939,0.36899907881658234,0.38934223579088784,0.00814218805740084,0.015114939682795038,0.014325183107838176,0.015895710791624253
2.55,0.05,0.02,0.0181527184064995,0.6849999999999999,0.36810006710002996,0.6833310987447085,0.647627004687329,0.7186289689883912,0.36899907881658234,0.38934223579088784,0.006682016863480415,0.012404317013916597,0.011756190648533815,0.013045069312799328
2.6,0.05,0.02,0.0181527184064995,0.6849999999999999,0.3452122995125289,0.6408428604333296,0.6073587795727571,0.6739459757104189,0.36899907881658234,0.38934223579088784,0.006266541663511102,0.011633039988261892,0.01102521289729946,0.012233951518264785
2.65,0.05,0.02,0.0181527184064995,0.6849999999999999,0.34582343557771145,0.6419773570450628,0.6084339986632307,0.6751390754126104,0.36899907881658234,0.38934223579088784,0.006277635444410417,0.011653634185787812,0.01104473104667412,0.012255609521189547
2.7,0.05,0.02,0.0181527184064995,0.6849999999999999,0.3700217218844354,0.6868984071822779,0.6510079210285623,0.7223805488436962,0.36899907881658234,0.38934223579088784,0.006716900121656229,0.012469073359452923,0.011817563470832156,0.013113170685492174
2.75,0.05,0.02,0.0181527184064995,0.6849999999999999,0.4053456683598298,0.7524728346666151,0.7131560804402762,0.7913422619892566,0.36899907881658234,0.38934223579088784,0.007358125775030325,0.013659427476243519,0.01294572150811524,0.014365013245053328
2.8,0.05,0.02,0.0181527184064995,0.6849999999999999,0.45544861731941816,0.8454826062557134,0.8013060854547623,0.8891565080929461,0.36899907881658234,0.38934223579088784,0.008267630498828948,0.015347807668953257,0.014545883726674725,0.016140607710717642
2.85,0.05,0.02,0.0181527184064995,0.6849999999999999,0.5915612010756549,1.09815835865066,1.0407795134624522,1.1548843752506277,0.36899907881658234,0.38934223579088784,0.010738443903336992,0.019934559450329115,0.01889297743113745,0.020964290855990744
2.9,0.05,0.02,0.0181527184064995,0.6849999999999999,0.6932659559330461,1.286960339676587,1.219716578781846,1.3534390337710314,0.36899907881658234,0.38934223579088784,0.012584661678865275,0.02336182864648203,0.022141171590365813,0.024568597660410297
2.95,0.05,0.02,0.0181527184064995,0.6849999999999999,0.6323486365473083,1.1738750606751938,1.1125400129143754,1.2345122680994212,0.36899907881658234,0.38934223579088784,0.011478846733977185,0.021309023420849307,0.020195625570397974,0.022409753572177806
3.0,0.05,0.02,0.0181527184064995,0.6849999999999999,0.6047878930360803,1.1227120351041315,1.0640502587348906,1.1807063863182448,0.36899907881658234,0.38934223579088784,0.010978544317944105,0.02038027542483328,0.019315404717177402,0.02143303055159071
3.1,0.05,0.02,0.0181527184064995,0.6849999999999999,0.5656690532098239,1.0500928693140041,0.9952254490490033,1.104336034761842,0.36899907881658234,0.38934223579088784,0.010268431034189115,0.019062040157330196,0.01806604732756857,0.02004670106518196
3.2,0.05,0.02,0.0181527184064995,0.6849999999999999,0.5281747365629849,0.9804894248136692,0.9292587890206803,1.0311371833540806,0.36899907881658234,0.38934223579088784,0.00958780726225492,0.0177985484291932,0.016868573123857138,0.018717942927897666
3.3,0.05,0.02,0.0181527184064995,0.6849999999999999,0.4973799978950687,0.923322897311285,0.8750792162736533,0.9710176852145223,0.36899907881658234,0.38934223579088784,0.009028799042814496,0.01676082055316501,0.0158850665963959,0.017626610607430194
3.4,0.05,0.02,0.0181527184064995,0.6849999999999999,0.5094005307263769,0.9456374922849463,0.8962278722182617,0.9944849537301422,0.36899907881658234,0.38934223579088784,0.009247004390397317,0.017165891112076972,0.01626897219243432,0.018052605324563955
3.45,0.05,0.02,0.0181527184064995,0.6849999999999999,0.5117209844464068,0.9499451203779978,0.9003104264651485,0.9990150948886256,0.36899907881658234,0.38934223579088784,0.009289126933352333,0.017244086271850062,0.016343081650057316,0.0181348397013556
3.5,0.05,0.02,0.0181527184064995,0.6849999999999999,0.5537694020252201,1.0280026757894145,0.9742894695632546,1.0811047592842709,0.36899907881658234,0.38934223579088784,0.010052420017099434,0.01866104309473324,0.017686002387399525,0.019624990263213793
3.55,0.05,0.02,0.0181527184064995,0.6849999999999999,0.5525252129420061,1.025692996522098,0.9721004711868767,1.0786757721744866,0.36899907881658234,0.38934223579088784,0.010029834603027409,0.018619116137384314,0.017646266116280854,0.019580897544196865
3.6,0.05,0.02,0.0181527184064995,0.6849999999999999,0.581763386124485,1.0799699575763921,1.0235414575194126,1.135756441609733,0.36899907881658234,0.38934223579088784,0.010560586927529413,0.019604390527363458,0.018580059855727967,0.020617066862909372
3.65,0.05,0.02,0.0181527184064995,0.6849999999999999,0.5834865354902264,1.0831687658750968,1.0265731278778447,1.1391204862345314,0.36899907881658234,0.38934223579088784,0.010591866772738056,0.019662457593646217,0.018635092914045914,0.020678133417690238
3.7,0.05,0.02,0.0181527184064995,0.6849999999999999,0.605281696184494,1.1236287180339324,1.064919044922385,1.1816704210445175,0.36899907881658234,0.38934223579088784,0.010987508187445502,0.020396915711926,0.019331175548194447,0.021450530402510826
3.75,0.05,0.02,0.0181527184064995,0.6849999999999999,0.6162833523285837,1.144051897633379,1.0842751120682803,1.2031485720111228,0.36899907881658234,0.38934223579088784,0.011187218153434297,0.020767651940160118,0.01968254078455118,0.021840417228899896
3.8,0.05,0.02,0.0181527184064995,0.6849999999999999,0.632234541586647,1.1736632578481958,1.112339276798772,1.2342895244726875,0.36899907881658234,0.38934223579088784,0.0114767756002847,0.02130517862377311,0.02019198166421741,0.022405710169844866
3.85,0.05,0.02,0.0181527184064995,0.6849999999999999,0.6483688932471839,1.2036146358378448,1.1407256933533936,1.2657880585274421,0.36899907881658234,0.38934223579088784,0.011769657942649865,0.021848877554305837,0.02070727229050305,0.022977494188758364
3.9,0.05,0.02,0.0181527184064995,0.6849999999999999,0.6741273487408176,1.2514319422379772,1.1860445424047863,1.3160753960439904,0.36899907881658234,0.38934223579088784,0.012237243931812147,0.022716891652344747,0.02152993259583964,0.02389034606610886
4.0,0.05,0.02,0.0181527184064995,0.6849999999999999,0.6939128539286991,1.288161223777554,1.220854716610952,1.3547019502473014,0.36899907881658234,0.38934223579088784,0.012596404636018094,0.023383627957405725,0.022161831885885358,0.024591523027574957
4.1,0.05,0.02,0.0181527184064995,0.6849999999999999,0.6825931734771176,1.2671476723773687,1.2009391246290486,1.3326029314769856,0.36899907881658234,0.38934223579088784,0.012390921664328978,0.023002174876117658,0.021800309752739125,0.024190365762777468
4.2,0.05,0.02,0.0181527184064995,0.6849999999999999,0.6943152888715706,1.2889082932194373,1.221562751626231,1.3554876100010718,0.36899907881658234,0.38934223579088784,0.012603709924212976,0.023397189298614333,0.02217468464613966,0.02460578488784847
1.5,0.1,0.02,0.0166845427331961,0.69,0.41111918356725,0.7631906335558872,0.7233138736451392,0.8026136950906793,0.37169250274955007,0.39218414992074835,0.006859335586664475,0.012733486739138208,0.01206816123434593,0.013391242493988863
1.6,0.1,0.02,0.0166845427331961,0.69,0.35965773654361516,0.6676589825711646,0.6327737575963812,0.702147300426329,0.37169250274955007,0.39218414992074835,0.006000724874686532,0.011139584825910827,0.010557540799061894,0.011715006638961366
1.7,0.1,0.02,0.0166845427331961,0.69,0.3397050128555211,0.6306192810895841,0.5976693829102371,0.6631942913561383,0.37169250274955007,0.39218414992074835,0.005667822803668873,0.01052159434371657,0.009971840359488794,0.011065093494543194
1.75,0.1,0.02,0.0166845427331961,0.69,0.40008858088970456,0.7427137183875584,0.7039068786173075,0.7810790328127423,0.37169250274955007,0.39218414992074835,0.006675295024918061,0.012391838772968193,0.011744364396481148,0.013031946500967678
1.8,0.1,0.02,0.0166845427331961,0.69,0.4572446746657365,0.8488167589754809,0.8044660284795125,0.8926628884345668,0.37169250274955007,0.39218414992074835,0.007628918313986829,0.014162119487779427,0.013422147829570978,0.014893672108424794
1.85,0.1,0.02,0.0166845427331961,0.69,0.5365828890687929,0.9960980937701069,0.9440519040157149,1.04755212729568,0.37169250274955007,0.39218414992074835,0.0089526401425701,0.016619441211962526,0.01575107433490534,0.017477928233115256
1.9,0.1,0.02,0.0166845427331961,0.69,0.6054793535513793,1.1239956438722045,1.0652667988619016,1.1820563006530076,0.37169250274955007,0.39218414992074835,0.010102146148395937,0.018753353352112062,0.017773489427866412,0.019722068861288803
1.95,0.1,0.02,0.0166845427331961,0.69,0.6709907027097228,1.2456091566142549,1.1805259977060965,1.3099518310004812,0.37169250274955007,0.39218414992074835,0.011195173052937652,0.02078241920239089,0.01969653645637633,0.021855947302756005
2.0,0.1,0.02,0.0166845427331961,0.69,0.7040207787563346,1.3069253045149263,1.2386383729175057,1.3744353006232524,0.37169250274955007,0.39218414992074835,0.011746264768218063,0.021805451092274615,0.020666114863918613,0.022931824507261885
2.05,0.1,0.02,0.0166845427331961,0.69,0.7368553946841688,1.3678786054898222,1.2964068599784535,1.4385371802486564,0.37169250274955007,0.39218414992074835,0.012294095320794094,0.02282242904711963,0.021629955654919084,0.02400133505715013
2.1,0.1,0.02,0.0166845427331961,0.69,0.8048623055679333,1.4941248121328865,1.41605669416803,1.5713047090282812,0.37169250274955007,0.39218414992074835,0.01342875953158692,0.02492878927675974,0.023626258426474898,0.026216500564654625
2.15,0.1,0.02,0.0166845427331961,0.69,0.8124752118328221,1.5082572072818754,1.4294506707574326,1.586167121369694,0.37169250274955007,0.39218414992074835,0.013555777391487275,0.02516458182754546,0.023849730801248213,0.026464473118483305
2.2,0.1,0.02,0.0166845427331961,0.69,0.7942471396889841,1.4744191027029327,1.3973806093289178,1.5505810895752128,0.37169250274955007,0.39218414992074835,0.013251650342859628,0.024600008525687733,0.023314656490887938,0.02587073645030341
2.25,0.1,0.02,0.0166845427331961,0.69,0.7661675070661725,1.4222928252923952,1.347977933280803,1.4957621986136407,0.37169250274955007,0.39218414992074835,0.012783154512431881,0.023730305422709184,0.02249039543122892,0.02495610832146864
2.3,0.1,0.02,0.0166845427331961,0.69,0.7288330933515588,1.352986220309724,1.2822926028861679,1.4228755201436036,0.37169250274955007,0.39218414992074835,0.012160246891391585,0.022573956410183064,0.021394465729315526,0.023740027419854585
2.35,0.1,0.02,0.0166845427331961,0.69,0.6687199466089785,1.241393785849649,1.1765308803362837,1.3055187127770647,0.37169250274955007,0.39218414992074835,0.011157286525738117,0.02071208766873256,0.019629879749895555,0.021781982752316104
2.4,0.1,0.02,0.0166845427331961,0.69,0.6191814859495984,1.1494319152116392,1.0893740233804898,1.208806497565085,0.37169250274955007,0.39218414992074835,0.010330759961929937,0.019177745908248032,0.01817570744552555,0.02016838366478977
2.45,0.1,0.02,0.0166845427331961,0.69,0.5412739062138094,1.0048063722694514,0.9523051744008528,1.056710237048249,0.37169250274955007,0.39218414992074835,0.009030907618588283,0.016764734856717412,0.015888776377334796,0.017630727106637295
2.5,0.1,0.02,0.0166845427331961,0.69,0.5099747960703377,0.9467035430780125,0.8972382217885159,0.9956060720046036,0.37169250274955007,0.39218414992074835,0.008508696277888516,0.015795315720153257,0.014970009453287374,0.016611232053790323
2.55,0.1,0.02,0.0166845427331961,0.69,0.44870909265710474,0.8329715333053674,0.7894487168743749,0.8759991683029645,0.37169250274955007,0.39218414992074835,0.007486506031211113,0.013897749142969283,0.013171590852357338,0.014615645557795055
2.6,0.1,0.02,0.0166845427331961,0.69,0.4226693717956917,0.7846320934149653,0.7436350158413122,0.8251627261832797,0.37169250274955007,0.39218414992074835,0.007052045195738369,0.013091227692419103,0.012407210199705332,0.013767462766845524
2.65,0.1,0.02,0.0166845427331961,0.69,0.41818058907066524,0.7762992374726027,0.7357375521602987,0.816399431660918,0.37169250274955007,0.39218414992074835,0.006977151908542633,0.012952197801359188,0.012275444629435599,0.013621251204903597
2.7,0.1,0.02,0.0166845427331961,0.69,0.45868138503645556,0.8514838296009655,0.806993744492504,0.8954677281635532,0.37169250274955007,0.39218414992074835,0.007652889169562318,0.014206618341602776,0.013464321615407119,0.014940469576742834
2.75,0.1,0.02,0.0166845427331961,0.69,0.5254147537644998,0.9753658667196338,0.9244029371680759,1.0257489648500018,0.37169250274955007,0.39218414992074835,0.008766304911835504,0.01627353348378458,0.015423240307872753,0.01711415243757152
2.8,0.1,0.02,0.0166845427331961,0.69,0.5853453460112491,1.0866194119064747,1.0298434774311471,1.1427493774183635,0.37169250274955007,0.39218414992074835,0.009766219439202143,0.018129748012673995,0.017182467507703247,0.019066250820869924
2.85,0.1,0.02,0.0166845427331961,0.69,0.6992999951771397,1.2981617684049733,1.2303327321354833,1.3652190788956635,0.37169250274955007,0.39218414992074835,0.011667500652856815,0.0216592354995542,0.020527539045364383,0.02277805606200932
2.9,0.1,0.02,0.0166845427331961,0.69,0.8637161498732672,1.6033795113002873,1.5196028282453162,1.6862030240091697,0.37169250274955007,0.39218414992074835,0.014410709011912135,0.026751653973820726,0.025353878325344633,0.028133526410925484
2.95,0.1,0.02,0.0166845427331961,0.69,0.7962574432575841,1.4781509763675156,1.4009174923534211,1.5545057353712268,0.37169250274955007,0.39218414992074835,0.01328519133865663,0.024662273131319353,0.023373667766852575,0.025936217370799663
3.0,0.1,0.02,0.0166845427331961,0.69,0.7330542047227423,1.3608221783249417,1.2897191315888328,1.4311162491838254,0.37169250274955007,0.39218414992074835,0.012230674204445678,0.022704695786543494,0.021518373964814447,0.023877520215678856
3.1,0.1,0.02,0.0166845427331961,0.69,0.6282749250226435,1.166312731784442,1.1053728161967449,1.2265593026571995,0.37169250274955007,0.39218414992074835,0.010482479834735872,0.019459394613728205,0.018442639987947908,0.020464581099983253
3.2,0.1,0.02,0.0166845427331961,0.69,0.5795182328343473,1.07580211518319,1.0195913851605272,1.131373306863729,0.37169250274955007,0.39218414992074835,0.009668996720390956,0.01794926636323669,0.01701141603610942,0.018876446285565274
3.3,0.1,0.02,0.0166845427331961,0.69,0.5325460142986042,0.9886041476430657,0.936949517057973,1.0396710769690913,0.37169250274955007,0.39218414992074835,0.008885286732958323,0.01649440814756564,0.0156325742562012,0.01734643651215882
3.4,0.1,0.02,0.0166845427331961,0.69,0.5469790941069339,1.015397330163774,0.9623427540609472,1.0678482771084454,0.37169250274955007,0.39218414992074835,0.00912609606979203,0.016941440146290718,0.0160562488041115,0.017816560211985688
3.45,0.1,0.02,0.0166845427331961,0.69,0.5433151491044118,1.0085956808621637,0.9558964913747802,1.0606952846074222,0.37169250274955007,0.39218414992074835,0.00906496482282537,0.016827957737861787,0.01594869585885474,0.017697215802932136
3.5,0.1,0.02,0.0166845427331961,0.69,0.5296607692074028,0.9832480559861125,0.9318732815361365,1.0340383132439888,0.37169250274955007,0.39218414992074835,0.00883714773793843,0.016405044207432287,0.01554787958771335,0.017252456425081348
3.55,0.1,0.02,0.0166845427331961,0.69,0.5341905811638192,0.9916570774939619,0.9398429311269192,1.0428817077089678,0.37169250274955007,0.39218414992074835,0.008912725579098602,0.016545344886124365,0.015680849546879365,0.0174000044179388
3.6,0.1,0.02,0.0166845427331961,0.69,0.5356794678826097,0.9944210068935754,0.9424624450368337,1.0457884095090904,0.37169250274955007,0.39218414992074835,0.00893756697318315,0.016591459784303753,0.015724554938649535,0.017448501408335603
3.65,0.1,0.02,0.0166845427331961,0.69,0.5583639476930983,1.0365318672242283,0.9823730101945539,1.0900745311245463,0.37169250274955007,0.39218414992074835,0.00931604714596157,0.017294060233022185,0.016390444468529525,0.018187395096916196
3.7,0.1,0.02,0.0166845427331961,0.69,0.5454304180755788,1.0125224094867888,0.9596180481750746,1.0648248507111682,0.37169250274955007,0.39218414992074835,0.00910025711836701,0.01689347340940101,0.016010788332323268,0.017766115725059643
3.75,0.1,0.02,0.0166845427331961,0.69,0.5589266219746416,1.0375764006796866,0.9833629667094803,1.0911730205706562,0.37169250274955007,0.39218414992074835,0.00932543510905685,0.01731148779609603,0.01640696144030682,0.01820572289102178
3.8,0.1,0.02,0.0166845427331961,0.69,0.5839609105968485,1.084049383108826,1.0274077328042177,1.140046592269967,0.37169250274955007,0.39218414992074835,0.009743120767369226,0.01808686825737408,0.017141828222388092,0.019021156086562855
3.85,0.1,0.02,0.0166845427331961,0.69,0.5641503536142527,1.0472735960889799,0.9925534830321313,1.1013711303184213,0.37169250274955007,0.39218414992074835,0.009412590682824691,0.017473281067294538,0.016560301002632227,0.01837587368890619
3.9,0.1,0.02,0.0166845427331961,0.69,0.5798493109324359,1.0764167196909247,1.0201738765430248,1.1320196591291833,0.37169250274955007,0.39218414992074835,0.00967452060706654,0.01795952075841,0.01702113463847242,0.018887230377558944
4.0,0.1,0.02,0.0166845427331961,0.69,0.5965302438326766,1.107382756444487,1.049521935875591,1.1645852647437214,0.37169250274955007,0.39218414992074835,0.009952834344870183,0.01847617492190253,0.017510793588542996,0.019430572616067114
4.1,0.1,0.02,0.0166845427331961,0.69,0.5967108971548671,1.1077181164299301,1.0498397732801283,1.164937947946669,0.37169250274955007,0.39218414992074835,0.009955848462944165,0.018481770249910663,0.017516096560301207,0.019436456974037977
4.2,0.1,0.02,0.0166845427331961,0.69,0.6062986082167623,1.125516486275354,1.0667081771512295,1.1836557030659476,0.37169250274955007,0.39218414992074835,0.010115815037869891,0.018778727912177866,0.017797538165529404,0.019748754159195078
1.5,0.15,0.02,0.0075731037114321,0.695,0.35714859021850026,0.6630010705833733,0.6283592218108857,0.6972487812522796,0.37438592668251786,0.39502606405060886,0.002704723314116467,0.0050209758683184,0.004758629554808605,0.005280337333093147
1.6,0.15,0.02,0.0075731037114321,0.695,0.3038310651657807,0.5640238460920702,0.5345535636938742,0.5931588299531497,0.37438592668251786,0.39502606405060886,0.002300944167255342,0.004271411082176065,0.0040482295771693344,0.00449205333658692
1.7,0.15,0.02,0.0075731037114321,0.695,0.2925850343221945,0.5431470158502102,0.5147675491809406,0.5712035947530926,0.37438592668251786,0.39502606405060886,0.0022157768093348995,0.004113308681588496,0.003898388037226987,0.004325784063408003
1.75,0.15,0.02,0.0075731037114321,0.695,0.3327277652217258,0.6176669055864316,0.5853937698639382,0.6495728532701505,0.37438592668251786,0.39502606405060886,0.00251978187369716,0.004677655535125385,0.004433247731205819,0.004919282585945715
1.8,0.15,0.02,0.0075731037114321,0.695,0.36486301018828726,0.6773219130533644,0.6419317993365932,0.7123093752720167,0.37438592668251786,0.39502606405060886,0.0027631454166212066,0.005129429093578724,0.00486141609204224,0.00539439277356039
1.85,0.15,0.02,0.0075731037114321,0.695,0.4235186164777855,0.7862086084813441,0.7451291578936188,0.8268206770636475,0.37438592668251786,0.39502606405060886,0.0032073504063085054,0.005954039330849934,0.005642940391140439,0.00626159873815951
1.9,0.15,0.02,0.0075731037114321,0.695,0.4857590919753674,0.9017501590255285,0.8546336549570771,0.9483305944308178,0.37438592668251786,0.39502606405060886,0.0036787039823005414,0.0068290474761007166,0.006472229304270221,0.007181805944348636
1.95,0.15,0.02,0.0075731037114321,0.695,0.5142685777121943,0.9546744042359986,0.9047926049360239,1.003988672688863,0.37438592668251786,0.39502606405060886,0.0038946092745451256,0.00722984827392887,0.006852088234517321,0.007603310343375816
2.0,0.15,0.02,0.0075731037114321,0.695,0.5848266625204196,1.0856565417758561,1.0289309173270618,1.1417367696642202,0.37438592668251786,0.39502606405060886,0.004428952968477838,0.008221789585863275,0.007792200548816807,0.008646490967822603
2.05,0.15,0.02,0.0075731037114321,0.695,0.6278578871840584,1.165538553918343,1.1046390891741666,1.2257451341775993,0.37438592668251786,0.39502606405060886,0.00475483289568551,0.008826744348496205,0.008365546386017856,0.009282695024910215
2.1,0.15,0.02,0.0075731037114321,0.695,0.6621031264522116,1.229110498254673,1.1648893953117314,1.292600924729102,0.37438592668251786,0.39502606405060886,0.00501417564428604,0.009308181276092621,0.008821828203043168,0.009789000860466527
2.15,0.15,0.02,0.0075731037114321,0.695,0.7209641493616545,1.338378523590341,1.268448159264132,1.4075132542493256,0.37438592668251786,0.39502606405060886,0.005459936275340233,0.010135679364303025,0.009606089462682413,0.010659243849645441
2.2,0.15,0.02,0.0075731037114321,0.695,0.6866909919560702,1.2747547527719454,1.2081487345815383,1.3406029600883118,0.37438592668251786,0.39502606405060886,0.005200382099789506,0.009653849949382929,0.009149435665821442,0.010152525252601654
2.25,0.15,0.02,0.0075731037114321,0.695,0.6809864941888792,1.2641650760089091,1.1981123691135376,1.3294662673369926,0.37438592668251786,0.39502606405060886,0.005157181346576936,0.009573653228985913,0.009073429229246437,0.01006818592339356
2.3,0.15,0.02,0.0075731037114321,0.695,0.6951644254285824,1.290484607565312,1.2230567034456927,1.3571453497925996,0.37438592668251786,0.39502606405060886,0.005264552290268761,0.009772973771098863,0.009262335260156485,0.010277802485467152
2.35,0.15,0.02,0.0075731037114321,0.695,0.5964675132492647,1.1072663050707465,1.049411569093652,1.1644627980057052,0.37438592668251786,0.39502606405060886,0.004517110338336682,0.008385442564474979,0.00794730264872292,0.008818597537401614
2.4,0.15,0.02,0.0075731037114321,0.695,0.5883768525261405,1.0922470193502667,1.0351770420224182,1.1486676822381394,0.37438592668251786,0.39502606405060886,0.004455838925586452,0.008271699956042154,0.007839503098929279,0.008698979487559762
2.45,0.15,0.02,0.0075731037114321,0.695,0.5327481838315343,0.9889794497454485,0.9373052096012591,1.0400657655225465,0.37438592668251786,0.39502606405060886,0.004034557248233303,0.007489643941397332,0.007098309561575937,0.007876525909012265
2.5,0.15,0.02,0.0075731037114321,0.695,0.5019132625572891,0.9317383283296494,0.8830549404776123,0.9798678202770558,0.37438592668251786,0.39502606405060886,0.0038010411914896,0.0070561509923568085,0.006687466647129458,0.0074206406264530535
2.55,0.15,0.02,0.0075731037114321,0.695,0.44810026433666955,0.8318413207291312,0.7883775579782666,0.8748105739306457,0.37438592668251786,0.39502606405060886,0.0033935097749417374,0.006299620593336363,0.005970465010334987,0.006625031204234218
2.6,0.15,0.02,0.0075731037114321,0.695,0.46208458741760444,0.8578014432886836,0.8129812624568769,0.9021116819060536,0.37438592668251786,0.39502606405060886,0.0034994145039678307,0.006496219293841342,0.006156791416036928,0.006831785326368989
2.65,0.15,0.02,0.0075731037114321,0.695,0.4499767887053473,0.8353248502725292,0.7916790728779618,0.8784740472436728,0.37438592668251786,0.39502606405060886,0.0034077208886027634,0.006326001723850354,0.005995467725075217,0.006652775067577837
2.7,0.15,0.02,0.0075731037114321,0.695,0.5277071511038062,0.9796214116994776,0.9284361296477849,1.0302243325113987,0.37438592668251786,0.39502606405060886,0.003996380984573495,0.007418774548739667,0.007031143099263294,0.0078019957161497315
2.75,0.15,0.02,0.0075731037114321,0.695,0.5786762869393848,1.0742391493896195,1.0181100844306492,1.1297296051518342,0.37438592668251786,0.39502606405060886,0.004382375536338402,0.00813532448920819,0.007710253259048198,0.008555559465690076
2.8,0.15,0.02,0.0075731037114321,0.695,0.6409585838995914,1.1898583361761212,1.127688161237748,1.2513211691071302,0.37438592668251786,0.39502606405060886,0.0048540458306042585,0.009010920581773807,0.008540099399207631,0.009476384989958762
2.85,0.15,0.02,0.0075731037114321,0.695,0.8175905868509201,1.5177532523631665,1.4384505468697153,1.5961536902508286,0.37438592668251786,0.39502606405060886,0.006191698307712652,0.011494102788509637,0.010893535175210575,0.012087837435654593
2.9,0.15,0.02,0.0075731037114321,0.695,0.9409676186032739,1.7467870673564314,1.6555173302323958,1.8370183818102255,0.37438592668251786,0.39502606405060886,0.0071260453647818784,0.013228599622878584,0.012537404437923118,0.01391193072525601
2.95,0.15,0.02,0.0075731037114321,0.695,0.8777822230795693,1.6294913926015042,1.5443503620615344,1.7136637299133965,0.37438592668251786,0.39502606405060886,0.006647535811433006,0.012340307313057113,0.011695525458679714,0.012977753153153719
3.0,0.15,0.02,0.0075731037114321,0.695,0.8213345485218905,1.5247034424634769,1.4450375890882536,1.603462896512968,0.37438592668251786,0.39502606405060886,0.006220051717738537,0.011546737298953457,0.010943419529083148,0.012143190812726024
3.1,0.15,0.02,0.0075731037114321,0.695,0.6887158952017474,1.278513728885754,1.211711303950544,1.3445561083265238,0.37438592668251786,0.39502606405060886,0.005215716902074634,0.009682317065341598,0.009176415373132095,0.010182462854196299
3.2,0.15,0.02,0.0075731037114321,0.695,0.6431703908562879,1.1939642753296718,1.1315795648052533,1.2556392029651906,0.37438592668251786,0.39502606405060886,0.004870796074076989,0.009042015284816475,0.008569569402007385,0.009509085908195328
3.3,0.15,0.02,0.0075731037114321,0.695,0.5667962253776002,1.0521853215157904,0.9972085704880591,1.106536573814125,0.37438592668251786,0.39502606405060886,0.004292406598032809,0.00796830856348561,0.007551963926235019,0.00837991623398711
3.4,0.15,0.02,0.0075731037114321,0.695,0.5493433444303323,1.019786261097482,0.9665023630698134,1.0724639208536897,0.37438592668251786,0.39502606405060886,0.004160234120555872,0.007722947118784805,0.007319422632871899,0.008121880499394099
3.45,0.15,0.02,0.0075731037114321,0.695,0.5383588616625747,0.9993949616935774,0.9471765103771834,1.0510192968728977,0.37438592668251786,0.39502606405060886,0.004077047493339206,0.007568521693588173,0.007173065946118753,0.007959478137934899
3.5,0.15,0.02,0.0075731037114321,0.695,0.5409785703387708,1.0042581186666233,0.9517855670841936,1.056133663082761,0.37438592668251786,0.39502606405060886,0.004096886818837777,0.007605350885710023,0.007207970810572813,0.007998209763660436
3.55,0.15,0.02,0.0075731037114321,0.695,0.5273481982701739,0.9789550612797782,0.9278045960805656,1.0295235613684297,0.37438592668251786,0.39502606405060886,0.003993662597536885,0.007413728207903127,0.007026360430061492,0.007796688703606049
3.6,0.15,0.02,0.0075731037114321,0.695,0.5002779173723532,0.928702517358864,0.8801777508261851,0.9766751927031215,0.37438592668251786,0.39502606405060886,0.003788656552800089,0.007033160481026747,0.006665677391501741,0.007396462526723671
3.65,0.15,0.02,0.0075731037114321,0.695,0.5421673911573756,1.0064650137714997,0.9538771517772593,1.058454556653676,0.37438592668251786,0.39502606405060886,0.00410588988219138,0.0076220639312195035,0.007223810598374643,0.008015786131376173
3.7,0.15,0.02,0.0075731037114321,0.695,0.5129563018919453,0.9522383305749114,0.9024838162811158,1.0014267622084783,0.37438592668251786,0.39502606405060886,0.0038846712736603757,0.007211399635444768,0.006834603538585924,0.007583908729608458
3.75,0.15,0.02,0.0075731037114321,0.695,0.5400006318730454,1.002442699909562,0.9500650040744775,1.0542244678009047,0.37438592668251786,0.39502606405060886,0.0040894807894134395,0.007591602531183119,0.007194940808458178,0.007983751229785563
3.8,0.15,0.02,0.0075731037114321,0.695,0.5140211346895796,0.9542150576407857,0.9043572592300879,1.003505598274816,0.37438592668251786,0.39502606405060886,0.003892735362872194,0.00722636959452383,0.006848791316335941,0.0075996519707379
3.85,0.15,0.02,0.0075731037114321,0.695,0.5210142387431487,0.9671968685766227,0.9166607697058115,1.0171579922980947,0.37438592668251786,0.39502606405060886,0.003945694865134709,0.007324682195103126,0.006941967077183286,0.0077030429665855245
3.9,0.15,0.02,0.0075731037114321,0.695,0.5389642539453625,1.0005187957016177,0.948241623985696,1.052201183188325,0.37438592668251786,0.39502606405060886,0.004081632191882858,0.0075770326050854965,0.0071811321619404764,0.007968428685576751
4.0,0.15,0.02,0.0075731037114321,0.695,0.5284668057910573,0.981031614300622,0.9297726490719106,1.0317073799582173,0.37438592668251786,0.39502606405060886,0.004002133928304923,0.007429454159292265,0.007041264699474542,0.007813226988273463
4.1,0.15,0.02,0.0075731037114321,0.695,0.5078570360300996,0.9427721900995294,0.8935122822571514,0.9914716426732784,0.37438592668251786,0.39502606405060886,0.0038460540044364527,0.007139711571877715,0.006766661180971799,0.007508517576908685
4.2,0.15,0.02,0.0075731037114321,0.695,0.522054435946597,0.9691278627857335,0.9184908693427406,1.019188733150026,0.37438592668251786,0.39502606405060886,0.003953572386436765,0.007339305814514897,0.006955826611536005,0.007718421977668242
1.5,0.2,0.02,0.0151462074228642,0.7,0.3322079133677363,0.6167018665377573,0.5844791541679055,0.6485579645612124,0.3770793506154856,0.3978679781804694,0.005031689963384635,0.009340694388648386,0.00885264250336732,0.009823193456994733
1.6,0.2,0.02,0.0151462074228642,0.7,0.2533680759756539,0.47034570546880045,0.4457701119704333,0.4946416898193,0.3770793506154856,0.3978679781804694,0.00383756543305927,0.007123953615483844,0.006751726578817583,0.007491945633999173
1.7,0.2,0.02,0.0151462074228642,0.7,0.24805684379758983,0.4604860764051129,0.43642564916232446,0.4842727558110838,0.3770793506154856,0.3978679781804694,0.0037571204088193205,0.006974617628572733,0.006610193406870726,0.00733489560875674
1.75,0.2,0.02,0.0151462074228642,0.7,0.2771639069770533,0.5145196483638201,0.4876359634952425,0.5410974637437059,0.3770793506154856,0.3978679781804694,0.004197982025205887,0.007793021317257571,0.007385835449947179,0.008195574421847911
1.8,0.2,0.02,0.0151462074228642,0.7,0.2971759499959679,0.551669468661259,0.5228447032820019,0.5801662798820248,0.3770793506154856,0.3978679781804694,0.00450108857972565,0.00835570020120471,0.007919114325855087,0.008787318814844633
1.85,0.2,0.02,0.0151462074228642,0.7,0.35582613804319096,0.6605461058094988,0.626032529105054,0.6946670038275538,0.3770793506154856,0.3978679781804694,0.005389416493278881,0.010004768330955873,0.009482018539285418,0.010521570529791729
1.9,0.2,0.02,0.0151462074228642,0.7,0.40192057561457845,0.7461145842936827,0.7071300490601171,0.7846555724496409,0.3770793506154856,0.3978679781804694,0.00608757240577538,0.011300806254936215,0.010710338398004672,0.01188455605582851
1.95,0.2,0.02,0.0151462074228642,0.7,0.45531055320417896,0.8452263077325783,0.8010631785460198,0.8888869703186928,0.3770793506154856,0.3978679781804694,0.006896228080649541,0.01280197297617928,0.012133069061076916,0.013463266427928255
2.0,0.2,0.02,0.0151462074228642,0.7,0.5038433523081323,0.9353212952128399,0.8864506971096714,0.9836358674242099,0.3770793506154856,0.3978679781804694,0.0076313159226902155,0.014166570344315673,0.01342636612856565,0.014898352876576036
2.05,0.2,0.02,0.0151462074228642,0.7,0.5147091622290063,0.9554922935244602,0.905567759456322,1.0048488105300846,0.3770793506154856,0.3978679781804694,0.007795891733569189,0.014472084468669719,0.013715917120183847,0.01521964851290703
2.1,0.2,0.02,0.0151462074228642,0.7,0.5364228223827169,0.9958009502641835,0.9437702862771735,1.0472396346670032,0.3770793506154856,0.3978679781804694,0.00812477133416687,0.0150826077445866,0.014294540515489998,0.015861708728110956
2.15,0.2,0.02,0.0151462074228642,0.7,0.5876096882497761,1.0908228761491645,1.0338273103955833,1.147169974081464,0.3770793506154856,0.3978679781804694,0.008900058221915677,0.016521829543760552,0.015658562882673314,0.017375274376719603
2.2,0.2,0.02,0.0151462074228642,0.7,0.5912064707841483,1.0974998468449901,1.040155408941173,1.1541918476299113,0.3770793506154856,0.3978679781804694,0.008954535836236215,0.01662296032687591,0.015754409575837142,0.01748162912998151
2.25,0.2,0.02,0.0151462074228642,0.7,0.5831870237902764,1.0826127603828237,1.0260461737084647,1.1385357599511847,0.3770793506154856,0.3978679781804694,0.008833071628650366,0.016397477427397826,0.01554070817242456,0.017244498778568967
2.3,0.2,0.02,0.0151462074228642,0.7,0.5834322244413859,1.0830679442996742,1.0264775742362517,1.1390144566612677,0.3770793506154856,0.3978679781804694,0.00883678548857229,0.016404371737417996,0.015547242254300755,0.017251749218232526
2.35,0.2,0.02,0.0151462074228642,0.7,0.5591995641931966,1.0380830832988133,0.9838431751290225,1.0917058761788034,0.3770793506154856,0.3978679781804694,0.008469752590045421,0.015723021701810242,0.014901492802073485,0.016535203645363858
2.4,0.2,0.02,0.0151462074228642,0.7,0.58510930409088,1.0861812300118983,1.029428190568872,1.1422885609800257,0.3770793506154856,0.3978679781804694,0.008862186884808193,0.01645152620858198,0.015591932901299912,0.01730133948136853
2.45,0.2,0.02,0.0151462074228642,0.7,0.5470061038338139,1.015447470296839,0.9623902743688203,1.067901007259606,0.3770793506154856,0.3978679781804694,0.008285067910239738,0.015380178012138658,0.01457656271733734,0.0161746501630396
2.5,0.2,0.02,0.0151462074228642,0.7,0.5056259062215323,0.9386303805216569,0.8895868824973127,0.9871158854830079,0.3770793506154856,0.3978679781804694,0.00765831485400501,0.01421669043678297,0.01347386744296342,0.014951061951929901
2.55,0.2,0.02,0.0151462074228642,0.7,0.4607672277788158,0.8553559321631157,0.810663529445617,0.8995398464634038,0.3770793506154856,0.3978679781804694,0.006978876005596059,0.01295539836891991,0.012278477967134495,0.01362461709966613
2.6,0.2,0.02,0.0151462074228642,0.7,0.49307216703599566,0.9153259555630054,0.8675001152483796,0.9626076567317217,0.3770793506154856,0.3978679781804694,0.007468173316368334,0.01386371678248866,0.013139336684910555,0.014579855235695917
2.65,0.2,0.02,0.0151462074228642,0.7,0.5307678415116359,0.9853031953399336,0.9338210397259441,1.0361996120311756,0.3770793506154856,0.3978679781804694,0.00803911982092115,0.014923606571029518,0.01414384716352386,0.015694494255315595
2.7,0.2,0.02,0.0151462074228642,0.7,0.5749310612331197,1.0672866127680665,1.0115208182967548,1.1224179311575158,0.3770793506154856,0.3978679781804694,0.00870802510728427,0.016165344416631276,0.015320704126467978,0.017000374800453844
2.75,0.2,0.02,0.0151462074228642,0.7,0.6525994934932748,1.2114682087461197,1.1481689165698152,1.2740473123683933,0.3770793506154856,0.3978679781804694,0.009884407292505257,0.018349148775874475,0.017390404566851682,0.019296984859674342
2.8,0.2,0.02,0.0151462074228642,0.7,0.6780996674942178,1.2588060483056827,1.1930333509540354,1.323830415902418,0.3770793506154856,0.3978679781804694,0.010270638217242667,0.01906613751279388,0.018069930595944562,0.020051010071954603
2.85,0.2,0.02,0.0151462074228642,0.7,0.9383503621278267,1.7419284625831322,1.6509125878724011,1.831908802946667,0.3770793506154856,0.3978679781804694,0.0142124492201078,0.02638360981007506,0.02500506449293291,0.02774647070920108
2.9,0.2,0.02,0.0151462074228642,0.7,1.0460600952376775,1.941877924291469,1.8404146772883436,2.042186771827647,0.3770793506154856,0.3978679781804694,0.015843843179250944,0.029412085831199572,0.02787530244629293,0.030931384442330987
2.95,0.2,0.02,0.0151462074228642,0.7,1.065047861799198,1.977126305226064,1.8738213280418141,2.0792559286332875,0.3770793506154856,0.3978679781804694,0.01613143583008866,0.02994596512015508,0.02838128650790818,0.03149284158029989
3.0,0.2,0.02,0.0151462074228642,0.7,0.8671006863393205,1.6096624740835057,1.5255575058171882,1.6928105369342965,0.3770793506154856,0.3978679781804694,0.013133286851803259,0.024380281713269548,0.02310641041861449,0.025639659520016973
3.1,0.2,0.02,0.0151462074228642,0.7,0.7388618047962183,1.3716032514460172,1.2999368929427992,1.4424542249847503,0.3770793506154856,0.3978679781804694,0.011190954152275322,0.02077458734827634,0.019689113817145252,0.021847710889605854
3.2,0.2,0.02,0.0151462074228642,0.7,0.6277960089218209,1.1654236847707864,1.1045302219469915,1.2256243313965922,0.3770793506154856,0.3978679781804694,0.009508728570376202,0.01765174886505703,0.016729443846431366,0.01856356034584204
3.3,0.2,0.02,0.0151462074228642,0.7,0.5729279239202105,1.063568042348478,1.0079965434218354,1.118507275793449,0.3770793506154856,0.3978679781804694,0.00867768517404647,0.016109022177739664,0.01526732472819726,0.016941143203150353
3.4,0.2,0.02,0.0151462074228642,0.7,0.581416584401431,1.079326164152696,1.0229313023436983,1.1350793926576772,0.3770793506154856,0.3978679781804694,0.008806256186437303,0.01634769795918111,0.015493529684638267,0.017192147922611898
3.45,0.2,0.02,0.0151462074228642,0.7,0.586562186897694,1.0888783227142957,1.031984360003318,1.1451249735939848,0.3770793506154856,0.3978679781804694,0.008884192549161311,0.016492376934091186,0.01563064917376202,0.017344300375156385
3.5,0.2,0.02,0.0151462074228642,0.7,0.5279954497087925,0.9801566015027937,0.9289433557493008,1.030787167859119,0.3770793506154856,0.3978679781804694,0.007997128599617835,0.014845655193250961,0.014069968750270438,0.015612516253220955
3.55,0.2,0.02,0.0151462074228642,0.7,0.5200372699587574,0.9653832499100009,0.9149419127316931,1.0152506900914093,0.3770793506154856,0.3978679781804694,0.007876592358415365,0.01462189494569562,0.01385789999010634,0.015377197538330506
3.6,0.2,0.02,0.0151462074228642,0.7,0.5142463331309088,0.9546331099914998,0.9047534683184679,1.003945245365851,0.3770793506154856,0.3978679781804694,0.007788881628048068,0.01445907109666519,0.013703583697707309,0.015205962927509474
3.65,0.2,0.02,0.0151462074228642,0.7,0.5351457304895584,0.9934301911023472,0.9415233994347108,1.0447464125447847,0.3770793506154856,0.3978679781804694,0.008105428235455034,0.015046699734571772,0.014260508701318352,0.01582394586869656
3.7,0.2,0.02,0.0151462074228642,0.7,0.5254212869046866,0.9753779946659754,0.9244144314284376,1.0257617192725523,0.3770793506154856,0.3978679781804694,0.007958139795846624,0.014773277422908196,0.014001372723104191,0.015536399766535876
3.75,0.2,0.02,0.0151462074228642,0.7,0.48790000556961843,0.9057244936411195,0.8584003303322338,0.952510225641023,0.3770793506154856,0.3978679781804694,0.007389834685974039,0.013718291048657044,0.013001509455067162,0.014426917449958117
3.8,0.2,0.02,0.0151462074228642,0.7,0.5029027429416693,0.9335751731951547,0.884795810080222,0.9817995484456034,0.3770793506154856,0.3978679781804694,0.007617069258121878,0.014140123218050183,0.013401300866356202,0.014870539608431517
3.85,0.2,0.02,0.0151462074228642,0.7,0.48381268939816013,0.8981369094486923,0.8512091979040719,0.9445307003196476,0.3770793506154856,0.3978679781804694,0.007327927347438304,0.013603367924640095,0.012892591071704936,0.014306057904304567
3.9,0.2,0.02,0.0151462074228642,0.7,0.48379572916939356,0.8981054249345781,0.8511793584578543,0.9444975894544191,0.3770793506154856,0.3978679781804694,0.007327670464295467,0.013602891053658714,0.01289213911726314,0.014305556400271867
4.0,0.2,0.02,0.0151462074228642,0.7,0.49707289954770706,0.9227528081700943,0.8745389143269214,0.9704181477830809,0.3770793506154856,0.3978679781804694,0.007528769240834112,0.013976205432574667,0.013245947795762016,0.014698154553234229
4.1,0.2,0.02,0.0151462074228642,0.7,0.46690975966908216,0.8667587637320366,0.8214705623283591,0.9115316980108823,0.3770793506154856,0.3978679781804694,0.007071912067707592,0.013128108021070771,0.012442163528802222,0.013806248170588434
4.2,0.2,0.02,0.0151462074228642,0.7,0.4815990554788477,0.8940275787707077,0.8473145800195034,0.9402090997459619,0.3770793506154856,0.3978679781804694,0.007294399188938111,0.013541127149822202,0.012833602381392466,0.014240602045616755
1.5,0.25,0.02,0.0110996419431212,0.705,0.3293087756648946,0.6113199850089047,0.5793784762966426,0.6428980787731927,0.3797727745484534,0.40070989231032983,0.0036552094986079535,0.006785432946273062,0.006430893636443866,0.007135938480302967
1.6,0.25,0.02,0.0110996419431212,0.705,0.24913206588135103,0.4624820898632997,0.4383173707883645,0.48637187451968455,0.3797727745484534,0.40070989231032983,0.0027652767278330778,0.005133385602589029,0.0048651658732011376,0.0053985536583731715
1.7,0.25,0.02,0.0110996419431212,0.705,0.23237321755134085,0.4313714129942032,0.4088322287956456,0.4536541573192819,0.3797727745484534,0.40070989231032983,0.00257925951199089,0.004788068228733915,0.004537891354439871,0.005035398712252405
1.75,0.25,0.02,0.0110996419431212,0.705,0.24828758788720484,0.46091442354867,0.43683161513995644,0.48472322947854757,0.3797727745484534,0.40070989231032983,0.00275590332446921,0.005115985067810348,0.004848674517488838,0.005380254288725249
1.8,0.25,0.02,0.0110996419431212,0.705,0.27946206546220126,0.518785888180394,0.4916792920057714,0.5455840786899211,0.3797727745484534,0.40070989231032983,0.0031019288633155314,0.005758337603946485,0.005457464092111396,0.006055787923325786
1.85,0.25,0.02,0.0110996419431212,0.705,0.31230650478956384,0.5797574250508873,0.5494650621355939,0.6097051361968471,0.3797727745484534,0.40070989231032983,0.003466490379671825,0.006435099831930775,0.006098865449959934,0.006767508702666947
1.9,0.25,0.02,0.0110996419431212,0.705,0.3529088624093066,0.6551305535115916,0.6208999397645949,0.6889717079870789,0.3797727745484534,0.40070989231032983,0.003917162011297528,0.007271714569977469,0.006891767013892524,0.007647339267597231
1.95,0.25,0.02,0.0110996419431212,0.705,0.3984940299552541,0.7397536367700065,0.7011014614555147,0.7779660464363715,0.3797727745484534,0.40070989231032983,0.004423141048974734,0.00821100049426881,0.007781975187955202,0.008635144559349323
2.0,0.25,0.02,0.0110996419431212,0.705,0.4060577867103613,0.7537947920863421,0.7144089654994149,0.7927325058978542,0.3797727745484534,0.40070989231032983,0.004507096040701288,0.008366852290747887,0.007929683717999132,0.008799046972139396
2.05,0.25,0.02,0.0110996419431212,0.705,0.4585741150592959,0.8512846964904167,0.8068050160998469,0.8952583087149317,0.3797727745484534,0.40070989231032983,0.005090008481541848,0.00944895532270223,0.008955246796622435,0.009937046673340003
2.1,0.25,0.02,0.0110996419431212,0.705,0.4742172433712496,0.8803241806215266,0.8343271853089524,0.9257978444969709,0.3797727745484534,0.40070989231032983,0.005263641604674836,0.009771283198770499,0.009260733020341501,0.010276024585629775
2.15,0.25,0.02,0.0110996419431212,0.705,0.5234195757963328,0.9716620718142983,0.9208926657858352,1.0218538482380763,0.3797727745484534,0.40070989231032983,0.005809769877359682,0.010785101086850029,0.010221578858269149,0.011342211833643158
2.2,0.25,0.02,0.0110996419431212,0.705,0.5332262752965781,0.9898669659273459,0.9381463530053127,1.04099912687538,0.3797727745484534,0.40070989231032983,0.00591862073045619,0.010987168893117292,0.010413088608603956,0.011554717571418516
2.25,0.25,0.02,0.0110996419431212,0.705,0.5243955647506335,0.9734738715506015,0.9226097988688616,1.0237592375565265,0.3797727745484534,0.40070989231032983,0.0058206030052928605,0.010805211415195635,0.01024063842065943,0.011363360972840202
2.3,0.25,0.02,0.0110996419431212,0.705,0.5438944736828688,1.009671123482551,0.9569157420487712,1.0618262798495748,0.3797727745484534,0.40070989231032983,0.0060370339127222,0.011206987950965228,0.010621422106477487,0.01178589151212669
2.35,0.25,0.02,0.0110996419431212,0.705,0.5093865110127792,0.9456114664643799,0.8962032062485014,0.9944575835304907,0.3797727745484534,0.40070989231032983,0.005654007882897613,0.010495948695064377,0.009947534697635565,0.01103812310480999
2.4,0.25,0.02,0.0110996419431212,0.705,0.5316866043962268,0.9870087621342009,0.9354374905450193,1.0379932808824202,0.3797727745484534,0.40070989231032983,0.005901530934752048,0.01095544385441291,0.010383021205221537,0.011521353757160496
2.45,0.25,0.02,0.0110996419431212,0.705,0.5030177345887035,0.9337886406067024,0.8849981238057247,0.9820240426419818,0.3797727745484534,0.40070989231032983,0.005583316744974581,0.010364719561288281,0.00982316229457759,0.010900115252862382
2.5,0.25,0.02,0.0110996419431212,0.705,0.4678759995971787,0.8685524656373877,0.82317054319327,0.9134180546442668,0.3797727745484534,0.40070989231032983,0.005193256069308602,0.009640621377390083,0.00913689828756988,0.010138613350933676
2.55,0.25,0.02,0.0110996419431212,0.705,0.44881900249206363,0.8331755669771812,0.7896420897736544,0.8762137414542287,0.3797727745484534,0.40070989231032983,0.004981730224930728,0.009247950469203707,0.00876474445970553,0.009725658795784511
2.6,0.25,0.02,0.0110996419431212,0.705,0.4916290077226428,0.9126469132932601,0.8649610531103133,0.9597902269561414,0.3797727745484534,0.40070989231032983,0.005456905954573302,0.010130053958049966,0.009600757984269518,0.010653327859720202
2.65,0.25,0.02,0.0110996419431212,0.705,0.5090584074343371,0.9450023837751936,0.8956259481691761,0.9938170383163731,0.3797727745484534,0.40070989231032983,0.0056503660506566486,0.010489188095300656,0.00994112733964628,0.011031013282284903
2.7,0.25,0.02,0.0110996419431212,0.705,0.5268982350239826,0.9781197615694658,0.9270129408340834,1.0286451137597654,0.3797727745484534,0.40070989231032983,0.005848381749228728,0.01085677913091215,0.010289511719898123,0.01141759244927457
2.75,0.25,0.02,0.0110996419431212,0.705,0.6395556313433863,1.1872539326527234,1.1252198379667104,1.2485822335862864,0.3797727745484534,0.40070989231032983,0.00709883851061841,0.01317809354800776,0.012489537308727339,0.013858815729350295
2.8,0.25,0.02,0.0110996419431212,0.705,0.664051172162883,1.2327267981004328,1.168316743256912,1.296404026672633,0.3797727745484534,0.40070989231032983,0.007370730242917933,0.013682826072605063,0.01296789752630518,0.014389620509686772
2.85,0.25,0.02,0.0110996419431212,0.705,1.0149947809312554,1.8842091074257319,1.7857590598296502,1.9815390382719293,0.3797727745484534,0.40070989231032983,0.011266078642473676,0.02091404643839361,0.019821286160793865,0.02199437382113515
2.9,0.25,0.02,0.0110996419431212,0.705,1.202531213435799,2.2323467143747915,2.115706454323497,2.3476598982876333,0.3797727745484534,0.40070989231032983,0.013347665894564426,0.024778249222463238,0.02348358409974132,0.026058184275217063
2.95,0.25,0.02,0.0110996419431212,0.705,1.0287623539586694,1.909766860995264,1.8099814191239647,2.0084169926502273,0.3797727745484534,0.40070989231032983,0.011418893773503745,0.021197728351885946,0.02009014567597839,0.022292709490897806
3.0,0.25,0.02,0.0110996419431212,0.705,0.9502652765248755,1.7640469903262197,1.671875421111901,1.8551698762634758,0.3797727745484534,0.40070989231032983,0.010547604320407173,0.019580289963461624,0.018557218547847074,0.020591721370189043
3.1,0.25,0.02,0.0110996419431212,0.705,0.8711450448304241,1.6171703127894745,1.5326730594657114,1.700706197469157,0.3797727745484534,0.40070989231032983,0.009669398078141973,0.01795001143300848,0.0170121221759375,0.01887722984235482
3.2,0.25,0.02,0.0110996419431212,0.705,0.7317319246580145,1.3583675330525378,1.287392741690499,1.4285348077646067,0.3797727745484534,0.40070989231032983,0.0081219623620549,0.01507739324404402,0.01428959847293766,0.015856224869472607
3.3,0.25,0.02,0.0110996419431212,0.705,0.6578026890248252,1.2211272814748177,1.1573233021243952,1.2842053301860508,0.3797727745484534,0.40070989231032983,0.007301374317397861,0.013554075591347454,0.012845874266011465,0.014254219346512899
3.4,0.25,0.02,0.0110996419431212,0.705,0.6013764805596973,1.1163791804156677,1.0580482961130457,1.1740464042921315,0.3797727745484534,0.40070989231032983,0.006675063607227027,0.012391409175369015,0.011743957245384282,0.013031494712251571
3.45,0.25,0.02,0.0110996419431212,0.705,0.6042665746008061,1.1217442735332677,1.0631330627686286,1.1796886344536304,0.3797727745484534,0.40070989231032983,0.006707142616265283,0.012450959787965878,0.011800396334625573,0.013094121446804888
3.5,0.25,0.02,0.0110996419431212,0.705,0.5764028251844897,1.0700187559211651,1.0141102067935885,1.1252912047738446,0.3797727745484534,0.40070989231032983,0.006397864974551319,0.01187682506314893,0.011256260186273428,0.012490329454733152
3.55,0.25,0.02,0.0110996419431212,0.705,0.5299783526700517,0.9838376094143003,0.9324320307596122,1.0346583204016324,0.3797727745484534,0.40070989231032983,0.0058825699522427844,0.01092024519467506,0.010349661677729069,0.011484336889929291
3.6,0.25,0.02,0.0110996419431212,0.705,0.5310974745247671,0.9859151172306846,0.934400988658369,1.0368431431074865,0.3797727745484534,0.40070989231032983,0.005894991804120848,0.01094330478757096,0.010371516405406348,0.011508587639673473
3.65,0.25,0.02,0.0110996419431212,0.705,0.5080756479573116,0.9431780154219679,0.8938969031802734,0.9918984311416931,0.3797727745484534,0.40070989231032983,0.005639457772345457,0.010468938259807489,0.009921935559365913,0.011009717429616452
3.7,0.25,0.02,0.0110996419431212,0.705,0.48895004869369074,0.9076737655533864,0.8602477526611482,0.9545601883416284,0.3797727745484534,0.40070989231032983,0.005427170468571643,0.010074853798807126,0.009548442036913431,0.010595276303750411
3.75,0.25,0.02,0.0110996419431212,0.705,0.5438539979914787,1.009595985493884,0.9568445300248666,1.061747260563863,0.3797727745484534,0.40070989231032983,0.006036584647040369,0.011206153946194697,0.0106206316785101,0.011785014426348685
3.8,0.25,0.02,0.0110996419431212,0.705,0.4822637990343103,0.8952615908906085,0.8484841149264137,0.9415068554884893,0.3797727745484534,0.40070989231032983,0.005352955491410204,0.00993708310431481,0.00941786987010929,0.010450388982916186
3.85,0.25,0.02,0.0110996419431212,0.705,0.4797391265431318,0.890574856544269,0.8440422627524663,0.9365780251199907,0.3797727745484534,0.40070989231032983,0.005324932530734474,0.009885062031187913,0.009368566901414199,0.01039568073062747
3.9,0.25,0.02,0.0110996419431212,0.705,0.4789883106261595,0.8891810619993735,0.8427212940625904,0.9351122332972274,0.3797727745484534,0.40070989231032983,0.005316598742890886,0.009869591410797298,0.009353904621938504,0.010379410966231642
4.0,0.25,0.02,0.0110996419431212,0.705,0.45717241911624484,0.8486826257099983,0.8043389036858173,0.8925218264362793,0.3797727745484534,0.40070989231032983,0.005074450158460855,0.009420073268728927,0.00892787383183522,0.009906672699863265
4.1,0.25,0.02,0.0110996419431212,0.705,0.46580443398003074,0.864706866747826,0.8195258770941405,0.9093738090798175,0.3797727745484534,0.40070989231032983,0.005170262432696579,0.009597936606659084,0.00909644379886731,0.010093723673238231
4.2,0.25,0.02,0.0110996419431212,0.705,0.4645408512553004,0.8623611856441871,0.817302757979714,0.9069069604376581,0.3797727745484534,0.40070989231032983,0.005156237116886559,0.009571900386295946,0.009071767972700267,0.010066342536582389
1.5,0.01,0.025,0.0129601610169485,0.7034999999999999,0.4718610273534482,0.8759501643573933,0.8301817116772121,0.9211978858473399,0.378964747368563,0.39985731807137165,0.006115394892123429,0.01135245517289432,0.010759288656662582,0.011938872929054068
1.6,0.01,0.025,0.0129601610169485,0.7034999999999999,0.4289498119524307,0.796290934193548,0.7546846814359712,0.8374238112468806,0.378964747368563,0.39985731807137165,0.005559258631093282,0.010320058723484724,0.009780834988434671,0.01085314743318626
1.7,0.01,0.025,0.0129601610169485,0.7034999999999999,0.45382182004746885,0.842462663401495,0.7984439348097864,0.8859805683124832,0.378964747368563,0.39985731807137165,0.0058816038608198225,0.010918451768450662,0.010347961958140762,0.01148245082321732
1.75,0.01,0.025,0.0129601610169485,0.7034999999999999,0.47804369358927473,0.887427500249731,0.8410593560276591,0.9332680902829288,0.378964747368563,0.39985731807137165,0.006195523242053792,0.011501203294104619,0.010900264678929477,0.012095304722046786
1.8,0.01,0.025,0.0129601610169485,0.7034999999999999,0.6024970162620452,1.1184593128609033,1.0600197415036265,1.1762339872035852,0.378964747368563,0.39985731807137165,0.007808458342987145,0.014495412785582884,0.013738026531031126,0.015244181867765804
1.85,0.01,0.025,0.0129601610169485,0.7034999999999999,0.743743610466821,1.3806657046507447,1.308525832382082,1.4519848045456434,0.378964747368563,0.39985731807137165,0.009639036946976624,0.017893649842852313,0.016958705482508347,0.018817956861074035
1.9,0.01,0.025,0.0129601610169485,0.7034999999999999,0.8191732871425541,1.5206913347650148,1.4412351142762463,1.599243541029056,0.378964747368563,0.39985731807137165,0.010616617702150489,0.019708404555632927,0.018678639144300322,0.020726453797051448
1.95,0.01,0.025,0.0129601610169485,0.7034999999999999,0.8381435526563535,1.5559072272236836,1.4746109740787567,1.636278531147417,0.378964747368563,0.39985731807137165,0.010862475397743595,0.020164808192252814,0.019111195661419958,0.021206433232246507
2.0,0.01,0.025,0.0129601610169485,0.7034999999999999,0.8771771592309882,1.6283681682899223,1.5432858262928009,1.7124824847886575,0.378964747368563,0.39985731807137165,0.011368357224023079,0.021103913655910883,0.02000123280392911,0.02219404874156506
2.05,0.01,0.025,0.0129601610169485,0.7034999999999999,0.9375787920658469,1.7404961405996973,1.649555104805139,1.830402493527842,0.378964747368563,0.39985731807137165,0.012151172111249452,0.02255711023154951,0.02137849976460396,0.023722311041944867
2.1,0.01,0.025,0.0129601610169485,0.7034999999999999,0.9161597852205976,1.700734470364502,1.6118709844086145,1.7885869108054024,0.378964747368563,0.39985731807137165,0.0118735783337119,0.02204179258299857,0.02089010749648293,0.02318037435684452
2.15,0.01,0.025,0.0129601610169485,0.7034999999999999,0.8917888980077584,1.655493008531225,1.5689933918790409,1.7410084746234398,0.378964747368563,0.39985731807137165,0.011557727711307612,0.021455455952997173,0.020334406993280544,0.022563750162991676
2.2,0.01,0.025,0.0129601610169485,0.7034999999999999,0.8265072244029711,1.5343058593310308,1.4541382790540944,1.6135613318776156,0.378964747368563,0.39985731807137165,0.010711666709933692,0.019884850986177694,0.018845866237449452,0.020912014671855775
2.25,0.01,0.025,0.0129601610169485,0.7034999999999999,0.6906347950529157,1.2820759231390997,1.2150873733240097,1.348302309821408,0.378964747368563,0.39985731807137165,0.008950738147793014,0.01661591039983562,0.01574772800794018,0.01747421503480903
2.3,0.01,0.025,0.0129601610169485,0.7034999999999999,0.4900317238971418,0.9096817584100089,0.8621508277612817,0.9566719052515443,0.378964747368563,0.39985731807137165,0.006350890045119808,0.011789622063174559,0.011173613548681644,0.012398621932450914
2.35,0.01,0.025,0.0129601610169485,0.7034999999999999,0.4838767100869893,0.8982557557395519,0.8513218344685558,0.944655685685637,0.378964747368563,0.39985731807137165,0.00627112007507869,0.011641539228785353,0.01103326805195646,0.012242889792061746
2.4,0.01,0.025,0.0129601610169485,0.7034999999999999,0.45456861457272585,0.8438489927425916,0.799757828353244,0.88743850931195,0.378964747368563,0.39985731807137165,0.005891282438113729,0.010936418819933793,0.010364990230023102,0.011501345973323623
2.45,0.01,0.025,0.0129601610169485,0.7034999999999999,0.4011784336356481,0.7447368918148893,0.7058243411023493,0.7832067144546849,0.378964747368563,0.39985731807137165,0.005199337096445187,0.00965191003318272,0.009147597110368028,0.010150485128887922
2.5,0.01,0.025,0.0129601610169485,0.7034999999999999,0.306299196288395,0.5686056185572292,0.538895938251714,0.597977276572695,0.378964747368563,0.39985731807137165,0.003969686903259514,0.007369220371643291,0.0069841781311217495,0.007749881788858473
2.55,0.01,0.025,0.0129601610169485,0.7034999999999999,0.22774799446902969,0.4227852728294523,0.40069471500922765,0.44462449502889345,0.378964747368563,0.39985731807137165,0.002951650679605721,0.005479365211464203,0.0051930680251598815,0.0057624050476538765
2.6,0.01,0.025,0.0129601610169485,0.7034999999999999,0.25258963643851834,0.4689006311758022,0.4444005429026061,0.49312196936285274,0.378964747368563,0.39985731807137165,0.0032736023594556797,0.006077027680987179,0.005759502592037105,0.0063909401239373165
2.65,0.01,0.025,0.0129601610169485,0.7034999999999999,0.26515450278064867,0.4922257122897242,0.4665068870213623,0.517651921275272,0.378964747368563,0.39985731807137165,0.0034364450504061252,0.006379324487956992,0.006046004371312258,0.0067088522504602744
2.7,0.01,0.025,0.0129601610169485,0.7034999999999999,0.3277469618258187,0.6084206756577863,0.5766306560464358,0.6398490038904601,0.378964747368563,0.39985731807137165,0.0042476533980782836,0.007885229922565509,0.007473226149670456,0.00829254611695447
2.75,0.01,0.025,0.0129601610169485,0.7034999999999999,0.30258639228859247,0.5617132687225865,0.5323637141412254,0.5907288983492022,0.378964747368563,0.39985731807137165,0.003921568365597702,0.007279894408001183,0.006899519454851024,0.007655941639970263
2.8,0.01,0.025,0.0129601610169485,0.7034999999999999,0.35003295900480563,0.649791803511453,0.6158401397968842,0.6833571817122844,0.378964747368563,0.39985731807137165,0.004536483509941214,0.008421406401001794,0.007981387372467693,0.008856419107079341
2.85,0.01,0.025,0.0129601610169485,0.7034999999999999,0.5113693495948616,0.9492923548641083,0.8996917679915328,0.9983286103877748,0.378964747368563,0.39985731807137165,0.006627429109881634,0.012302981771197059,0.011660150178793337,0.012938499538452006
2.9,0.01,0.025,0.0129601610169485,0.7034999999999999,0.566856073292943,1.0522964215817885,0.997313865568431,1.1066534128194467,0.378964747368563,0.39985731807137165,0.007346545983311701,0.013637931061258698,0.012925348282202197,0.014342406420095608
2.95,0.01,0.025,0.0129601610169485,0.7034999999999999,0.5850807687638669,1.086128257795635,1.029377986154331,1.142232852452742,0.378964747368563,0.39985731807137165,0.007582740971099728,0.01407639710608918,0.013340904447862314,0.014803521686635915
3.0,0.01,0.025,0.0129601610169485,0.7034999999999999,0.5734046486526065,1.0644530213645194,1.0088352822271127,1.1194379689216303,0.378964747368563,0.39985731807137165,0.007431416574404562,0.013795482551861492,0.013074667697242064,0.014508096325710118
3.1,0.01,0.025,0.0129601610169485,0.7034999999999999,0.5164285725355554,0.9586841607338945,0.9085928513978464,1.0082055555195593,0.378964747368563,0.39985731807137165,0.0066929974538136655,0.01242470108750941,0.01177550965296445,0.013066506337715498
3.2,0.01,0.025,0.0129601610169485,0.7034999999999999,0.4896834665346768,0.9090352627763245,0.8615381115662254,0.9559920145052523,0.378964747368563,0.39985731807137165,0.006346376573626924,0.011781243375665256,0.011165672648136022,0.012389810438905035
3.3,0.01,0.025,0.0129601610169485,0.7034999999999999,0.5111973875654682,0.9489731291616695,0.8993892218526707,0.9979928948937199,0.378964747368563,0.39985731807137165,0.006625200454291894,0.012298844554692703,0.011656229132118627,0.01293414861159317
3.4,0.01,0.025,0.0129601610169485,0.7034999999999999,0.5346333514037174,0.9924790243001786,0.9406219311594076,1.0437461126614134,0.378964747368563,0.39985731807137165,0.006928934319222986,0.012862687960874258,0.01219061168389897,0.013527117680905986
3.45,0.01,0.025,0.0129601610169485,0.7034999999999999,0.555731921845625,1.0316458449845485,0.9777422829325686,1.0849361185292383,0.378964747368563,0.39985731807137165,0.00720237518937754,0.01337029626346564,0.012671697419884905,0.014060946789242051
3.5,0.01,0.025,0.0129601610169485,0.7034999999999999,0.558737142410082,1.0372246558944702,0.9830296006120167,1.0908031062014563,0.378964747368563,0.39985731807137165,0.0072413233317843466,0.013442598551141334,0.012740221908358312,0.014136983894158447
3.55,0.01,0.025,0.0129601610169485,0.7034999999999999,0.5690214107893204,1.0563160960746776,1.0011235118093675,1.1108807259650073,0.378964747368563,0.39985731807137165,0.007374609105920789,0.013690026689922263,0.012974721910902346,0.014397193079131137
3.6,0.01,0.025,0.0129601610169485,0.7034999999999999,0.5997928955088011,1.1134394555704383,1.0552621720809063,1.1709548262291434,0.378964747368563,0.39985731807137165,0.007773412502615829,0.014430354626816355,0.013676367665263362,0.015175763091502648
3.65,0.01,0.025,0.0129601610169485,0.7034999999999999,0.639933706954802,1.187955782084571,1.1258850157203997,1.2493203374637776,0.378964747368563,0.39985731807137165,0.00829364388230697,0.015396098216831024,0.014591651090305972,0.016191392735278993
3.7,0.01,0.025,0.0129601610169485,0.7034999999999999,0.7100057088885583,1.31803556840426,1.2491681248008208,1.3861194717353935,0.378964747368563,0.39985731807137165,0.009201788310148378,0.01708195319258445,0.016189420034658255,0.017964331542418294
3.75,0.01,0.025,0.0129601610169485,0.7034999999999999,0.7401427488774297,1.3739811617065085,1.3021905572385504,1.4449549675998354,0.378964747368563,0.39985731807137165,0.009592369200978368,0.017807017089970303,0.016876599296561504,0.01872684904233347
3.8,0.01,0.025,0.0129601610169485,0.7034999999999999,0.7671845393280976,1.4241808167249295,1.34976727703901,1.4977477153552514,0.378964747368563,0.39985731807137165,0.009942835159405604,0.018457612702004307,0.0174932012458337,0.019411051553770806
3.85,0.01,0.025,0.0129601610169485,0.7034999999999999,0.7648172543974012,1.4197862524275668,1.345602329010104,1.4931261472516364,0.378964747368563,0.39985731807137165,0.009912154765530782,0.018400658441111155,0.017439222848751858,0.019351155286997164
3.9,0.01,0.025,0.0129601610169485,0.7034999999999999,0.7803771631371297,1.448671249975249,1.3729780835697472,1.523503216354821,0.378964747368563,0.39985731807137165,0.010113813688206687,0.018775012660303278,0.017794017035805295,0.019744846993797405
4.0,0.01,0.025,0.0129601610169485,0.7034999999999999,0.7360531738110464,1.3663893841620853,1.2949954505613053,1.4369710323163978,0.378964747368563,0.39985731807137165,0.009539367649627142,0.017708626430589725,0.016783349555490285,0.01862337595551122
4.1,0.01,0.025,0.0129601610169485,0.7034999999999999,0.8096876105267625,1.50308237893061,1.424546227521851,1.5807249842130606,0.378964747368563,0.39985731807137165,0.010493681805855127,0.019480189652678705,0.01846234848476974,0.02048645031891464
4.2,0.01,0.025,0.0129601610169485,0.7034999999999999,0.7339817999529524,1.362544141248892,1.2913511218387557,1.4329271611164855,0.378964747368563,0.39985731807137165,0.009512522310899945,0.01765879146328546,0.01673611846844735,0.01857096673362856
1.5,0.05,0.025,0.0075504951257702,0.7174999999999999,0.44649047339117715,0.8288529479635438,0.7855453278827509,0.8716678350103301,0.38650633438087273,0.4078146776349811,0.003371224143042912,0.0062582501435789984,0.005931256169250264,0.00658152373953616
1.6,0.05,0.025,0.0075504951257702,0.7174999999999999,0.40559678482861816,0.7529390005488489,0.7135978891250457,0.7918325079446107,0.38650633438087273,0.4078146776349811,0.003062456546876546,0.005685062253646369,0.005388017383598561,0.005978727491662176
1.7,0.05,0.025,0.0075504951257702,0.7174999999999999,0.41123575901777937,0.7634070410977941,0.723518973879,0.8028412812915818,0.38650633438087273,0.4078146776349811,0.0031050335940061517,0.0057641011427875454,0.005462926485675646,0.00606184918115919
1.75,0.05,0.025,0.0075504951257702,0.7174999999999999,0.45214642694654583,0.8393525085528356,0.7954962857529071,0.8827097565838904,0.38650633438087273,0.4078146776349811,0.003413929392794306,0.0063375270246311755,0.006006390828145623,0.006664895714556464
1.8,0.05,0.025,0.0075504951257702,0.7174999999999999,0.52038097840352,0.9660213010547828,0.9155466256629377,1.0159217001437526,0.38650633438087273,0.4078146776349811,0.003929134040979306,0.007293939125004324,0.006912830334483365,0.007670711845099578
1.85,0.05,0.025,0.0075504951257702,0.7174999999999999,0.6473180385051793,1.2016638572598013,1.1388768430820868,1.2637365113333523,0.38650633438087273,0.4078146776349811,0.004887571694556483,0.009073157097054347,0.00859908405254385,0.009541836369080313
1.9,0.05,0.025,0.0075504951257702,0.7174999999999999,0.705495899487112,1.3096636791033485,1.2412336672567645,1.377315127563365,0.38650633438087273,0.4078146776349811,0.005326843350328302,0.0098886092254681,0.00937192875456407,0.010399411157316749
1.95,0.05,0.025,0.0075504951257702,0.7174999999999999,0.7487959693847395,1.3900447683326203,1.3174148393806264,1.4618483492842984,0.38650633438087273,0.4078146776349811,0.005653780317035847,0.010495526247897815,0.009947134323360751,0.011037678835886307
2.0,0.05,0.025,0.0075504951257702,0.7174999999999999,0.8397245002114989,1.5588420558924914,1.4773924577600088,1.6393649601191078,0.38650633438087273,0.4078146776349811,0.0063403357458367395,0.011770029344861854,0.011155044551166603,0.01237801714073778
2.05,0.05,0.025,0.0075504951257702,0.7174999999999999,0.8545624617226267,1.5863868499546325,1.5034980345528168,1.6683325967366083,0.38650633438087273,0.4078146776349811,0.006452369701902876,0.011978006178168394,0.011352154581496118,0.0125967371398233
2.1,0.05,0.025,0.0075504951257702,0.7174999999999999,0.8941023038245941,1.6597875530856847,1.5730635462030726,1.745524856405442,0.38650633438087273,0.4078146776349811,0.006750915086967504,0.012532217829387508,0.011877408638133085,0.013179576920200017
2.15,0.05,0.025,0.0075504951257702,0.7174999999999999,0.8743025798963859,1.623031876257656,1.5382283558639822,1.706870543449513,0.38650633438087273,0.4078146776349811,0.006601417367955973,0.012254694270653094,0.011614385703272506,0.01288771771863628
2.2,0.05,0.025,0.0075504951257702,0.7174999999999999,0.8281248607940676,1.537308796171564,1.456984312250699,1.6167193871887433,0.38650633438087273,0.4078146776349811,0.006252752724954732,0.011607442572297047,0.011000952947972549,0.01220703185270679
2.25,0.05,0.025,0.0075504951257702,0.7174999999999999,0.820418251527134,1.5230024532810076,1.443425476700464,1.601674041732754,0.38650633438087273,0.4078146776349811,0.006194564009248535,0.011499422600034304,0.01089857702623938,0.012093432045175814
2.3,0.05,0.025,0.0075504951257702,0.7174999999999999,0.7242239979122024,1.3444300190691012,1.2741834637131582,1.4138773432900968,0.38650633438087273,0.4078146776349811,0.0054682497662018915,0.010151112305920385,0.009620716032103191,0.010675473988948796
2.35,0.05,0.025,0.0075504951257702,0.7174999999999999,0.630208607489679,1.1699023680896798,1.1087748937731183,1.2303343637393238,0.38650633438087273,0.4078146776349811,0.004758387019069246,0.008833342127888142,0.008371799431010301,0.009289633616481344
2.4,0.05,0.025,0.0075504951257702,0.7174999999999999,0.5899311836107378,1.095132437916524,1.0379116972821703,1.1517021487993402,0.38650633438087273,0.4078146776349811,0.004454272526392721,0.00826879213456155,0.0078367472113089,0.008695921460848483
2.45,0.05,0.025,0.0075504951257702,0.7174999999999999,0.49927439649368205,0.9268396080960705,0.8784121786927295,0.9747160537654973,0.38650633438087273,0.4078146776349811,0.0037697688971474043,0.006998097943300142,0.006632446873636635,0.007359588812966352
2.5,0.05,0.025,0.0075504951257702,0.7174999999999999,0.4403500491209091,0.8174540289238993,0.7747420030993777,0.8596800980961314,0.38650633438087273,0.4078146776349811,0.003324860899520092,0.006172182660931114,0.005849685718131293,0.006491010390396488
2.55,0.05,0.025,0.0075504951257702,0.7174999999999999,0.38758539187525737,0.7195031334116714,0.6819090482059766,0.7566694914037823,0.38650633438087273,0.4078146776349811,0.0029264616121738637,0.005432604901801211,0.005148750944697823,0.005713229306663274
2.6,0.05,0.025,0.0075504951257702,0.7174999999999999,0.37629899057962884,0.698551360544649,0.6620520068248872,0.7346354423731345,0.38650633438087273,0.4078146776349811,0.002841243694203734,0.005274408642892513,0.00499882045053769,0.005546861326856387
2.65,0.05,0.025,0.0075504951257702,0.7174999999999999,0.36018856367223206,0.6686443958254978,0.6337076829445109,0.7031836157825154,0.38650633438087273,0.4078146776349811,0.0027196019943653573,0.0050485962515539815,0.004784806771235656,0.005309384463487348
2.7,0.05,0.025,0.0075504951257702,0.7174999999999999,0.38692484656258713,0.718276914797169,0.6807468995933044,0.7553799317447634,0.38650633438087273,0.4078146776349811,0.0029214741680101968,0.005423346344129282,0.00513997614726242,0.005703492492743462
2.75,0.05,0.025,0.0075504951257702,0.7174999999999999,0.438470692164596,0.813965241040734,0.7714355046085078,0.8560110948207003,0.38650633438087273,0.4078146776349811,0.003310670823981868,0.006145840585024428,0.005824720017392613,0.006463307599048909
2.8,0.05,0.025,0.0075504951257702,0.7174999999999999,0.4867800926329224,0.903645517281349,0.8564299806215776,0.9503238585333094,0.38650633438087273,0.4078146776349811,0.0036754307167468467,0.006822971073656916,0.0064664703942466885,0.007175415661758881
2.85,0.05,0.025,0.0075504951257702,0.7174999999999999,0.5964683508634906,1.1072678599953456,1.0494130427733406,1.16446443325085,0.38650633438087273,0.4078146776349811,0.004503631375870975,0.008360420579816856,0.007923588064379782,0.0087922830273933
2.9,0.05,0.025,0.0075504951257702,0.7174999999999999,0.6929630762659784,1.286398081980425,1.219183699086634,1.3528477323225228,0.38650633438087273,0.4078146776349811,0.0052322143296849935,0.009712942447793332,0.009205440577372112,0.010214670208810476
2.95,0.05,0.025,0.0075504951257702,0.7174999999999999,0.6733735205894593,1.2500325558619014,1.1847182740572708,1.3146037235407149,0.38650633438087273,0.4078146776349811,0.005084303485033432,0.009438364720089352,0.008945209553680307,0.009925909006913522
3.0,0.05,0.025,0.0075504951257702,0.7174999999999999,0.6253291360519196,1.1608442480922405,1.1001900611307631,1.2208083412200927,0.38650633438087273,0.4078146776349811,0.004721544593762109,0.008764948836998835,0.008306979693988645,0.009217707429881913
3.1,0.05,0.025,0.0075504951257702,0.7174999999999999,0.5716375020964672,1.0611725378607728,1.0057262041983792,1.1159880301109844,0.38650633438087273,0.4078146776349811,0.004316146173286828,0.008012378074718957,0.007593730802659227,0.008426262181770875
3.2,0.05,0.025,0.0075504951257702,0.7174999999999999,0.5494648539245667,1.0200118280658808,0.96671614414954,1.0727011396166524,0.38650633438087273,0.4078146776349811,0.004148731701339475,0.007701594336039384,0.007299185534404463,0.008099424726083672
3.3,0.05,0.025,0.0075504951257702,0.7174999999999999,0.5391158024446596,1.0008001262739092,0.9485082550174094,1.0524970460569727,0.38650633438087273,0.4078146776349811,0.004070591238584093,0.007556536475301352,0.007161706956261747,0.007946873816140705
3.4,0.05,0.025,0.0075504951257702,0.7174999999999999,0.5488665426391636,1.0189011390316003,0.965663488689059,1.0715330772863445,0.38650633438087273,0.4078146776349811,0.004144214154895346,0.007693208083899803,0.0072912374644809866,0.008090605277152087
3.45,0.05,0.025,0.0075504951257702,0.7174999999999999,0.563731053479144,1.0464952185562482,0.9918157757757736,1.1005525452359362,0.38650633438087273,0.4078146776349811,0.004256448571539576,0.007901557046850772,0.007488700180656968,0.008309716628457923
3.5,0.05,0.025,0.0075504951257702,0.7174999999999999,0.5646778040713013,1.0482527409807152,0.9934814675400139,1.1024008535160492,0.38650633438087273,0.4078146776349811,0.004263597007270981,0.007914827211350142,0.007501276978203899,0.008323672271117837
3.55,0.05,0.025,0.0075504951257702,0.7174999999999999,0.578768412018496,1.0744101679173448,1.0182721672292518,1.129909457742303,0.38650633438087273,0.4078146776349811,0.004369988073895413,0.008112328735937854,0.007688459035371924,0.008531375853244908
3.6,0.05,0.025,0.0075504951257702,0.7174999999999999,0.5882049665589684,1.091927934847697,1.0348746297057227,1.148332115237716,0.38650633438087273,0.4078146776349811,0.004441238732957314,0.008244596549759856,0.0078138158473763,0.008670476038867758
3.65,0.05,0.025,0.0075504951257702,0.7174999999999999,0.6071954398723517,1.1271813405239037,1.0682860426577312,1.1854065563409544,0.38650633438087273,0.4078146776349811,0.004584626209146084,0.008510777217484855,0.008066088558015536,0.008950406425708414
3.7,0.05,0.025,0.0075504951257702,0.7174999999999999,0.6234097037823583,1.1572810654716599,1.0968130550323143,1.2170611003032823,0.38650633438087273,0.4078146776349811,0.00470705192976654,0.00873804504398991,0.008281481625902611,0.00918941390560445
3.75,0.05,0.025,0.0075504951257702,0.7174999999999999,0.6340415208734828,1.17701768576561,1.115518435640782,1.2378172273392267,0.38650633438087273,0.4078146776349811,0.004787327412891156,0.008887066299318559,0.008422716511012522,0.009346132941619215
3.8,0.05,0.025,0.0075504951257702,0.7174999999999999,0.6377737921806022,1.1839461741877928,1.1220849100952768,1.245103610910277,0.38650633438087273,0.4078146776349811,0.004815507909203613,0.008939379817379205,0.00847229664437468,0.009401148745256922
3.85,0.05,0.025,0.0075504951257702,0.7174999999999999,0.6465398557638137,1.2002192596755878,1.1375077258149795,1.2622172922103625,0.38650633438087273,0.4078146776349811,0.004881696029560843,0.009062249670036044,0.008588746539291947,0.009530365512497202
3.9,0.05,0.025,0.0075504951257702,0.7174999999999999,0.685726298164326,1.272963921072679,1.206451473954259,1.3387196219231974,0.38650633438087273,0.4078146776349811,0.005177573071902186,0.009611507881340584,0.009109305973569905,0.010107995980104027
4.0,0.05,0.025,0.0075504951257702,0.7174999999999999,0.6767494326761433,1.2562995085784092,1.1906577780894523,1.3211943993897086,0.38650633438087273,0.4078146776349811,0.005109793292788968,0.009485683316028776,0.008990055749924786,0.009975671872786881
4.1,0.05,0.025,0.0075504951257702,0.7174999999999999,0.6634464275478749,1.2316041664055,1.1672527691405692,1.2952234047765048,0.38650633438087273,0.4078146776349811,0.0050093490174098814,0.009299221255322997,0.008813336343937635,0.009779578004548482
4.2,0.05,0.025,0.0075504951257702,0.7174999999999999,0.6921609411205953,1.2849090197953659,1.2177724404969483,1.3512817517535505,0.38650633438087273,0.4078146776349811,0.00522615781217957,0.009701699291023075,0.009194784876269489,0.0102028462801574
1.5,0.1,0.025,0.0047552096122182,0.735,0.43522266223375006,0.8079356853308256,0.7657209935739937,0.8496700788604588,0.3959333181462599,0.41776137708949285,0.0020695749869091232,0.0038419035369392407,0.003641163828920325,0.004040359326211449
1.6,0.1,0.025,0.0047552096122182,0.735,0.36386015673799676,0.6754602427867282,0.6401674014616656,0.7103515393316259,0.3959333181462599,0.41776137708949285,0.0017302313148237429,0.0032119550391706887,0.0030441301808592594,0.003377870467883742
1.7,0.1,0.025,0.0047552096122182,0.735,0.3468888671991908,0.6439551957514735,0.6103084951694494,0.6772190805419311,0.3959333181462599,0.41776137708949285,0.0016495292756770748,0.003062141936675259,0.0029021448226481906,0.003220318681370562
1.75,0.1,0.025,0.0047552096122182,0.735,0.4016241794324481,0.7455643623651879,0.7066085762629343,0.7840769284834649,0.3959333181462599,0.41776137708949285,0.0019098071585364241,0.003545314822446274,0.0033600718939213216,0.003728450147043094
1.8,0.1,0.025,0.0047552096122182,0.735,0.469858719890928,0.872233134449825,0.8266588968224605,0.9172888505713489,0.3959333181462599,0.41776137708949285,0.002234276701209879,0.004147651385031017,0.003930936332195857,0.004361900759417462
1.85,0.1,0.025,0.0047552096122182,0.735,0.510343589933298,0.9473881621207971,0.8978870694420839,0.9963260554471395,0.3959333181462599,0.41776137708949285,0.0024267907443847616,0.0045050292950185485,0.004269641223297427,0.004737739235765681
1.9,0.1,0.025,0.0047552096122182,0.735,0.5949829733524085,1.1045104449948682,1.0467997028847862,1.1615645823549863,0.3959333181462599,0.41776137708949285,0.0028292687539915374,0.005252178684834998,0.004977752009224891,0.00552348306722665
1.95,0.1,0.025,0.0047552096122182,0.735,0.6459114094334463,1.1990526287515153,1.1364020514320623,1.2609903982790074,0.3959333181462599,0.41776137708949285,0.0030714441427793287,0.005701746585794706,0.005403829958314224,0.005996273662811192
2.0,0.1,0.025,0.0047552096122182,0.735,0.7128346178934553,1.3232870792605178,1.2541452438755547,1.3916422524769647,0.3959333181462599,0.41776137708949285,0.003389678026928846,0.006292507439023761,0.005963723518794776,0.006617550615747449
2.05,0.1,0.025,0.0047552096122182,0.735,0.7442299606627979,1.3815685521193959,1.3093815060121659,1.4529342891318746,0.3959333181462599,0.41776137708949285,0.003538969462644509,0.006569648058976532,0.006226383523449793,0.006909007097601307
2.1,0.1,0.025,0.0047552096122182,0.735,0.7532004685171932,1.3982211624727003,1.325164016398635,1.4704470998778574,0.3959333181462599,0.41776137708949285,0.0035816261078202086,0.006648834711797089,0.006301432668544465,0.006992284183597562
2.15,0.1,0.025,0.0047552096122182,0.735,0.7879929647624663,1.4628090199937718,1.3863771541914032,1.5383712812078179,0.3959333181462599,0.41776137708949285,0.003747071720398797,0.006955963512713868,0.006592513969770673,0.007315277903559843
2.2,0.1,0.025,0.0047552096122182,0.735,0.8215427201463588,1.525089886687723,1.4454038415768158,1.6038693027411517,0.3959333181462599,0.41776137708949285,0.003906607839687852,0.007252122088674225,0.006873198241003186,0.007626734725136426
2.25,0.1,0.025,0.0047552096122182,0.735,0.7613443014266446,1.4133391556147565,1.3394920934222907,1.4863460218569788,0.3959333181462599,0.41776137708949285,0.0036203517403515305,0.006720723938103644,0.006369565678131955,0.007067886890216588
2.3,0.1,0.025,0.0047552096122182,0.735,0.7394767818759845,1.3727448784142766,1.30101886982821,1.4436548233662327,0.3959333181462599,0.41776137708949285,0.0035163671011888627,0.006527689640958872,0.006186617435484362,0.006864881292796277
2.35,0.1,0.025,0.0047552096122182,0.735,0.6559873573695695,1.217757348444529,1.1541294483126603,1.280661321280902,0.3959333181462599,0.41776137708949285,0.003119357387257392,0.005790691448672771,0.00548812744636045,0.006089813024951005
2.4,0.1,0.025,0.0047552096122182,0.735,0.6144566608501288,1.1406608765317692,1.0810612720383135,1.1995823857179126,0.3959333181462599,0.41776137708949285,0.002921870219966031,0.005424081564365106,0.005140672952193422,0.005704265691213458
2.45,0.1,0.025,0.0047552096122182,0.735,0.5604837216443386,1.040466958773119,0.9861024929557807,1.0942128921443348,0.3959333181462599,0.41776137708949285,0.0026652175806549886,0.0049476384835533726,0.004689124053135658,0.005203211662537817
2.5,0.1,0.025,0.0047552096122182,0.735,0.49880618452160147,0.9259704319401196,0.8775884170470819,0.9738019798034492,0.3959333181462599,0.41776137708949285,0.0023719279632710044,0.004403183498591495,0.004173116876313638,0.0046306325347584745
2.55,0.1,0.025,0.0047552096122182,0.735,0.4577531537234193,0.8497606858699052,0.8053606351327187,0.8936555744284964,0.3959333181462599,0.41776137708949285,0.0021767121966087986,0.004040790181533703,0.0038296586334852583,0.004249519577534762
2.6,0.1,0.025,0.0047552096122182,0.735,0.42614440663563524,0.7910830549539358,0.7497489142230943,0.8319469159388028,0.3959333181462599,0.41776137708949285,0.002026405978626794,0.003761765746979894,0.0035652132436638164,0.003956081971527481
2.65,0.1,0.025,0.0047552096122182,0.735,0.4297557294812959,0.7977870178939279,0.7561025946663488,0.8389971760316816,0.3959333181462599,0.41776137708949285,0.0020435785757353026,0.0037936444959920986,0.003595426325980543,0.003989607436089777
2.7,0.1,0.025,0.0047552096122182,0.735,0.4752861596101217,0.8823084880782706,0.8362078125728815,0.927884652523732,0.3959333181462599,0.41776137708949285,0.002260085314732324,0.0041955618034514985,0.00397634342815852,0.004412286018710594
2.75,0.1,0.025,0.0047552096122182,0.735,0.5386223451503634,0.9998840853784227,0.9476400773178947,1.0515336865296745,0.3959333181462599,0.41776137708949285,0.002561262153014517,0.004754658413895479,0.0045062272045852505,0.0050002630937571475
2.8,0.1,0.025,0.0047552096122182,0.735,0.565720806566973,1.050188942859122,0.9953165027451818,1.1044370710425002,0.3959333181462599,0.41776137708949285,0.0026901210172191026,0.004993868555728967,0.00473293860105329,0.005251829776311411
2.85,0.1,0.025,0.0047552096122182,0.735,0.7169972810757351,1.3310145356243832,1.2614689401451606,1.399768875149149,0.3959333181462599,0.41776137708949285,0.0034094723629056497,0.00632925311380321,0.005998549229692973,0.0066561944099930905
2.9,0.1,0.025,0.0047552096122182,0.735,0.8460972790902964,1.5706723117998407,1.4886045820318818,1.651806314860879,0.3959333181462599,0.41776137708949285,0.004023369914401842,0.007468876074715584,0.00707862681727006,0.007854685265949174
2.95,0.1,0.025,0.0047552096122182,0.735,0.7826620216021549,1.4529127999909341,1.376998012323079,1.5279638661339456,0.3959333181462599,0.41776137708949285,0.0037217219682406954,0.006908904912231749,0.00654791418420406,0.007265788463362221
3.0,0.1,0.025,0.0047552096122182,0.735,0.726904099824392,1.3494052884267855,1.278898774925466,1.4191096131158376,0.3959333181462599,0.41776137708949285,0.0034565813626457665,0.006416704998305122,0.006081431747579656,0.006748163673079681
3.1,0.1,0.025,0.0047552096122182,0.735,0.6539268149835806,1.2139322127858463,1.1505041762392743,1.2766385959875712,0.3959333181462599,0.41776137708949285,0.003109559076297155,0.005772502126820565,0.005470888517750179,0.006070684122968845
3.2,0.1,0.025,0.0047552096122182,0.735,0.6003517687674047,1.1144769329087862,1.0562454411612974,1.1720458950702592,0.3959333181462599,0.41776137708949285,0.0028547985015549607,0.005299571423963318,0.005022668474671854,0.00557332390619898
3.3,0.1,0.025,0.0047552096122182,0.735,0.5684054412403241,1.0551726267131396,1.000039788795846,1.1096781900203365,0.3959333181462599,0.41776137708949285,0.0027028870178231164,0.005017567017095848,0.004755398816282666,0.0052767523956535976
3.4,0.1,0.025,0.0047552096122182,0.735,0.5495656567642074,1.0201989557556717,0.9668934944054496,1.0728979334974382,0.3959333181462599,0.41776137708949285,0.002613299893590167,0.00485125988078434,0.004597781238588038,0.005101854566296061
3.45,0.1,0.025,0.0047552096122182,0.735,0.5537454541613183,1.027958219616718,0.9742473362284536,1.0810580067017983,0.3959333181462599,0.41776137708949285,0.002633175706350033,0.004888156806880125,0.004632750297911519,0.005140657424833838
3.5,0.1,0.025,0.0047552096122182,0.735,0.544657076155367,1.0110867982732215,0.9582574477401666,1.0633150821550914,0.3959333181462599,0.41776137708949285,0.002589958563896661,0.0048079296619357465,0.004556715026473719,0.005056286099480475
3.55,0.1,0.025,0.0047552096122182,0.735,0.559661763261883,1.0389410972620612,0.9846563578072568,1.0926082113585123,0.3959333181462599,0.41776137708949285,0.0026613089962538926,0.004940382692229077,0.004682247377376831,0.0051955810690405314
3.6,0.1,0.025,0.0047552096122182,0.735,0.5687317076365895,1.0557782989065732,1.000613814578042,1.1103151485675353,0.3959333181462599,0.41776137708949285,0.0027044384829267814,0.005020447115331916,0.004758128429199825,0.005279781267059822
3.65,0.1,0.025,0.0047552096122182,0.735,0.5646594990288802,1.0482187599905766,0.9934492620588053,1.1023651172178575,0.3959333181462599,0.41776137708949285,0.0026850742774124445,0.004984499923214631,0.0047240594801931084,0.005241977201568398
3.7,0.1,0.025,0.0047552096122182,0.735,0.5675661041118355,1.053614503763731,0.9985630778712098,1.1080395813125703,0.3959333181462599,0.41776137708949285,0.0026988957938418358,0.005010157815869802,0.004748376746299367,0.005268960467775764
3.75,0.1,0.025,0.0047552096122182,0.735,0.5559377918100992,1.0320280164688707,0.9781044859321438,1.0853380313066014,0.3959333181462599,0.41776137708949285,0.002643600731410744,0.004907509543991256,0.004651091853258271,0.005161009838975128
3.8,0.1,0.025,0.0047552096122182,0.735,0.575063426573112,1.0675323322375718,1.0117536989081033,1.1226763434108955,0.3959333181462599,0.41776137708949285,0.0027345471336755974,0.005076340007609814,0.004811100914245131,0.00533856133959747
3.85,0.1,0.025,0.0047552096122182,0.735,0.5784835447256849,1.0738813479099847,1.0177709781014417,1.129353321226099,0.3959333181462599,0.41776137708949285,0.0027508105123896336,0.005106530907963396,0.004839714338104695,0.005370311768684894
3.9,0.1,0.025,0.0047552096122182,0.735,0.6013550879826413,1.116339467808985,1.0580106584926279,1.1740046403073683,0.3959333181462599,0.41776137708949285,0.0028595694947313767,0.005308428167823835,0.005031062453093451,0.005582638150378368
4.0,0.1,0.025,0.0047552096122182,0.735,0.5967094099236567,1.107715355573772,1.0498371566788827,1.1649350444768605,0.3959333181462599,0.41776137708949285,0.0028374783217700226,0.005267418706426101,0.004992195738703247,0.0055395103211062025
4.1,0.1,0.025,0.0047552096122182,0.735,0.60529075462865,1.1236455338868792,1.0649349821459289,1.1816881055302493,0.3959333181462599,0.41776137708949285,0.002878284414596964,0.005343170043464939,0.005063989063487737,0.005619174638061356
4.2,0.1,0.025,0.0047552096122182,0.735,0.5899950540683059,1.095251005322097,1.038024069533142,1.1518268408740593,0.3959333181462599,0.41776137708949285,0.0028055501522668046,0.005208148108299282,0.00493602203315785,0.0054771780653352494
1.5,0.15,0.025,0.0025263352604128,0.7525,0.37746298207804796,0.7007121631650084,0.6640999073687299,0.7369078625251061,0.405360301911647,0.42770807654400456,0.0009535980411243374,0.001770233845203888,0.0016777390124224968,0.0018616763167726039
1.6,0.15,0.025,0.0025263352604128,0.7525,0.31456365241739725,0.5839475334111156,0.5534362370632898,0.6141116870715139,0.405360301911647,0.42770807654400456,0.0007946932467463068,0.001475247243887583,0.0013981654800831664,0.001551452008880357
1.7,0.15,0.025,0.0025263352604128,0.7525,0.2969756743662616,0.5512976823500606,0.5224923428295837,0.5797752887300177,0.405360301911647,0.42770807654400456,0.0007502601176363564,0.0013927627739048136,0.0013199908289860704,0.0014647067550346555
1.75,0.15,0.025,0.0025263352604128,0.7525,0.32119133211867457,0.5962509803734632,0.565096828126966,0.6270506758308392,0.405360301911647,0.42770807654400456,0.0008114369876703659,0.0015063298757731806,0.001427624042444586,0.0015841402324171254
1.8,0.15,0.025,0.0025263352604128,0.7525,0.35577833474796977,0.6604573650534743,0.6259484250592651,0.6945736791155271,0.405360301911647,0.42770807654400456,0.0008988153519647445,0.0016685367293339207,0.0015813555774270805,0.0017547259765042019
1.85,0.15,0.025,0.0025263352604128,0.7525,0.41712158704011865,0.7743333344864735,0.7338743677322059,0.8143319787985378,0.405360301911647,0.42770807654400456,0.0010537889732187987,0.0019562256062261967,0.0018540126919150215,0.0020572755917204746
1.9,0.15,0.025,0.0025263352604128,0.7525,0.4753712932268275,0.8824665278425715,0.8363575947492872,0.9280508559251099,0.405360301911647,0.42770807654400456,0.0012009472598669667,0.0022294063054227424,0.0021129196819291633,0.0023445676007798847
1.95,0.15,0.025,0.0025263352604128,0.7525,0.5272507699296712,0.978774197919744,0.9276331828427783,1.0293333554050423,0.405360301911647,0.42770807654400456,0.0013320122111531254,0.002472711768186906,0.002343512418544665,0.002600441150478779
2.0,0.15,0.025,0.0025263352604128,0.7525,0.5833787955170076,1.0829687602764606,1.0263835725846588,1.1389101492289364,0.405360301911647,0.42770807654400456,0.0014738104212917648,0.0027359421650119593,0.002592989010129084,0.002877268868439066
2.05,0.15,0.025,0.0025263352604128,0.7525,0.5980868023409688,1.110272309940392,1.0522605100146496,1.1676240798267954,0.405360301911647,0.42770807654400456,0.0015109677775415303,0.002804920085262381,0.002658362829589966,0.002949809883773483
2.1,0.15,0.025,0.0025263352604128,0.7525,0.6310178448836999,1.1714046146987558,1.1101986478998145,1.2319142097814981,0.405360301911647,0.42770807654400456,0.001594162631479386,0.002959360782323737,0.0028047339902519163,0.0031122283059745698
2.15,0.15,0.025,0.0025263352604128,0.7525,0.6393714437319604,1.1869120117074696,1.1248957824129366,1.2482226505132863,0.405360301911647,0.42770807654400456,0.0016152666228010902,0.0029985376661840705,0.002841863879399447,0.0031534288948376387
2.2,0.15,0.025,0.0025263352604128,0.7525,0.6402303448596544,1.1885064527406484,1.1264069137991197,1.2498994533368237,0.405360301911647,0.42770807654400456,0.0016174364950051917,0.003002565758786839,0.0028456815039034776,0.003157665060935501
2.25,0.15,0.025,0.0025263352604128,0.7525,0.6351501178971576,1.179075655567737,1.1174688763877887,1.2399815027831933,0.405360301911647,0.42770807654400456,0.0016046021384989362,0.002978740403355112,0.0028231010248323434,0.003132608992740834
2.3,0.15,0.025,0.0025263352604128,0.7525,0.6200718766591496,1.1510848126605941,1.090940556830948,1.2105447764049737,0.405360301911647,0.42770807654400456,0.0015665094459943465,0.002908026149950121,0.002756081595736398,0.0030582419529404142
2.35,0.15,0.025,0.0025263352604128,0.7525,0.6318185031628971,1.1728909352690102,1.1116073081242464,1.2334773071159388,0.405360301911647,0.42770807654400456,0.0015961853627216632,0.0029631157263886477,0.0028082927382468395,0.0031161772138860247
2.4,0.15,0.025,0.0025263352604128,0.7525,0.5789333619743628,1.0747163765944263,1.0185623764831728,1.1302314838088916,0.405360301911647,0.42770807654400456,0.0014625797657851598,0.002715093877133581,0.0025732300466392967,0.0028553436499750818
2.45,0.15,0.025,0.0025263352604128,0.7525,0.5164497304290274,0.958723437680262,0.9086300761212286,1.0082468613397173,0.405360301911647,0.42770807654400456,0.0013047251642135374,0.0024220568255958197,0.0022955041999766263,0.002547169597003063
2.5,0.15,0.025,0.0025263352604128,0.7525,0.503212800138984,0.9341507550660952,0.8853413177612192,0.9824048623369837,0.405360301911647,0.42770807654400456,0.0012712842404821742,0.0023599779910647174,0.002236668988560501,0.0024818840437229044
2.55,0.15,0.025,0.0025263352604128,0.7525,0.45833300112576814,0.8508370990465526,0.8063808056513426,0.8947875903615642,0.405360301911647,0.42770807654400456,0.0011579028217548477,0.002149499764188644,0.002037188262637068,0.002260533440110224
2.6,0.15,0.025,0.0025263352604128,0.7525,0.4721001210456535,0.8763940114794129,0.8306023677584305,0.9216646601537799,0.405360301911647,0.42770807654400456,0.0011926831822427855,0.002214065093215061,0.002098380049050483,0.0023284339292228744
2.65,0.15,0.025,0.0025263352604128,0.7525,0.47459257493466744,0.8810209360762171,0.8349875352461201,0.9265305912649155,0.405360301911647,0.42770807654400456,0.0011989799563875544,0.002225754255971239,0.002109458452297449,0.002340726902563676
2.7,0.15,0.025,0.0025263352604128,0.7525,0.5260644871582075,0.9765720143775554,0.9255460635329454,1.02701741677536,0.405360301911647,0.42770807654400456,0.0013290152631587563,0.002467148314254374,0.0023382396554395457,0.0025945903130576604
2.75,0.15,0.025,0.0025263352604128,0.7525,0.5445411381416537,1.0108715740519354,0.9580534689983478,1.0630887403999332,0.405360301911647,0.42770807654400456,0.0013756934780325774,0.0025538005012763934,0.0024203642600913273,0.0026857185698201808
2.8,0.15,0.025,0.0025263352604128,0.7525,0.7037473711454821,1.306417757954012,1.2381573456971902,1.3739015364458957,0.405360301911647,0.42770807654400456,0.0017779017981476451,0.003300449246748655,0.0031280005603739323,0.003470935895858588
2.85,0.15,0.025,0.0025263352604128,0.7525,0.8836728296328922,1.6404265567270273,1.5547141631550108,1.725163756380331,0.405360301911647,0.42770807654400456,0.0022324538281703285,0.004144267452377047,0.003927729210241683,0.004358342027729828
2.9,0.15,0.025,0.0025263352604128,0.7525,0.9238805014096714,1.7150670009672258,1.6254546393613643,1.8036597967152503,0.405360301911647,0.42770807654400456,0.0023340318871191102,0.004332834238513936,0.0041064433696201864,0.00455664934223072
2.95,0.15,0.025,0.0025263352604128,0.7525,0.9187325937988374,1.7055105632527183,1.6163975261348527,1.793609715583872,0.405360301911647,0.42770807654400456,0.0023210265466045133,0.004308691472951837,0.004083562065118499,0.004531259467898509
3.0,0.15,0.025,0.0025263352604128,0.7525,0.8575811395120706,1.5919906424963395,1.5088090285721754,1.67422585648151,0.405360301911647,0.42770807654400456,0.0021665374714143325,0.004021902094385731,0.0038117574501110706,0.004229655815124059
3.1,0.15,0.025,0.0025263352604128,0.7525,0.7598166552467086,1.4105032741903039,1.3368043869854833,1.4833636513078094,0.405360301911647,0.42770807654400456,0.0019195516075986763,0.0035634041565146685,0.0033772160591159445,0.0037474738963135966
3.2,0.15,0.025,0.0025263352604128,0.7525,0.6445892290676107,1.196598168557463,1.1340758369417243,1.2584091514984712,0.405360301911647,0.42770807654400456,0.0016284484978758083,0.0030230081457720977,0.002865055774848035,0.003179163411456741
3.3,0.15,0.025,0.0025263352604128,0.7525,0.5631334438495846,1.0453858320570704,0.990764354792852,1.0993858527239484,0.405360301911647,0.42770807654400456,0.0014226638755148974,0.0026409950882617505,0.0025030029242733196,0.0027774172445355046
3.4,0.15,0.025,0.0025263352604128,0.7525,0.5445223856086843,1.0108367623523364,0.9580204762123018,1.0630521304814946,0.405360301911647,0.42770807654400456,0.0013756461028473145,0.0025537125552522215,0.0024202809092526,0.0026856260808923484
3.45,0.15,0.025,0.0025263352604128,0.7525,0.5578099791640204,1.0355034948943154,0.981398370385319,1.0889930376164372,0.405360301911647,0.42770807654400456,0.0014092150189721942,0.002616028991432195,0.0024793413076160922,0.002751161509274448
3.5,0.15,0.025,0.0025263352604128,0.7525,0.535695241693905,0.9944502889740944,0.9424901971267537,1.0458192041727197,0.405360301911647,0.42770807654400456,0.0013533457779266694,0.002512314829762953,0.0023810462175947286,0.002642089931518395
3.55,0.15,0.025,0.0025263352604128,0.7525,0.5231239940076775,0.9711133617040232,0.9203726258142725,1.0212767941839802,0.405360301911647,0.42770807654400456,0.00132158659162957,0.002453357927530883,0.0023251698173133127,0.0025800875757883354
3.6,0.15,0.025,0.0025263352604128,0.7525,0.5463461617017257,1.0142223714106027,0.9612291869785398,1.066612625169076,0.405360301911647,0.42770807654400456,0.0013802535726982629,0.0025622657387940925,0.0024283871884018134,0.0026946210841660976
3.65,0.15,0.025,0.0025263352604128,0.7525,0.5400106111003226,1.002461225079616,0.9500825613031993,1.0542439498995253,0.405360301911647,0.42770807654400456,0.0013642478478198086,0.0025325531401152465,0.002400227074923578,0.002663373663708036
3.7,0.15,0.025,0.0025263352604128,0.7525,0.5138705405559296,0.9539354987273028,0.9040923072878958,1.003211598581056,0.405360301911647,0.42770807654400456,0.0012982092658938309,0.0024099608865942547,0.0022840402745693757,0.002534448835150413
3.75,0.15,0.025,0.0025263352604128,0.7525,0.5201869225526417,0.9656610609742979,0.9152052081499322,1.0155428516498048,0.405360301911647,0.42770807654400456,0.001314166564450361,0.002439583587947004,0.00231211518786261,0.0025656017145830675
3.8,0.15,0.025,0.0025263352604128,0.7525,0.5237202112315634,0.972220163378628,0.9214215970298721,1.02244076835076,0.405360301911647,0.42770807654400456,0.0013230928362251385,0.0024561540796277214,0.00232781987028244,0.0025830281647680805
3.85,0.15,0.025,0.0025263352604128,0.7525,0.5078715351745394,0.9427991059226614,0.8935377917267858,0.991499948849102,0.405360301911647,0.42770807654400456,0.0012830537670714187,0.0023818266247780818,0.0022573760297507676,0.002504861281474974
3.9,0.15,0.025,0.0025263352604128,0.7525,0.51198971974429,0.9504439933823434,0.9007832333227863,0.9995397374717417,0.405360301911647,0.42770807654400456,0.0012934576819588672,0.002401140173529364,0.002275680444332005,0.0025251724829586145
4.0,0.15,0.025,0.0025263352604128,0.7525,0.5209358653640845,0.9670513783362917,0.9165228813399375,1.0170049866737363,0.405360301911647,0.42770807654400456,0.0013160586450829419,0.002443095995721773,0.002315444072104221,0.0025692955578495097
4.1,0.15,0.025,0.0025263352604128,0.7525,0.5085937520190656,0.9441398099159805,0.8948084438498352,0.9929099076965882,0.405360301911647,0.42770807654400456,0.0012848783289514092,0.00238521369255018,0.0022605861230129455,0.0025084233102271093
4.2,0.15,0.025,0.0025263352604128,0.7525,0.4957685329052782,0.9203314168947305,0.8722440409021341,0.967871678115699,0.405360301911647,0.42770807654400456,0.0012524775256817279,0.0023250657097668302,0.002203580876216006,0.002445168347978598
1.5,0.2,0.025,0.0050526705208257,0.7699999999999999,0.33195225918274596,0.6162272769607859,0.5840293619269926,0.6480588597802093,0.41478728567703416,0.43765477599851627,0.0016772453942941526,0.003113593396428457,0.002950907940305159,0.003274427896571379
1.6,0.2,0.025,0.0050526705208257,0.7699999999999999,0.28121939218072245,0.5220481424007775,0.4947710932323754,0.5490148465728388,0.41478728567703416,0.43765477599851627,0.0014209089327560577,0.0026377372595602256,0.002499915317331927,0.0027739911307742273
1.7,0.2,0.025,0.0050526705208257,0.7699999999999999,0.2531752969284619,0.46998783561245816,0.4454309408372058,0.4942653339848184,0.41478728567703416,0.43765477599851627,0.0012792113593917329,0.0023746936821457424,0.002250615783831806,0.002497359882491161
1.75,0.2,0.025,0.0050526705208257,0.7699999999999999,0.25848814047413177,0.4798504559757812,0.4547782386493509,0.504637413810014,0.41478728567703416,0.43765477599851627,0.001306055407356698,0.0024245262533136,0.00229784459993661,0.002549766584463578
1.8,0.2,0.025,0.0050526705208257,0.7699999999999999,0.30638711997819545,0.5687688377384436,0.5390506292201648,0.5981489269368166,0.41478728567703416,0.43765477599851627,0.001548073169074515,0.0028738015396053296,0.002723645223493271,0.003022249450197179
1.85,0.2,0.025,0.0050526705208257,0.7699999999999999,0.3490865035048851,0.6480348288883055,0.614174967211309,0.6815094495304904,0.41478728567703416,0.43765477599851627,0.0017638190854772505,0.003274306476392268,0.003103223751457672,0.003443442705306859
1.9,0.2,0.025,0.0050526705208257,0.7699999999999999,0.37730672634667994,0.7004220942132636,0.6638249945384543,0.7366028098908695,0.41478728567703416,0.43765477599851627,0.001906406573521119,0.003539002067566358,0.0033540889808917292,0.0037218113030929732
1.95,0.2,0.025,0.0050526705208257,0.7699999999999999,0.42168248554150894,0.7828000642232307,0.7418987102932075,0.8232360624449668,0.41478728567703416,0.43765477599851627,0.0021306226638440917,0.003955230808201182,0.0037485697429370957,0.004159540584396309
2.0,0.2,0.025,0.0050526705208257,0.7699999999999999,0.47510651784460584,0.8819750059195264,0.8358917548784769,0.927533944147727,0.41478728567703416,0.43765477599851627,0.0024005566969655893,0.004456329112514663,0.004223485628475742,0.004686523416660412
2.05,0.2,0.025,0.0050526705208257,0.7699999999999999,0.5076762997802983,0.942436676169492,0.893194298951635,0.991118797573638,0.41478728567703416,0.43765477599851627,0.0025651210740217836,0.004761822011426549,0.004513016503682504,0.005007796731136535
2.1,0.2,0.025,0.0050526705208257,0.7699999999999999,0.509647670174484,0.9460962753325796,0.8966626838220155,0.9949674354862275,0.41478728567703416,0.43765477599851627,0.0025750817590981146,0.0047803127602359195,0.004530541109671953,0.005027242630462808
2.15,0.2,0.025,0.0050526705208257,0.7699999999999999,0.5228817421720793,0.9706636518892534,0.919946413366379,1.0208038543439444,0.41478728567703416,0.43765477599851627,0.0026419491645508493,0.0049044436195378495,0.0046481861235556365,0.005157785542388899
2.2,0.2,0.025,0.0050526705208257,0.7699999999999999,0.568038834093771,1.0544920670320848,0.9993947884020954,1.1089624756282508,0.41478728567703416,0.43765477599851627,0.002870113071709797,0.005328000981537573,0.0050496125860261054,0.005603222009308751
2.25,0.2,0.025,0.0050526705208257,0.7699999999999999,0.5668792500970433,1.0523394463797355,0.9973546423179056,1.1066986600886644,0.41478728567703416,0.43765477599851627,0.00286425407583311,0.005317124498624927,0.005039304400048341,0.0055917836952672955
2.3,0.2,0.025,0.0050526705208257,0.7699999999999999,0.5613972254143346,1.0421627626880072,0.987709691006555,1.0959962938089176,0.41478728567703416,0.43765477599851627,0.002836555211324349,0.005265705068935964,0.004990571638882681,0.00553770816466254
2.35,0.2,0.025,0.0050526705208257,0.7699999999999999,0.5311795016530004,0.9860673901930456,0.9345453053486086,1.0370032818193748,0.41478728567703416,0.43765477599851627,0.0026838750092690014,0.004982273633975934,0.004721949514710967,0.005239635912048261
2.4,0.2,0.025,0.0050526705208257,0.7699999999999999,0.5336328769158583,0.9906217702756391,0.9388617187776418,1.041792921086705,0.41478728567703416,0.43765477599851627,0.002696271106136166,0.005005285415959891,0.0047437589295995395,0.0052638363811796885
2.45,0.2,0.025,0.0050526705208257,0.7699999999999999,0.49677750907783835,0.9222044532188869,0.8740192109573421,0.9698414672340033,0.41478728567703416,0.43765477599851627,0.002510053075526815,0.004659595254953253,0.0044161311018395015,0.004900289391367592
2.5,0.2,0.025,0.0050526705208257,0.7699999999999999,0.4582436917494661,0.8506713075140558,0.8062236767371301,0.89461323476984,0.41478728567703416,0.43765477599851627,0.002315354392656866,0.0042981618383885235,0.004073582604641406,0.004520185918862092
2.55,0.2,0.025,0.0050526705208257,0.7699999999999999,0.4548953569445062,0.8444555485242141,0.800332691556089,0.8880763970896057,0.41478728567703416,0.43765477599851627,0.0022984363600939907,0.0042667556561759926,0.004043817397478539,0.004487157431815749
2.6,0.2,0.025,0.0050526705208257,0.7699999999999999,0.47986494491585496,0.8908084223992078,0.8442636247763944,0.9368236559566874,0.41478728567703416,0.43765477599851627,0.0024245994611539886,0.004500961455559725,0.004265785928713138,0.004733461269664512
2.65,0.2,0.025,0.0050526705208257,0.7699999999999999,0.5038952302217267,0.9354175999812044,0.8865419699476669,0.9837371468720876,0.41478728567703416,0.43765477599851627,0.0025460165753259977,0.004726356932086558,0.00447940447702932,0.0049704996822417784
2.7,0.2,0.025,0.0050526705208257,0.7699999999999999,0.5755140580467634,1.0683688724274312,1.0125465298189962,1.123556095576808,0.41478728567703416,0.43765477599851627,0.002907882915413652,0.005398115907081874,0.0051160640021808024,0.00567695876261496
2.75,0.2,0.025,0.0050526705208257,0.7699999999999999,0.6154215976276198,1.1424521593032633,1.0827589601692675,1.2014661982556563,0.41478728567703416,0.43765477599851627,0.00310952256421253,0.005772434346765265,0.005470824279207146,0.00607061284169488
2.8,0.2,0.025,0.0050526705208257,0.7699999999999999,0.6882504800470834,1.277649744666695,1.2108924629627504,1.343647494493925,0.41478728567703416,0.43765477599851627,0.003477502911478035,0.006455543200817892,0.0061182406515019145,0.0067890080858107665
2.85,0.2,0.025,0.0050526705208257,0.7699999999999999,0.8602163891548057,1.5968826493031392,1.5134454277072618,1.6793705627802762,0.41478728567703416,0.43765477599851627,0.004346389991013615,0.008068521887352015,0.007646941097454924,0.008485306136102367
2.9,0.2,0.025,0.0050526705208257,0.7699999999999999,1.0027829059109017,1.861539309940681,1.7642737607278207,1.9576982190500545,0.41478728567703416,0.43765477599851627,0.005066731627483945,0.009405744794695494,0.008914294021495755,0.009891604080067184
2.95,0.2,0.025,0.0050526705208257,0.7699999999999999,1.0854150679312624,2.0149354408076707,1.9096549338465472,2.1190181173749756,0.41478728567703416,0.43765477599851627,0.005484244716596314,0.010180804903135854,0.009648857189195802,0.010706700374756111
3.0,0.2,0.025,0.0050526705208257,0.7699999999999999,0.8513800804977986,1.5804791627430588,1.4978990243797254,1.6621197444637377,0.41478728567703416,0.43765477599851627,0.004301743034749438,0.007985640474371137,0.007568390243657015,0.008398143434934273
3.1,0.2,0.025,0.0050526705208257,0.7699999999999999,0.7293918489058597,1.3540234791449592,1.283275664880248,1.4239663591946998,0.41478728567703416,0.43765477599851627,0.0036853766930971905,0.006841434517581587,0.0064839691220334285,0.00719483284575056
3.2,0.2,0.025,0.0050526705208257,0.7699999999999999,0.6525955669336714,1.2114609195861115,1.1481620082688884,1.274039646682533,0.41478728567703416,0.43765477599851627,0.0032973503830672963,0.006121112875525139,0.005801284332312246,0.006437302565156024
3.3,0.2,0.025,0.0050526705208257,0.7699999999999999,0.5714070812605178,1.0607447907966565,1.0053208069459987,1.1155381875204182,0.41478728567703416,0.43765477599851627,0.002887131714876073,0.005359593934577691,0.005079554805228752,0.005636446914939749
3.4,0.2,0.025,0.0050526705208257,0.7699999999999999,0.5709133606546256,1.0598282610965806,1.0044521659819656,1.1145743139390418,0.41478728567703416,0.43765477599851627,0.0028846371073251577,0.005354963011980656,0.005075165848636601,0.0056315767793093255
3.45,0.2,0.025,0.0050526705208257,0.7699999999999999,0.5201710332956276,0.9656315645834411,0.9151772529474033,1.0155118316055112,0.41478728567703416,0.43765477599851627,0.0026282528457202614,0.004879018140349551,0.00462408912729759,0.005131046695102878
3.5,0.2,0.025,0.0050526705208257,0.7699999999999999,0.5071603636630644,0.9414789061895814,0.8922865725150534,0.9901115534214904,0.41478728567703416,0.43765477599851627,0.002562514218811607,0.004756982715283323,0.004508430061075414,0.005002707458301704
3.55,0.2,0.025,0.0050526705208257,0.7699999999999999,0.4980772023738685,0.9246171690192512,0.8763058622012591,0.9723788132896166,0.41478728567703416,0.43765477599851627,0.0025166199975297818,0.004671785912952884,0.00442768479717105,0.004913109764983923
3.6,0.2,0.025,0.0050526705208257,0.7699999999999999,0.5018598604951394,0.9316391941727572,0.8829609860868225,0.9797635652869201,0.41478728567703416,0.43765477599851627,0.002535732522709489,0.0047072658924425005,0.004461310945440079,0.004950422483704307
3.65,0.2,0.025,0.0050526705208257,0.7699999999999999,0.49012055635123175,0.9098466645968937,0.8623071175892476,0.9568453297646077,0.41478728567703416,0.43765477599851627,0.00247641768672656,0.004597155420680313,0.004356953752941372,0.0048346241906913785
3.7,0.2,0.025,0.0050526705208257,0.7699999999999999,0.5012101882646885,0.9304331600566664,0.8818179673312158,0.9784952327684627,0.41478728567703416,0.43765477599851627,0.002532449942982491,0.0047011721994170185,0.0044555356482688735,0.004944014017377693
3.75,0.2,0.025,0.0050526705208257,0.7699999999999999,0.4935475442219644,0.9162084330299762,0.8683364832106869,0.9635357190918421,0.41478728567703416,0.43765477599851627,0.002493733127316238,0.004629299340502468,0.004387418150876098,0.0048684285236179434
3.8,0.2,0.025,0.0050526705208257,0.7699999999999999,0.4806627985226248,0.8922895364507389,0.8456673505230429,0.9383812778266145,0.41478728567703416,0.43765477599851627,0.002428630752552849,0.004508445036865877,0.0042728784924125525,0.004741331419769286
3.85,0.2,0.025,0.0050526705208257,0.7699999999999999,0.48246047159398475,0.8956266885591693,0.8488301362182042,0.9418908124920851,0.41478728567703416,0.43765477599851627,0.0024377138022865915,0.004525306566947654,0.004288859006458184,0.004759063942115325
3.9,0.2,0.025,0.0050526705208257,0.7699999999999999,0.4811141314246693,0.8931273787534678,0.8464614155113236,0.9392623993668033,0.41478728567703416,0.43765477599851627,0.002430911189002088,0.0045126783779699765,0.004276890641170458,0.004745783436600663
4.0,0.2,0.025,0.0050526705208257,0.7699999999999999,0.47004060860002683,0.8725707877744141,0.8269789077390249,0.9176439455772262,0.41478728567703416,0.43765477599851627,0.0023749603266643264,0.00440881269672144,0.004178451948477608,0.004636552512432233
4.1,0.2,0.025,0.0050526705208257,0.7699999999999999,0.4539772444153116,0.8427511890322736,0.798717384957716,0.8862839979046006,0.41478728567703416,0.43765477599851627,0.0022937974399829288,0.004258144089214176,0.004035655785446844,0.004478101029292122
4.2,0.2,0.025,0.0050526705208257,0.7699999999999999,0.4771783224922835,0.8858210485389568,0.8395368415225609,0.9315786563631729,0.41478728567703416,0.43765477599851627,0.00241102484323382,0.004475761898679698,0.004241903050308161,0.0047069600148366185
1.5,0.25,0.025,0.0042010552155319,0.7875,0.3207924831169632,0.5955105677766391,0.5643951021361618,0.6262720167853791,0.4242142694424213,0.44760147545302803,0.0013476669343019472,0.002501772776662413,0.002371054987449782,0.0026310033224578987
1.6,0.25,0.025,0.0042010552155319,0.7875,0.24845817303660347,0.46123109324798967,0.43713173882702755,0.48505625693763726,0.4242142694424213,0.44760147545302803,0.0010437865036769503,0.001937657289854947,0.0018364145712738125,0.0020377481180342424
1.7,0.25,0.025,0.0042010552155319,0.7875,0.21746045594522223,0.4036877620405136,0.3825950503928438,0.4245404910757426,0.4242142694424213,0.44760147545302803,0.0009135633826206208,0.0016959145781667003,0.0016073029318895466,0.0017835180442382225
1.75,0.25,0.025,0.0042010552155319,0.7875,0.2461095938589138,0.45687125380915705,0.4329997012805501,0.48047120742556504,0.4242142694424213,0.44760147545302803,0.0010339199928734275,0.0019193413636415576,0.0018190556533884098,0.0020184860718680795
1.8,0.25,0.025,0.0042010552155319,0.7875,0.26963881771781345,0.5005502743504462,0.47439649017658664,0.5264064934906535,0.4242142694424213,0.44760147545302803,0.0011327675614832755,0.002102839340695865,0.001992965849286377,0.002211462744968769
1.85,0.25,0.025,0.0042010552155319,0.7875,0.3050968076464951,0.5663735365088324,0.536780482634554,0.5956298950118623,0.4242142694424213,0.44760147545302803,0.0012817285350054412,0.0023793664994896774,0.0022550444461676236,0.002502274076966302
1.9,0.25,0.025,0.0042010552155319,0.7875,0.3316917618455712,0.6157436966859056,0.5835710487527175,0.6475502998815031,0.4242142694424213,0.44760147545302803,0.0013934554060503017,0.0025867732683932157,0.0024516141979960245,0.0027203945646364345
1.95,0.25,0.025,0.0042010552155319,0.7875,0.37154737007522737,0.6897305795932339,0.6536921122480678,0.7253590187880928,0.4242142694424213,0.44760147545302803,0.001560891016871695,0.0028975962487119956,0.0027461966575118095,0.003047273289012819
2.0,0.25,0.025,0.0042010552155319,0.7875,0.41077549171968913,0.7625526132217058,0.7227091899146393,0.8019427174404761,0.4242142694424213,0.44760147545302803,0.001725690521901681,0.0032035256328925266,0.0030361412116037298,0.003369005635661137
2.05,0.25,0.025,0.0042010552155319,0.7875,0.4227331372578991,0.784750465909965,0.7437472033658004,0.8252872132792051,0.4242142694424213,0.44760147545302803,0.0017759252510554597,0.003296780037702147,0.00312452306773716,0.003467077151658392
2.1,0.25,0.025,0.0042010552155319,0.7875,0.45284058746090944,0.8406411295268067,0.7967175761977343,0.8840649420329982,0.4242142694424213,0.44760147545302803,0.0019024083117571832,0.003531579801589219,0.0033470545287914255,0.003714005635596634
2.15,0.25,0.025,0.0042010552155319,0.7875,0.5005002791335078,0.9291153037725305,0.8805689691230686,0.9771093018420302,0.4242142694424213,0.44760147545302803,0.0021026293080289946,0.0039032646927440948,0.0036993188603700157,0.0041048901286481945
2.2,0.25,0.025,0.0042010552155319,0.7875,0.4981003902498895,0.924660214370815,0.8763466584304227,0.9724240821741601,0.4242142694424213,0.44760147545302803,0.002092547242317773,0.0038845486161773572,0.00368158070001308,0.004085207262126576
2.25,0.25,0.025,0.0042010552155319,0.7875,0.5168204693328997,0.9594116674448646,0.9092823458361663,1.0089706420180329,0.4242142694424213,0.44760147545302803,0.0021711913281846225,0.004030541389361405,0.003819945341366107,0.004238741377968426
2.3,0.25,0.025,0.0042010552155319,0.7875,0.5178391194263264,0.9613026621764372,0.9110745359708428,1.0109593171958622,0.4242142694424213,0.44760147545302803,0.0021754707334724153,0.004038485562641022,0.0038274744310786146,0.004247095912196245
2.35,0.25,0.025,0.0042010552155319,0.7875,0.5201733745757162,0.9656359108730466,0.915181372143096,1.0155164024052652,0.4242142694424213,0.44760147545302803,0.0021852770682421413,0.004056689779678109,0.003844727476599394,0.004266240478782831
2.4,0.25,0.025,0.0042010552155319,0.7875,0.5151963217759833,0.9563966434506157,0.9064248570404084,1.005799875184147,0.4242142694424213,0.44760147545302803,0.0021643681946198457,0.004017875107085412,0.0038079408731573647,0.004225420811423695
2.45,0.25,0.025,0.0042010552155319,0.7875,0.47453678709548247,0.88091737302678,0.834889383372707,0.9264216786051831,0.4242142694424213,0.44760147545302803,0.0019935552443892273,0.003700782524406814,0.0035074163984101228,0.003891948624686122
2.5,0.25,0.025,0.0042010552155319,0.7875,0.4871285403528112,0.9042923662894531,0.8570430317272174,0.951004120907785,0.4242142694424213,0.44760147545302803,0.0020464538950836194,0.00379898216176599,0.0036004850983728984,0.0039952208221319795
2.55,0.25,0.025,0.0042010552155319,0.7875,0.44638171181422426,0.8286510458871168,0.7853539752028615,0.8714555035632674,0.4242142694424213,0.44760147545302803,0.0018752742185352044,0.003481208798180036,0.003299315413564692,0.0036610326883484427
2.6,0.25,0.025,0.0042010552155319,0.7875,0.4299136603475891,0.7980801965212507,0.7563804546914527,0.8393054989736192,0.4242142694424213,0.44760147545302803,0.001806091025031649,0.003352778972008324,0.0031775960541079173,0.0035259687438877266
2.65,0.25,0.025,0.0042010552155319,0.7875,0.5110864731363353,0.9487672305881563,0.899194081492926,0.9977763605081609,0.4242142694424213,0.44760147545302803,0.0021471024935572056,0.0039858235223881305,0.0037775639858312732,0.004191713583247246
2.7,0.25,0.025,0.0042010552155319,0.7875,0.5648604408048036,1.048591782917758,0.9938027945139418,1.1027574088639744,0.4242142694424213,0.44760147545302803,0.002373009900890668,0.004405191978590541,0.004175020413102973,0.004632744763974444
2.75,0.25,0.025,0.0042010552155319,0.7875,0.6133769362957018,1.1386565048077135,1.0791616288663362,1.1974744769922983,0.4242142694424213,0.44760147545302803,0.002576830377312036,0.004783558848221769,0.004533617589350822,0.005030656397034829
2.8,0.25,0.025,0.0042010552155319,0.7875,0.7311435394201594,1.3572752704668876,1.2863575498955169,1.4273861237119823,0.4242142694424213,0.44760147545302803,0.003071574379583514,0.0057019883539073885,0.005404059094027397,0.005996527919598085
2.85,0.25,0.025,0.0042010552155319,0.7875,0.9535175161281967,1.7700843607592838,1.6775973385497809,1.8615191106209985,0.4242142694424213,0.44760147545302803,0.004005779734231383,0.0074362221356992384,0.0070476790486769915,0.00782034456848665
2.9,0.25,0.025,0.0042010552155319,0.7875,1.0898253227861905,2.023122519716687,1.917414237353625,2.1276281046655017,0.4242142694424213,0.44760147545302803,0.004578416356309662,0.008499249413115827,0.008055163082169567,0.008938283145817258
2.95,0.25,0.025,0.0042010552155319,0.7875,1.0678075267350502,1.982249273248427,1.878676620654029,2.0846435265851944,0.4242142694424213,0.44760147545302803,0.004485918379374502,0.008327538647864622,0.007892424215496454,0.008757702559885543
3.0,0.25,0.025,0.0042010552155319,0.7875,0.9999006736610221,1.8561888112416072,1.7592028259314532,1.9520713371903637,0.4242142694424213,0.44760147545302803,0.004200637940097497,0.007797951686478511,0.007390508207057789,0.008200759472193907
3.1,0.25,0.025,0.0042010552155319,0.7875,0.8721119931512669,1.6189653297361335,1.5343742866609367,1.7025939370730823,0.4242142694424213,0.44760147545302803,0.0036637906373560504,0.006801362742253306,0.006445991099554967,0.007152691139273864
3.2,0.25,0.025,0.0042010552155319,0.7875,0.7180338679221927,1.3329388276635414,1.26329268780095,1.4017925676265925,0.4242142694424213,0.44760147545302803,0.003016499925763071,0.0055997496139408975,0.005307162334829494,0.00588900797732155
3.3,0.25,0.025,0.0042010552155319,0.7875,0.613675295481528,1.1392103708036572,1.079686555328208,1.1980569532623726,0.4242142694424213,0.44760147545302803,0.002578083800725753,0.004785885669852733,0.004535822834401239,0.005033103412007149
3.4,0.25,0.025,0.0042010552155319,0.7875,0.6008963882509264,1.115487949921102,1.0572036324694007,1.173109136761622,0.4242142694424213,0.44760147545302803,0.002524398905855836,0.004686226469879032,0.004441370834064846,0.0049282962573805374
3.45,0.25,0.025,0.0042010552155319,0.7875,0.5672699199132462,1.0530646753558002,0.998041978033116,1.1074613511944946,0.4242142694424213,0.44760147545302803,0.002383132255665906,0.004423982846695891,0.004192829457135796,0.004652506285435637
3.5,0.25,0.025,0.0042010552155319,0.7875,0.521117133707848,0.967387880031299,0.9168418007996404,1.0173588705619279,0.4242142694424213,0.44760147545302803,0.0021892418524663893,0.004064049898847837,0.0038517030290669886,0.00427398078924183
3.55,0.25,0.025,0.0042010552155319,0.7875,0.5570358340344923,1.0340663926245008,0.9800363568019492,1.0874817009827251,0.4242142694424213,0.44760147545302803,0.002340138295808766,0.004344170011941417,0.004117186848153711,0.004568570671708979
3.6,0.25,0.025,0.0042010552155319,0.7875,0.5155868222808958,0.9571215581217388,0.9071118948731309,1.006562235749429,0.4242142694424213,0.44760147545302803,0.0021660087088026764,0.004020920513645349,0.0038108271570277915,0.004228623530252589
3.65,0.25,0.025,0.0042010552155319,0.7875,0.4887126784404708,0.9072331177773076,0.8598301287598383,0.9540967786452275,0.4242142694424213,0.44760147545302803,0.002053108946658904,0.003811336421141625,0.003612193846897984,0.004008213248049718
3.7,0.25,0.025,0.0042010552155319,0.7875,0.5289018167802204,0.9818391570417377,0.9305379976526301,1.0325566367950978,0.4242142694424213,0.44760147545302803,0.0022219457358888424,0.004124760511503636,0.003909241508289193,0.0043378274443401236
3.75,0.25,0.025,0.0042010552155319,0.7875,0.491438005244451,0.9122923414119943,0.8646250076327514,0.9594173394555806,0.4242142694424213,0.44760147545302803,0.002064558195042794,0.0038325904989786677,0.0036323373977948793,0.004030565217791607
3.8,0.25,0.025,0.0042010552155319,0.7875,0.5119201856814872,0.9503149122118087,0.9006608966517515,0.9994039885373415,0.4242142694424213,0.44760147545302803,0.0021506049659932706,0.0039923254183451586,0.0037837261573044783,0.0041985513384681815
3.85,0.25,0.025,0.0042010552155319,0.7875,0.48123407181287353,0.8933500328754872,0.8466724359410825,0.9394965548185921,0.4242142694424213,0.44760147545302803,0.0020216909072811253,0.00375301281490716,0.0035569176528573833,0.003946876901594898
3.9,0.25,0.025,0.0042010552155319,0.7875,0.47620234736411826,0.8840092744691211,0.8378197327649273,0.9296732940370067,0.4242142694424213,0.44760147545302803,0.0020005523550425627,0.0037137717730870725,0.0035197269580076406,0.0039056088406548887
4.0,0.25,0.025,0.0042010552155319,0.7875,0.46535787367047177,0.8638778841578724,0.81874020889807,0.9085020049060836,0.4242142694424213,0.44760147545302803,0.0019549941222721705,0.003629198690824092,0.0034395728247569144,0.00381666708603189
4.1,0.25,0.025,0.0042010552155319,0.7875,0.4694004757126381,0.8713824622391104,0.825852672289715,0.9163942363867231,0.4242142694424213,0.44760147545302803,0.0019719773166657333,0.0036607258377126437,0.0034694526761836642,0.0038498227862558162
4.2,0.25,0.025,0.0042010552155319,0.7875,0.45127731943786625,0.8377391206675464,0.7939671974888606,0.8810130281974412,0.4242142694424213,0.44760147545302803,0.0018958409364757034,0.0035193883021355037,0.003335500035971824,0.0037011843770604134
1.5,0.01,0.03,0.0026569191782194,0.726,0.5069129674364462,0.9410196464652023,0.8918513091409445,0.9896285703656412,0.39108515506691793,0.4126459316557439,0.0013468267848700001,0.0025002131457746357,0.002369576847376654,0.002629363127918319
1.6,0.01,0.03,0.0026569191782194,0.726,0.43291507653487254,0.8036519450873525,0.7616610790350016,0.8451650594924888,0.39108515506691793,0.4126459316557439,0.0011502203693858223,0.0021352382655159107,0.002023671928191378,0.0022455352553265337
1.7,0.01,0.03,0.0026569191782194,0.726,0.4380956708910984,0.8132690615999351,0.7707757005884688,0.8552789538209838,0.39108515506691793,0.4126459316557439,0.001163984789885454,0.002160790166817362,0.002047888740998997,0.0022724070551343963
1.75,0.01,0.03,0.0026569191782194,0.726,0.5318757183582201,0.9873598282246119,0.935770213409525,1.0383624814984354,0.39108515506691793,0.4126459316557439,0.0014131507965351752,0.0026233352634133836,0.002486265826414228,0.0027588451910366798
1.8,0.01,0.03,0.0026569191782194,0.726,0.6249560484949338,1.1601516583509466,1.099533659248198,1.2200799753479228,0.39108515506691793,0.4126459316557439,0.001660457710790403,0.003082429190715671,0.0029213720663542916,0.0032416538854633486
1.85,0.01,0.03,0.0026569191782194,0.726,0.7277166188869031,1.3509136270372912,1.2803283027461239,1.4206958658453628,0.39108515506691793,0.4126459316557439,0.0019334842410295909,0.0035892683237933086,0.0034017288219832706,0.0037746740923815603
1.9,0.01,0.03,0.0026569191782194,0.726,0.7376332016995231,1.3693225055863383,1.2977753162016408,1.4400556658548112,0.39108515506691793,0.4126459316557439,0.001959831800086842,0.0036381792262597835,0.0034480841266358855,0.0038261115163131555
1.95,0.01,0.03,0.0026569191782194,0.726,0.9088159947643165,1.6871016545897692,1.5989504841388869,1.7742498839049703,0.39108515506691793,0.4126459316557439,0.0024146506459618543,0.0044824927416852395,0.004248282206331803,0.00471403854350066
2.0,0.01,0.03,0.0026569191782194,0.726,0.8617230425397783,1.5996795602656708,1.5160961998913012,1.6823119498253687,0.39108515506691793,0.4126459316557439,0.0022895284780375088,0.004250219302675437,0.004028145069516751,0.004469766883238695
2.05,0.01,0.03,0.0026569191782194,0.726,0.9513032495290603,1.765973855591431,1.673701607542516,1.8571962748884792,0.39108515506691793,0.4126459316557439,0.002527535847976196,0.00469204980515493,0.00444688989969635,0.004934420400468829
2.1,0.01,0.03,0.0026569191782194,0.726,0.8690503127566253,1.6132817083106936,1.5289876348221778,1.696616724836456,0.39108515506691793,0.4126459316557439,0.0023089964428006453,0.004286359110681238,0.004062396570219365,0.004507773514305767
2.15,0.01,0.03,0.0026569191782194,0.726,0.8320128721676442,1.544526396278972,1.4638247922861873,1.624309816679345,0.39108515506691793,0.4126459316557439,0.00221059095658762,0.004103681803539697,0.003889264164178201,0.00431565990330539
2.2,0.01,0.03,0.0026569191782194,0.726,0.7586197661993891,1.4082814014418858,1.3346986072317188,1.4810270064143571,0.39108515506691793,0.4126459316557439,0.0020155914057914744,0.0037416898638206403,0.003546186326696676,0.0039349690568031715
2.25,0.01,0.03,0.0026569191782194,0.726,0.6144360016115376,1.1406225252749573,1.081024924637148,1.1995420534043493,0.39108515506691793,0.4126459316557439,0.0016325067964701402,0.0030305418625120764,0.00287219585440162,0.0031870862867706953
2.3,0.01,0.03,0.0026569191782194,0.726,0.5747111818584414,1.0668784345901217,1.0111339674549789,1.1219886682954585,0.39108515506691793,0.4126459316557439,0.0015269611610168302,0.002834609773691186,0.002686501229880204,0.0029810332105390486
2.35,0.01,0.03,0.0026569191782194,0.726,0.4798614203042689,0.8908018794047261,0.8442574236537972,0.9368167749799733,0.39108515506691793,0.4126459316557439,0.0012749530104940122,0.002366788597384302,0.0022431237402598747,0.002489046455921939
2.4,0.01,0.03,0.0026569191782194,0.726,0.4988148829441329,0.9259865794585718,0.8776037208566517,0.9738189614314745,0.39108515506691793,0.4126459316557439,0.0013253108288755317,0.0024602715017372615,0.0023317221568207426,0.0025873582747409827
2.45,0.01,0.03,0.0026569191782194,0.726,0.39856787987254977,0.7398907297771483,0.7012313913441761,0.778110221063516,0.39108515506691793,0.4126459316557439,0.0010589626438556234,0.001965829869731653,0.0018631151320318148,0.0020673759691121926
2.5,0.01,0.03,0.0026569191782194,0.726,0.37082656365680156,0.6883924938771253,0.6524239415970756,0.7239518134664682,0.39108515506691793,0.4126459316557439,0.0009852562087729532,0.001829003219124415,0.001733437682758764,0.001923481457305773
2.55,0.01,0.03,0.0026569191782194,0.726,0.2632324382200413,0.4886576431545963,0.4631252497290671,0.5138995414281283,0.39108515506691793,0.4126459316557439,0.000699387313436281,0.0012983238636809387,0.0012304863579228073,0.0013653895472985492
2.6,0.01,0.03,0.0026569191782194,0.726,0.23914213434977466,0.4439370487182748,0.42074130924130654,0.466868878355192,0.39108515506691793,0.4126459316557439,0.0006353813230742366,0.0011795048586617043,0.0011178756535923666,0.0012404328766156896
2.65,0.01,0.03,0.0026569191782194,0.726,0.2944381444507795,0.5465870798258488,0.5180278695915997,0.5748213572588654,0.39108515506691793,0.4126459316557439,0.00078229835279061,0.0014522376949562357,0.0013763581815700596,0.0015272538881511849
2.7,0.01,0.03,0.0026569191782194,0.726,0.31057223089739777,0.5765379654794875,0.5464138195347993,0.6063193735457033,0.39108515506691793,0.4126459316557439,0.0008251653164936798,0.0015318147774540448,0.0014517773563661224,0.0016109415716995515
2.75,0.01,0.03,0.0026569191782194,0.726,0.33862488657596995,0.6286141636137751,0.5957690329520837,0.6610855983565247,0.39108515506691793,0.4126459316557439,0.0008996989553660636,0.0016701770270057868,0.001582910169439617,0.001756451004718098
2.8,0.01,0.03,0.0026569191782194,0.726,0.3849244610968666,0.7145634528329464,0.677227466256628,0.7514746487163323,0.39108515506691793,0.4126459316557439,0.0010227131828540322,0.001898537341886529,0.0017993386431141665,0.00199660740612011
2.85,0.01,0.03,0.0026569191782194,0.726,0.5540078551551901,1.028445333788869,0.9747089986536388,1.0815702830433194,0.39108515506691793,0.4126459316557439,0.0014719540952460202,0.0027324961310938984,0.00258972303170588,0.00287364482760998
2.9,0.01,0.03,0.0026569191782194,0.726,0.5761171474437323,1.0694884314199593,1.0136075917818335,1.1247334860482796,0.39108515506691793,0.4126459316557439,0.001530696697944306,0.0028415443243234736,0.002693073449793934,0.002988325969467236
2.95,0.01,0.03,0.0026569191782194,0.726,0.5707406564929063,1.0595076577195826,1.004148314152129,1.1142371496058372,0.39108515506691793,0.4126459316557439,0.0015164117960255333,0.0028150262152654747,0.0026679409136474703,0.0029604380518722675
3.0,0.01,0.03,0.0026569191782194,0.726,0.5443704992136117,1.0105548045193835,0.9577532506943373,1.0627556079506668,0.39108515506691793,0.4126459316557439,0.0014463484194175136,0.002684962440769307,0.0025446729797717576,0.0028236557565243445
3.1,0.01,0.03,0.0026569191782194,0.726,0.508548343059477,0.9440555139404513,0.8947285523444735,0.9928212573628105,0.39108515506691793,0.4126459316557439,0.0013511718457264233,0.002508279200292157,0.0023772214500245117,0.0026378458392311496
3.2,0.01,0.03,0.0026569191782194,0.726,0.5256353036510504,0.9757752896178473,0.9247909676934061,1.0261795367290862,0.39108515506691793,0.4126459316557439,0.0013965705190196536,0.002592556080618248,0.002457094857908688,0.0027264760914318086
3.3,0.01,0.03,0.0026569191782194,0.726,0.5429052149069028,1.0078346900049664,0.9551752623390367,1.059894984319433,0.39108515506691793,0.4126459316557439,0.001442455277441475,0.002677735316348999,0.002537823473069333,0.0028160553107368516
3.4,0.01,0.03,0.0026569191782194,0.726,0.5718031006690981,1.0614799506126311,1.006017554614092,1.1163113224495411,0.39108515506691793,0.4126459316557439,0.001519234624333045,0.0028202664380780813,0.0026729073344795634,0.0029659489614796463
3.45,0.01,0.03,0.0026569191782194,0.726,0.627766195415879,1.1653683397774177,1.104477768733102,1.2255661275250045,0.39108515506691793,0.4126459316557439,0.0016679240440382764,0.0030962894916443232,0.0029345081656639497,0.0032562301483972673
3.5,0.01,0.03,0.0026569191782194,0.726,0.5796331648960121,1.0760154719820547,1.0197935940528668,1.1315976847336615,0.39108515506691793,0.4126459316557439,0.0015400384721442225,0.0028588861435699204,0.0027095091578643515,0.0030065635905975356
3.55,0.01,0.03,0.0026569191782194,0.726,0.6055482537594258,1.1241235483717582,1.06538802034309,1.1821908121347946,0.39108515506691793,0.4126459316557439,0.0016088927687506862,0.0029867054143569677,0.0028306498634947564,0.0031409854410757035
3.6,0.01,0.03,0.0026569191782194,0.726,0.6420935516300154,1.1919652598514696,1.1296849980149375,1.2535369271654628,0.39108515506691793,0.4126459316557439,0.0017059906715367963,0.00316695535867064,0.003001481736572632,0.0033305463023921332
3.65,0.01,0.03,0.0026569191782194,0.726,0.6787414053111186,1.2599973531891173,1.194162410080344,1.325083258341034,0.39108515506691793,0.4126459316557439,0.0018033610568226979,0.0033477111321938485,0.003172793009251166,0.0035206391218237446
3.7,0.01,0.03,0.0026569191782194,0.726,0.6984214523004126,1.2965308649553275,1.2287870434964496,1.363503930168068,0.39108515506691793,0.4126459316557439,0.0018556493510968122,0.0034447777202531965,0.003264787861813233,0.0036227197416410653
3.75,0.01,0.03,0.0026569191782194,0.726,0.7373194582387749,1.3687400806347592,1.2972233229914103,1.4394431553994325,0.39108515506691793,0.4126459316557439,0.001958998209068939,0.0036366317702360594,0.003446617525289377,0.0038244841255374003
3.8,0.01,0.03,0.0026569191782194,0.726,0.7219210225407114,1.3401548373138226,1.2701316604807993,1.409381324504068,0.39108515506691793,0.4126459316557439,0.001918085809948176,0.003560683089042595,0.0033746371675950873,0.003744612270499118
3.85,0.01,0.03,0.0026569191782194,0.726,0.7420406844589186,1.3775044384515058,1.305529742545993,1.448660241279563,0.39108515506691793,0.4126459316557439,0.001971542125557951,0.003659917960604151,0.0034686870107062846,0.0038489731777796143
3.9,0.01,0.03,0.0026569191782194,0.726,0.8172941365863745,1.5172029300375254,1.4379289789211436,1.5955749407014326,0.39108515506691793,0.4126459316557439,0.002171484465742604,0.004031085562067368,0.0038204610810130255,0.004239313660235918
4.0,0.01,0.03,0.0026569191782194,0.726,0.7957875755074668,1.4772787264695957,1.400090817569021,1.5535884288912585,0.39108515506691793,0.4126459316557439,0.0021143432711545076,0.0039250101799326,0.0037199281444480112,0.004127758891780931
4.1,0.01,0.03,0.0026569191782194,0.726,0.733254770672755,1.3611945035789759,1.2900720028242887,1.4315078071180778,0.39108515506691793,0.4126459316557439,0.001948198662721311,0.0036165837818458164,0.0034276170455877645,0.0038034005465028184
4.2,0.01,0.03,0.0026569191782194,0.726,0.7350837376456113,1.3645897488474046,1.2932898463080853,1.435078435779931,0.39108515506691793,0.4126459316557439,0.0019530580801478225,0.0036256046741142637,0.003436166595652372,0.0038128874182727967
1.5,0.05,0.03,0.0030051465807009,0.7499999999999999,0.4831714778038066,0.8969465814306906,0.8500810646019143,0.9432788852070236,0.4040135899451631,0.4262871194790743,0.0014520011144143101,0.002695455952257801,0.002554618204607024,0.002834691316527244
1.6,0.05,0.03,0.0030051465807009,0.7499999999999999,0.41780579194728706,0.7756034741380777,0.7350781425049538,0.8156677282616902,0.4040135899451631,0.4262871194790743,0.0012555676470674213,0.0023308021282857833,0.002209017566496731,0.0024512010845736893
1.7,0.05,0.03,0.0030051465807009,0.7499999999999999,0.406648333065728,0.7548910665126186,0.7154479595160914,0.7938854090250945,0.4040135899451631,0.4262871194790743,0.0012220378476601932,0.0022685583073320512,0.002150025989209218,0.002385742022400098
1.75,0.05,0.03,0.0030051465807009,0.7499999999999999,0.4714396650286012,0.8751679586309022,0.8294403762504663,0.9203752748234927,0.4040135899451631,0.4262871194790743,0.0014167452973674784,0.0026300079984186426,0.0024925899105843565,0.00276586261009747
1.8,0.05,0.03,0.0030051465807009,0.7499999999999999,0.5470765222307106,1.0155781931214838,0.9625141669174317,1.068038482648726,0.4040135899451631,0.4262871194790743,0.0016440451401633597,0.0030519613344934253,0.0028924961575880954,0.0032096121941887963
1.85,0.05,0.03,0.0030051465807009,0.7499999999999999,0.6286972653976548,1.1670967531370442,1.1061158723830202,1.2273838230943936,0.4040135899451631,0.4262871194790743,0.0018893274374057686,0.003507296817036911,0.0033240403317508264,0.003688468299179715
1.9,0.05,0.03,0.0030051465807009,0.7499999999999999,0.6847306236674731,1.2711155776227943,1.2046997065690461,1.3367758012041238,0.4040135899451631,0.4262871194790743,0.002057715892415501,0.0038198886317687896,0.0036202992039673465,0.004017207228152278
1.95,0.05,0.03,0.0030051465807009,0.7499999999999999,0.748707709116435,1.3898809243360921,1.3172595562435023,1.46167604182966,0.4040135899451631,0.4262871194790743,0.002249976411995659,0.004176795907350013,0.003958558051340746,0.004392550759196828
2.0,0.05,0.03,0.0030051465807009,0.7499999999999999,0.8083794800561167,1.5006540005854225,1.4222447321020897,1.5781711665546492,0.4040135899451631,0.4262871194790743,0.0024292988303994106,0.004509685238674409,0.004274053893596462,0.004742635684932455
2.05,0.05,0.03,0.0030051465807009,0.7499999999999999,0.8638196298026912,1.6035716086678005,1.5197848885129661,1.6864050442793066,0.4040135899451631,0.4262871194790743,0.0025959046068438746,0.004818967736697082,0.004567176361115638,0.005067894352492708
2.1,0.05,0.03,0.0030051465807009,0.7499999999999999,0.844981943382312,1.5686018324847715,1.4866422853947925,1.649628883717714,0.4040135899451631,0.4262871194790743,0.0025392945979093562,0.004713878433372776,0.004467577980679532,0.00495737659932973
2.15,0.05,0.03,0.0030051465807009,0.7499999999999999,0.8725736758772116,1.6198223851745546,1.5351865608973285,1.7034952642148,0.4040135899451631,0.4262871194790743,0.002622211798472018,0.0048678037021500885,0.004613460644218581,0.005119252968495283
2.2,0.05,0.03,0.0030051465807009,0.7499999999999999,0.7765801617386239,1.441622598346313,1.366297724443815,1.5160904624758216,0.4040135899451631,0.4262871194790743,0.0023337372176889773,0.004332287222081569,0.0041059249348317515,0.004556074069342461
2.25,0.05,0.03,0.0030051465807009,0.7499999999999999,0.7702227983117701,1.429820959270787,1.3551127217724537,1.5036792027851709,0.4040135899451631,0.4262871194790743,0.002314632408724495,0.004296821566767086,0.004072312362298779,0.004518776414720912
2.3,0.05,0.03,0.0030051465807009,0.7499999999999999,0.7228819142597864,1.3419386109472888,1.2718222318266728,1.411257240014838,0.4040135899451631,0.4262871194790743,0.0021723661128883183,0.00403272222819876,0.003822012231233313,0.00424103486931998
2.35,0.05,0.03,0.0030051465807009,0.7499999999999999,0.6188991131907321,1.1489077259902358,1.0888772230797712,1.208255231040813,0.4040135899451631,0.4262871194790743,0.0018598825538039478,0.0034526361243004036,0.0032722356637412656,0.0036309840761762752
2.4,0.05,0.03,0.0030051465807009,0.7499999999999999,0.5953873792919787,1.1052611733421964,1.0475112056274642,1.1623540900171165,0.4040135899451631,0.4262871194790743,0.0017892263470717597,0.003321471835850766,0.0031479247178372513,0.003493044419178644
2.45,0.05,0.03,0.0030051465807009,0.7499999999999999,0.5090066635155396,0.9449063277511788,0.8955349110786218,0.9937160204618811,0.4040135899451631,0.4262871194790743,0.0015296396344176974,0.0028395820199240986,0.002691213675926205,0.0029862623010787274
2.5,0.05,0.03,0.0030051465807009,0.7499999999999999,0.43386892744278116,0.8054226483476773,0.7633392629355747,0.8470272294722968,0.4040135899451631,0.4262871194790743,0.0013038397237770407,0.0024204131177010856,0.002293946375925588,0.0025454409824092294
2.55,0.05,0.03,0.0030051465807009,0.7499999999999999,0.4077185023328872,0.7568777000574911,0.7173307913298939,0.7959746632954359,0.4040135899451631,0.4262871194790743,0.001225253863174168,0.0022745284323365308,0.0021556841747965012,0.002392020537726829
2.6,0.05,0.03,0.0030051465807009,0.7499999999999999,0.3514849067997686,0.6524871604829104,0.6183946641924442,0.6861917689350998,0.4040135899451631,0.4262871194790743,0.0010562636658372991,0.0019608195592764575,0.0018583666106216047,0.0020621068481204174
2.65,0.05,0.03,0.0030051465807009,0.7499999999999999,0.404146841850928,0.7502473652664435,0.7110468919600446,0.7890018346568868,0.4040135899451631,0.4262871194790743,0.0012145204998893835,0.002254603304410312,0.0021368001360917302,0.00237106616558588
2.7,0.05,0.03,0.0030051465807009,0.7499999999999999,0.37810588926043154,0.7019056388271838,0.6652310238504499,0.7381629878753169,0.4040135899451631,0.4262871194790743,0.001136263620253859,0.002109329330496192,0.0019991167367003383,0.002218287979013468
2.75,0.05,0.03,0.0030051465807009,0.7499999999999999,0.44645446012868417,0.8287860939082795,0.7854819669561934,0.8715975275694782,0.4040135899451631,0.4262871194790743,0.0013416610942943814,0.0024906236962409212,0.002360488447200622,0.0026192783297227756
2.8,0.05,0.03,0.0030051465807009,0.7499999999999999,0.49241298478958734,0.9141022673081788,0.8663403647839265,0.9613207581395975,0.4040135899451631,0.4262871194790743,0.0014797731975331526,0.0027470113030121134,0.002603479784953587,0.0028889097892800084
2.85,0.05,0.03,0.0030051465807009,0.7499999999999999,0.6601906079024684,1.2255601500782614,1.1615245530569145,1.2888671812272308,0.4040135899451631,0.4262871194790743,0.0019839695479489513,0.003682987894450969,0.0034905515390191277,0.0038732348026426196
2.9,0.05,0.03,0.0030051465807009,0.7499999999999999,0.7134615615402847,1.3244509206431452,1.2552482744707478,1.3928662127714693,0.4040135899451631,0.4262871194790743,0.002144056572124311,0.003980169155476907,0.0037722050599564723,0.004185767136683993
2.95,0.05,0.03,0.0030051465807009,0.7499999999999999,0.7199929443799072,1.336575604692466,1.266739442995152,1.4056172045142414,0.4040135899451631,0.4262871194790743,0.0021636843349320516,0.004016605608289802,0.0038067377057558432,0.004224085735920331
3.0,0.05,0.03,0.0030051465807009,0.7499999999999999,0.6361171019401891,1.18087073882811,1.1191701664318319,1.2418693121263065,0.4040135899451631,0.4262871194790743,0.0019116251338209252,0.0035486896630390397,0.0033632703988750764,0.0037319993170137483
3.1,0.05,0.03,0.0030051465807009,0.7499999999999999,0.608845941903481,1.1302452882577285,1.0711898989245114,1.1886287740989896,0.4040135899451631,0.4262871194790743,0.0018296713004848646,0.0033965527633610156,0.0032190826620343382,0.003572003696206281
3.2,0.05,0.03,0.0030051465807009,0.7499999999999999,0.564306701974799,1.0475638369950484,0.9928285588321063,1.1016763637893838,0.4040135899451631,0.4262871194790743,0.0016958243559061692,0.0031480828828115846,0.0029835953487965063,0.0033106989576806673
3.3,0.05,0.03,0.0030051465807009,0.7499999999999999,0.5640311142933953,1.0470522434095928,0.9923436960445433,1.1011383435360507,0.4040135899451631,0.4262871194790743,0.0016949961745277152,0.003146545469097544,0.0029821382650483523,0.0033090821279560157
3.4,0.05,0.03,0.0030051465807009,0.7499999999999999,0.5575435051479289,1.035008819672881,0.9809295419761641,1.0884728096551801,0.4040135899451631,0.4262871194790743,0.0016754999580872933,0.0031103532154352328,0.0029478370589781696,0.003271020342121166
3.45,0.05,0.03,0.0030051465807009,0.7499999999999999,0.5652601656779986,1.0493338214589294,0.994506061493396,1.1035377778428943,0.4040135899451631,0.4262871194790743,0.0016986896540936618,0.0031534019455711102,0.002988636490183198,0.003316292779758843
3.5,0.05,0.03,0.0030051465807009,0.7499999999999999,0.5714461563037699,1.0608173286596605,1.0053895547009741,1.115614472369445,0.4040135899451631,0.4262871194790743,0.0017172794626709462,0.0031879115679698416,0.003021342982582033,0.003352585017021476
3.55,0.05,0.03,0.0030051465807009,0.7499999999999999,0.5936249352415327,1.1019894194439823,1.04441040108181,1.1589133317449167,0.4040135899451631,0.4262871194790743,0.001783929944359885,0.003311639735810653,0.0031386063456594567,0.003482704436221924
3.6,0.05,0.03,0.0030051465807009,0.7499999999999999,0.6063623991513639,1.1256349060566235,1.0668204094912768,1.1837802398907429,0.4040135899451631,0.4262871194790743,0.0018222078904753156,0.003382697889053641,0.003205951705804644,0.003557433140208957
3.65,0.05,0.03,0.0030051465807009,0.7499999999999999,0.6025270999807871,1.1185151594700717,1.0600726701238579,1.1762927186022323,0.4040135899451631,0.4262871194790743,0.0018106822542868918,0.003361302006943608,0.0031856737599171843,0.0035349320412108643
3.7,0.05,0.03,0.0030051465807009,0.7499999999999999,0.6389422655288721,1.1861152967940927,1.1241406959052571,1.2473847808219616,0.4040135899451631,0.4262871194790743,0.0019201151645193764,0.0035644503284778008,0.0033782075685264137,0.0037485741089054595
3.75,0.05,0.03,0.0030051465807009,0.7499999999999999,0.6332715314456949,1.175588298029125,1.1141637335058767,1.2363140037376055,0.4040135899451631,0.4262871194790743,0.0019030737773792525,0.0035328151541342153,0.003348225334086134,0.003715304801004705
3.8,0.05,0.03,0.0030051465807009,0.7499999999999999,0.649648866761444,1.205990744363861,1.1429776500554119,1.2682869063383966,0.4040135899451631,0.4262871194790743,0.0019522900706043678,0.0036241789617819896,0.0034348153768815706,0.003811388059930555
3.85,0.05,0.03,0.0030051465807009,0.7499999999999999,0.6481671618799312,1.203240147134482,1.140370771708976,1.265394225389612,0.4040135899451631,0.4262871194790743,0.0019478373302460818,0.0036159130139232364,0.0034269813253324758,0.003802695129668256
3.9,0.05,0.03,0.0030051465807009,0.7499999999999999,0.6513095400008755,1.2090735736561693,1.1458994013180248,1.271528980992936,0.4040135899451631,0.4262871194790743,0.001957280637111507,0.003633443315688655,0.0034435956676980707,0.0038211309694930213
4.0,0.05,0.03,0.0030051465807009,0.7499999999999999,0.686124539314947,1.2737032052710309,1.2071521305054838,1.3394970942820974,0.4040135899451631,0.4262871194790743,0.002061904813257293,0.0038276648321480147,0.0036276690973743608,0.004025385112740636
4.1,0.05,0.03,0.0030051465807009,0.7499999999999999,0.6894129285067163,1.2798076828312084,1.21293764871875,1.345916902224897,0.4040135899451631,0.4262871194790743,0.0020717869047929523,0.0038460096820149476,0.0036450554276505408,0.004044677576628696
4.2,0.05,0.03,0.0030051465807009,0.7499999999999999,0.6734249486689619,1.2501280255703142,1.184808755467251,1.3147041247931273,0.4040135899451631,0.4262871194790743,0.0020237406818512096,0.003756817961480997,0.003560523980276898,0.003950878605255436
1.5,0.1,0.03,0.0020199798592522,0.78,0.4465335973306958,0.8289330020890582,0.7856211991750351,0.8717520243788329,0.42017413354296973,0.4433386042582373,0.0009019888730874375,0.0016744279688893594,0.0015869389993351322,0.0017609215315075755
1.6,0.1,0.03,0.0020199798592522,0.78,0.35815569086067767,0.6648706252231952,0.6301310920999905,0.6992149088377952,0.42017413354296973,0.4433386042582373,0.0007234672820151262,0.001343025271959272,0.0012728521147305739,0.0014124000331412095
1.7,0.1,0.03,0.0020199798592522,0.78,0.36323894667632256,0.6743070450779113,0.639074458407639,0.7091387725161695,0.42017413354296973,0.4433386042582373,0.0007337353563821555,0.001362086650009246,0.0012909175345459387,0.00143244603789749
1.75,0.1,0.03,0.0020199798592522,0.78,0.39566837865936816,0.7345081734374436,0.6961300739209717,0.7724496256068923,0.42017413354296973,0.4433386042582373,0.0007992421558348967,0.0014836917167997579,0.0014061687287401081,0.001560332686012825
1.8,0.1,0.03,0.0020199798592522,0.78,0.4553808649852606,0.8453568326384816,0.8011868835171568,0.8890242375654621,0.42017413354296973,0.4433386042582373,0.0009198601755590718,0.0017076037758109656,0.0016183813682016954,0.0017958110542692766
1.85,0.1,0.03,0.0020199798592522,0.78,0.5011355295274333,0.9302945655778297,0.8816866144228523,0.9783494791102187,0.42017413354296973,0.4433386042582373,0.0010122836764011015,0.0018791762856389912,0.001780989203306422,0.001976246243112523
1.9,0.1,0.03,0.0020199798592522,0.78,0.5718675592761746,1.061599609843188,1.0061309616421215,1.1164371627481064,0.42017413354296973,0.4433386042582373,0.0011551609518975863,0.002144409830473233,0.0020323642782871334,0.0022551805828718457
1.95,0.1,0.03,0.0020199798592522,0.78,0.6305622914091469,1.1705589374383418,1.1093971573308938,1.2310248485642719,0.42017413354296973,0.4433386042582373,0.0012737231286503933,0.0023645054776931067,0.00224095991372005,0.002486645400338819
2.0,0.1,0.03,0.0020199798592522,0.78,0.6678545763070008,1.2397873356147169,1.1750083672299145,1.3038292804093863,0.42017413354296973,0.4433386042582373,0.0013490527930495532,0.002504345447697676,0.0023734932362572403,0.0026337088863302494
2.05,0.1,0.03,0.0020199798592522,0.78,0.7267344294812239,1.3490903169492336,1.2786002607279658,1.418778371601161,0.42017413354296973,0.4433386042582373,0.0014679889105772106,0.002725135268549619,0.002582746774705103,0.002865903735376979
2.1,0.1,0.03,0.0020199798592522,0.78,0.7427740440314468,1.3788658275064403,1.3068199989348521,1.4500919536877015,0.42017413354296973,0.4433386042582373,0.0015003886089188293,0.0027852812001741274,0.002639750077516383,0.002929156540512831
2.15,0.1,0.03,0.0020199798592522,0.78,0.7381757372076926,1.3703296539626648,1.2987298410102355,1.441114839073515,0.42017413354296973,0.4433386042582373,0.001491100121748184,0.0027680383015406197,0.0026234081214504875,0.0029110229497979756
2.2,0.1,0.03,0.0020199798592522,0.78,0.7378754592423689,1.3697722259958893,1.2982015386907377,1.440528616836908,0.42017413354296973,0.4433386042582373,0.0014904935663060527,0.0027669123082747493,0.002622340961405506,0.002909838792686984
2.25,0.1,0.03,0.0020199798592522,0.78,0.759480646088208,1.4098795157941824,1.3362132200058583,1.482707672304474,0.42017413354296973,0.4433386042582373,0.0015341356085900283,0.0028479282258764924,0.002699123792078363,0.002995039635213749
2.3,0.1,0.03,0.0020199798592522,0.78,0.6914072211168235,1.2835098341815712,1.2164463624218713,1.3498102903830496,0.42017413354296973,0.4433386042582373,0.001396628661197516,0.002592664014198905,0.0024571971519527823,0.0027265896003851237
2.35,0.1,0.03,0.0020199798592522,0.78,0.6714200866320182,1.2464062534192542,1.1812814461515364,1.3107901023102646,0.42017413354296973,0.4433386042582373,0.0013562550520940441,0.002517715528352887,0.002386164729334416,0.002647769606373865
2.4,0.1,0.03,0.0020199798592522,0.78,0.6085597624991991,1.1297140324818016,1.0706864012971993,1.1880700759931593,0.42017413354296973,0.4433386042582373,0.0012292784633996844,0.002281999592327825,0.0021627649661955612,0.0023998776248864125
2.45,0.1,0.03,0.0020199798592522,0.78,0.5448264666445006,1.0114012502372445,0.9585554695687536,1.063645777320462,0.42017413354296973,0.4433386042582373,0.001100538489409432,0.0020430101551017284,0.0019362627425049174,0.002148543047565984
2.5,0.1,0.03,0.0020199798592522,0.78,0.5120269024318299,0.950513018326922,0.9008486517095511,0.9996123279404736,0.42017413354296973,0.4433386042582373,0.0010342840303075877,0.0019200171529773998,0.0018196961326877932,0.002019196769499962
2.55,0.1,0.03,0.0020199798592522,0.78,0.46514892957700993,0.8634900059428904,0.8183725973448804,0.9080940906135282,0.42017413354296973,0.4433386042582373,0.0009395914692982801,0.0017442324206702012,0.001653096164000569,0.0018343317733452694
2.6,0.1,0.03,0.0020199798592522,0.78,0.43533705695953206,0.8081480446337592,0.7659222570896292,0.8498934077082204,0.42017413354296973,0.4433386042582373,0.0008793720870443826,0.0016324427734542416,0.0015471475330740368,0.0017167675660818237
2.65,0.1,0.03,0.0020199798592522,0.78,0.4776482920143944,0.8866934873636781,0.8403636953623249,0.9324961615290679,0.42017413354296973,0.4433386042582373,0.0009648399296752902,0.001791102985804725,0.0016975177390786478,0.0018836234651187034
2.7,0.1,0.03,0.0020199798592522,0.78,0.46782785888176126,0.8684630985035545,0.8230858454979534,0.913324071198517,0.42017413354296973,0.4433386042582373,0.0009450028525382383,0.0017542779674809396,0.001662616830341434,0.0018448962287912268
2.75,0.1,0.03,0.0020199798592522,0.78,0.5202974591676957,0.9658662581838814,0.9153996837920576,1.0157586484420673,0.42017413354296973,0.4433386042582373,0.001050990388338839,0.0019510303882627259,0.001849088924425789,0.002051812011714212
2.8,0.1,0.03,0.0020199798592522,0.78,0.5802155334356791,1.077096565330448,1.0208182002039605,1.1327346225955022,0.42017413354296973,0.4433386042582373,0.0011720236915653433,0.0021757133684372266,0.0020620322043700804,0.0022881011235205565
2.85,0.1,0.03,0.0020199798592522,0.78,0.747943365324143,1.3884620170060271,1.3159147869131045,1.460183840006023,0.42017413354296973,0.4433386042582373,0.0015108305338160791,0.0028046653096888605,0.0026581213660566215,0.0029495419476177035
2.9,0.1,0.03,0.0020199798592522,0.78,0.8481876643899203,1.5745528470435455,1.4922823590583933,1.6558873014374151,0.42017413354296973,0.4433386042582373,0.0017133219989338036,0.0031805650383561718,0.0030143803096153144,0.0033448589980950554
2.95,0.1,0.03,0.0020199798592522,0.78,0.7658685312463195,1.4217378145935715,1.3474519219268504,1.4951785185103847,0.42017413354296973,0.4433386042582373,0.0015470390079526297,0.002871881750616253,0.0027218257436029056,0.00302023049337752
3.0,0.1,0.03,0.0020199798592522,0.78,0.7598877625781292,1.410635275934534,1.3369294916300491,1.4835024716798588,0.42017413354296973,0.4433386042582373,0.0015349579757000385,0.0028494548461384284,0.002700570646332982,0.0029966451139441723
3.1,0.1,0.03,0.0020199798592522,0.78,0.666515184221547,1.2373009240456736,1.1726518708259932,1.3012144317867715,0.42017413354296973,0.4433386042582373,0.0013463472480132947,0.002499322946406397,0.002368733160982919,0.0026284269447775744
3.2,0.1,0.03,0.0020199798592522,0.78,0.6071533222871079,1.127103154567493,1.0682119419225944,1.1853243316429303,0.42017413354296973,0.4433386042582373,0.001226437482498018,0.0022767256715259553,0.0021577666080963213,0.0023943312766002943
3.3,0.1,0.03,0.0020199798592522,0.78,0.5923100735502411,1.0995485454411982,1.0420970629033688,1.1563463729583583,0.42017413354296973,0.4433386042582373,0.0011964544190036764,0.0022210659160612728,0.002105015078450678,0.0023357963836952165
3.4,0.1,0.03,0.0020199798592522,0.78,0.5650503322941597,1.0489442923891261,0.9941368853426563,1.1031281274196398,0.42017413354296973,0.4433386042582373,0.0011413902906979656,0.0021188463441035857,0.0020081364857318794,0.0022282965995622673
3.45,0.1,0.03,0.0020199798592522,0.78,0.5522631862010311,1.025206577102994,0.971639467213847,1.0781642264738902,0.42017413354296973,0.4433386042582373,0.0011155605131325304,0.0020708966373209356,0.0019626921542265094,0.002177870022443486
3.5,0.1,0.03,0.0020199798592522,0.78,0.5680872680633581,1.0545819785550987,0.999480002042223,1.109057031583925,0.42017413354296973,0.4433386042582373,0.001147524839785589,0.002130234356611635,0.002018929473850638,0.0022402728665615597
3.55,0.1,0.03,0.0020199798592522,0.78,0.561851534052549,1.043006129067606,0.9885089914383325,1.0968832247754197,0.42017413354296973,0.4433386042582373,0.0011349287826761005,0.0021068513737931647,0.0019967682533951372,0.0022156820219979517
3.6,0.1,0.03,0.0020199798592522,0.78,0.5517567939240001,1.024266524052242,0.9707485319957307,1.0771756144293085,0.42017413354296973,0.4433386042582373,0.001114537610932047,0.002068997749091788,0.001960892483030016,0.002175873046024817
3.65,0.1,0.03,0.0020199798592522,0.78,0.5772337215482699,1.0715612096611984,1.0155720672260518,1.1269133348699993,0.42017413354296973,0.4433386042582373,0.001166000491608698,0.0021645320614715447,0.002051435121415746,0.002276342239560129
3.7,0.1,0.03,0.0020199798592522,0.78,0.5758444840771264,1.068982266454117,1.0131278739681582,1.1242011748331022,0.42017413354296973,0.4433386042582373,0.0011631942598972695,0.002159322648135085,0.002046497900262681,0.002270863730910528
3.75,0.1,0.03,0.0020199798592522,0.78,0.5634420167283783,1.0459586584788914,0.9913072509971241,1.0999882688318625,0.42017413354296973,0.4433386042582373,0.0011381415256477654,0.002112815423737811,0.0020024206813448564,0.0022219541484540567
3.8,0.1,0.03,0.0020199798592522,0.78,0.5645405465916307,1.04799793987423,0.9932399798078047,1.1021328905083847,0.42017413354296973,0.4433386042582373,0.0011403605338463222,0.002116934731083743,0.002006324754615827,0.0022262862410463474
3.85,0.1,0.03,0.0020199798592522,0.78,0.5796166153816299,1.0759847499071158,1.0197644772083283,1.1315653756918527,0.42017413354296973,0.4433386042582373,0.0011708138891588214,0.0021734675236748896,0.0020599037051416726,0.0022857392683246916
3.9,0.1,0.03,0.0020199798592522,0.78,0.5832166593952621,1.0826677751256255,1.0260983139274007,1.138593616512918,0.42017413354296973,0.4433386042582373,0.0011780859055587798,0.0021869671000151534,0.002072697927745991,0.0022999361732292177
4.0,0.1,0.03,0.0020199798592522,0.78,0.6027150762233833,1.118864113528687,1.0604033913103657,1.1766596980882058,0.42017413354296973,0.4433386042582373,0.0012174723148388887,0.002260082974568015,0.002141993493129668,0.00237682889133195
4.1,0.1,0.03,0.0020199798592522,0.78,0.6055679461110077,1.1241601047254404,1.0654226666249307,1.1822292568284503,0.42017413354296973,0.4433386042582373,0.0012232350545529572,0.0022707807701202337,0.002152132328173131,0.002388079287812166
4.2,0.1,0.03,0.0020199798592522,0.78,0.5873529561831085,1.090346285621537,1.0333756217538153,1.1466687649895204,0.42017413354296973,0.4433386042582373,0.001186441141762119,0.0022024775365659514,0.0020873979429849266,0.0023162478105124254
1.5,0.15,0.03,0.0012544807809841,0.8099999999999999,0.38339713461750624,0.7117281648920736,0.6745403222938452,0.7484929023074864,0.4363346771407762,0.46039008903740025,0.00048096433686203535,0.0008928493041421888,0.0008461978703164495,0.0009389699606477512
1.6,0.15,0.03,0.0012544807809841,0.8099999999999999,0.3247889879569995,0.6029295722473405,0.5714264631439494,0.6340742543002448,0.4363346771407762,0.46039008903740025,0.0004074415432673322,0.0007563635606712529,0.0007168435157598037,0.0007954339657364819
1.7,0.15,0.03,0.0012544807809841,0.8099999999999999,0.2997365840483263,0.5564229610859308,0.5273498254203758,0.5851653167566985,0.4363346771407762,0.46039008903740025,0.0003760137840464507,0.000698021910780564,0.0006615502208451818,0.0007340786435697513
1.75,0.15,0.03,0.0012544807809841,0.8099999999999999,0.3281527264774292,0.60917392628173,0.5773445492766132,0.6406411641188894,0.4363346771407762,0.46039008903740025,0.0004116612885934671,0.0007641969827970551,0.0007242676410734389,0.0008036720278944273
1.8,0.15,0.03,0.0012544807809841,0.8099999999999999,0.3601412249944369,0.6685565175728103,0.6336243963362038,0.7030911981269437,0.4363346771407762,0.46039008903740025,0.0004517902451955917,0.0008386913022967493,0.0007948696275664199,0.0008820143953293348
1.85,0.15,0.03,0.0012544807809841,0.8099999999999999,0.4227717783211206,0.7848221981440714,0.7438151875860404,0.8253626508840994,0.4363346771407762,0.46039008903740025,0.0005303590706463162,0.0009845443640614327,0.0009331018574307708,0.001035401582876192
1.9,0.15,0.03,0.0012544807809841,0.8099999999999999,0.4586274394072505,0.8513836863807602,0.8068988337620244,0.895362411986345,0.4363346771407762,0.46039008903740025,0.0005753393083683455,0.001068044471808058,0.0010122390791529438,0.0011232149378524376
1.95,0.15,0.03,0.0012544807809841,0.8099999999999999,0.479534388986968,0.8901947872323835,0.8436820520866819,0.936178323104019,0.4363346771407762,0.46039008903740025,0.0006015666748051048,0.0011167322519152552,0.0010583829196039688,0.0011744177139079149
2.0,0.15,0.03,0.0012544807809841,0.8099999999999999,0.5571133560169268,1.0342103023549478,0.9801727472396826,1.0876330444550306,0.4363346771407762,0.46039008903740025,0.0006988879979527873,0.0012973969478000372,0.0012296078734565679,0.0013644147510320612
2.05,0.15,0.03,0.0012544807809841,0.8099999999999999,0.5761222041350068,1.069497818526112,1.013616488411083,1.1247433580509274,0.4363346771407762,0.46039008903740025,0.0007227342325855644,0.001341664458645428,0.0012715624040002963,0.0014109689262144067
2.1,0.15,0.03,0.0012544807809841,0.8099999999999999,0.5947295482428611,1.1040399934138052,1.0463538324292283,1.1610698293205068,0.4363346771407762,0.46039008903740025,0.0007460767881540253,0.001384996953175431,0.0013126307728915244,0.001456539786263065
2.15,0.15,0.03,0.0012544807809841,0.8099999999999999,0.618428665966133,1.148034400371419,1.0880495287809604,1.207336793272951,0.4363346771407762,0.46039008903740025,0.0007758068758641496,0.0014401870911745504,0.001364937222614521,0.0015145808033358906
2.2,0.15,0.03,0.0012544807809841,0.8099999999999999,0.5960760254704335,1.1065395576507815,1.0487227942733333,1.1636985100198607,0.4363346771407762,0.46039008903740025,0.0007477659179580476,0.001388132608471553,0.0013156025899958388,0.0014598374156797483
2.25,0.15,0.03,0.0012544807809841,0.8099999999999999,0.6538023956516211,1.2137012440726842,1.1502852756562971,1.2763956964495389,0.4363346771407762,0.46039008903740025,0.0008201825399063212,0.0015225648845456747,0.0014430107709598222,0.0016012138701267616
2.3,0.15,0.03,0.0012544807809841,0.8099999999999999,0.6120361245414292,1.1361674578035252,1.0768026347289263,1.1948568567995843,0.4363346771407762,0.46039008903740025,0.000767787555505214,0.0014253002397940859,0.00135082821018048,0.0014989249628821495
2.35,0.15,0.03,0.0012544807809841,0.8099999999999999,0.602386429729249,1.1182540229853613,1.0598251780373447,1.1760180929586497,0.4363346771407762,0.46039008903740025,0.000755682198820972,0.0014028281800932876,0.001329530317050901,0.0014752920957061986
2.4,0.15,0.03,0.0012544807809841,0.8099999999999999,0.5840471054219272,1.084209392871908,1.0275593820468407,1.1402148674315729,0.4363346771407762,0.46039008903740025,0.0007326758689412022,0.001360119845920248,0.00128905349609766,0.0014303776373852416
2.45,0.15,0.03,0.0012544807809841,0.8099999999999999,0.5346069121565838,0.9924299431904249,0.9405754145408094,1.0436944962380368,0.4363346771407762,0.46039008903740025,0.0006706540966816895,0.0012449842902055302,0.001179933780607598,0.0013092946867494992
2.5,0.15,0.03,0.0012544807809841,0.8099999999999999,0.4887488054080568,0.9073001829116591,0.8598936897365872,0.9541673080685812,0.4363346771407762,0.46039008903740025,0.000613125983113345,0.001138190642046035,0.0010787201074640533,0.00119698454981537
2.55,0.15,0.03,0.0012544807809841,0.8099999999999999,0.4614439852217403,0.8566122465417045,0.8118542013167579,0.9008610565009231,0.4363346771407762,0.46039008903740025,0.0005788726109613843,0.0010746036000421819,0.001018455492513069,0.0011301128817174395
2.6,0.15,0.03,0.0012544807809841,0.8099999999999999,0.4543913113696563,0.8435198518284946,0.7994458850731735,0.8870923664301407,0.4363346771407762,0.46039008903740025,0.0005700251671593959,0.0010581794424974022,0.0010028894982611197,0.0011128403246443163
2.65,0.15,0.03,0.0012544807809841,0.8099999999999999,0.48151216610397735,0.8938662796640078,0.8471617088015497,0.9400394686389343,0.4363346771407762,0.46039008903740025,0.0006040477581874631,0.0011213380686082564,0.0010627480820771928,0.0011792614467740486
2.7,0.15,0.03,0.0012544807809841,0.8099999999999999,0.5277317878329875,0.9796671466632161,0.9284794749567132,1.030272429941617,0.4363346771407762,0.46039008903740025,0.0006620293853508614,0.001228973607250536,0.0011647596568714047,0.001292456962539546
2.75,0.15,0.03,0.0012544807809841,0.8099999999999999,0.5819209165247164,1.0802623927892512,1.0238186129735065,1.136063982735695,0.4363346771407762,0.46039008903740025,0.0007300086058329095,0.0013551684101740123,0.0012843607731890625,0.001425170432310182
2.8,0.15,0.03,0.0012544807809841,0.8099999999999999,0.6739016418162128,1.2510129459525388,1.1856474387023324,1.3156347562587274,0.4363346771407762,0.46039008903740025,0.0008453966579320698,0.0015693716974597605,0.0014873719248750996,0.0016504385165212743
2.85,0.15,0.03,0.0012544807809841,0.8099999999999999,0.8539049992665853,1.5851663542725491,1.5023413098489748,1.6670490556314521,0.4363346771407762,0.46039008903740025,0.0010712074103661731,0.001988560726097546,0.0018846582996840176,0.0020912810012473503
2.9,0.15,0.03,0.0012544807809841,0.8099999999999999,0.95151796365128,1.7663724451331508,1.674079370754929,1.8576154538076617,0.4363346771407762,0.46039008903740025,0.0011936609981616582,0.0022158802844794295,0.002100100396454014,0.0023303428852607688
2.95,0.15,0.03,0.0012544807809841,0.8099999999999999,0.8944645113342297,1.6604599453986848,1.5737008059742772,1.7462319815392675,0.4363346771407762,0.46039008903740025,0.0011220885387411257,0.002083015089096558,0.0019741774161139186,0.0021906144599807926
3.0,0.15,0.03,0.0012544807809841,0.8099999999999999,0.8222311505987842,1.526367870528289,1.4466150506791455,1.6052133015894654,0.4363346771407762,0.46039008903740025,0.001031473175952618,0.0019147991582893656,0.0018147507785593279,0.002013709236224018
3.1,0.15,0.03,0.0012544807809841,0.8099999999999999,0.6944024476058497,1.2890700923577243,1.221716096749089,1.3556577669691126,0.4363346771407762,0.46039008903740025,0.0008711145247898568,0.0016171136562041638,0.0015326193631906434,0.0017006466142545733
3.2,0.15,0.03,0.0012544807809841,0.8099999999999999,0.6584570296095121,1.2223419817985912,1.1584745342777731,1.2854827765702512,0.4363346771407762,0.46039008903740025,0.0008260216887490114,0.0015334045239563492,0.0014532840385109724,0.001612613437493458
3.3,0.15,0.03,0.0012544807809841,0.8099999999999999,0.6130093886184108,1.1379741991506054,1.0785149737238935,1.1967569264347377,0.4363346771407762,0.46039008903740025,0.0007690084965846096,0.0014275667620902073,0.0013529763065401959,0.0015013085637219808
3.4,0.15,0.03,0.0012544807809841,0.8099999999999999,0.5574863500480779,1.034902718477389,0.9808289845749912,1.0883612277399635,0.4363346771407762,0.46039008903740025,0.0006993559117962881,0.001298265570518083,0.0012304311105814768,0.0013653282429680433
3.45,0.15,0.03,0.0012544807809841,0.8099999999999999,0.5318138632094369,0.9872450019842527,0.9356613868476432,1.038241723841022,0.4363346771407762,0.46039008903740025,0.0006671502704571458,0.0012384798811118547,0.0011737692273092975,0.0013024542885743634
3.5,0.15,0.03,0.0012544807809841,0.8099999999999999,0.5469644906753057,1.0153702207447006,0.9623170611107719,1.067819767336368,0.4363346771407762,0.46039008903740025,0.000686156441432928,0.00127376242750781,0.001207208258376565,0.001339559375678387
3.55,0.15,0.03,0.0012544807809841,0.8099999999999999,0.5559711174607729,1.032089881313587,0.9781631183347269,1.0854030918162971,0.4363346771407762,0.46039008903740025,0.0006974550816367932,0.0012947369203560558,0.0012270868326183907,0.0013616173183042652
3.6,0.15,0.03,0.0012544807809841,0.8099999999999999,0.5304968977927971,0.984800222682116,0.933344347421993,1.0356706580245736,0.4363346771407762,0.46039008903740025,0.0006654981626527504,0.0012354129524635765,0.001170862545881037,0.0012992289359209839
3.65,0.15,0.03,0.0012544807809841,0.8099999999999999,0.5381000428703138,0.9989144974244867,0.946721150397194,1.050514013939095,0.4363346771407762,0.46039008903740025,0.0006750361620275289,0.0012531190388654098,0.0011876434881244375,0.0013178496406410574
3.7,0.15,0.03,0.0012544807809841,0.8099999999999999,0.529569177759849,0.983078028077708,0.9317121375969313,1.0338595024438653,0.4363346771407762,0.46039008903740025,0.000664334355701283,0.001233252492431232,0.0011688149700249636,0.001296956876053613
3.75,0.15,0.03,0.0012544807809841,0.8099999999999999,0.5277906553635809,0.9797764267692419,0.928583045170139,1.0303873549758629,0.4363346771407762,0.46039008903740025,0.000662103233536615,0.0012291106970432895,0.0011648895837136298,0.0012926011337862616
3.8,0.15,0.03,0.0012544807809841,0.8099999999999999,0.5132871811058236,0.9528525658793288,0.9030659577511935,1.0020727261992004,0.4363346771407762,0.46039008903740025,0.0006439089038227608,0.001195335231007004,0.0011328788879598714,0.0012570809761652392
3.85,0.15,0.03,0.0012544807809841,0.8099999999999999,0.5082879587555899,0.9435721434975365,0.8942704380384301,0.9923129181350636,0.4363346771407762,0.46039008903740025,0.0006376374754645264,0.0011836931194896308,0.001121845077521443,0.0012448374845226858
3.9,0.15,0.03,0.0012544807809841,0.8099999999999999,0.4961205309755598,0.9209848566781472,0.8728633384146506,0.9685588717158664,0.4363346771407762,0.46039008903740025,0.0006223736711604666,0.0011553578022801315,0.0010949902824667996,0.0012150384898191988
4.0,0.15,0.03,0.0012544807809841,0.8099999999999999,0.5176498284400719,0.9609512674629322,0.910741501653821,1.0105897709815337,0.4363346771407762,0.46039008903740025,0.0006493817610577868,0.0012054948964945599,0.0011425077102693172,0.0012677654451554571
4.1,0.15,0.03,0.0012544807809841,0.8099999999999999,0.5102591676662995,0.9472314428870272,0.8977385387984035,0.9961612407890746,0.4363346771407762,0.46039008903740025,0.0006401103191583163,0.0011882836402456137,0.001126195743271346,0.0012496651313311684
4.2,0.15,0.03,0.0012544807809841,0.8099999999999999,0.5033036574834998,0.9343194202052955,0.8855011701359993,0.9825822399732576,0.4363346771407762,0.46039008903740025,0.0006313847653120547,0.0011720857559477506,0.0011108441994745427,0.0012326305357827584
1.5,0.2,0.03,0.0025089615619683,0.8399999999999999,0.34602438451048223,0.6423503932580241,0.6087875437099641,0.6755313810307921,0.45249522073858267,0.47744157381656316,0.0008681618802405392,0.001611632445999604,0.0015274245465733965,0.0016948822689096192
1.6,0.2,0.03,0.0025089615619683,0.8399999999999999,0.2834696686193487,0.5262254952695231,0.49873017914384293,0.5534079830636002,0.45249522073858267,0.47744157381656316,0.0007112145025498375,0.001320279540558965,0.0012512948492654663,0.001388479357592977
1.7,0.2,0.03,0.0025089615619683,0.8399999999999999,0.24837969310838662,0.4610854052126673,0.43699366300096326,0.4849030433010708,0.45249522073858267,0.47744157381656316,0.0006231751027824247,0.0011568455584631604,0.0010964003032931458,0.001216603096923837
1.75,0.2,0.03,0.0025089615619683,0.8399999999999999,0.26348236784207985,0.4891216058063338,0.463564970302276,0.5143874703438175,0.45249522073858267,0.47744157381656316,0.0006610671331721709,0.0012271873080963024,0.0011630666919633871,0.001290578391050747
1.8,0.2,0.03,0.0025089615619683,0.8399999999999999,0.3018907448316151,0.5604218874282003,0.5311398076029031,0.589370809993703,0.45249522073858267,0.47744157381656316,0.0007574322746965026,0.0014060769740430804,0.0013326093613069223,0.0014787087080203232
1.85,0.2,0.03,0.0025089615619683,0.8399999999999999,0.3374981967946459,0.6265226069012702,0.5937867602129362,0.6588860010505491,0.45249522073858267,0.47744157381656316,0.0008467700029913794,0.001571921138419462,0.001489788157379945,0.0016531196503548327
1.9,0.2,0.03,0.0025089615619683,0.8399999999999999,0.36186109401634464,0.671749236329142,0.6366502953312452,0.7064488386504721,0.45249522073858267,0.47744157381656316,0.0009078955756588059,0.0016853930132313768,0.0015973311194018604,0.0017724529816711802
1.95,0.2,0.03,0.0025089615619683,0.8399999999999999,0.42238786835706554,0.7841095179763563,0.7431397450031325,0.8246131568027025,0.45249522073858267,0.47744157381656316,0.0010597549259496039,0.0019673006409761697,0.0018645090553837836,0.0020689227139113193
2.0,0.2,0.03,0.0025089615619683,0.8399999999999999,0.4447396617518283,0.8256027881615187,0.7824649891403647,0.868249786290072,0.45249522073858267,0.47744157381656316,0.0011158347164181206,0.0020714056609511073,0.001963174581339118,0.002178405339988982
2.05,0.2,0.03,0.0025089615619683,0.8399999999999999,0.5033898023377137,0.9344793372038034,0.8856527314610033,0.9827504175784807,0.45249522073858267,0.47744157381656316,0.001262985664752144,0.0023445727374979564,0.0022220686604878903,0.0024656830227127043
2.1,0.2,0.03,0.0025089615619683,0.8399999999999999,0.48995069997366175,0.9095313477700642,0.8620082760869917,0.9565137250614331,0.45249522073858267,0.47744157381656316,0.0012292674734933804,0.0022819791909603135,0.00216274563080082,0.0023998561696742505
2.15,0.2,0.03,0.0025089615619683,0.8399999999999999,0.5137189180440196,0.9536540307599802,0.9038255460400507,1.002915591220156,0.45249522073858267,0.47744157381656316,0.0012889010190283885,0.0023926813065929253,0.0022676635537394975,0.002516276668270084
2.2,0.2,0.03,0.0025089615619683,0.8399999999999999,0.545844662278385,1.013291401322303,0.960346860137501,1.06563356527272,0.45249522073858267,0.47744157381656316,0.0013695032764620362,0.0025423091769906534,0.002409473358241937,0.002673633654412492
2.25,0.2,0.03,0.0025089615619683,0.8399999999999999,0.5443654985396178,1.0105455214022094,0.9577444526206351,1.0627458453086092,0.45249522073858267,0.47744157381656316,0.001365792111497612,0.0025354198698173576,0.0024029440178135433,0.0026663884760208096
2.3,0.2,0.03,0.0025089615619683,0.8399999999999999,0.5659766109815385,1.0506638113182503,0.9957665592966408,1.1049364691114822,0.45249522073858267,0.47744157381656316,0.0014200135619257658,0.0026360751171486045,0.0024983400219687,0.002772243129417683
2.35,0.2,0.03,0.0025089615619683,0.8399999999999999,0.5327412285316111,0.988966538113087,0.9372929726025226,1.0400521869322132,0.45249522073858267,0.47744157381656316,0.001336627264861582,0.002481279030198593,0.0023516320405627365,0.002609450959453992
2.4,0.2,0.03,0.0025089615619683,0.8399999999999999,0.5362932417764674,0.995560400299762,0.9435423050639343,1.0469866589525363,0.45249522073858267,0.47744157381656316,0.001345539129560529,0.002497822776969877,0.002367311375496379,0.0026268492832055273
2.45,0.2,0.03,0.0025089615619683,0.8399999999999999,0.514755551360491,0.9555784090648266,0.9056493754541406,1.0049393744193924,0.45249522073858267,0.47744157381656316,0.001291501892173271,0.0023975094977904707,0.0022722394716350363,0.002521354262526725
2.5,0.2,0.03,0.0025089615619683,0.8399999999999999,0.46223149910845435,0.8580741662140494,0.8132397355917725,0.9023984924947056,0.45249522073858267,0.47744157381656316,0.0011597210639940965,0.0021528751003490484,0.002040387237265021,0.002264083131247356
2.55,0.2,0.03,0.0025089615619683,0.8399999999999999,0.4390272174058233,0.8149983595825561,0.7724146426397731,0.8570975797090894,0.45249522073858267,0.47744157381656316,0.0011015024131291109,0.0020447995572598523,0.0019379586482846714,0.0021504248823461664
2.6,0.2,0.03,0.0025089615619683,0.8399999999999999,0.4227928746020861,0.7848613607146331,0.74385230390976,0.8254038364203019,0.45249522073858267,0.47744157381656316,0.0010607710710507175,0.001969186985507151,0.0018662968382911502,0.0020709064986797077
2.65,0.2,0.03,0.0025089615619683,0.8399999999999999,0.5437241556458403,1.0093549496434762,0.9566160883132151,1.0614937738646828,0.45249522073858267,0.47744157381656316,0.0013641830068290826,0.002532432771037931,0.0024001129951383296,0.00266324707689516
2.7,0.2,0.03,0.0025089615619683,0.8399999999999999,0.526716876286379,0.9777830920697562,0.9266938623374847,1.028291053398821,0.45249522073858267,0.47744157381656316,0.0013215123966425373,0.0024532201939455297,0.0023250392803166927,0.0025799427274935346
2.75,0.2,0.03,0.0025089615619683,0.8399999999999999,0.6409496433495294,1.189841739178611,1.12767243143443,1.2513037147819415,0.45249522073858267,0.47744157381656316,0.0016081180183212603,0.0029852671884246463,0.0028292867849603184,0.0031394729227360364
2.8,0.2,0.03,0.0025089615619683,0.8399999999999999,0.7233757287177118,1.3428553148717641,1.2726910379118688,1.4122212968202774,0.45249522073858267,0.47744157381656316,0.0018149218982135475,0.003369172368298095,0.0031931328943824193,0.0035432089507151016
2.85,0.2,0.03,0.0025089615619683,0.8399999999999999,0.8686841967818393,1.6126020604277431,1.5283434985850213,1.6959019693419422,0.45249522073858267,0.47744157381656316,0.0021794952592149417,0.004045956584364089,0.0038345550914339714,0.004254952853945276
2.9,0.2,0.03,0.0025089615619683,0.8399999999999999,0.9735635257636125,1.807297235773222,1.7128658384400288,1.9006542386043237,0.45249522073858267,0.47744157381656316,0.0024426334642752385,0.004534439295606574,0.004297514549454637,0.004768668427250374
2.95,0.2,0.03,0.0025089615619683,0.8399999999999999,0.9886951452969236,1.8353871687171204,1.7394880705728024,1.9301951735734906,0.45249522073858267,0.47744157381656316,0.0024805981160546447,0.0046049158576410825,0.004364308706569563,0.004842785497592619
3.0,0.2,0.03,0.0025089615619683,0.8399999999999999,0.8915381530211713,1.655027532258593,1.568552236771727,1.7405189538998775,0.45249522073858267,0.47744157381656316,0.002236834956958331,0.0041524004624360605,0.003935437269999663,0.004366895153212069
3.1,0.2,0.03,0.0025089615619683,0.8399999999999999,0.7739389454444948,1.4367195152077836,1.3616508277160473,1.5109341076908889,0.45249522073858267,0.47744157381656316,0.0019417830654305187,0.0036046740389860596,0.003416329587561883,0.003790875598863312
3.2,0.2,0.03,0.0025089615619683,0.8399999999999999,0.7061825259196781,1.3109383140097992,1.242441702407003,1.3786556044863998,0.45249522073858267,0.47744157381656316,0.0017717848132661551,0.003289093839962116,0.003117238474325628,0.0034589939188485485
3.3,0.2,0.03,0.0025089615619683,0.8399999999999999,0.6033141376724689,1.1199761951467218,1.0614573665920097,1.1778292249370017,0.45249522073858267,0.47744157381656316,0.0015136919812122757,0.0028099772239426326,0.0026631557324474473,0.002955128251929852
3.4,0.2,0.03,0.0025089615619683,0.8399999999999999,0.5737838951563204,1.0651570444094471,1.0095025200224583,1.120178358691465,0.45249522073858267,0.47744157381656316,0.0014396017378236572,0.0026724380818830646,0.0025328030194464823,0.002810484444505625
3.45,0.2,0.03,0.0025089615619683,0.8399999999999999,0.5559472783623902,1.0320456270502851,0.9781211763595417,1.085356551572968,0.45249522073858267,0.47744157381656316,0.0013948503518921278,0.002589362808466637,0.002454068434433307,0.0027231178689270416
3.5,0.2,0.03,0.0025089615619683,0.8399999999999999,0.526323689124095,0.9770531899598965,0.926002097660022,1.027523447765718,0.45249522073858267,0.47744157381656316,0.0013205259051657075,0.002451388897607892,0.002323303669331011,0.002578016834465329
3.55,0.2,0.03,0.0025089615619683,0.8399999999999999,0.5024415724510009,0.9327190686565716,0.8839844370590901,0.9808992213230145,0.45249522073858267,0.47744157381656316,0.001260606592414472,0.0023401562913742103,0.002217882973959443,0.0024610384424640797
3.6,0.2,0.03,0.0025089615619683,0.8399999999999999,0.497242020046,0.9230667589303568,0.8748364611396768,0.9707483158547157,0.45249522073858267,0.47744157381656316,0.001247561115290885,0.0023159390172869244,0.0021949310540078236,0.002435570210824944
3.65,0.2,0.03,0.0025089615619683,0.8399999999999999,0.46239685537989145,0.8583811291644656,0.8135306597081976,0.902721311797062,0.45249522073858267,0.47744157381656316,0.0011601359365231627,0.002153645258592591,0.002041117154690581,0.0022648930724684297
3.7,0.2,0.03,0.0025089615619683,0.8399999999999999,0.47881876574917615,0.8888663234338843,0.8424230006074823,0.934781236725823,0.45249522073858267,0.47744157381656316,0.0012013378784137866,0.0022301314392236984,0.002113606927442171,0.00234533019179428
3.75,0.2,0.03,0.0025089615619683,0.8399999999999999,0.4880462664728633,0.9059960084618179,0.858657658486009,0.9527957657196494,0.45249522073858267,0.47744157381656316,0.0012244893230425524,0.002273109160527408,0.0021543390600311002,0.002390527952596754
3.8,0.2,0.03,0.0025089615619683,0.8399999999999999,0.4825211652579475,0.8957393586502378,0.8489369192897352,0.9420093026230468,0.45249522073858267,0.47744157381656316,0.0012106270564683443,0.002247375620395584,0.0021299500990337307,0.0023634651312977885
3.85,0.2,0.03,0.0025089615619683,0.8399999999999999,0.4713359378193899,0.8749754022198197,0.8292578809243032,0.9201727717976205,0.45249522073858267,0.47744157381656316,0.00118256375076313,0.0021952796518372804,0.002080576148198362,0.002308678114810058
3.9,0.2,0.03,0.0025089615619683,0.8399999999999999,0.49453251965876277,0.9180369150315323,0.8700694269095289,0.9654586524077791,0.45249522073858267,0.47744157381656316,0.0012407630829671685,0.002303319332282073,0.0021829707483597954,0.0024222986485608316
4.0,0.2,0.03,0.0025089615619683,0.8399999999999999,0.4941611609557074,0.917347534688338,0.8694160667338053,0.9647336617170574,0.45249522073858267,0.47744157381656316,0.0012398313582555002,0.0023015897034994216,0.002181331492792784,0.002420479674785026
4.1,0.2,0.03,0.0025089615619683,0.8399999999999999,0.4682474573835273,0.869242029916152,0.8238240776939181,0.9141432387718587,0.45249522073858267,0.47744157381656316,0.0011748148720646598,0.0021808948411069246,0.002066942944758027,0.002293550248211803
4.2,0.2,0.03,0.0025089615619683,0.8399999999999999,0.46402035338268455,0.8613949473438495,0.8163870056929948,0.9058908105290058,0.45249522073858267,0.47744157381656316,0.0011642092306081027,0.002161206812559426,0.00204828361697412,0.0022728452229575837
1.5,0.25,0.03,0.0018380360475564,0.87,0.2944298571693609,0.546571695538739,0.5180132891344854,0.5748051782873469,0.4686557643363893,0.49449305859572623,0.0005411726909541674,0.0010046184789742237,0.0009521270985424401,0.0010565126380142269
1.6,0.25,0.03,0.0018380360475564,0.87,0.24193922947308152,0.44912950113742456,0.42566245568608696,0.47232954996131327,0.4686557643363893,0.49449305859572623,0.00044469302508954364,0.0008255162131116095,0.0007823829376424065,0.0008681587391549853
1.7,0.25,0.03,0.0018380360475564,0.87,0.21458711688252935,0.3983537724157781,0.37753976207061374,0.4189309710763454,0.4686557643363893,0.49449305859572623,0.00039441885617128746,0.0007321885933802783,0.0006939316920716545,0.0007700102262761304
1.75,0.25,0.03,0.0018380360475564,0.87,0.23732074023008534,0.44055586149149756,0.4175367892655768,0.4633130339114088,0.4686557643363893,0.49449305859572623,0.00043620407537566517,0.0008097575543836369,0.0007674476698510903,0.0008515860576318901
1.8,0.25,0.03,0.0018380360475564,0.87,0.2626497639028055,0.4875759821689197,0.4621001055997749,0.5127620066073661,0.4686557643363893,0.49449305859572623,0.0004827597339355342,0.0008961822311491909,0.0008493566516720052,0.0009424750519616919
1.85,0.25,0.03,0.0018380360475564,0.87,0.2911192929281771,0.5404260528111643,0.512188756636478,0.5683420787661908,0.4686557643363893,0.49449305859572623,0.0005350877545411205,0.0009933225661055386,0.0009414213978509388,0.0010446332281153976
1.9,0.25,0.03,0.0018380360475564,0.87,0.31347096200651275,0.5819190922186434,0.5515137820541757,0.61197846555492,0.4686557643363893,0.49449305859572623,0.0005761709280301531,0.0010695882682591634,0.0010137022121397387,0.0011248384800181955
1.95,0.25,0.03,0.0018380360475564,0.87,0.35237485933026796,0.6541392445080174,0.619960426720503,0.687929192333253,0.4686557643363893,0.49449305859572623,0.0006476776937016481,0.0012023315115270458,0.0011395096123707324,0.0012644386536748789
2.0,0.25,0.03,0.0018380360475564,0.87,0.3886032302214345,0.7213926212374063,0.6836998101707428,0.7586565818356656,0.4686557643363893,0.49449305859572623,0.0007142667453438552,0.0013259456422755533,0.001256664896801293,0.0013944381451298754
2.05,0.25,0.03,0.0018380360475564,0.87,0.4111703234561537,0.7632855682749964,0.7234038480190415,0.8027135337186005,0.4686557643363893,0.49449305859572623,0.0007557458761978353,0.001402946389069015,0.0013296423496000096,0.0014754164108361676
2.1,0.25,0.03,0.0018380360475564,0.87,0.4432615663154903,0.8228588914094219,0.7798644611708399,0.8653641519356687,0.4686557643363893,0.49449305859572623,0.0008147307373841828,0.0015124443044628147,0.001433418991840152,0.0015905705055208326
2.15,0.25,0.03,0.0018380360475564,0.87,0.4608545138787755,0.8555179677396385,0.8108170986527978,0.8997102520830367,0.4686557643363893,0.49449305859572623,0.0008470672091882706,0.0015724728640376488,0.001490311055298936,0.001653699875684677
2.2,0.25,0.03,0.0018380360475564,0.87,0.4780078264437287,0.8873609174420508,0.8409962521759818,0.9331980681011145,0.4686557643363893,0.49449305859572623,0.0008785956160176566,0.001631001353451208,0.001545781427359287,0.0017152516886798407
2.25,0.25,0.03,0.0018380360475564,0.87,0.47747487499125807,0.8863715606498518,0.8400585893400946,0.9321576055012918,0.4686557643363893,0.49449305859572623,0.0008776160320364181,0.0016291828800032513,0.0015440579692664724,0.0017133392809152322
2.3,0.25,0.03,0.0018380360475564,0.87,0.48178046955725407,0.8943643510036002,0.8476337558814696,0.9405632681468324,0.4686557643363893,0.49449305859572623,0.0008855298700548817,0.0016438739167940022,0.0015579813984357628,0.0017287891918613342
2.35,0.25,0.03,0.0018380360475564,0.87,0.48328337385691733,0.8971543022646468,0.8502779320088761,0.9434973359829617,0.4686557643363893,0.49449305859572623,0.0008882922623336903,0.001649001947782731,0.001562841489474024,0.0017341821143101155
2.4,0.25,0.03,0.0018380360475564,0.87,0.47499232973898575,0.8817630301807233,0.8356908548857215,0.9273110186773272,0.4686557643363893,0.49449305859572623,0.0008730530243730516,0.0016207122348747313,0.0015360299158931805,0.0017044310796251736
2.45,0.25,0.03,0.0018380360475564,0.87,0.4911542091906034,0.9117655100239347,0.864125703218755,0.9588632942819781,0.4686557643363893,0.49449305859572623,0.0009027591414013859,0.001675857874342638,0.001588294192136095,0.0017624252995689562
2.5,0.25,0.03,0.0018380360475564,0.87,0.4535749055412873,0.8420042979300234,0.7980095189638128,0.885498525702702,0.4686557643363893,0.49449305859572623,0.0008336870266518752,0.0015476342517928017,0.0014667702621486303,0.0016275782102996136
2.55,0.25,0.03,0.0018380360475564,0.87,0.43127293008175405,0.8006035084246005,0.7587719233848288,0.8419591540390355,0.4686557643363893,0.49449305859572623,0.0007926951918255348,0.0014715381082845396,0.0013946501470550182,0.001547551275693839
2.6,0.25,0.03,0.0018380360475564,0.87,0.41720717085106634,0.7744922099792991,0.7340249419702669,0.8144990610984895,0.4686557643363893,0.49449305859572623,0.0007668418193232816,0.0014235446004935723,0.0013491643031468452,0.0014970786349998663
2.65,0.25,0.03,0.0018380360475564,0.87,0.45871786802600095,0.8515515556449403,0.8070579318463056,0.895538952636206,0.4686557643363893,0.49449305859572623,0.0008431399770900091,0.0015651824556281299,0.001483401571199826,0.0016460328769362501
2.7,0.25,0.03,0.0018380360475564,0.87,0.5384133904991509,0.9994961875643154,0.9472724471896353,1.0511257516255894,0.4686557643363893,0.49449305859572623,0.0009896232202245,0.0018371100221384043,0.0017411209047915159,0.0019320070220026485
2.75,0.25,0.03,0.0018380360475564,0.87,0.5837386731675855,1.083636827501551,1.0270167332540765,1.1396127258598898,0.4686557643363893,0.49449305859572623,0.001072932723634766,0.0019917635514075075,0.0018876937771646082,0.002094649270384487
2.8,0.25,0.03,0.0018380360475564,0.87,0.6878353980307981,1.276879197536693,1.2101621769700739,1.3428371442982328,0.4686557643363893,0.49449305859572623,0.0012642662563659111,0.002346949993447331,0.002224321704660323,0.002468183077217847
2.85,0.25,0.03,0.0018380360475564,0.87,0.9556294712712216,1.774004937682163,1.681313065075143,1.8656422072532228,0.4686557643363893,0.49449305859572623,0.0017564814163037682,0.00326068502400286,0.0030903140208356525,0.0034291176287741115
2.9,0.25,0.03,0.0018380360475564,0.87,1.0418757689342615,1.9341102530901413,1.8330528674091313,2.0340178569968934,0.4686557643363893,0.49449305859572623,0.001915005220376715,0.0035549643651281116,0.0033692172473746055,0.0037385981425337085
2.95,0.25,0.03,0.0018380360475564,0.87,0.9924050207316936,1.842274082042128,1.7460151422316355,1.937437834461242,0.4686557643363893,0.49449305859572623,0.0018240762018808092,0.003386166172272308,0.003209238771001061,0.003561080579639372
3.0,0.25,0.03,0.0018380360475564,0.87,0.9405533920459058,1.7460181082774355,1.6547885493149574,1.8362097016972492,0.4686557643363893,0.49449305859572623,0.0017287710392318218,0.00320924422270016,0.0030415610047244534,0.003375019622592328
3.1,0.25,0.03,0.0018380360475564,0.87,0.7829901886527956,1.4535220005082086,1.3775753820739671,1.5286045352626305,0.4686557643363893,0.49449305859572623,0.0014391641916268244,0.0026716258328503793,0.002532033210478232,0.002809630238270913
3.2,0.25,0.03,0.0018380360475564,0.87,0.7675328660143201,1.4248274410493793,1.3503801152007309,1.4984277414399063,0.4686557643363893,0.49449305859572623,0.0014107530754185968,0.0026188841981963007,0.002482047329642307,0.0027541642034250684
3.3,0.25,0.03,0.0018380360475564,0.87,0.6167408648242256,1.1449012115680366,1.0850800492949806,1.204041757757142,0.4686557643363893,0.49449305859572623,0.0011335919415480357,0.0021043696977530476,0.0019944162450884497,0.0022130721535207976
3.4,0.25,0.03,0.0018380360475564,0.87,0.5864209755344392,1.088616181724297,1.031735915896983,1.144849291556802,0.4686557643363893,0.49449305859572623,0.001077862892075489,0.0020009157839624664,0.001896367804977273,0.002104274266900809
3.45,0.25,0.03,0.0018380360475564,0.87,0.558879327679274,1.037488604817348,0.9832797581866211,1.0910806895613554,0.4686557643363893,0.49449305859572623,0.0010272403505085907,0.001906941454583282,0.0018073036403795496,0.002005445638206465
3.5,0.25,0.03,0.0018380360475564,0.87,0.5538520196932382,1.0281560450140041,0.9744348252359507,1.0812660508864587,0.4686557643363893,0.49449305859572623,0.0010179999772080889,0.0018897878732487602,0.0017910463347779982,0.001987405978528264
3.55,0.25,0.03,0.0018380360475564,0.87,0.5330388292218935,0.9895189960582321,0.9378165645843413,1.0406331824177961,0.4686557643363893,0.49449305859572623,0.0009797445828570999,0.0018187715844968499,0.0017237406517015238,0.001912721301567244
3.6,0.25,0.03,0.0018380360475564,0.87,0.5348663025653593,0.9929114685930925,0.9410317802100778,1.0442008951188961,0.4686557643363893,0.49449305859572623,0.0009831035447383386,0.0018250070713062684,0.0017296503339222942,0.0019192788861191908
3.65,0.25,0.03,0.0018380360475564,0.87,0.455618728336018,0.8457983957876131,0.801605374963218,0.8894886099190495,0.4686557643363893,0.49449305859572623,0.0008374436466234077,0.0015546079404230079,0.0014733795750973592,0.0016349121289220463
3.7,0.25,0.03,0.0018380360475564,0.87,0.4836668458438917,0.897866169383448,0.8509526040247283,0.9442459750169242,0.4686557643363893,0.49449305859572623,0.0008889970976689773,0.0016503103852081578,0.001564081560959438,0.0017355581398411466
3.75,0.25,0.03,0.0018380360475564,0.87,0.46506563820928315,0.8633353860802181,0.8182260563800223,0.907931483770811,0.4686557643363893,0.49449305859572623,0.0008548074075084855,0.0015868415607464626,0.0015039289866763963,0.001668810795882119
3.8,0.25,0.03,0.0018380360475564,0.87,0.45908565798518836,0.8522343110676676,0.8077050132540846,0.8962569761922933,0.4686557643363893,0.49449305859572623,0.0008438159882929249,0.001566437384706767,0.0014845909301530273,0.001647352630115333
3.85,0.25,0.03,0.0018380360475564,0.87,0.4629331492006722,0.8593766906396134,0.8144742030319486,0.9037682995863845,0.4686557643363893,0.49449305859572623,0.0008508878158396407,0.0015795653358253341,0.0014970329449774916,0.0016611587132785266
3.9,0.25,0.03,0.0018380360475564,0.87,0.45580781339815957,0.8461494082291138,0.8019380469819726,0.8898577541148884,0.4686557643363893,0.49449305859572623,0.0008377911917836783,0.001555253113943627,0.0014739910382598434,0.0016355906292607443
4.0,0.25,0.03,0.0018380360475564,0.87,0.4327069957990147,0.8032656695862869,0.7612949864538229,0.8447588307029807,0.4686557643363893,0.49449305859572623,0.0007953310563084248,0.0014764312564641239,0.0013992876279260876,0.0015526971823236727
4.1,0.25,0.03,0.0018380360475564,0.87,0.4164499399143226,0.7730865067636352,0.7326926868384398,0.8130207454555576,0.4686557643363893,0.49449305859572623,0.0007654500015652218,0.0014209608673110162,0.0013467155701900049,0.001494361437558491
4.2,0.25,0.03,0.0018380360475564,0.87,0.4344253026918344,0.8064554884480476,0.7643181370739719,0.8481134215361769,0.4686557643363893,0.49449305859572623,0.0007984893663181919,0.0014822942585172153,0.001404844287743114,0.0015588630411998894
