damping_key,linear_mass_key,mass_ratio,bridge_frequency,old_bias,psi_old,psi_env,env_bias,bias_ratio_env_over_old,psi_scale_env_over_old,target_beamdamp,C_original,C_rounded,bias_original_C,bias_rounded_C,C_difference,C_relative_difference_pct,bias_difference,mu_key,xi_key,target_mu,target_xi,source_mu,source_xi,mu_key_weight,xi_key_weight,weight_common,weight_common_percent,weighted_current,weighted_new_psi,weighted_original_C,weighted_rounded_C
0.005,2000,0.05,1.5,0.05902749866685943,0.5555555555555556,0.5424700000000002,0.06045137024152837,1.0241221736788308,0.9764460000000004,0.005,0.26535,0.31500000000000006,0.22781748724902345,0.1919091118778678,0.04965000000000008,18.711136235161142,-0.035908375371155654,0.05,0.005,0.05,0.005,0.05,0.005,0.05,0.005,0.11484680233395363,11.484680233395363,0.006779119471660516,0.006942646568945455,0.0261641099263066,0.022040147837922075
0.005,2000,0.05,1.6,0.054351857646907226,0.777777777777778,0.7594578000000007,0.055662957255433534,1.0241224433770741,0.9764457428571435,0.005,0.26535,0.31500000000000006,0.20977183815878478,0.17670780081090007,0.04965000000000008,18.711136235161142,-0.03306403734788471,0.05,0.005,0.05,0.005,0.05,0.005,0.05,0.005,0.11484680233395363,11.484680233395363,0.00624213705165754,0.006392712649238085,0.024091624832252065,0.02029432587059709
0.005,2000,0.05,1.7,0.06288561908292029,1.0,0.9764456000000004,0.06440258329078473,1.0241225932094935,0.9764456000000004,0.005,0.26535,0.31500000000000006,0.24270805837868753,0.20445264536757052,0.04965000000000008,18.711136235161142,-0.03825541301111701,0.05,0.005,0.05,0.005,0.05,0.005,0.05,0.005,0.11484680233395363,11.484680233395363,0.007222212264464448,0.007396430752992738,0.027874244405474802,0.02348073254918329
0.005,2000,0.05,1.75,0.08098262520467157,1.0,1.0,0.08098262520467157,1.0,1.0,0.005,0.26535,0.31500000000000006,0.30519172867786537,0.2570876990624494,0.04965000000000008,18.711136235161142,-0.04810402961541599,0.05,0.005,0.05,0.005,0.05,0.005,0.05,0.005,0.11484680233395363,11.484680233395363,0.009300595549365567,0.009300595549365567,0.03505029413742441,0.02952570015671608
0.005,2000,0.05,1.8,0.09645405394343272,1.0,1.0,0.09645405394343272,1.0,1.0,0.005,0.26535,0.31500000000000006,0.36349747105118796,0.3062033458521673,0.04965000000000008,18.711136235161142,-0.05729412519902066,0.05,0.005,0.05,0.005,0.05,0.005,0.05,0.005,0.11484680233395363,11.484680233395363,0.011077439667549918,0.011077439667549918,0.04174652220670781,0.035166475135079096
0.005,2000,0.05,1.85,0.1136345082550531,1.0,1.0,0.1136345082550531,1.0,1.0,0.005,0.26535,0.31500000000000006,0.4282438600152746,0.36074447065096216,0.04965000000000008,18.711136235161142,-0.06749938936431243,0.05,0.005,0.05,0.005,0.05,0.005,0.05,0.005,0.11484680233395363,11.484680233395363,0.013050559907884104,0.013050559907884104,0.04918243794190355,0.04143034891391779
0.005,2000,0.05,1.9,0.12049749051022711,1.0,1.0,0.12049749051022711,1.0,1.0,0.005,0.26535,0.31500000000000006,0.4541077464112573,0.3825317159054828,0.04965000000000008,18.711136235161142,-0.07157603050577449,0.05,0.005,0.05,0.005,0.05,0.005,0.05,0.005,0.11484680233395363,11.484680233395363,0.013838751474365505,0.013838751474365505,0.052152822590410805,0.04393254436306509
0.005,2000,0.05,1.95,0.13638788023205595,1.0,1.0,0.13638788023205595,1.0,1.0,0.005,0.26535,0.31500000000000006,0.5139923882873788,0.4329773975620823,0.04965000000000008,18.711136235161142,-0.0810149907252965,0.05,0.005,0.05,0.005,0.05,0.005,0.05,0.005,0.11484680233395363,11.484680233395363,0.01566371192175787,0.01566371192175787,0.059030382218797334,0.04972606959288212
0.005,2000,0.05,2.0,0.15830685829417687,1.0,1.0,0.15830685829417687,1.0,1.0,0.005,0.26535,0.31500000000000006,0.5965964133942977,0.5025614549021488,0.04965000000000008,18.711136235161142,-0.09403495849214893,0.05,0.005,0.05,0.005,0.05,0.005,0.05,0.005,0.11484680233395363,11.484680233395363,0.018181036462620537,0.018181036462620537,0.06851719036224059,0.05771757607181123
0.005,2000,0.05,2.05,0.1636779490931547,1.0,1.0,0.1636779490931547,1.0,1.0,0.005,0.26535,0.31500000000000006,0.6168379464599762,0.5196125368036656,0.04965000000000008,18.711136235161142,-0.09722540965631066,0.05,0.005,0.05,0.005,0.05,0.005,0.05,0.005,0.11484680233395363,11.484680233395363,0.018797889065928462,0.018797889065928462,0.07084186570917077,0.05967583830453479
0.005,2000,0.05,2.1,0.17592222058382107,1.0,1.0,0.17592222058382107,1.0,1.0,0.005,0.26535,0.31500000000000006,0.6629817998259698,0.5584832399486382,0.04965000000000008,18.711136235161142,-0.10449855987733159,0.05,0.005,0.05,0.005,0.05,0.005,0.05,0.005,0.11484680233395363,11.484680233395363,0.020204104493540286,0.020204104493540286,0.07614133971562197,0.06414001426520725
0.005,2000,0.05,2.15,0.23122569613793773,0.7500000000000006,1.0,0.17341927210345343,0.7500000000000006,1.3333333333333324,0.005,0.26535,0.31500000000000006,0.6535491694119218,0.5505373717569949,0.04965000000000008,18.711136235161142,-0.10301179765492685,0.05,0.005,0.05,0.005,0.05,0.005,0.05,0.005,0.11484680233395363,11.484680233395363,0.026555531818884558,0.019916648864163434,0.07505803227497054,0.06322745671162994
0.005,2000,0.05,2.2,0.34036181583997865,0.4999999999999989,1.0,0.17018090791998894,0.49999999999999883,2.0000000000000044,0.005,0.26535,0.31500000000000006,0.6413450458639116,0.5402568505396473,0.04965000000000008,18.711136235161142,-0.10108819532426427,0.05,0.005,0.05,0.005,0.05,0.005,0.05,0.005,0.11484680233395363,11.484680233395363,0.03908946618579955,0.01954473309289973,0.07365642771019308,0.062046771723491205
0.005,2000,0.05,2.25,0.6164185697618352,0.25,1.0,0.1541046424404588,0.25,4.0,0.005,0.26535,0.31500000000000006,0.5807599112133364,0.4892210871125675,0.04965000000000008,18.711136235161142,-0.09153882410076886,0.05,0.005,0.05,0.005,0.05,0.005,0.05,0.005,0.11484680233395363,11.484680233395363,0.07079370163641589,0.017698425409103973,0.0666984187266025,0.05618547748921895
0.005,2000,0.05,2.3,0.553651743144218,0.25,1.0,0.1384129357860545,0.25,4.0,0.005,0.26535,0.31500000000000006,0.5216240278351404,0.43940614535255385,0.04965000000000008,18.711136235161142,-0.08221788248258655,0.05,0.005,0.05,0.005,0.05,0.005,0.05,0.005,0.11484680233395363,11.484680233395363,0.06358513230673286,0.015896283076683216,0.059906851617423096,0.05046439071962925
0.005,2000,0.05,2.35,0.48416095670308185,0.25,1.0,0.12104023917577046,0.25,4.0,0.005,0.26535,0.31500000000000006,0.45615315310258325,0.38425472754212836,0.04965000000000008,18.711136235161142,-0.07189842556045489,0.05,0.005,0.05,0.005,0.05,0.005,0.05,0.005,0.11484680233395363,11.484680233395363,0.055604337692296724,0.013901084423074181,0.052387731008382066,0.04413042673991802
0.005,2000,0.05,2.4,0.4287855796530784,0.25,1.0,0.1071963949132696,0.25,4.0,0.005,0.26535,0.31500000000000006,0.4039811377926121,0.3403060155976812,0.04965000000000008,18.711136235161142,-0.06367512219493088,0.05,0.005,0.05,0.005,0.05,0.005,0.05,0.005,0.11484680233395363,11.484680233395363,0.049244652710066825,0.012311163177516706,0.0463959418787138,0.03908305770640223
0.005,2000,0.05,2.45,0.48719070045476914,0.25,1.0,0.12179767511369229,0.25,4.0,0.005,0.26535,0.31500000000000006,0.4590076318586482,0.38665928607521355,0.04965000000000008,18.711136235161142,-0.07234834578343463,0.05,0.005,0.05,0.005,0.05,0.005,0.05,0.005,0.11484680233395363,11.484680233395363,0.055952294074069285,0.013988073518517321,0.05271555876584632,0.04440658259846768
0.005,2000,0.05,2.5,0.2981463043072749,0.25,0.9889805000000003,0.07536708365515671,0.2527855705951735,3.955922000000001,0.005,0.26535,0.31500000000000006,0.28402895668044736,0.23926058303224348,0.04965000000000008,18.711136235161142,-0.04476837364820388,0.05,0.005,0.05,0.005,0.05,0.005,0.05,0.005,0.11484680233395363,11.484680233395363,0.03424114967737639,0.008655668559030329,0.032619817444998415,0.027478312885810565
0.005,2000,0.05,2.55,0.3087104211211304,0.25,0.8155164500000005,0.09463647885984709,0.3065542086857964,3.262065800000002,0.005,0.26535,0.31500000000000006,0.35664774396023025,0.30043326622173677,0.04965000000000008,18.711136235161142,-0.056214477738493474,0.05,0.005,0.05,0.005,0.05,0.005,0.05,0.005,0.11484680233395363,11.484680233395363,0.03545440471293004,0.01086869698119824,0.040959852953451066,0.03450379994031187
0.005,2000,0.05,2.6,0.2668884481060637,0.25,0.6420524000000007,0.10392004145847886,0.3893763188175914,2.568209600000003,0.005,0.26535,0.31500000000000006,0.39163384759178016,0.32990489351898045,0.04965000000000008,18.711136235161142,-0.06172895407279971,0.05,0.005,0.05,0.005,0.05,0.005,0.05,0.005,0.11484680233395363,11.484680233395363,0.03065128484485274,0.011934884459918187,0.0449778950816589,0.037888522094978366
0.005,2000,0.05,2.65,0.22490288920294732,0.25,0.468588350000001,0.1199895863837347,0.5335173185590284,1.874353400000004,0.005,0.26535,0.31500000000000006,0.4521936551111163,0.380919321853126,0.04965000000000008,18.711136235161142,-0.07127433325799032,0.05,0.005,0.05,0.005,0.05,0.005,0.05,0.005,0.11484680233395363,11.484680233395363,0.025829377660625964,0.013780420309545634,0.05193299532521437,0.043747366062049625
0.005,2000,0.05,2.7,0.18019851403858664,0.25,0.29512429999999945,0.15264628669901714,0.8471006962151219,1.1804971999999978,0.005,0.26535,0.31500000000000006,0.5752639408291583,0.48459138634608606,0.04965000000000008,18.711136235161142,-0.09067255448307227,0.05,0.005,0.05,0.005,0.05,0.005,0.05,0.005,0.11484680233395363,11.484680233395363,0.020695223122661727,0.017530937915534037,0.06606722410225754,0.0556537711604255
0.005,2000,0.05,2.75,0.13579509626377007,0.25,0.25,0.13579509626377007,1.0,1.0,0.005,0.26535,0.31500000000000006,0.5117584181788961,0.4310955436945081,0.04965000000000008,18.711136235161142,-0.08066287448438803,0.05,0.005,0.05,0.005,0.05,0.005,0.05,0.005,0.11484680233395363,11.484680233395363,0.015595632578525405,0.015595632578525405,0.05877381789532846,0.04950994469373144
0.005,2000,0.05,2.8,0.16898335794677094,0.25,0.25,0.16898335794677094,1.0,1.0,0.005,0.26535,0.31500000000000006,0.6368319500537817,0.5364551045929236,0.04965000000000008,18.711136235161142,-0.10037684546085812,0.05,0.005,0.05,0.005,0.05,0.005,0.05,0.005,0.11484680233395363,11.484680233395363,0.019407198307840535,0.019407198307840535,0.07313811308777289,0.06161015335822391
0.005,2000,0.05,2.85,0.1279603743276002,0.25,0.25,0.1279603743276002,1.0,1.0,0.005,0.26535,0.31500000000000006,0.4822324263335226,0.4062234105638101,0.04965000000000008,18.711136235161142,-0.07600901576971247,0.05,0.005,0.05,0.005,0.05,0.005,0.05,0.005,0.11484680233395363,11.484680233395363,0.014695839816980616,0.014695839816980616,0.05538285214614892,0.04665345973644639
0.005,2000,0.05,2.9,0.13801618883024516,0.25,0.25,0.13801618883024516,1.0,1.0,0.005,0.26535,0.31500000000000006,0.5201288442820621,0.43814663120712743,0.04965000000000008,18.711136235161142,-0.08198221307493464,0.05,0.005,0.05,0.005,0.05,0.005,0.05,0.005,0.11484680233395363,11.484680233395363,0.015850717957472785,0.015850717957472785,0.05973513456744973,0.05031973954753264
0.005,2000,0.05,2.95,0.10519675477060086,0.25,0.25,0.10519675477060086,1.0,1.0,0.005,0.26535,0.31500000000000006,0.3964452789545916,0.3339579516527011,0.04965000000000008,18.711136235161142,-0.062487327301890494,0.05,0.005,0.05,0.005,0.05,0.005,0.05,0.005,0.11484680233395363,11.484680233395363,0.01208151090131259,0.01208151090131259,0.045530472588327084,0.038354002861309806
0.005,2000,0.05,3.0,0.12332598761769208,0.25,0.25,0.12332598761769208,1.0,1.0,0.005,0.26535,0.31500000000000006,0.4647672418228456,0.391511071802197,0.04965000000000008,18.711136235161142,-0.0732561700206486,0.05,0.005,0.05,0.005,0.05,0.005,0.05,0.005,0.11484680233395363,11.484680233395363,0.014163595322568695,0.014163595322568695,0.053377031552925176,0.04496379467482125
0.005,2000,0.05,3.1,0.1444346695389083,0.1666666666666667,0.25,0.09628977969260556,0.6666666666666669,1.4999999999999996,0.005,0.26535,0.31500000000000006,0.36287838587754123,0.3056818402939859,0.04965000000000008,18.711136235161142,-0.05719654558355536,0.05,0.005,0.05,0.005,0.05,0.005,0.05,0.005,0.11484680233395363,11.484680233395363,0.016587859942704914,0.011058573295136613,0.04167542225414213,0.03510658188932258
0.005,2000,0.05,3.2,0.12292594375352556,0.1944444444444445,0.25,0.09560906736385325,0.777777777777778,1.2857142857142854,0.005,0.26535,0.31500000000000006,0.36031304829038346,0.3035208487741372,0.04965000000000008,18.711136235161142,-0.056792199516246256,0.05,0.005,0.05,0.005,0.05,0.005,0.05,0.005,0.11484680233395363,11.484680233395363,0.01411765156397585,0.01098039566087011,0.04138080143534996,0.03485839892339717
0.005,2000,0.05,3.3,0.10454642291425498,0.22222222222222218,0.25,0.09293015370155996,0.8888888888888887,1.1250000000000002,0.005,0.26535,0.31500000000000006,0.35021727417207454,0.2950163609573332,0.04965000000000008,18.711136235161142,-0.055200913214741354,0.05,0.005,0.05,0.005,0.05,0.005,0.05,0.005,0.11484680233395363,11.484680233395363,0.012006822367155362,0.010672730993026985,0.04022133406077629,0.03388168569214916
0.005,2000,0.05,3.4,0.09571394221517408,0.25,0.25,0.09571394221517408,1.0,1.0,0.005,0.26535,0.31500000000000006,0.36070828044158315,0.3038537848100764,0.04965000000000008,18.711136235161142,-0.05685449563150674,0.05,0.005,0.05,0.005,0.05,0.005,0.05,0.005,0.11484680233395363,11.484680233395363,0.010992440202189558,0.010992440202189558,0.04142619258409481,0.03489663556250653
0.005,2000,0.05,3.45,0.09033992376669701,0.25,0.25,0.09033992376669701,1.0,1.0,0.005,0.26535,0.31500000000000006,0.3404557142140457,0.28679340878316506,0.04965000000000008,18.711136235161142,-0.05366230543088063,0.05,0.005,0.05,0.005,0.05,0.005,0.05,0.005,0.11484680233395363,11.484680233395363,0.01037525136769829,0.01037525136769829,0.03910025011380551,0.03293730592920092
0.005,2000,0.05,3.5,0.10435036479886069,0.25,0.25,0.10435036479886069,1.0,1.0,0.005,0.26535,0.31500000000000006,0.39325556735956546,0.3312709993614624,0.04965000000000008,18.711136235161142,-0.061984567998103035,0.05,0.005,0.05,0.005,0.05,0.005,0.05,0.005,0.11484680233395363,11.484680233395363,0.011984305719530707,0.011984305719530707,0.0451641444112708,0.03804541498263715
0.005,2000,0.05,3.55,0.10827308775077,0.25,0.25,0.10827308775077,1.0,1.0,0.005,0.26535,0.31500000000000006,0.40803877049470516,0.3437240880976825,0.04965000000000008,18.711136235161142,-0.06431468239702265,0.05,0.005,0.05,0.005,0.05,0.005,0.05,0.005,0.11484680233395363,11.484680233395363,0.012434817906999499,0.012434817906999499,0.046861948019594875,0.03947561240317301
0.005,2000,0.05,3.6,0.10804662020328659,0.25,0.25,0.10804662020328659,1.0,1.0,0.005,0.26535,0.31500000000000006,0.40718530319685925,0.34300514350249706,0.04965000000000008,18.711136235161142,-0.0641801596943622,0.05,0.005,0.05,0.005,0.05,0.005,0.05,0.005,0.11484680233395363,11.484680233395363,0.012408808833338615,0.012408808833338615,0.04676393002954067,0.03939304391536068
0.005,2000,0.05,3.65,0.10529108402373961,0.25,0.25,0.10529108402373961,1.0,1.0,0.005,0.26535,0.31500000000000006,0.3968007688853952,0.3342574095991733,0.04965000000000008,18.711136235161142,-0.0625433592862219,0.05,0.005,0.05,0.005,0.05,0.005,0.05,0.005,0.11484680233395363,11.484680233395363,0.012092344314402126,0.012092344314402126,0.0455712994701418,0.03838839464889563
0.005,2000,0.05,3.7,0.11960070832584044,0.25,0.25,0.11960070832584044,1.0,1.0,0.005,0.26535,0.31500000000000006,0.4507281263457337,0.37968478833600133,0.04965000000000008,18.711136235161142,-0.07104333800973239,0.05,0.005,0.05,0.005,0.05,0.005,0.05,0.005,0.11484680233395363,11.484680233395363,0.013735758908098639,0.013735758908098639,0.051764684032781755,0.04360558383523377
0.005,2000,0.05,3.75,0.12985417085468634,0.25,0.25,0.12985417085468634,1.0,1.0,0.005,0.26535,0.31500000000000006,0.4893694021280812,0.4122354630307502,0.04965000000000008,18.711136235161142,-0.07713393909733102,0.05,0.005,0.05,0.005,0.05,0.005,0.05,0.005,0.11484680233395363,11.484680233395363,0.014913336292387605,0.014913336292387605,0.05620251099448881,0.047343924737738415
0.005,2000,0.05,3.8,0.12936533702764244,0.25,0.25,0.12936533702764244,1.0,1.0,0.005,0.26535,0.31500000000000006,0.48752717930146017,0.41068360961156325,0.04965000000000008,18.711136235161142,-0.07684356968989692,0.05,0.005,0.05,0.005,0.05,0.005,0.05,0.005,0.11484680233395363,11.484680233395363,0.014857195290478943,0.014857195290478943,0.05599093759366476,0.04716569933485378
0.005,2000,0.05,3.85,0.12638638736538885,0.25,0.25,0.12638638736538885,1.0,1.0,0.005,0.26535,0.31500000000000006,0.4763006872635721,0.4012266265567899,0.04965000000000008,18.711136235161142,-0.07507406070678219,0.05,0.005,0.05,0.005,0.05,0.005,0.05,0.005,0.11484680233395363,11.484680233395363,0.014515072447455308,0.014515072447455308,0.05470161088168573,0.04607959507128668
0.005,2000,0.05,3.9,0.13707611472993408,0.25,0.25,0.13707611472993408,1.0,1.0,0.005,0.26535,0.31500000000000006,0.5165860739775169,0.43516226898391763,0.04965000000000008,18.711136235161142,-0.08142380499359925,0.05,0.005,0.05,0.005,0.05,0.005,0.05,0.005,0.11484680233395363,11.484680233395363,0.015742753453095087,0.015742753453095087,0.05932825872656903,0.04997699508919075
0.005,2000,0.05,4.0,0.1321962005127011,0.25,0.25,0.1321962005127011,1.0,1.0,0.005,0.26535,0.31500000000000006,0.4981955926613948,0.41967047781809863,0.04965000000000008,18.711136235161142,-0.07852511484329616,0.05,0.005,0.05,0.005,0.05,0.005,0.05,0.005,0.11484680233395363,11.484680233395363,0.015182310909581881,0.015182310909581881,0.057216170754030085,0.04819781241137104
0.005,2000,0.05,4.1,0.1332687874163167,0.25,0.25,0.1332687874163167,1.0,1.0,0.005,0.26535,0.31500000000000006,0.5022377517102571,0.4230755156073545,0.04965000000000008,18.711136235161142,-0.07916223610290257,0.05,0.005,0.05,0.005,0.05,0.005,0.05,0.005,0.11484680233395363,11.484680233395363,0.015305494085687411,0.015305494085687411,0.057680399795317173,0.04858887011329335
0.005,2000,0.05,4.2,0.13622290354509428,0.25,0.24556180000000039,0.13868494972049203,1.018073658036387,0.9822472000000015,0.005,0.26535,0.31500000000000006,0.5226491415884381,0.4402696816523556,0.04965000000000008,18.711136235161142,-0.08237945993608253,0.05,0.005,0.05,0.005,0.05,0.005,0.05,0.005,0.11484680233395363,11.484680233395363,0.015644764876800672,0.015927523007243646,0.060024582654017895,0.05056356510236077
0.01,2900,0.05,1.5,0.10889668815529673,0.5555555555555556,0.5424700000000002,0.11152351298002827,1.0241221736788308,0.9764460000000004,0.01,0.3807,0.43000000000000005,0.2929432965065098,0.2593570069302983,0.049300000000000066,12.949829261886018,-0.033586289576211514,0.05,0.01,0.05,0.01,0.05,0.01,0.05,0.01,0.07828937847165002,7.828937847165002,0.008525454033299273,0.008731106516181407,0.022934348610930935,0.02030489887484048
0.01,2900,0.05,1.6,0.11391254497517933,0.777777777777778,0.7594578000000007,0.11666039389128151,1.0241224433770741,0.9764457428571435,0.01,0.3807,0.43000000000000005,0.30643654817778176,0.27130324160763136,0.049300000000000066,12.949829261886018,-0.0351333065701504,0.05,0.01,0.05,0.01,0.05,0.01,0.05,0.01,0.07828937847165002,7.828937847165002,0.00891814234623067,0.009133269730006307,0.02399072689783637,0.02124016216280536
0.01,2900,0.05,1.7,0.12473707802812092,1.0,0.9764456000000004,0.1277460598195341,1.0241225932094933,0.9764456000000004,0.01,0.3807,0.43000000000000005,0.3355557126859315,0.29708386004542814,0.049300000000000066,12.949829261886018,-0.038471852640503346,0.05,0.01,0.05,0.01,0.05,0.01,0.05,0.01,0.07828937847165002,7.828937847165002,0.009765588311191299,0.010001159625473549,0.026270448188793143,0.023258510756915228
0.01,2900,0.05,1.75,0.17351076599323673,1.0,1.0,0.17351076599323673,1.0,1.0,0.01,0.3807,0.43000000000000005,0.45576770683802664,0.403513409286597,0.049300000000000066,12.949829261886018,-0.05225429755142963,0.05,0.01,0.05,0.01,0.05,0.01,0.05,0.01,0.07828937847165002,7.828937847165002,0.013584050027750412,0.013584050027750412,0.0356817704957983,0.03159081401802421
0.01,2900,0.05,1.8,0.18725732799677253,1.0,1.0,0.18725732799677253,1.0,1.0,0.01,0.3807,0.43000000000000005,0.4918763540761033,0.43548215813202906,0.049300000000000066,12.949829261886018,-0.056394195944074244,0.05,0.01,0.05,0.01,0.05,0.01,0.05,0.01,0.07828937847165002,7.828937847165002,0.01466025982312923,0.01466025982312923,0.03850869404551938,0.03409362749564936
0.01,2900,0.05,1.85,0.21692793912336036,1.0,1.0,0.21692793912336036,1.0,1.0,0.01,0.3807,0.43000000000000005,0.5698133415375897,0.504483579356652,0.049300000000000066,12.949829261886018,-0.06532976218093767,0.05,0.01,0.05,0.01,0.05,0.01,0.05,0.01,0.07828937847165002,7.828937847165002,0.016983153527103813,0.016983153527103813,0.04461033235383193,0.039495705876985615
0.01,2900,0.05,1.9,0.2459742435203652,1.0,1.0,0.2459742435203652,1.0,1.0,0.01,0.3807,0.43000000000000005,0.64611043740574,0.5720331244659655,0.049300000000000066,12.949829261886018,-0.07407731293977449,0.05,0.01,0.05,0.01,0.05,0.01,0.05,0.01,0.07828937847165002,7.828937847165002,0.01925717064524368,0.01925717064524368,0.05058358456854132,0.04478411777963646
0.01,2900,0.05,1.95,0.26843845088434454,1.0,1.0,0.26843845088434454,1.0,1.0,0.01,0.3807,0.43000000000000005,0.7051180742956253,0.6242754671728942,0.049300000000000066,12.949829261886018,-0.08084260712273117,0.05,0.01,0.05,0.01,0.05,0.01,0.05,0.01,0.07828937847165002,7.828937847165002,0.021015879477627883,0.021015879477627883,0.05520325578573125,0.04887413832006484
0.01,2900,0.05,2.0,0.3226509731408928,1.0,1.0,0.3226509731408928,1.0,1.0,0.01,0.3807,0.43000000000000005,0.8475202866847723,0.7503511003276576,0.049300000000000066,12.949829261886018,-0.09716918635711469,0.05,0.01,0.05,0.01,0.05,0.01,0.05,0.01,0.07828937847165002,7.828937847165002,0.02526014415047354,0.02526014415047354,0.06635183648666547,0.05874452128017102
0.01,2900,0.05,2.05,0.29220648286602086,1.0,1.0,0.29220648286602086,1.0,1.0,0.01,0.3807,0.43000000000000005,0.7675505197426343,0.6795499601535367,0.049300000000000066,12.949829261886018,-0.08800055958909758,0.05,0.01,0.05,0.01,0.05,0.01,0.05,0.01,0.07828937847165002,7.828937847165002,0.022876663928967624,0.022876663928967624,0.06009105313624278,0.053201544020854925
0.01,2900,0.05,2.1,0.31328907241070597,1.0,1.0,0.31328907241070597,1.0,1.0,0.01,0.3807,0.43000000000000005,0.8229290055442763,0.7285792381644324,0.049300000000000066,12.949829261886018,-0.09434976737984391,0.05,0.01,0.05,0.01,0.05,0.01,0.05,0.01,0.07828937847165002,7.828937847165002,0.024527206760993927,0.024527206760993927,0.06442660037035443,0.05704001572324168
0.01,2900,0.05,2.15,0.41225585467987663,0.7500000000000006,1.0,0.3091918910099077,0.7500000000000006,1.3333333333333324,0.01,0.3807,0.43000000000000005,0.8121667743890404,0.7190509093253666,0.049300000000000066,12.949829261886018,-0.09311586506367375,0.05,0.01,0.05,0.01,0.05,0.01,0.05,0.01,0.07828937847165002,7.828937847165002,0.032275254634186415,0.024206440975639825,0.06358403198224277,0.05629404878055773
0.01,2900,0.05,2.2,0.5471447905427349,0.4999999999999989,1.0,0.27357239527136684,0.4999999999999989,2.0000000000000044,0.01,0.3807,0.43000000000000005,0.7186036124806064,0.6362148727241088,0.049300000000000066,12.949829261886018,-0.08238873975649763,0.05,0.01,0.05,0.01,0.05,0.01,0.05,0.01,0.07828937847165002,7.828937847165002,0.04283562558559185,0.021417812792795875,0.056259030188589125,0.0498088669599904
0.01,2900,0.05,2.25,1.1320240486084667,0.25,1.0,0.2830060121521167,0.25,4.0,0.01,0.3807,0.43000000000000005,0.7433832733178795,0.6581535166328294,0.049300000000000066,12.949829261886018,-0.08522975668505006,0.05,0.01,0.05,0.01,0.05,0.01,0.05,0.01,0.07828937847165002,7.828937847165002,0.08862545918051778,0.022156364795129446,0.05819901443427751,0.05152642975611499
0.01,2900,0.05,2.3,1.0053741089509984,0.25,1.0,0.2513435272377496,0.25,4.0,0.01,0.3807,0.43000000000000005,0.6602141508740468,0.5845198307854641,0.049300000000000066,12.949829261886018,-0.07569432008858268,0.05,0.01,0.05,0.01,0.05,0.01,0.05,0.01,0.07828937847165002,7.828937847165002,0.07871011412126262,0.019677528530315656,0.05168775553011729,0.045761694256548024
0.01,2900,0.05,2.35,0.7960322389215146,0.25,1.0,0.19900805973037866,0.25,4.0,0.01,0.3807,0.43000000000000005,0.5227424736810578,0.4628094412334387,0.049300000000000066,12.949829261886018,-0.05993303244761905,0.05,0.01,0.05,0.01,0.05,0.01,0.05,0.01,0.07828937847165002,7.828937847165002,0.06232086922856139,0.015580217307140348,0.04092518336522288,0.03623306350497755
0.01,2900,0.05,2.4,0.8120824115190436,0.25,1.0,0.2030206028797609,0.25,4.0,0.01,0.3807,0.43000000000000005,0.5332823821375385,0.47214093692967646,0.049300000000000066,12.949829261886018,-0.06114144520786208,0.05,0.01,0.05,0.01,0.05,0.01,0.05,0.01,0.07828937847165002,7.828937847165002,0.06357742726558464,0.01589435681639616,0.04175034624742885,0.03696362050324688
0.01,2900,0.05,2.45,0.7456678403629913,0.25,1.0,0.18641696009074782,0.25,4.0,0.01,0.3807,0.43000000000000005,0.48966892590162286,0.43352781416452973,0.049300000000000066,12.949829261886018,-0.05614111173709313,0.05,0.01,0.05,0.01,0.05,0.01,0.05,0.01,0.07828937847165002,7.828937847165002,0.05837787176831613,0.014594467942079033,0.0383358758657185,0.033940623121114025
0.01,2900,0.05,2.5,0.6540685901721707,0.25,0.9889805000000003,0.16533910177505282,0.2527855705951734,3.955922000000001,0.01,0.3807,0.43000000000000005,0.4343028678094374,0.38450953901175067,0.049300000000000066,12.949829261886018,-0.04979332879768672,0.05,0.01,0.05,0.01,0.05,0.01,0.05,0.01,0.07828937847165002,7.828937847165002,0.051206623402407614,0.01294429551502977,0.03400130158925603,0.030103012825650626
0.01,2900,0.05,2.55,0.47485186002723895,0.25,0.8155164500000005,0.14556783619362879,0.3065542086857964,3.262065800000002,0.01,0.3807,0.43000000000000005,0.3823688893975014,0.3385298516130902,0.049300000000000066,12.949829261886018,-0.04383903778441123,0.05,0.01,0.05,0.01,0.05,0.01,0.05,0.01,0.07828937847165002,7.828937847165002,0.03717585698763949,0.011396415421062157,0.029935422697825474,0.026503291676888738
0.01,2900,0.05,2.6,0.44996492828379686,0.25,0.6420524000000007,0.17520568737216632,0.3893763188175914,2.568209600000003,0.01,0.3807,0.43000000000000005,0.46021982498598984,0.40745508691201465,0.049300000000000066,12.949829261886018,-0.05276473807397519,0.05,0.01,0.05,0.01,0.05,0.01,0.05,0.01,0.07828937847165002,7.828937847165002,0.03522747456937903,0.013716744369065122,0.03603032405848469,0.03189940550945377
0.01,2900,0.05,2.65,0.4159602392124483,0.25,0.468588350000001,0.22192199145179742,0.5335173185590284,1.874353400000004,0.01,0.3807,0.43000000000000005,0.5829314196264708,0.5160976545390638,0.049300000000000066,12.949829261886018,-0.06683376508740702,0.05,0.01,0.05,0.01,0.05,0.01,0.05,0.01,0.07828937847165002,7.828937847165002,0.032565268596861444,0.017374134779952047,0.045637338534153006,0.04040496460453965
0.01,2900,0.05,2.7,0.31573025728099574,0.25,0.29512429999999945,0.26745532075891104,0.8471006962151219,1.1804971999999978,0.01,0.3807,0.43000000000000005,0.702535646858185,0.621989118043979,0.049300000000000066,12.949829261886018,-0.08054652881420599,0.05,0.01,0.05,0.01,0.05,0.01,0.05,0.01,0.07828937847165002,7.828937847165002,0.02471832560722331,0.02093891083115094,0.05500107914670591,0.04869514146779288
0.01,2900,0.05,2.75,0.25681025371729715,0.25,0.25,0.25681025371729715,1.0,1.0,0.01,0.3807,0.43000000000000005,0.6745738211644265,0.5972331481797608,0.049300000000000066,12.949829261886018,-0.07734067298466574,0.05,0.01,0.05,0.01,0.05,0.01,0.05,0.01,0.07828937847165002,7.828937847165002,0.020105515148673942,0.020105515148673942,0.052811965192208946,0.046757011973660334
0.01,2900,0.05,2.8,0.24795609678376143,0.25,0.25,0.24795609678376143,1.0,1.0,0.01,0.3807,0.43000000000000005,0.6513162510737102,0.5766420855436312,0.049300000000000066,12.949829261886018,-0.074674165530079,0.05,0.01,0.05,0.01,0.05,0.01,0.05,0.01,0.07828937847165002,7.828937847165002,0.01941232870545698,0.01941232870545698,0.05099114448504592,0.04514495047780692
0.01,2900,0.05,2.85,0.24584868457381936,0.25,0.25,0.24584868457381936,1.0,1.0,0.01,0.3807,0.43000000000000005,0.6457806266714456,0.5717411269158589,0.049300000000000066,12.949829261886018,-0.07403949975558677,0.05,0.01,0.05,0.01,0.05,0.01,0.05,0.01,0.07828937847165002,7.828937847165002,0.01924734071335705,0.01924734071335705,0.05055776389114013,0.04476125747292336
0.01,2900,0.05,2.9,0.2187559374660968,0.25,0.25,0.2187559374660968,1.0,1.0,0.01,0.3807,0.43000000000000005,0.5746150182981267,0.5087347382932483,0.049300000000000066,12.949829261886018,-0.06588028000487833,0.05,0.01,0.05,0.01,0.05,0.01,0.05,0.01,0.07828937847165002,7.828937847165002,0.017126266381203858,0.017126266381203858,0.044986252643036136,0.039828526467915945
0.01,2900,0.05,2.95,0.19026555577230383,0.25,0.25,0.19026555577230383,1.0,1.0,0.01,0.3807,0.43000000000000005,0.4997781869511527,0.4424780366797763,0.049300000000000066,12.949829261886018,-0.057300150271376415,0.05,0.01,0.05,0.01,0.05,0.01,0.05,0.01,0.07828937847165002,7.828937847165002,0.014895772105976729,0.014895772105976729,0.03912732363009385,0.034641330479015645
0.01,2900,0.05,3.0,0.20205224412108985,0.25,0.25,0.20205224412108985,1.0,1.0,0.01,0.3807,0.43000000000000005,0.5307387552432095,0.469888939816488,0.049300000000000066,12.949829261886018,-0.060849815426721465,0.05,0.01,0.05,0.01,0.05,0.01,0.05,0.01,0.07828937847165002,7.828937847165002,0.015818544611042224,0.015818544611042224,0.04155120727880805,0.036787313048935406
0.01,2900,0.05,3.1,0.21228105457155944,0.1666666666666667,0.25,0.14152070304770634,0.6666666666666669,1.4999999999999996,0.01,0.3807,0.43000000000000005,0.37173812200605816,0.3291179140644333,0.049300000000000066,12.949829261886018,-0.042620207941624855,0.05,0.01,0.05,0.01,0.05,0.01,0.05,0.01,0.07828937847165002,7.828937847165002,0.016619351823713806,0.011079567882475876,0.029103146526072696,0.025766436935990403
0.01,2900,0.05,3.2,0.23206744207952792,0.1944444444444445,0.25,0.18049689939518845,0.7777777777777781,1.2857142857142854,0.01,0.3807,0.43000000000000005,0.4741184643950314,0.419760231151601,0.049300000000000066,12.949829261886018,-0.05435823324343042,0.05,0.01,0.05,0.01,0.05,0.01,0.05,0.01,0.07828937847165002,7.828937847165002,0.018168415803911882,0.014130990069709247,0.03711843989942014,0.03286276760397499
0.01,2900,0.05,3.3,0.17329458029342376,0.22222222222222218,0.25,0.15403962692748777,0.8888888888888887,1.1250000000000002,0.01,0.3807,0.43000000000000005,0.40462208281452,0.3582316905290413,0.049300000000000066,12.949829261886018,-0.0463903922854787,0.05,0.01,0.05,0.01,0.05,0.01,0.05,0.01,0.07828937847165002,7.828937847165002,0.013567124983677596,0.01205966665215786,0.031677611379453276,0.028045736400367116
0.01,2900,0.05,3.4,0.16905032390079366,0.25,0.25,0.16905032390079366,1.0,1.0,0.01,0.3807,0.43000000000000005,0.4440512842153761,0.3931402881413806,0.049300000000000066,12.949829261886018,-0.05091099607399552,0.05,0.01,0.05,0.01,0.05,0.01,0.05,0.01,0.07828937847165002,7.828937847165002,0.013234844788624259,0.013234844788624259,0.03476449905075981,0.030778708810754084
0.01,2900,0.05,3.45,0.16514670901597447,0.25,0.25,0.16514670901597447,1.0,1.0,0.01,0.3807,0.43000000000000005,0.433797502012016,0.3840621139906383,0.049300000000000066,12.949829261886018,-0.049735388021377724,0.05,0.01,0.05,0.01,0.05,0.01,0.05,0.01,0.07828937847165002,7.828937847165002,0.012929233205499081,0.012929233205499081,0.03396173681507508,0.030067984198835072
0.01,2900,0.05,3.5,0.17236834055641864,0.25,0.25,0.17236834055641864,1.0,1.0,0.01,0.3807,0.43000000000000005,0.452766852000049,0.4008566059451596,0.049300000000000066,12.949829261886018,-0.05191024605488942,0.05,0.01,0.05,0.01,0.05,0.01,0.05,0.01,0.07828937847165002,7.828937847165002,0.013494610250351721,0.013494610250351721,0.03544683543564939,0.03138281453570167
0.01,2900,0.05,3.55,0.1664159034515632,0.25,0.25,0.1664159034515632,1.0,1.0,0.01,0.3807,0.43000000000000005,0.43713134607712956,0.3870137289571237,0.049300000000000066,12.949829261886018,-0.05011761712000584,0.05,0.01,0.05,0.01,0.05,0.01,0.05,0.01,0.07828937847165002,7.828937847165002,0.013028597649021,0.013028597649021,0.03422274139485422,0.030299064300048837
0.01,2900,0.05,3.6,0.17289957569363998,0.25,0.25,0.17289957569363998,1.0,1.0,0.01,0.3807,0.43000000000000005,0.45416226869881793,0.4020920364968371,0.049300000000000066,12.949829261886018,-0.052070232201980815,0.05,0.01,0.05,0.01,0.05,0.01,0.05,0.01,0.07828937847165002,7.828937847165002,0.01353620031906708,0.01353620031906708,0.035556081741704965,0.031479535625737395
0.01,2900,0.05,3.65,0.2205305705141838,0.25,0.25,0.2205305705141838,1.0,1.0,0.01,0.3807,0.43000000000000005,0.5792765182931017,0.5128617918934506,0.049300000000000066,12.949829261886018,-0.06641472639965107,0.05,0.01,0.05,0.01,0.05,0.01,0.05,0.01,0.07828937847165002,7.828937847165002,0.017265201299553837,0.017265201299553837,0.04535119858038833,0.040151630929194965
0.01,2900,0.05,3.7,0.21096141992715076,0.25,0.25,0.21096141992715076,1.0,1.0,0.01,0.3807,0.43000000000000005,0.5541408456189933,0.4906079533189552,0.049300000000000066,12.949829261886018,-0.06353289230003817,0.05,0.01,0.05,0.01,0.05,0.01,0.05,0.01,0.07828937847165002,7.828937847165002,0.016516038447593397,0.016516038447593397,0.043383342389265556,0.03840939173858929
0.01,2900,0.05,3.75,0.23304885207412604,0.25,0.25,0.23304885207412604,1.0,1.0,0.01,0.3807,0.43000000000000005,0.6121587918942107,0.5419740745909907,0.049300000000000066,12.949829261886018,-0.07018471730322007,0.05,0.01,0.05,0.01,0.05,0.01,0.05,0.01,0.07828937847165002,7.828937847165002,0.018245249782414832,0.018245249782414832,0.04792553134335391,0.042430813447476345
0.01,2900,0.05,3.8,0.21849322764590737,0.25,0.25,0.21849322764590737,1.0,1.0,0.01,0.3807,0.43000000000000005,0.5739249478484565,0.5081237852230404,0.049300000000000066,12.949829261886018,-0.06580116262541613,0.05,0.01,0.05,0.01,0.05,0.01,0.05,0.01,0.07828937847165002,7.828937847165002,0.017105698992662826,0.017105698992662826,0.04493222745642981,0.039780695331774016
0.01,2900,0.05,3.85,0.2094502807084814,0.25,0.25,0.2094502807084814,1.0,1.0,0.01,0.3807,0.43000000000000005,0.5501714754622574,0.48709367606623577,0.049300000000000066,12.949829261886018,-0.06307779939602165,0.05,0.01,0.05,0.01,0.05,0.01,0.05,0.01,0.07828937847165002,7.828937847165002,0.016397732297379636,0.016397732297379636,0.043072582866770785,0.038134261156696825
0.01,2900,0.05,3.9,0.2163834313252117,0.25,0.25,0.2163834313252117,1.0,1.0,0.01,0.3807,0.43000000000000005,0.5683830610065976,0.5032172821516551,0.049300000000000066,12.949829261886018,-0.06516577885494257,0.05,0.01,0.05,0.01,0.05,0.01,0.05,0.01,0.07828937847165002,7.828937847165002,0.01694052435001379,0.01694052435001379,0.044498356580020465,0.03939656825584602
0.01,2900,0.05,4.0,0.2517004297443137,0.25,0.25,0.2517004297443137,1.0,1.0,0.01,0.3807,0.43000000000000005,0.6611516410410132,0.585349836614683,0.049300000000000066,12.949829261886018,-0.07580180442633022,0.05,0.01,0.05,0.01,0.05,0.01,0.05,0.01,0.07828937847165002,7.828937847165002,0.019705470205729533,0.019705470205729533,0.05176115105261238,0.045826674897045415
0.01,2900,0.05,4.1,0.25217218904148514,0.25,0.25,0.25217218904148514,1.0,1.0,0.01,0.3807,0.43000000000000005,0.6623908301588788,0.5864469512592677,0.049300000000000066,12.949829261886018,-0.07594387889961107,0.05,0.01,0.05,0.01,0.05,0.01,0.05,0.01,0.07828937847165002,7.828937847165002,0.019742403947893304,0.019742403947893304,0.05185816639845891,0.0459125673206821
0.01,2900,0.05,4.2,0.257157831451521,0.25,0.24556180000000039,0.2618056141585546,1.0180736580363867,0.9822472000000015,0.01,0.3807,0.43000000000000005,0.6876953353258591,0.6088502654850105,0.049300000000000066,12.949829261886018,-0.0788450698408486,0.05,0.01,0.05,0.01,0.05,0.01,0.05,0.01,0.07828937847165002,7.828937847165002,0.02013272679345691,0.020496598812861856,0.05383924038051446,0.04766650886712058
0.015,2900,0.05,1.5,0.16970343572070154,0.5555555555555556,0.5424700000000002,0.1737970514710506,1.0241221736788308,0.9764460000000004,0.015,0.49604999999999994,0.545,0.35036196244542006,0.318893672423946,0.048950000000000105,9.867956859187604,-0.031468290021474055,0.05,0.015,0.05,0.015,0.05,0.015,0.05,0.015,0.03391638611350594,3.391638611350594,0.00575572725069185,0.005894567903081018,0.011883011597784534,0.010815720923084434
0.015,2900,0.05,1.6,0.1622179846333685,0.777777777777778,0.7594578000000007,0.16613107878243,1.024122443377074,0.9764457428571435,0.015,0.49604999999999994,0.545,0.33490793021354703,0.30482766749069723,0.048950000000000105,9.867956859187604,-0.030080262722849804,0.05,0.015,0.05,0.015,0.05,0.015,0.05,0.015,0.03391638611350594,3.391638611350594,0.005501847801380099,0.00563456581343817,0.011358866673597763,0.01033865286869389
0.015,2900,0.05,1.7,0.18282861499039874,1.0,0.9764456000000004,0.1872389152968672,1.0241225932094933,0.9764456000000004,0.015,0.49604999999999994,0.545,0.3774597627192163,0.3435576427465453,0.048950000000000105,9.867956859187604,-0.03390211997267095,0.05,0.015,0.05,0.015,0.05,0.015,0.05,0.015,0.03391638611350594,3.391638611350594,0.006200885898611883,0.006350467346682582,0.012802071054697274,0.011652233663637764
0.015,2900,0.05,1.75,0.21856732944401144,1.0,1.0,0.21856732944401144,1.0,1.0,0.015,0.49604999999999994,0.545,0.44061552150793565,0.4010409714569017,0.048950000000000105,9.867956859187604,-0.03957455005103394,0.05,0.015,0.05,0.015,0.05,0.015,0.05,0.015,0.03391638611350594,3.391638611350594,0.007413013937220948,0.007413013937220948,0.014944086155066927,0.013601860435267793
0.015,2900,0.05,1.8,0.25737452612546563,1.0,1.0,0.25737452612546563,1.0,1.0,0.015,0.49604999999999994,0.545,0.5188479510643396,0.47224683692745983,0.048950000000000105,9.867956859187604,-0.04660111413687973,0.05,0.015,0.05,0.015,0.05,0.015,0.05,0.015,0.03391638611350594,3.391638611350594,0.008729213803851915,0.008729213803851915,0.017597447442499577,0.016016906062113603
0.015,2900,0.05,1.85,0.3301016997317594,1.0,1.0,0.3301016997317594,1.0,1.0,0.015,0.49604999999999994,0.545,0.6654605377114392,0.6056911921683659,0.048950000000000105,9.867956859187604,-0.05976934554307334,0.05,0.015,0.05,0.015,0.05,0.015,0.05,0.015,0.03391638611350594,3.391638611350594,0.011195856704826953,0.011195856704826953,0.022570016540322452,0.020542856339132023
0.015,2900,0.05,1.9,0.3548862787348902,1.0,1.0,0.3548862787348902,1.0,1.0,0.015,0.49604999999999994,0.545,0.7154244103112393,0.6511674839172297,0.048950000000000105,9.867956859187604,-0.0642569263940096,0.05,0.015,0.05,0.015,0.05,0.015,0.05,0.015,0.03391638611350594,3.391638611350594,0.01203646005595783,0.01203646005595783,0.024264610535143293,0.02208524780909693
0.015,2900,0.05,1.95,0.33290420017426325,1.0,1.0,0.33290420017426325,1.0,1.0,0.015,0.49604999999999994,0.545,0.6711101706970332,0.6108333948151619,0.048950000000000105,9.867956859187604,-0.0602767758818713,0.05,0.015,0.05,0.015,0.05,0.015,0.05,0.015,0.03391638611350594,3.391638611350594,0.011290907391918185,0.011290907391918185,0.022761631674061457,0.020717261269574648
0.015,2900,0.05,2.0,0.4158818014197662,1.0,1.0,0.4158818014197662,1.0,1.0,0.015,0.49604999999999994,0.545,0.8383868590258367,0.7630858741647086,0.048950000000000105,9.867956859187604,-0.07530098486112802,0.05,0.015,0.05,0.015,0.05,0.015,0.05,0.015,0.03391638611350594,3.391638611350594,0.014105207754533194,0.014105207754533194,0.028435052423209747,0.025881115145932464
0.015,2900,0.05,2.05,0.4011866965783676,1.0,1.0,0.4011866965783676,1.0,1.0,0.015,0.49604999999999994,0.545,0.8087626178376527,0.7361223790428763,0.048950000000000105,9.867956859187604,-0.07264023879477643,0.05,0.015,0.05,0.015,0.05,0.015,0.05,0.015,0.03391638611350594,3.391638611350594,0.013606802904753867,0.013606802904753867,0.027430305220751676,0.024966610834410763
0.015,2900,0.05,2.1,0.41799345224872747,1.0,1.0,0.41799345224872747,1.0,1.0,0.015,0.49604999999999994,0.545,0.8426437904419464,0.7669604628417017,0.048950000000000105,9.867956859187604,-0.07568332760024465,0.05,0.015,0.05,0.015,0.05,0.015,0.05,0.015,0.03391638611350594,3.391638611350594,0.014176827319385148,0.014176827319385148,0.02857943215277724,0.02601252719153238
0.015,2900,0.05,2.15,0.5442867154712097,0.7500000000000006,1.0,0.4082150366034075,0.7500000000000006,1.3333333333333324,0.015,0.49604999999999994,0.545,0.8229312299232086,0.7490184157860688,0.048950000000000105,9.867956859187604,-0.07391281413713979,0.05,0.015,0.05,0.015,0.05,0.015,0.05,0.015,0.03391638611350594,3.391638611350594,0.018460238398373494,0.01384517879878013,0.027910853338937874,0.025403997795926843
0.015,2900,0.05,2.2,0.91315457909632,0.4999999999999989,1.0,0.456577289548159,0.4999999999999989,2.0000000000000044,0.015,0.49604999999999994,0.545,0.9204259440543475,0.837756494583778,0.048950000000000105,9.867956859187604,-0.08266944947056953,0.05,0.015,0.05,0.015,0.05,0.015,0.05,0.015,0.03391638611350594,3.391638611350594,0.03097090328594679,0.015485451642973361,0.03121752170743547,0.028413672739400663
0.015,2900,0.05,2.25,1.467124744807977,0.25,1.0,0.36678118620199424,0.25,4.0,0.015,0.49604999999999994,0.545,0.7394036613284836,0.672993002205494,0.048950000000000105,9.867956859187604,-0.0664106591229896,0.05,0.015,0.05,0.015,0.05,0.015,0.05,0.015,0.03391638611350594,3.391638611350594,0.04975956932158621,0.012439892330396553,0.02507790007135683,0.022825490514489087
0.015,2900,0.05,2.3,1.5570993295054438,0.25,1.0,0.38927483237636096,0.25,4.0,0.015,0.49604999999999994,0.545,0.7847491833007983,0.7142657474795613,0.048950000000000105,9.867956859187604,-0.07048343582123706,0.05,0.015,0.05,0.015,0.05,0.015,0.05,0.015,0.03391638611350594,3.391638611350594,0.052811182076587845,0.013202795519146961,0.026615856303088326,0.024225312879168733
0.015,2900,0.05,2.35,1.0922148028168723,0.25,1.0,0.2730537007042181,0.25,4.0,0.015,0.49604999999999994,0.545,0.5504560038387625,0.5010159645948955,0.048950000000000105,9.867956859187604,-0.04944003924386697,0.05,0.015,0.05,0.015,0.05,0.015,0.05,0.015,0.03391638611350594,3.391638611350594,0.0370439789712238,0.00926099474280595,0.018669478364692977,0.016992650904231098
0.015,2900,0.05,2.4,1.076541698885688,0.25,1.0,0.269135424721422,0.25,4.0,0.015,0.49604999999999994,0.545,0.5425570501389417,0.4938264673787559,0.048950000000000105,9.867956859187604,-0.048730582760185825,0.05,0.015,0.05,0.015,0.05,0.015,0.05,0.015,0.03391638611350594,3.391638611350594,0.03651240392669664,0.00912810098167416,0.01840157440111715,0.016748809140686532
0.015,2900,0.05,2.45,1.025688510861417,0.25,1.0,0.2564221277153543,0.25,4.0,0.015,0.49604999999999994,0.545,0.5169279865242502,0.4704993169089069,0.048950000000000105,9.867956859187604,-0.04642866961534331,0.05,0.015,0.05,0.015,0.05,0.015,0.05,0.015,0.03391638611350594,3.391638611350594,0.03478764756656275,0.008696911891640688,0.017532329183833666,0.01595763649842328
0.015,2900,0.05,2.5,0.8338572189079536,0.25,0.9889805000000003,0.21078707287655152,0.2527855705951735,3.955922000000001,0.015,0.49604999999999994,0.545,0.4249311014545944,0.386765271333122,0.048950000000000105,9.867956859187604,-0.0381658301214724,0.05,0.015,0.05,0.015,0.05,0.015,0.05,0.015,0.03391638611350594,3.391638611350594,0.028281423400016402,0.007149135751416837,0.01441212730857139,0.013117680277829056
0.015,2900,0.05,2.55,0.6953537187169038,0.25,0.8155164500000005,0.21316360899798628,0.3065542086857964,3.262065800000002,0.015,0.49604999999999994,0.545,0.4297220219695319,0.39112588806969956,0.048950000000000105,9.867956859187604,-0.03859613389983235,0.05,0.015,0.05,0.015,0.05,0.015,0.05,0.015,0.03391638611350594,3.391638611350594,0.023583885209464712,0.007229739268124112,0.014574618018595126,0.013265576638759836
0.015,2900,0.05,2.6,0.7217413967266512,0.25,0.6420524000000007,0.2810290081956902,0.3893763188175914,2.568209600000003,0.015,0.49604999999999994,0.545,0.5665336320848509,0.5156495563223673,0.048950000000000105,9.867956859187604,-0.05088407576248355,0.05,0.015,0.05,0.015,0.05,0.015,0.05,0.015,0.03391638611350594,3.391638611350594,0.024478859885482172,0.009531488351060654,0.019214773412076717,0.017488969451487438
0.015,2900,0.05,2.65,0.6767453525079422,0.25,0.468588350000001,0.3610553658173217,0.5335173185590283,1.874353400000004,0.015,0.49604999999999994,0.545,0.7278608322090954,0.6624869097565536,0.048950000000000105,9.867956859187604,-0.06537392245254181,0.05,0.015,0.05,0.015,0.05,0.015,0.05,0.015,0.03391638611350594,3.391638611350594,0.022952756676180054,0.012245693195413418,0.024686409022101438,0.022469161826446635
0.015,2900,0.05,2.7,0.4288556600319291,0.25,0.29512429999999945,0.3632839281888427,0.8471006962151217,1.1804971999999978,0.015,0.49604999999999994,0.545,0.7323534486217977,0.6665760150253994,0.048950000000000105,9.867956859187604,-0.06577743359639832,0.05,0.015,0.05,0.015,0.05,0.015,0.05,0.015,0.03391638611350594,3.391638611350594,0.014545234152605344,0.012321277977283954,0.024838782335014527,0.022607849499603584
0.015,2900,0.05,2.75,0.40845720803180974,0.25,0.25,0.40845720803180974,1.0,1.0,0.015,0.49604999999999994,0.545,0.8234194295571209,0.7494627670308435,0.048950000000000105,9.867956859187604,-0.07395666252627742,0.05,0.015,0.05,0.015,0.05,0.015,0.05,0.015,0.03391638611350594,3.391638611350594,0.01385339237845148,0.01385339237845148,0.027927411306222116,0.025419068584314638
0.015,2900,0.05,2.8,0.3297425614182297,0.25,0.25,0.3297425614182297,1.0,1.0,0.015,0.49604999999999994,0.545,0.6647365415144235,0.6050322227857425,0.048950000000000105,9.867956859187604,-0.05970431872868098,0.05,0.015,0.05,0.015,0.05,0.015,0.05,0.015,0.03391638611350594,3.391638611350594,0.011183676031117126,0.011183676031117126,0.02254546120575976,0.02052050647911399
0.015,2900,0.05,2.85,0.31919203181583455,0.25,0.25,0.31919203181583455,1.0,1.0,0.015,0.49604999999999994,0.545,0.6434674565383219,0.5856734528730909,0.048950000000000105,9.867956859187604,-0.05779400366523102,0.05,0.015,0.05,0.015,0.05,0.015,0.05,0.015,0.03391638611350594,3.391638611350594,0.010825840195420317,0.010825840195420317,0.021824090707429328,0.019863926964073977
0.015,2900,0.05,2.9,0.31777058524597335,0.25,0.25,0.31777058524597335,1.0,1.0,0.015,0.49604999999999994,0.545,0.6406019257050164,0.5830652940293088,0.048950000000000105,9.867956859187604,-0.05753663167570755,0.05,0.015,0.05,0.015,0.05,0.015,0.05,0.015,0.03391638611350594,3.391638611350594,0.010777629864717185,0.010777629864717185,0.021726902257266784,0.01977546764168291
0.015,2900,0.05,2.95,0.29821756264841315,0.25,0.25,0.29821756264841315,1.0,1.0,0.015,0.49604999999999994,0.545,0.6011844827102373,0.5471881883457121,0.048950000000000105,9.867956859187604,-0.05399629436452513,0.05,0.015,0.05,0.015,0.05,0.015,0.05,0.015,0.03391638611350594,3.391638611350594,0.010114462000612227,0.010114462000612227,0.020390005041048744,0.018558645872682984
0.015,2900,0.05,3.0,0.25127476005823335,0.25,0.25,0.25127476005823335,1.0,1.0,0.015,0.49604999999999994,0.545,0.5065512751904715,0.4610546056114373,0.048950000000000105,9.867956859187604,-0.0454966695790342,0.05,0.015,0.05,0.015,0.05,0.015,0.05,0.015,0.03391638611350594,3.391638611350594,0.008522331782713603,0.008522331782713603,0.017180388635648833,0.01563730602332771
0.015,2900,0.05,3.1,0.37231760179591233,0.1666666666666667,0.25,0.2482117345306083,0.6666666666666669,1.4999999999999996,0.015,0.49604999999999994,0.545,0.5003764429606055,0.4554343752855198,0.048950000000000105,9.867956859187604,-0.044942067675085684,0.05,0.015,0.05,0.015,0.05,0.015,0.05,0.015,0.03391638611350594,3.391638611350594,0.012627667539364715,0.008418445026243147,0.016970960641554577,0.015446688121547055
0.015,2900,0.05,3.2,0.31601083228882576,0.1944444444444445,0.25,0.245786202891309,0.777777777777778,1.2857142857142854,0.015,0.49604999999999994,0.545,0.4954867511164379,0.4509838585161633,0.048950000000000105,9.867956859187604,-0.044502892600274624,0.05,0.015,0.05,0.015,0.05,0.015,0.05,0.015,0.03391638611350594,3.391638611350594,0.010717945403958184,0.008336179758634146,0.01680511996499173,0.015295742676392929
0.015,2900,0.05,3.3,0.2601393770054415,0.22222222222222218,0.25,0.2312350017826146,0.8888888888888887,1.1250000000000002,0.015,0.49604999999999994,0.545,0.4661526091777334,0.42428440694057723,0.048950000000000105,9.867956859187604,-0.04186820223715615,0.05,0.015,0.05,0.015,0.05,0.015,0.05,0.015,0.03391638611350594,3.391638611350594,0.008822987553843442,0.007842655603416392,0.015810211880690237,0.014390193767736497
0.015,2900,0.05,3.4,0.2617925550455423,0.25,0.25,0.2617925550455423,1.0,1.0,0.015,0.49604999999999994,0.545,0.5277543696110116,0.4803533120101693,0.048950000000000105,9.867956859187604,-0.047401057600842345,0.05,0.015,0.05,0.015,0.05,0.015,0.05,0.015,0.03391638611350594,3.391638611350594,0.008879057378565869,0.008879057378565869,0.017899520972816996,0.01629184840103829
0.015,2900,0.05,3.45,0.26015427899239646,0.25,0.25,0.26015427899239646,1.0,1.0,0.015,0.49604999999999994,0.545,0.5244517266251315,0.4773473009034797,0.048950000000000105,9.867956859187604,-0.0471044257216518,0.05,0.015,0.05,0.015,0.05,0.015,0.05,0.015,0.03391638611350594,3.391638611350594,0.008823492975386866,0.008823492975386866,0.017787507258112824,0.01618989536768232
0.015,2900,0.05,3.5,0.2410727252610323,0.25,0.25,0.2410727252610323,1.0,1.0,0.015,0.49604999999999994,0.545,0.4859847298881813,0.4423352757083161,0.048950000000000105,9.867956859187604,-0.04364945417986521,0.05,0.015,0.05,0.015,0.05,0.015,0.05,0.015,0.03391638611350594,3.391638611350594,0.008176315631388308,0.008176315631388308,0.01648284574415545,0.015002414002547353
0.015,2900,0.05,3.55,0.24946318547648355,0.25,0.25,0.24946318547648355,1.0,1.0,0.015,0.49604999999999994,0.545,0.5028992752272625,0.4577306155531808,0.048950000000000105,9.867956859187604,-0.045168659674081735,0.05,0.015,0.05,0.015,0.05,0.015,0.05,0.015,0.03391638611350594,3.391638611350594,0.008460889719725563,0.008460889719725563,0.01705652599481013,0.015524568293074427
0.015,2900,0.05,3.6,0.23972687632446305,0.25,0.25,0.23972687632446305,1.0,1.0,0.015,0.49604999999999994,0.545,0.48327159827530103,0.4398658281182808,0.048950000000000105,9.867956859187604,-0.04340577015702024,0.05,0.015,0.05,0.015,0.05,0.015,0.05,0.015,0.03391638611350594,3.391638611350594,0.008130669299205175,0.008130669299205175,0.01639082612479624,0.01491865926459665
0.015,2900,0.05,3.65,0.27011080320884806,0.25,0.25,0.27011080320884806,1.0,1.0,0.015,0.49604999999999994,0.545,0.5445233408100959,0.4956161526767854,0.048950000000000105,9.867956859187604,-0.04890718813331052,0.05,0.015,0.05,0.015,0.05,0.015,0.05,0.015,0.03391638611350594,3.391638611350594,0.00916118229506051,0.00916118229506051,0.0184682638747314,0.016809508798276165
0.015,2900,0.05,3.7,0.2904626862982384,0.25,0.25,0.2904626862982384,1.0,1.0,0.015,0.49604999999999994,0.545,0.5855512272920843,0.5329590574279603,0.048950000000000105,9.867956859187604,-0.05259216986412396,0.05,0.015,0.05,0.015,0.05,0.015,0.05,0.015,0.03391638611350594,3.391638611350594,0.009851444620057204,0.009851444620057204,0.01985978151407561,0.01807604517441689
0.015,2900,0.05,3.75,0.2836504714229576,0.25,0.25,0.2836504714229576,1.0,1.0,0.015,0.49604999999999994,0.545,0.5718183074749674,0.5204595805925827,0.048950000000000105,9.867956859187604,-0.05135872688238474,0.05,0.015,0.05,0.015,0.05,0.015,0.05,0.015,0.03391638611350594,3.391638611350594,0.009620398910059011,0.009620398910059011,0.019394010503092456,0.017652108091851398
0.015,2900,0.05,3.8,0.2963287308826845,0.25,0.25,0.2963287308826845,1.0,1.0,0.015,0.49604999999999994,0.545,0.5973767379955338,0.543722441986577,0.048950000000000105,9.867956859187604,-0.05365429600895677,0.05,0.015,0.05,0.015,0.05,0.015,0.05,0.015,0.03391638611350594,3.391638611350594,0.01005039965314232,0.01005039965314232,0.0202608601010832,0.01844110028099508
0.015,2900,0.05,3.85,0.32881723168256805,0.25,0.25,0.32881723168256805,1.0,1.0,0.015,0.49604999999999994,0.545,0.662871145413906,0.6033343700597579,0.048950000000000105,9.867956859187604,-0.05953677535414814,0.05,0.015,0.05,0.015,0.05,0.015,0.05,0.015,0.03391638611350594,3.391638611350594,0.011152292190520116,0.011152292190520116,0.02248219371135998,0.020462921450495625
0.015,2900,0.05,3.9,0.3291384640965604,0.25,0.25,0.3291384640965604,1.0,1.0,0.015,0.49604999999999994,0.545,0.6635187261295442,0.6039237873331383,0.048950000000000105,9.867956859187604,-0.05959493879640587,0.05,0.015,0.05,0.015,0.05,0.015,0.05,0.015,0.03391638611350594,3.391638611350594,0.011163187233105254,0.011163187233105254,0.022504157308951226,0.020482912354321568
0.015,2900,0.05,4.0,0.3297286439708733,0.25,0.25,0.3297286439708733,1.0,1.0,0.015,0.49604999999999994,0.545,0.6647084849730337,0.6050066861850886,0.048950000000000105,9.867956859187604,-0.059701798787945126,0.05,0.015,0.05,0.015,0.05,0.015,0.05,0.015,0.03391638611350594,3.391638611350594,0.011183204001598872,0.011183204001598872,0.02254450962926897,0.020519640369906184
0.015,2900,0.05,4.1,0.31019983359248704,0.25,0.25,0.31019983359248704,1.0,1.0,0.015,0.49604999999999994,0.545,0.6253398520158998,0.5691740065917194,0.048950000000000105,9.867956859187604,-0.05616584542418046,0.05,0.015,0.05,0.015,0.05,0.015,0.05,0.015,0.03391638611350594,3.391638611350594,0.01052085732846808,0.01052085732846808,0.021209267873133923,0.01930432537333593
0.015,2900,0.05,4.2,0.33958356438459736,0.25,0.24556180000000039,0.3457210816020619,1.0180736580363867,0.9822472000000015,0.015,0.49604999999999994,0.545,0.696948052821413,0.6343506084441503,0.048950000000000105,9.867956859187604,-0.06259744437726278,0.05,0.015,0.05,0.015,0.05,0.015,0.05,0.015,0.03391638611350594,3.391638611350594,0.011517447287468608,0.011725609691194426,0.023637959260547178,0.021514880167329224
0.02,2900,0.05,1.5,0.28390854288004885,0.5555555555555556,0.5424700000000002,0.2907570340603052,1.0241221736788308,0.9764460000000004,0.02,0.6114,0.6600000000000001,0.4755594276419777,0.440540960697432,0.04860000000000009,7.948969578017677,-0.03501846694454569,0.05,0.02,0.05,0.02,0.05,0.02,0.05,0.02,0.023881902097616276,2.3881902097616274,0.006780276025738219,0.0069438310216214895,0.011357263692544143,0.010520956093365891
0.02,2900,0.05,1.6,0.23008334587800192,0.777777777777778,0.7594578000000007,0.23563351836095178,1.0241224433770741,0.9764457428571435,0.02,0.6114,0.6600000000000001,0.3853999318955704,0.3570204823650784,0.04860000000000009,7.948969578017677,-0.02837944953049204,0.05,0.02,0.05,0.02,0.05,0.02,0.05,0.02,0.023881902097616276,2.3881902097616274,0.005494827940550425,0.0056273766164131175,0.009204083441957993,0.00852632820668654
0.02,2900,0.05,1.7,0.22048944211785587,1.0,0.9764456000000004,0.22580821923705302,1.0241225932094933,0.9764456000000004,0.02,0.6114,0.6600000000000001,0.3693297664982875,0.3421336655106863,0.04860000000000009,7.948969578017677,-0.027196100987601224,0.05,0.02,0.05,0.02,0.05,0.02,0.05,0.02,0.023881902097616276,2.3881902097616274,0.005265707270216665,0.005392729784656373,0.008820297325247582,0.008170802704024805
0.02,2900,0.05,1.75,0.27900204591923566,1.0,1.0,0.27900204591923566,1.0,1.0,0.02,0.6114,0.6600000000000001,0.4563330813203069,0.4227303726049024,0.04860000000000009,7.948969578017677,-0.033602708715404495,0.05,0.02,0.05,0.02,0.05,0.02,0.05,0.02,0.023881902097616276,2.3881902097616274,0.006663099545677827,0.006663099545677827,0.010898101971995136,0.010095605372239129
0.02,2900,0.05,1.8,0.3022536721228122,1.0,1.0,0.3022536721228122,1.0,1.0,0.02,0.6114,0.6600000000000001,0.49436321904287234,0.45796010927698805,0.04860000000000009,7.948969578017677,-0.03640310976588429,0.05,0.02,0.05,0.02,0.05,0.02,0.05,0.02,0.023881902097616276,2.3881902097616274,0.00721839260628201,0.00721839260628201,0.011806333997844308,0.01093695849436668
0.02,2900,0.05,1.85,0.36029847611056837,1.0,1.0,0.36029847611056837,1.0,1.0,0.02,0.6114,0.6600000000000001,0.5893007460100889,0.5459067819857095,0.04860000000000009,7.948969578017677,-0.04339396402437934,0.05,0.02,0.05,0.02,0.05,0.02,0.05,0.02,0.023881902097616276,2.3881902097616274,0.008604612932392931,0.008604612932392931,0.014073622722265177,0.013037292321807467
0.02,2900,0.05,1.9,0.36594407893947506,1.0,1.0,0.36594407893947506,1.0,1.0,0.02,0.6114,0.6600000000000001,0.5985346400711073,0.5544607256658712,0.04860000000000009,7.948969578017677,-0.044073914405236114,0.05,0.02,0.05,0.02,0.05,0.02,0.05,0.02,0.023881902097616276,2.3881902097616274,0.008739440666434905,0.008739440666434905,0.014294145676210181,0.013241576767325612
0.02,2900,0.05,1.95,0.4543192364619625,1.0,1.0,0.4543192364619625,1.0,1.0,0.02,0.6114,0.6600000000000001,0.7430802035687969,0.6883624794878218,0.04860000000000009,7.948969578017677,-0.05471772408097508,0.05,0.02,0.05,0.02,0.05,0.02,0.05,0.02,0.023881902097616276,2.3881902097616274,0.010850007526248366,0.010850007526248366,0.01774616867230678,0.016439405342800553
0.02,2900,0.05,2.0,0.49850980421343816,1.0,1.0,0.49850980421343816,1.0,1.0,0.02,0.6114,0.6600000000000001,0.8153578740815147,0.7553178851718758,0.04860000000000009,7.948969578017677,-0.06003998890963891,0.05,0.02,0.05,0.02,0.05,0.02,0.05,0.02,0.023881902097616276,2.3881902097616274,0.011905362338927188,0.011905362338927188,0.019472296923335273,0.01803842778625331
0.02,2900,0.05,2.05,0.4631208211314229,1.0,1.0,0.4631208211314229,1.0,1.0,0.02,0.6114,0.6600000000000001,0.7574759913827656,0.701698213835489,0.04860000000000009,7.948969578017677,-0.05577777754727653,0.05,0.02,0.05,0.02,0.05,0.02,0.05,0.02,0.023881902097616276,2.3881902097616274,0.0110602061096283,0.0110602061096283,0.01808996746749804,0.01675788804489136
0.02,2900,0.05,2.1,0.5952269445003737,1.0,1.0,0.5952269445003737,1.0,1.0,0.02,0.6114,0.6600000000000001,0.9735475049073825,0.9018590068187479,0.04860000000000009,7.948969578017677,-0.07168849808863464,0.05,0.02,0.05,0.02,0.05,0.02,0.05,0.02,0.023881902097616276,2.3881902097616274,0.014215151614421202,0.014215151614421202,0.023250166199576712,0.021538108506698787
0.02,2900,0.05,2.15,0.6426680100956073,0.7500000000000006,1.0,0.4820010075717058,0.7500000000000006,1.3333333333333324,0.02,0.6114,0.6600000000000001,0.788356243983817,0.7303045569268267,0.04860000000000009,7.948969578017677,-0.058051687056990264,0.05,0.02,0.05,0.02,0.05,0.02,0.05,0.02,0.023881902097616276,2.3881902097616274,0.015348134498373162,0.011511100873779878,0.01882744663686601,0.01744106192996951
0.02,2900,0.05,2.2,1.0890179028897142,0.4999999999999989,1.0,0.5445089514448559,0.4999999999999989,2.0000000000000044,0.02,0.6114,0.6600000000000001,0.8905936399163491,0.8250135627952361,0.04860000000000009,7.948969578017677,-0.06558007712111302,0.05,0.02,0.05,0.02,0.05,0.02,0.05,0.02,0.023881902097616276,2.3881902097616274,0.026007818939363544,0.013003909469681742,0.02126907011724197,0.019702893135881427
0.02,2900,0.05,2.25,1.920079654505611,0.25,1.0,0.48001991362640273,0.25,4.0,0.02,0.6114,0.6600000000000001,0.7851159856499881,0.7273028994339433,0.04860000000000009,7.948969578017677,-0.05781308621604475,0.05,0.02,0.05,0.02,0.05,0.02,0.05,0.02,0.023881902097616276,2.3881902097616274,0.04585515432852788,0.01146378858213197,0.01875006310456652,0.01736937663959389
0.02,2900,0.05,2.3,1.6411735008429076,0.25,1.0,0.4102933752107269,0.25,4.0,0.02,0.6114,0.6600000000000001,0.6710719254346204,0.6216566291071618,0.04860000000000009,7.948969578017677,-0.04941529632745856,0.05,0.02,0.05,0.02,0.05,0.02,0.05,0.02,0.023881902097616276,2.3881902097616274,0.03919434487233248,0.00979858621808312,0.016026474023688453,0.01484634275467139
0.02,2900,0.05,2.35,1.4238178064855995,0.25,1.0,0.3559544516213999,0.25,4.0,0.02,0.6114,0.6600000000000001,0.5821957010490675,0.5393249266990906,0.04860000000000009,7.948969578017677,-0.04287077434997688,0.05,0.02,0.05,0.02,0.05,0.02,0.05,0.02,0.023881902097616276,2.3881902097616274,0.03400347745933185,0.008500869364832962,0.013903940734106904,0.012880105098231755
0.02,2900,0.05,2.4,1.3263222396816317,0.25,1.0,0.3315805599204079,0.25,4.0,0.02,0.6114,0.6600000000000001,0.542329996598639,0.5023947877581937,0.04860000000000009,7.948969578017677,-0.039935208840445324,0.05,0.02,0.05,0.02,0.05,0.02,0.05,0.02,0.023881902097616276,2.3881902097616274,0.03167509787796788,0.00791877446949197,0.012951871883369265,0.01199814313559389
0.02,2900,0.05,2.45,1.1768867241257925,0.25,1.0,0.29422168103144813,0.25,4.0,0.02,0.6114,0.6600000000000001,0.4812261711341971,0.4457904258052244,0.04860000000000009,7.948969578017677,-0.0354357453289727,0.05,0.02,0.05,0.02,0.05,0.02,0.05,0.02,0.023881902097616276,2.3881902097616274,0.028106293525556512,0.007026573381389128,0.01149259630583763,0.010646323305135041
0.02,2900,0.05,2.5,1.0380178834493878,0.25,0.9889805000000003,0.26239594295574775,0.2527855705951734,3.955922000000001,0.02,0.6114,0.6600000000000001,0.4291722979322011,0.3975696105390117,0.04860000000000009,7.948969578017677,-0.03160268739318939,0.05,0.02,0.05,0.02,0.05,0.02,0.05,0.02,0.023881902097616276,2.3881902097616274,0.024789841468113142,0.006266514220480873,0.01024945080222583,0.009494718515880109
0.02,2900,0.05,2.55,0.8121521168910805,0.25,0.8155164500000005,0.2489686495260396,0.3065542086857964,3.262065800000002,0.02,0.6114,0.6600000000000001,0.4072107450540392,0.37722522655460533,0.04860000000000009,7.948969578017677,-0.029985518499433872,0.05,0.02,0.05,0.02,0.05,0.02,0.05,0.02,0.023881902097616276,2.3881902097616274,0.019395737343964593,0.0059458449133566165,0.009724967146477945,0.009008855929328204
0.02,2900,0.05,2.6,0.7316366271751533,0.25,0.6420524000000007,0.28488197660157977,0.38937631881759144,2.568209600000003,0.02,0.6114,0.6600000000000001,0.4659502397801435,0.431639358487242,0.04860000000000009,7.948969578017677,-0.034310881292901496,0.05,0.02,0.05,0.02,0.05,0.02,0.05,0.02,0.023881902097616276,2.3881902097616274,0.017472874301227192,0.006803523474574339,0.011127778008790216,0.010308368900870208
0.02,2900,0.05,2.65,0.7733363802073112,0.25,0.468588350000001,0.41258835191234994,0.5335173185590284,1.874353400000004,0.02,0.6114,0.6600000000000001,0.6748255674065259,0.6251338665338634,0.04860000000000009,7.948969578017677,-0.0496917008726625,0.05,0.02,0.05,0.02,0.05,0.02,0.05,0.02,0.023881902097616276,2.3881902097616274,0.018468743720635963,0.009853394626987592,0.016116118133771003,0.014929385798466045
0.02,2900,0.05,2.7,0.5583983273881131,0.25,0.29512429999999945,0.47301961189583014,0.8471006962151217,1.1804971999999978,0.02,0.6114,0.6600000000000001,0.7736663590052831,0.7166963816603485,0.04860000000000009,7.948969578017677,-0.056969977344934586,0.05,0.02,0.05,0.02,0.05,0.02,0.05,0.02,0.023881902097616276,2.3881902097616274,0.013335614186155599,0.011296608061548663,0.01847662424198342,0.017116072820528273
0.02,2900,0.05,2.75,0.5369231826343475,0.25,0.25,0.5369231826343475,1.0,1.0,0.02,0.6114,0.6600000000000001,0.8781864289079938,0.8135199736884051,0.04860000000000009,7.948969578017677,-0.06466645521958869,0.05,0.02,0.05,0.02,0.05,0.02,0.05,0.02,0.023881902097616276,2.3881902097616274,0.01282274688161403,0.01282274688161403,0.020972762318635964,0.01942840436608186
0.02,2900,0.05,2.8,0.5091555846199348,0.25,0.25,0.5091555846199348,1.0,1.0,0.02,0.6114,0.6600000000000001,0.8327700108275021,0.7714478554847496,0.04860000000000009,7.948969578017677,-0.06132215534275254,0.05,0.02,0.05,0.02,0.05,0.02,0.05,0.02,0.023881902097616276,2.3881902097616274,0.012159603824347862,0.012159603824347862,0.01988813186841325,0.01842364215810282
0.02,2900,0.05,2.85,0.4792239742925786,0.25,0.25,0.4792239742925786,1.0,1.0,0.02,0.6114,0.6600000000000001,0.783814154878277,0.7260969307463311,0.04860000000000009,7.948969578017677,-0.05771722413194591,0.05,0.02,0.05,0.02,0.05,0.02,0.05,0.02,0.023881902097616276,2.3881902097616274,0.011444780036885942,0.011444780036885942,0.018718972909528852,0.017340575813463543
0.02,2900,0.05,2.9,0.4934489862768401,0.25,0.25,0.4934489862768401,1.0,1.0,0.02,0.6114,0.6600000000000001,0.8070804486045797,0.7476499792073333,0.04860000000000009,7.948969578017677,-0.05943046939724639,0.05,0.02,0.05,0.02,0.05,0.02,0.05,0.02,0.023881902097616276,2.3881902097616274,0.011784500380431492,0.011784500380431492,0.0192746162584748,0.01785530360671438
0.02,2900,0.05,2.95,0.32139713923520663,0.25,0.25,0.32139713923520663,1.0,1.0,0.02,0.6114,0.6600000000000001,0.5256740909964125,0.4869653624775857,0.04860000000000009,7.948969578017677,-0.038708728518826785,0.05,0.02,0.05,0.02,0.05,0.02,0.05,0.02,0.023881902097616276,2.3881902097616274,0.007675575013669151,0.007675575013669151,0.012554097176429753,0.011629659111619924
0.02,2900,0.05,3.0,0.3463034337878555,0.25,0.25,0.3463034337878555,1.0,1.0,0.02,0.6114,0.6600000000000001,0.5664105884655798,0.5247021724058415,0.04860000000000009,7.948969578017677,-0.041708416059738296,0.05,0.02,0.05,0.02,0.05,0.02,0.05,0.02,0.023881902097616276,2.3881902097616274,0.008270384701789906,0.008270384701789906,0.013526962220788199,0.012530885911802883
0.02,2900,0.05,3.1,0.521275416921541,0.1666666666666667,0.25,0.3475169446143608,0.6666666666666669,1.4999999999999996,0.02,0.6114,0.6600000000000001,0.5683953951821406,0.5265408251732738,0.04860000000000009,7.948969578017677,-0.04185457000886672,0.05,0.02,0.05,0.02,0.05,0.02,0.05,0.02,0.023881902097616276,2.3881902097616274,0.01244904847281435,0.008299365648542901,0.013574363180475795,0.012574796437186214
0.02,2900,0.05,3.2,0.44400954646070556,0.1944444444444445,0.25,0.34534075835832667,0.777777777777778,1.2857142857142854,0.02,0.6114,0.6600000000000001,0.564836045728372,0.5232435732701918,0.04860000000000009,7.948969578017677,-0.04159247245818021,0.05,0.02,0.05,0.02,0.05,0.02,0.05,0.02,0.023881902097616276,2.3881902097616274,0.010603792518981576,0.008247394181430117,0.01348935914528969,0.012496051790045629
0.02,2900,0.05,3.3,0.3953848096182622,0.22222222222222218,0.25,0.3514531641051219,0.8888888888888887,1.1250000000000002,0.02,0.6114,0.6600000000000001,0.5748334381830583,0.5325047940986695,0.04860000000000009,7.948969578017677,-0.042328644084388856,0.05,0.02,0.05,0.02,0.05,0.02,0.05,0.02,0.023881902097616276,2.3881902097616274,0.009442541314187989,0.008393370057055987,0.013728115893123956,0.012717227359175737
0.02,2900,0.05,3.4,0.30253513693985906,0.25,0.25,0.30253513693985906,1.0,1.0,0.02,0.6114,0.6600000000000001,0.49482358020912504,0.45838657112099845,0.04860000000000009,7.948969578017677,-0.03643700908812658,0.05,0.02,0.05,0.02,0.05,0.02,0.05,0.02,0.023881902097616276,2.3881902097616274,0.007225114521486648,0.007225114521486648,0.0118173282981463,0.010947143214373706
0.02,2900,0.05,3.45,0.29569158796154554,0.25,0.25,0.29569158796154554,1.0,1.0,0.02,0.6114,0.6600000000000001,0.4836303368687365,0.44801755751749317,0.04860000000000009,7.948969578017677,-0.03561277935124335,0.05,0.02,0.05,0.02,0.05,0.02,0.05,0.02,0.023881902097616276,2.3881902097616274,0.0070616775547863225,0.0070616775547863225,0.011550012356536346,0.01069951144664594
0.02,2900,0.05,3.5,0.3348591445477434,0.25,0.25,0.3348591445477434,1.0,1.0,0.02,0.6114,0.6600000000000001,0.5476924182985662,0.5073623402238535,0.04860000000000009,7.948969578017677,-0.04033007807471267,0.05,0.02,0.05,0.02,0.05,0.02,0.05,0.02,0.023881902097616276,2.3881902097616274,0.007997073306580746,0.007997073306580746,0.013079936713413058,0.01211677773724355
0.02,2900,0.05,3.55,0.3162524495633411,0.25,0.25,0.3162524495633411,1.0,1.0,0.02,0.6114,0.6600000000000001,0.517259485710404,0.4791703781262743,0.04860000000000009,7.948969578017677,-0.038089107584129756,0.05,0.02,0.05,0.02,0.05,0.02,0.05,0.02,0.023881902097616276,2.3881902097616274,0.007552710038603041,0.007552710038603041,0.012353140396799214,0.011443500058489453
0.02,2900,0.05,3.6,0.37342451107550106,0.25,0.25,0.37342451107550106,1.0,1.0,0.02,0.6114,0.6600000000000001,0.6107695634208391,0.5657947137507591,0.04860000000000009,7.948969578017677,-0.04497484967008003,0.05,0.02,0.05,0.02,0.05,0.02,0.05,0.02,0.023881902097616276,2.3881902097616274,0.00891808761435534,0.00891808761435534,0.014586338917820315,0.013512253961144454
0.02,2900,0.05,3.65,0.3355196450464535,0.25,0.25,0.3355196450464535,1.0,1.0,0.02,0.6114,0.6600000000000001,0.5487727266052559,0.5083630985552324,0.04860000000000009,7.948969578017677,-0.04040962805002346,0.05,0.02,0.05,0.02,0.05,0.02,0.05,0.02,0.023881902097616276,2.3881902097616274,0.008012847314826366,0.008012847314826366,0.013105736530628664,0.012140677749736916
0.02,2900,0.05,3.7,0.3705987682638546,0.25,0.25,0.3705987682638546,1.0,1.0,0.02,0.6114,0.6600000000000001,0.6061478054691767,0.5615132852482645,0.04860000000000009,7.948969578017677,-0.04463452022091219,0.05,0.02,0.05,0.02,0.05,0.02,0.05,0.02,0.023881902097616276,2.3881902097616274,0.008850603501174559,0.008850603501174559,0.014475962546899833,0.013410005304809933
0.02,2900,0.05,3.75,0.3563769585942852,0.25,0.25,0.3563769585942852,1.0,1.0,0.02,0.6114,0.6600000000000001,0.5828867494181962,0.5399650887792199,0.04860000000000009,7.948969578017677,-0.04292166063897629,0.05,0.02,0.05,0.02,0.05,0.02,0.05,0.02,0.023881902097616276,2.3881902097616274,0.008510959634994968,0.008510959634994968,0.013920444283603152,0.012895393386356011
0.02,2900,0.05,3.8,0.34883620159021733,0.25,0.25,0.34883620159021733,1.0,1.0,0.02,0.6114,0.6600000000000001,0.5705531592905092,0.528539699379117,0.04860000000000009,7.948969578017677,-0.04201345991139216,0.05,0.02,0.05,0.02,0.05,0.02,0.05,0.02,0.023881902097616276,2.3881902097616274,0.008330872014481905,0.008330872014481905,0.013625894691661606,0.012622533355275611
0.02,2900,0.05,3.85,0.37386700350359314,0.25,0.25,0.37386700350359314,1.0,1.0,0.02,0.6114,0.6600000000000001,0.611493299809606,0.5664651568236259,0.04860000000000009,7.948969578017677,-0.045028142985980124,0.05,0.02,0.05,0.02,0.05,0.02,0.05,0.02,0.023881902097616276,2.3881902097616274,0.008928655175201973,0.008928655175201973,0.014603623119401327,0.013528265416972683
0.02,2900,0.05,3.9,0.42750176161777326,0.25,0.25,0.42750176161777326,1.0,1.0,0.02,0.6114,0.6600000000000001,0.6992177978700903,0.6477299418451109,0.04860000000000009,7.948969578017677,-0.051487856024979406,0.05,0.02,0.05,0.02,0.05,0.02,0.05,0.02,0.023881902097616276,2.3881902097616274,0.010209555217514153,0.010209555217514153,0.016698650993644343,0.015469023056839623
0.02,2900,0.05,4.0,0.3918852941125746,0.25,0.25,0.3918852941125746,1.0,1.0,0.02,0.6114,0.6600000000000001,0.640963843821679,0.5937655971402644,0.04860000000000009,7.948969578017677,-0.04719824668141459,0.05,0.02,0.05,0.02,0.05,0.02,0.05,0.02,0.023881902097616276,2.3881902097616274,0.009358966227492067,0.009358966227492067,0.015307435766261148,0.014180251859836462
0.02,2900,0.05,4.1,0.3875406065961929,0.25,0.25,0.3875406065961929,1.0,1.0,0.02,0.6114,0.6600000000000001,0.6338577144196809,0.5871827372669588,0.04860000000000009,7.948969578017677,-0.046674977152722064,0.05,0.02,0.05,0.02,0.05,0.02,0.05,0.02,0.023881902097616276,2.3881902097616274,0.009255206825581104,0.009255206825581104,0.015137727879589636,0.01402304064481985
0.02,2900,0.05,4.2,0.35840449213332654,0.25,0.24556180000000039,0.36488217236284914,1.0180736580363867,0.9822472000000015,0.02,0.6114,0.6600000000000001,0.5967977958175484,0.552851776307347,0.04860000000000009,7.948969578017677,-0.043946019510201384,0.05,0.02,0.05,0.02,0.05,0.02,0.05,0.02,0.023881902097616276,2.3881902097616274,0.008559380992473987,0.00871408031753511,0.01425266653178788,0.013203151996265317
0.005,1500,0.1,1.5,0.06031891621106254,0.5555555555555556,0.5424700000000002,0.06177393958402463,1.0241221736788306,0.9764460000000004,0.005,0.2807,0.33000000000000007,0.22007103521205781,0.1871937563152261,0.049300000000000066,17.56323477021734,-0.0328772788968317,0.1,0.005,0.1,0.005,0.1,0.005,0.1,0.005,0.11029170138373057,11.029170138373058,0.006652675894540775,0.006813152897897857,0.024272008898816734,0.020645917872417745
0.005,1500,0.1,1.6,0.04957473401813728,0.777777777777778,0.7594578000000007,0.0507705977324233,1.0241224433770741,0.9764457428571435,0.005,0.2807,0.33000000000000007,0.18087138486791343,0.15385029615885845,0.049300000000000066,17.56323477021734,-0.02702108870905498,0.1,0.005,0.1,0.005,0.1,0.005,0.1,0.005,0.11029170138373057,11.029170138373058,0.005467681760506266,0.005599575604177939,0.01994861276871371,0.016968410921751328
0.005,1500,0.1,1.7,0.05440830108972685,1.0,0.9764456000000004,0.055720770404133965,1.0241225932094933,0.9764456000000004,0.005,0.2807,0.33000000000000007,0.19850648523025993,0.1688508194064665,0.049300000000000066,17.56323477021734,-0.02965566582379342,0.1,0.005,0.1,0.005,0.1,0.005,0.1,0.005,0.11029170138373057,11.029170138373058,0.0060007840965842565,0.006145538570284156,0.021893617991749752,0.018622844152376222
0.005,1500,0.1,1.75,0.06385276094546992,1.0,1.0,0.06385276094546992,1.0,1.0,0.005,0.2807,0.33000000000000007,0.22747688259875282,0.19349321498627245,0.049300000000000066,17.56323477021734,-0.03398366761248037,0.1,0.005,0.1,0.005,0.1,0.005,0.1,0.005,0.11029170138373057,11.029170138373058,0.0070424296427245014,0.0070424296427245014,0.02508881240728358,0.02134069588704394
0.005,1500,0.1,1.8,0.08041341039737318,1.0,1.0,0.08041341039737318,1.0,1.0,0.005,0.2807,0.33000000000000007,0.28647456500667323,0.2436770012041611,0.049300000000000066,17.56323477021734,-0.04279756380251212,0.1,0.005,0.1,0.005,0.1,0.005,0.1,0.005,0.11029170138373057,11.029170138373058,0.008868931846794458,0.008868931846794458,0.03159576717775012,0.02687555105089229
0.005,1500,0.1,1.85,0.10083109317135185,1.0,1.0,0.10083109317135185,1.0,1.0,0.005,0.2807,0.33000000000000007,0.3592130145042816,0.3055487671859146,0.049300000000000066,17.56323477021734,-0.053664247318367,0.1,0.005,0.1,0.005,0.1,0.005,0.1,0.005,0.11029170138373057,11.029170138373058,0.011120832818249852,0.011120832818249852,0.0396182145288559,0.033699493388635905
0.005,1500,0.1,1.9,0.11329077024740553,1.0,1.0,0.11329077024740553,1.0,1.0,0.005,0.2807,0.33000000000000007,0.4036008915119541,0.3433053643860773,0.049300000000000066,17.56323477021734,-0.060295527125876824,0.1,0.005,0.1,0.005,0.1,0.005,0.1,0.005,0.11029170138373057,11.029170138373058,0.012495031801659678,0.012495031801659678,0.04451382900484388,0.03786373273230205
0.005,1500,0.1,1.95,0.11723369197754614,1.0,1.0,0.11723369197754614,1.0,1.0,0.005,0.2807,0.33000000000000007,0.4176476379677454,0.3552536120531701,0.049300000000000066,17.56323477021734,-0.062394025914575324,0.1,0.005,0.1,0.005,0.1,0.005,0.1,0.005,0.11029170138373057,11.029170138373058,0.01292990334769977,0.01292990334769977,0.04606306857035899,0.0391815252960599
0.005,1500,0.1,2.0,0.12394912038539438,1.0,1.0,0.12394912038539438,1.0,1.0,0.005,0.2807,0.33000000000000007,0.44157150119484995,0.3756033951072556,0.049300000000000066,17.56323477021734,-0.06596810608759435,0.1,0.005,0.1,0.005,0.1,0.005,0.1,0.005,0.11029170138373057,11.029170138373058,0.013670559372321988,0.013670559372321988,0.048701672149348015,0.0414259374918848
0.005,1500,0.1,2.05,0.13520242113184305,1.0,1.0,0.13520242113184305,1.0,1.0,0.005,0.2807,0.33000000000000007,0.48166163566741377,0.4097043064601304,0.049300000000000066,17.56323477021734,-0.07195732920728337,0.1,0.005,0.1,0.005,0.1,0.005,0.1,0.005,0.11029170138373057,11.029170138373058,0.014911705057830618,0.014911705057830618,0.05312328128902963,0.045186985023729136
0.005,1500,0.1,2.1,0.14861110296950478,1.0,1.0,0.14861110296950478,1.0,1.0,0.005,0.2807,0.33000000000000007,0.5294303632686311,0.4503366756651659,0.049300000000000066,17.56323477021734,-0.07909368760346525,0.1,0.005,0.1,0.005,0.1,0.005,0.1,0.005,0.11029170138373057,11.029170138373058,0.016390571391019456,0.016390571391019456,0.05839177552910386,0.0496683981546044
0.005,1500,0.1,2.15,0.19976288517756835,0.7500000000000006,1.0,0.14982216388317637,0.7500000000000006,1.3333333333333324,0.005,0.2807,0.33000000000000007,0.5337447947387829,0.4540065572217465,0.049300000000000066,17.56323477021734,-0.0797382375170364,0.1,0.005,0.1,0.005,0.1,0.005,0.1,0.005,0.11029170138373057,11.029170138373058,0.022032188479556826,0.01652414135966763,0.058867621516450405,0.05007315563535645
0.005,1500,0.1,2.2,0.2911076652697123,0.4999999999999989,1.0,0.14555383263485583,0.49999999999999883,2.0000000000000044,0.005,0.2807,0.33000000000000007,0.518538769628984,0.44107222010562364,0.049300000000000066,17.56323477021734,-0.0774665495233604,0.1,0.005,0.1,0.005,0.1,0.005,0.1,0.005,0.11029170138373057,11.029170138373058,0.03210675968844211,0.016053379844221016,0.05719052313580696,0.048646605588548525
0.005,1500,0.1,2.25,0.5945607558310253,0.25,1.0,0.14864018895775633,0.25,4.0,0.005,0.2807,0.33000000000000007,0.5295339827493991,0.4504248150235039,0.049300000000000066,17.56323477021734,-0.07910916772589521,0.1,0.005,0.1,0.005,0.1,0.005,0.1,0.005,0.11029170138373057,11.029170138373058,0.06557511733660058,0.016393779334150146,0.05840320389793426,0.04967811919439437
0.005,1500,0.1,2.3,0.5540235556143056,0.25,1.0,0.1385058889035764,0.25,4.0,0.005,0.2807,0.33000000000000007,0.49343031315844815,0.4197148148593223,0.049300000000000066,17.56323477021734,-0.07371549829912583,0.1,0.005,0.1,0.005,0.1,0.005,0.1,0.005,0.11029170138373057,11.029170138373058,0.06110420055536564,0.01527605013884141,0.054421268752552224,0.04629106102679214
0.005,1500,0.1,2.35,0.4728305735383101,0.25,1.0,0.11820764338457752,0.25,4.0,0.005,0.2807,0.33000000000000007,0.42111736154106705,0.35820497995326517,0.049300000000000066,17.56323477021734,-0.06291238158780188,0.1,0.005,0.1,0.005,0.1,0.005,0.1,0.005,0.11029170138373057,11.029170138373058,0.05214928842178535,0.013037322105446338,0.04644575028659187,0.03950703668317072
0.005,1500,0.1,2.4,0.512579071450846,0.25,1.0,0.1281447678627115,0.25,4.0,0.005,0.2807,0.33000000000000007,0.45651858875208945,0.388317478371853,0.049300000000000066,17.56323477021734,-0.06820111038023646,0.1,0.005,0.1,0.005,0.1,0.005,0.1,0.005,0.11029170138373057,11.029170138373058,0.0565332178840066,0.01413330447100165,0.05035021186676755,0.042828195366671665
0.005,1500,0.1,2.45,0.43358895268054815,0.25,1.0,0.10839723817013704,0.25,4.0,0.005,0.2807,0.33000000000000007,0.38616757452845396,0.3284764793034455,0.049300000000000066,17.56323477021734,-0.05769109522500848,0.1,0.005,0.1,0.005,0.1,0.005,0.1,0.005,0.11029170138373057,11.029170138373058,0.0478212632923275,0.011955315823081875,0.04259107881397176,0.03622822976691476
0.005,1500,0.1,2.5,0.32355136203697277,0.25,0.9889805000000003,0.0817891156693617,0.2527855705951734,3.955922000000001,0.005,0.2807,0.33000000000000007,0.2913755456692615,0.24784580505867176,0.049300000000000066,17.56323477021734,-0.04352974061058973,0.1,0.005,0.1,0.005,0.1,0.005,0.1,0.005,0.11029170138373057,11.029170138373058,0.0356850302040811,0.00902066072184464,0.03213630467347574,0.027335335520741324
0.005,1500,0.1,2.55,0.32767733148361416,0.25,0.8155164500000005,0.10045086505723273,0.30655420868579636,3.262065800000002,0.005,0.2807,0.33000000000000007,0.3578584433816627,0.30439656077949306,0.049300000000000066,17.56323477021734,-0.053461882602169664,0.1,0.005,0.1,0.005,0.1,0.005,0.1,0.005,0.11029170138373057,11.029170138373058,0.03614009039420847,0.011078896812629729,0.039468816575096995,0.033572414583726444
0.005,1500,0.1,2.6,0.27885619024502484,0.25,0.6420524000000007,0.1085799968371057,0.3893763188175914,2.568209600000003,0.005,0.2807,0.33000000000000007,0.38681865634879126,0.3290302934457748,0.049300000000000066,17.56323477021734,-0.05778836290301648,0.1,0.005,0.1,0.005,0.1,0.005,0.1,0.005,0.11029170138373057,11.029170138373058,0.03075552366350904,0.011975472587404471,0.04266288773567678,0.03628931087092263
0.005,1500,0.1,2.65,0.2675394505598405,0.25,0.468588350000001,0.14273693027144185,0.5335173185590284,1.874353400000004,0.005,0.2807,0.33000000000000007,0.5085034922388381,0.4325361523377025,0.049300000000000066,17.56323477021734,-0.07596733990113558,0.1,0.005,0.1,0.005,0.1,0.005,0.1,0.005,0.11029170138373057,11.029170138373058,0.02950738118951328,0.015742698889928238,0.056083715318590084,0.04770514815129768
0.005,1500,0.1,2.7,0.2102977066516821,0.25,0.29512429999999945,0.17814333371708335,0.8471006962151217,1.1804971999999978,0.005,0.2807,0.33000000000000007,0.6346395928645648,0.5398282839911616,0.049300000000000066,17.56323477021734,-0.09481130887340328,0.1,0.005,0.1,0.005,0.1,0.005,0.1,0.005,0.11029170138373057,11.029170138373058,0.02319409186371069,0.01964773136582682,0.06999548046251093,0.05953857989644489
0.005,1500,0.1,2.75,0.19885934513861994,0.25,0.25,0.19885934513861994,1.0,1.0,0.005,0.2807,0.33000000000000007,0.7084408448116136,0.602604076177636,0.049300000000000066,17.56323477021734,-0.10583676863397762,0.1,0.005,0.1,0.005,0.1,0.005,0.1,0.005,0.11029170138373057,11.029170138373058,0.021932535511392882,0.021932535511392882,0.0781351461040003,0.06646222882240266
0.005,1500,0.1,2.8,0.1619327581911082,0.25,0.25,0.1619327581911082,1.0,1.0,0.005,0.2807,0.33000000000000007,0.5768890566124267,0.4907053278518429,0.049300000000000066,17.56323477021734,-0.08618372876058383,0.1,0.005,0.1,0.005,0.1,0.005,0.1,0.005,0.11029170138373057,11.029170138373058,0.017859839410657555,0.017859839410657555,0.06362607556343981,0.05412072548684106
0.005,1500,0.1,2.85,0.1518471215279444,0.25,0.25,0.1518471215279444,1.0,1.0,0.005,0.2807,0.33000000000000007,0.5409587514354984,0.46014279250892237,0.049300000000000066,17.56323477021734,-0.08081595892657606,0.1,0.005,0.1,0.005,0.1,0.005,0.1,0.005,0.11029170138373057,11.029170138373058,0.01674747738353909,0.01674747738353909,0.05966326107423972,0.05074993146526996
0.005,1500,0.1,2.9,0.14234271457648137,0.25,0.25,0.14234271457648137,1.0,1.0,0.005,0.2807,0.33000000000000007,0.5070990900480277,0.4313415593226707,0.049300000000000066,17.56323477021734,-0.07575753072535696,0.1,0.005,0.1,0.005,0.1,0.005,0.1,0.005,0.11029170138373057,11.029170138373058,0.015699220170218877,0.015699220170218877,0.055928821411538564,0.0475733944552087
0.005,1500,0.1,2.95,0.11449510818433677,0.25,0.25,0.11449510818433677,1.0,1.0,0.005,0.2807,0.33000000000000007,0.40789137222777616,0.34695487328586894,0.049300000000000066,17.56323477021734,-0.060936498941907224,0.1,0.005,0.1,0.005,0.1,0.005,0.1,0.005,0.11029170138373057,11.029170138373058,0.012627860281764797,0.012627860281764797,0.04498703342274598,0.03826624327807514
0.005,1500,0.1,3.0,0.11824360119198976,0.25,0.25,0.11824360119198976,1.0,1.0,0.005,0.2807,0.33000000000000007,0.4212454620306012,0.3583139430060295,0.049300000000000066,17.56323477021734,-0.06293151902457172,0.1,0.005,0.1,0.005,0.1,0.005,0.1,0.005,0.11029170138373057,11.029170138373058,0.013041287953203862,0.013041287953203862,0.04645987870753068,0.03951905440364806
0.005,1500,0.1,3.1,0.15428961534847788,0.1666666666666667,0.25,0.10285974356565195,0.6666666666666669,1.4999999999999996,0.005,0.2807,0.33000000000000007,0.36644012670342696,0.31169619262318765,0.049300000000000066,17.56323477021734,-0.05474393408023931,0.1,0.005,0.1,0.005,0.1,0.005,0.1,0.005,0.11029170138373057,11.029170138373058,0.017016864182624974,0.011344576121749985,0.04041530502939076,0.03437750339924237
0.005,1500,0.1,3.2,0.13116869839233036,0.1944444444444445,0.25,0.10202009874959031,0.777777777777778,1.2857142857142854,0.005,0.2807,0.33000000000000007,0.3634488733508739,0.30915181439269784,0.049300000000000066,17.56323477021734,-0.05429705895817605,0.1,0.005,0.1,0.005,0.1,0.005,0.1,0.005,0.11029170138373057,11.029170138373058,0.01446681891397952,0.011251970266428518,0.04008539460786789,0.034096879595237925
0.005,1500,0.1,3.3,0.09554842814338249,0.22222222222222218,0.25,0.08493193612745109,0.8888888888888887,1.1250000000000002,0.005,0.2807,0.33000000000000007,0.30257191352850404,0.2573695034165184,0.049300000000000066,17.56323477021734,-0.04520241011198567,0.1,0.005,0.1,0.005,0.1,0.005,0.1,0.005,0.11029170138373057,11.029170138373058,0.01053819870447478,0.009367287737310914,0.03337117113398971,0.02838572041609367
0.005,1500,0.1,3.4,0.09886440390609778,0.25,0.25,0.09886440390609778,1.0,1.0,0.005,0.2807,0.33000000000000007,0.3522066402069746,0.2995891027457508,0.049300000000000066,17.56323477021734,-0.05261753746122383,0.1,0.005,0.1,0.005,0.1,0.005,0.1,0.005,0.11029170138373057,11.029170138373058,0.010903923313091863,0.010903923313091863,0.038845469587074674,0.03304219185785412
0.005,1500,0.1,3.45,0.09758419894805533,0.25,0.25,0.09758419894805533,1.0,1.0,0.005,0.2807,0.33000000000000007,0.3476458815392067,0.29570969378198575,0.049300000000000066,17.56323477021734,-0.051936187757220975,0.1,0.005,0.1,0.005,0.1,0.005,0.1,0.005,0.11029170138373057,11.029170138373058,0.010762727330149472,0.010762727330149472,0.03834245575400596,0.03261432524287718
0.005,1500,0.1,3.5,0.09559771876326278,0.25,0.25,0.09559771876326278,1.0,1.0,0.005,0.2807,0.33000000000000007,0.34056900165038395,0.289690056858372,0.049300000000000066,17.56323477021734,-0.05087894479201194,0.1,0.005,0.1,0.005,0.1,0.005,0.1,0.005,0.11029170138373057,11.029170138373058,0.010543635050803636,0.010543635050803636,0.03756193463057939,0.03195040924485949
0.005,1500,0.1,3.55,0.09544331161441592,0.25,0.25,0.09544331161441592,1.0,1.0,0.005,0.2807,0.33000000000000007,0.34001892274462386,0.2892221564073209,0.049300000000000066,17.56323477021734,-0.05079676633730296,0.1,0.005,0.1,0.005,0.1,0.005,0.1,0.005,0.11029170138373057,11.029170138373058,0.010526605223651505,0.010526605223651505,0.037501265492167805,0.031898803708034856
0.005,1500,0.1,3.6,0.10307284032591757,0.25,0.25,0.10307284032591757,1.0,1.0,0.005,0.2807,0.33000000000000007,0.3671992886566354,0.3123419403815683,0.049300000000000066,17.56323477021734,-0.05485734827506711,0.1,0.005,0.1,0.005,0.1,0.005,0.1,0.005,0.11029170138373057,11.029170138373058,0.011368078925999043,0.011368078925999043,0.04049903429283592,0.03444872401817891
0.005,1500,0.1,3.65,0.10229956777340492,0.25,0.25,0.10229956777340492,1.0,1.0,0.005,0.2807,0.33000000000000007,0.3644444879708048,0.3099986902224391,0.049300000000000066,17.56323477021734,-0.05444579774836572,0.1,0.005,0.1,0.005,0.1,0.005,0.1,0.005,0.11029170138373057,11.029170138373058,0.011282793380549083,0.011282793380549083,0.04019520263822259,0.03419028297136085
0.005,1500,0.1,3.7,0.10451161136308489,0.25,0.25,0.10451161136308489,1.0,1.0,0.005,0.2807,0.33000000000000007,0.3723249425118806,0.3167018526154087,0.049300000000000066,17.56323477021734,-0.05562308989647191,0.1,0.005,0.1,0.005,0.1,0.005,0.1,0.005,0.11029170138373057,11.029170138373058,0.01152676343158986,0.01152676343158986,0.041064351377234985,0.034929586156332904
0.005,1500,0.1,3.75,0.11170419629878192,0.25,0.25,0.11170419629878192,1.0,1.0,0.005,0.2807,0.33000000000000007,0.3979486864937012,0.33849756454176333,0.049300000000000066,17.56323477021734,-0.05945112195193786,0.1,0.005,0.1,0.005,0.1,0.005,0.1,0.005,0.11029170138373057,11.029170138373058,0.012320045861494877,0.012320045861494877,0.043890437696811106,0.03733347230756023
0.005,1500,0.1,3.8,0.11700111644682291,0.25,0.25,0.11700111644682291,1.0,1.0,0.005,0.2807,0.33000000000000007,0.416819082461072,0.3545488377176451,0.049300000000000066,17.56323477021734,-0.062270244743426906,0.1,0.005,0.1,0.005,0.1,0.005,0.1,0.005,0.11029170138373057,11.029170138373058,0.01290425219671608,0.01290425219671608,0.045971685773837125,0.039103794535503264
0.005,1500,0.1,3.85,0.12048070393813222,0.25,0.25,0.12048070393813222,1.0,1.0,0.005,0.2807,0.33000000000000007,0.42921519037453587,0.3650930422367642,0.049300000000000066,17.56323477021734,-0.06412214813777167,0.1,0.005,0.1,0.005,0.1,0.005,0.1,0.005,0.11029170138373057,11.029170138373058,0.01328802182124613,0.01328802182124613,0.04733887360614938,0.04026673279165493
0.005,1500,0.1,3.9,0.12292956322573272,0.25,0.25,0.12292956322573272,1.0,1.0,0.005,0.2807,0.33000000000000007,0.437939306112336,0.37251382795676574,0.049300000000000066,17.56323477021734,-0.06542547815557026,0.1,0.005,0.1,0.005,0.1,0.005,0.1,0.005,0.11029170138373057,11.029170138373058,0.01355811067852494,0.01355811067852494,0.04830107117393993,0.04108518387431799
0.005,1500,0.1,4.0,0.12535215361609903,0.25,0.25,0.12535215361609903,1.0,1.0,0.005,0.2807,0.33000000000000007,0.4465698383188423,0.37985501095787577,0.049300000000000066,17.56323477021734,-0.06671482736096651,0.1,0.005,0.1,0.005,0.1,0.005,0.1,0.005,0.11029170138373057,11.029170138373058,0.013825302294434315,0.013825302294434315,0.04925294725484259,0.041894855437679734
0.005,1500,0.1,4.1,0.13193769316004758,0.25,0.25,0.13193769316004758,1.0,1.0,0.005,0.2807,0.33000000000000007,0.47003096957622936,0.3998111913940835,0.049300000000000066,17.56323477021734,-0.07021977818214586,0.1,0.005,0.1,0.005,0.1,0.005,0.1,0.005,0.11029170138373057,11.029170138373058,0.014551632655266239,0.014551632655266239,0.051840515337606835,0.044095856531109805
0.005,1500,0.1,4.2,0.1330674759318174,0.25,0.24556180000000039,0.1354724919875742,1.0180736580363867,0.9822472000000015,0.005,0.2807,0.33000000000000007,0.48262376910428995,0.410522702992649,0.049300000000000066,17.56323477021734,-0.07210106611164097,0.1,0.005,0.1,0.005,0.1,0.005,0.1,0.005,0.11029170138373057,11.029170138373058,0.014676238319358758,0.014941491632003364,0.05322939662274088,0.04527724736970715
0.01,1450,0.1,1.5,0.10257963053362891,0.5555555555555556,0.5424700000000002,0.1050540741972714,1.0241221736788308,0.9764460000000004,0.01,0.4114,0.46,0.2553574968334259,0.2283784221679813,0.04860000000000003,11.81332036947011,-0.026979074665444608,0.1,0.01,0.1,0.01,0.1,0.01,0.1,0.01,0.05651964510642862,5.651964510642863,0.005797764312909275,0.0059376189906142005,0.014432715096291203,0.012907867370900434
0.01,1450,0.1,1.6,0.10360954174036646,0.777777777777778,0.7594578000000007,0.10610885704432306,1.0241224433770741,0.9764457428571435,0.01,0.4114,0.46,0.25792138318989566,0.23067142835722404,0.04860000000000003,11.81332036947011,-0.02724995483267162,0.1,0.01,0.1,0.01,0.1,0.01,0.1,0.01,0.05651964510642862,5.651964510642863,0.005855974528805216,0.005997234942793908,0.014577625043252088,0.013037467266943279
0.01,1450,0.1,1.7,0.0995634119856752,1.0,0.9764456000000004,0.10196513967155484,1.0241225932094933,0.9764456000000004,0.01,0.4114,0.46,0.24784914844811579,0.22166334711207572,0.04860000000000003,11.81332036947011,-0.026185801336040065,0.1,0.01,0.1,0.01,0.1,0.01,0.1,0.01,0.05651964510642862,5.651964510642863,0.0056272887110155045,0.0057630335074637055,0.014008345910218049,0.01252833371187762
0.01,1450,0.1,1.75,0.11947924222508455,1.0,1.0,0.11947924222508455,1.0,1.0,0.01,0.4114,0.46,0.29042110409597605,0.25973748309800987,0.04860000000000003,11.81332036947011,-0.030683620997966177,0.1,0.01,0.1,0.01,0.1,0.01,0.1,0.01,0.05651964510642862,5.651964510642863,0.0067529243681468,0.0067529243681468,0.01641449773492173,0.01468027036553652
0.01,1450,0.1,1.8,0.1488659781312911,1.0,1.0,0.1488659781312911,1.0,1.0,0.01,0.4114,0.46,0.3618521588023605,0.3236216915897632,0.04860000000000003,11.81332036947011,-0.03823046721259726,0.1,0.01,0.1,0.01,0.1,0.01,0.1,0.01,0.05651964510642862,5.651964510642863,0.008413852252401937,0.008413852252401937,0.020451755596504466,0.018290983157395514
0.01,1450,0.1,1.85,0.1702384288941879,1.0,1.0,0.1702384288941879,1.0,1.0,0.01,0.4114,0.46,0.4138026954161106,0.37008354107432145,0.04860000000000003,11.81332036947011,-0.043719154341789135,0.1,0.01,0.1,0.01,0.1,0.01,0.1,0.01,0.05651964510642862,5.651964510642863,0.009621815584575484,0.009621815584575484,0.02338798148900215,0.02091699040125105
0.01,1450,0.1,1.9,0.19523848391382082,1.0,1.0,0.19523848391382082,1.0,1.0,0.01,0.4114,0.46,0.4745709380501235,0.4244314867691757,0.04860000000000003,11.81332036947011,-0.05013945128094782,0.1,0.01,0.1,0.01,0.1,0.01,0.1,0.01,0.05651964510642862,5.651964510642863,0.011034809821926327,0.011034809821926327,0.026822580996417905,0.023988717004187667
0.01,1450,0.1,1.95,0.22417628489525915,1.0,1.0,0.22417628489525915,1.0,1.0,0.01,0.4114,0.46,0.5449107557006786,0.4873397497723025,0.04860000000000003,11.81332036947011,-0.05757100592837611,0.1,0.01,0.1,0.01,0.1,0.01,0.1,0.01,0.05651964510642862,5.651964510642863,0.012670364063557683,0.012670364063557683,0.03079816252687818,0.027544269703386266
0.01,1450,0.1,2.0,0.2329843913931651,1.0,1.0,0.2329843913931651,1.0,1.0,0.01,0.4114,0.46,0.5663208346941301,0.5064878073764458,0.04860000000000003,11.81332036947011,-0.05983302731768425,0.1,0.01,0.1,0.01,0.1,0.01,0.1,0.01,0.05651964510642862,5.651964510642863,0.013168195116878955,0.013168195116878955,0.03200825259328866,0.0286265111236499
0.01,1450,0.1,2.05,0.2247689701220952,1.0,1.0,0.2247689701220952,1.0,1.0,0.01,0.4114,0.46,0.5463514101169062,0.48862819591759826,0.04860000000000003,11.81332036947011,-0.05772321419930798,0.1,0.01,0.1,0.01,0.1,0.01,0.1,0.01,0.05651964510642862,5.651964510642863,0.01270386242223828,0.01270386242223828,0.030879587803204378,0.02761709222225713
0.01,1450,0.1,2.1,0.23897458527908474,1.0,1.0,0.23897458527908474,1.0,1.0,0.01,0.4114,0.46,0.5808813448689469,0.5195099679980103,0.04860000000000003,11.81332036947011,-0.061371376870936634,0.1,0.01,0.1,0.01,0.1,0.01,0.1,0.01,0.05651964510642862,5.651964510642863,0.013506758749429831,0.013506758749429831,0.03283120746093785,0.029362519020499633
0.01,1450,0.1,2.15,0.3532514109275428,0.7500000000000006,1.0,0.2649385581956573,0.7500000000000006,1.3333333333333324,0.01,0.4114,0.46,0.6439926062120985,0.5759533873818637,0.04860000000000003,11.81332036947011,-0.06803921883023478,0.1,0.01,0.1,0.01,0.1,0.01,0.1,0.01,0.05651964510642862,5.651964510642863,0.019965644378969902,0.014974233284227438,0.03639823355427185,0.03255268105266834
0.01,1450,0.1,2.2,0.5117091939497449,0.4999999999999989,1.0,0.2558545969748719,0.4999999999999989,2.0000000000000044,0.01,0.4114,0.46,0.6219120004250654,0.5562056455975476,0.04860000000000003,11.81332036947011,-0.06570635482751785,0.1,0.01,0.1,0.01,0.1,0.01,0.1,0.01,0.05651964510642862,5.651964510642863,0.028921622039736236,0.014460811019868085,0.03515024555145379,0.0314365456953654
0.01,1450,0.1,2.25,1.0301503101896696,0.25,1.0,0.2575375775474174,0.25,4.0,0.01,0.4114,0.46,0.6260028622931877,0.5598642990161248,0.04860000000000003,11.81332036947011,-0.06613856327706291,0.1,0.01,0.1,0.01,0.1,0.01,0.1,0.01,0.05651964510642862,5.651964510642863,0.05822372993819749,0.014555932484549372,0.03538145961241948,0.03164333148815081
0.01,1450,0.1,2.3,0.9557218745607728,0.25,1.0,0.2389304686401932,0.25,4.0,0.01,0.4114,0.46,0.5807741094802946,0.5194140622612896,0.04860000000000003,11.81332036947011,-0.06136004721900501,0.1,0.01,0.1,0.01,0.1,0.01,0.1,0.01,0.05651964510642862,5.651964510642863,0.054017061170625574,0.013504265292656394,0.03282514655482838,0.029357098462296508
0.01,1450,0.1,2.35,0.8900629752907782,0.25,1.0,0.22251574382269454,0.25,4.0,0.01,0.4114,0.46,0.5408744380716931,0.4837298778754229,0.04860000000000003,11.81332036947011,-0.05714456019627023,0.1,0.01,0.1,0.01,0.1,0.01,0.1,0.01,0.05651964510642862,5.651964510642863,0.05030604348580673,0.012576510871451682,0.0305700312869511,0.02734024102489496
0.01,1450,0.1,2.4,0.829462461980502,0.25,1.0,0.2073656154951255,0.25,4.0,0.01,0.4114,0.46,0.5040486521514961,0.45079481629375107,0.04860000000000003,11.81332036947011,-0.05325383585774501,0.1,0.01,0.1,0.01,0.1,0.01,0.1,0.01,0.05651964510642862,5.651964510642863,0.04688092398024252,0.01172023099506063,0.02848865093597625,0.0254787630327405
0.01,1450,0.1,2.45,0.7818301473267892,0.25,1.0,0.1954575368316973,0.25,4.0,0.01,0.4114,0.46,0.4751033953128277,0.42490768876455937,0.04860000000000003,11.81332036947011,-0.050195706548268326,0.1,0.01,0.1,0.01,0.1,0.01,0.1,0.01,0.05651964510642862,5.651964510642863,0.04418876246041693,0.011047190615104233,0.026852675291940284,0.024015631771965723
0.01,1450,0.1,2.5,0.5202227309224221,0.25,0.9889805000000003,0.13150479987280386,0.2527855705951735,3.955922000000001,0.01,0.4114,0.46,0.3196519199630624,0.28587999972348666,0.04860000000000003,11.81332036947011,-0.03377192023957576,0.1,0.01,0.1,0.01,0.1,0.01,0.1,0.01,0.05651964510642862,5.651964510642863,0.02940280412803241,0.007432604618602795,0.018066613073900815,0.01615783612739738
0.01,1450,0.1,2.55,0.6144730881718061,0.25,0.8155164500000005,0.18836931130322562,0.3065542086857964,3.262065800000002,0.01,0.4114,0.46,0.4578738728809568,0.4094985028330992,0.04860000000000003,11.81332036947011,-0.048375370047857635,0.1,0.01,0.1,0.01,0.1,0.01,0.1,0.01,0.05651964510642862,5.651964510642863,0.03472980087092171,0.010646566623800686,0.025878868798737693,0.02314471005174062
0.01,1450,0.1,2.6,0.5638667602064857,0.25,0.6420524000000007,0.21955636339280293,0.3893763188175914,2.568209600000003,0.01,0.4114,0.46,0.533680999982506,0.4772964421582672,0.04860000000000003,11.81332036947011,-0.056384557824238735,0.1,0.01,0.1,0.01,0.1,0.01,0.1,0.01,0.05651964510642862,5.651964510642863,0.03186954917418226,0.0124092477398193,0.030163460719055176,0.0269766255213463
0.01,1450,0.1,2.65,0.4416859724528324,0.25,0.468588350000001,0.235647115668172,0.5335173185590283,1.874353400000004,0.01,0.4114,0.46,0.5727931834423238,0.5122763384090696,0.04860000000000003,11.81332036947011,-0.06051684503325416,0.1,0.01,0.1,0.01,0.1,0.01,0.1,0.01,0.05651964510642862,5.651964510642863,0.024963934411521897,0.013318691347918618,0.03237406744754161,0.028953676843301343
0.01,1450,0.1,2.7,0.3411542457457894,0.25,0.29512429999999945,0.28899199908800294,0.8471006962151217,1.1804971999999978,0.01,0.4114,0.46,0.7024598908313149,0.6282434762782673,0.04860000000000003,11.81332036947011,-0.07421641455304762,0.1,0.01,0.1,0.01,0.1,0.01,0.1,0.01,0.05651964510642862,5.651964510642863,0.019281916896103354,0.01633372522705127,0.03970278373128651,0.035508098319676676
0.01,1450,0.1,2.75,0.3419777469823922,0.25,0.25,0.3419777469823922,1.0,1.0,0.01,0.4114,0.46,0.831253638751561,0.7434298847443308,0.04860000000000003,11.81332036947011,-0.08782375400723019,0.1,0.01,0.1,0.01,0.1,0.01,0.1,0.01,0.05651964510642862,5.651964510642863,0.019328460893740847,0.019328460893740847,0.04698216065566565,0.04201839324726271
0.01,1450,0.1,2.8,0.3108584812450007,0.25,0.25,0.3108584812450007,1.0,1.0,0.01,0.4114,0.46,0.7556112815872648,0.6757793070543493,0.04860000000000003,11.81332036947011,-0.07983197453291546,0.1,0.01,0.1,0.01,0.1,0.01,0.1,0.01,0.05651964510642862,5.651964510642863,0.017569611038290838,0.017569611038290838,0.04270688147372591,0.03819480660498008
0.01,1450,0.1,2.85,0.27254020121920597,0.25,0.25,0.27254020121920597,1.0,1.0,0.01,0.4114,0.46,0.6624701050539766,0.5924786983026217,0.04860000000000003,11.81332036947011,-0.06999140675135496,0.1,0.01,0.1,0.01,0.1,0.01,0.1,0.01,0.05651964510642862,5.651964510642863,0.015403875450144168,0.015403875450144168,0.037442575231269246,0.03348668576118297
0.01,1450,0.1,2.9,0.2752463712910687,0.25,0.25,0.2752463712910687,1.0,1.0,0.01,0.4114,0.46,0.6690480585587475,0.5983616767197145,0.04860000000000003,11.81332036947011,-0.07068638183903297,0.1,0.01,0.1,0.01,0.1,0.01,0.1,0.01,0.05651964510642862,5.651964510642863,0.015556827222203487,0.015556827222203487,0.03781435882888548,0.03381918961348584
0.01,1450,0.1,2.95,0.21315098102456148,0.25,0.25,0.21315098102456148,1.0,1.0,0.01,0.4114,0.46,0.5181112810514378,0.46337169787948146,0.04860000000000003,11.81332036947011,-0.05473958317195632,0.1,0.01,0.1,0.01,0.1,0.01,0.1,0.01,0.05651964510642862,5.651964510642863,0.012047217801595317,0.012047217801595317,0.02928346573066436,0.026189603916511556
0.01,1450,0.1,3.0,0.20717300328130522,0.25,0.25,0.20717300328130522,1.0,1.0,0.01,0.4114,0.46,0.5035804649521275,0.45037609408979395,0.04860000000000003,11.81332036947011,-0.05320437086233354,0.1,0.01,0.1,0.01,0.1,0.01,0.1,0.01,0.05651964510642862,5.651964510642863,0.011709344621092344,0.011709344621092344,0.028462189161624563,0.02545509700237466
0.01,1450,0.1,3.1,0.3352953170641291,0.1666666666666667,0.25,0.2235302113760861,0.6666666666666669,1.4999999999999996,0.01,0.4114,0.46,0.5433403290619497,0.4859352421219263,0.04860000000000003,11.81332036947011,-0.05740508694002344,0.1,0.01,0.1,0.01,0.1,0.01,0.1,0.01,0.05651964510642862,5.651964510642863,0.018950772326312038,0.012633848217541361,0.030709402570591546,0.02746488742943774
0.01,1450,0.1,3.2,0.2194869507916804,0.1944444444444445,0.25,0.1707120728379737,0.7777777777777781,1.2857142857142854,0.01,0.4114,0.46,0.4149539932862754,0.37111320182168195,0.04860000000000003,11.81332036947011,-0.043840791464593465,0.1,0.01,0.1,0.01,0.1,0.01,0.1,0.01,0.05651964510642862,5.651964510642863,0.01240532456423794,0.009648585772185067,0.02345305243603565,0.020975186461271885
0.01,1450,0.1,3.3,0.18104284801879056,0.22222222222222218,0.25,0.1609269760167027,0.8888888888888887,1.1250000000000002,0.01,0.4114,0.46,0.39116912011838284,0.3498412522102232,0.04860000000000003,11.81332036947011,-0.04132786790815962,0.1,0.01,0.1,0.01,0.1,0.01,0.1,0.01,0.05651964510642862,5.651964510642863,0.010232477519079138,0.009095535572514787,0.022108739845684948,0.019772903418510405
0.01,1450,0.1,3.4,0.16412806240322533,0.25,0.25,0.16412806240322533,1.0,1.0,0.01,0.4114,0.46,0.398950078763309,0.3568001356591855,0.04860000000000003,11.81332036947011,-0.04214994310412351,0.1,0.01,0.1,0.01,0.1,0.01,0.1,0.01,0.05651964510642862,5.651964510642863,0.009276459839036067,0.009276459839036067,0.022548516866883972,0.02016621704138275
0.01,1450,0.1,3.45,0.15824685933819746,0.25,0.25,0.15824685933819746,1.0,1.0,0.01,0.4114,0.46,0.3846544952313988,0.3440149116047771,0.04860000000000003,11.81332036947011,-0.04063958362662168,0.1,0.01,0.1,0.01,0.1,0.01,0.1,0.01,0.05651964510642862,5.651964510642863,0.00894405632900185,0.00894405632900185,0.0217405355590711,0.019443600715221415
0.01,1450,0.1,3.5,0.1670936339185911,0.25,0.25,0.1670936339185911,1.0,1.0,0.01,0.4114,0.46,0.4061585656747475,0.36324703025780675,0.04860000000000003,11.81332036947011,-0.04291153541694076,0.1,0.01,0.1,0.01,0.1,0.01,0.1,0.01,0.05651964510642862,5.651964510642863,0.009444072888622274,0.009444072888622274,0.022955937988872813,0.02053059323613538
0.01,1450,0.1,3.55,0.16813457748812005,0.25,0.25,0.16813457748812005,1.0,1.0,0.01,0.4114,0.46,0.4086888125622753,0.36550995106113054,0.04860000000000003,11.81332036947011,-0.04317886150114475,0.1,0.01,0.1,0.01,0.1,0.01,0.1,0.01,0.05651964510642862,5.651964510642863,0.009502906649747869,0.009502906649747869,0.023098946644987527,0.020658492716843193
0.01,1450,0.1,3.6,0.16565678467946832,0.25,0.25,0.16565678467946832,1.0,1.0,0.01,0.4114,0.46,0.4026659812335156,0.3601234449553659,0.04860000000000003,11.81332036947011,-0.04254253627814969,0.1,0.01,0.1,0.01,0.1,0.01,0.1,0.01,0.05651964510642862,5.651964510642863,0.009362862679555611,0.009362862679555611,0.02275853835575015,0.020354049303381763
0.01,1450,0.1,3.65,0.18815403888130336,0.25,0.25,0.18815403888130336,1.0,1.0,0.01,0.4114,0.46,0.4573506049618458,0.4090305193071812,0.04860000000000003,11.81332036947011,-0.04832008565466461,0.1,0.01,0.1,0.01,0.1,0.01,0.1,0.01,0.05651964510642862,5.651964510642863,0.010634399502912438,0.010634399502912438,0.02584929388165396,0.023118259788940082
0.01,1450,0.1,3.7,0.17844985699040533,0.25,0.25,0.17844985699040533,1.0,1.0,0.01,0.4114,0.46,0.4337624136859634,0.38793447171827244,0.04860000000000003,11.81332036947011,-0.045827941967690966,0.1,0.01,0.1,0.01,0.1,0.01,0.1,0.01,0.05651964510642862,5.651964510642863,0.01008592258639065,0.01008592258639065,0.02451609768203853,0.02192591866606663
0.01,1450,0.1,3.75,0.19002463092703634,0.25,0.25,0.19002463092703634,1.0,1.0,0.01,0.4114,0.46,0.4618974986072833,0.4130970237544268,0.04860000000000003,11.81332036947011,-0.04880047485285649,0.1,0.01,0.1,0.01,0.1,0.01,0.1,0.01,0.05651964510642862,5.651964510642863,0.010740124701476174,0.010740124701476174,0.02610628269683076,0.023348097177122117
0.01,1450,0.1,3.8,0.1837992424697036,0.25,0.25,0.1837992424697036,1.0,1.0,0.01,0.4114,0.46,0.4467652952593671,0.3995635705863122,0.04860000000000003,11.81332036947011,-0.04720172467305489,0.1,0.01,0.1,0.01,0.1,0.01,0.1,0.01,0.05651964510642862,5.651964510642863,0.010388267955218071,0.010388267955218071,0.025251015933928225,0.02258319120699581
0.01,1450,0.1,3.85,0.19292805441413383,0.25,0.25,0.19292805441413383,1.0,1.0,0.01,0.4114,0.46,0.4689549207927414,0.41940881394376917,0.04860000000000003,11.81332036947011,-0.04954610684897226,0.1,0.01,0.1,0.01,0.1,0.01,0.1,0.01,0.05651964510642862,5.651964510642863,0.010904225166560593,0.010904225166560593,0.02650516569411909,0.023704837318609985
0.01,1450,0.1,3.9,0.20016121872779388,0.25,0.25,0.20016121872779388,1.0,1.0,0.01,0.4114,0.46,0.4865367494598782,0.4351330841908562,0.04860000000000003,11.81332036947011,-0.05140366526902196,0.1,0.01,0.1,0.01,0.1,0.01,0.1,0.01,0.05651964510642862,5.651964510642863,0.011313041046565145,0.011313041046565145,0.02749888441070769,0.02459356749253292
0.01,1450,0.1,4.0,0.19039036695448172,0.25,0.25,0.19039036695448172,1.0,1.0,0.01,0.4114,0.46,0.46278650207700955,0.41389210207496024,0.04860000000000003,11.81332036947011,-0.04889440000204931,0.1,0.01,0.1,0.01,0.1,0.01,0.1,0.01,0.05651964510642862,5.651964510642863,0.010760795971950022,0.010760795971950022,0.026156528857438074,0.023393034721630485
0.01,1450,0.1,4.1,0.19123368491628953,0.25,0.25,0.19123368491628953,1.0,1.0,0.01,0.4114,0.46,0.46483637558650837,0.41572540199193375,0.04860000000000003,11.81332036947011,-0.049110973594574614,0.1,0.01,0.1,0.01,0.1,0.01,0.1,0.01,0.05651964510642862,5.651964510642863,0.010808460003863277,0.010808460003863277,0.026272386980708017,0.02349665218231147
0.01,1450,0.1,4.2,0.18429443617745947,0.25,0.24556180000000039,0.18762531079493958,1.0180736580363867,0.9822472000000015,0.01,0.4114,0.46,0.45606541272469514,0.40788111042378167,0.04860000000000003,11.81332036947011,-0.04818430230091347,0.1,0.01,0.1,0.01,0.1,0.01,0.1,0.01,0.05651964510642862,5.651964510642863,0.01041625612783937,0.010604515979113356,0.025776655272516664,0.023053295606768165
0.015,1450,0.1,1.5,0.16796773988873584,0.5555555555555556,0.5424700000000002,0.1720194868827726,1.0241221736788308,0.9764460000000004,0.015,0.5420999999999999,0.59,0.31732058085735587,0.2915584523436824,0.047900000000000054,8.836008116583667,-0.025762128513673488,0.1,0.015,0.1,0.015,0.1,0.015,0.1,0.015,0.024054411125557014,2.4054411125557014,0.004040365071114274,0.004137827459085574,0.007632959710543395,0.007013266879806058
0.015,1450,0.1,1.6,0.13966711477630347,0.777777777777778,0.7594578000000007,0.14303622684413417,1.0241224433770741,0.9764457428571435,0.015,0.5420999999999999,0.59,0.2638557956910795,0.2424342827866681,0.047900000000000054,8.836008116583667,-0.021421512904411383,0.1,0.015,0.1,0.015,0.1,0.015,0.1,0.015,0.024054411125557014,2.4054411125557014,0.003359610199549563,0.003440652206357238,0.006346895787414201,0.005831613909080064
0.015,1450,0.1,1.7,0.15067205675212927,1.0,0.9764456000000004,0.1543066574851986,1.0241225932094933,0.9764456000000004,0.015,0.5420999999999999,0.59,0.2846461123135927,0.2615367076020315,0.047900000000000054,8.836008116583667,-0.0231094047115612,0.1,0.015,0.1,0.015,0.1,0.015,0.1,0.015,0.024054411125557014,2.4054411125557014,0.003624327598248976,0.0037117557785594766,0.006846994610882636,0.006291111489083859
0.015,1450,0.1,1.75,0.17971716984902916,1.0,1.0,0.17971716984902916,1.0,1.0,0.015,0.5420999999999999,0.59,0.3315203280742099,0.30460537262547316,0.047900000000000054,8.836008116583667,-0.026914955448736733,0.1,0.015,0.1,0.015,0.1,0.015,0.1,0.015,0.024054411125557014,2.4054411125557014,0.004322990689870107,0.004322990689870107,0.007974526267976586,0.007327102864186622
0.015,1450,0.1,1.8,0.21362352499377016,1.0,1.0,0.21362352499377016,1.0,1.0,0.015,0.5420999999999999,0.59,0.3940666389850031,0.36207377117588163,0.047900000000000054,8.836008116583667,-0.03199286780912147,0.1,0.015,0.1,0.015,0.1,0.015,0.1,0.015,0.024054411125557014,2.4054411125557014,0.0051385880962908515,0.0051385880962908515,0.009479040945011718,0.008709471349645512
0.015,1450,0.1,1.85,0.24498726459252002,1.0,1.0,0.24498726459252002,1.0,1.0,0.015,0.5420999999999999,0.59,0.45192264267205323,0.41523265185172886,0.047900000000000054,8.836008116583667,-0.03668999082032437,0.1,0.015,0.1,0.015,0.1,0.015,0.1,0.015,0.024054411125557014,2.4054411125557014,0.005893024383034093,0.005893024383034093,0.010870733043781763,0.009988176920396769
0.015,1450,0.1,1.9,0.27007351135003715,1.0,1.0,0.27007351135003715,1.0,1.0,0.015,0.5420999999999999,0.59,0.4981986927689305,0.45775171415260535,0.047900000000000054,8.836008116583667,-0.040446978616325124,0.1,0.015,0.1,0.015,0.1,0.015,0.1,0.015,0.024054411125557014,2.4054411125557014,0.006496459276136582,0.006496459276136582,0.011983876178078922,0.011010947925655224
0.015,1450,0.1,1.95,0.31325667603927454,1.0,1.0,0.31325667603927454,1.0,1.0,0.015,0.5420999999999999,0.59,0.5778577311183815,0.5309435187106348,0.047900000000000054,8.836008116583667,-0.046914212407746625,0.1,0.015,0.1,0.015,0.1,0.015,0.1,0.015,0.024054411125557014,2.4054411125557014,0.007535204873274135,0.007535204873274135,0.013900027436403128,0.012771533683515484
0.015,1450,0.1,2.0,0.32483588330075547,1.0,1.0,0.32483588330075547,1.0,1.0,0.015,0.5420999999999999,0.59,0.5992176412115026,0.550569293730094,0.047900000000000054,8.836008116583667,-0.04864834748140856,0.1,0.015,0.1,0.015,0.1,0.015,0.1,0.015,0.024054411125557014,2.4054411125557014,0.007813735885249832,0.007813735885249832,0.014413827495387999,0.013243620144491241
0.015,1450,0.1,2.05,0.3617115072967934,1.0,1.0,0.3617115072967934,1.0,1.0,0.015,0.5420999999999999,0.59,0.6672412973561953,0.6130703513504974,0.047900000000000054,8.836008116583667,-0.05417094600569794,0.1,0.015,0.1,0.015,0.1,0.015,0.1,0.015,0.024054411125557014,2.4054411125557014,0.008700757305361984,0.008700757305361984,0.01605009648655596,0.014747046280274552
0.015,1450,0.1,2.1,0.3595201953863982,1.0,1.0,0.3595201953863982,1.0,1.0,0.015,0.5420999999999999,0.59,0.6631990322567759,0.6093562633667766,0.047900000000000054,8.836008116583667,-0.05384276888999928,0.1,0.015,0.1,0.015,0.1,0.015,0.1,0.015,0.024054411125557014,2.4054411125557014,0.008648046587765008,0.008648046587765008,0.015952862179976036,0.014657706080957641
0.015,1450,0.1,2.15,0.483350243577787,0.7500000000000006,1.0,0.3625126826833405,0.7500000000000006,1.3333333333333324,0.015,0.5420999999999999,0.59,0.6687192080489588,0.6144282757344754,0.047900000000000054,8.836008116583667,-0.05429093231448334,0.1,0.015,0.1,0.015,0.1,0.015,0.1,0.015,0.024054411125557014,2.4054411125557014,0.011626705476658212,0.008720029107493666,0.01608564675796655,0.014779710351684178
0.015,1450,0.1,2.2,0.7397694604800585,0.4999999999999989,1.0,0.36988473024002844,0.4999999999999989,2.0000000000000044,0.015,0.5420999999999999,0.59,0.6823182627560016,0.6269232715932685,0.047900000000000054,8.836008116583667,-0.055394991162733054,0.1,0.015,0.1,0.015,0.1,0.015,0.1,0.015,0.024054411125557014,2.4054411125557014,0.01779471874051883,0.008897359370259395,0.016412764010808698,0.01508027011908372
0.015,1450,0.1,2.25,1.4125099463851325,0.25,1.0,0.3531274865962831,0.25,4.0,0.015,0.5420999999999999,0.59,0.6514065423285061,0.5985211637225138,0.047900000000000054,8.836008116583667,-0.052885378605992295,0.1,0.015,0.1,0.015,0.1,0.015,0.1,0.015,0.024054411125557014,2.4054411125557014,0.03397709496928647,0.008494273742321617,0.015669200779047446,0.014397074139528168
0.015,1450,0.1,2.3,1.4737205438831928,0.25,1.0,0.3684301359707982,0.25,4.0,0.015,0.5420999999999999,0.59,0.6796350045578274,0.6244578575776241,0.047900000000000054,8.836008116583667,-0.05517714698020337,0.1,0.015,0.1,0.015,0.1,0.015,0.1,0.015,0.024054411125557014,2.4054411125557014,0.035449479846745804,0.008862369961686451,0.016348219814953796,0.015020966036756697
0.015,1450,0.1,2.35,1.1896828286996017,0.25,1.0,0.29742070717490043,0.25,4.0,0.015,0.5420999999999999,0.59,0.5486454661038562,0.5041028935167804,0.047900000000000054,8.836008116583667,-0.044542572587075835,0.1,0.015,0.1,0.015,0.1,0.015,0.1,0.015,0.024054411125557014,2.4054411125557014,0.02861711987055584,0.00715427996763896,0.013197343603835014,0.012125898250235525
0.015,1450,0.1,2.4,1.0995565838279646,0.25,1.0,0.27488914595699115,0.25,4.0,0.015,0.5420999999999999,0.59,0.5070819884836584,0.4659138067067647,0.047900000000000054,8.836008116583667,-0.041168181776893686,0.1,0.015,0.1,0.015,0.1,0.015,0.1,0.015,0.024054411125557014,2.4054411125557014,0.026449186123210854,0.0066122965308027136,0.012197558625350886,0.011207282255597821
0.015,1450,0.1,2.45,1.0962978681682138,0.25,1.0,0.27407446704205346,0.25,4.0,0.015,0.5420999999999999,0.59,0.5055791681277504,0.46453299498653133,0.047900000000000054,8.836008116583667,-0.041046173141219056,0.1,0.015,0.1,0.015,0.1,0.015,0.1,0.015,0.024054411125557014,2.4054411125557014,0.02637079963698992,0.00659269990924748,0.012161409166662019,0.01117406764279234
0.015,1450,0.1,2.5,0.8376983231697631,0.25,0.9889805000000003,0.21175804860908856,0.2527855705951734,3.955922000000001,0.015,0.5420999999999999,0.59,0.3906254355452658,0.3589119467950654,0.047900000000000054,8.836008116583667,-0.031713488750200414,0.1,0.015,0.1,0.015,0.1,0.015,0.1,0.015,0.024054411125557014,2.4054411125557014,0.020150339864715205,0.005093715160388703,0.009396264822705596,0.008633415526082548
0.015,1450,0.1,2.55,0.860032089136859,0.25,0.8155164500000005,0.2636464565297421,0.30655420868579636,3.262065800000002,0.015,0.5420999999999999,0.59,0.4863428454708396,0.446858400897868,0.047900000000000054,8.836008116583667,-0.03948444457297162,0.1,0.015,0.1,0.015,0.1,0.015,0.1,0.015,0.024054411125557014,2.4054411125557014,0.020687565453269705,0.0063418602571627125,0.01169869075292882,0.010748915690106293
0.015,1450,0.1,2.6,0.751513286753864,0.25,0.6420524000000007,0.2926214771387285,0.3893763188175913,2.568209600000003,0.015,0.5420999999999999,0.59,0.5397924315416501,0.49596860531987885,0.047900000000000054,8.836008116583667,-0.04382382622177128,0.1,0.015,0.1,0.015,0.1,0.015,0.1,0.015,0.024054411125557014,2.4054411125557014,0.018077209565896063,0.007038837315262758,0.012984389070766942,0.01193023273773349
0.015,1450,0.1,2.65,0.6002437251107443,0.25,0.468588350000001,0.3202404227029668,0.5335173185590284,1.874353400000004,0.015,0.5420999999999999,0.59,0.5907404956704794,0.5427803774626556,0.047900000000000054,8.836008116583667,-0.047960118207823754,0.1,0.015,0.1,0.015,0.1,0.015,0.1,0.015,0.024054411125557014,2.4054411125557014,0.014438509339349674,0.007703194786719326,0.014209914751373044,0.01305626235037174
0.015,1450,0.1,2.7,0.5233969009949495,0.25,0.29512429999999945,0.44336987922965887,0.8471006962151217,1.1804971999999978,0.015,0.5420999999999999,0.59,0.8178747080421673,0.7514743715756931,0.047900000000000054,8.836008116583667,-0.06640033646647425,0.1,0.015,0.1,0.015,0.1,0.015,0.1,0.015,0.024054411125557014,2.4054411125557014,0.012590004238374976,0.010665001355678777,0.019673494476441206,0.01807627348420132
0.015,1450,0.1,2.75,0.40927488370972287,0.25,0.25,0.40927488370972287,1.0,1.0,0.015,0.5420999999999999,0.59,0.7549804163617837,0.6936862435758016,0.047900000000000054,8.836008116583667,-0.06129417278598215,0.1,0.015,0.1,0.015,0.1,0.015,0.1,0.015,0.024054411125557014,2.4054411125557014,0.00984486631611821,0.00984486631611821,0.018160609326910555,0.016686214095115615
0.015,1450,0.1,2.8,0.41448591860963363,0.25,0.25,0.41448591860963363,1.0,1.0,0.015,0.5420999999999999,0.59,0.764593098339114,0.7025185061180231,0.047900000000000054,8.836008116583667,-0.06207459222109091,0.1,0.015,0.1,0.015,0.1,0.015,0.1,0.015,0.024054411125557014,2.4054411125557014,0.00997021469199029,0.00997021469199029,0.01839183673121249,0.01689866896947507
0.015,1450,0.1,2.85,0.3803118223989049,0.25,0.25,0.3803118223989049,1.0,1.0,0.015,0.5420999999999999,0.59,0.7015528913464396,0.6445963091506862,0.047900000000000054,8.836008116583667,-0.05695658219575339,0.1,0.015,0.1,0.015,0.1,0.015,0.1,0.015,0.024054411125557014,2.4054411125557014,0.009148176931893081,0.009148176931893081,0.016875441674770487,0.015505384630327254
0.015,1450,0.1,2.9,0.3558228404913203,0.25,0.25,0.3558228404913203,1.0,1.0,0.015,0.5420999999999999,0.59,0.6563786026403253,0.6030895601547802,0.047900000000000054,8.836008116583667,-0.05328904248554511,0.1,0.015,0.1,0.015,0.1,0.015,0.1,0.015,0.024054411125557014,2.4054411125557014,0.008559108893041713,0.008559108893041713,0.015788800761929008,0.014506964225494431
0.015,1450,0.1,2.95,0.33549403349282386,0.25,0.25,0.33549403349282386,1.0,1.0,0.015,0.5420999999999999,0.59,0.618878497496447,0.5686339550725829,0.047900000000000054,8.836008116583667,-0.050244542423864114,0.1,0.015,0.1,0.015,0.1,0.015,0.1,0.015,0.024054411125557014,2.4054411125557014,0.00807011141180778,0.00807011141180778,0.014886757815546542,0.013678154935267424
0.015,1450,0.1,3.0,0.2908043984401558,0.25,0.25,0.2908043984401558,1.0,1.0,0.015,0.5420999999999999,0.59,0.5364405062537463,0.49288881091551834,0.047900000000000054,8.836008116583667,-0.04355169533822795,0.1,0.015,0.1,0.015,0.1,0.015,0.1,0.015,0.024054411125557014,2.4054411125557014,0.006995128557199799,0.006995128557199799,0.012903760481829552,0.011856150096948811
0.015,1450,0.1,3.1,0.44204475655722986,0.1666666666666667,0.25,0.29469650437148665,0.6666666666666669,1.4999999999999996,0.015,0.5420999999999999,0.59,0.5436201888424399,0.4994856006296384,0.047900000000000054,8.836008116583667,-0.04413458821280147,0.1,0.015,0.1,0.015,0.1,0.015,0.1,0.015,0.024054411125557014,2.4054411125557014,0.010633126310124372,0.0070887508734162495,0.013076463518568992,0.012014831988841103
0.015,1450,0.1,3.2,0.3044641166069505,0.1944444444444445,0.25,0.23680542402762825,0.777777777777778,1.2857142857142854,0.015,0.5420999999999999,0.59,0.43682978053427096,0.40136512547055636,0.047900000000000054,8.836008116583667,-0.0354646550637146,0.1,0.015,0.1,0.015,0.1,0.015,0.1,0.015,0.024054411125557014,2.4054411125557014,0.007323705033843118,0.005696215026322427,0.010507683132858197,0.009654601739529537
0.015,1450,0.1,3.3,0.25196075269895807,0.22222222222222218,0.25,0.22396511351018492,0.8888888888888887,1.1250000000000002,0.015,0.5420999999999999,0.59,0.41314354087840793,0.3796018873053982,0.047900000000000054,8.836008116583667,-0.033541653573009755,0.1,0.015,0.1,0.015,0.1,0.015,0.1,0.015,0.024054411125557014,2.4054411125557014,0.006060767532925536,0.005387348918156031,0.009937924586157595,0.00913109986128141
0.015,1450,0.1,3.4,0.23932619546546108,0.25,0.25,0.23932619546546108,1.0,1.0,0.015,0.5420999999999999,0.59,0.44147979241000024,0.4056376194329849,0.047900000000000054,8.836008116583667,-0.03584217297701536,0.1,0.015,0.1,0.015,0.1,0.015,0.1,0.015,0.024054411125557014,2.4054411125557014,0.005756850698841619,0.005756850698841619,0.01061953643025571,0.009757374065833253
0.015,1450,0.1,3.45,0.2021694779394788,0.25,0.25,0.2021694779394788,1.0,1.0,0.015,0.5420999999999999,0.59,0.37293760918553553,0.34266013210081153,0.047900000000000054,8.836008116583667,-0.030277477084724003,0.1,0.015,0.1,0.015,0.1,0.015,0.1,0.015,0.024054411125557014,2.4054411125557014,0.0048630677393954515,0.0048630677393954515,0.008970794575531179,0.008242487693890597
0.015,1450,0.1,3.5,0.22786764640880514,0.25,0.25,0.22786764640880514,1.0,1.0,0.015,0.5420999999999999,0.59,0.420342457865348,0.38621634984543246,0.047900000000000054,8.836008116583667,-0.03412610801991556,0.1,0.015,0.1,0.015,0.1,0.015,0.1,0.015,0.024054411125557014,2.4054411125557014,0.005481222048930454,0.005481222048930454,0.010111090295020208,0.00929020686259399
0.015,1450,0.1,3.55,0.23660539512065612,0.25,0.25,0.23660539512065612,1.0,1.0,0.015,0.5420999999999999,0.59,0.43646079158947826,0.4010260934248409,0.047900000000000054,8.836008116583667,-0.035434698164637346,0.1,0.015,0.1,0.015,0.1,0.015,0.1,0.015,0.024054411125557014,2.4054411125557014,0.005691403448757124,0.005691403448757124,0.010498807321079367,0.00964644652331716
0.015,1450,0.1,3.6,0.24553145152929104,0.25,0.25,0.24553145152929104,1.0,1.0,0.015,0.5420999999999999,0.59,0.4529264923986185,0.4161550025920187,0.047900000000000054,8.836008116583667,-0.03677148980659978,0.1,0.015,0.1,0.015,0.1,0.015,0.1,0.015,0.024054411125557014,2.4054411125557014,0.005906114479340341,0.005906114479340341,0.010894880057812842,0.010010363524305663
0.015,1450,0.1,3.65,0.23386412006060883,0.25,0.25,0.23386412006060883,1.0,1.0,0.015,0.5420999999999999,0.59,0.43140402151006985,0.3963798645095065,0.047900000000000054,8.836008116583667,-0.03502415700056333,0.1,0.015,0.1,0.015,0.1,0.015,0.1,0.015,0.024054411125557014,2.4054411125557014,0.005625463691454511,0.005625463691454511,0.010377169694621862,0.009534684222804256
0.015,1450,0.1,3.7,0.25617463480718444,0.25,0.25,0.25617463480718444,1.0,1.0,0.015,0.5420999999999999,0.59,0.4725597395447048,0.4341942962833635,0.047900000000000054,8.836008116583667,-0.03836544326134134,0.1,0.015,0.1,0.015,0.1,0.015,0.1,0.015,0.024054411125557014,2.4054411125557014,0.006162129985591442,0.006162129985591442,0.011367146256394471,0.010444288111171937
0.015,1450,0.1,3.75,0.2562361139555946,0.25,0.25,0.2562361139555946,1.0,1.0,0.015,0.5420999999999999,0.59,0.47267314878360933,0.43429849822982136,0.047900000000000054,8.836008116583667,-0.03837465055378797,0.1,0.015,0.1,0.015,0.1,0.015,0.1,0.015,0.024054411125557014,2.4054411125557014,0.00616360883030295,0.00616360883030295,0.011369874248852519,0.010446794627632119
0.015,1450,0.1,3.8,0.26087810423546687,0.25,0.25,0.26087810423546687,1.0,1.0,0.015,0.5420999999999999,0.59,0.48123612661034293,0.4421662783651981,0.047900000000000054,8.836008116583667,-0.03906984824514481,0.1,0.015,0.1,0.015,0.1,0.015,0.1,0.015,0.024054411125557014,2.4054411125557014,0.006275269172935837,0.006275269172935837,0.011575851637955797,0.010636049445653962
0.015,1450,0.1,3.85,0.25759530489423044,0.25,0.25,0.25759530489423044,1.0,1.0,0.015,0.5420999999999999,0.59,0.4751804185468188,0.43660221168513635,0.047900000000000054,8.836008116583667,-0.03857820686168245,0.1,0.015,0.1,0.015,0.1,0.015,0.1,0.015,0.024054411125557014,2.4054411125557014,0.0061963033679390276,0.0061963033679390276,0.011430185146539438,0.010502209098201742
0.015,1450,0.1,3.9,0.27777066369725134,0.25,0.25,0.27777066369725134,1.0,1.0,0.015,0.5420999999999999,0.59,0.5123974611644556,0.47079773508008704,0.047900000000000054,8.836008116583667,-0.04159972608436857,0.1,0.015,0.1,0.015,0.1,0.015,0.1,0.015,0.024054411125557014,2.4054411125557014,0.006681609743192519,0.006681609743192519,0.01232541919054145,0.01132476227659749
0.015,1450,0.1,4.0,0.2679238768071327,0.25,0.25,0.2679238768071327,1.0,1.0,0.015,0.5420999999999999,0.59,0.49423330899673995,0.45410826577480123,0.047900000000000054,8.836008116583667,-0.04012504322193872,0.1,0.015,0.1,0.015,0.1,0.015,0.1,0.015,0.024054411125557014,2.4054411125557014,0.00644475108307186,0.00644475108307186,0.011888491206552039,0.01092330692046078
0.015,1450,0.1,4.1,0.2776084650886443,0.25,0.25,0.2776084650886443,1.0,1.0,0.015,0.5420999999999999,0.59,0.5120982569427123,0.4705228221841429,0.047900000000000054,8.836008116583667,-0.041575434758569396,0.1,0.015,0.1,0.015,0.1,0.015,0.1,0.015,0.024054411125557014,2.4054411125557014,0.006677708151177091,0.006677708151177091,0.012318222009181132,0.01131814940877473
0.015,1450,0.1,4.2,0.25593915508364756,0.25,0.24556180000000039,0.2605649118507512,1.018073658036387,0.9822472000000015,0.015,0.5420999999999999,0.59,0.48065838747602146,0.44163544381483255,0.047900000000000054,8.836008116583667,-0.039022943661188914,0.1,0.015,0.1,0.015,0.1,0.015,0.1,0.015,0.024054411125557014,2.4054411125557014,0.006156465659509754,0.006267735514552493,0.011561954463295505,0.010623280533139818
0.02,1450,0.1,1.5,0.22460776381553585,0.5555555555555556,0.5424700000000002,0.23002579130390802,1.0241221736788308,0.9764460000000004,0.02,0.6728000000000001,0.7200000000000001,0.3418932688821463,0.3194802656998722,0.04720000000000002,7.0154577883472085,-0.02241300318227407,0.1,0.02,0.1,0.02,0.1,0.02,0.1,0.02,0.02195035515755139,2.195035515755139,0.004930220186894432,0.005049147814517577,0.0075046786779393235,0.007012705297941078
0.02,1450,0.1,1.6,0.18313020412956976,0.777777777777778,0.7594578000000007,0.18754775210931734,1.0241224433770741,0.9764457428571435,0.02,0.6728000000000001,0.7200000000000001,0.2787570631826952,0.2604829890407185,0.04720000000000002,7.0154577883472085,-0.018274074141976737,0.1,0.02,0.1,0.02,0.1,0.02,0.1,0.02,0.02195035515755139,2.195035515755139,0.00401977302071894,0.004116739767799924,0.006118816539536153,0.005717694121944337
0.02,1450,0.1,1.7,0.17680102343803655,1.0,0.9764456000000004,0.1810659226054544,1.0241225932094933,0.9764456000000004,0.02,0.6728000000000001,0.7200000000000001,0.26912295274294645,0.2514804480631311,0.04720000000000002,7.0154577883472085,-0.017642504679815374,0.1,0.02,0.1,0.02,0.1,0.02,0.1,0.02,0.02195035515755139,2.195035515755139,0.00388084525668347,0.0039744613081194365,0.0059073443937565934,0.005520085150165883
0.02,1450,0.1,1.75,0.2044285337792655,1.0,1.0,0.2044285337792655,1.0,1.0,0.02,0.6728000000000001,0.7200000000000001,0.3038474045470652,0.2839285191378687,0.04720000000000002,7.0154577883472085,-0.019918885409196507,0.1,0.02,0.1,0.02,0.1,0.02,0.1,0.02,0.02195035515755139,2.195035515755139,0.004487278920792369,0.004487278920792369,0.006669558443508277,0.006232331834433845
0.02,1450,0.1,1.8,0.23574336905999663,1.0,1.0,0.23574336905999663,1.0,1.0,0.02,0.6728000000000001,0.7200000000000001,0.35039145222948365,0.32742134591666194,0.04720000000000002,7.0154577883472085,-0.022970106312821703,0.1,0.02,0.1,0.02,0.1,0.02,0.1,0.02,0.02195035515755139,2.195035515755139,0.005174650676904638,0.005174650676904638,0.0076912168206073675,0.007187014829034218
0.02,1450,0.1,1.85,0.2887166703600405,1.0,1.0,0.2887166703600405,1.0,1.0,0.02,0.6728000000000001,0.7200000000000001,0.42912703680148706,0.4009953755000562,0.04720000000000002,7.0154577883472085,-0.028131661301430855,0.1,0.02,0.1,0.02,0.1,0.02,0.1,0.02,0.02195035515755139,2.195035515755139,0.006337433454308579,0.006337433454308579,0.009419490865500266,0.008801990908761916
0.02,1450,0.1,1.9,0.3230830033892493,1.0,1.0,0.3230830033892493,1.0,1.0,0.02,0.6728000000000001,0.7200000000000001,0.48020660432409223,0.4487263935961795,0.04720000000000002,7.0154577883472085,-0.03148021072791274,0.1,0.02,0.1,0.02,0.1,0.02,0.1,0.02,0.02195035515755139,2.195035515755139,0.007091786669762401,0.007091786669762401,0.010540705513915578,0.009849703708003334
0.02,1450,0.1,1.95,0.34853863572214144,1.0,1.0,0.34853863572214144,1.0,1.0,0.02,0.6728000000000001,0.7200000000000001,0.5180419674823743,0.4840814385029742,0.04720000000000002,7.0154577883472085,-0.033960528979400106,0.1,0.02,0.1,0.02,0.1,0.02,0.1,0.02,0.02195035515755139,2.195035515755139,0.007650546840229432,0.007650546840229432,0.011371205172754804,0.010625759500318655
0.02,1450,0.1,2.0,0.3676586259883677,1.0,1.0,0.3676586259883677,1.0,1.0,0.02,0.6728000000000001,0.7200000000000001,0.5464605023608318,0.5106369805393995,0.04720000000000002,7.0154577883472085,-0.035823521821432225,0.1,0.02,0.1,0.02,0.1,0.02,0.1,0.02,0.02195035515755139,2.195035515755139,0.008070237417182024,0.008070237417182024,0.011995002106394207,0.011208663079419477
0.02,1450,0.1,2.05,0.4316503733635386,1.0,1.0,0.4316503733635386,1.0,1.0,0.02,0.6728000000000001,0.7200000000000001,0.6415730876390288,0.5995144074493591,0.04720000000000002,7.0154577883472085,-0.04205868018966963,0.1,0.02,0.1,0.02,0.1,0.02,0.1,0.02,0.02195035515755139,2.195035515755139,0.009474878999219333,0.009474878999219333,0.014082757133203524,0.013159554165582406
0.02,1450,0.1,2.1,0.43711646402278653,1.0,1.0,0.43711646402278653,1.0,1.0,0.02,0.6728000000000001,0.7200000000000001,0.649697479225307,0.6071062000316478,0.04720000000000002,7.0154577883472085,-0.042591279193659126,0.1,0.02,0.1,0.02,0.1,0.02,0.1,0.02,0.02195035515755139,2.195035515755139,0.009594861630513199,0.009594861630513199,0.014261090413961354,0.013326196709046107
0.02,1450,0.1,2.15,0.5651747156233058,0.7500000000000006,1.0,0.4238810367174797,0.7500000000000006,1.3333333333333324,0.02,0.6728000000000001,0.7200000000000001,0.6300253221127818,0.5887236621076106,0.04720000000000002,7.0154577883472085,-0.041301660005171215,0.1,0.02,0.1,0.02,0.1,0.02,0.1,0.02,0.02195035515755139,2.195035515755139,0.01240578573399967,0.00930433930049976,0.013829279578626277,0.012922693472916332
0.02,1450,0.1,2.2,0.8100827213519342,0.4999999999999989,1.0,0.4050413606759662,0.4999999999999989,2.0000000000000044,0.02,0.6728000000000001,0.7200000000000001,0.6020234254993552,0.5625574453832863,0.04720000000000002,7.0154577883472085,-0.03946598011606883,0.1,0.02,0.1,0.02,0.1,0.02,0.1,0.02,0.02195035515755139,2.195035515755139,0.017781603440670694,0.008890801720335326,0.013214628002876526,0.012348335722687953
0.02,1450,0.1,2.25,1.5517125907093168,0.25,1.0,0.3879281476773292,0.25,4.0,0.02,0.6728000000000001,0.7200000000000001,0.5765876154538186,0.5387890939962905,0.04720000000000002,7.0154577883472085,-0.037798521457528156,0.1,0.02,0.1,0.02,0.1,0.02,0.1,0.02,0.02195035515755139,2.195035515755139,0.03406064246851368,0.00851516061712842,0.012656302938656985,0.011826611968233916
0.02,1450,0.1,2.3,1.5102785563581202,0.25,1.0,0.37756963908953006,0.25,4.0,0.02,0.6728000000000001,0.7200000000000001,0.5611914968631541,0.5244022765132361,0.04720000000000002,7.0154577883472085,-0.03678922034991794,0.1,0.02,0.1,0.02,0.1,0.02,0.1,0.02,0.02195035515755139,2.195035515755139,0.03315115069889473,0.008287787674723683,0.012318352667544118,0.011510816214894002
0.02,1450,0.1,2.35,1.5256900811086187,0.25,1.0,0.3814225202771547,0.25,4.0,0.02,0.6728000000000001,0.7200000000000001,0.566918133586734,0.529753500384937,0.04720000000000002,7.0154577883472085,-0.03716463320179708,0.1,0.02,0.1,0.02,0.1,0.02,0.1,0.02,0.02195035515755139,2.195035515755139,0.03348943914068757,0.008372359785171892,0.012444054377484975,0.011628277479405404
0.02,1450,0.1,2.4,1.5174824624552723,0.25,1.0,0.3793706156138181,0.25,4.0,0.02,0.6728000000000001,0.7200000000000001,0.5638683347411089,0.5269036327969695,0.04720000000000002,7.0154577883472085,-0.036964701944139366,0.1,0.02,0.1,0.02,0.1,0.02,0.1,0.02,0.02195035515755139,2.195035515755139,0.03330927899624887,0.008327319749062218,0.012377110209664413,0.011565721873697523
0.02,1450,0.1,2.45,1.2380036532693053,0.25,1.0,0.3095009133173263,0.25,4.0,0.02,0.6728000000000001,0.7200000000000001,0.4600191933967394,0.4298623796073976,0.04720000000000002,7.0154577883472085,-0.03015681378934182,0.1,0.02,0.1,0.02,0.1,0.02,0.1,0.02,0.02195035515755139,2.195035515755139,0.027174619875607358,0.0067936549689018395,0.010097584674348748,0.009435631901252553
0.02,1450,0.1,2.5,1.0908922324275225,0.25,0.9889805000000003,0.2757618154320339,0.2527855705951735,3.955922000000001,0.02,0.6728000000000001,0.7200000000000001,0.4098719016528446,0.3830025214333803,0.04720000000000002,7.0154577883472085,-0.02686938021946428,0.1,0.02,0.1,0.02,0.1,0.02,0.1,0.02,0.02195035515755139,2.195035515755139,0.02394547194039822,0.0060530697876242795,0.008996833810380913,0.008407041371700386
0.02,1450,0.1,2.55,1.057481861582225,0.25,0.8155164500000005,0.32417551527692184,0.30655420868579636,3.262065800000002,0.02,0.6728000000000001,0.7200000000000001,0.4818304329324046,0.45024377121794695,0.04720000000000002,7.0154577883472085,-0.03158666171445762,0.1,0.02,0.1,0.02,0.1,0.02,0.1,0.02,0.02195035515755139,2.195035515755139,0.02321210243439844,0.00711576769371066,0.010576349128583025,0.00988301068570925
0.02,1450,0.1,2.6,0.9355988901411528,0.25,0.6420524000000007,0.3643000517329862,0.3893763188175914,2.568209600000003,0.02,0.6728000000000001,0.7200000000000001,0.5414685667850567,0.5059722940735919,0.04720000000000002,7.0154577883472085,-0.03549627271146483,0.1,0.02,0.1,0.02,0.1,0.02,0.1,0.02,0.02195035515755139,2.195035515755139,0.02053672792360921,0.007996515519453391,0.01188542734758233,0.011106271554796376
0.02,1450,0.1,2.65,0.8105614280389392,0.25,0.468588350000001,0.4324485596147116,0.5335173185590283,1.874353400000004,0.02,0.6728000000000001,0.7200000000000001,0.6427594524594406,0.6006229994648772,0.04720000000000002,7.0154577883472085,-0.04213645299456337,0.1,0.02,0.1,0.02,0.1,0.02,0.1,0.02,0.02195035515755139,2.195035515755139,0.01779211122246675,0.009492399470914455,0.014108798262357988,0.013183888154047852
0.02,1450,0.1,2.7,0.5963620446544962,0.25,0.29512429999999945,0.5051787032230972,0.8471006962151217,1.1804971999999978,0.02,0.6728000000000001,0.7200000000000001,0.7508601415325463,0.7016370878098571,0.04720000000000002,7.0154577883472085,-0.0492230537226892,0.1,0.02,0.1,0.02,0.1,0.02,0.1,0.02,0.02195035515755139,2.195035515755139,0.013090358682649713,0.011088851953778235,0.016481646780288694,0.015401183269136434
0.02,1450,0.1,2.75,0.6186703026058064,0.25,0.25,0.6186703026058064,1.0,1.0,0.02,0.6728000000000001,0.7200000000000001,0.9195456340752174,0.859264309174731,0.04720000000000002,7.0154577883472085,-0.06028132490048643,0.1,0.02,0.1,0.02,0.1,0.02,0.1,0.02,0.02195035515755139,2.195035515755139,0.013580032867627241,0.013580032867627241,0.020184353251526812,0.018861156760593387
0.02,1450,0.1,2.8,0.5752459814358312,0.25,0.25,0.5752459814358312,1.0,1.0,0.02,0.6728000000000001,0.7200000000000001,0.855002945059202,0.7989527519942099,0.04720000000000002,7.0154577883472085,-0.05605019306499215,0.1,0.02,0.1,0.02,0.1,0.02,0.1,0.02,0.02195035515755139,2.195035515755139,0.012626853595470708,0.012626853595470708,0.018767618304801885,0.01753729666037598
0.02,1450,0.1,2.85,0.4726819757138613,0.25,0.25,0.4726819757138613,1.0,1.0,0.02,0.6728000000000001,0.7200000000000001,0.7025594169349899,0.6565027440470295,0.04720000000000002,7.0154577883472085,-0.04605667288796045,0.1,0.02,0.1,0.02,0.1,0.02,0.1,0.02,0.02195035515755139,2.195035515755139,0.010375537243492336,0.010375537243492336,0.015421428721005253,0.014410468393739353
0.02,1450,0.1,2.9,0.5025255903447328,0.25,0.25,0.5025255903447328,1.0,1.0,0.02,0.6728000000000001,0.7200000000000001,0.7469167514041806,0.6979522088121287,0.04720000000000002,7.0154577883472085,-0.04896454259205185,0.1,0.02,0.1,0.02,0.1,0.02,0.1,0.02,0.02195035515755139,2.195035515755139,0.011030615183825062,0.011030615183825062,0.016395087966446283,0.015320298866423694
0.02,1450,0.1,2.95,0.48210719949731035,0.25,0.25,0.48210719949731035,1.0,1.0,0.02,0.6728000000000001,0.7200000000000001,0.7165683702397596,0.6695933326351532,0.04720000000000002,7.0154577883472085,-0.04697503760460642,0.1,0.02,0.1,0.02,0.1,0.02,0.1,0.02,0.02195035515755139,2.195035515755139,0.010582424252978444,0.010582424252978444,0.0157289302214305,0.014697811462470059
0.02,1450,0.1,3.0,0.32556028774558765,0.25,0.25,0.32556028774558765,1.0,1.0,0.02,0.6728000000000001,0.7200000000000001,0.48388865598333475,0.4521670663133161,0.04720000000000002,7.0154577883472085,-0.031721589670018646,0.1,0.02,0.1,0.02,0.1,0.02,0.1,0.02,0.02195035515755139,2.195035515755139,0.007146163941210274,0.007146163941210274,0.010621527855544401,0.00992522769612538
0.02,1450,0.1,3.1,0.5165026186648314,0.1666666666666667,0.25,0.3443350791098877,0.6666666666666669,1.4999999999999996,0.02,0.6728000000000001,0.7200000000000001,0.5117941128268247,0.4782431654303995,0.04720000000000002,7.0154577883472085,-0.033550947396425224,0.1,0.02,0.1,0.02,0.1,0.02,0.1,0.02,0.02195035515755139,2.195035515755139,0.01133741591949838,0.00755827727966559,0.01123406254409273,0.010497607332868872
0.02,1450,0.1,3.2,0.47467210056265036,0.1944444444444445,0.25,0.36918941154872814,0.777777777777778,1.2857142857142854,0.02,0.6728000000000001,0.7200000000000001,0.5487357484374674,0.5127630715954556,0.04720000000000002,7.0154577883472085,-0.035972676842011775,0.1,0.02,0.1,0.02,0.1,0.02,0.1,0.02,0.02195035515755139,2.195035515755139,0.010419221190731125,0.008103838703901987,0.012044944565847185,0.011255331533197202
0.02,1450,0.1,3.3,0.3709014128280978,0.22222222222222218,0.25,0.3296901447360869,0.8888888888888887,1.1250000000000002,0.02,0.6728000000000001,0.7200000000000001,0.49002696898942755,0.4579029788001206,0.04720000000000002,7.0154577883472085,-0.03212399018930695,0.1,0.02,0.1,0.02,0.1,0.02,0.1,0.02,0.02195035515755139,2.195035515755139,0.008141417740014334,0.007236815768901629,0.010756266006096356,0.010051133012363371
0.02,1450,0.1,3.4,0.29469470514354323,0.25,0.25,0.29469470514354323,1.0,1.0,0.02,0.6728000000000001,0.7200000000000001,0.4380123441491427,0.4092982015882544,0.04720000000000002,7.0154577883472085,-0.02871414256088828,0.1,0.02,0.1,0.02,0.1,0.02,0.1,0.02,0.02195035515755139,2.195035515755139,0.00646865344095066,0.00646865344095066,0.009614526517465308,0.00898424089020925
0.02,1450,0.1,3.45,0.29480580562596026,0.25,0.25,0.29480580562596026,1.0,1.0,0.02,0.6728000000000001,0.7200000000000001,0.4381774756628422,0.40945250781383363,0.04720000000000002,7.0154577883472085,-0.028724967849008576,0.1,0.02,0.1,0.02,0.1,0.02,0.1,0.02,0.02195035515755139,2.195035515755139,0.0064710921359978895,0.0064710921359978895,0.009618151212838717,0.008987627966663733
0.02,1450,0.1,3.5,0.28944835576426686,0.25,0.25,0.28944835576426686,1.0,1.0,0.02,0.6728000000000001,0.7200000000000001,0.43021455969718614,0.4020116052281484,0.04720000000000002,7.0154577883472085,-0.028202954469037755,0.1,0.02,0.1,0.02,0.1,0.02,0.1,0.02,0.02195035515755139,2.195035515755139,0.006353494208794944,0.006353494208794944,0.00944336237930283,0.0088242975122152
0.02,1450,0.1,3.55,0.3099414719488375,0.25,0.25,0.3099414719488375,1.0,1.0,0.02,0.6728000000000001,0.7200000000000001,0.4606740070583196,0.43047426659560756,0.04720000000000002,7.0154577883472085,-0.030199740462712066,0.1,0.02,0.1,0.02,0.1,0.02,0.1,0.02,0.02195035515755139,2.195035515755139,0.006803325387331234,0.006803325387331234,0.010111958066782452,0.009449063037960047
0.02,1450,0.1,3.6,0.29579754234559025,0.25,0.25,0.29579754234559025,1.0,1.0,0.02,0.6728000000000001,0.7200000000000001,0.4396515195386299,0.41082991992443085,0.04720000000000002,7.0154577883472085,-0.028821599614199056,0.1,0.02,0.1,0.02,0.1,0.02,0.1,0.02,0.02195035515755139,2.195035515755139,0.006492861109216552,0.006492861109216552,0.009650506999430071,0.009017862651689655
0.02,1450,0.1,3.65,0.27897482794339495,0.25,0.25,0.27897482794339495,1.0,1.0,0.02,0.6728000000000001,0.7200000000000001,0.4146474850526084,0.3874650388102707,0.04720000000000002,7.0154577883472085,-0.027182446242337677,0.1,0.02,0.1,0.02,0.1,0.02,0.1,0.02,0.02195035515755139,2.195035515755139,0.006123596553374311,0.006123596553374311,0.009101659562090235,0.008504995213019876
0.02,1450,0.1,3.7,0.31273905778314054,0.25,0.25,0.31273905778314054,1.0,1.0,0.02,0.6728000000000001,0.7200000000000001,0.4648321310688771,0.434359802476584,0.04720000000000002,7.0154577883472085,-0.030472328592293096,0.1,0.02,0.1,0.02,0.1,0.02,0.1,0.02,0.02195035515755139,2.195035515755139,0.006864733389977921,0.006864733389977921,0.01020323036560333,0.009534351930524888
0.02,1450,0.1,3.75,0.31051462201193913,0.25,0.25,0.31051462201193913,1.0,1.0,0.02,0.6728000000000001,0.7200000000000001,0.4615258947858786,0.4312703083499154,0.04720000000000002,7.0154577883472085,-0.030255586435963155,0.1,0.02,0.1,0.02,0.1,0.02,0.1,0.02,0.02195035515755139,2.195035515755139,0.006815906234774889,0.006815906234774889,0.01013065730495673,0.009466536437187345
0.02,1450,0.1,3.8,0.32347069134989903,0.25,0.25,0.32347069134989903,1.0,1.0,0.02,0.6728000000000001,0.7200000000000001,0.4807828349433695,0.4492648490970819,0.04720000000000002,7.0154577883472085,-0.031517985846287566,0.1,0.02,0.1,0.02,0.1,0.02,0.1,0.02,0.02195035515755139,2.195035515755139,0.00710029655818897,0.00710029655818897,0.01055335398066137,0.00986152299748468
0.02,1450,0.1,3.85,0.3455842905858215,0.25,0.25,0.3455842905858215,1.0,1.0,0.02,0.6728000000000001,0.7200000000000001,0.5136508480764291,0.4799781813691965,0.04720000000000002,7.0154577883472085,-0.033672666707232624,0.1,0.02,0.1,0.02,0.1,0.02,0.1,0.02,0.02195035515755139,2.195035515755139,0.0075856979152292255,0.0075856979152292255,0.011274818542255092,0.01053569154892948
0.02,1450,0.1,3.9,0.32968994651446054,0.25,0.25,0.32968994651446054,1.0,1.0,0.02,0.6728000000000001,0.7200000000000001,0.4900266743675097,0.4579027034923063,0.04720000000000002,7.0154577883472085,-0.03212397087520341,0.1,0.02,0.1,0.02,0.1,0.02,0.1,0.02,0.02195035515755139,2.195035515755139,0.0072368114178665306,0.0072368114178665306,0.010756259539040622,0.01005112696925907
0.02,1450,0.1,4.0,0.3283077634728332,0.25,0.25,0.3283077634728332,1.0,1.0,0.02,0.6728000000000001,0.7200000000000001,0.48797230004880077,0.4559830048233794,0.04720000000000002,7.0154577883472085,-0.03198929522542138,0.1,0.02,0.1,0.02,0.1,0.02,0.1,0.02,0.02195035515755139,2.195035515755139,0.007206472009210066,0.007206472009210066,0.010711165293118408,0.010008988901680647
0.02,1450,0.1,4.1,0.3280274396159858,0.25,0.25,0.3280274396159858,1.0,1.0,0.02,0.6728000000000001,0.7200000000000001,0.4875556474672797,0.45559366613331354,0.04720000000000002,7.0154577883472085,-0.03196198133396616,0.1,0.02,0.1,0.02,0.1,0.02,0.1,0.02,0.02195035515755139,2.195035515755139,0.007200318800993131,0.007200318800993131,0.01070201962097671,0.010000442779157124
0.02,1450,0.1,4.2,0.3471341549806705,0.25,0.24556180000000039,0.35340813899054124,1.0180736580363867,0.9822472000000015,0.02,0.6728000000000001,0.7200000000000001,0.5252796358361195,0.4908446374868628,0.04720000000000002,7.0154577883472085,-0.034434998349256674,0.1,0.02,0.1,0.02,0.1,0.02,0.1,0.02,0.02195035515755139,2.195035515755139,0.007619717989142205,0.007757434166411665,0.011530074563632082,0.0107742141200162
0.005,1000,0.15,1.5,0.0566215059197712,0.5555555555555556,0.5424700000000002,0.05798733971952486,1.0241221736788306,0.9764460000000004,0.005,0.29605,0.34500000000000003,0.19587008856451568,0.16807924556384016,0.04895000000000005,16.534369194392855,-0.027790843000675525,0.15,0.005,0.15,0.005,0.15,0.005,0.15,0.005,0.0763726160326511,7.6372616032651095,0.004324332530801167,0.0044286448311541705,0.01495911106621912,0.01283665168450484
0.005,1000,0.15,1.6,0.047874450063744516,0.777777777777778,0.7594578000000007,0.04902929877461576,1.0241224433770741,0.9764457428571435,0.005,0.29605,0.34500000000000003,0.1656115479635729,0.14211390949163988,0.04895000000000005,16.534369194392855,-0.023497638471933036,0.15,0.005,0.15,0.005,0.15,0.005,0.15,0.005,0.0763726160326511,7.6372616032651095,0.0036562969924926886,0.0037444958096638603,0.012648187163194935,0.010853611042503942
0.005,1000,0.15,1.7,0.047039160209962204,1.0,0.9764456000000004,0.04817386673662331,1.0241225932094933,0.9764456000000004,0.005,0.29605,0.34500000000000003,0.16272206295093164,0.13963439633803856,0.04895000000000005,16.534369194392855,-0.023087666612893076,0.15,0.005,0.15,0.005,0.15,0.005,0.15,0.005,0.0763726160326511,7.6372616032651095,0.003592503721213803,0.0036791642270842346,0.012427509633792383,0.010664244136476042
0.005,1000,0.15,1.75,0.060750801486910214,1.0,1.0,0.060750801486910214,1.0,1.0,0.005,0.29605,0.34500000000000003,0.2052045312849526,0.1760892796722035,0.04895000000000005,16.534369194392855,-0.02911525161274911,0.15,0.005,0.15,0.005,0.15,0.005,0.15,0.005,0.0763726160326511,7.6372616032651095,0.004639697635635603,0.004639697635635603,0.015672006875985824,0.013448398943871311
0.005,1000,0.15,1.8,0.06774328157349906,1.0,1.0,0.06774328157349906,1.0,1.0,0.005,0.29605,0.34500000000000003,0.22882378508190868,0.19635733789420015,0.04895000000000005,16.534369194392855,-0.032466447187708525,0.15,0.005,0.15,0.005,0.15,0.005,0.15,0.005,0.0763726160326511,7.6372616032651095,0.005173731632404611,0.005173731632404611,0.017475871077198488,0.014996323572187279
0.005,1000,0.15,1.85,0.0672507577130473,1.0,1.0,0.0672507577130473,1.0,1.0,0.005,0.29605,0.34500000000000003,0.22716013414304104,0.19492973250158635,0.04895000000000005,16.534369194392855,-0.03223040164145469,0.15,0.005,0.15,0.005,0.15,0.005,0.15,0.005,0.0763726160326511,7.6372616032651095,0.00513611629672341,0.00513611629672341,0.017348813702831988,0.014887293613691044
0.005,1000,0.15,1.9,0.09018652016281747,1.0,1.0,0.09018652016281747,1.0,1.0,0.005,0.29605,0.34500000000000003,0.3046327315075747,0.26141020337048543,0.04895000000000005,16.534369194392855,-0.04322252813708927,0.15,0.005,0.15,0.005,0.15,0.005,0.15,0.005,0.0763726160326511,7.6372616032651095,0.006887780475715805,0.006887780475715805,0.023265598634405697,0.01996458108903132
0.005,1000,0.15,1.95,0.09655208052774394,1.0,1.0,0.09655208052774394,1.0,1.0,0.005,0.29605,0.34500000000000003,0.3261343709770105,0.27986110297896793,0.04895000000000005,16.534369194392855,-0.046273267998042544,0.15,0.005,0.15,0.005,0.15,0.005,0.15,0.005,0.0763726160326511,7.6372616032651095,0.0073739349732989965,0.0073739349732989965,0.02490773508967741,0.021373724560286946
0.005,1000,0.15,2.0,0.11064689850513013,1.0,1.0,0.11064689850513013,1.0,1.0,0.005,0.29605,0.34500000000000003,0.3737439571191695,0.32071564784095685,0.04895000000000005,16.534369194392855,-0.05302830927821267,0.15,0.005,0.15,0.005,0.15,0.005,0.15,0.005,0.0763726160326511,7.6372616032651095,0.00845039309473602,0.00845039309473602,0.02854380373158595,0.024493893028220342
0.005,1000,0.15,2.05,0.1198022779199124,1.0,1.0,0.1198022779199124,1.0,1.0,0.005,0.29605,0.34500000000000003,0.4046690691434298,0.34725297947800693,0.04895000000000005,16.534369194392855,-0.05741608966542289,0.15,0.005,0.15,0.005,0.15,0.005,0.15,0.005,0.0763726160326511,7.6372616032651095,0.009149613371414424,0.009149613371414424,0.030905635437981503,0.026520618467867893
0.005,1000,0.15,2.1,0.12283294187412083,1.0,1.0,0.12283294187412083,1.0,1.0,0.005,0.29605,0.34500000000000003,0.4149060694954259,0.35603751267861106,0.04895000000000005,16.534369194392855,-0.058868556816814854,0.15,0.005,0.15,0.005,0.15,0.005,0.15,0.005,0.0763726160326511,7.6372616032651095,0.009381073105913181,0.009381073105913181,0.03168746193519061,0.027191516249023707
0.005,1000,0.15,2.15,0.152192885846948,0.7500000000000006,1.0,0.11414466438521109,0.7500000000000006,1.3333333333333324,0.005,0.29605,0.34500000000000003,0.38555873800105084,0.3308540996672785,0.04895000000000005,16.534369194392855,-0.054704638333772315,0.15,0.005,0.15,0.005,0.15,0.005,0.15,0.005,0.0763726160326511,7.6372616032651095,0.01162336883369006,0.008717526625267551,0.029446129455387778,0.02526819311671754
0.005,1000,0.15,2.2,0.2685762125382621,0.4999999999999989,1.0,0.13428810626913074,0.4999999999999989,2.0000000000000044,0.005,0.29605,0.34500000000000003,0.4535994131705143,0.3892408877366108,0.04895000000000005,16.534369194392855,-0.06435852543390347,0.15,0.005,0.15,0.005,0.15,0.005,0.15,0.005,0.0763726160326511,7.6372616032651095,0.020511867955688382,0.010255933977844169,0.03464257381470755,0.029727344863316428
0.005,1000,0.15,2.25,0.4996739639526415,0.25,1.0,0.12491849098816038,0.25,4.0,0.005,0.29605,0.34500000000000003,0.4219506535658179,0.36208258257437786,0.04895000000000005,16.534369194392855,-0.05986807099144004,0.15,0.005,0.15,0.005,0.15,0.005,0.15,0.005,0.0763726160326511,7.6372616032651095,0.03816140779046783,0.009540351947616958,0.03222547524950839,0.027653194051063645
0.005,1000,0.15,2.3,0.5044483186614944,0.25,1.0,0.1261120796653736,0.25,4.0,0.005,0.29605,0.34500000000000003,0.4259823667129661,0.3655422598996336,0.04895000000000005,16.534369194392855,-0.06044010681333245,0.15,0.005,0.15,0.005,0.15,0.005,0.15,0.005,0.0763726160326511,7.6372616032651095,0.03852603774945074,0.009631509437362684,0.03253338772964933,0.027917418659022274
0.005,1000,0.15,2.35,0.4703299408675605,0.25,1.0,0.11758248521689013,0.25,4.0,0.005,0.29605,0.34500000000000003,0.39717103603070475,0.3408187977301163,0.04895000000000005,16.534369194392855,-0.05635223830058844,0.15,0.005,0.15,0.005,0.15,0.005,0.15,0.005,0.0763726160326511,7.6372616032651095,0.03592032798253769,0.008980081995634423,0.030332991034063245,0.026029223175751952
0.005,1000,0.15,2.4,0.40763591060454685,0.25,1.0,0.10190897765113671,0.25,4.0,0.005,0.29605,0.34500000000000003,0.3442289398788607,0.29538834101778755,0.04895000000000005,16.534369194392855,-0.04884059886107317,0.15,0.005,0.15,0.005,0.15,0.005,0.15,0.005,0.0763726160326511,7.6372616032651095,0.031132220881721143,0.007783055220430286,0.026289664652694767,0.02255958034907329
0.005,1000,0.15,2.45,0.40067823954452664,0.25,1.0,0.10016955988613166,0.25,4.0,0.005,0.29605,0.34500000000000003,0.338353520980009,0.2903465503945845,0.04895000000000005,16.534369194392855,-0.04800697058542447,0.15,0.005,0.15,0.005,0.15,0.005,0.15,0.005,0.0763726160326511,7.6372616032651095,0.03060084534137273,0.0076502113353431826,0.025840943541101783,0.022174525609690385
0.005,1000,0.15,2.5,0.35074355330853224,0.25,0.9889805000000003,0.08866290925567596,0.2527855705951735,3.955922000000001,0.005,0.29605,0.34500000000000003,0.2994862666970984,0.2569939398715245,0.04895000000000005,16.534369194392855,-0.042492326825573856,0.15,0.005,0.15,0.005,0.15,0.005,0.15,0.005,0.0763726160326511,7.6372616032651095,0.026787202722760223,0.006771418324921528,0.022872549653509638,0.019627299492526167
0.005,1000,0.15,2.55,0.3112021495086674,0.25,0.8155164500000005,0.09540032868394845,0.3065542086857964,3.262065800000002,0.005,0.29605,0.34500000000000003,0.32224397461222243,0.2765226918375317,0.04895000000000005,16.534369194392855,-0.04572128277469073,0.15,0.005,0.15,0.005,0.15,0.005,0.15,0.005,0.0763726160326511,7.6372616032651095,0.023767322272961137,0.007285972671967905,0.02461061534189463,0.02111876136802291
0.005,1000,0.15,2.6,0.3094883793742952,0.25,0.6420524000000007,0.12050744587758523,0.3893763188175914,2.568209600000003,0.005,0.29605,0.34500000000000003,0.40705099097309655,0.34929694457271077,0.04895000000000005,16.534369194392855,-0.05775404640038578,0.15,0.005,0.15,0.005,0.15,0.005,0.15,0.005,0.0763726160326511,7.6372616032651095,0.0236364371645205,0.0092034688930843,0.031087549039298428,0.02667672142922985
0.005,1000,0.15,2.65,0.25929097894742964,0.25,0.468588350000001,0.13833622781457813,0.5335173185590284,1.874353400000004,0.005,0.29605,0.34500000000000003,0.4672731897131503,0.4009745733755888,0.04895000000000005,16.534369194392855,-0.06629861633756151,0.15,0.005,0.15,0.005,0.15,0.005,0.15,0.005,0.0763726160326511,7.6372616032651095,0.019802730375882264,0.010565099610288124,0.03568687590031456,0.030623477131269925
0.005,1000,0.15,2.7,0.22794977383387627,0.25,0.29512429999999945,0.19309641211675613,0.8471006962151217,1.1804971999999978,0.005,0.29605,0.34500000000000003,0.6522425675283099,0.5596997452659598,0.04895000000000005,16.534369194392855,-0.09254282226235011,0.15,0.005,0.15,0.005,0.15,0.005,0.15,0.005,0.0763726160326511,7.6372616032651095,0.01740912055174429,0.014747278139875572,0.04981347116999012,0.042745733738769776
0.005,1000,0.15,2.75,0.19686629545509024,0.25,0.25,0.19686629545509024,1.0,1.0,0.005,0.29605,0.34500000000000003,0.6649765088839393,0.5706269433480876,0.04895000000000005,16.534369194392855,-0.09434956553585172,0.15,0.005,0.15,0.005,0.15,0.005,0.15,0.005,0.0763726160326511,7.6372616032651095,0.015035193992562052,0.015035193992562052,0.0507859955837259,0.04358027244220884
0.005,1000,0.15,2.8,0.22607217515044634,0.25,0.25,0.22607217515044634,1.0,1.0,0.005,0.29605,0.34500000000000003,0.7636283572046828,0.6552816671027429,0.04895000000000005,16.534369194392855,-0.10834669010193987,0.15,0.005,0.15,0.005,0.15,0.005,0.15,0.005,0.0763726160326511,7.6372616032651095,0.017265723428431284,0.017265723428431284,0.05832029531643738,0.05004557515487328
0.005,1000,0.15,2.85,0.17450210011029468,0.25,0.25,0.17450210011029468,1.0,1.0,0.005,0.29605,0.34500000000000003,0.5894345553463762,0.5058031887254918,0.04895000000000005,16.534369194392855,-0.08363136662088444,0.15,0.005,0.15,0.005,0.15,0.005,0.15,0.005,0.0763726160326511,7.6372616032651095,0.013327181888614778,0.013327181888614778,0.04501665897184522,0.03862951272062254
0.005,1000,0.15,2.9,0.1483377575349356,0.25,0.25,0.1483377575349356,1.0,1.0,0.005,0.29605,0.34500000000000003,0.50105643484187,0.42996451459401624,0.04895000000000005,16.534369194392855,-0.07109192024785377,0.15,0.005,0.15,0.005,0.15,0.005,0.15,0.005,0.0763726160326511,7.6372616032651095,0.011328942599360134,0.011328942599360134,0.0382669907088672,0.03283751478075401
0.005,1000,0.15,2.95,0.1446370085349082,0.25,0.25,0.1446370085349082,1.0,1.0,0.005,0.29605,0.34500000000000003,0.4885560159936099,0.41923770589828463,0.04895000000000005,16.534369194392855,-0.0693183100953253,0.15,0.005,0.15,0.005,0.15,0.005,0.15,0.005,0.0763726160326511,7.6372616032651095,0.011046306716947825,0.011046306716947825,0.037312301019921716,0.032018280338979195
0.005,1000,0.15,3.0,0.14271395147018825,0.25,0.25,0.14271395147018825,1.0,1.0,0.005,0.29605,0.34500000000000003,0.4820602988352922,0.413663627449821,0.04895000000000005,16.534369194392855,-0.06839667138547123,0.15,0.005,0.15,0.005,0.15,0.005,0.15,0.005,0.0763726160326511,7.6372616032651095,0.01089943781813509,0.01089943781813509,0.03681620610753281,0.031592573385898805
0.005,1000,0.15,3.1,0.1668847927339656,0.1666666666666667,0.25,0.11125652848931042,0.6666666666666669,1.4999999999999996,0.005,0.29605,0.34500000000000003,0.37580317003651553,0.3224826912733635,0.04895000000000005,16.534369194392855,-0.053320478763152046,0.15,0.005,0.15,0.005,0.15,0.005,0.15,0.005,0.0763726160326511,7.6372616032651095,0.012745428197159715,0.008496952131439812,0.028701071209051892,0.024628846757796554
0.005,1000,0.15,3.2,0.13535636160097536,0.1944444444444445,0.25,0.10527717013409198,0.777777777777778,1.2857142857142854,0.005,0.29605,0.34500000000000003,0.35560604672890384,0.3051512177799767,0.04895000000000005,16.534369194392855,-0.05045482894892711,0.15,0.005,0.15,0.005,0.15,0.005,0.15,0.005,0.0763726160326511,7.6372616032651095,0.01033751943212797,0.00804029289165509,0.027158564065715554,0.023305196787406057
0.005,1000,0.15,3.3,0.1297031745562637,0.22222222222222218,0.25,0.11529171071667883,0.8888888888888887,1.1250000000000002,0.005,0.29605,0.34500000000000003,0.3894332400495823,0.33417887164254734,0.04895000000000005,16.534369194392855,-0.05525436840703496,0.15,0.005,0.15,0.005,0.15,0.005,0.15,0.005,0.0763726160326511,7.6372616032651095,0.00990577074860145,0.008805129554312398,0.02974203531265799,0.025522114650180863
0.005,1000,0.15,3.4,0.09792592094687376,0.25,0.25,0.09792592094687376,1.0,1.0,0.005,0.29605,0.34500000000000003,0.33077493986446127,0.2838432491213732,0.04895000000000005,16.534369194392855,-0.04693169074308806,0.15,0.005,0.15,0.005,0.15,0.005,0.15,0.005,0.0763726160326511,7.6372616032651095,0.007478858760119334,0.007478858760119334,0.025262147475491756,0.021677851478606767
0.005,1000,0.15,3.45,0.10773194994192244,0.25,0.25,0.10773194994192244,1.0,1.0,0.005,0.29605,0.34500000000000003,0.3638978211177924,0.31226652157078966,0.04895000000000005,16.534369194392855,-0.05163129954700274,0.15,0.005,0.15,0.005,0.15,0.005,0.15,0.005,0.0763726160326511,7.6372616032651095,0.00822777084736323,0.00822777084736323,0.02779182856734751,0.023848611151777478
0.005,1000,0.15,3.5,0.0967762473982255,0.25,0.25,0.0967762473982255,1.0,1.0,0.005,0.29605,0.34500000000000003,0.326891563581238,0.280510862023842,0.04895000000000005,16.534369194392855,-0.04638070155739599,0.15,0.005,0.15,0.005,0.15,0.005,0.15,0.005,0.0763726160326511,7.6372616032651095,0.007391055183625526,0.007391055183625526,0.02496556386970284,0.021423348358334857
0.005,1000,0.15,3.55,0.09235947225119102,0.25,0.25,0.09235947225119102,1.0,1.0,0.005,0.29605,0.34500000000000003,0.31197254602665436,0.26770861522084355,0.04895000000000005,16.534369194392855,-0.044263930805810814,0.15,0.005,0.15,0.005,0.15,0.005,0.15,0.005,0.0763726160326511,7.6372616032651095,0.007053734511218506,0.007053734511218506,0.023826159470422246,0.020445607278894218
0.005,1000,0.15,3.6,0.09964724533003556,0.25,0.25,0.09964724533003556,1.0,1.0,0.005,0.29605,0.34500000000000003,0.336589242796945,0.28883259515952336,0.04895000000000005,16.534369194392855,-0.047756647637421656,0.15,0.005,0.15,0.005,0.15,0.005,0.15,0.005,0.0763726160326511,7.6372616032651095,0.007610320806302191,0.007610320806302191,0.025706201000851855,0.022058900887832435
0.005,1000,0.15,3.65,0.1088345289447194,0.25,0.25,0.1088345289447194,1.0,1.0,0.005,0.29605,0.34500000000000003,0.3676221210765729,0.31546240273831705,0.04895000000000005,16.534369194392855,-0.052159718338255834,0.15,0.005,0.15,0.005,0.15,0.005,0.15,0.005,0.0763726160326511,7.6372616032651095,0.008311977690189506,0.008311977690189506,0.028076263098089874,0.024092688957071028
0.005,1000,0.15,3.7,0.1032811774614784,0.25,0.25,0.1032811774614784,1.0,1.0,0.005,0.29605,0.34500000000000003,0.3488639671051458,0.2993657317724011,0.04895000000000005,16.534369194392855,-0.04949823533274467,0.15,0.005,0.15,0.005,0.15,0.005,0.15,0.005,0.0763726160326511,7.6372616032651095,0.007887853709665589,0.007887853709665589,0.02664365380734872,0.022863344085987208
0.005,1000,0.15,3.75,0.09761510282053087,0.25,0.25,0.09761510282053087,1.0,1.0,0.005,0.29605,0.34500000000000003,0.3297250559720685,0.2829423270160315,0.04895000000000005,16.534369194392855,-0.04678272895603702,0.15,0.005,0.15,0.005,0.15,0.005,0.15,0.005,0.0763726160326511,7.6372616032651095,0.007455120766700162,0.007455120766700162,0.02518196509609918,0.021609045700580178
0.005,1000,0.15,3.8,0.10363379711744931,0.25,0.25,0.10363379711744931,1.0,1.0,0.005,0.29605,0.34500000000000003,0.3500550485304824,0.3003878177317371,0.04895000000000005,16.534369194392855,-0.0496672307987453,0.15,0.005,0.15,0.005,0.15,0.005,0.15,0.005,0.0763726160326511,7.6372616032651095,0.007914784195256621,0.007914784195256621,0.02673461981170958,0.022941403464511942
0.005,1000,0.15,3.85,0.10587799678520204,0.25,0.25,0.10587799678520204,1.0,1.0,0.005,0.29605,0.34500000000000003,0.35763552367911516,0.30689274430493346,0.04895000000000005,16.534369194392855,-0.0507427793741817,0.15,0.005,0.15,0.005,0.15,0.005,0.15,0.005,0.0763726160326511,7.6372616032651095,0.008086179594782503,0.008086179594782503,0.02731356052958116,0.023438201724007256
0.005,1000,0.15,3.9,0.101514204254327,0.25,0.25,0.101514204254327,1.0,1.0,0.005,0.29605,0.34500000000000003,0.34289547121880426,0.2942440703023971,0.04895000000000005,16.534369194392855,-0.048651400916407184,0.15,0.005,0.15,0.005,0.15,0.005,0.15,0.005,0.0763726160326511,7.6372616032651095,0.007752905343375832,0.007752905343375832,0.0261878241627287,0.022472189401089367
0.005,1000,0.15,4.0,0.10990287264214575,0.25,0.25,0.10990287264214575,1.0,1.0,0.005,0.29605,0.34500000000000003,0.3712307807537435,0.31855905113665434,0.04895000000000005,16.534369194392855,-0.05267172961708916,0.15,0.005,0.15,0.005,0.15,0.005,0.15,0.005,0.0763726160326511,7.6372616032651095,0.008393569893183952,0.008393569893183952,0.028351865878006935,0.024329188096185367
0.005,1000,0.15,4.1,0.11306246062951476,0.25,0.25,0.11306246062951476,1.0,1.0,0.005,0.29605,0.34500000000000003,0.38190326171090955,0.3277172771869993,0.04895000000000005,16.534369194392855,-0.05418598452391027,0.15,0.005,0.15,0.005,0.15,0.005,0.15,0.005,0.0763726160326511,7.6372616032651095,0.008634875893364662,0.008634875893364662,0.029166951168264357,0.025028625777868584
0.005,1000,0.15,4.2,0.10946657622401741,0.25,0.24556180000000039,0.11144503768910437,1.0180736580363867,0.9822472000000015,0.005,0.29605,0.34500000000000003,0.37643991788246706,0.32302909475102715,0.04895000000000005,16.534369194392855,-0.05341082313143991,0.15,0.005,0.15,0.005,0.15,0.005,0.15,0.005,0.0763726160326511,7.6372616032651095,0.008360248794365815,0.008511349072174297,0.028749701307800364,0.024670577020795066
0.01,967,0.15,1.5,0.09838269520523056,0.5555555555555556,0.5424700000000002,0.10075589966596261,1.0241221736788308,0.9764460000000004,0.01,0.44209999999999994,0.49,0.22790296237494373,0.20562428503257676,0.047900000000000054,10.83465279348565,-0.022278677342366965,0.15,0.01,0.15,0.01,0.15,0.01,0.15,0.01,0.02734038076954735,2.734038076954735,0.0026898203480453238,0.0027547046616457267,0.006230953769838785,0.005621846248256585
0.01,967,0.15,1.6,0.08643396778858518,0.777777777777778,0.7594578000000007,0.08851896628242117,1.0241224433770741,0.9764457428571435,0.01,0.44209999999999994,0.49,0.20022385497041661,0.1806509515967779,0.047900000000000054,10.83465279348565,-0.019572903373638706,0.15,0.01,0.15,0.01,0.15,0.01,0.15,0.01,0.02734038076954735,2.734038076954735,0.0023631375907627095,0.0024201422434881182,0.005474196434037816,0.004939065803036976
0.01,967,0.15,1.7,0.08111343660453407,1.0,0.9764456000000004,0.08307010303956927,1.0241225932094933,0.9764456000000004,0.01,0.44209999999999994,0.49,0.18789889852877015,0.1695308225297332,0.047900000000000054,10.83465279348565,-0.018368075999036948,0.15,0.01,0.15,0.01,0.15,0.01,0.15,0.01,0.02734038076954735,2.734038076954735,0.0022176722422945017,0.0022711682476673567,0.005137227431955116,0.004635037240137462
0.01,967,0.15,1.75,0.10149197011510702,1.0,1.0,0.10149197011510702,1.0,1.0,0.01,0.44209999999999994,0.49,0.22956790344968794,0.2071264696226674,0.047900000000000054,10.83465279348565,-0.022441433827020546,0.15,0.01,0.15,0.01,0.15,0.01,0.15,0.01,0.02734038076954735,2.734038076954735,0.0027748291079985462,0.0027748291079985462,0.006276473892781151,0.005662916546935809
0.01,967,0.15,1.8,0.11691038197173309,1.0,1.0,0.11691038197173309,1.0,1.0,0.01,0.44209999999999994,0.49,0.26444329783246573,0.23859261626884304,0.047900000000000054,10.83465279348565,-0.02585068156362269,0.15,0.01,0.15,0.01,0.15,0.01,0.15,0.01,0.02734038076954735,2.734038076954735,0.003196374359020407,0.003196374359020407,0.007229980454694428,0.006523212977592666
0.01,967,0.15,1.85,0.12663345500882234,1.0,1.0,0.12663345500882234,1.0,1.0,0.01,0.44209999999999994,0.49,0.28643622485596554,0.25843562246698437,0.047900000000000054,10.83465279348565,-0.028000602388981166,0.15,0.01,0.15,0.01,0.15,0.01,0.15,0.01,0.02734038076954735,2.734038076954735,0.003462206878104546,0.003462206878104546,0.007831275453753781,0.007065728322662339
0.01,967,0.15,1.9,0.1485375743170255,1.0,1.0,0.1485375743170255,1.0,1.0,0.01,0.44209999999999994,0.49,0.33598184645334883,0.3031379067694398,0.047900000000000054,10.83465279348565,-0.03284393968390903,0.15,0.01,0.15,0.01,0.15,0.01,0.15,0.01,0.02734038076954735,2.734038076954735,0.004061073840412414,0.004061073840412414,0.009185871613690149,0.00828790579676003
0.01,967,0.15,1.95,0.15729422768860504,1.0,1.0,0.15729422768860504,1.0,1.0,0.01,0.44209999999999994,0.49,0.3557887982099187,0.32100862793592866,0.047900000000000054,10.83465279348565,-0.03478017027399005,0.15,0.01,0.15,0.01,0.15,0.01,0.15,0.01,0.02734038076954735,2.734038076954735,0.00430048407785834,0.00430048407785834,0.009727401216598824,0.008776498118078244
0.01,967,0.15,2.0,0.17171696619733323,1.0,1.0,0.17171696619733323,1.0,1.0,0.01,0.44209999999999994,0.49,0.3884120474945335,0.3504427881578229,0.047900000000000054,10.83465279348565,-0.03796925933671058,0.15,0.01,0.15,0.01,0.15,0.01,0.15,0.01,0.02734038076954735,2.734038076954735,0.004694807240426582,0.004694807240426582,0.010619333273980056,0.009581239266176697
0.01,967,0.15,2.05,0.20674515225497292,1.0,1.0,0.20674515225497292,1.0,1.0,0.01,0.44209999999999994,0.49,0.4676434115697194,0.42192888215300595,0.047900000000000054,10.83465279348565,-0.045714529416713445,0.15,0.01,0.15,0.01,0.15,0.01,0.15,0.01,0.02734038076954735,2.734038076954735,0.005652491184909,0.005652491184909,0.012785548936686273,0.011535696295732653
0.01,967,0.15,2.1,0.21819059126590332,1.0,1.0,0.21819059126590332,1.0,1.0,0.01,0.44209999999999994,0.49,0.4935322127706477,0.4452869209508231,0.047900000000000054,10.83465279348565,-0.048245291819824565,0.15,0.01,0.15,0.01,0.15,0.01,0.15,0.01,0.02734038076954735,2.734038076954735,0.0059654138455424695,0.0059654138455424695,0.013493358619186767,0.012174313970494836
0.01,967,0.15,2.15,0.2689404830148122,0.7500000000000006,1.0,0.2017053622611093,0.7500000000000006,1.3333333333333324,0.01,0.44209999999999994,0.49,0.45624375087335295,0.4116435964512435,0.047900000000000054,10.83465279348565,-0.04460015442210946,0.15,0.01,0.15,0.01,0.15,0.01,0.15,0.01,0.02734038076954735,2.734038076954735,0.007352935209970947,0.005514701407478215,0.012473877872603971,0.011254492668322888
0.01,967,0.15,2.2,0.3853417729652825,0.4999999999999989,1.0,0.19267088648264083,0.49999999999999895,2.0000000000000044,0.01,0.44209999999999994,0.49,0.43580838381054254,0.3932058907808997,0.047900000000000054,10.83465279348565,-0.04260249302964286,0.15,0.01,0.15,0.01,0.15,0.01,0.15,0.01,0.02734038076954735,2.734038076954735,0.010535390799283291,0.005267695399641634,0.011915167155941268,0.010750398774778845
0.01,967,0.15,2.25,1.004435589654522,0.25,1.0,0.2511088974136305,0.25,4.0,0.01,0.44209999999999994,0.49,0.5679911726162193,0.5124671375788378,0.047900000000000054,10.83465279348565,-0.05552403503738157,0.15,0.01,0.15,0.01,0.15,0.01,0.15,0.01,0.02734038076954735,2.734038076954735,0.02746165147963945,0.0068654128699098625,0.015529094933069133,0.014011046673285432
0.01,967,0.15,2.3,0.8978437596656426,0.25,1.0,0.22446093991641064,0.25,4.0,0.01,0.44209999999999994,0.49,0.5077153130884656,0.45808355084981767,0.047900000000000054,10.83465279348565,-0.04963176223864796,0.15,0.01,0.15,0.01,0.15,0.01,0.15,0.01,0.02734038076954735,2.734038076954735,0.024547390260820628,0.006136847565205157,0.013881129982368597,0.012524178704500321
0.01,967,0.15,2.35,0.8185459622932807,0.25,1.0,0.20463649057332017,0.25,4.0,0.01,0.44209999999999994,0.49,0.46287376288921106,0.4176254909659595,0.047900000000000054,10.83465279348565,-0.04524827192325154,0.15,0.01,0.15,0.01,0.15,0.01,0.15,0.01,0.02734038076954735,2.734038076954735,0.022379358286473843,0.005594839571618461,0.012655144925624206,0.011418039942078491
0.01,967,0.15,2.4,0.7973410104965236,0.25,1.0,0.1993352526241309,0.25,4.0,0.01,0.44209999999999994,0.49,0.4508827247774959,0.4068066380084304,0.047900000000000054,10.83465279348565,-0.04407608676906549,0.15,0.01,0.15,0.01,0.15,0.01,0.15,0.01,0.02734038076954735,2.734038076954735,0.021799606830150607,0.005449901707537652,0.01232730537782776,0.011122248382729901
0.01,967,0.15,2.45,0.6203549069919633,0.25,1.0,0.15508872674799082,0.25,4.0,0.01,0.44209999999999994,0.49,0.3508001057407619,0.31650760560814456,0.047900000000000054,10.83465279348565,-0.034292500132617365,0.15,0.01,0.15,0.01,0.15,0.01,0.15,0.01,0.02734038076954735,2.734038076954735,0.01696073936941741,0.004240184842354352,0.009591008464949905,0.008653438453784393
0.01,967,0.15,2.5,0.6488248993443396,0.25,0.9889805000000003,0.16401357239711487,0.2527855705951734,3.955922000000001,0.01,0.44209999999999994,0.49,0.37098749693986627,0.3347215763206426,0.047900000000000054,10.83465279348565,-0.03626592061922368,0.15,0.01,0.15,0.01,0.15,0.01,0.15,0.01,0.02734038076954735,2.734038076954735,0.017739119800837477,0.004484193520710842,0.010142939427077226,0.009151415348389473
0.01,967,0.15,2.55,0.564456556172029,0.25,0.8155164500000005,0.17303653291482612,0.3065542086857964,3.262065800000002,0.01,0.44209999999999994,0.49,0.3913968172694552,0.35313578145882885,0.047900000000000054,10.83465279348565,-0.03826103581062634,0.15,0.01,0.15,0.01,0.15,0.01,0.15,0.01,0.02734038076954735,2.734038076954735,0.015432457173610664,0.0047308846969336595,0.010700938016135851,0.00965486672843604
0.01,967,0.15,2.6,0.46472019558472627,0.25,0.6420524000000007,0.1809510390369718,0.3893763188175914,2.568209600000003,0.01,0.44209999999999994,0.49,0.4092988894751681,0.3692878347693302,0.047900000000000054,10.83465279348565,-0.040011054705837934,0.15,0.01,0.15,0.01,0.15,0.01,0.15,0.01,0.02734038076954735,2.734038076954735,0.012705627098584934,0.004947270307916036,0.011190387486803973,0.010096470016155174
0.01,967,0.15,2.65,0.4895719470081381,0.25,0.468588350000001,0.26119511240950455,0.5335173185590283,1.874353400000004,0.01,0.44209999999999994,0.49,0.5908055019441406,0.5330512498153154,0.047900000000000054,10.83465279348565,-0.057754252128825234,0.15,0.01,0.15,0.01,0.15,0.01,0.15,0.01,0.02734038076954735,2.734038076954735,0.013385083445291154,0.007141173828420577,0.01615284738389635,0.01457382413963383
0.01,967,0.15,2.7,0.43685721179409637,0.25,0.29512429999999945,0.37006204825737593,0.8471006962151217,1.1804971999999978,0.01,0.44209999999999994,0.49,0.8370550740949468,0.7552286699130121,0.047900000000000054,10.83465279348565,-0.08182640418193476,0.15,0.01,0.15,0.01,0.15,0.01,0.15,0.01,0.02734038076954735,2.734038076954735,0.011943842512373386,0.010117637307715265,0.022885404450837518,0.020648239403500537
0.01,967,0.15,2.75,0.37667576267086583,0.25,0.25,0.37667576267086583,1.0,1.0,0.01,0.44209999999999994,0.49,0.8520148443132004,0.7687260462670732,0.047900000000000054,10.83465279348565,-0.08328879804612721,0.15,0.01,0.15,0.01,0.15,0.01,0.15,0.01,0.02734038076954735,2.734038076954735,0.010298458778081122,0.010298458778081122,0.023294410264829504,0.021017262812410453
0.01,967,0.15,2.8,0.3389964796170309,0.25,0.25,0.3389964796170309,1.0,1.0,0.01,0.44209999999999994,0.49,0.7667868799299501,0.6918295502388385,0.047900000000000054,10.83465279348565,-0.07495732969111157,0.15,0.01,0.15,0.01,0.15,0.01,0.15,0.01,0.02734038076954735,2.734038076954735,0.00926829283226572,0.00926829283226572,0.02096424526637802,0.018914883331154535
0.01,967,0.15,2.85,0.2716120015908253,0.25,0.25,0.2716120015908253,1.0,1.0,0.01,0.44209999999999994,0.49,0.6143677936910775,0.554310207328215,0.047900000000000054,10.83465279348565,-0.060057586362862514,0.15,0.01,0.15,0.01,0.15,0.01,0.15,0.01,0.02734038076954735,2.734038076954735,0.007425975545072065,0.007425975545072065,0.01679704941206077,0.015155052132800134
0.01,967,0.15,2.9,0.3211702443192349,0.25,0.25,0.3211702443192349,1.0,1.0,0.01,0.44209999999999994,0.49,0.7264651534024767,0.6554494782025202,0.047900000000000054,10.83465279348565,-0.07101567519995655,0.15,0.01,0.15,0.01,0.15,0.01,0.15,0.01,0.02734038076954735,2.734038076954735,0.008780916771536433,0.008780916771536433,0.01986183390983134,0.017920238309258027
0.01,967,0.15,2.95,0.2757935430494354,0.25,0.25,0.2757935430494354,1.0,1.0,0.01,0.44209999999999994,0.49,0.6238261548279471,0.562843965407011,0.047900000000000054,10.83465279348565,-0.06098218942093614,0.15,0.01,0.15,0.01,0.15,0.01,0.15,0.01,0.02734038076954735,2.734038076954735,0.0075403004807541125,0.0075403004807541125,0.017055644606998672,0.015388368328069618
0.01,967,0.15,3.0,0.2893331419303229,0.25,0.25,0.2893331419303229,1.0,1.0,0.01,0.44209999999999994,0.49,0.6544518026019519,0.5904757998578019,0.047900000000000054,10.83465279348565,-0.06397600274415005,0.15,0.01,0.15,0.01,0.15,0.01,0.15,0.01,0.02734038076954735,2.734038076954735,0.007910478269624514,0.007910478269624514,0.017892961478454004,0.016143833203315337
0.01,967,0.15,3.1,0.2561761658806645,0.1666666666666667,0.25,0.1707841105871097,0.6666666666666669,1.4999999999999996,0.01,0.44209999999999994,0.49,0.386301991827889,0.3485390011981831,0.047900000000000054,10.83465279348565,-0.037762990629705895,0.15,0.01,0.15,0.01,0.15,0.01,0.15,0.01,0.02734038076954735,2.734038076954735,0.007003953919260092,0.004669302612840063,0.010561643548609053,0.009529189005796046
0.01,967,0.15,3.2,0.2343447699741134,0.1944444444444445,0.25,0.1822681544243105,0.777777777777778,1.2857142857142854,0.01,0.44209999999999994,0.49,0.41227811450873225,0.3719758253557357,0.047900000000000054,10.83465279348565,-0.04030228915299655,0.15,0.01,0.15,0.01,0.15,0.01,0.15,0.01,0.02734038076954735,2.734038076954735,0.006407075242444248,0.004983280744123305,0.011271840633619783,0.01016996070229246
0.01,967,0.15,3.3,0.19799690104299125,0.22222222222222218,0.25,0.17599724537154776,0.8888888888888888,1.1250000000000002,0.01,0.44209999999999994,0.49,0.3980937465992938,0.3591780517786689,0.047900000000000054,10.83465279348565,-0.0389156948206249,0.15,0.01,0.15,0.01,0.15,0.01,0.15,0.01,0.02734038076954735,2.734038076954735,0.005413310665705768,0.004811831702849571,0.010884034614000388,0.009820064699693001
0.01,967,0.15,3.4,0.15846421654789966,0.25,0.25,0.15846421654789966,1.0,1.0,0.01,0.44209999999999994,0.49,0.35843523308730985,0.32339636030183605,0.047900000000000054,10.83465279348565,-0.035038872785473796,0.15,0.01,0.15,0.01,0.15,0.01,0.15,0.01,0.02734038076954735,2.734038076954735,0.0043324720187675825,0.0043324720187675825,0.009799755753828509,0.008841779630137924
0.01,967,0.15,3.45,0.14816479192285928,0.25,0.25,0.14816479192285928,1.0,1.0,0.01,0.44209999999999994,0.49,0.33513863814263584,0.3023771263731822,0.047900000000000054,10.83465279348565,-0.03276151176945363,0.15,0.01,0.15,0.01,0.15,0.01,0.15,0.01,0.02734038076954735,2.734038076954735,0.004050881827811726,0.004050881827811726,0.00916281797740721,0.00826710577104434
0.01,967,0.15,3.5,0.16722890617427508,0.25,0.25,0.16722890617427508,1.0,1.0,0.01,0.44209999999999994,0.49,0.3782603623032687,0.3412834819883165,0.047900000000000054,10.83465279348565,-0.03697688031495222,0.15,0.01,0.15,0.01,0.15,0.01,0.15,0.01,0.02734038076954735,2.734038076954735,0.0045721019704795885,0.0045721019704795885,0.010341782335398302,0.009330820347917528
0.01,967,0.15,3.55,0.1563065067705793,0.25,0.25,0.1563065067705793,1.0,1.0,0.01,0.44209999999999994,0.49,0.3535546409648933,0.31899287096036594,0.047900000000000054,10.83465279348565,-0.03456177000452737,0.15,0.01,0.15,0.01,0.15,0.01,0.15,0.01,0.02734038076954735,2.734038076954735,0.004273479411865469,0.004273479411865469,0.009666318506820787,0.008721386554827489
0.01,967,0.15,3.6,0.1712211656848307,0.25,0.25,0.1712211656848307,1.0,1.0,0.01,0.44209999999999994,0.49,0.38729058060355287,0.3494309503772055,0.047900000000000054,10.83465279348565,-0.03785963022634736,0.15,0.01,0.15,0.01,0.15,0.01,0.15,0.01,0.02734038076954735,2.734038076954735,0.004681251865629026,0.004681251865629026,0.010588671942160205,0.009553575235977604
0.01,967,0.15,3.65,0.17241298076560618,0.25,0.25,0.17241298076560618,1.0,1.0,0.01,0.44209999999999994,0.49,0.38998638490297716,0.3518632260522575,0.047900000000000054,10.83465279348565,-0.03812315885071965,0.15,0.01,0.15,0.01,0.15,0.01,0.15,0.01,0.02734038076954735,2.734038076954735,0.004713836543744317,0.004713836543744317,0.010662376258186649,0.009620074579070033
0.01,967,0.15,3.7,0.16513943416568203,0.25,0.25,0.16513943416568203,1.0,1.0,0.01,0.44209999999999994,0.49,0.37353411935236835,0.33701925339935107,0.047900000000000054,10.83465279348565,-0.036514865953017284,0.15,0.01,0.15,0.01,0.15,0.01,0.15,0.01,0.02734038076954735,2.734038076954735,0.004514975010157344,0.004514975010157344,0.010212565053511296,0.009214234714606823
0.01,967,0.15,3.75,0.16437498779494772,0.25,0.25,0.16437498779494772,1.0,1.0,0.01,0.44209999999999994,0.49,0.37180499388135657,0.33545915876519944,0.047900000000000054,10.83465279348565,-0.03634583511615713,0.15,0.01,0.15,0.01,0.15,0.01,0.15,0.01,0.02734038076954735,2.734038076954735,0.004494074755303569,0.004494074755303569,0.01016529010473551,0.00917158113327259
0.01,967,0.15,3.8,0.1778362766338705,0.25,0.25,0.1778362766338705,1.0,1.0,0.01,0.44209999999999994,0.49,0.4022535096898225,0.36293117680381737,0.047900000000000054,10.83465279348565,-0.03932233288600512,0.15,0.01,0.15,0.01,0.15,0.01,0.15,0.01,0.02734038076954735,2.734038076954735,0.004862111517808576,0.004862111517808576,0.01099776412080655,0.009922676566956277
0.01,967,0.15,3.85,0.18345734153706791,0.25,0.25,0.18345734153706791,1.0,1.0,0.01,0.44209999999999994,0.49,0.41496797452401707,0.37440273783075084,0.047900000000000054,10.83465279348565,-0.04056523669326623,0.15,0.01,0.15,0.01,0.15,0.01,0.15,0.01,0.02734038076954735,2.734038076954735,0.005015793572592332,0.005015793572592332,0.01134538243065445,0.010236313413453739
0.01,967,0.15,3.9,0.17151245583193056,0.25,0.25,0.17151245583193056,1.0,1.0,0.01,0.44209999999999994,0.49,0.38794945901816463,0.3500254200651644,0.047900000000000054,10.83465279348565,-0.03792403895300023,0.15,0.01,0.15,0.01,0.15,0.01,0.15,0.01,0.02734038076954735,2.734038076954735,0.004689215849165153,0.004689215849165153,0.010606685928896527,0.009569828263602354
0.01,967,0.15,4.0,0.1758095266422615,0.25,0.25,0.1758095266422615,1.0,1.0,0.01,0.44209999999999994,0.49,0.3976691396567779,0.3587949523311459,0.047900000000000054,10.83465279348565,-0.038874187325632026,0.15,0.01,0.15,0.01,0.15,0.01,0.15,0.01,0.02734038076954735,2.734038076954735,0.004806699401313308,0.004806699401313308,0.01087242569851461,0.00980959061492512
0.01,967,0.15,4.1,0.18304910851939735,0.25,0.25,0.18304910851939735,1.0,1.0,0.01,0.44209999999999994,0.49,0.4140445793245813,0.3735696092232599,0.047900000000000054,10.83465279348565,-0.040474970101321395,0.15,0.01,0.15,0.01,0.15,0.01,0.15,0.01,0.02734038076954735,2.734038076954735,0.0050046323264465176,0.0050046323264465176,0.011320136454301105,0.010213535360094932
0.01,967,0.15,4.2,0.16730927179489175,0.25,0.24556180000000039,0.1703331623596295,1.0180736580363867,0.9822472000000015,0.01,0.44209999999999994,0.49,0.3852819777417542,0.34761869869312145,0.047900000000000054,10.83465279348565,-0.03766327904863276,0.15,0.01,0.15,0.01,0.15,0.01,0.15,0.01,0.02734038076954735,2.734038076954735,0.004574299197148029,0.004656973516593401,0.010533755975103826,0.009504027584884493
0.015,967,0.15,1.5,0.1447049296716017,0.5555555555555556,0.5424700000000002,0.14819552711732306,1.0241221736788306,0.9764460000000004,0.015,0.58815,0.635,0.25196893159453043,0.23337878286192607,0.04685000000000006,7.965655019977907,-0.018590148732604367,0.15,0.015,0.15,0.015,0.15,0.015,0.15,0.015,0.009761367331213406,0.9761367331213405,0.0014125179731619062,0.0014465909770349876,0.0024595612973475948,0.002278096026826752
0.015,967,0.15,1.6,0.13061589593286552,0.777777777777778,0.7594578000000007,0.13376667048665186,1.0241224433770741,0.9764457428571435,0.015,0.58815,0.635,0.22743631809343173,0.21065617399472733,0.04685000000000006,7.965655019977907,-0.016780144098704403,0.15,0.015,0.15,0.015,0.15,0.015,0.15,0.015,0.009761367331213406,0.9761367331213405,0.0012749897394962433,0.001305745607293592,0.002220089445368685,0.0020562922949505383
0.015,967,0.15,1.7,0.13027324708752339,1.0,0.9764456000000004,0.13341577563309553,1.0241225932094935,0.9764456000000004,0.015,0.58815,0.635,0.2268397103342609,0.2101035836741662,0.04685000000000006,7.965655019977907,-0.01673612666009469,0.15,0.015,0.15,0.015,0.15,0.015,0.15,0.015,0.009761367331213406,0.9761367331213405,0.0012716450182512428,0.0013023203937333962,0.0022142657378787663,0.0020508982578478683
0.015,967,0.15,1.75,0.13839086682940804,1.0,1.0,0.13839086682940804,1.0,1.0,0.015,0.58815,0.635,0.23529859190582003,0.2179383729596977,0.04685000000000006,7.965655019977907,-0.01736021894612233,0.15,0.015,0.15,0.015,0.15,0.015,0.15,0.015,0.009761367331213406,0.9761367331213405,0.0013508840864068887,0.0013508840864068887,0.0022968359881099867,0.0021273765140265963
0.015,967,0.15,1.8,0.1633693392903462,1.0,1.0,0.1633693392903462,1.0,1.0,0.015,0.58815,0.635,0.27776815317579906,0.25727455006353733,0.04685000000000006,7.965655019977907,-0.020493603112261727,0.15,0.015,0.15,0.015,0.15,0.015,0.15,0.015,0.009761367331213406,0.9761367331213405,0.001594708131470704,0.001594708131470704,0.0027113969760617263,0.002511351388142841
0.015,967,0.15,1.85,0.1762549976251453,1.0,1.0,0.1762549976251453,1.0,1.0,0.015,0.58815,0.635,0.29967694912036946,0.2775669253939296,0.04685000000000006,7.965655019977907,-0.022110023726439887,0.15,0.015,0.15,0.015,0.15,0.015,0.15,0.015,0.009761367331213406,0.9761367331213405,0.0017204897757811897,0.0017204897757811897,0.002925256781061276,0.002709432717765653
0.015,967,0.15,1.9,0.2082771849262857,1.0,1.0,0.2082771849262857,1.0,1.0,0.015,0.58815,0.635,0.3541225621461969,0.3279955668130483,0.04685000000000006,7.965655019977907,-0.026126995333148606,0.15,0.015,0.15,0.015,0.15,0.015,0.15,0.015,0.009761367331213406,0.9761367331213405,0.0020330701087765382,0.0020330701087765382,0.0034567204093794756,0.0032016852106717137
0.015,967,0.15,1.95,0.23076204933203512,1.0,1.0,0.23076204933203512,1.0,1.0,0.015,0.58815,0.635,0.39235237495882874,0.3634048020976931,0.04685000000000006,7.965655019977907,-0.02894757286113564,0.15,0.015,0.15,0.015,0.15,0.015,0.15,0.015,0.009761367331213406,0.9761367331213405,0.002252553129633584,0.002252553129633584,0.0038298956552471034,0.0035473277632024946
0.015,967,0.15,2.0,0.2502789250220332,1.0,1.0,0.2502789250220332,1.0,1.0,0.015,0.58815,0.635,0.4255358752393662,0.39414003940477665,0.04685000000000006,7.965655019977907,-0.03139583583458955,0.15,0.015,0.15,0.015,0.15,0.015,0.15,0.015,0.009761367331213406,0.9761367331213405,0.002443064522401284,0.002443064522401284,0.004153811990820853,0.003847345704568951
0.015,967,0.15,2.05,0.2851185595942359,1.0,1.0,0.2851185595942359,1.0,1.0,0.015,0.58815,0.635,0.484771843227469,0.44900560566021397,0.04685000000000006,7.965655019977907,-0.035766237567255055,0.15,0.015,0.15,0.015,0.15,0.015,0.15,0.015,0.009761367331213406,0.9761367331213405,0.0027831469931457967,0.0027831469931457967,0.004732036033572723,0.004382908650623301
0.015,967,0.15,2.1,0.2968135349224051,1.0,1.0,0.2968135349224051,1.0,1.0,0.015,0.58815,0.635,0.5046561845148433,0.4674228896415828,0.04685000000000006,7.965655019977907,-0.03723329487326049,0.15,0.015,0.15,0.015,0.15,0.015,0.15,0.015,0.009761367331213406,0.9761367331213405,0.0028973059432535345,0.0028973059432535345,0.004926134393017996,0.004562686524808715
0.015,967,0.15,2.15,0.3862418839126685,0.7500000000000006,1.0,0.2896814129345016,0.7500000000000007,1.3333333333333324,0.015,0.58815,0.635,0.49252981881238056,0.4561912014716561,0.04685000000000006,7.965655019977907,-0.036338617340724466,0.15,0.015,0.15,0.015,0.15,0.015,0.15,0.015,0.009761367331213406,0.9761367331213405,0.003770248907571443,0.0028276866806785845,0.004807764483003629,0.004453049890832417
0.015,967,0.15,2.2,0.6169323051368114,0.4999999999999989,1.0,0.30846615256840504,0.49999999999999895,2.0000000000000044,0.015,0.58815,0.635,0.5244685072998471,0.4857734686116615,0.04685000000000006,7.965655019977907,-0.03869503868818558,0.15,0.015,0.15,0.015,0.15,0.015,0.15,0.015,0.009761367331213406,0.9761367331213405,0.006022102848932651,0.003011051424466319,0.005119529753406986,0.004741813266876093
0.015,967,0.15,2.25,1.3298919483789355,0.25,1.0,0.3324729870947339,0.25,4.0,0.015,0.58815,0.635,0.5652860445375056,0.5235795072358014,0.04685000000000006,7.965655019977907,-0.04170653730170426,0.15,0.015,0.15,0.015,0.15,0.015,0.15,0.015,0.009761367331213406,0.9761367331213405,0.012981563818949887,0.0032453909547374717,0.005517964727939253,0.005110851897224365
0.015,967,0.15,2.3,1.219382337692609,0.25,1.0,0.30484558442315224,0.25,4.0,0.015,0.58815,0.635,0.5183126488534426,0.48007178649315313,0.04685000000000006,7.965655019977907,-0.03824086236028951,0.15,0.015,0.15,0.015,0.15,0.015,0.15,0.015,0.009761367331213406,0.9761367331213405,0.011902838915411267,0.0029757097288528166,0.00505944015787268,0.004686157053311522
0.015,967,0.15,2.35,1.0932683034947468,0.25,1.0,0.2733170758736867,0.25,4.0,0.015,0.58815,0.635,0.4647064114149226,0.43042059192706567,0.04685000000000006,7.965655019977907,-0.03428581948785692,0.15,0.015,0.15,0.015,0.15,0.015,0.15,0.015,0.009761367331213406,0.9761367331213405,0.010671793501984723,0.002667948375496181,0.0045361699829910415,0.004201493504718395
0.015,967,0.15,2.4,1.1613594317343656,0.25,1.0,0.2903398579335914,0.25,4.0,0.015,0.58815,0.635,0.4936493376410634,0.4572281227300652,0.04685000000000006,7.965655019977907,-0.0364212149109982,0.15,0.015,0.15,0.015,0.15,0.015,0.15,0.015,0.009761367331213406,0.9761367331213405,0.011336456016728402,0.0028341140041821004,0.004818692517524612,0.004463171660129292
0.015,967,0.15,2.45,0.9800653382508544,0.25,1.0,0.2450163345627136,0.25,4.0,0.015,0.58815,0.635,0.4165881740418492,0.3858524953743521,0.04685000000000006,7.965655019977907,-0.0307356786674971,0.15,0.015,0.15,0.015,0.15,0.015,0.15,0.015,0.009761367331213406,0.9761367331213405,0.009566777775256507,0.0023916944438141267,0.0040664701926619515,0.0037664479430143723
0.015,967,0.15,2.5,0.8767883648376991,0.25,0.9889805000000003,0.22163944709670688,0.2527855705951735,3.955922000000001,0.015,0.58815,0.635,0.3768417021112079,0.34903849936489273,0.04685000000000006,7.965655019977907,-0.027803202746315148,0.15,0.015,0.15,0.015,0.15,0.015,0.15,0.015,0.009761367331213406,0.9761367331213405,0.008558653300914737,0.0021635040581979965,0.0036784902800271984,0.003407093005036215
0.015,967,0.15,2.55,0.9159628700751339,0.25,0.8155164500000005,0.2807922728214536,0.30655420868579636,3.262065800000002,0.015,0.58815,0.635,0.47741608912939487,0.44219255562433635,0.04685000000000006,7.965655019977907,-0.035223533505058524,0.15,0.015,0.15,0.015,0.15,0.015,0.15,0.015,0.009761367331213406,0.9761367331213405,0.00894105003655588,0.0027409165187764987,0.004660233815823343,0.004316403966577164
0.015,967,0.15,2.6,0.7818703124704313,0.25,0.6420524000000007,0.30444178406249645,0.3893763188175914,2.568209600000003,0.015,0.58815,0.635,0.5176260886891039,0.4794358804133802,0.04685000000000006,7.965655019977907,-0.03819020827572367,0.15,0.015,0.15,0.015,0.15,0.015,0.15,0.015,0.009761367331213406,0.9761367331213405,0.007632123325394485,0.002971768085203979,0.005052738391913591,0.004679949740478706
0.015,967,0.15,2.65,0.6466740609125682,0.25,0.468588350000001,0.34501181095975114,0.5335173185590284,1.874353400000004,0.015,0.58815,0.635,0.5866051363763516,0.5433256865507892,0.04685000000000006,7.965655019977907,-0.04327944982556242,0.15,0.015,0.15,0.015,0.15,0.015,0.15,0.015,0.009761367331213406,0.9761367331213405,0.006312423052135051,0.00336778702038529,0.005726068214546103,0.005303601606905968
0.015,967,0.15,2.7,0.6601978472826979,0.25,0.29512429999999945,0.559254056072898,0.8471006962151217,1.1804971999999978,0.015,0.58815,0.635,0.9508697714407857,0.8807150489336977,0.04685000000000006,7.965655019977907,-0.07015472250708799,0.15,0.015,0.15,0.015,0.15,0.015,0.15,0.015,0.009761367331213406,0.9761367331213405,0.0064444336986027445,0.005459084272798577,0.009281789123180444,0.008596983106769412
0.015,967,0.15,2.75,0.6115544063727867,0.25,0.25,0.6115544063727867,1.0,1.0,0.015,0.58815,0.635,1.0397932608565617,0.9630778053114751,0.04685000000000006,7.965655019977907,-0.07671545554508652,0.15,0.015,0.15,0.015,0.15,0.015,0.15,0.015,0.009761367331213406,0.9761367331213405,0.005969607203626927,0.005969607203626927,0.0101498039677411,0.009400956226184138
0.015,967,0.15,2.8,0.5272328629315143,0.25,0.25,0.5272328629315143,1.0,1.0,0.015,0.58815,0.635,0.8964258487316404,0.830287973120495,0.04685000000000006,7.965655019977907,-0.06613787561114548,0.15,0.015,0.15,0.015,0.15,0.015,0.15,0.015,0.009761367331213406,0.9761367331213405,0.005146513644161799,0.005146513644161799,0.008750341994664285,0.008104745896317794
0.015,967,0.15,2.85,0.44439637558598416,0.25,0.25,0.44439637558598416,1.0,1.0,0.015,0.58815,0.635,0.7555833980888961,0.6998368119464318,0.04685000000000006,7.965655019977907,-0.055746586142464305,0.15,0.015,0.15,0.015,0.15,0.015,0.15,0.015,0.009761367331213406,0.9761367331213405,0.0043379162627546685,0.0043379162627546685,0.007375527098112164,0.006831364193314439
0.015,967,0.15,2.9,0.41111478349004416,0.25,0.25,0.41111478349004416,1.0,1.0,0.015,0.58815,0.635,0.6989964864236066,0.6474248558898333,0.04685000000000006,7.965655019977907,-0.05157163053377323,0.15,0.015,0.15,0.015,0.15,0.015,0.15,0.015,0.009761367331213406,0.9761367331213405,0.004013042416938589,0.004013042416938589,0.006823161467208348,0.006319751837698566
0.015,967,0.15,2.95,0.3505903209663747,0.25,0.25,0.3505903209663747,1.0,1.0,0.015,0.58815,0.635,0.5960899786897471,0.5521107416793303,0.04685000000000006,7.965655019977907,-0.04397923701041684,0.15,0.015,0.15,0.015,0.15,0.015,0.15,0.015,0.009761367331213406,0.9761367331213405,0.003422240905720792,0.003422240905720792,0.005818653244445793,0.005389355757040618
0.015,967,0.15,3.0,0.3962900997962332,0.25,0.25,0.3962900997962332,1.0,1.0,0.015,0.58815,0.635,0.6737908693296493,0.6240788973169027,0.04685000000000006,7.965655019977907,-0.049711972012746575,0.15,0.015,0.15,0.015,0.15,0.015,0.15,0.015,0.009761367331213406,0.9761367331213405,0.003868333233834251,0.003868333233834251,0.006577120179944319,0.006091863360368899
0.015,967,0.15,3.1,0.46266192530146283,0.1666666666666667,0.25,0.30844128353430866,0.6666666666666669,1.4999999999999996,0.015,0.58815,0.635,0.5244262238107773,0.4857343047784388,0.04685000000000006,7.965655019977907,-0.038691919032338484,0.15,0.015,0.15,0.015,0.15,0.015,0.15,0.015,0.009761367331213406,0.9761367331213405,0.0045162130030339965,0.003010808668689332,0.005119117008738131,0.004741430974313909
0.015,967,0.15,3.2,0.3314602920438763,0.1944444444444445,0.25,0.2578024493674594,0.7777777777777779,1.2857142857142854,0.015,0.58815,0.635,0.43832772144429044,0.40598810924009354,0.04685000000000006,7.965655019977907,-0.0323396122041969,0.15,0.015,0.15,0.015,0.15,0.015,0.15,0.015,0.009761367331213406,0.9761367331213405,0.0032355056663515487,0.002516504407162316,0.004278677900471506,0.003962999066397349
0.015,967,0.15,3.3,0.30790966171408324,0.22222222222222218,0.25,0.27369747707918507,0.8888888888888888,1.1250000000000002,0.015,0.58815,0.635,0.46535318724676544,0.4310196489435985,0.04685000000000006,7.965655019977907,-0.03433353830316693,0.15,0.015,0.15,0.015,0.15,0.015,0.15,0.015,0.009761367331213406,0.9761367331213405,0.0030056193128208232,0.002671661611396287,0.004542483399466611,0.004207341120309113
0.015,967,0.15,3.4,0.24724170496623188,0.25,0.25,0.24724170496623188,1.0,1.0,0.015,0.58815,0.635,0.4203718523611866,0.38935701569485337,0.04685000000000006,7.965655019977907,-0.031014836666333256,0.15,0.015,0.15,0.015,0.15,0.015,0.15,0.015,0.009761367331213406,0.9761367331213405,0.002413417101770879,0.002413417101770879,0.004103404066600152,0.003800656853182487
0.015,967,0.15,3.45,0.22081059382777574,0.25,0.25,0.22081059382777574,1.0,1.0,0.015,0.58815,0.635,0.37543244721206454,0.3477332186264185,0.04685000000000006,7.965655019977907,-0.027699228585646052,0.15,0.015,0.15,0.015,0.15,0.015,0.15,0.015,0.009761367331213406,0.9761367331213405,0.0021554133169762826,0.0021554133169762826,0.0036647340252933484,0.00339435168027761
0.015,967,0.15,3.5,0.2534446152942809,0.25,0.25,0.2534446152942809,1.0,1.0,0.015,0.58815,0.635,0.4309183291580055,0.3991253784161904,0.04685000000000006,7.965655019977907,-0.031792950741815096,0.15,0.015,0.15,0.015,0.15,0.015,0.15,0.015,0.009761367331213406,0.9761367331213405,0.002473965988005543,0.002473965988005543,0.00420635210066402,0.003896009429929989
0.015,967,0.15,3.55,0.22677122586999457,0.25,0.25,0.22677122586999457,1.0,1.0,0.015,0.58815,0.635,0.38556699119271376,0.3571200407401489,0.04685000000000006,7.965655019977907,-0.028446950452564845,0.15,0.015,0.15,0.015,0.15,0.015,0.15,0.015,0.009761367331213406,0.9761367331213405,0.0022135972358665813,0.0022135972358665813,0.003763661031822803,0.0034859798990024902
0.015,967,0.15,3.6,0.22410159595626458,0.25,0.25,0.22410159595626458,1.0,1.0,0.015,0.58815,0.635,0.38102796218016594,0.35291589914372373,0.04685000000000006,7.965655019977907,-0.028112063036442203,0.15,0.015,0.15,0.015,0.15,0.015,0.15,0.015,0.009761367331213406,0.9761367331213405,0.0021875379976402675,0.0021875379976402675,0.003719353902304289,0.00344494172856735
0.015,967,0.15,3.65,0.24378006314486741,0.25,0.25,0.24378006314486741,1.0,1.0,0.015,0.58815,0.635,0.4144862078464124,0.3839056112517597,0.04685000000000006,7.965655019977907,-0.030580596594652676,0.15,0.015,0.15,0.015,0.15,0.015,0.15,0.015,0.009761367331213406,0.9761367331213405,0.00237962674438345,0.00237962674438345,0.004045952128510499,0.003747443691942441
0.015,967,0.15,3.7,0.21756127334271344,0.25,0.25,0.21756127334271344,1.0,1.0,0.015,0.58815,0.635,0.3699078013138034,0.3426161784924621,0.04685000000000006,7.965655019977907,-0.027291622821341288,0.15,0.015,0.15,0.015,0.15,0.015,0.15,0.015,0.009761367331213406,0.9761367331213405,0.002123695506144753,0.002123695506144753,0.00361080592730554,0.0033444023718815006
0.015,967,0.15,3.75,0.22603652841412858,0.25,0.25,0.22603652841412858,1.0,1.0,0.015,0.58815,0.635,0.38431782438855494,0.3559630368726434,0.04685000000000006,7.965655019977907,-0.028354787515911528,0.15,0.015,0.15,0.015,0.15,0.015,0.15,0.015,0.009761367331213406,0.9761367331213405,0.0022064255841225656,0.0022064255841225656,0.003751467455789451,0.0034746859592481344
0.015,967,0.15,3.8,0.25447990831973705,0.25,0.25,0.25447990831973705,1.0,1.0,0.015,0.58815,0.635,0.43267858253802105,0.4007557611334442,0.04685000000000006,7.965655019977907,-0.03192282140457686,0.15,0.015,0.15,0.015,0.15,0.015,0.15,0.015,0.009761367331213406,0.9761367331213405,0.0024840718635224636,0.0024840718635224636,0.004223534580502362,0.0039119241945235654
0.015,967,0.15,3.85,0.22553589216005923,0.25,0.25,0.22553589216005923,1.0,1.0,0.015,0.58815,0.635,0.38346661933190385,0.3551746333229279,0.04685000000000006,7.965655019977907,-0.028291986008975922,0.15,0.015,0.15,0.015,0.15,0.015,0.15,0.015,0.009761367331213406,0.9761367331213405,0.0022015386897472717,0.0022015386897472717,0.0037431585305572933,0.0034669900625941288
0.015,967,0.15,3.9,0.22957900274211412,0.25,0.25,0.22957900274211412,1.0,1.0,0.015,0.58815,0.635,0.39034090409268746,0.36154173660175454,0.04685000000000006,7.965655019977907,-0.02879916749093292,0.15,0.015,0.15,0.015,0.15,0.015,0.15,0.015,0.009761367331213406,0.9761367331213405,0.002241004977299426,0.002241004977299426,0.0038102609492466646,0.003529141696534529
0.015,967,0.15,4.0,0.23721878668030627,0.25,0.25,0.23721878668030627,1.0,1.0,0.015,0.58815,0.635,0.40333042026745947,0.37357289240993113,0.04685000000000006,7.965655019977907,-0.029757527857528332,0.15,0.015,0.15,0.015,0.15,0.015,0.15,0.015,0.009761367331213406,0.9761367331213405,0.0023155797146512235,0.0023155797146512235,0.003937056388083352,0.0036465822277972023
0.015,967,0.15,4.1,0.22620056948089345,0.25,0.25,0.22620056948089345,1.0,1.0,0.015,0.58815,0.635,0.3845967346440423,0.35622136926124953,0.04685000000000006,7.965655019977907,-0.028375365382792783,0.15,0.015,0.15,0.015,0.15,0.015,0.15,0.015,0.009761367331213406,0.9761367331213405,0.0022080268492326613,0.0022080268492326613,0.0037541900012457055,0.0034772076365868682
0.015,967,0.15,4.2,0.24518278526043868,0.25,0.24556180000000039,0.2496141350776447,1.0180736580363867,0.9822472000000015,0.015,0.58815,0.635,0.42440556843941973,0.3930931261065271,0.04685000000000006,7.965655019977907,-0.031312442332892654,0.15,0.015,0.15,0.015,0.15,0.015,0.15,0.015,0.009761367331213406,0.9761367331213405,0.002393319230217158,0.0024365752635560115,0.004142778650949607,0.003837126399300805
0.02,967,0.15,1.5,0.20182849708100176,0.5555555555555556,0.5424700000000002,0.20669703914092707,1.0241221736788308,0.9764460000000004,0.02,0.7342,0.78,0.28152688523689334,0.26499620402682955,0.04580000000000006,6.23808226641243,-0.01653068121006379,0.15,0.02,0.15,0.02,0.15,0.02,0.15,0.02,0.00996325274052396,0.996325274052396,0.0020108683266581227,0.00205937484167903,0.002804923510867652,0.002640224155998756
0.02,967,0.15,1.6,0.1585000790113647,0.777777777777778,0.7594578000000007,0.1623234881925781,1.024122443377074,0.9764457428571435,0.02,0.7342,0.78,0.2210889242612069,0.2081070361443309,0.04580000000000006,6.23808226641243,-0.012981888116876006,0.15,0.02,0.15,0.02,0.15,0.02,0.15,0.02,0.00996325274052396,0.996325274052396,0.0015791763465832437,0.0016172699385861126,0.0022027648305449643,0.0020734229981873237
0.02,967,0.15,1.7,0.16208712595852057,1.0,0.9764456000000004,0.16599708776251387,1.0241225932094933,0.9764456000000004,0.02,0.7342,0.78,0.22609246494485682,0.21281677918271008,0.04580000000000006,6.23808226641243,-0.013275685762146744,0.15,0.02,0.15,0.02,0.15,0.02,0.15,0.02,0.00996325274052396,0.996325274052396,0.0016149150019098824,0.0016538709395688628,0.002252616370973662,0.0021203473584216186
0.02,967,0.15,1.75,0.1923390758601078,1.0,1.0,0.1923390758601078,1.0,1.0,0.02,0.7342,0.78,0.2619709559522035,0.24658855879501,0.04580000000000006,6.23808226641243,-0.0153823971571935,0.15,0.02,0.15,0.02,0.15,0.02,0.15,0.02,0.00996325274052396,0.996325274052396,0.001916322824673065,0.001916322824673065,0.002610082844828473,0.002456824134196237
0.02,967,0.15,1.8,0.22338626820105095,1.0,1.0,0.22338626820105095,1.0,1.0,0.02,0.7342,0.78,0.3042580607478221,0.2863926515398089,0.04580000000000006,6.23808226641243,-0.01786540920801316,0.15,0.02,0.15,0.02,0.15,0.02,0.15,0.02,0.00996325274052396,0.996325274052396,0.002225653848849541,0.002225653848849541,0.003031399957572244,0.002853402370319925
0.02,967,0.15,1.85,0.23807240185340078,1.0,1.0,0.23807240185340078,1.0,1.0,0.02,0.7342,0.78,0.3242609668392819,0.3052210280171805,0.04580000000000006,6.23808226641243,-0.01903993882210142,0.15,0.02,0.15,0.02,0.15,0.02,0.15,0.02,0.00996325274052396,0.996325274052396,0.002371975510209017,0.002371975510209017,0.0032306939665064246,0.003040994243857714
0.02,967,0.15,1.9,0.2614614782329608,1.0,1.0,0.2614614782329608,1.0,1.0,0.02,0.7342,0.78,0.35611751325655244,0.3352070233755907,0.04580000000000006,6.23808226641243,-0.020910489880961725,0.15,0.02,0.15,0.02,0.15,0.02,0.15,0.02,0.00996325274052396,0.996325274052396,0.0026050067895459924,0.0026050067895459924,0.003548088789901924,0.0033397522942897333
0.02,967,0.15,1.95,0.2951683387255826,1.0,1.0,0.2951683387255826,1.0,1.0,0.02,0.7342,0.78,0.40202715707652226,0.37842094708408025,0.04580000000000006,6.23808226641243,-0.023606209992442007,0.15,0.02,0.15,0.02,0.15,0.02,0.15,0.02,0.00996325274052396,0.996325274052396,0.002940836759723566,0.002940836759723566,0.004005498174507717,0.0037703035381071353
0.02,967,0.15,2.0,0.32996713249369564,1.0,1.0,0.32996713249369564,1.0,1.0,0.02,0.7342,0.78,0.44942404316765955,0.4230347852483277,0.04580000000000006,6.23808226641243,-0.026389257919331832,0.15,0.02,0.15,0.02,0.15,0.02,0.15,0.02,0.00996325274052396,0.996325274052396,0.003287545937100646,0.003287545937100646,0.004477725329747543,0.004214802483462366
0.02,967,0.15,2.05,0.34152746040546245,1.0,1.0,0.34152746040546245,1.0,1.0,0.02,0.7342,0.78,0.4651695183948004,0.4378557184685416,0.04580000000000006,6.23808226641243,-0.02731379992625882,0.15,0.02,0.15,0.02,0.15,0.02,0.15,0.02,0.00996325274052396,0.996325274052396,0.003402724405848912,0.003402724405848912,0.004634601478955206,0.004362467186985785
0.02,967,0.15,2.1,0.34918127362294915,1.0,1.0,0.34918127362294915,1.0,1.0,0.02,0.7342,0.78,0.47559421632109666,0.4476682995166015,0.04580000000000006,6.23808226641243,-0.027925916804495188,0.15,0.02,0.15,0.02,0.15,0.02,0.15,0.02,0.00996325274052396,0.996325274052396,0.003478981281363495,0.003478981281363495,0.004738465379138511,0.004460232412004481
0.02,967,0.15,2.15,0.49894576829730236,0.7500000000000006,1.0,0.37420932622297703,0.7500000000000006,1.3333333333333324,0.02,0.7342,0.78,0.5096830921043,0.47975554643971413,0.04580000000000006,6.23808226641243,-0.02992754566458583,0.15,0.02,0.15,0.02,0.15,0.02,0.15,0.02,0.00996325274052396,0.996325274052396,0.0049711227933609305,0.003728342095020701,0.005078101464206892,0.004779925762847052
0.02,967,0.15,2.2,0.7969058317394423,0.4999999999999989,1.0,0.39845291586972026,0.4999999999999989,2.0000000000000044,0.02,0.7342,0.78,0.5427035084033237,0.5108370716278464,0.04580000000000006,6.23808226641243,-0.03186643677547729,0.15,0.02,0.15,0.02,0.15,0.02,0.15,0.02,0.00996325274052396,0.996325274052396,0.007939774212017525,0.003969887106008753,0.005407092217391383,0.005089598853857375
0.02,967,0.15,2.25,1.5230859312593958,0.25,1.0,0.38077148281484896,0.25,4.0,0.02,0.7342,0.78,0.5186209245639458,0.4881685677113448,0.04580000000000006,6.23808226641243,-0.030452356852601004,0.15,0.02,0.15,0.02,0.15,0.02,0.15,0.02,0.00996325274052396,0.996325274052396,0.015174890078673665,0.003793722519668416,0.005167151347954803,0.0048637468200877125
0.02,967,0.15,2.3,1.4383059796749507,0.25,1.0,0.35957649491873767,0.25,4.0,0.02,0.7342,0.78,0.4897527852339113,0.4609955063060739,0.04580000000000006,6.23808226641243,-0.028757278927837415,0.15,0.02,0.15,0.02,0.15,0.02,0.15,0.02,0.00996325274052396,0.996325274052396,0.014330205993708453,0.003582551498427113,0.004879530779661009,0.0045930147415732215
0.02,967,0.15,2.35,1.4565903537103353,0.25,1.0,0.3641475884275838,0.25,4.0,0.02,0.7342,0.78,0.49597873662160696,0.4668558825994664,0.04580000000000006,6.23808226641243,-0.029122854022140543,0.15,0.02,0.15,0.02,0.15,0.02,0.15,0.02,0.00996325274052396,0.996325274052396,0.014512377833425263,0.0036280944583563157,0.004941561506886837,0.004651403151738866
0.02,967,0.15,2.4,1.469716528743188,0.25,1.0,0.367429132185797,0.25,4.0,0.02,0.7342,0.78,0.5004482868234773,0.47106298998179097,0.04580000000000006,6.23808226641243,-0.029385296841686337,0.15,0.02,0.15,0.02,0.15,0.02,0.15,0.02,0.00996325274052396,0.996325274052396,0.014643157232793929,0.003660789308198482,0.004986092765184531,0.00469331962589549
0.02,967,0.15,2.45,1.283807910760751,0.25,1.0,0.32095197769018774,0.25,4.0,0.02,0.7342,0.78,0.43714516165920425,0.4114768944745997,0.04580000000000006,6.23808226641243,-0.025668267184604576,0.15,0.02,0.15,0.02,0.15,0.02,0.15,0.02,0.00996325274052396,0.996325274052396,0.012790902685193391,0.003197725671298348,0.004355387729907857,0.004099648296536344
0.02,967,0.15,2.5,1.1793164234972304,0.25,0.9889805000000003,0.2981141750260066,0.2527855705951735,3.955922000000001,0.02,0.7342,0.78,0.4060394647589303,0.38219766028975205,0.04580000000000006,6.23808226641243,-0.023841804469178274,0.15,0.02,0.15,0.02,0.15,0.02,0.15,0.02,0.00996325274052396,0.996325274052396,0.011749827588353697,0.0029701868713169002,0.004045473810020295,0.0038079318863037176
0.02,967,0.15,2.55,1.089842557989603,0.25,0.8155164500000005,0.3340958229566069,0.3065542086857964,3.262065800000002,0.02,0.7342,0.78,0.45504742979652263,0.428327978149496,0.04580000000000006,6.23808226641243,-0.026719451647026604,0.15,0.02,0.15,0.02,0.15,0.02,0.15,0.02,0.00996325274052396,0.996325274052396,0.010858376852629555,0.0033286811236700217,0.004533752551988589,0.004267539902141054
0.02,967,0.15,2.6,0.8934988660586624,0.25,0.6420524000000007,0.3479072993336141,0.3893763188175914,2.568209600000003,0.02,0.7342,0.78,0.47385902932935725,0.4460349991456591,0.04580000000000006,6.23808226641243,-0.027824030183698167,0.15,0.02,0.15,0.02,0.15,0.02,0.15,0.02,0.00996325274052396,0.996325274052396,0.00890215502591402,0.0034662883535339205,0.004721177272587742,0.00444395942760759
0.02,967,0.15,2.65,0.7932422116741968,0.25,0.468588350000001,0.4232084577402507,0.5335173185590284,1.874353400000004,0.02,0.7342,0.78,0.5764212172980805,0.5425749458208342,0.04580000000000006,6.23808226641243,-0.03384627147724628,0.15,0.02,0.15,0.02,0.15,0.02,0.15,0.02,0.00996325274052396,0.996325274052396,0.00790327263936223,0.004216532826393471,0.005743030272941258,0.005405811315889066
0.02,967,0.15,2.7,0.8010224078304188,0.25,0.29512429999999945,0.6785466393570609,0.8471006962151217,1.1804971999999978,0.02,0.7342,0.78,0.9241986370976042,0.8699315889193089,0.04580000000000006,6.23808226641243,-0.05426704817829531,0.15,0.02,0.15,0.02,0.15,0.02,0.15,0.02,0.00996325274052396,0.996325274052396,0.007980788700037522,0.006760531664147561,0.009208024603851214,0.008667348287368667
0.02,967,0.15,2.75,0.7119928818515864,0.25,0.25,0.7119928818515864,1.0,1.0,0.02,0.7342,0.78,0.9697533122467807,0.9128113869892133,0.04580000000000006,6.23808226641243,-0.05694192525756747,0.15,0.02,0.15,0.02,0.15,0.02,0.15,0.02,0.00996325274052396,0.996325274052396,0.007093765031341371,0.007093765031341371,0.009661897345874927,0.009094570553001757
0.02,967,0.15,2.8,0.6729412622969674,0.25,0.25,0.6729412622969674,1.0,1.0,0.02,0.7342,0.78,0.9165639639021621,0.8627452080730351,0.04580000000000006,6.23808226641243,-0.053818755829126985,0.15,0.02,0.15,0.02,0.15,0.02,0.15,0.02,0.00996325274052396,0.996325274052396,0.006704683875791913,0.006704683875791913,0.009131958425213721,0.008595748558707582
0.02,967,0.15,2.85,0.6949633883001741,0.25,0.25,0.6949633883001741,1.0,1.0,0.02,0.7342,0.78,0.9465586874151105,0.8909787029489411,0.04580000000000006,6.23808226641243,-0.05557998446616941,0.15,0.02,0.15,0.02,0.15,0.02,0.15,0.02,0.00996325274052396,0.996325274052396,0.006924095883045527,0.006924095883045527,0.009430803436455363,0.00887704600390452
0.02,967,0.15,2.9,0.44443067915783,0.25,0.25,0.44443067915783,1.0,1.0,0.02,0.7342,0.78,0.605326449411373,0.5697829219972179,0.04580000000000006,6.23808226641243,-0.03554352741415512,0.15,0.02,0.15,0.02,0.15,0.02,0.15,0.02,0.00996325274052396,0.996325274052396,0.004427975182092175,0.004427975182092175,0.006031020406009501,0.005676891259092531
0.02,967,0.15,2.95,0.4782614196004671,0.25,0.25,0.4782614196004671,1.0,1.0,0.02,0.7342,0.78,0.6514048210303284,0.613155666154445,0.04580000000000006,6.23808226641243,-0.03824915487588343,0.15,0.02,0.15,0.02,0.15,0.02,0.15,0.02,0.00996325274052396,0.996325274052396,0.004765039399521233,0.004765039399521233,0.006490110868320939,0.0061090248711810685
0.02,967,0.15,3.0,0.44315271620422875,0.25,0.25,0.44315271620422875,1.0,1.0,0.02,0.7342,0.78,0.6035858297524227,0.5681445079541394,0.04580000000000006,6.23808226641243,-0.0354413217982833,0.15,0.02,0.15,0.02,0.15,0.02,0.15,0.02,0.00996325274052396,0.996325274052396,0.004415242514192419,0.004415242514192419,0.006013678172422254,0.005660567325887716
0.02,967,0.15,3.1,0.6247322347860828,0.1666666666666667,0.25,0.4164881565240553,0.6666666666666669,1.4999999999999996,0.02,0.7342,0.78,0.5672679876383211,0.5339591750308401,0.04580000000000006,6.23808226641243,-0.033308812607480975,0.15,0.02,0.15,0.02,0.15,0.02,0.15,0.02,0.00996325274052396,0.996325274052396,0.006224365150326097,0.004149576766884066,0.005651834332449015,0.005319970213953931
0.02,967,0.15,3.2,0.43688452291349955,0.1944444444444445,0.25,0.3397990733771664,0.777777777777778,1.2857142857142854,0.02,0.7342,0.78,0.4628154091217195,0.4356398376630339,0.04580000000000006,6.23808226641243,-0.0271755714586856,0.15,0.02,0.15,0.02,0.15,0.02,0.15,0.02,0.00996325274052396,0.996325274052396,0.004352790920210427,0.0033855040490525555,0.0046111468932886895,0.004340389806477636
0.02,967,0.15,3.3,0.3503811757844199,0.22222222222222218,0.25,0.3114499340305954,0.8888888888888887,1.1250000000000002,0.02,0.7342,0.78,0.42420312453091175,0.39929478721871203,0.04580000000000006,6.23808226641243,-0.024908337312199713,0.15,0.02,0.15,0.02,0.15,0.02,0.15,0.02,0.00996325274052396,0.996325274052396,0.003490936209862129,0.0031030544087663364,0.004226442943021433,0.0039782748830337646
0.02,967,0.15,3.4,0.30846593704267705,0.25,0.25,0.30846593704267705,1.0,1.0,0.02,0.7342,0.78,0.42013884097340926,0.39546915005471417,0.04580000000000006,6.23808226641243,-0.024669690918695086,0.15,0.02,0.15,0.02,0.15,0.02,0.15,0.02,0.00996325274052396,0.996325274052396,0.0030733240925987435,0.0030733240925987435,0.00418594945872888,0.003940159093075313
0.02,967,0.15,3.45,0.27945917710437035,0.25,0.25,0.27945917710437035,1.0,1.0,0.02,0.7342,0.78,0.38063085958100024,0.3582809962876543,0.04580000000000006,6.23808226641243,-0.02234986329334593,0.15,0.02,0.15,0.02,0.15,0.02,0.15,0.02,0.00996325274052396,0.996325274052396,0.0027843224121496886,0.0027843224121496886,0.0037923214548483916,0.0035696441181406265
0.02,967,0.15,3.5,0.30733910926042557,0.25,0.25,0.30733910926042557,1.0,1.0,0.02,0.7342,0.78,0.4186040714525001,0.3940244990518276,0.04580000000000006,6.23808226641243,-0.02457957240067249,0.15,0.02,0.15,0.02,0.15,0.02,0.15,0.02,0.00996325274052396,0.996325274052396,0.003062097222609128,0.003062097222609128,0.004170658162093609,0.003925765670011702
0.02,967,0.15,3.55,0.3227292612646476,0.25,0.25,0.3227292612646476,1.0,1.0,0.02,0.7342,0.78,0.439565869333489,0.41375546315980466,0.04580000000000006,6.23808226641243,-0.025810406173684353,0.15,0.02,0.15,0.02,0.15,0.02,0.15,0.02,0.00996325274052396,0.996325274052396,0.0032154331967422737,0.0032154331967422737,0.004379505852277681,0.004122350252233684
0.02,967,0.15,3.6,0.27958894636934134,0.25,0.25,0.27958894636934134,1.0,1.0,0.02,0.7342,0.78,0.3808076087841751,0.3584473671401812,0.04580000000000006,6.23808226641243,-0.02236024164399386,0.15,0.02,0.15,0.02,0.15,0.02,0.15,0.02,0.00996325274052396,0.996325274052396,0.002785615336134547,0.002785615336134547,0.0037940824518313083,0.0035713017129930086
0.02,967,0.15,3.65,0.28575814725557336,0.25,0.25,0.28575814725557336,1.0,1.0,0.02,0.7342,0.78,0.3892102250825025,0.36635659904560686,0.04580000000000006,6.23808226641243,-0.02285362603689567,0.15,0.02,0.15,0.02,0.15,0.02,0.15,0.02,0.00996325274052396,0.996325274052396,0.0028470806437711407,0.0028470806437711407,0.0038777998416931908,0.0036501033894501805
0.02,967,0.15,3.7,0.29156941984076823,0.25,0.25,0.29156941984076823,1.0,1.0,0.02,0.7342,0.78,0.39712533347966256,0.3738069485138054,0.04580000000000006,6.23808226641243,-0.023318384965857142,0.15,0.02,0.15,0.02,0.15,0.02,0.15,0.02,0.00996325274052396,0.996325274052396,0.0029049798212815153,0.0029049798212815153,0.0039566600671227395,0.0037243331042070707
0.02,967,0.15,3.75,0.316254220753962,0.25,0.25,0.316254220753962,1.0,1.0,0.02,0.7342,0.78,0.43074669130204574,0.4054541291717461,0.04580000000000006,6.23808226641243,-0.025292562130299623,0.15,0.02,0.15,0.02,0.15,0.02,0.15,0.02,0.00996325274052396,0.996325274052396,0.003150920731629181,0.003150920731629181,0.004291638152586735,0.0040396419636271556
0.02,967,0.15,3.8,0.2691703877643247,0.25,0.25,0.2691703877643247,1.0,1.0,0.02,0.7342,0.78,0.36661725383318544,0.3450902407234932,0.04580000000000006,6.23808226641243,-0.02152701310969224,0.15,0.02,0.15,0.02,0.15,0.02,0.15,0.02,0.00996325274052396,0.996325274052396,0.0026818126035608055,0.0026818126035608055,0.0036527003589768535,0.003438221286616417
0.02,967,0.15,3.85,0.29436624625752206,0.25,0.25,0.29436624625752206,1.0,1.0,0.02,0.7342,0.78,0.4009346857225852,0.3773926234070796,0.04580000000000006,6.23808226641243,-0.023542062315505652,0.15,0.02,0.15,0.02,0.15,0.02,0.15,0.02,0.00996325274052396,0.996325274052396,0.0029328453097430076,0.0029328453097430076,0.00399461360629666,0.0037600580894141125
0.02,967,0.15,3.9,0.28295712169966447,0.25,0.25,0.28295712169966447,1.0,1.0,0.02,0.7342,0.78,0.3853951534999516,0.36276554064059546,0.04580000000000006,6.23808226641243,-0.022629612859356163,0.15,0.02,0.15,0.02,0.15,0.02,0.15,0.02,0.00996325274052396,0.996325274052396,0.0028191733182249537,0.0028191733182249537,0.0038397893192930453,0.003614324766955069
0.02,967,0.15,4.0,0.30594605253108614,0.25,0.25,0.30594605253108614,1.0,1.0,0.02,0.7342,0.78,0.4167066909984829,0.39223852888600785,0.04580000000000006,6.23808226641243,-0.024468162112475045,0.15,0.02,0.15,0.02,0.15,0.02,0.15,0.02,0.00996325274052396,0.996325274052396,0.0030482178463328317,0.0030482178463328317,0.004151754081085306,0.003907971597862605
0.02,967,0.15,4.1,0.2893396094630295,0.25,0.25,0.2893396094630295,1.0,1.0,0.02,0.7342,0.78,0.3940882722187817,0.3709482172602942,0.04580000000000006,6.23808226641243,-0.023140054958487477,0.15,0.02,0.15,0.02,0.15,0.02,0.15,0.02,0.00996325274052396,0.996325274052396,0.002882763656924661,0.002882763656924661,0.0039264010581921294,0.0036958508422111035
0.02,967,0.15,4.2,0.2913817804645392,0.25,0.24556180000000039,0.29664811512268885,1.018073658036387,0.9822472000000015,0.02,0.7342,0.78,0.4040426520330821,0.38031809631113955,0.04580000000000006,6.23808226641243,-0.023724555721942542,0.15,0.02,0.15,0.02,0.15,0.02,0.15,0.02,0.00996325274052396,0.996325274052396,0.0029031103227520716,0.0029555801459673968,0.004025579060157174,0.003789205315342817
0.005,750,0.2,1.5,0.04884075202416189,0.5555555555555556,0.5424700000000002,0.050018897127093426,1.0241221736788306,0.9764460000000004,0.005,0.3114,0.36000000000000004,0.1606258738827663,0.13894138090859284,0.04860000000000003,15.60693641618498,-0.021684492974173464,0.2,0.005,0.2,0.005,0.2,0.005,0.2,0.005,0.1527452320653023,15.27452320653023,0.007460192002174491,0.007640148049328368,0.02453483638191512,0.021222633470356578
0.005,750,0.2,1.6,0.04307867817619278,0.777777777777778,0.7594578000000007,0.044117841151257185,1.0241224433770741,0.9764457428571435,0.005,0.3114,0.36000000000000004,0.14167579046646495,0.12254955875349216,0.04860000000000003,15.60693641618498,-0.019126231712972785,0.2,0.005,0.2,0.005,0.2,0.005,0.2,0.005,0.1527452320653023,15.27452320653023,0.0065800626950890395,0.006738789884868922,0.021640301492835332,0.01871886079130256
0.005,750,0.2,1.7,0.04236026595420346,1.0,0.9764456000000004,0.04338210541806266,1.0241225932094933,0.9764456000000004,0.005,0.3114,0.36000000000000004,0.13931311951850564,0.12050584838350736,0.04860000000000003,15.60693641618498,-0.018807271134998277,0.2,0.005,0.2,0.005,0.2,0.005,0.2,0.005,0.1527452320653023,15.27452320653023,0.006470328653522732,0.006626409759563389,0.02127941477059534,0.018406693776564967
0.005,750,0.2,1.75,0.045037551506671714,1.0,1.0,0.045037551506671714,1.0,1.0,0.005,0.3114,0.36000000000000004,0.14462925981590144,0.12510430974075473,0.04860000000000003,15.60693641618498,-0.019524950075146708,0.2,0.005,0.2,0.005,0.2,0.005,0.2,0.005,0.1527452320653023,15.27452320653023,0.006879271256539576,0.006879271256539576,0.022091429854012766,0.01910908682372104
0.005,750,0.2,1.8,0.05716736423434416,1.0,1.0,0.05716736423434416,1.0,1.0,0.005,0.3114,0.36000000000000004,0.183581773392242,0.15879823398428933,0.04860000000000003,15.60693641618498,-0.024783539407952665,0.2,0.005,0.2,0.005,0.2,0.005,0.2,0.005,0.1527452320653023,15.27452320653023,0.008732042316536561,0.008732042316536561,0.028041240579757744,0.024255673101490446
0.005,750,0.2,1.85,0.06439110267503068,1.0,1.0,0.06439110267503068,1.0,1.0,0.005,0.3114,0.36000000000000004,0.20677939202000858,0.1788641740973074,0.04860000000000003,15.60693641618498,-0.027915217922701185,0.2,0.005,0.2,0.005,0.2,0.005,0.2,0.005,0.1527452320653023,15.27452320653023,0.009835433921038268,0.009835433921038268,0.03158456622041833,0.02732064978066185
0.005,750,0.2,1.9,0.07230061501695223,1.0,1.0,0.07230061501695223,1.0,1.0,0.005,0.3114,0.36000000000000004,0.23217923897544068,0.20083504171375616,0.04860000000000003,15.60693641618498,-0.031344197261684525,0.2,0.005,0.2,0.005,0.2,0.005,0.2,0.005,0.1527452320653023,15.27452320653023,0.011043574219228448,0.011043574219228448,0.03546427173804897,0.030676595053412352
0.005,750,0.2,1.95,0.08113043761884291,1.0,1.0,0.08113043761884291,1.0,1.0,0.005,0.3114,0.36000000000000004,0.2605344817560787,0.22536232671900805,0.04860000000000003,15.60693641618498,-0.035172155037070635,0.2,0.005,0.2,0.005,0.2,0.005,0.2,0.005,0.1527452320653023,15.27452320653023,0.012392287521649692,0.012392287521649692,0.03979539987684551,0.034423020893471365
0.005,750,0.2,2.0,0.09128539993882566,1.0,1.0,0.09128539993882566,1.0,1.0,0.005,0.3114,0.36000000000000004,0.2931451507348287,0.2535705553856268,0.04860000000000003,15.60693641618498,-0.039574595349201935,0.2,0.005,0.2,0.005,0.2,0.005,0.2,0.005,0.1527452320653023,15.27452320653023,0.013943409597829857,0.013943409597829857,0.04477652407780944,0.03873169332730515
0.005,750,0.2,2.05,0.10422421171857299,1.0,1.0,0.10422421171857299,1.0,1.0,0.005,0.3114,0.36000000000000004,0.33469560603266857,0.28951169921825826,0.04860000000000003,15.60693641618498,-0.04518390681441031,0.2,0.005,0.2,0.005,0.2,0.005,0.2,0.005,0.1527452320653023,15.27452320653023,0.01591975140577663,0.01591975140577663,0.051123158014696954,0.04422153168271285
0.005,750,0.2,2.1,0.09713854574565717,1.0,1.0,0.09713854574565717,1.0,1.0,0.005,0.3114,0.36000000000000004,0.3119413800438573,0.26982929373793657,0.04860000000000003,15.60693641618498,-0.042112086305920726,0.2,0.005,0.2,0.005,0.2,0.005,0.2,0.005,0.1527452320653023,15.27452320653023,0.014837449712406388,0.014837449712406388,0.04764755848556964,0.04121513809001774
0.005,750,0.2,2.15,0.1405713029723679,0.7500000000000006,1.0,0.105428477229276,0.7500000000000006,1.3333333333333324,0.005,0.3114,0.36000000000000004,0.3385628684305587,0.2928568811924333,0.04860000000000003,15.60693641618498,-0.04570598723812541,0.2,0.005,0.2,0.005,0.2,0.005,0.2,0.005,0.1527452320653023,15.27452320653023,0.021471596294236252,0.016103697220677202,0.0517138639071201,0.04473249227965889
0.005,750,0.2,2.2,0.22079793396222538,0.4999999999999989,1.0,0.11039896698111244,0.4999999999999989,2.0000000000000044,0.005,0.3114,0.36000000000000004,0.35452462100549914,0.3066637971697567,0.04860000000000003,15.60693641618498,-0.047860823835742416,0.2,0.005,0.2,0.005,0.2,0.005,0.2,0.005,0.1527452320653023,15.27452320653023,0.03372583166259941,0.016862915831299667,0.054151945508348315,0.04684143286472128
0.005,750,0.2,2.25,0.4356350899459884,0.25,1.0,0.1089087724864971,0.25,4.0,0.005,0.3114,0.36000000000000004,0.34973915377808956,0.30252436801804744,0.04860000000000003,15.60693641618498,-0.04721478576004212,0.2,0.005,0.2,0.005,0.2,0.005,0.2,0.005,0.1527452320653023,15.27452320653023,0.06654118290958884,0.01663529572739721,0.05342098820615674,0.046209154798325575
0.005,750,0.2,2.3,0.45415042245896403,0.25,1.0,0.11353760561474101,0.25,4.0,0.005,0.3114,0.36000000000000004,0.3646037431430347,0.315382237818725,0.04860000000000003,15.60693641618498,-0.04922150532430969,0.2,0.005,0.2,0.005,0.2,0.005,0.2,0.005,0.1527452320653023,15.27452320653023,0.06936931167104954,0.017342327917762385,0.055691483358260706,0.04817313310489551
0.005,750,0.2,2.35,0.4540277236482687,0.25,1.0,0.11350693091206718,0.25,4.0,0.005,0.3114,0.36000000000000004,0.3645052373541014,0.3152970303112977,0.04860000000000003,15.60693641618498,-0.04920820704280371,0.2,0.005,0.2,0.005,0.2,0.005,0.2,0.005,0.1527452320653023,15.27452320653023,0.06935057001273574,0.017337642503183936,0.055676437068670315,0.04816011806439982
0.005,750,0.2,2.4,0.3825762102638982,0.25,1.0,0.09564405256597455,0.25,4.0,0.005,0.3114,0.36000000000000004,0.30714210843280204,0.2656779237943737,0.04860000000000003,15.60693641618498,-0.041464184638428325,0.2,0.005,0.2,0.005,0.2,0.005,0.2,0.005,0.1527452320653023,15.27452320653023,0.05843669201942302,0.014609173004855754,0.04691449262959459,0.04058103612459931
0.005,750,0.2,2.45,0.3807663770373969,0.25,1.0,0.09519159425934923,0.25,4.0,0.005,0.3114,0.36000000000000004,0.30568912735821846,0.26442109516485895,0.04860000000000003,15.60693641618498,-0.041268032193359505,0.2,0.005,0.2,0.005,0.2,0.005,0.2,0.005,0.1527452320653023,15.27452320653023,0.05816024862324158,0.014540062155810395,0.04669255669817083,0.04038906154391776
0.005,750,0.2,2.5,0.3661022709245435,0.25,0.9889805000000003,0.0925453714518495,0.2527855705951734,3.955922000000001,0.005,0.3114,0.36000000000000004,0.2971913020290607,0.25707047625513746,0.04860000000000003,15.60693641618498,-0.04012082577392323,0.2,0.005,0.2,0.005,0.2,0.005,0.2,0.005,0.1527452320653023,15.27452320653023,0.05592037633200357,0.014135864238982354,0.04539455439621822,0.039266289552728754
0.005,750,0.2,2.55,0.3618553417073052,0.25,0.8155164500000005,0.1109282779358114,0.3065542086857964,3.262065800000002,0.005,0.3114,0.36000000000000004,0.35622439928006233,0.3081341053772539,0.04860000000000003,15.60693641618498,-0.048090293902808445,0.2,0.005,0.2,0.005,0.2,0.005,0.2,0.005,0.1527452320653023,15.27452320653023,0.0552716781431516,0.016943765555909866,0.054411578535356026,0.04706601543308296
0.005,750,0.2,2.6,0.31132271635517617,0.25,0.6420524000000007,0.12122169325867165,0.3893763188175914,2.568209600000003,0.005,0.3114,0.36000000000000004,0.3892796829115981,0.3367269257185323,0.04860000000000003,15.60693641618498,-0.05255275719306579,0.2,0.005,0.2,0.005,0.2,0.005,0.2,0.005,0.1527452320653023,15.27452320653023,0.04755306055687167,0.018516035668144692,0.059460615504639346,0.051433432411513026
0.005,750,0.2,2.65,0.2640275647710885,0.25,0.468588350000001,0.14086327838234133,0.5335173185590284,1.874353400000004,0.005,0.3114,0.36000000000000004,0.4523547796478527,0.39128688439539255,0.04860000000000003,15.60693641618498,-0.06106789525246015,0.2,0.005,0.2,0.005,0.2,0.005,0.2,0.005,0.1527452320653023,15.27452320653023,0.04032895165259655,0.021516194145990007,0.06909503579315994,0.05976720596108335
0.005,750,0.2,2.7,0.24843398377891393,0.25,0.29512429999999945,0.21044860062261425,0.8471006962151217,1.1804971999999978,0.005,0.3114,0.36000000000000004,0.6758143886403797,0.5845794461739284,0.04860000000000003,15.60693641618498,-0.09123494246645125,0.2,0.005,0.2,0.005,0.2,0.005,0.2,0.005,0.1527452320653023,15.27452320653023,0.03794710650521776,0.03214502033991934,0.1032274256259452,0.0892917231664426
0.005,750,0.2,2.75,0.20661108420195065,0.25,0.25,0.20661108420195065,1.0,1.0,0.005,0.3114,0.36000000000000004,0.6634909576170541,0.5739196783387518,0.04860000000000003,15.60693641618498,-0.08957127927830233,0.2,0.005,0.2,0.005,0.2,0.005,0.2,0.005,0.1527452320653023,15.27452320653023,0.03155885800369067,0.03155885800369067,0.10134508029444658,0.08766349445469629
0.005,750,0.2,2.8,0.18210184673776686,0.25,0.25,0.18210184673776686,1.0,1.0,0.005,0.3114,0.36000000000000004,0.5847843504745243,0.5058384631604634,0.04860000000000003,15.60693641618498,-0.07894588731406083,0.2,0.005,0.2,0.005,0.2,0.005,0.2,0.005,0.1527452320653023,15.27452320653023,0.027815188839480313,0.027815188839480313,0.08932302132138828,0.07726441344300086
0.005,750,0.2,2.85,0.18439836178449698,0.25,0.25,0.18439836178449698,1.0,1.0,0.005,0.3114,0.36000000000000004,0.5921591579463615,0.5122176716236027,0.04860000000000003,15.60693641618498,-0.07994148632275888,0.2,0.005,0.2,0.005,0.2,0.005,0.2,0.005,0.1527452320653023,15.27452320653023,0.02816597056323456,0.02816597056323456,0.09044948800011099,0.078238807120096
0.005,750,0.2,2.9,0.16238580625952861,0.25,0.25,0.16238580625952861,1.0,1.0,0.005,0.3114,0.36000000000000004,0.5214701549760071,0.4510716840542461,0.04860000000000003,15.60693641618498,-0.07039847092176105,0.2,0.005,0.2,0.005,0.2,0.005,0.2,0.005,0.1527452320653023,15.27452320653023,0.024803657661222916,0.024803657661222916,0.07965207983693937,0.06889904905895254
0.005,750,0.2,2.95,0.1977495672775379,0.25,0.25,0.1977495672775379,1.0,1.0,0.005,0.3114,0.36000000000000004,0.6350339347384004,0.5493043535487163,0.04860000000000003,15.60693641618498,-0.0857295811896841,0.2,0.005,0.2,0.005,0.2,0.005,0.2,0.005,0.1527452320653023,15.27452320653023,0.030205303544620636,0.030205303544620636,0.09699840573095901,0.08390362095727953
0.005,750,0.2,3.0,0.16885029550720831,0.25,0.25,0.16885029550720831,1.0,1.0,0.005,0.3114,0.36000000000000004,0.5422295937932187,0.46902859863113416,0.04860000000000003,15.60693641618498,-0.0732009951620845,0.2,0.005,0.2,0.005,0.2,0.005,0.2,0.005,0.1527452320653023,15.27452320653023,0.025791077571543405,0.025791077571543405,0.08282298513661979,0.07164188214317611
0.005,750,0.2,3.1,0.20280827199456833,0.1666666666666667,0.25,0.1352055146630456,0.6666666666666669,1.4999999999999996,0.005,0.3114,0.36000000000000004,0.43418598157689653,0.37557087406401546,0.04860000000000003,15.60693641618498,-0.05861510751288107,0.2,0.005,0.2,0.005,0.2,0.005,0.2,0.005,0.1527452320653023,15.27452320653023,0.030977996570573287,0.020651997713715533,0.06631983851546414,0.057366660315876464
0.005,750,0.2,3.2,0.13477495322128225,0.1944444444444445,0.25,0.10482496361655289,0.777777777777778,1.2857142857142854,0.005,0.3114,0.36000000000000004,0.3366248028791037,0.2911804544904246,0.04860000000000003,15.60693641618498,-0.04544434838867906,0.2,0.005,0.2,0.005,0.2,0.005,0.2,0.005,0.1527452320653023,15.27452320653023,0.02058623150637502,0.01601151339384724,0.05141783363470533,0.044476426094020104
0.005,750,0.2,3.3,0.09763213107102992,0.22222222222222218,0.25,0.08678411650758214,0.8888888888888888,1.1250000000000002,0.005,0.3114,0.36000000000000004,0.2786901621951899,0.24106699029883924,0.04860000000000003,15.60693641618498,-0.03762317189635064,0.2,0.005,0.2,0.005,0.2,0.005,0.2,0.005,0.1527452320653023,15.27452320653023,0.014912842517474476,0.013255860015532866,0.042568593498821014,0.03682183337648018
0.005,750,0.2,3.4,0.09545433220013148,0.25,0.25,0.09545433220013148,1.0,1.0,0.005,0.3114,0.36000000000000004,0.30653285870305547,0.265150922778143,0.04860000000000003,15.60693641618498,-0.04138193592491246,0.2,0.005,0.2,0.005,0.2,0.005,0.2,0.005,0.1527452320653023,15.27452320653023,0.014580194123547541,0.014580194123547541,0.04682143263823873,0.040500539232076506
0.005,750,0.2,3.45,0.09693480267537428,0.25,0.25,0.09693480267537428,1.0,1.0,0.005,0.3114,0.36000000000000004,0.3112870991502064,0.2692633407649285,0.04860000000000003,15.60693641618498,-0.04202375838527789,0.2,0.005,0.2,0.005,0.2,0.005,0.2,0.005,0.1527452320653023,15.27452320653023,0.014806328929854331,0.014806328929854331,0.047547620198633046,0.04112869147181758
0.005,750,0.2,3.5,0.10194347396446778,0.25,0.25,0.10194347396446778,1.0,1.0,0.005,0.3114,0.36000000000000004,0.3273714642404232,0.283176316567966,0.04860000000000003,15.60693641618498,-0.04419514767245719,0.2,0.005,0.2,0.005,0.2,0.005,0.2,0.005,0.1527452320653023,15.27452320653023,0.015571379588245733,0.015571379588245733,0.050004430276961255,0.043253832189571476
0.005,750,0.2,3.55,0.08488900007956594,0.25,0.25,0.08488900007956594,1.0,1.0,0.005,0.3114,0.36000000000000004,0.2726043676286639,0.23580277799879426,0.04860000000000003,15.60693641618498,-0.03680158962986965,0.2,0.005,0.2,0.005,0.2,0.005,0.2,0.005,0.1527452320653023,15.27452320653023,0.012966390016944765,0.012966390016944765,0.04163901739545525,0.03601775004706879
0.005,750,0.2,3.6,0.1000248104765668,0.25,0.25,0.1000248104765668,1.0,1.0,0.005,0.3114,0.36000000000000004,0.3212100529112614,0.2778466957682411,0.04860000000000003,15.60693641618498,-0.04336335714302031,0.2,0.005,0.2,0.005,0.2,0.005,0.2,0.005,0.1527452320653023,15.27452320653023,0.015278312888531077,0.015278312888531077,0.04906330407363866,0.042439758023697434
0.005,750,0.2,3.65,0.10108794438793468,0.25,0.25,0.10108794438793468,1.0,1.0,0.005,0.3114,0.36000000000000004,0.3246240988694113,0.28079984552204074,0.04860000000000003,15.60693641618498,-0.043824253347370556,0.2,0.005,0.2,0.005,0.2,0.005,0.2,0.005,0.1527452320653023,15.27452320653023,0.015440701524539456,0.015440701524539456,0.04958478331579787,0.04289083756816515
0.005,750,0.2,3.7,0.09682439177726725,0.25,0.25,0.09682439177726725,1.0,1.0,0.005,0.3114,0.36000000000000004,0.31093253621473105,0.2689566438257423,0.04860000000000003,15.60693641618498,-0.041975892388988745,0.2,0.005,0.2,0.005,0.2,0.005,0.2,0.005,0.1527452320653023,15.27452320653023,0.014789464191600434,0.014789464191600434,0.0474934624007721,0.041081844976667864
0.005,750,0.2,3.75,0.10408846531954292,0.25,0.25,0.10408846531954292,1.0,1.0,0.005,0.3114,0.36000000000000004,0.33425968310707427,0.2891346258876192,0.04860000000000003,15.60693641618498,-0.04512505721945509,0.2,0.005,0.2,0.005,0.2,0.005,0.2,0.005,0.1527452320653023,15.27452320653023,0.015899016790554756,0.015899016790554756,0.051056572866264464,0.04416393552931876
0.005,750,0.2,3.8,0.10159668348748956,0.25,0.25,0.10159668348748956,1.0,1.0,0.005,0.3114,0.36000000000000004,0.3262578146675965,0.28221300968747093,0.04860000000000003,15.60693641618498,-0.044044804980125585,0.2,0.005,0.2,0.005,0.2,0.005,0.2,0.005,0.1527452320653023,15.27452320653023,0.015518408996361659,0.015518408996361659,0.04983432561452042,0.043106691656560156
0.005,750,0.2,3.85,0.09674634471092841,0.25,0.25,0.09674634471092841,1.0,1.0,0.005,0.3114,0.36000000000000004,0.31068190337485035,0.26873984641924553,0.04860000000000003,15.60693641618498,-0.04194205695560482,0.2,0.005,0.2,0.005,0.2,0.005,0.2,0.005,0.1527452320653023,15.27452320653023,0.014777542874340492,0.014777542874340492,0.047455179429481346,0.041048730206501356
0.005,750,0.2,3.9,0.10037655116153982,0.25,0.25,0.10037655116153982,1.0,1.0,0.005,0.3114,0.36000000000000004,0.32233959910577975,0.27882375322649944,0.04860000000000003,15.60693641618498,-0.04351584587928031,0.2,0.005,0.2,0.005,0.2,0.005,0.2,0.005,0.1527452320653023,15.27452320653023,0.01533203960108409,0.01533203960108409,0.04923583686924884,0.04258899889190024
0.005,750,0.2,4.0,0.10347181226922697,0.25,0.25,0.10347181226922697,1.0,1.0,0.005,0.3114,0.36000000000000004,0.3322794228298875,0.28742170074785267,0.04860000000000003,15.60693641618498,-0.04485772208203481,0.2,0.005,0.2,0.005,0.2,0.005,0.2,0.005,0.1527452320653023,15.27452320653023,0.015804825977280466,0.015804825977280466,0.05075409755067587,0.043902294381334625
0.005,750,0.2,4.1,0.09708655756841333,0.25,0.25,0.09708655756841333,1.0,1.0,0.005,0.3114,0.36000000000000004,0.3117744302132734,0.26968488213448144,0.04860000000000003,15.60693641618498,-0.04208954807879195,0.2,0.005,0.2,0.005,0.2,0.005,0.2,0.005,0.1527452320653023,15.27452320653023,0.014829508766208626,0.014829508766208626,0.04762205769495384,0.04119307990613506
0.005,750,0.2,4.2,0.10156762322957186,0.25,0.24556180000000039,0.10340332171939172,1.018073658036387,0.9822472000000015,0.005,0.3114,0.36000000000000004,0.3320594788676677,0.2872314492205325,0.04860000000000003,15.60693641618498,-0.04482802964713517,0.2,0.005,0.2,0.005,0.2,0.005,0.2,0.005,0.1527452320653023,15.27452320653023,0.015513970180522143,0.015794364372351603,0.05072050215912524,0.04387323436764333
0.01,725,0.2,1.5,0.09981308337103108,0.5555555555555556,0.5424700000000002,0.10222079190352672,1.0241221736788308,0.9764460000000004,0.01,0.4728,0.52,0.2162030285607587,0.1965784459683206,0.04720000000000002,9.983079526226739,-0.0196245825924381,0.2,0.01,0.2,0.01,0.2,0.01,0.2,0.01,0.0546807615390947,5.46807615390947,0.005457855410293129,0.005589510746414166,0.011822146248760927,0.010749059127719552
0.01,725,0.2,1.6,0.07924554391361448,0.777777777777778,0.7594578000000007,0.08115714005955608,1.0241224433770741,0.9764457428571435,0.01,0.4728,0.52,0.17165215748637075,0.156071423191454,0.04720000000000002,9.983079526226739,-0.015580734294916743,0.2,0.01,0.2,0.01,0.2,0.01,0.2,0.01,0.0546807615390947,5.46807615390947,0.004333206689776211,0.004437734222791496,0.009386070691183367,0.008534104274599032
0.01,725,0.2,1.7,0.06963303184297431,1.0,0.9764456000000004,0.07131276114406608,1.0241225932094933,0.9764456000000004,0.01,0.4728,0.52,0.150830713079666,0.13713992527705016,0.04720000000000002,9.983079526226739,-0.013690787802615845,0.2,0.01,0.2,0.01,0.2,0.01,0.2,0.01,0.0546807615390947,5.46807615390947,0.0038075872094498666,0.0038994360868130954,0.008247538254680829,0.0074989155515636455
0.01,725,0.2,1.75,0.08166159342653231,1.0,1.0,0.08166159342653231,1.0,1.0,0.01,0.4728,0.52,0.17271910623209033,0.15704152582025444,0.04720000000000002,9.983079526226739,-0.015677580411835895,0.2,0.01,0.2,0.01,0.2,0.01,0.2,0.01,0.0546807615390947,5.46807615390947,0.004465318117058717,0.004465318117058717,0.009444412261122496,0.008587150225112916
0.01,725,0.2,1.8,0.09774193552612878,1.0,1.0,0.09774193552612878,1.0,1.0,0.01,0.4728,0.52,0.20672998207726054,0.18796526062717073,0.04720000000000002,9.983079526226739,-0.01876472145008981,0.2,0.01,0.2,0.01,0.2,0.01,0.2,0.01,0.0546807615390947,5.46807615390947,0.005344603468873816,0.005344603468873816,0.011304152852948005,0.010278083593988109
0.01,725,0.2,1.85,0.10666470960110609,1.0,1.0,0.10666470960110609,1.0,1.0,0.01,0.4728,0.52,0.22560217766731408,0.20512444154058862,0.04720000000000002,9.983079526226739,-0.02047773612672546,0.2,0.01,0.2,0.01,0.2,0.01,0.2,0.01,0.0546807615390947,5.46807615390947,0.005832507550334867,0.005832507550334867,0.012336098879726877,0.011216360673720898
0.01,725,0.2,1.9,0.13723916403417835,1.0,1.0,0.13723916403417835,1.0,1.0,0.01,0.4728,0.52,0.2902689594631522,0.26392146929649685,0.04720000000000002,9.983079526226739,-0.02634749016665533,0.2,0.01,0.2,0.01,0.2,0.01,0.2,0.01,0.0546807615390947,5.46807615390947,0.007504342002377608,0.007504342002377608,0.01587212775460577,0.014431426927649248
0.01,725,0.2,1.95,0.14068508789074674,1.0,1.0,0.14068508789074674,1.0,1.0,0.01,0.4728,0.52,0.2975572924931192,0.2705482459437437,0.04720000000000002,9.983079526226739,-0.02700904654937547,0.2,0.01,0.2,0.01,0.2,0.01,0.2,0.01,0.0546807615390947,5.46807615390947,0.007692767743060502,0.007692767743060502,0.016270659355034904,0.014793784121270196
0.01,725,0.2,2.0,0.15792413002498681,1.0,1.0,0.15792413002498681,1.0,1.0,0.01,0.4728,0.52,0.334018887531698,0.30370025004805157,0.04720000000000002,9.983079526226739,-0.030318637483646438,0.2,0.01,0.2,0.01,0.2,0.01,0.2,0.01,0.0546807615390947,5.46807615390947,0.008635411695165289,0.008635411695165289,0.01826440713867447,0.01660656095224094
0.01,725,0.2,2.05,0.1603511967229929,1.0,1.0,0.1603511967229929,1.0,1.0,0.01,0.4728,0.52,0.33915227733289527,0.30836768600575554,0.04720000000000002,9.983079526226739,-0.030784591327139732,0.2,0.01,0.2,0.01,0.2,0.01,0.2,0.01,0.0546807615390947,5.46807615390947,0.008768125550518438,0.008768125550518438,0.01854510480228096,0.01686177990484315
0.01,725,0.2,2.1,0.19135337540930691,1.0,1.0,0.19135337540930691,1.0,1.0,0.01,0.4728,0.52,0.40472372125487927,0.3679872604025133,0.04720000000000002,9.983079526226739,-0.03673646085236598,0.2,0.01,0.2,0.01,0.2,0.01,0.2,0.01,0.0546807615390947,5.46807615390947,0.01046334829045718,0.01046334829045718,0.022130601291153087,0.020121823635494574
0.01,725,0.2,2.15,0.2520337333805512,0.7500000000000006,1.0,0.18902530003541354,0.7500000000000006,1.3333333333333324,0.01,0.4728,0.52,0.3997997039666107,0.36351019237579524,0.04720000000000002,9.983079526226739,-0.03628951159081545,0.2,0.01,0.2,0.01,0.2,0.01,0.2,0.01,0.0546807615390947,5.46807615390947,0.013781396474789692,0.010336047356092276,0.021861352275998894,0.0198770141463313
0.01,725,0.2,2.2,0.3919425179322328,0.4999999999999989,1.0,0.19597125896611595,0.4999999999999989,2.0000000000000044,0.01,0.4728,0.52,0.414490818456252,0.37686780570406914,0.04720000000000002,9.983079526226739,-0.03762301275218288,0.2,0.01,0.2,0.01,0.2,0.01,0.2,0.01,0.0546807615390947,5.46807615390947,0.021431715360084768,0.01071585768004236,0.02266467360415051,0.02060741861546608
0.01,725,0.2,2.25,0.7873772735175594,0.25,1.0,0.19684431837938984,0.25,4.0,0.01,0.4728,0.52,0.41633739081935245,0.37854676611421123,0.04720000000000002,9.983079526226739,-0.03779062470514122,0.2,0.01,0.2,0.01,0.2,0.01,0.2,0.01,0.0546807615390947,5.46807615390947,0.043054388934516206,0.010763597233629052,0.022765645587201885,0.020699225449286637
0.01,725,0.2,2.3,0.8159285974439335,0.25,1.0,0.20398214936098338,0.25,4.0,0.01,0.4728,0.52,0.4314343260596095,0.39227336415573727,0.04720000000000002,9.983079526226739,-0.03916096190387225,0.2,0.01,0.2,0.01,0.2,0.01,0.2,0.01,0.0546807615390947,5.46807615390947,0.044615597069759726,0.011153899267439931,0.023591157503045537,0.021449806283538327
0.01,725,0.2,2.35,0.7505363870026143,0.25,1.0,0.18763409675065357,0.25,4.0,0.01,0.4728,0.52,0.3968572266299779,0.36083480144356456,0.04720000000000002,9.983079526226739,-0.036022425186413354,0.2,0.01,0.2,0.01,0.2,0.01,0.2,0.01,0.0546807615390947,5.46807615390947,0.04103990120410365,0.010259975301025912,0.021700455374420287,0.019730721732742137
0.01,725,0.2,2.4,0.63660228572641,0.25,1.0,0.1591505714316025,0.25,4.0,0.01,0.4728,0.52,0.33661288373858395,0.30605879121462015,0.04720000000000002,9.983079526226739,-0.030554092523963794,0.2,0.01,0.2,0.01,0.2,0.01,0.2,0.01,0.0546807615390947,5.46807615390947,0.034809897781048454,0.008702474445262114,0.018406248826696517,0.016735527779350216
0.01,725,0.2,2.45,0.6972934003097001,0.25,1.0,0.17432335007742503,0.25,4.0,0.01,0.4728,0.52,0.3687042091316096,0.3352372116873558,0.04720000000000002,9.983079526226739,-0.0334669974442538,0.2,0.01,0.2,0.01,0.2,0.01,0.2,0.01,0.0546807615390947,5.46807615390947,0.038128534145119214,0.009532133536279803,0.02016102693798605,0.018331026031307315
0.01,725,0.2,2.5,0.6433123908866223,0.25,0.9889805000000003,0.16262008980122009,0.2527855705951735,3.955922000000001,0.01,0.4728,0.52,0.34395112056095617,0.3127309419254232,0.04720000000000002,9.983079526226739,-0.031220178635532947,0.2,0.01,0.2,0.01,0.2,0.01,0.2,0.01,0.0546807615390947,5.46807615390947,0.035176811441216274,0.008892190351886682,0.018807509204498057,0.01710036606132054
0.01,725,0.2,2.55,0.6146047474115554,0.25,0.8155164500000005,0.18840967199728312,0.3065542086857964,3.262065800000002,0.01,0.4728,0.52,0.3984976142074516,0.36232629230246755,0.04720000000000002,9.983079526226739,-0.036171321904984066,0.2,0.01,0.2,0.01,0.2,0.01,0.2,0.01,0.0546807615390947,5.46807615390947,0.03360705563400679,0.010302384346142487,0.021790153016375817,0.019812277588735553
0.01,725,0.2,2.6,0.5840836183836386,0.25,0.6420524000000007,0.22742832920788006,0.3893763188175914,2.568209600000003,0.01,0.4728,0.52,0.48102438495744515,0.4373621715536155,0.04720000000000002,9.983079526226739,-0.04366221340382964,0.2,0.01,0.2,0.01,0.2,0.01,0.2,0.01,0.0546807615390947,5.46807615390947,0.03193813705572734,0.012435954236650816,0.02630277968834775,0.023915296608943877
0.01,725,0.2,2.65,0.47839582766426314,0.25,0.468588350000001,0.2552324591852647,0.5335173185590284,1.874353400000004,0.01,0.4728,0.52,0.5398317664662959,0.4908316522793552,0.04720000000000002,9.983079526226739,-0.049000114186940724,0.2,0.01,0.2,0.01,0.2,0.01,0.2,0.01,0.0546807615390947,5.46807615390947,0.026159048173807417,0.01395630523774618,0.029518412093371787,0.02683904853412727
0.01,725,0.2,2.7,0.4680128741380905,0.25,0.29512429999999945,0.3964540315200166,0.8471006962151217,1.1804971999999978,0.01,0.4728,0.52,0.8385237553299844,0.762411599076955,0.04720000000000002,9.983079526226739,-0.07611215625302936,0.2,0.01,0.2,0.01,0.2,0.01,0.2,0.01,0.0546807615390947,5.46807615390947,0.02559130036797127,0.021678408358758762,0.04585111751006506,0.04168924684376685
0.01,725,0.2,2.75,0.45009330763452254,0.25,0.25,0.45009330763452254,1.0,1.0,0.01,0.4728,0.52,0.9519740009190409,0.8655640531433125,0.04720000000000002,9.983079526226739,-0.08640994777572841,0.2,0.01,0.2,0.01,0.2,0.01,0.2,0.01,0.0546807615390947,5.46807615390947,0.02461144482510572,0.02461144482510572,0.052054663335672,0.04732970158674177
0.01,725,0.2,2.8,0.3930765450906228,0.25,0.25,0.3930765450906228,1.0,1.0,0.01,0.4728,0.52,0.8313801715114695,0.7559164328665823,0.04720000000000002,9.983079526226739,-0.0754637386448872,0.2,0.01,0.2,0.01,0.2,0.01,0.2,0.01,0.0546807615390947,5.46807615390947,0.02149372482871155,0.02149372482871155,0.045460500906750315,0.04133408620906067
0.01,725,0.2,2.85,0.3738076934117501,0.25,0.25,0.3738076934117501,1.0,1.0,0.01,0.4728,0.52,0.7906254090773056,0.7188609488687501,0.04720000000000002,9.983079526226739,-0.07176446020855554,0.2,0.01,0.2,0.01,0.2,0.01,0.2,0.01,0.0546807615390947,5.46807615390947,0.020440089344926925,0.020440089344926925,0.04323199946050535,0.03930786412485947
0.01,725,0.2,2.9,0.3771942466205982,0.25,0.25,0.3771942466205982,1.0,1.0,0.01,0.4728,0.52,0.7977881696713159,0.725373551193458,0.04720000000000002,9.983079526226739,-0.0724146184778579,0.2,0.01,0.2,0.01,0.2,0.01,0.2,0.01,0.0546807615390947,5.46807615390947,0.02062526865337941,0.02062526865337941,0.04362366466450805,0.03966397817957578
0.01,725,0.2,2.95,0.2387126101046493,0.25,0.25,0.2387126101046493,1.0,1.0,0.01,0.4728,0.52,0.5048913073279385,0.4590627117397102,0.04720000000000002,9.983079526226739,-0.04582859558822833,0.2,0.01,0.2,0.01,0.2,0.01,0.2,0.01,0.0546807615390947,5.46807615390947,0.013052987309507217,0.013052987309507217,0.027607841179160784,0.025101898672129263
0.01,725,0.2,3.0,0.30886362103956605,0.25,0.25,0.30886362103956605,1.0,1.0,0.01,0.4728,0.52,0.6532648499144798,0.5939685019991655,0.04720000000000002,9.983079526226739,-0.05929634791531424,0.2,0.01,0.2,0.01,0.2,0.01,0.2,0.01,0.0546807615390947,5.46807615390947,0.016888898010165822,0.016888898010165822,0.035721019480046155,0.032478650019549665
0.01,725,0.2,3.1,0.30416066899685457,0.1666666666666667,0.25,0.20277377933123644,0.6666666666666669,1.4999999999999996,0.01,0.4728,0.52,0.42887855188501783,0.3899495756369931,0.04720000000000002,9.983079526226739,-0.038928976248024716,0.2,0.01,0.2,0.01,0.2,0.01,0.2,0.01,0.0546807615390947,5.46807615390947,0.01663173701098852,0.01108782467399235,0.023451405824856913,0.021322739757677595
0.01,725,0.2,3.2,0.2552088504071057,0.1944444444444445,0.25,0.19849577253886005,0.777777777777778,1.2857142857142854,0.01,0.4728,0.52,0.4198303141684857,0.38172263949780777,0.04720000000000002,9.983079526226739,-0.03810767467067794,0.2,0.01,0.2,0.01,0.2,0.01,0.2,0.01,0.0546807615390947,5.46807615390947,0.013955014291777439,0.010853900004715788,0.02295664129593018,0.020872884624453438
0.01,725,0.2,3.3,0.21548532775766607,0.22222222222222218,0.25,0.19154251356236981,0.8888888888888887,1.1250000000000002,0.01,0.4728,0.52,0.40512375964968234,0.36835098761994195,0.04720000000000002,9.983079526226739,-0.036772772029740386,0.2,0.01,0.2,0.01,0.2,0.01,0.2,0.01,0.0546807615390947,5.46807615390947,0.011782901822290602,0.010473690508702756,0.022152475695225795,0.02014171251673607
0.01,725,0.2,3.4,0.1829631586579871,0.25,0.25,0.1829631586579871,1.0,1.0,0.01,0.4728,0.52,0.3869779159432891,0.3518522281884367,0.04720000000000002,9.983079526226739,-0.03512568775485242,0.2,0.01,0.2,0.01,0.2,0.01,0.2,0.01,0.0546807615390947,5.46807615390947,0.010004564849016942,0.010004564849016942,0.021160247142590825,0.01923954778657104
0.01,725,0.2,3.45,0.16917216982210012,0.25,0.25,0.16917216982210012,1.0,1.0,0.01,0.4728,0.52,0.357809157830161,0.325331095811731,0.04720000000000002,9.983079526226739,-0.03247806201843001,0.2,0.01,0.2,0.01,0.2,0.01,0.2,0.01,0.0546807615390947,5.46807615390947,0.00925046307709349,0.00925046307709349,0.01956527723581533,0.01778935207133363
0.01,725,0.2,3.5,0.17492939864346835,0.25,0.25,0.17492939864346835,1.0,1.0,0.01,0.4728,0.52,0.3699860377399923,0.3364026896989776,0.04720000000000002,9.983079526226739,-0.033583348041014704,0.2,0.01,0.2,0.01,0.2,0.01,0.2,0.01,0.0546807615390947,5.46807615390947,0.009565272733400729,0.009565272733400729,0.020231118302455012,0.01839475525653986
0.01,725,0.2,3.55,0.1798927553414116,0.25,0.25,0.1798927553414116,1.0,1.0,0.01,0.4728,0.52,0.3804838310943562,0.34594760642579153,0.04720000000000002,9.983079526226739,-0.03453622466856465,0.2,0.01,0.2,0.01,0.2,0.01,0.2,0.01,0.0546807615390947,5.46807615390947,0.009836672857434432,0.009836672857434432,0.020805145637551675,0.018916678571989292
0.01,725,0.2,3.6,0.1673324768824392,0.25,0.25,0.1673324768824392,1.0,1.0,0.01,0.4728,0.52,0.3539180983131117,0.3217932247739215,0.04720000000000002,9.983079526226739,-0.03212487353919019,0.2,0.01,0.2,0.01,0.2,0.01,0.2,0.01,0.0546807615390947,5.46807615390947,0.009149867266154734,0.009149867266154734,0.019352511138229136,0.017595898588759103
0.01,725,0.2,3.65,0.18426642747066382,0.25,0.25,0.18426642747066382,1.0,1.0,0.01,0.4728,0.52,0.38973440666384057,0.3543585143666612,0.04720000000000002,9.983079526226739,-0.03537589229717936,0.2,0.01,0.2,0.01,0.2,0.01,0.2,0.01,0.0546807615390947,5.46807615390947,0.010075828580184258,0.010075828580184258,0.021310974154366027,0.019376593423431267
0.01,725,0.2,3.7,0.17415028137602837,0.25,0.25,0.17415028137602837,1.0,1.0,0.01,0.4728,0.52,0.3683381585787402,0.334904387261593,0.04720000000000002,9.983079526226739,-0.0334337713171472,0.2,0.01,0.2,0.01,0.2,0.01,0.2,0.01,0.0546807615390947,5.46807615390947,0.009522670007888851,0.009522670007888851,0.02014101101499334,0.018312826938247793
0.01,725,0.2,3.75,0.15786668008746366,0.25,0.25,0.15786668008746366,1.0,1.0,0.01,0.4728,0.52,0.33389737751155596,0.30358976939896853,0.04720000000000002,9.983079526226739,-0.030307608112587425,0.2,0.01,0.2,0.01,0.2,0.01,0.2,0.01,0.0546807615390947,5.46807615390947,0.00863227028883115,0.00863227028883115,0.018257762878238472,0.016600519786213748
0.01,725,0.2,3.8,0.1665589038086745,0.25,0.25,0.1665589038086745,1.0,1.0,0.01,0.4728,0.52,0.35228194544981917,0.3203055842474509,0.04720000000000002,9.983079526226739,-0.03197636120236824,0.2,0.01,0.2,0.01,0.2,0.01,0.2,0.01,0.0546807615390947,5.46807615390947,0.009107567701375142,0.009107567701375142,0.01926304505366993,0.01751455327187527
0.01,725,0.2,3.85,0.1645026303936398,0.25,0.25,0.1645026303936398,1.0,1.0,0.01,0.4728,0.52,0.3479328054010994,0.31635121229546115,0.04720000000000002,9.983079526226739,-0.03158159310563824,0.2,0.01,0.2,0.01,0.2,0.01,0.2,0.01,0.0546807615390947,5.46807615390947,0.00899512910510845,0.00899512910510845,0.019025230763765756,0.017298325202131634
0.01,725,0.2,3.9,0.16660765468259287,0.25,0.25,0.16660765468259287,1.0,1.0,0.01,0.4728,0.52,0.3523850564352641,0.3203993359280632,0.04720000000000002,9.983079526226739,-0.03198572050720089,0.2,0.01,0.2,0.01,0.2,0.01,0.2,0.01,0.0546807615390947,5.46807615390947,0.009110233436286695,0.009110233436286695,0.019268683240877105,0.017519679685166722
0.01,725,0.2,4.0,0.15319060405692767,0.25,0.25,0.15319060405692767,1.0,1.0,0.01,0.4728,0.52,0.32400719978199594,0.2945973154940916,0.04720000000000002,9.983079526226739,-0.02940988428790431,0.2,0.01,0.2,0.01,0.2,0.01,0.2,0.01,0.0546807615390947,5.46807615390947,0.008376578890466734,0.008376578890466734,0.017716960428229137,0.016108805558589873
0.01,725,0.2,4.1,0.15347072081044574,0.25,0.25,0.15347072081044574,1.0,1.0,0.01,0.4728,0.52,0.3245996633046653,0.2951360015585495,0.04720000000000002,9.983079526226739,-0.029463661746115755,0.2,0.01,0.2,0.01,0.2,0.01,0.2,0.01,0.0546807615390947,5.46807615390947,0.008391895887868962,0.008391895887868962,0.01774935678483283,0.016138261322824927
0.01,725,0.2,4.2,0.15190331068836696,0.25,0.24556180000000039,0.15464875918034351,1.0180736580363867,0.9822472000000015,0.01,0.4728,0.52,0.32709128422238476,0.2974014599621991,0.04720000000000002,9.983079526226739,-0.029689824260185682,0.2,0.01,0.2,0.01,0.2,0.01,0.2,0.01,0.0546807615390947,5.46807615390947,0.008306188708749608,0.008456311923057246,0.01788560051408047,0.01626213831357163
0.015,725,0.2,1.5,0.14819447446852613,0.5555555555555556,0.5424700000000002,0.151769247319899,1.0241221736788308,0.9764460000000004,0.015,0.6342,0.6799999999999999,0.23930817931236045,0.22319006958808676,0.04579999999999995,7.221696625670128,-0.016118109724273688,0.2,0.015,0.2,0.015,0.2,0.015,0.2,0.015,0.019522734662426943,1.9522734662426944,0.00289316140348684,0.0029629507453426394,0.004671950087263702,0.004357280507856823
0.015,725,0.2,1.6,0.11068266440145122,0.777777777777778,0.7594578000000007,0.11335260070629893,1.0241224433770741,0.9764457428571435,0.015,0.6342,0.6799999999999999,0.1787332083038457,0.1666950010386749,0.04579999999999995,7.221696625670128,-0.012038207265170797,0.2,0.015,0.2,0.015,0.2,0.015,0.2,0.015,0.019522734662426943,1.9522734662426944,0.00216082828883998,0.002212952746885103,0.0034893610010802638,0.0032543422748310337
0.015,725,0.2,1.7,0.10320398798115897,1.0,0.9764456000000004,0.10569353580082591,1.0241225932094933,0.9764456000000004,0.015,0.6342,0.6799999999999999,0.16665647398427297,0.15543167029533222,0.04579999999999995,7.221696625670128,-0.011224803688940743,0.2,0.015,0.2,0.015,0.2,0.015,0.2,0.015,0.019522734662426943,1.9522734662426944,0.0020148240734604657,0.002063426854973247,0.00325359012137062,0.003034451257313599
0.015,725,0.2,1.75,0.12519339824126366,1.0,1.0,0.12519339824126366,1.0,1.0,0.015,0.6342,0.6799999999999999,0.19740365537884524,0.18410793859009364,0.04579999999999995,7.221696625670128,-0.013295716788751605,0.2,0.015,0.2,0.015,0.2,0.015,0.2,0.015,0.019522734662426943,1.9522734662426944,0.0024441174953517384,0.0024441174953517384,0.003853859185354365,0.003594290434340792
0.015,725,0.2,1.8,0.13864175721456604,1.0,1.0,0.13864175721456604,1.0,1.0,0.015,0.6342,0.6799999999999999,0.21860888870161785,0.2038849370802442,0.04579999999999995,7.221696625670128,-0.01472395162137366,0.2,0.015,0.2,0.015,0.2,0.015,0.2,0.015,0.019522734662426943,1.9522734662426944,0.002706666239232589,0.002706666239232589,0.004267843328969709,0.00398039152828322
0.015,725,0.2,1.85,0.1581819150915885,1.0,1.0,0.1581819150915885,1.0,1.0,0.015,0.6342,0.6799999999999999,0.2494196075237914,0.2326204633699831,0.04579999999999995,7.221696625670128,-0.016799144153808288,0.2,0.015,0.2,0.015,0.2,0.015,0.2,0.015,0.019522734662426943,1.9522734662426944,0.0030881435567276304,0.0030881435567276304,0.004869352817293646,0.004541387583422986
0.015,725,0.2,1.9,0.18458742915264223,1.0,1.0,0.18458742915264223,1.0,1.0,0.015,0.6342,0.6799999999999999,0.29105554896348507,0.2714521016950621,0.04579999999999995,7.221696625670128,-0.019603447268422947,0.2,0.015,0.2,0.015,0.2,0.015,0.2,0.015,0.019522734662426943,1.9522734662426944,0.003603651401366566,0.003603651401366566,0.005682200254441132,0.005299487354950833
0.015,725,0.2,1.95,0.184934330298147,1.0,1.0,0.184934330298147,1.0,1.0,0.015,0.6342,0.6799999999999999,0.29160253910146167,0.27196225043845146,0.04579999999999995,7.221696625670128,-0.019640288663010208,0.2,0.015,0.2,0.015,0.2,0.015,0.2,0.015,0.019522734662426943,1.9522734662426944,0.0036104238603843473,0.0036104238603843473,0.005692878997767814,0.005309446853506394
0.015,725,0.2,2.0,0.2306676127711591,1.0,1.0,0.2306676127711591,1.0,1.0,0.015,0.6342,0.6799999999999999,0.36371430585171727,0.33921707760464576,0.04579999999999995,7.221696625670128,-0.024497228247071512,0.2,0.015,0.2,0.015,0.2,0.015,0.2,0.015,0.019522734662426943,1.9522734662426944,0.004503262599346783,0.004503262599346783,0.007100697886071875,0.0066224449990393884
0.015,725,0.2,2.05,0.23513930083895368,1.0,1.0,0.23513930083895368,1.0,1.0,0.015,0.6342,0.6799999999999999,0.3707652173430364,0.3457930894690496,0.04579999999999995,7.221696625670128,-0.024972127873986838,0.2,0.015,0.2,0.015,0.2,0.015,0.2,0.015,0.019522734662426943,1.9522734662426944,0.004590562178987478,0.004590562178987478,0.007238350960245156,0.006750826733805115
0.015,725,0.2,2.1,0.2744662465378855,1.0,1.0,0.2744662465378855,1.0,1.0,0.015,0.6342,0.6799999999999999,0.43277553853340506,0.40362683314394926,0.04579999999999995,7.221696625670128,-0.029148705389455798,0.2,0.015,0.2,0.015,0.2,0.015,0.2,0.015,0.019522734662426943,1.9522734662426944,0.005358331704951396,0.005358331704951396,0.008448962007176593,0.007879899566104994
0.015,725,0.2,2.15,0.33926434474935835,0.7500000000000006,1.0,0.25444825856201897,0.7500000000000007,1.3333333333333324,0.015,0.6342,0.6799999999999999,0.4012113821539246,0.37418861553238086,0.04579999999999995,7.221696625670128,-0.027022766621543737,0.2,0.015,0.2,0.015,0.2,0.015,0.2,0.015,0.019522734662426943,1.9522734662426944,0.006623367782963863,0.004967525837222901,0.007832743357336646,0.007305185054739561
0.015,725,0.2,2.2,0.586189216779109,0.4999999999999989,1.0,0.2930946083895538,0.4999999999999989,2.0000000000000044,0.015,0.6342,0.6799999999999999,0.4621485468141814,0.4310214829258145,0.04579999999999995,7.221696625670128,-0.03112706388836689,0.2,0.015,0.2,0.015,0.2,0.015,0.2,0.015,0.019522734662426943,1.9522734662426944,0.011444016541154413,0.005722008270577193,0.00902240345407946,0.008414718044966461
0.015,725,0.2,2.25,1.0480389133237422,0.25,1.0,0.26200972833093555,0.25,4.0,0.015,0.6342,0.6799999999999999,0.41313422947167383,0.38530842401608173,0.04579999999999995,7.221696625670128,-0.0278258054555921,0.2,0.015,0.2,0.015,0.2,0.015,0.2,0.015,0.019522734662426943,1.9522734662426944,0.02046058562071769,0.005115146405179422,0.008065509941941693,0.007522274125263856
0.015,725,0.2,2.3,1.1636443746584473,0.25,1.0,0.2909110936646118,0.25,4.0,0.015,0.6342,0.6799999999999999,0.45870560338160177,0.4278104318597233,0.04579999999999995,7.221696625670128,-0.030895171521878484,0.2,0.015,0.2,0.015,0.2,0.015,0.2,0.015,0.019522734662426943,1.9522734662426944,0.022717520367882594,0.0056793800919706485,0.008955187782987463,0.008352029547015659
0.015,725,0.2,2.35,0.9925189912661633,0.25,1.0,0.24812974781654082,0.25,4.0,0.015,0.6342,0.6799999999999999,0.3912484197674879,0.36489668796550123,0.04579999999999995,7.221696625670128,-0.02635173180198669,0.2,0.015,0.2,0.015,0.2,0.015,0.2,0.015,0.019522734662426943,1.9522734662426944,0.01937668491390895,0.0048441712284772375,0.007638239086214503,0.007123781218348879
0.015,725,0.2,2.4,0.95244183998947,0.25,1.0,0.2381104599973675,0.25,4.0,0.015,0.6342,0.6799999999999999,0.375450110371125,0.35016244117259926,0.04579999999999995,7.221696625670128,-0.025287669198525764,0.2,0.015,0.2,0.015,0.2,0.015,0.2,0.015,0.019522734662426943,1.9522734662426944,0.018594269323508123,0.004648567330877031,0.007329812883754384,0.006836128427760339
0.015,725,0.2,2.45,0.9701992584212927,0.25,1.0,0.24254981460532318,0.25,4.0,0.015,0.6342,0.6799999999999999,0.38245003879741907,0.35669090383135765,0.04579999999999995,7.221696625670128,-0.025759134966061414,0.2,0.015,0.2,0.015,0.2,0.015,0.2,0.015,0.019522734662426943,1.9522734662426944,0.018940942691842287,0.004735235672960572,0.007466470629076903,0.006963581872000841
0.015,725,0.2,2.5,1.0273041563452685,0.25,0.9889805000000003,0.259687667336532,0.2527855705951735,3.955922000000001,0.015,0.6342,0.6799999999999999,0.40947282771449384,0.3818936284360765,0.04579999999999995,7.221696625670128,-0.027579199278417343,0.2,0.015,0.2,0.015,0.2,0.015,0.2,0.015,0.019522734662426943,1.9522734662426944,0.02005578646193704,0.00506981342451571,0.007994029366943725,0.0074556079772289865
0.015,725,0.2,2.55,0.8029529747146776,0.25,0.8155164500000005,0.2461486137755643,0.3065542086857964,3.262065800000002,0.015,0.6342,0.6799999999999999,0.38812458810401185,0.3619832555523005,0.04579999999999995,7.221696625670128,-0.02614133255171136,0.2,0.015,0.2,0.015,0.2,0.015,0.2,0.015,0.019522734662426943,1.9522734662426944,0.01567583787176106,0.0048054940742645515,0.007577253349518372,0.007066903050389047
0.015,725,0.2,2.6,0.7617912042532199,0.25,0.6420524000000007,0.2966234548197386,0.3893763188175914,2.568209600000003,0.015,0.6342,0.6799999999999999,0.46771279536382626,0.4362109629702039,0.04579999999999995,7.221696625670128,-0.031501832393622364,0.2,0.015,0.2,0.015,0.2,0.015,0.2,0.015,0.019522734662426943,1.9522734662426944,0.014872247548806299,0.0057909010030981435,0.009131032802109971,0.008516030886909035
0.015,725,0.2,2.65,0.7386811341623433,0.25,0.468588350000001,0.39409917796843524,0.5335173185590283,1.874353400000004,0.015,0.6342,0.6799999999999999,0.6214115073611404,0.5795576146594636,0.04579999999999995,7.221696625670128,-0.04185389270167672,0.2,0.015,0.2,0.015,0.2,0.015,0.2,0.015,0.019522734662426943,1.9522734662426944,0.014421075782392026,0.007693893682158335,0.01213165197439031,0.011314549532585788
0.015,725,0.2,2.7,0.5751795407066407,0.25,0.29512429999999945,0.4872349893812893,0.8471006962151217,1.1804971999999978,0.015,0.6342,0.6799999999999999,0.7682670914242972,0.7165220432077785,0.04579999999999995,7.221696625670128,-0.05174504821651871,0.2,0.015,0.2,0.015,0.2,0.015,0.2,0.015,0.019522734662426943,1.9522734662426944,0.011229077556472343,0.00951215941594132,0.014998674575751056,0.013988469729325471
0.015,725,0.2,2.75,0.5285141906640283,0.25,0.25,0.5285141906640283,1.0,1.0,0.015,0.6342,0.6799999999999999,0.8333557090255886,0.7772267509765123,0.04579999999999995,7.221696625670128,-0.05612895804907636,0.2,0.015,0.2,0.015,0.2,0.015,0.2,0.015,0.019522734662426943,1.9522734662426944,0.010318042309661147,0.010318042309661147,0.01626938238672524,0.01517359163185463
0.015,725,0.2,2.8,0.5894352015024471,0.25,0.25,0.5894352015024471,1.0,1.0,0.015,0.6342,0.6799999999999999,0.929415328764502,0.8668164727977165,0.04579999999999995,7.221696625670128,-0.0625988559667855,0.2,0.015,0.2,0.015,0.2,0.015,0.2,0.015,0.019522734662426943,1.9522734662426944,0.011507387039626433,0.011507387039626433,0.018144728854661674,0.01692262799945064
0.015,725,0.2,2.85,0.5560323942013947,0.25,0.25,0.5560323942013947,1.0,1.0,0.015,0.6342,0.6799999999999999,0.8767461277221613,0.8176946973549923,0.04579999999999995,7.221696625670128,-0.05905143036716898,0.2,0.015,0.2,0.015,0.2,0.015,0.2,0.015,0.019522734662426943,1.9522734662426944,0.010855272895707811,0.010855272895707811,0.01711648201783004,0.015963636611335017
0.015,725,0.2,2.9,0.4715390414390371,0.25,0.25,0.4715390414390371,1.0,1.0,0.015,0.6342,0.6799999999999999,0.7435178830637608,0.6934397668221134,0.04579999999999995,7.221696625670128,-0.050078116241647375,0.2,0.015,0.2,0.015,0.2,0.015,0.2,0.015,0.019522734662426943,1.9522734662426944,0.009205731588989463,0.009205731588989463,0.014515502347823185,0.01353784057204333
0.015,725,0.2,2.95,0.3931660697936755,0.25,0.25,0.3931660697936755,1.0,1.0,0.015,0.6342,0.6799999999999999,0.6199401920430078,0.5781853967554053,0.04579999999999995,7.221696625670128,-0.04175479528760251,0.2,0.015,0.2,0.015,0.2,0.015,0.2,0.015,0.019522734662426943,1.9522734662426944,0.00767567685885116,0.00767567685885116,0.012102927875829643,0.011287760086545825
0.015,725,0.2,3.0,0.4144406785665424,0.25,0.25,0.4144406785665424,1.0,1.0,0.015,0.6342,0.6799999999999999,0.6534857750970394,0.6094715861272683,0.04579999999999995,7.221696625670128,-0.04401418896977116,0.2,0.015,0.2,0.015,0.2,0.015,0.2,0.015,0.019522734662426943,1.9522734662426944,0.00809101540097078,0.00809101540097078,0.01275782939288991,0.011898552060251148
0.015,725,0.2,3.1,0.4682362956187863,0.1666666666666667,0.25,0.3121575304125243,0.6666666666666669,1.4999999999999996,0.015,0.6342,0.6799999999999999,0.4922067650780894,0.45905519178312404,0.04579999999999995,7.221696625670128,-0.033151573294965375,0.2,0.015,0.2,0.015,0.2,0.015,0.2,0.015,0.019522734662426943,1.9522734662426944,0.009141252958683269,0.006094168639122181,0.00960922207367105,0.008962012704591444
0.015,725,0.2,3.2,0.34408359592641596,0.1944444444444445,0.25,0.2676205746094347,0.777777777777778,1.2857142857142854,0.015,0.6342,0.6799999999999999,0.42198135384647545,0.3935596685432864,0.04579999999999995,7.221696625670128,-0.02842168530318906,0.2,0.015,0.2,0.015,0.2,0.015,0.2,0.015,0.019522734662426943,1.9522734662426944,0.006717452744965147,0.005224685468306227,0.008238230003636436,0.007683360982803276
0.015,725,0.2,3.3,0.33540736404535176,0.22222222222222218,0.25,0.29813987915142376,0.8888888888888888,1.1250000000000002,0.015,0.6342,0.6799999999999999,0.47010387756452815,0.4384409987520938,0.04579999999999995,7.221696625670128,-0.03166287881243435,0.2,0.015,0.2,0.015,0.2,0.015,0.2,0.015,0.019522734662426943,1.9522734662426944,0.006548068972081441,0.00582050575296128,0.009177713265470325,0.008559567283766589
0.015,725,0.2,3.4,0.22757655139918176,0.25,0.25,0.22757655139918176,1.0,1.0,0.015,0.6342,0.6799999999999999,0.358840352253519,0.3346713991164438,0.04579999999999995,7.221696625670128,-0.024168953137075233,0.2,0.015,0.2,0.015,0.2,0.015,0.2,0.015,0.019522734662426943,1.9522734662426944,0.004442916628356393,0.004442916628356393,0.00700554498321727,0.0065337009240535185
0.015,725,0.2,3.45,0.21212350030019284,0.25,0.25,0.21212350030019284,1.0,1.0,0.015,0.6342,0.6799999999999999,0.3344741411229783,0.31194632397087185,0.04579999999999995,7.221696625670128,-0.022527817152106444,0.2,0.015,0.2,0.015,0.2,0.015,0.2,0.015,0.019522734662426943,1.9522734662426944,0.004141230812025907,0.004141230812025907,0.006529849908587049,0.006090045311802805
0.015,725,0.2,3.5,0.27571995799549726,0.25,0.25,0.27571995799549726,1.0,1.0,0.015,0.6342,0.6799999999999999,0.4347523777917018,0.4054705264639666,0.04579999999999995,7.221696625670128,-0.029281851327735198,0.2,0.015,0.2,0.015,0.2,0.015,0.2,0.015,0.019522734662426943,1.9522734662426944,0.005382807581081595,0.005382807581081595,0.00848755531548659,0.007915893501590582
0.015,725,0.2,3.55,0.22565093547747528,0.25,0.25,0.22565093547747528,1.0,1.0,0.015,0.6342,0.6799999999999999,0.35580406098624295,0.3318396109962872,0.04579999999999995,7.221696625670128,-0.023964449989955727,0.2,0.015,0.2,0.015,0.2,0.015,0.2,0.015,0.019522734662426943,1.9522734662426944,0.004405323339655172,0.004405323339655172,0.006946268274448396,0.00647841667596349
0.015,725,0.2,3.6,0.23764845693397618,0.25,0.25,0.23764845693397618,1.0,1.0,0.015,0.6342,0.6799999999999999,0.37472162871960923,0.34948302490290617,0.04579999999999995,7.221696625670128,-0.025238603816703065,0.2,0.015,0.2,0.015,0.2,0.015,0.2,0.015,0.019522734662426943,1.9522734662426944,0.004639547767657214,0.004639547767657214,0.007315590929765394,0.006822864364201785
0.015,725,0.2,3.65,0.2376617004271051,0.25,0.25,0.2376617004271051,1.0,1.0,0.015,0.6342,0.6799999999999999,0.3747425109225877,0.3495025006280958,0.04579999999999995,7.221696625670128,-0.02524001029449191,0.2,0.015,0.2,0.015,0.2,0.015,0.2,0.015,0.019522734662426943,1.9522734662426944,0.004639806316859573,0.004639806316859573,0.00731599860747331,0.00682324458361702
0.015,725,0.2,3.7,0.24403689086499736,0.25,0.25,0.24403689086499736,1.0,1.0,0.015,0.6342,0.6799999999999999,0.3847948452617429,0.3588777806838197,0.04579999999999995,7.221696625670128,-0.0259170645779232,0.2,0.015,0.2,0.015,0.2,0.015,0.2,0.015,0.019522734662426943,1.9522734662426944,0.004764267468200985,0.004764267468200985,0.0075122476635146405,0.007006275688530861
0.015,725,0.2,3.75,0.2328884073199524,0.25,0.25,0.2328884073199524,1.0,1.0,0.015,0.6342,0.6799999999999999,0.36721603172493283,0.3424829519411065,0.04579999999999995,7.221696625670128,-0.02473307978382633,0.2,0.015,0.2,0.015,0.2,0.015,0.2,0.015,0.019522734662426943,1.9522734662426944,0.004546618582062639,0.004546618582062639,0.0071690611511552186,0.006686203797150941
0.015,725,0.2,3.8,0.2177246146918117,0.25,0.25,0.2177246146918117,1.0,1.0,0.015,0.6342,0.6799999999999999,0.34330592035921115,0.3201832568997231,0.04579999999999995,7.221696625670128,-0.023122663459488046,0.2,0.015,0.2,0.015,0.2,0.015,0.2,0.015,0.019522734662426943,1.9522734662426944,0.004250579882107383,0.004250579882107383,0.006702270391213155,0.006250852767804975
0.015,725,0.2,3.85,0.22342020399515383,0.25,0.25,0.22342020399515383,1.0,1.0,0.015,0.6342,0.6799999999999999,0.3522866666590253,0.32855912352228506,0.04579999999999995,7.221696625670128,-0.023727543136740248,0.2,0.015,0.2,0.015,0.2,0.015,0.2,0.015,0.019522734662426943,1.9522734662426944,0.004361773360822688,0.004361773360822688,0.0068775991182949995,0.00641437258944513
0.015,725,0.2,3.9,0.2293068483267279,0.25,0.25,0.2293068483267279,1.0,1.0,0.015,0.6342,0.6799999999999999,0.361568666551132,0.3372159534216587,0.04579999999999995,7.221696625670128,-0.02435271312947329,0.2,0.015,0.2,0.015,0.2,0.015,0.2,0.015,0.019522734662426943,1.9522734662426944,0.004476696756160088,0.004476696756160088,0.0070588091393252745,0.006583377582588366
0.015,725,0.2,4.0,0.21711763259135677,0.25,0.25,0.21711763259135677,1.0,1.0,0.015,0.6342,0.6799999999999999,0.3423488372616789,0.31929063616375997,0.04579999999999995,7.221696625670128,-0.02305820109791895,0.2,0.015,0.2,0.015,0.2,0.015,0.2,0.015,0.019522734662426943,1.9522734662426944,0.004238729931615359,0.004238729931615359,0.006683585511850139,0.006233426370022587
0.015,725,0.2,4.1,0.21599295555781395,0.25,0.25,0.21599295555781395,1.0,1.0,0.015,0.6342,0.6799999999999999,0.3405754581485556,0.31763669934972644,0.04579999999999995,7.221696625670128,-0.022938758798829173,0.2,0.015,0.2,0.015,0.2,0.015,0.2,0.015,0.019522734662426943,1.9522734662426944,0.004216773160308576,0.004216773160308576,0.006648964301968744,0.00620113700045379
0.015,725,0.2,4.2,0.20967202955139433,0.25,0.24556180000000039,0.2134615701133014,1.0180736580363867,0.9822472000000015,0.015,0.6342,0.6799999999999999,0.33658399576364145,0.3139140736960315,0.04579999999999995,7.221696625670128,-0.022669922067609927,0.2,0.015,0.2,0.015,0.2,0.015,0.2,0.015,0.019522734662426943,1.9522734662426944,0.004093371399064413,0.004167353593947029,0.006571040040913007,0.006128461167569161
0.02,725,0.2,1.5,0.1774147503821339,0.5555555555555556,0.5424700000000002,0.18169437980403816,1.0241221736788308,0.9764460000000004,0.02,0.7956000000000001,0.8400000000000001,0.22837403193066633,0.21630283310004542,0.044399999999999995,5.5806938159879325,-0.01207119883062091,0.2,0.02,0.2,0.02,0.2,0.02,0.2,0.02,0.01992650548104792,1.992650548104792,0.0035352559959083395,0.003620534055040769,0.0045506963989954356,0.004310159589334249
0.02,725,0.2,1.6,0.14810769229731957,0.777777777777778,0.7594578000000007,0.15168041171847077,1.0241224433770741,0.9764457428571435,0.02,0.7956000000000001,0.8400000000000001,0.1906490846134625,0.1805719187124652,0.044399999999999995,5.5806938159879325,-0.010077165900997304,0.2,0.02,0.2,0.02,0.2,0.02,0.2,0.02,0.01992650548104792,1.992650548104792,0.0029512687423478975,0.003022460555475713,0.0037989700295069295,0.003598167327947277
0.02,725,0.2,1.7,0.14426507683291126,1.0,0.9764456000000004,0.14774512459568787,1.0241225932094933,0.9764456000000004,0.02,0.7956000000000001,0.8400000000000001,0.18570277098502747,0.17588705309010458,0.044399999999999995,5.5806938159879325,-0.009815717894922887,0.2,0.02,0.2,0.02,0.2,0.02,0.2,0.02,0.01992650548104792,1.992650548104792,0.0028746988442348055,0.0029440440350540823,0.0037004072838789366,0.0035048143274453354
0.02,725,0.2,1.75,0.15165750861395688,1.0,1.0,0.15165750861395688,1.0,1.0,0.02,0.7956000000000001,0.8400000000000001,0.19062029740316347,0.18054465311185341,0.044399999999999995,5.5806938159879325,-0.010075644291310054,0.2,0.02,0.2,0.02,0.2,0.02,0.2,0.02,0.01992650548104792,1.992650548104792,0.003022004176638084,0.003022004176638084,0.0037983964010031217,0.0035976240198072424
0.02,725,0.2,1.8,0.1698942830555989,1.0,1.0,0.1698942830555989,1.0,1.0,0.02,0.7956000000000001,0.8400000000000001,0.21354233667119013,0.20225509887571294,0.044399999999999995,5.5806938159879325,-0.01128723779547719,0.2,0.02,0.2,0.02,0.2,0.02,0.2,0.02,0.01992650548104792,1.992650548104792,0.0033853993625060984,0.0033853993625060984,0.004255152542114251,0.004030237336316783
0.02,725,0.2,1.85,0.20651945184396386,1.0,1.0,0.20651945184396386,1.0,1.0,0.02,0.7956000000000001,0.8400000000000001,0.2595769882402763,0.24585649029043316,0.044399999999999995,5.5806938159879325,-0.013720497949843147,0.2,0.02,0.2,0.02,0.2,0.02,0.2,0.02,0.01992650548104792,1.992650548104792,0.004115210989111758,0.004115210989111758,0.005172462278923777,0.004899060701323521
0.02,725,0.2,1.9,0.24249612611015567,1.0,1.0,0.24249612611015567,1.0,1.0,0.02,0.7956000000000001,0.8400000000000001,0.3047965385999945,0.28868586441685196,0.044399999999999995,5.5806938159879325,-0.016110674183142548,0.2,0.02,0.2,0.02,0.2,0.02,0.2,0.02,0.01992650548104792,1.992650548104792,0.004832100386066905,0.004832100386066905,0.006073529897017225,0.0057525004596034575
0.02,725,0.2,1.95,0.2821556981401818,1.0,1.0,0.2821556981401818,1.0,1.0,0.02,0.7956000000000001,0.8400000000000001,0.3546451711163673,0.33589964064307354,0.044399999999999995,5.5806938159879325,-0.018745530473293748,0.2,0.02,0.2,0.02,0.2,0.02,0.2,0.02,0.01992650548104792,1.992650548104792,0.005622377065499236,0.005622377065499236,0.0070668389460774705,0.006693306030356232
0.02,725,0.2,2.0,0.28015592926344,1.0,1.0,0.28015592926344,1.0,1.0,0.02,0.7956000000000001,0.8400000000000001,0.3521316355749623,0.3335189634088571,0.044399999999999995,5.5806938159879325,-0.018612672166105182,0.2,0.02,0.2,0.02,0.2,0.02,0.2,0.02,0.01992650548104792,1.992650548104792,0.005582528660016011,0.005582528660016011,0.007016752966334855,0.006645867452400012
0.02,725,0.2,2.05,0.3178358030659649,1.0,1.0,0.3178358030659649,1.0,1.0,0.02,0.7956000000000001,0.8400000000000001,0.39949195961031275,0.3783759560309105,0.044399999999999995,5.5806938159879325,-0.021116003579402243,0.2,0.02,0.2,0.02,0.2,0.02,0.2,0.02,0.01992650548104792,1.992650548104792,0.0063333568718672165,0.0063333568718672165,0.007960478722809472,0.0075397105617466854
0.02,725,0.2,2.1,0.3218411495443322,1.0,1.0,0.3218411495443322,1.0,1.0,0.02,0.7956000000000001,0.8400000000000001,0.4045263317550681,0.3831442256480145,0.044399999999999995,5.5806938159879325,-0.0213821061070536,0.2,0.02,0.2,0.02,0.2,0.02,0.2,0.02,0.01992650548104792,1.992650548104792,0.0064131694304218985,0.0064131694304218985,0.008060796166945574,0.0076347255124070215
0.02,725,0.2,2.15,0.4556549359713414,0.7500000000000006,1.0,0.34174120197850627,0.7500000000000006,1.3333333333333324,0.02,0.7956000000000001,0.8400000000000001,0.4295389667904804,0.4068347642601265,0.044399999999999995,5.5806938159879325,-0.022704202530353934,0.2,0.02,0.2,0.02,0.2,0.02,0.2,0.02,0.01992650548104792,1.992650548104792,0.009079610579099473,0.00680970793432461,0.008559210576074169,0.00810679515991025
0.02,725,0.2,2.2,0.7375680375934829,0.4999999999999989,1.0,0.3687840187967406,0.4999999999999989,2.0000000000000044,0.02,0.7956000000000001,0.8400000000000001,0.4635294353905739,0.4390285938056435,0.044399999999999995,5.5806938159879325,-0.024500841584930377,0.2,0.02,0.2,0.02,0.2,0.02,0.2,0.02,0.01992650548104792,1.992650548104792,0.014697153543752296,0.0073485767718761315,0.009236521834937318,0.008748305680804917
0.02,725,0.2,2.25,1.5590089559774658,0.25,1.0,0.38975223899436645,0.25,4.0,0.02,0.7956000000000001,0.8400000000000001,0.4898846643971423,0.46399076070757905,0.044399999999999995,5.5806938159879325,-0.025893903689563236,0.2,0.02,0.2,0.02,0.2,0.02,0.2,0.02,0.01992650548104792,1.992650548104792,0.031065600506287767,0.007766400126571942,0.009761689450190977,0.009245714436395169
0.02,725,0.2,2.3,1.2990324776194708,0.25,1.0,0.3247581194048677,0.25,4.0,0.02,0.7956000000000001,0.8400000000000001,0.408192709156445,0.3866168088153187,0.044399999999999995,5.5806938159879325,-0.02157590034112633,0.2,0.02,0.2,0.02,0.2,0.02,0.2,0.02,0.01992650548104792,1.992650548104792,0.025885177785343647,0.006471294446335912,0.008133854256329702,0.007703921959923704
0.02,725,0.2,2.35,1.3712831458175156,0.25,1.0,0.3428207864543789,0.25,4.0,0.02,0.7956000000000001,0.8400000000000001,0.4308959105761424,0.4081199838742606,0.044399999999999995,5.5806938159879325,-0.022775926701881832,0.2,0.02,0.2,0.02,0.2,0.02,0.2,0.02,0.01992650548104792,1.992650548104792,0.02732488112120136,0.00683122028030034,0.008586249723856637,0.008132405095595643
0.02,725,0.2,2.4,1.267582302282109,0.25,1.0,0.3168955755705273,0.25,4.0,0.02,0.7956000000000001,0.8400000000000001,0.3983101754280131,0.377256637583961,0.044399999999999995,5.5806938159879325,-0.021053537844052117,0.2,0.02,0.2,0.02,0.2,0.02,0.2,0.02,0.01992650548104792,1.992650548104792,0.02525848569410379,0.006314621423525947,0.007936929893823462,0.0075174064565785076
0.02,725,0.2,2.45,1.3221073926244014,0.25,1.0,0.33052684815610034,0.25,4.0,0.02,0.7956000000000001,0.8400000000000001,0.4154434994420567,0.3934843430429766,0.044399999999999995,5.5806938159879325,-0.021959156399080138,0.2,0.02,0.2,0.02,0.2,0.02,0.2,0.02,0.01992650548104792,1.992650548104792,0.026344980205664108,0.006586245051416027,0.008278337168697872,0.007840767918352413
0.02,725,0.2,2.5,1.1811971129544876,0.25,0.9889805000000003,0.2985895861835717,0.2527855705951734,3.955922000000001,0.02,0.7956000000000001,0.8400000000000001,0.3753011389939312,0.35546379307568055,0.044399999999999995,5.5806938159879325,-0.01983734591825065,0.2,0.02,0.2,0.02,0.2,0.02,0.2,0.02,0.01992650548104792,1.992650548104792,0.023537130745485576,0.005949847025670771,0.007478440203206097,0.007083151221036633
0.02,725,0.2,2.55,1.1152750875794208,0.25,0.8155164500000005,0.34189227193989163,0.3065542086857964,3.262065800000002,0.02,0.7956000000000001,0.8400000000000001,0.4297288485921212,0.40701460945225193,0.044399999999999995,5.5806938159879325,-0.022714239139869252,0.2,0.02,0.2,0.02,0.2,0.02,0.2,0.02,0.01992650548104792,1.992650548104792,0.02222353514552753,0.0068127182307381766,0.008562994256835314,0.008110378846116878
0.02,725,0.2,2.6,0.9047613654011148,0.25,0.6420524000000007,0.3522926498682638,0.3893763188175914,2.568209600000003,0.02,0.7956000000000001,0.8400000000000001,0.44280121904005,0.41939601174793306,0.044399999999999995,5.5806938159879325,-0.023405207292116925,0.2,0.02,0.2,0.02,0.2,0.02,0.2,0.02,0.01992650548104792,1.992650548104792,0.018028732306705715,0.007019961418532855,0.008823480918216256,0.008357096926824827
0.02,725,0.2,2.65,0.8188684414684668,0.25,0.468588350000001,0.4368804951448671,0.5335173185590284,1.874353400000004,0.02,0.7956000000000001,0.8400000000000001,0.5491207832388978,0.5200958275534132,0.044399999999999995,5.5806938159879325,-0.029024955685484577,0.2,0.02,0.2,0.02,0.2,0.02,0.2,0.02,0.01992650548104792,1.992650548104792,0.016317186487178573,0.008705501581067124,0.010942058296967224,0.010363692358413243
0.02,725,0.2,2.7,0.7605039740003129,0.25,0.29512429999999945,0.6442234458500319,0.8471006962151217,1.1804971999999978,0.02,0.7956000000000001,0.8400000000000001,0.8097328379211058,0.7669326736309903,0.044399999999999995,5.5806938159879325,-0.04280016429011557,0.2,0.02,0.2,0.02,0.2,0.02,0.2,0.02,0.01992650548104792,1.992650548104792,0.01515418660627596,0.01283712202475024,0.016135145833019403,0.015282288124702665
0.02,725,0.2,2.75,0.9299955237399659,0.25,0.25,0.9299955237399659,1.0,1.0,0.02,0.7956000000000001,0.8400000000000001,1.1689234838360556,1.107137528261864,0.044399999999999995,5.5806938159879325,-0.06178595557419153,0.2,0.02,0.2,0.02,0.2,0.02,0.2,0.02,0.01992650548104792,1.992650548104792,0.018531560901154463,0.018531560901154463,0.023292560207584793,0.02206138202518388
0.02,725,0.2,2.8,0.6328125447071137,0.25,0.25,0.6328125447071137,1.0,1.0,0.02,0.7956000000000001,0.8400000000000001,0.7953903276861659,0.7533482675084686,0.044399999999999995,5.5806938159879325,-0.042042060177697294,0.2,0.02,0.2,0.02,0.2,0.02,0.2,0.02,0.01992650548104792,1.992650548104792,0.012609742640582183,0.012609742640582183,0.015849349724210888,0.015011598381645456
0.02,725,0.2,2.85,0.7368125167033129,0.25,0.25,0.7368125167033129,1.0,1.0,0.02,0.7956000000000001,0.8400000000000001,0.9261092467361901,0.8771577579801344,0.044399999999999995,5.5806938159879325,-0.048951488756055705,0.2,0.02,0.2,0.02,0.2,0.02,0.2,0.02,0.01992650548104792,1.992650548104792,0.014682098652593277,0.014682098652593277,0.018454120981137852,0.017478688872134853
0.02,725,0.2,2.9,0.6442087352920598,0.25,0.25,0.6442087352920598,1.0,1.0,0.02,0.7956000000000001,0.8400000000000001,0.8097143480292355,0.7669151610619759,0.044399999999999995,5.5806938159879325,-0.042799186967259595,0.2,0.02,0.2,0.02,0.2,0.02,0.2,0.02,0.01992650548104792,1.992650548104792,0.012836828894736179,0.012836828894736179,0.016134777394087703,0.015281939160400212
0.02,725,0.2,2.95,0.5695546739794222,0.25,0.25,0.5695546739794222,1.0,1.0,0.02,0.7956000000000001,0.8400000000000001,0.7158806862486452,0.6780412785469311,0.044399999999999995,5.5806938159879325,-0.03783940770171412,0.2,0.02,0.2,0.02,0.2,0.02,0.2,0.02,0.01992650548104792,1.992650548104792,0.011349234332807417,0.011349234332807417,0.014265000418309975,0.013510993253342162
0.02,725,0.2,3.0,0.5737118942374465,0.25,0.25,0.5737118942374465,1.0,1.0,0.02,0.7956000000000001,0.8400000000000001,0.7211059505246938,0.6829903502826743,0.044399999999999995,5.5806938159879325,-0.03811560024201954,0.2,0.02,0.2,0.02,0.2,0.02,0.2,0.02,0.01992650548104792,1.992650548104792,0.011432073205064864,0.011432073205064864,0.014369121675546583,0.013609610958410548
0.02,725,0.2,3.1,0.7288101444974021,0.1666666666666667,0.25,0.48587342966493485,0.6666666666666669,1.4999999999999996,0.02,0.7956000000000001,0.8400000000000001,0.6107006406044933,0.5784207496011129,0.044399999999999995,5.5806938159879325,-0.03227989100338036,0.2,0.02,0.2,0.02,0.2,0.02,0.2,0.02,0.01992650548104792,1.992650548104792,0.01452263933897081,0.009681759559313876,0.012169129662284912,0.011525904237278423
0.02,725,0.2,3.2,0.5299197192658253,0.1944444444444445,0.25,0.41215978165119754,0.777777777777778,1.2857142857142854,0.02,0.7956000000000001,0.8400000000000001,0.5180489965449944,0.4906664067276161,0.044399999999999995,5.5806938159879325,-0.02738258981737829,0.2,0.02,0.2,0.02,0.2,0.02,0.2,0.02,0.01992650548104792,1.992650548104792,0.010559448190465842,0.008212904148140103,0.010322906169105205,0.00977726684302393
0.02,725,0.2,3.3,0.4593993767336244,0.22222222222222218,0.25,0.4083550015409994,0.8888888888888887,1.1250000000000002,0.02,0.7956000000000001,0.8400000000000001,0.5132667188800897,0.48613690659642783,0.044399999999999995,5.5806938159879325,-0.027129812283661847,0.2,0.02,0.2,0.02,0.2,0.02,0.2,0.02,0.01992650548104792,1.992650548104792,0.009154224198472566,0.008137088176420056,0.010227612087003589,0.0096870097338334
0.02,725,0.2,3.4,0.362711024147969,0.25,0.25,0.362711024147969,1.0,1.0,0.02,0.7956000000000001,0.8400000000000001,0.4558962093363109,0.43179883827139165,0.044399999999999995,5.5806938159879325,-0.02409737106491927,0.2,0.02,0.2,0.02,0.2,0.02,0.2,0.02,0.01992650548104792,1.992650548104792,0.0072275632107210094,0.0072275632107210094,0.00908441831412897,0.008604241917525011
0.02,725,0.2,3.45,0.308450530225414,0.25,0.25,0.308450530225414,1.0,1.0,0.02,0.7956000000000001,0.8400000000000001,0.3876954879655782,0.3672030121731119,0.044399999999999995,5.5806938159879325,-0.02049247579246627,0.2,0.02,0.2,0.02,0.2,0.02,0.2,0.02,0.01992650548104792,1.992650548104792,0.0061463411811688495,0.0061463411811688495,0.007725416265923642,0.0073170728347248205
0.02,725,0.2,3.5,0.29531020536220487,0.25,0.25,0.29531020536220487,1.0,1.0,0.02,0.7956000000000001,0.8400000000000001,0.3711792425367079,0.35155976828833907,0.044399999999999995,5.5806938159879325,-0.01961947424836885,0.2,0.02,0.2,0.02,0.2,0.02,0.2,0.02,0.01992650548104792,1.992650548104792,0.005884500425759363,0.005884500425759363,0.0073963052108589255,0.007005357649713525
0.02,725,0.2,3.55,0.30849738500753293,0.25,0.25,0.30849738500753293,1.0,1.0,0.02,0.7956000000000001,0.8400000000000001,0.3877543803513485,0.3672587916756344,0.044399999999999995,5.5806938159879325,-0.020495588675714105,0.2,0.02,0.2,0.02,0.2,0.02,0.2,0.02,0.01992650548104792,1.992650548104792,0.006147274833241556,0.006147274833241556,0.0077265897853714864,0.007318184325287565
0.02,725,0.2,3.6,0.30066207984222443,0.25,0.25,0.30066207984222443,1.0,1.0,0.02,0.7956000000000001,0.8400000000000001,0.3779060832607144,0.3579310474312195,0.044399999999999995,5.5806938159879325,-0.01997503582949489,0.2,0.02,0.2,0.02,0.2,0.02,0.2,0.02,0.01992650548104792,1.992650548104792,0.0059911445819193524,0.0059911445819193524,0.007530347639415977,0.007132314978475419
0.02,725,0.2,3.65,0.3019446036541994,0.25,0.25,0.3019446036541994,1.0,1.0,0.02,0.7956000000000001,0.8400000000000001,0.37951810414052206,0.3594578614930945,0.044399999999999995,5.5806938159879325,-0.020060242647427562,0.2,0.02,0.2,0.02,0.2,0.02,0.2,0.02,0.01992650548104792,1.992650548104792,0.006016700799688246,0.006016700799688246,0.007562469582313028,0.007162739047247912
0.02,725,0.2,3.7,0.28902659608393433,0.25,0.25,0.28902659608393433,1.0,1.0,0.02,0.7956000000000001,0.8400000000000001,0.36328129221208433,0.34407928105230273,0.044399999999999995,5.5806938159879325,-0.019202011159781596,0.2,0.02,0.2,0.02,0.2,0.02,0.2,0.02,0.01992650548104792,1.992650548104792,0.005759290051035141,0.005759290051035141,0.00723892666042627,0.006856297679803738
0.02,725,0.2,3.75,0.2842999729475902,0.25,0.25,0.2842999729475902,1.0,1.0,0.02,0.7956000000000001,0.8400000000000001,0.3573403380437282,0.33845234874713115,0.044399999999999995,5.5806938159879325,-0.018887989296597074,0.2,0.02,0.2,0.02,0.2,0.02,0.2,0.02,0.01992650548104792,1.992650548104792,0.005665104969201931,0.005665104969201931,0.007120544204627867,0.0067441725823832515
0.02,725,0.2,3.8,0.30170422249701984,0.25,0.25,0.30170422249701984,1.0,1.0,0.02,0.7956000000000001,0.8400000000000001,0.37921596593391127,0.3591716934488331,0.044399999999999995,5.5806938159879325,-0.020044272485078174,0.2,0.02,0.2,0.02,0.2,0.02,0.2,0.02,0.01992650548104792,1.992650548104792,0.006011910843242168,0.006011910843242168,0.007556449023682964,0.007157036718145437
0.02,725,0.2,3.85,0.2894587359511025,0.25,0.25,0.2894587359511025,1.0,1.0,0.02,0.7956000000000001,0.8400000000000001,0.36382445443828865,0.344593733275122,0.044399999999999995,5.5806938159879325,-0.019230721163166653,0.2,0.02,0.2,0.02,0.2,0.02,0.2,0.02,0.01992650548104792,1.992650548104792,0.0057679010884668465,0.0057679010884668465,0.0072497499855038285,0.006866548914841484
0.02,725,0.2,3.9,0.2901236488396576,0.25,0.25,0.2901236488396576,1.0,1.0,0.02,0.7956000000000001,0.8400000000000001,0.3646601921061558,0.34538529623768754,0.044399999999999995,5.5806938159879325,-0.019274895868468256,0.2,0.02,0.2,0.02,0.2,0.02,0.2,0.02,0.01992650548104792,1.992650548104792,0.005781150478785059,0.005781150478785059,0.0072664033167233015,0.006882321998553641
0.02,725,0.2,4.0,0.29284191297217704,0.25,0.25,0.29284191297217704,1.0,1.0,0.02,0.7956000000000001,0.8400000000000001,0.36807681369051914,0.3486213249668774,0.044399999999999995,5.5806938159879325,-0.019455488723641723,0.2,0.02,0.2,0.02,0.2,0.02,0.2,0.02,0.01992650548104792,1.992650548104792,0.005835315983920644,0.005835315983920644,0.0073344846454507845,0.006946804742762672
0.02,725,0.2,4.1,0.28396667922977065,0.25,0.25,0.28396667922977065,1.0,1.0,0.02,0.7956000000000001,0.8400000000000001,0.35692141682977707,0.3380555705116317,0.044399999999999995,5.5806938159879325,-0.018865846318145363,0.2,0.02,0.2,0.02,0.2,0.02,0.2,0.02,0.01992650548104792,1.992650548104792,0.005658463590107001,0.005658463590107001,0.007112196568761942,0.006736266178698811
0.02,725,0.2,4.2,0.27278704026475703,0.25,0.24556180000000039,0.2777172999472603,1.0180736580363867,0.9822472000000015,0.02,0.7956000000000001,0.8400000000000001,0.3490664906325544,0.33061583327054794,0.044399999999999995,5.5806938159879325,-0.018450657362006462,0.2,0.02,0.2,0.02,0.2,0.02,0.2,0.02,0.01992650548104792,1.992650548104792,0.005435692452994521,0.0055339352995809115,0.006955675338839758,0.006588018213786799
0.005,750,0.2,1.5,0.04884075202416189,0.5555555555555556,0.5424700000000002,0.050018897127093426,1.0241221736788306,0.9764460000000004,0.005,0.3114,0.36000000000000004,0.1606258738827663,0.13894138090859284,0.04860000000000003,15.60693641618498,-0.021684492974173464,0.2,0.005,0.25,0.005,0.2,0.005,0.25,0.005,0.08919734479975198,8.9197344799752,0.004356465398578353,0.004461552813548676,0.014327401456482583,0.012393202259857433
0.005,750,0.2,1.6,0.04307867817619278,0.777777777777778,0.7594578000000007,0.044117841151257185,1.0241224433770741,0.9764457428571435,0.005,0.3114,0.36000000000000004,0.14167579046646495,0.12254955875349216,0.04860000000000003,15.60693641618498,-0.019126231712972785,0.2,0.005,0.25,0.005,0.2,0.005,0.25,0.005,0.08919734479975198,8.9197344799752,0.003842503710799418,0.0039351942889893745,0.012637104332014688,0.010931095247192704
0.005,750,0.2,1.7,0.04236026595420346,1.0,0.9764456000000004,0.04338210541806266,1.0241225932094933,0.9764456000000004,0.005,0.3114,0.36000000000000004,0.13931311951850564,0.12050584838350736,0.04860000000000003,15.60693641618498,-0.018807271134998277,0.2,0.005,0.25,0.005,0.2,0.005,0.25,0.005,0.08919734479975198,8.9197344799752,0.003778423248126281,0.0038695686151141236,0.012426360356821205,0.010748801708650342
0.005,750,0.2,1.75,0.045037551506671714,1.0,1.0,0.045037551506671714,1.0,1.0,0.005,0.3114,0.36000000000000004,0.14462925981590144,0.12510430974075473,0.04860000000000003,15.60693641618498,-0.019524950075146708,0.2,0.005,0.25,0.005,0.2,0.005,0.25,0.005,0.08919734479975198,8.9197344799752,0.004017230010677187,0.004017230010677187,0.012900545955931875,0.011158972251881071
0.005,750,0.2,1.8,0.05716736423434416,1.0,1.0,0.05716736423434416,1.0,1.0,0.005,0.3114,0.36000000000000004,0.183581773392242,0.15879823398428933,0.04860000000000003,15.60693641618498,-0.024783539407952665,0.2,0.005,0.25,0.005,0.2,0.005,0.25,0.005,0.08919734479975198,8.9197344799752,0.005099177098903806,0.005099177098903806,0.016375006740217742,0.01416438083028835
0.005,750,0.2,1.85,0.06439110267503068,1.0,1.0,0.06439110267503068,1.0,1.0,0.005,0.3114,0.36000000000000004,0.20677939202000858,0.1788641740973074,0.04860000000000003,15.60693641618498,-0.027915217922701185,0.2,0.005,0.25,0.005,0.2,0.005,0.25,0.005,0.08919734479975198,8.9197344799752,0.005743515387340943,0.005743515387340943,0.01844417272749179,0.015954209409280395
0.005,750,0.2,1.9,0.07230061501695223,1.0,1.0,0.07230061501695223,1.0,1.0,0.005,0.3114,0.36000000000000004,0.23217923897544068,0.20083504171375616,0.04860000000000003,15.60693641618498,-0.031344197261684525,0.2,0.005,0.25,0.005,0.2,0.005,0.25,0.005,0.08919734479975198,8.9197344799752,0.006449022886901214,0.006449022886901214,0.020709771634236398,0.01791395246361448
0.005,750,0.2,1.95,0.08113043761884291,1.0,1.0,0.08113043761884291,1.0,1.0,0.005,0.3114,0.36000000000000004,0.2605344817560787,0.22536232671900805,0.04860000000000003,15.60693641618498,-0.035172155037070635,0.2,0.005,0.25,0.005,0.2,0.005,0.25,0.005,0.08919734479975198,8.9197344799752,0.0072366196180427,0.0072366196180427,0.023238984001421645,0.02010172116122972
0.005,750,0.2,2.0,0.09128539993882566,1.0,1.0,0.09128539993882566,1.0,1.0,0.005,0.3114,0.36000000000000004,0.2931451507348287,0.2535705553856268,0.04860000000000003,15.60693641618498,-0.039574595349201935,0.2,0.005,0.25,0.005,0.2,0.005,0.25,0.005,0.08919734479975198,8.9197344799752,0.008142415293526691,0.008142415293526691,0.026147769086469787,0.02261782025979636
0.005,750,0.2,2.05,0.10422421171857299,1.0,1.0,0.10422421171857299,1.0,1.0,0.005,0.3114,0.36000000000000004,0.33469560603266857,0.28951169921825826,0.04860000000000003,15.60693641618498,-0.04518390681441031,0.2,0.005,0.25,0.005,0.2,0.005,0.25,0.005,0.08919734479975198,8.9197344799752,0.009296522949143906,0.009296522949143906,0.029853959374257888,0.02582367485873307
0.005,750,0.2,2.1,0.09713854574565717,1.0,1.0,0.09713854574565717,1.0,1.0,0.005,0.3114,0.36000000000000004,0.3119413800438573,0.26982929373793657,0.04860000000000003,15.60693641618498,-0.042112086305920726,0.2,0.005,0.25,0.005,0.2,0.005,0.25,0.005,0.08919734479975198,8.9197344799752,0.008664500358221864,0.008664500358221864,0.02782434283308241,0.024068056550616286
0.005,750,0.2,2.15,0.1405713029723679,0.7500000000000006,1.0,0.105428477229276,0.7500000000000006,1.3333333333333324,0.005,0.3114,0.36000000000000004,0.3385628684305587,0.2928568811924333,0.04860000000000003,15.60693641618498,-0.04570598723812541,0.2,0.005,0.25,0.005,0.2,0.005,0.25,0.005,0.08919734479975198,8.9197344799752,0.0125385869801767,0.009403940235132531,0.030198908911793613,0.026122056208701477
0.005,750,0.2,2.2,0.22079793396222538,0.4999999999999989,1.0,0.11039896698111244,0.4999999999999989,2.0000000000000044,0.005,0.3114,0.36000000000000004,0.35452462100549914,0.3066637971697567,0.04860000000000003,15.60693641618498,-0.047860823835742416,0.2,0.005,0.25,0.005,0.2,0.005,0.25,0.005,0.08919734479975198,8.9197344799752,0.019694589446701487,0.00984729472335072,0.0316226548598289,0.027353596453752
0.005,750,0.2,2.25,0.4356350899459884,0.25,1.0,0.1089087724864971,0.25,4.0,0.005,0.3114,0.36000000000000004,0.34973915377808956,0.30252436801804744,0.04860000000000003,15.60693641618498,-0.04721478576004212,0.2,0.005,0.25,0.005,0.2,0.005,0.25,0.005,0.08919734479975198,8.9197344799752,0.0388574933247833,0.009714373331195824,0.03119580388951774,0.02698437036443284
0.005,750,0.2,2.3,0.45415042245896403,0.25,1.0,0.11353760561474101,0.25,4.0,0.005,0.3114,0.36000000000000004,0.3646037431430347,0.315382237818725,0.04860000000000003,15.60693641618498,-0.04922150532430969,0.2,0.005,0.25,0.005,0.2,0.005,0.25,0.005,0.08919734479975198,8.9197344799752,0.04050901182302524,0.01012725295575631,0.03252168579240947,0.028131258210434194
0.005,750,0.2,2.35,0.4540277236482687,0.25,1.0,0.11350693091206718,0.25,4.0,0.005,0.3114,0.36000000000000004,0.3645052373541014,0.3152970303112977,0.04860000000000003,15.60693641618498,-0.04920820704280371,0.2,0.005,0.25,0.005,0.2,0.005,0.25,0.005,0.08919734479975198,8.9197344799752,0.04049806741490113,0.010124516853725283,0.03251289933758922,0.028123657927014673
0.005,750,0.2,2.4,0.3825762102638982,0.25,1.0,0.09564405256597455,0.25,4.0,0.005,0.3114,0.36000000000000004,0.30714210843280204,0.2656779237943737,0.04860000000000003,15.60693641618498,-0.041464184638428325,0.2,0.005,0.25,0.005,0.2,0.005,0.25,0.005,0.08919734479975198,8.9197344799752,0.03412478213909134,0.008531195534772835,0.027396260548403457,0.023697765374368983
0.005,750,0.2,2.45,0.3807663770373969,0.25,1.0,0.09519159425934923,0.25,4.0,0.005,0.3114,0.36000000000000004,0.30568912735821846,0.26442109516485895,0.04860000000000003,15.60693641618498,-0.041268032193359505,0.2,0.005,0.25,0.005,0.2,0.005,0.25,0.005,0.08919734479975198,8.9197344799752,0.033963349820757056,0.008490837455189264,0.02726665849450631,0.023585659597747957
0.005,750,0.2,2.5,0.3661022709245435,0.25,0.9889805000000003,0.0925453714518495,0.2527855705951734,3.955922000000001,0.005,0.3114,0.36000000000000004,0.2971913020290607,0.25707047625513746,0.04860000000000003,15.60693641618498,-0.04012082577392323,0.2,0.005,0.25,0.005,0.2,0.005,0.25,0.005,0.08919734479975198,8.9197344799752,0.032655350491628723,0.008254801407011745,0.02650867503857336,0.022930003908365953
0.005,750,0.2,2.55,0.3618553417073052,0.25,0.8155164500000005,0.1109282779358114,0.3065542086857964,3.262065800000002,0.005,0.3114,0.36000000000000004,0.35622439928006233,0.3081341053772539,0.04860000000000003,15.60693641618498,-0.048090293902808445,0.2,0.005,0.25,0.005,0.2,0.005,0.25,0.005,0.08919734479975198,8.9197344799752,0.03227653568189858,0.009894507855083291,0.031774270568668245,0.02748474404189803
0.005,750,0.2,2.6,0.31132271635517617,0.25,0.6420524000000007,0.12122169325867165,0.3893763188175914,2.568209600000003,0.005,0.3114,0.36000000000000004,0.3892796829115981,0.3367269257185323,0.04860000000000003,15.60693641618498,-0.05255275719306579,0.2,0.005,0.25,0.005,0.2,0.005,0.25,0.005,0.08919734479975198,8.9197344799752,0.027769159674728035,0.010812653170803505,0.03472271410020394,0.0300351476966764
0.005,750,0.2,2.65,0.2640275647710885,0.25,0.468588350000001,0.14086327838234133,0.5335173185590284,1.874353400000004,0.005,0.3114,0.36000000000000004,0.4523547796478527,0.39128688439539255,0.04860000000000003,15.60693641618498,-0.06106789525246015,0.2,0.005,0.25,0.005,0.2,0.005,0.25,0.005,0.08919734479975198,8.9197344799752,0.02355055773152563,0.01256463041149315,0.04034884525206535,0.03490175114303652
0.005,750,0.2,2.7,0.24843398377891393,0.25,0.29512429999999945,0.21044860062261425,0.8471006962151217,1.1804971999999978,0.005,0.3114,0.36000000000000004,0.6758143886403797,0.5845794461739284,0.04860000000000003,15.60693641618498,-0.09123494246645125,0.2,0.005,0.25,0.005,0.2,0.005,0.25,0.005,0.08919734479975198,8.9197344799752,0.02215965171110378,0.018771456392360622,0.06028084904418954,0.05214293442322395
0.005,750,0.2,2.75,0.20661108420195065,0.25,0.25,0.20661108420195065,1.0,1.0,0.005,0.3114,0.36000000000000004,0.6634909576170541,0.5739196783387518,0.04860000000000003,15.60693641618498,-0.08957127927830233,0.2,0.005,0.25,0.005,0.2,0.005,0.25,0.005,0.08919734479975198,8.9197344799752,0.018429160117011983,0.018429160117011983,0.059181631718086006,0.0511921114361444
0.005,750,0.2,2.8,0.18210184673776686,0.25,0.25,0.18210184673776686,1.0,1.0,0.005,0.3114,0.36000000000000004,0.5847843504745243,0.5058384631604634,0.04860000000000003,15.60693641618498,-0.07894588731406083,0.2,0.005,0.25,0.005,0.2,0.005,0.25,0.005,0.08919734479975198,8.9197344799752,0.01624300121214018,0.01624300121214018,0.05216121134277515,0.0451194478115005
0.005,750,0.2,2.85,0.18439836178449698,0.25,0.25,0.18439836178449698,1.0,1.0,0.005,0.3114,0.36000000000000004,0.5921591579463615,0.5122176716236027,0.04860000000000003,15.60693641618498,-0.07994148632275888,0.2,0.005,0.25,0.005,0.2,0.005,0.25,0.005,0.08919734479975198,8.9197344799752,0.016447844256601188,0.016447844256601188,0.0528190245876724,0.045688456268336626
0.005,750,0.2,2.9,0.16238580625952861,0.25,0.25,0.16238580625952861,1.0,1.0,0.005,0.3114,0.36000000000000004,0.5214701549760071,0.4510716840542461,0.04860000000000003,15.60693641618498,-0.07039847092176105,0.2,0.005,0.25,0.005,0.2,0.005,0.25,0.005,0.08919734479975198,8.9197344799752,0.014484382751516898,0.014484382751516898,0.04651375321617501,0.04023439653199138
0.005,750,0.2,2.95,0.1977495672775379,0.25,0.25,0.1977495672775379,1.0,1.0,0.005,0.3114,0.36000000000000004,0.6350339347384004,0.5493043535487163,0.04860000000000003,15.60693641618498,-0.0857295811896841,0.2,0.005,0.25,0.005,0.2,0.005,0.25,0.005,0.08919734479975198,8.9197344799752,0.0176387363364563,0.0176387363364563,0.0566433408364043,0.04899648982348972
0.005,750,0.2,3.0,0.16885029550720831,0.25,0.25,0.16885029550720831,1.0,1.0,0.005,0.3114,0.36000000000000004,0.5422295937932187,0.46902859863113416,0.04860000000000003,15.60693641618498,-0.0732009951620845,0.2,0.005,0.25,0.005,0.2,0.005,0.25,0.005,0.08919734479975198,8.9197344799752,0.015060998027896474,0.015060998027896474,0.048365440038203186,0.04183610563304575
0.005,750,0.2,3.1,0.20280827199456833,0.1666666666666667,0.25,0.1352055146630456,0.6666666666666669,1.4999999999999996,0.005,0.3114,0.36000000000000004,0.43418598157689653,0.37557087406401546,0.04860000000000003,15.60693641618498,-0.05861510751288107,0.2,0.005,0.25,0.005,0.2,0.005,0.25,0.005,0.08919734479975198,8.9197344799752,0.018089959365341395,0.0120599729102276,0.0387282367059332,0.033499924750632216
0.005,750,0.2,3.2,0.13477495322128225,0.1944444444444445,0.25,0.10482496361655289,0.777777777777778,1.2857142857142854,0.005,0.3114,0.36000000000000004,0.3366248028791037,0.2911804544904246,0.04860000000000003,15.60693641618498,-0.04544434838867906,0.2,0.005,0.25,0.005,0.2,0.005,0.25,0.005,0.08919734479975198,8.9197344799752,0.012021567972849157,0.009350108423327124,0.030026038610555954,0.025972523398130897
0.005,750,0.2,3.3,0.09763213107102992,0.22222222222222218,0.25,0.08678411650758214,0.8888888888888888,1.1250000000000002,0.005,0.3114,0.36000000000000004,0.2786901621951899,0.24106699029883924,0.04860000000000003,15.60693641618498,-0.03762317189635064,0.2,0.005,0.25,0.005,0.2,0.005,0.25,0.005,0.08919734479975198,8.9197344799752,0.008708526858677235,0.007740912763268652,0.024858422489623156,0.02150253545352403
0.005,750,0.2,3.4,0.09545433220013148,0.25,0.25,0.09545433220013148,1.0,1.0,0.005,0.3114,0.36000000000000004,0.30653285870305547,0.265150922778143,0.04860000000000003,15.60693641618498,-0.04138193592491246,0.2,0.005,0.25,0.005,0.2,0.005,0.25,0.005,0.08919734479975198,8.9197344799752,0.008514272981885196,0.008514272981885196,0.027341917090190095,0.023650758283014436
0.005,750,0.2,3.45,0.09693480267537428,0.25,0.25,0.09693480267537428,1.0,1.0,0.005,0.3114,0.36000000000000004,0.3112870991502064,0.2692633407649285,0.04860000000000003,15.60693641618498,-0.04202375838527789,0.2,0.005,0.25,0.005,0.2,0.005,0.25,0.005,0.08919734479975198,8.9197344799752,0.008646327017331281,0.008646327017331281,0.027765982714615545,0.024017575048142444
0.005,750,0.2,3.5,0.10194347396446778,0.25,0.25,0.10194347396446778,1.0,1.0,0.005,0.3114,0.36000000000000004,0.3273714642404232,0.283176316567966,0.04860000000000003,15.60693641618498,-0.04419514767245719,0.2,0.005,0.25,0.005,0.2,0.005,0.25,0.005,0.08919734479975198,8.9197344799752,0.009093087197293171,0.009093087197293171,0.029200665373452703,0.025258575548036583
0.005,750,0.2,3.55,0.08488900007956594,0.25,0.25,0.08488900007956594,1.0,1.0,0.005,0.3114,0.36000000000000004,0.2726043676286639,0.23580277799879426,0.04860000000000003,15.60693641618498,-0.03680158962986965,0.2,0.005,0.25,0.005,0.2,0.005,0.25,0.005,0.08919734479975198,8.9197344799752,0.007571873409803217,0.007571873409803217,0.024315585773292285,0.021032981693897824
0.005,750,0.2,3.6,0.1000248104765668,0.25,0.25,0.1000248104765668,1.0,1.0,0.005,0.3114,0.36000000000000004,0.3212100529112614,0.2778466957682411,0.04860000000000003,15.60693641618498,-0.04336335714302031,0.2,0.005,0.25,0.005,0.2,0.005,0.25,0.005,0.08919734479975198,8.9197344799752,0.008921947508608174,0.008921947508608174,0.028651083842672363,0.024783187523911593
0.005,750,0.2,3.65,0.10108794438793468,0.25,0.25,0.10108794438793468,1.0,1.0,0.005,0.3114,0.36000000000000004,0.3246240988694113,0.28079984552204074,0.04860000000000003,15.60693641618498,-0.043824253347370556,0.2,0.005,0.25,0.005,0.2,0.005,0.25,0.005,0.08919734479975198,8.9197344799752,0.009016776230668764,0.009016776230668764,0.028955607677163656,0.025046600640746562
0.005,750,0.2,3.7,0.09682439177726725,0.25,0.25,0.09682439177726725,1.0,1.0,0.005,0.3114,0.36000000000000004,0.31093253621473105,0.2689566438257423,0.04860000000000003,15.60693641618498,-0.041975892388988745,0.2,0.005,0.25,0.005,0.2,0.005,0.25,0.005,0.08919734479975198,8.9197344799752,0.008636478658383177,0.008636478658383177,0.027734356642206737,0.023990218495508822
0.005,750,0.2,3.75,0.10408846531954292,0.25,0.25,0.10408846531954292,1.0,1.0,0.005,0.3114,0.36000000000000004,0.33425968310707427,0.2891346258876192,0.04860000000000003,15.60693641618498,-0.04512505721945509,0.2,0.005,0.25,0.005,0.2,0.005,0.25,0.005,0.08919734479975198,8.9197344799752,0.009284414730784297,0.009284414730784297,0.029815076206757538,0.025790040918845264
0.005,750,0.2,3.8,0.10159668348748956,0.25,0.25,0.10159668348748956,1.0,1.0,0.005,0.3114,0.36000000000000004,0.3262578146675965,0.28221300968747093,0.04860000000000003,15.60693641618498,-0.044044804980125585,0.2,0.005,0.25,0.005,0.2,0.005,0.25,0.005,0.08919734479975198,8.9197344799752,0.009062154407544876,0.009062154407544876,0.029101330788519186,0.025172651132069093
0.005,750,0.2,3.85,0.09674634471092841,0.25,0.25,0.09674634471092841,1.0,1.0,0.005,0.3114,0.36000000000000004,0.31068190337485035,0.26873984641924553,0.04860000000000003,15.60693641618498,-0.04194205695560482,0.2,0.005,0.25,0.005,0.2,0.005,0.25,0.005,0.08919734479975198,8.9197344799752,0.008629517067296344,0.008629517067296344,0.027712000858369758,0.023970880742489837
0.005,750,0.2,3.9,0.10037655116153982,0.25,0.25,0.10037655116153982,1.0,1.0,0.005,0.3114,0.36000000000000004,0.32233959910577975,0.27882375322649944,0.04860000000000003,15.60693641618498,-0.04351584587928031,0.2,0.005,0.25,0.005,0.2,0.005,0.25,0.005,0.08919734479975198,8.9197344799752,0.008953321843765813,0.008953321843765813,0.028751836364052062,0.02487033845490503
0.005,750,0.2,4.0,0.10347181226922697,0.25,0.25,0.10347181226922697,1.0,1.0,0.005,0.3114,0.36000000000000004,0.3322794228298875,0.28742170074785267,0.04860000000000003,15.60693641618498,-0.04485772208203481,0.2,0.005,0.25,0.005,0.2,0.005,0.25,0.005,0.08919734479975198,8.9197344799752,0.009229410916033446,0.009229410916033446,0.029638442248020057,0.02563725254453735
0.005,750,0.2,4.1,0.09708655756841333,0.25,0.25,0.09708655756841333,1.0,1.0,0.005,0.3114,0.36000000000000004,0.3117744302132734,0.26968488213448144,0.04860000000000003,15.60693641618498,-0.04208954807879195,0.2,0.005,0.25,0.005,0.2,0.005,0.25,0.005,0.08919734479975198,8.9197344799752,0.008659863150850735,0.008659863150850735,0.02780945135147956,0.024055175419029816
0.005,750,0.2,4.2,0.10156762322957186,0.25,0.24556180000000039,0.10340332171939172,1.018073658036387,0.9822472000000015,0.005,0.3114,0.36000000000000004,0.3320594788676677,0.2872314492205325,0.04860000000000003,15.60693641618498,-0.04482802964713517,0.2,0.005,0.25,0.005,0.2,0.005,0.25,0.005,0.08919734479975198,8.9197344799752,0.00905956230969942,0.009223301740844266,0.02961882383058531,0.02562028261345629
0.01,580,0.25,1.5,0.09505259428938104,0.5555555555555556,0.5424700000000002,0.09734546947745293,1.0241221736788308,0.9764460000000004,0.01,0.5035,0.55,0.19333757592344178,0.17699176268627803,0.0465000000000001,9.235352532274101,-0.016345813237163748,0.25,0.01,0.25,0.01,0.25,0.01,0.25,0.01,0.044323380003581485,4.432338000358149,0.004213052257014495,0.004314680235276189,0.008569374846625996,0.007844873155047616
0.01,580,0.25,1.6,0.06936357954205387,0.777777777777778,0.7594578000000007,0.07103679856198823,1.024122443377074,0.9764457428571435,0.01,0.5035,0.55,0.14108599515787137,0.1291578155672513,0.0465000000000001,9.235352532274101,-0.011928179590620064,0.25,0.01,0.25,0.01,0.25,0.01,0.25,0.01,0.044323380003581485,4.432338000358149,0.0030744282944511043,0.0031485910169008753,0.00625340817656579,0.005724710939819772
0.01,580,0.25,1.7,0.06569995558993613,1.0,0.9764456000000004,0.06728480889251394,1.0241225932094933,0.9764456000000004,0.01,0.5035,0.55,0.13363417853528092,0.12233601616820715,0.0465000000000001,9.235352532274101,-0.011298162367073775,0.25,0.01,0.25,0.01,0.25,0.01,0.25,0.01,0.044323380003581485,4.432338000358149,0.0029120440978311667,0.002982290153011254,0.005923118476685709,0.005422345732747734
0.01,580,0.25,1.75,0.072841408388406,1.0,1.0,0.072841408388406,1.0,1.0,0.01,0.5035,0.55,0.1446701258955432,0.13243892434255636,0.0465000000000001,9.235352532274101,-0.012231201552986848,0.25,0.01,0.25,0.01,0.25,0.01,0.25,0.01,0.044323380003581485,4.432338000358149,0.0032285774239953872,0.0032285774239953872,0.006412268965234135,0.005870140770900704
0.01,580,0.25,1.8,0.0879443186986666,1.0,1.0,0.0879443186986666,1.0,1.0,0.01,0.5035,0.55,0.17466597556835475,0.1598987612703029,0.0465000000000001,9.235352532274101,-0.014767214298051862,0.25,0.01,0.25,0.01,0.25,0.01,0.25,0.01,0.044323380003581485,4.432338000358149,0.0038979894568370766,0.0038979894568370766,0.007741786408812467,0.007087253557885593
0.01,580,0.25,1.85,0.09398039368207943,1.0,1.0,0.09398039368207943,1.0,1.0,0.01,0.5035,0.55,0.1866542079087973,0.17087344305832622,0.0465000000000001,9.235352532274101,-0.015780764850471085,0.25,0.01,0.25,0.01,0.25,0.01,0.25,0.01,0.044323380003581485,4.432338000358149,0.004165528702056995,0.004165528702056995,0.008273145386409128,0.007573688549194536
0.01,580,0.25,1.9,0.11330003562122043,1.0,1.0,0.11330003562122043,1.0,1.0,0.01,0.5035,0.55,0.22502489696369501,0.2060000647658553,0.0465000000000001,9.235352532274101,-0.01902483219783971,0.25,0.01,0.25,0.01,0.25,0.01,0.25,0.01,0.044323380003581485,4.432338000358149,0.005021840533258671,0.005021840533258671,0.009973864018388623,0.009130619151379402
0.01,580,0.25,1.95,0.11257306837047372,1.0,1.0,0.11257306837047372,1.0,1.0,0.01,0.5035,0.55,0.22358106925615437,0.204678306128134,0.0465000000000001,9.235352532274101,-0.01890276312802036,0.25,0.01,0.25,0.01,0.25,0.01,0.25,0.01,0.044323380003581485,4.432338000358149,0.004989618887553666,0.004989618887553666,0.0099098686942476,0.009072034341006665
0.01,580,0.25,2.0,0.14197599708242487,1.0,1.0,0.14197599708242487,1.0,1.0,0.01,0.5035,0.55,0.28197814713490543,0.25813817651349974,0.0465000000000001,9.235352532274101,-0.023839970621405693,0.25,0.01,0.25,0.01,0.25,0.01,0.25,0.01,0.044323380003581485,4.432338000358149,0.0062928560700716936,0.0062928560700716936,0.012498224568166225,0.011441556491039442
0.01,580,0.25,2.05,0.14247114660574461,1.0,1.0,0.14247114660574461,1.0,1.0,0.01,0.5035,0.55,0.28296156227556035,0.2590384483740811,0.0465000000000001,9.235352532274101,-0.023923113901479276,0.25,0.01,0.25,0.01,0.25,0.01,0.25,0.01,0.044323380003581485,4.432338000358149,0.006314802770552387,0.006314802770552387,0.012541812851146748,0.01148145958282252
0.01,580,0.25,2.1,0.1580720812436953,1.0,1.0,0.1580720812436953,1.0,1.0,0.01,0.5035,0.55,0.31394653673027867,0.28740378407944595,0.0465000000000001,9.235352532274101,-0.026542752650832724,0.25,0.01,0.25,0.01,0.25,0.01,0.25,0.01,0.044323380003581485,4.432338000358149,0.007006288924921312,0.007006288924921312,0.013915171648304494,0.012738707136220564
0.01,580,0.25,2.15,0.21305821239241332,0.7500000000000006,1.0,0.1597936592943101,0.7500000000000006,1.3333333333333324,0.01,0.5035,0.55,0.31736575828065566,0.2905339259896547,0.0465000000000001,9.235352532274101,-0.026831832291000945,0.25,0.01,0.25,0.01,0.25,0.01,0.25,0.01,0.044323380003581485,4.432338000358149,0.00944346011075271,0.007082595083064538,0.014066723104398288,0.012877445605571886
0.01,580,0.25,2.2,0.3476254060313481,0.4999999999999989,1.0,0.17381270301567367,0.4999999999999989,2.0000000000000044,0.01,0.5035,0.55,0.34520894342735586,0.31602309639213394,0.0465000000000001,9.235352532274101,-0.029185847035221923,0.25,0.01,0.25,0.01,0.25,0.01,0.25,0.01,0.044323380003581485,4.432338000358149,0.01540793297042675,0.007703966485213358,0.015300827180165557,0.014007211791297014
0.01,580,0.25,2.25,0.7078370914899427,0.25,1.0,0.17695927287248567,0.25,4.0,0.01,0.5035,0.55,0.35145833738328836,0.32174413249542844,0.0465000000000001,9.235352532274101,-0.02971420488785992,0.25,0.01,0.25,0.01,0.25,0.01,0.25,0.01,0.044323380003581485,4.432338000358149,0.0313737323867386,0.00784343309668465,0.015577821443266438,0.014260787448517545
0.01,580,0.25,2.3,0.7486163907006044,0.25,1.0,0.1871540976751511,0.25,4.0,0.01,0.5035,0.55,0.37170625158917797,0.3402801775911838,0.0465000000000001,9.235352532274101,-0.031426073997994186,0.25,0.01,0.25,0.01,0.25,0.01,0.25,0.01,0.044323380003581485,4.432338000358149,0.033181208761932514,0.008295302190483128,0.016475277438894,0.015082367619060231
0.01,580,0.25,2.35,0.766111312564107,0.25,1.0,0.19152782814102676,0.25,4.0,0.01,0.5035,0.55,0.38039290594047026,0.3482324148018668,0.0465000000000001,9.235352532274101,-0.032160491138603475,0.25,0.01,0.25,0.01,0.25,0.01,0.25,0.01,0.044323380003581485,4.432338000358149,0.0339566428318215,0.008489160707955376,0.016860299320666093,0.015434837650827956
0.01,580,0.25,2.4,0.6853874795528945,0.25,1.0,0.17134686988822362,0.25,4.0,0.01,0.5035,0.55,0.3403115588643965,0.31153976343313383,0.0465000000000001,9.235352532274101,-0.02877179543126268,0.25,0.01,0.25,0.01,0.25,0.01,0.25,0.01,0.044323380003581485,4.432338000358149,0.030378689705919875,0.007594672426479969,0.015083758543157836,0.013808495320872671
0.01,580,0.25,2.45,0.6264515001001312,0.25,1.0,0.1566128750250328,0.25,4.0,0.01,0.5035,0.55,0.3110484111718626,0.28475068186369595,0.0465000000000001,9.235352532274101,-0.02629772930816665,0.25,0.01,0.25,0.01,0.25,0.01,0.25,0.01,0.044323380003581485,4.432338000358149,0.02776644789275178,0.006941611973187945,0.013786716927880726,0.012621112678523535
0.01,580,0.25,2.5,0.630997923313991,0.25,0.9889805000000003,0.1595071700892967,0.2527855705951735,3.955922000000001,0.01,0.5035,0.55,0.3167967628387224,0.290013036525994,0.0465000000000001,9.235352532274101,-0.026783726312728406,0.25,0.01,0.25,0.01,0.25,0.01,0.25,0.01,0.044323380003581485,4.432338000358149,0.02796796073651679,0.007069896913163805,0.014041503303205173,0.012854358023934188
0.01,580,0.25,2.55,0.6270921204414486,0.25,0.8155164500000005,0.1922377287550264,0.3065542086857964,3.262065800000002,0.01,0.5035,0.55,0.38180283764652717,0.34952314319095706,0.0465000000000001,9.235352532274101,-0.03227969445557011,0.25,0.01,0.25,0.01,0.25,0.01,0.25,0.01,0.044323380003581485,4.432338000358149,0.027794842351578013,0.008520625902634459,0.01692279225945275,0.015492047095699015
0.01,580,0.25,2.6,0.4833778033342425,0.25,0.6420524000000007,0.188215869660421,0.3893763188175914,2.568209600000003,0.01,0.5035,0.55,0.3738150340822662,0.34221067210985634,0.0465000000000001,9.235352532274101,-0.031604361972409845,0.25,0.01,0.25,0.01,0.25,0.01,0.25,0.01,0.044323380003581485,4.432338000358149,0.02142493806248011,0.008342363513663404,0.01656874580668005,0.015167933661206187
0.01,580,0.25,2.65,0.5417634388136315,0.25,0.468588350000001,0.2890401771691669,0.5335173185590283,1.874353400000004,0.01,0.5035,0.55,0.5740619208920893,0.5255275948530307,0.0465000000000001,9.235352532274101,-0.048534326039058606,0.25,0.01,0.25,0.01,0.25,0.01,0.25,0.01,0.044323380003581485,4.432338000358149,0.024012786770583657,0.012811237608971503,0.025444364665286007,0.023293159289039092
0.01,580,0.25,2.7,0.44932408398408374,0.25,0.29512429999999945,0.3806227443691392,0.8471006962151217,1.1804971999999978,0.01,0.5035,0.55,0.7559538120539011,0.6920413533984348,0.0465000000000001,9.235352532274101,-0.06391245865546635,0.25,0.01,0.25,0.01,0.25,0.01,0.25,0.01,0.044323380003581485,4.432338000358149,0.019915562119187706,0.01687048653667941,0.033506428076821075,0.03067361188487165
0.01,580,0.25,2.75,0.5215698228184192,0.25,0.25,0.5215698228184192,1.0,1.0,0.01,0.5035,0.55,1.0358884266502866,0.9483087687607622,0.0465000000000001,9.235352532274101,-0.08757965788952438,0.25,0.01,0.25,0.01,0.25,0.01,0.25,0.01,0.044323380003581485,4.432338000358149,0.02311773745518146,0.02311773745518146,0.0459140763757328,0.042032249918511747
0.01,580,0.25,2.8,0.3970038328691058,0.25,0.25,0.3970038328691058,1.0,1.0,0.01,0.5035,0.55,0.7884882480021963,0.7218251506711014,0.0465000000000001,9.235352532274101,-0.06666309733109488,0.25,0.01,0.25,0.01,0.25,0.01,0.25,0.01,0.044323380003581485,4.432338000358149,0.01759655174713573,0.01759655174713573,0.034948464244559545,0.03199373044933769
0.01,580,0.25,2.85,0.3719792712299416,0.25,0.25,0.3719792712299416,1.0,1.0,0.01,0.5035,0.55,0.7387870332272922,0.6763259476908029,0.0465000000000001,9.235352532274101,-0.062461085536489325,0.25,0.01,0.25,0.01,0.25,0.01,0.25,0.01,0.044323380003581485,4.432338000358149,0.016487378592180007,0.016487378592180007,0.03274553841545185,0.02997705198578183
0.01,580,0.25,2.9,0.3788348664497338,0.25,0.25,0.3788348664497338,1.0,1.0,0.01,0.5035,0.55,0.7524029125118845,0.6887906662722432,0.0465000000000001,9.235352532274101,-0.06361224623964135,0.25,0.01,0.25,0.01,0.25,0.01,0.25,0.01,0.044323380003581485,4.432338000358149,0.016791241744257595,0.016791241744257595,0.03334904020706573,0.03052953044410471
0.01,580,0.25,2.95,0.345861418128183,0.25,0.25,0.345861418128183,1.0,1.0,0.01,0.5035,0.55,0.6869144352098968,0.6288389420512418,0.0465000000000001,9.235352532274101,-0.05807549315865501,0.25,0.01,0.25,0.01,0.25,0.01,0.25,0.01,0.044323380003581485,4.432338000358149,0.015329747064273041,0.015329747064273041,0.03044636954175381,0.027872267389587348
0.01,580,0.25,3.0,0.3172611728707802,0.25,0.25,0.3172611728707802,1.0,1.0,0.01,0.5035,0.55,0.6301115647880442,0.5768384961286912,0.0465000000000001,9.235352532274101,-0.053273068659352996,0.25,0.01,0.25,0.01,0.25,0.01,0.25,0.01,0.044323380003581485,4.432338000358149,0.014062087525533548,0.014062087525533548,0.027928674330751836,0.025567431864606447
0.01,580,0.25,3.1,0.3905023672380763,0.1666666666666667,0.25,0.26033491149205096,0.6666666666666669,1.4999999999999996,0.01,0.5035,0.55,0.5170504696962284,0.4733362027128199,0.0465000000000001,9.235352532274101,-0.04371426698340847,0.25,0.01,0.25,0.01,0.25,0.01,0.25,0.01,0.044323380003581485,4.432338000358149,0.017308384815391386,0.011538923210260926,0.022917424449376222,0.020979860382292593
0.01,580,0.25,3.2,0.3377636783757611,0.1944444444444445,0.25,0.2627050831811476,0.777777777777778,1.2857142857142854,0.01,0.5035,0.55,0.5217578613329645,0.4776456057839047,0.0465000000000001,9.235352532274101,-0.04411225554905984,0.25,0.01,0.25,0.01,0.25,0.01,0.25,0.01,0.044323380003581485,4.432338000358149,0.014970827868056338,0.011643977230710489,0.023126071957716963,0.021170867692200886
0.01,580,0.25,3.3,0.23860650823054108,0.22222222222222218,0.25,0.21209467398270315,0.8888888888888887,1.1250000000000002,0.01,0.5035,0.55,0.42124066332215127,0.38562667996855116,0.0465000000000001,9.235352532274101,-0.03561398335360011,0.25,0.01,0.25,0.01,0.25,0.01,0.25,0.01,0.044323380003581485,4.432338000358149,0.010575846935629966,0.00940075283167108,0.01867080999338844,0.0170922778757656
0.01,580,0.25,3.4,0.2338222738287722,0.25,0.25,0.2338222738287722,1.0,1.0,0.01,0.5035,0.55,0.46439379111970647,0.42513140696140395,0.0465000000000001,9.235352532274101,-0.03926238415830252,0.25,0.01,0.25,0.01,0.25,0.01,0.25,0.01,0.044323380003581485,4.432338000358149,0.010363793496214156,0.010363793496214156,0.020583502475102596,0.018843260902207556
0.01,580,0.25,3.45,0.17249540697622304,0.25,0.25,0.17249540697622304,1.0,1.0,0.01,0.5035,0.55,0.34259266529537846,0.31362801268404183,0.0465000000000001,9.235352532274101,-0.028964652611336628,0.25,0.01,0.25,0.01,0.25,0.01,0.25,0.01,0.044323380003581485,4.432338000358149,0.007645579472279574,0.007645579472279574,0.015184864890326862,0.01390105358596286
0.01,580,0.25,3.5,0.21865302899208994,0.25,0.25,0.21865302899208994,1.0,1.0,0.01,0.5035,0.55,0.43426619462182714,0.39755096180379984,0.0465000000000001,9.235352532274101,-0.0367152328180273,0.25,0.01,0.25,0.01,0.25,0.01,0.25,0.01,0.044323380003581485,4.432338000358149,0.009691441292950522,0.009691441292950522,0.01924814556693252,0.01762080235081913
0.01,580,0.25,3.55,0.17432843803149745,0.25,0.25,0.17432843803149745,1.0,1.0,0.01,0.5035,0.55,0.3462332433594786,0.3169607964209044,0.0465000000000001,9.235352532274101,-0.02927244693857417,0.25,0.01,0.25,0.01,0.25,0.01,0.25,0.01,0.044323380003581485,4.432338000358149,0.007726825604300868,0.007726825604300868,0.015346227615294675,0.014048773826001577
0.01,580,0.25,3.6,0.15948167813100736,0.25,0.25,0.15948167813100736,1.0,1.0,0.01,0.5035,0.55,0.31674613332871376,0.28996668751092247,0.0465000000000001,9.235352532274101,-0.026779445817791292,0.25,0.01,0.25,0.01,0.25,0.01,0.25,0.01,0.044323380003581485,4.432338000358149,0.0070687670234095105,0.0070687670234095105,0.014039259232193667,0.012852303678926383
0.01,580,0.25,3.65,0.17869515730371885,0.25,0.25,0.17869515730371885,1.0,1.0,0.01,0.5035,0.55,0.35490597279785274,0.3249002860067615,0.0465000000000001,9.235352532274101,-0.030005686791091224,0.25,0.01,0.25,0.01,0.25,0.01,0.25,0.01,0.044323380003581485,4.432338000358149,0.0079203733619725,0.0079203733619725,0.01573063229785998,0.014400678839949999
0.01,580,0.25,3.7,0.1642911218744414,0.25,0.25,0.1642911218744414,1.0,1.0,0.01,0.5035,0.55,0.3262981566523166,0.2987111306808025,0.0465000000000001,9.235352532274101,-0.02758702597151408,0.25,0.01,0.25,0.01,0.25,0.01,0.25,0.01,0.044323380003581485,4.432338000358149,0.007281937826055585,0.007281937826055585,0.014462637191768789,0.013239886956464698
0.01,580,0.25,3.75,0.15051264350191254,0.25,0.25,0.15051264350191254,1.0,1.0,0.01,0.5035,0.55,0.2989327576999256,0.2736593518216591,0.0465000000000001,9.235352532274101,-0.025273405878266486,0.25,0.01,0.25,0.01,0.25,0.01,0.25,0.01,0.044323380003581485,4.432338000358149,0.006671229093278859,0.006671229093278859,0.013249710215052352,0.012129507442325197
0.01,580,0.25,3.8,0.1417955433569496,0.25,0.25,0.1417955433569496,1.0,1.0,0.01,0.5035,0.55,0.2816197484745772,0.25781007883081747,0.0465000000000001,9.235352532274101,-0.023809669643759745,0.25,0.01,0.25,0.01,0.25,0.01,0.25,0.01,0.044323380003581485,4.432338000358149,0.006284857751024392,0.006284857751024392,0.012482339128151724,0.011427014092771621
0.01,580,0.25,3.85,0.15739551626361223,0.25,0.25,0.15739551626361223,1.0,1.0,0.01,0.5035,0.55,0.31260281283736296,0.2861736659338404,0.0465000000000001,9.235352532274101,-0.02642914690352255,0.25,0.01,0.25,0.01,0.25,0.01,0.25,0.01,0.044323380003581485,4.432338000358149,0.006976301278211975,0.006976301278211975,0.0138556132635789,0.01268418414220359
0.01,580,0.25,3.9,0.16469419306590893,0.25,0.25,0.16469419306590893,1.0,1.0,0.01,0.5035,0.55,0.32709869526496316,0.2994439873925617,0.0465000000000001,9.235352532274101,-0.027654707872401485,0.25,0.01,0.25,0.01,0.25,0.01,0.25,0.01,0.044323380003581485,4.432338000358149,0.007299803303643496,0.007299803303643496,0.014498119768904662,0.013272369642988174
0.01,580,0.25,4.0,0.15154041864577544,0.25,0.25,0.15154041864577544,1.0,1.0,0.01,0.5035,0.55,0.30097401915744876,0.2755280339014099,0.0465000000000001,9.235352532274101,-0.02544598525603886,0.25,0.01,0.25,0.01,0.25,0.01,0.25,0.01,0.044323380003581485,4.432338000358149,0.00671678356153853,0.00671678356153853,0.013340185822320815,0.012212333748251872
0.01,580,0.25,4.1,0.15526258560734005,0.25,0.25,0.15526258560734005,1.0,1.0,0.01,0.5035,0.55,0.3083666049798214,0.2822956101951637,0.0465000000000001,9.235352532274101,-0.026070994784657686,0.25,0.01,0.25,0.01,0.25,0.01,0.25,0.01,0.044323380003581485,4.432338000358149,0.006881762582212734,0.006881762582212734,0.013667850212934925,0.012512295604023152
0.01,580,0.25,4.2,0.14416718577778695,0.25,0.24556180000000039,0.1467728141936029,1.0180736580363867,0.9822472000000015,0.01,0.5035,0.55,0.2915050927380396,0.2668596621701871,0.0465000000000001,9.235352532274101,-0.02464543056785251,0.25,0.01,0.25,0.01,0.25,0.01,0.25,0.01,0.044323380003581485,4.432338000358149,0.006389976959275779,0.00650546721769812,0.012920490998407391,0.01182812221399658
0.015,580,0.25,1.5,0.13605481664952507,0.5555555555555556,0.5424700000000002,0.1393367545665864,1.0241221736788308,0.9764460000000004,0.015,0.6802499999999999,0.725,0.2048316862426849,0.19218862698839503,0.04475000000000007,6.578463800073513,-0.012643059254289879,0.25,0.015,0.25,0.015,0.25,0.015,0.25,0.015,0.01781304025864425,1.781304025864425,0.002423549926360452,0.0024820112186034367,0.003648675073286934,0.0034234637497978435
0.015,580,0.25,1.6,0.10283117143475688,0.777777777777778,0.7594578000000007,0.10531171054509,1.0241224433770741,0.9764457428571435,0.015,0.6802499999999999,0.725,0.15481324593177512,0.14525753178633105,0.04475000000000007,6.578463800073513,-0.009555714145444066,0.25,0.015,0.25,0.015,0.25,0.015,0.25,0.015,0.01781304025864425,1.781304025864425,0.001831735796610873,0.0018759217396463784,0.0027576945823541035,0.002587478261581212
0.015,580,0.25,1.7,0.0981288549051114,1.0,0.9764456000000004,0.1004959773541008,1.0241225932094933,0.9764456000000004,0.015,0.6802499999999999,0.725,0.14773388806189022,0.13861514117807008,0.04475000000000007,6.578463800073513,-0.009118746883820139,0.25,0.015,0.25,0.015,0.25,0.015,0.25,0.015,0.01781304025864425,1.781304025864425,0.0017479732429594099,0.0017901388904403986,0.002631589695612494,0.002469157090262619
0.015,580,0.25,1.75,0.10921921978755689,1.0,1.0,0.10921921978755689,1.0,1.0,0.015,0.6802499999999999,0.725,0.16055747120552283,0.15064719970697502,0.04475000000000007,6.578463800073513,-0.009910271498547812,0.25,0.015,0.25,0.015,0.25,0.015,0.25,0.015,0.01781304025864425,1.781304025864425,0.0019455263590934656,0.0019455263590934656,0.002860016698410093,0.002683484633232366
0.015,580,0.25,1.8,0.1251969356910757,1.0,1.0,0.1251969356910757,1.0,1.0,0.015,0.6802499999999999,0.725,0.18404547694388199,0.17268542853941476,0.04475000000000007,6.578463800073513,-0.011360048404467221,0.25,0.015,0.25,0.015,0.25,0.015,0.25,0.015,0.01781304025864425,1.781304025864425,0.002230138055724027,0.002230138055724027,0.003278409490222752,0.00307605249065383
0.015,580,0.25,1.85,0.14466897118805372,1.0,1.0,0.14466897118805372,1.0,1.0,0.015,0.6802499999999999,0.725,0.2126702994311705,0.19954340853524652,0.04475000000000007,6.578463800073513,-0.013126890895923976,0.25,0.015,0.25,0.015,0.25,0.015,0.25,0.015,0.01781304025864425,1.781304025864425,0.002576994207949446,0.002576994207949446,0.0037883046055853676,0.003554474769585443
0.015,580,0.25,1.9,0.14785809547150747,1.0,1.0,0.14785809547150747,1.0,1.0,0.015,0.6802499999999999,0.725,0.21735846449321203,0.20394220065035512,0.04475000000000007,6.578463800073513,-0.013416263842856907,0.25,0.015,0.25,0.015,0.25,0.015,0.25,0.015,0.01781304025864425,1.781304025864425,0.0026338022072004276,0.0026338022072004276,0.0038718150785746826,0.0036328306306212792
0.015,580,0.25,1.95,0.18740755771001247,1.0,1.0,0.18740755771001247,1.0,1.0,0.015,0.6802499999999999,0.725,0.27549806352078277,0.25849318304829305,0.04475000000000007,6.578463800073513,-0.017004880472489714,0.25,0.015,0.25,0.015,0.25,0.015,0.25,0.015,0.01781304025864425,1.781304025864425,0.0033382983702626478,0.0033382983702626478,0.0049074580966742345,0.0046045494762243415
0.015,580,0.25,2.0,0.1911170714983676,1.0,1.0,0.1911170714983676,1.0,1.0,0.015,0.6802499999999999,0.725,0.280951226017446,0.2636097537908519,0.04475000000000007,6.578463800073513,-0.0173414722265941,0.25,0.015,0.25,0.015,0.25,0.015,0.25,0.015,0.01781304025864425,1.781304025864425,0.0034043760887146135,0.0034043760887146135,0.005004595499764225,0.004695691156847743
0.015,580,0.25,2.05,0.1987231431558573,1.0,1.0,0.1987231431558573,1.0,1.0,0.015,0.6802499999999999,0.725,0.2921325147458395,0.2741008871115273,0.04475000000000007,6.578463800073513,-0.01803162763431221,0.25,0.015,0.25,0.015,0.25,0.015,0.25,0.015,0.01781304025864425,1.781304025864425,0.0035398633493596105,0.0035398633493596105,0.0052037682460266245,0.004882570137047739
0.015,580,0.25,2.1,0.2266918024962427,1.0,1.0,0.2266918024962427,1.0,1.0,0.015,0.6802499999999999,0.725,0.33324778022233403,0.3126783482706796,0.04475000000000007,6.578463800073513,-0.02056943195165445,0.25,0.015,0.25,0.015,0.25,0.015,0.25,0.015,0.01781304025864425,1.781304025864425,0.004038070204170203,0.004038070204170203,0.005936156125204268,0.005569752005752003
0.015,580,0.25,2.15,0.2924327324809917,0.7500000000000006,1.0,0.21932454936074394,0.7500000000000006,1.3333333333333324,0.015,0.6802499999999999,0.725,0.3224175661311929,0.3025166198079227,0.04475000000000007,6.578463800073513,-0.019900946323270163,0.25,0.015,0.25,0.015,0.25,0.015,0.25,0.015,0.01781304025864425,1.781304025864425,0.00520911603662925,0.00390683702747194,0.005743237085589034,0.005388740727547504
0.015,580,0.25,2.2,0.46052486537869297,0.4999999999999989,1.0,0.23026243268934599,0.4999999999999989,2.0000000000000044,0.015,0.6802499999999999,0.725,0.3384967771985976,0.3176033554335807,0.04475000000000007,6.578463800073513,-0.020893421765016906,0.25,0.015,0.25,0.015,0.25,0.015,0.25,0.015,0.01781304025864425,1.781304025864425,0.008203347967097381,0.004101673983548682,0.006029656719659953,0.005657481356618872
0.015,580,0.25,2.25,0.9771491092409446,0.25,1.0,0.24428727731023614,0.25,4.0,0.015,0.6802499999999999,0.725,0.3591139688500348,0.33694796870377397,0.04475000000000007,6.578463800073513,-0.022166000146260856,0.25,0.015,0.25,0.015,0.25,0.015,0.25,0.015,0.01781304025864425,1.781304025864425,0.017405996421607315,0.004351499105401829,0.006396911584567188,0.006002067731588729
0.015,580,0.25,2.3,1.0208177628111024,0.25,1.0,0.2552044407027756,0.25,4.0,0.015,0.6802499999999999,0.725,0.37516272062150036,0.3520061251072767,0.04475000000000007,6.578463800073513,-0.023156595514223666,0.25,0.015,0.25,0.015,0.25,0.015,0.25,0.015,0.01781304025864425,1.781304025864425,0.018183867905693325,0.004545966976423331,0.006682788645973292,0.0062702992778252845
0.015,580,0.25,2.35,1.0797288309115407,0.25,1.0,0.2699322077278852,0.25,4.0,0.015,0.6802499999999999,0.725,0.39681324179034944,0.37232028652122096,0.04475000000000007,6.578463800073513,-0.02449295526912848,0.25,0.015,0.25,0.015,0.25,0.015,0.25,0.015,0.01781304025864425,1.781304025864425,0.019233253133446166,0.0048083132833615415,0.007068450251174629,0.0066321562529124715
0.015,580,0.25,2.4,1.059466658547149,0.25,1.0,0.26486666463678726,0.25,4.0,0.015,0.6802499999999999,0.725,0.38936665143224886,0.3653333305334997,0.04475000000000007,6.578463800073513,-0.024033320898749155,0.25,0.015,0.25,0.015,0.25,0.015,0.25,0.015,0.01781304025864425,1.781304025864425,0.018872322241391667,0.004718080560347917,0.006935803837336152,0.006507697324617817
0.015,580,0.25,2.45,0.9048010327322918,0.25,1.0,0.22620025818307296,0.25,4.0,0.015,0.6802499999999999,0.725,0.3325251865976817,0.3120003561145834,0.04475000000000007,6.578463800073513,-0.020524830483098333,0.25,0.015,0.25,0.015,0.25,0.015,0.25,0.015,0.01781304025864425,1.781304025864425,0.016117257222123208,0.004029314305530802,0.0059232845358776955,0.005557674904180417
0.015,580,0.25,2.5,0.8317516761530797,0.25,0.9889805000000003,0.21025482204984816,0.2527855705951734,3.955922000000001,0.015,0.6802499999999999,0.725,0.3090846336638709,0.29000665110323887,0.04475000000000007,6.578463800073513,-0.019077982560632034,0.25,0.015,0.25,0.015,0.25,0.015,0.25,0.015,0.01781304025864425,1.781304025864425,0.014816026092509644,0.003745277609748028,0.005505737022782843,0.005165900151376591
0.015,580,0.25,2.55,0.9240656127442503,0.25,0.8155164500000005,0.28327620268856923,0.3065542086857964,3.262065800000002,0.015,0.6802499999999999,0.725,0.416429551912634,0.3907257968118196,0.04475000000000007,6.578463800073513,-0.02570375510081435,0.25,0.015,0.25,0.015,0.25,0.015,0.25,0.015,0.01781304025864425,1.781304025864425,0.016460417961442098,0.005046010402807353,0.007417876373108935,0.006960014348699796
0.015,580,0.25,2.6,0.7141005823905053,0.25,0.6420524000000007,0.27805385603671307,0.3893763188175913,2.568209600000003,0.015,0.6802499999999999,0.725,0.40875245282868516,0.38352256005063873,0.04475000000000007,6.578463800073513,-0.025229892778046437,0.25,0.015,0.25,0.015,0.25,0.015,0.25,0.015,0.01781304025864425,1.781304025864425,0.012720302422843378,0.004952984531653243,0.007281123898056954,0.0068317028022803344
0.015,580,0.25,2.65,0.7490551795802111,0.25,0.468588350000001,0.39963391086238564,0.5335173185590283,1.874353400000004,0.015,0.6802499999999999,0.725,0.5874809420983251,0.551219187396394,0.04475000000000007,6.578463800073513,-0.03626175470193116,0.25,0.015,0.25,0.015,0.25,0.015,0.25,0.015,0.01781304025864425,1.781304025864425,0.013342950069808299,0.007118694942911123,0.010464821672783717,0.009818889576429136
0.015,580,0.25,2.7,0.6992292087072274,0.25,0.29512429999999945,0.5923175495098411,0.8471006962151219,1.1804971999999978,0.015,0.6802499999999999,0.725,0.8707350966701083,0.8169897234618497,0.04475000000000007,6.578463800073513,-0.05374537320825856,0.25,0.015,0.25,0.015,0.25,0.015,0.25,0.015,0.01781304025864425,1.781304025864425,0.012455398044721804,0.010550976355320308,0.015510439331599133,0.014553070834924563
0.015,580,0.25,2.75,0.596162623781407,0.25,0.25,0.596162623781407,1.0,1.0,0.015,0.6802499999999999,0.725,0.876387539553704,0.8222932741812511,0.04475000000000007,6.578463800073513,-0.05409426537245288,0.25,0.015,0.25,0.015,0.25,0.015,0.25,0.015,0.01781304025864425,1.781304025864425,0.01061946881811719,0.01061946881811719,0.015611126524244309,0.01464754319740302
0.015,580,0.25,2.8,0.6404383856222631,0.25,0.25,0.6404383856222631,1.0,1.0,0.015,0.6802499999999999,0.725,0.9414750248030329,0.8833632905134663,0.04475000000000007,6.578463800073513,-0.05811173428956662,0.25,0.015,0.25,0.015,0.25,0.015,0.25,0.015,0.01781304025864425,1.781304025864425,0.011408154746270504,0.011408154746270504,0.01677053251932452,0.01573538585692483
0.015,580,0.25,2.85,0.5642673256827266,0.25,0.25,0.5642673256827266,1.0,1.0,0.015,0.6802499999999999,0.725,0.829499927501252,0.7782997595623816,0.04475000000000007,6.578463800073513,-0.05120016793887039,0.25,0.015,0.25,0.015,0.25,0.015,0.25,0.015,0.01781304025864425,1.781304025864425,0.010051316589023937,0.010051316589023937,0.014775915603122289,0.013863884950377844
0.015,580,0.25,2.9,0.4367827564422362,0.25,0.25,0.4367827564422362,1.0,1.0,0.015,0.6802499999999999,0.725,0.6420915199444854,0.6024589744030844,0.04475000000000007,6.578463800073513,-0.039632545541401054,0.25,0.015,0.25,0.015,0.25,0.015,0.25,0.015,0.01781304025864425,1.781304025864425,0.007780428824787159,0.007780428824787159,0.011437602094505197,0.010731625965223668
0.015,580,0.25,2.95,0.4884477091567746,0.25,0.25,0.4884477091567746,1.0,1.0,0.015,0.6802499999999999,0.725,0.718041468808195,0.6737209781472754,0.04475000000000007,6.578463800073513,-0.04432049066091959,0.25,0.015,0.25,0.015,0.25,0.015,0.25,0.015,0.01781304025864425,1.781304025864425,0.008700738707452183,0.008700738707452183,0.012790501591256427,0.0120010189068306
0.015,580,0.25,3.0,0.4268309363216776,0.25,0.25,0.4268309363216776,1.0,1.0,0.015,0.6802499999999999,0.725,0.6274618689036056,0.5887323259609347,0.04475000000000007,6.578463800073513,-0.038729542942670836,0.25,0.015,0.25,0.015,0.25,0.015,0.25,0.015,0.01781304025864425,1.781304025864425,0.007603156652332864,0.007603156652332864,0.011177003531544086,0.0104871126239074
0.015,580,0.25,3.1,0.6243128101791979,0.1666666666666667,0.25,0.4162085401194654,0.6666666666666669,1.4999999999999996,0.015,0.6802499999999999,0.725,0.6118464389848812,0.574080744992366,0.04475000000000007,6.578463800073513,-0.03776569399251517,0.25,0.015,0.25,0.015,0.25,0.015,0.25,0.015,0.01781304025864425,1.781304025864425,0.011120909221709378,0.007413939481139588,0.010898845249745812,0.0102261234222615
0.015,580,0.25,3.2,0.4002194119557731,0.1944444444444445,0.25,0.3112817648544903,0.777777777777778,1.2857142857142854,0.015,0.6802499999999999,0.725,0.4575990663057557,0.4293541584199866,0.04475000000000007,6.578463800073513,-0.02824490788576911,0.25,0.015,0.25,0.015,0.25,0.015,0.25,0.015,0.01781304025864425,1.781304025864425,0.007129124497459114,0.005544874609134868,0.008151230590422446,0.007648102909151543
0.015,580,0.25,3.3,0.356531953781081,0.22222222222222218,0.25,0.3169172922498497,0.8888888888888887,1.1250000000000002,0.015,0.6802499999999999,0.725,0.4658835608230059,0.43712729965496516,0.04475000000000007,6.578463800073513,-0.028756261168040753,0.25,0.015,0.25,0.015,0.25,0.015,0.25,0.015,0.01781304025864425,1.781304025864425,0.006350918046195487,0.005645260485507098,0.008298802624780742,0.007786566186906344
0.015,580,0.25,3.4,0.28378009930318326,0.25,0.25,0.28378009930318326,1.0,1.0,0.015,0.6802499999999999,0.725,0.4171703040105598,0.3914208266250804,0.04475000000000007,6.578463800073513,-0.025749477385479447,0.25,0.015,0.25,0.015,0.25,0.015,0.25,0.015,0.01781304025864425,1.781304025864425,0.0050549863334896665,0.0050549863334896665,0.007431071420050963,0.0069723949427443685
0.015,580,0.25,3.45,0.27721414834497654,0.25,0.25,0.27721414834497654,1.0,1.0,0.015,0.6802499999999999,0.725,0.4075180424034937,0.38236434254479523,0.04475000000000007,6.578463800073513,-0.025153699858698475,0.25,0.015,0.25,0.015,0.25,0.015,0.25,0.015,0.01781304025864425,1.781304025864425,0.004938026784734846,0.004938026784734846,0.007259135295457329,0.006811071427220478
0.015,580,0.25,3.5,0.26017188788622037,0.25,0.25,0.26017188788622037,1.0,1.0,0.015,0.6802499999999999,0.725,0.3824651053086665,0.3588577763947867,0.04475000000000007,6.578463800073513,-0.023607328913879788,0.25,0.015,0.25,0.015,0.25,0.015,0.25,0.015,0.01781304025864425,1.781304025864425,0.004634452313084722,0.004634452313084722,0.006812866318389889,0.006392348018047892
0.015,580,0.25,3.55,0.2569999303773695,0.25,0.25,0.2569999303773695,1.0,1.0,0.015,0.6802499999999999,0.725,0.3778021762254606,0.3544826625894752,0.04475000000000007,6.578463800073513,-0.02331951363598539,0.25,0.015,0.25,0.015,0.25,0.015,0.25,0.015,0.01781304025864425,1.781304025864425,0.004577950106280853,0.004577950106280853,0.006729805374907539,0.006314413939697728
0.015,580,0.25,3.6,0.2312486682162557,0.25,0.25,0.2312486682162557,1.0,1.0,0.015,0.6802499999999999,0.725,0.33994659054208853,0.31896368029828376,0.04475000000000007,6.578463800073513,-0.020982910243804775,0.25,0.015,0.25,0.015,0.25,0.015,0.25,0.015,0.01781304025864425,1.781304025864425,0.00411924183669403,0.00411924183669403,0.006055482303115076,0.0056817128781986624
0.015,580,0.25,3.65,0.22173302339229772,0.25,0.25,0.22173302339229772,1.0,1.0,0.015,0.6802499999999999,0.725,0.3259581380261635,0.30583865295489343,0.04475000000000007,6.578463800073513,-0.020119485071270093,0.25,0.015,0.25,0.015,0.25,0.015,0.25,0.015,0.01781304025864425,1.781304025864425,0.003949739272357907,0.003949739272357907,0.00580630543529277,0.005447916237735044
0.015,580,0.25,3.7,0.22954975404111763,0.25,0.25,0.22954975404111763,1.0,1.0,0.015,0.6802499999999999,0.725,0.3374491055363729,0.3166203504015416,0.04475000000000007,6.578463800073513,-0.020828755134831345,0.25,0.015,0.25,0.015,0.25,0.015,0.25,0.015,0.01781304025864425,1.781304025864425,0.004088979010096314,0.004088979010096314,0.006010994502162904,0.005639971048408709
0.015,580,0.25,3.75,0.21486387573848628,0.25,0.25,0.21486387573848628,1.0,1.0,0.015,0.6802499999999999,0.725,0.3158601627908656,0.2963639665358432,0.04475000000000007,6.578463800073513,-0.019496196255022413,0.25,0.015,0.25,0.015,0.25,0.015,0.25,0.015,0.01781304025864425,1.781304025864425,0.0038273788686579917,0.0038273788686579917,0.0056264297958956155,0.005279143267114472
0.015,580,0.25,3.8,0.22554199547848738,0.25,0.25,0.22554199547848738,1.0,1.0,0.015,0.6802499999999999,0.725,0.3315575089724181,0.31109240755653433,0.04475000000000007,6.578463800073513,-0.020465101415883757,0.25,0.015,0.25,0.015,0.25,0.015,0.25,0.015,0.01781304025864425,1.781304025864425,0.0040175886454732555,0.0040175886454732555,0.005906047255381486,0.005541501579963111
0.015,580,0.25,3.85,0.21893935607180215,0.25,0.25,0.21893935607180215,1.0,1.0,0.015,0.6802499999999999,0.725,0.321851313593241,0.3019853187197271,0.04475000000000007,6.578463800073513,-0.01986599487351387,0.25,0.015,0.25,0.015,0.25,0.015,0.25,0.015,0.01781304025864425,1.781304025864425,0.00389997556390866,0.00389997556390866,0.005733150406333937,0.0053792766398740146
0.015,580,0.25,3.9,0.21771727413101552,0.25,0.25,0.21771727413101552,1.0,1.0,0.015,0.6802499999999999,0.725,0.32005479475342236,0.3002996884565731,0.04475000000000007,6.578463800073513,-0.019755106296849234,0.25,0.015,0.25,0.015,0.25,0.015,0.25,0.015,0.01781304025864425,1.781304025864425,0.003878206569098066,0.003878206569098066,0.005701148943914835,0.005349250440135263
0.015,580,0.25,4.0,0.22501447590460066,0.25,0.25,0.22501447590460066,1.0,1.0,0.015,0.6802499999999999,0.725,0.33078202999573786,0.3103647943511733,0.04475000000000007,6.578463800073513,-0.020417235644564546,0.25,0.015,0.25,0.015,0.25,0.015,0.25,0.015,0.01781304025864425,1.781304025864425,0.004008191918066388,0.004008191918066388,0.005892233617150149,0.005528540576643294
0.015,580,0.25,4.1,0.19093709436106757,0.25,0.25,0.19093709436106757,1.0,1.0,0.015,0.6802499999999999,0.725,0.28068665102692775,0.2633615094635415,0.04475000000000007,6.578463800073513,-0.01732514156338627,0.25,0.015,0.25,0.015,0.25,0.015,0.25,0.015,0.01781304025864425,1.781304025864425,0.0034011701487222526,0.0034011701487222526,0.004999882614806693,0.004691269170651383
0.015,580,0.25,4.2,0.20920063707987477,0.25,0.24556180000000039,0.21298165785545067,1.0180736580363867,0.9822472000000015,0.015,0.6802499999999999,0.725,0.3130932125769213,0.2937678039385527,0.04475000000000007,6.578463800073513,-0.019325408638368624,0.25,0.015,0.25,0.015,0.25,0.015,0.25,0.015,0.01781304025864425,1.781304025864425,0.0037264993704378344,0.0037938508457319386,0.005577142000340962,0.005232897718250949
0.02,580,0.25,1.5,0.1881204757076064,0.5555555555555556,0.5424700000000002,0.19265835049516955,1.0241221736788308,0.9764460000000004,0.02,0.857,0.9000000000000001,0.22480554316822585,0.21406483388352168,0.04300000000000015,5.017502917152877,-0.010740709284704164,0.25,0.02,0.25,0.02,0.25,0.02,0.25,0.02,0.014602802526221354,1.4602802526221355,0.0027470861578969977,0.002813351847308501,0.0032827909536855323,0.003125946497009445
0.02,580,0.25,1.6,0.15326459115583427,0.777777777777778,0.7594578000000007,0.15696170757770128,1.0241224433770741,0.9764457428571435,0.02,0.857,0.9000000000000001,0.18315251759358375,0.17440189730855696,0.04300000000000015,5.017502917152877,-0.008750620285026794,0.25,0.02,0.25,0.02,0.25,0.02,0.25,0.02,0.014602802526221354,1.4602802526221355,0.0022380925589106995,0.0022920808199356738,0.002674540046599386,0.002546756466595193
0.02,580,0.25,1.7,0.13433021760770406,1.0,0.9764456000000004,0.13757061080279742,1.0241225932094933,0.9764456000000004,0.02,0.857,0.9000000000000001,0.16052580023663643,0.15285623422533046,0.04300000000000015,5.017502917152877,-0.007669566011305973,0.25,0.02,0.25,0.02,0.25,0.02,0.25,0.02,0.014602802526221354,1.4602802526221355,0.001961597641029645,0.002008916462964905,0.0023441265612192588,0.0022321294032943387
0.02,580,0.25,1.75,0.1404684535663153,1.0,1.0,0.1404684535663153,1.0,1.0,0.02,0.857,0.9000000000000001,0.1639071803574274,0.15607605951812809,0.04300000000000015,5.017502917152877,-0.007831120839299321,0.25,0.02,0.25,0.02,0.25,0.02,0.25,0.02,0.014602802526221354,1.4602802526221355,0.002051233088592596,0.002051233088592596,0.00239350418738926,0.0022791478762139955
0.02,580,0.25,1.8,0.15577712803988325,1.0,1.0,0.15577712803988325,1.0,1.0,0.02,0.857,0.9000000000000001,0.18177027775949037,0.1730856978220925,0.04300000000000015,5.017502917152877,-0.00868457993739788,0.25,0.02,0.25,0.02,0.25,0.02,0.25,0.02,0.014602802526221354,1.4602802526221355,0.0022747826388683145,0.0022747826388683145,0.002654355471258243,0.0025275362654092384
0.02,580,0.25,1.85,0.17904474136613807,1.0,1.0,0.17904474136613807,1.0,1.0,0.02,0.857,0.9000000000000001,0.2089203516524365,0.19893860151793116,0.04300000000000015,5.017502917152877,-0.009981750134505335,0.25,0.02,0.25,0.02,0.25,0.02,0.25,0.02,0.014602802526221354,1.4602802526221355,0.00261455500152809,0.00261455500152809,0.0030508226388892535,0.0029050611128089887
0.02,580,0.25,1.9,0.19010484301763692,1.0,1.0,0.19010484301763692,1.0,1.0,0.02,0.857,0.9000000000000001,0.22182595451299525,0.21122760335292987,0.04300000000000015,5.017502917152877,-0.010598351160065383,0.25,0.02,0.25,0.02,0.25,0.02,0.25,0.02,0.014602802526221354,1.4602802526221355,0.0027760634818648623,0.0027760634818648623,0.0032392806089438305,0.0030845149798498467
0.02,580,0.25,1.95,0.233826438044297,1.0,1.0,0.233826438044297,1.0,1.0,0.02,0.857,0.9000000000000001,0.2728429848824936,0.25980715338255217,0.04300000000000015,5.017502917152877,-0.01303583149994142,0.25,0.02,0.25,0.02,0.25,0.02,0.25,0.02,0.014602802526221354,1.4602802526221355,0.0034145213001706013,0.0034145213001706013,0.003984272228903852,0.003793912555745112
0.02,580,0.25,2.0,0.2387532240701874,1.0,1.0,0.2387532240701874,1.0,1.0,0.02,0.857,0.9000000000000001,0.27859186005856174,0.265281360077986,0.04300000000000015,5.017502917152877,-0.013310499980575763,0.25,0.02,0.25,0.02,0.25,0.02,0.25,0.02,0.014602802526221354,1.4602802526221355,0.003486466183595626,0.003486466183595626,0.004068221917847871,0.0038738513151062503
0.02,580,0.25,2.05,0.26036585124069056,1.0,1.0,0.26036585124069056,1.0,1.0,0.02,0.857,0.9000000000000001,0.3038107949132912,0.2892953902674339,0.04300000000000015,5.017502917152877,-0.014515404645857322,0.25,0.02,0.25,0.02,0.25,0.02,0.25,0.02,0.014602802526221354,1.4602802526221355,0.0038020711102393296,0.0038020711102393296,0.004436489043453127,0.004224523455821476
0.02,580,0.25,2.1,0.2861749252733657,1.0,1.0,0.2861749252733657,1.0,1.0,0.02,0.857,0.9000000000000001,0.333926400552352,0.3179721391926285,0.04300000000000015,5.017502917152877,-0.0159542613597235,0.25,0.02,0.25,0.02,0.25,0.02,0.25,0.02,0.014602802526221354,1.4602802526221355,0.004178955921723112,0.004178955921723112,0.00487626128555789,0.004643284357470124
0.02,580,0.25,2.15,0.39876606318592783,0.7500000000000006,1.0,0.2990745473894461,0.7500000000000006,1.3333333333333324,0.02,0.857,0.9000000000000001,0.3489784683657481,0.3323050526549401,0.04300000000000015,5.017502917152877,-0.016673415710807993,0.25,0.02,0.25,0.02,0.25,0.02,0.25,0.02,0.014602802526221354,1.4602802526221355,0.005823102074862811,0.004367326556147112,0.005096063659448205,0.0048525850623856795
0.02,580,0.25,2.2,0.5904240873516512,0.4999999999999989,1.0,0.29521204367582493,0.4999999999999989,2.0000000000000044,0.02,0.857,0.9000000000000001,0.3444714628656067,0.32801338186202766,0.04300000000000015,5.017502917152877,-0.01645808100357904,0.25,0.02,0.25,0.02,0.25,0.02,0.25,0.02,0.014602802526221354,1.4602802526221355,0.008621846354320629,0.004310923177160305,0.005030248748145047,0.004789914641289228
0.02,580,0.25,2.25,1.217198447209097,0.25,1.0,0.3042996118022743,0.25,4.0,0.02,0.857,0.9000000000000001,0.3550753930014869,0.3381106797803047,0.04300000000000015,5.017502917152877,-0.016964713221182204,0.25,0.02,0.25,0.02,0.25,0.02,0.25,0.02,0.014602802526221354,1.4602802526221355,0.017774508559817714,0.004443627139954429,0.005185095845921153,0.004937363488838253
0.02,580,0.25,2.3,1.2262362844509895,0.25,1.0,0.3065590711127474,0.25,4.0,0.02,0.857,0.9000000000000001,0.35771186827625134,0.3406211901252748,0.04300000000000015,5.017502917152877,-0.017090678150976535,0.25,0.02,0.25,0.02,0.25,0.02,0.25,0.02,0.014602802526221354,1.4602802526221355,0.017906486312325196,0.004476621578081299,0.005223595773723804,0.004974023975645887
0.02,580,0.25,2.35,1.2953605666099721,0.25,1.0,0.32384014165249303,0.25,4.0,0.02,0.857,0.9000000000000001,0.37787647800757646,0.3598223796138811,0.04300000000000015,5.017502917152877,-0.018054098393695373,0.25,0.02,0.25,0.02,0.25,0.02,0.25,0.02,0.014602802526221354,1.4602802526221355,0.018915894554459627,0.004728973638614907,0.005518055587648666,0.005254415154016562
0.02,580,0.25,2.4,1.3071266437937332,0.25,1.0,0.3267816609484333,0.25,4.0,0.02,0.857,0.9000000000000001,0.38130882257693505,0.36309073438714806,0.04300000000000015,5.017502917152877,-0.018218088189786985,0.25,0.02,0.25,0.02,0.25,0.02,0.25,0.02,0.014602802526221354,1.4602802526221355,0.019087712256082367,0.004771928064020592,0.0055681774375969575,0.005302142293356213
0.02,580,0.25,2.45,1.1283272170967555,0.25,1.0,0.2820818042741889,0.25,4.0,0.02,0.857,0.9000000000000001,0.3291502967026708,0.31342422697132094,0.04300000000000015,5.017502917152877,-0.01572606973134988,0.25,0.02,0.25,0.02,0.25,0.02,0.25,0.02,0.014602802526221354,1.4602802526221355,0.016476739536224812,0.004119184884056203,0.00480651678419627,0.004576872093395781
0.02,580,0.25,2.5,1.1356299360907596,0.25,0.9889805000000003,0.28707086137966303,0.2527855705951735,3.955922000000001,0.02,0.857,0.9000000000000001,0.33497183358187055,0.3189676237551811,0.04300000000000015,5.017502917152877,-0.01600420982668943,0.25,0.02,0.25,0.02,0.25,0.02,0.25,0.02,0.014602802526221354,1.4602802526221355,0.01658337969959874,0.0041920390997594835,0.004891527537642338,0.004657821221954982
0.02,580,0.25,2.55,1.0182658602374812,0.25,0.8155164500000005,0.3121536850168628,0.3065542086857964,3.262065800000002,0.02,0.857,0.9000000000000001,0.36424000585398225,0.34683742779651416,0.04300000000000015,5.017502917152877,-0.017402578057468088,0.25,0.02,0.25,0.02,0.25,0.02,0.25,0.02,0.014602802526221354,1.4602802526221355,0.014869535276240851,0.004558318620133549,0.005318924877635413,0.005064798466815053
0.02,580,0.25,2.6,0.9081400398402314,0.25,0.6420524000000007,0.3536082256838501,0.3893763188175914,2.568209600000003,0.02,0.857,0.9000000000000001,0.41261169858092195,0.39289802853761113,0.04300000000000015,5.017502917152877,-0.019713670043310816,0.25,0.02,0.25,0.02,0.25,0.02,0.25,0.02,0.014602802526221354,1.4602802526221355,0.013261389667941692,0.005163671091308777,0.006025287154385971,0.005737412323676418
0.02,580,0.25,2.65,0.9718037831872548,0.25,0.468588350000001,0.5184741485715836,0.5335173185590284,1.874353400000004,0.02,0.857,0.9000000000000001,0.6049873378898292,0.5760823873017594,0.04300000000000015,5.017502917152877,-0.028904950588069744,0.25,0.02,0.25,0.02,0.25,0.02,0.25,0.02,0.014602802526221354,1.4602802526221355,0.014191058740118313,0.007571175606541586,0.00883451062606953,0.00841241734060176
0.02,580,0.25,2.7,0.9115145006144868,0.25,0.29512429999999945,0.7721445680807109,0.8471006962151219,1.1804971999999978,0.02,0.857,0.9000000000000001,0.9009854936764421,0.8579384089785675,0.04300000000000015,5.017502917152877,-0.04304708469787455,0.25,0.02,0.25,0.02,0.25,0.02,0.25,0.02,0.014602802526221354,1.4602802526221355,0.013310666252260624,0.011275474649377101,0.013156913243147142,0.012528305165974555
0.02,580,0.25,2.75,0.9055080457805521,0.25,0.25,0.9055080457805521,1.0,1.0,0.02,0.857,0.9000000000000001,1.0566021537696058,1.00612005086728,0.04300000000000015,5.017502917152877,-0.05048210290232569,0.25,0.02,0.25,0.02,0.25,0.02,0.25,0.02,0.014602802526221354,1.4602802526221355,0.013222955178438009,0.013222955178438009,0.015429352600277724,0.014692172420486675
0.02,580,0.25,2.8,0.8246904509720675,0.25,0.25,0.8246904509720675,1.0,1.0,0.02,0.857,0.9000000000000001,0.9622992426745245,0.9163227233022971,0.04300000000000015,5.017502917152877,-0.045976519372227354,0.25,0.02,0.25,0.02,0.25,0.02,0.25,0.02,0.014602802526221354,1.4602802526221355,0.012042791800805535,0.012042791800805535,0.014052265811908443,0.013380879778672815
0.02,580,0.25,2.85,0.8139980330755486,0.25,0.25,0.8139980330755486,1.0,1.0,0.02,0.857,0.9000000000000001,0.9498226757007568,0.9044422589728317,0.04300000000000015,5.017502917152877,-0.045380416727925144,0.25,0.02,0.25,0.02,0.25,0.02,0.25,0.02,0.014602802526221354,1.4602802526221355,0.011886652533734835,0.011886652533734835,0.013870072968185338,0.013207391704149815
0.02,580,0.25,2.9,0.5938130576628958,0.25,0.25,0.5938130576628958,1.0,1.0,0.02,0.857,0.9000000000000001,0.6928973835039625,0.6597922862921064,0.04300000000000015,5.017502917152877,-0.03310509721185606,0.25,0.02,0.25,0.02,0.25,0.02,0.25,0.02,0.014602802526221354,1.4602802526221355,0.008671334818542962,0.008671334818542962,0.01011824366224383,0.009634816465047734
0.02,580,0.25,2.95,0.6479775779974274,0.25,0.25,0.6479775779974274,1.0,1.0,0.02,0.857,0.9000000000000001,0.7560998576399386,0.719975086663808,0.04300000000000015,5.017502917152877,-0.03612477097613054,0.25,0.02,0.25,0.02,0.25,0.02,0.25,0.02,0.014602802526221354,1.4602802526221355,0.009462288612915627,0.009462288612915627,0.011041176911220101,0.010513654014350695
0.02,580,0.25,3.0,0.5565906341415404,0.25,0.25,0.5565906341415404,1.0,1.0,0.02,0.857,0.9000000000000001,0.649463983829102,0.6184340379350448,0.04300000000000015,5.017502917152877,-0.031029945894057165,0.25,0.02,0.25,0.02,0.25,0.02,0.25,0.02,0.014602802526221354,1.4602802526221355,0.008127783118313232,0.008127783118313232,0.009483994303749394,0.009030870131459146
0.02,580,0.25,3.1,0.7887814144029186,0.1666666666666667,0.25,0.5258542762686126,0.6666666666666669,1.4999999999999996,0.02,0.857,0.9000000000000001,0.613598922133737,0.5842825291873472,0.04300000000000015,5.017502917152877,-0.02931639294638977,0.25,0.02,0.25,0.02,0.25,0.02,0.25,0.02,0.014602802526221354,1.4602802526221355,0.011518419230879392,0.007678946153919598,0.008960263890221235,0.008532162393243996
0.02,580,0.25,3.2,0.49838962216327176,0.1944444444444445,0.25,0.3876363727936559,0.777777777777778,1.2857142857142854,0.02,0.857,0.9000000000000001,0.4523178212294702,0.43070708088183984,0.04300000000000015,5.017502917152877,-0.02161074034763033,0.25,0.02,0.25,0.02,0.25,0.02,0.25,0.02,0.014602802526221354,1.4602802526221355,0.007277885233568331,0.0056605774038864815,0.006605107822504646,0.006289530448762756
0.02,580,0.25,3.3,0.39078493834570294,0.22222222222222218,0.25,0.34736438964062477,0.8888888888888887,1.1250000000000002,0.02,0.857,0.9000000000000001,0.40532600891554815,0.3859604329340275,0.04300000000000015,5.017502917152877,-0.019365575981520666,0.25,0.02,0.25,0.02,0.25,0.02,0.25,0.02,0.014602802526221354,1.4602802526221355,0.005706555284883887,0.005072493586563454,0.0059188956669351854,0.005636103985070504
0.02,580,0.25,3.4,0.3464266880528704,0.25,0.25,0.3464266880528704,1.0,1.0,0.02,0.857,0.9000000000000001,0.4042318413685769,0.38491854228096706,0.04300000000000015,5.017502917152877,-0.01931329908760987,0.25,0.02,0.25,0.02,0.25,0.02,0.25,0.02,0.014602802526221354,1.4602802526221355,0.005058800515448953,0.005058800515448953,0.005902917754316165,0.005620889461609947
0.02,580,0.25,3.45,0.3489560823530582,0.25,0.25,0.3489560823530582,1.0,1.0,0.02,0.857,0.9000000000000001,0.4071832932941169,0.3877289803922868,0.04300000000000015,5.017502917152877,-0.019454312901830084,0.25,0.02,0.25,0.02,0.25,0.02,0.25,0.02,0.014602802526221354,1.4602802526221355,0.005095736760925545,0.005095736760925545,0.005946017223950461,0.005661929734361716
0.02,580,0.25,3.5,0.41783011917661667,0.25,0.25,0.41783011917661667,1.0,1.0,0.02,0.857,0.9000000000000001,0.48754973066116297,0.46425568797401845,0.04300000000000015,5.017502917152877,-0.023294042687144523,0.25,0.02,0.25,0.02,0.25,0.02,0.25,0.02,0.014602802526221354,1.4602802526221355,0.0061014907198436675,0.0061014907198436675,0.007119592438557372,0.006779434133159629
0.02,580,0.25,3.55,0.3169822514669207,0.25,0.25,0.3169822514669207,1.0,1.0,0.02,0.857,0.9000000000000001,0.3698742724234781,0.35220250162991185,0.04300000000000015,5.017502917152877,-0.017671770793566244,0.25,0.02,0.25,0.02,0.25,0.02,0.25,0.02,0.014602802526221354,1.4602802526221355,0.004628829222488483,0.004628829222488483,0.005401200959729851,0.005143143580542757
0.02,580,0.25,3.6,0.3023567721672966,0.25,0.25,0.3023567721672966,1.0,1.0,0.02,0.857,0.9000000000000001,0.3528083689233333,0.335951969074774,0.04300000000000015,5.017502917152877,-0.0168563998485593,0.25,0.02,0.25,0.02,0.25,0.02,0.25,0.02,0.014602802526221354,1.4602802526221355,0.004415256236424733,0.004415256236424733,0.0051519909409856865,0.0049058402626941475
0.02,580,0.25,3.65,0.2754929773622746,0.25,0.25,0.2754929773622746,1.0,1.0,0.02,0.857,0.9000000000000001,0.32146205059775335,0.3061033081803051,0.04300000000000015,5.017502917152877,-0.015358742417448223,0.25,0.02,0.25,0.02,0.25,0.02,0.25,0.02,0.014602802526221354,1.4602802526221355,0.004022969545782067,0.004022969545782067,0.00469424684455317,0.004469966161980073
0.02,580,0.25,3.7,0.312320950974202,0.25,0.25,0.312320950974202,1.0,1.0,0.02,0.857,0.9000000000000001,0.36443518200023567,0.3470232788602244,0.04300000000000015,5.017502917152877,-0.017411903140011287,0.25,0.02,0.25,0.02,0.25,0.02,0.25,0.02,0.014602802526221354,1.4602802526221355,0.004560761171877933,0.004560761171877933,0.005321774996356981,0.005067512413197702
0.02,580,0.25,3.75,0.2964654083186553,0.25,0.25,0.2964654083186553,1.0,1.0,0.02,0.857,0.9000000000000001,0.3459339653659922,0.32940600924295027,0.04300000000000015,5.017502917152877,-0.01652795612304192,0.25,0.02,0.25,0.02,0.25,0.02,0.25,0.02,0.014602802526221354,1.4602802526221355,0.004329225813532905,0.004329225813532905,0.005051605383352281,0.004810250903925449
0.02,580,0.25,3.8,0.2943092085416868,0.25,0.25,0.2943092085416868,1.0,1.0,0.02,0.857,0.9000000000000001,0.3434179796285727,0.32701023171298527,0.04300000000000015,5.017502917152877,-0.016407747915587412,0.25,0.02,0.25,0.02,0.25,0.02,0.25,0.02,0.014602802526221354,1.4602802526221355,0.004297739253982752,0.004297739253982752,0.0050148649404699545,0.0047752658377586115
0.02,580,0.25,3.85,0.27557009294689394,0.25,0.25,0.27557009294689394,1.0,1.0,0.02,0.857,0.9000000000000001,0.32155203377700575,0.30618899216321543,0.04300000000000015,5.017502917152877,-0.015363041613790318,0.25,0.02,0.25,0.02,0.25,0.02,0.25,0.02,0.014602802526221354,1.4602802526221355,0.0040240956494359565,0.0040240956494359565,0.0046955608511504736,0.004471217388262173
0.02,580,0.25,3.9,0.2606891698125616,0.25,0.25,0.2606891698125616,1.0,1.0,0.02,0.857,0.9000000000000001,0.30418806279178723,0.28965463312506845,0.04300000000000015,5.017502917152877,-0.014533429666718778,0.25,0.02,0.25,0.02,0.25,0.02,0.25,0.02,0.014602802526221354,1.4602802526221355,0.0038067924674974225,0.0038067924674974225,0.0044419982117822904,0.004229769408330469
0.02,580,0.25,4.0,0.2924370904624867,0.25,0.25,0.2924370904624867,1.0,1.0,0.02,0.857,0.9000000000000001,0.3412334777858655,0.3249301005138741,0.04300000000000015,5.017502917152877,-0.01630337727199138,0.25,0.02,0.25,0.02,0.25,0.02,0.25,0.02,0.014602802526221354,1.4602802526221355,0.004270401083366424,0.004270401083366424,0.004982965091442735,0.00474489009262936
0.02,580,0.25,4.1,0.270705043375619,0.25,0.25,0.270705043375619,1.0,1.0,0.02,0.857,0.9000000000000001,0.31587519647096735,0.3007833815284655,0.04300000000000015,5.017502917152877,-0.015091814942501836,0.25,0.02,0.25,0.02,0.25,0.02,0.25,0.02,0.014602802526221354,1.4602802526221355,0.003953052291266351,0.003953052291266351,0.004612663116996909,0.004392280323629278
0.02,580,0.25,4.2,0.24035190680108984,0.25,0.24556180000000039,0.24469594497300626,1.018073658036387,0.9822472000000015,0.02,0.857,0.9000000000000001,0.2855261901668685,0.27188438330334025,0.04300000000000015,5.017502917152877,-0.013641806863528227,0.25,0.02,0.25,0.02,0.25,0.02,0.25,0.02,0.014602802526221354,1.4602802526221355,0.003509811431817074,0.0035732465634079375,0.004169482571071106,0.0039702739593421525
