mass_ratio,target_beamdamp,bridge_frequency,old_bias,env_bias,C87_exact,C87_rounded,bias_C87_exact,bias_C87_rounded,mu_key,xi_key,f_key
0.05,0.005,1.5,0.05902749866685943,0.06045137024152837,0.2038025342425,0.1975,0.2966173628125677,0.30608288729887784,0.05,0.005,1.5
0.05,0.005,1.6,0.054351857646907226,0.055662957255433534,0.2038025342425,0.1975,0.27312200735051434,0.28183775825535967,0.05,0.005,1.6
0.05,0.005,1.7,0.06288561908292029,0.06440258329078473,0.2038025342425,0.1975,0.3160048206964569,0.326089029320429,0.05,0.005,1.7
0.05,0.005,1.75,0.08098262520467157,0.08098262520467157,0.2038025342425,0.1975,0.3973582836232654,0.41003860863124847,0.05,0.005,1.75
0.05,0.005,1.8,0.09645405394343272,0.09645405394343272,0.2038025342425,0.1975,0.47327210283197085,0.4883749566756087,0.05,0.005,1.8
0.05,0.005,1.85,0.1136345082550531,0.1136345082550531,0.2038025342425,0.1975,0.5575716154728576,0.5753645987597625,0.05,0.005,1.85
0.05,0.005,1.9,0.12049749051022711,0.12049749051022711,0.2038025342425,0.1975,0.5912462813973152,0.6101138760011499,0.05,0.005,1.9
0.05,0.005,1.95,0.13638788023205595,0.13638788023205595,0.2038025342425,0.1975,0.6692158207894074,0.6905715454787642,0.05,0.005,1.95
0.05,0.005,2.0,0.15830685829417687,0.15830685829417687,0.2038025342425,0.1975,0.7767658968647129,0.8015537128819081,0.05,0.005,2.0
0.05,0.005,2.05,0.1636779490931547,0.1636779490931547,0.2038025342425,0.1975,0.8031202835701642,0.8287491093324288,0.05,0.005,2.05
0.05,0.005,2.1,0.17592222058382107,0.17592222058382107,0.2038025342425,0.1975,0.8631993769738664,0.890745420677575,0.05,0.005,2.1
0.05,0.005,2.15,0.23122569613793773,0.17341927210345343,0.2038025342425,0.1975,0.8509181338103764,0.8780722638149541,0.05,0.005,2.15
0.05,0.005,2.2,0.34036181583997865,0.17018090791998894,0.2038025342425,0.1975,0.8350284188198295,0.8616754831391844,0.05,0.005,2.2
0.05,0.005,2.25,0.6164185697618352,0.1541046424404588,0.2038025342425,0.1975,0.7561468409273713,0.7802766705846015,0.05,0.005,2.25
0.05,0.005,2.3,0.553651743144218,0.1384129357860545,0.2038025342425,0.1975,0.6791521817945604,0.7008249913217949,0.05,0.005,2.3
0.05,0.005,2.35,0.48416095670308185,0.12104023917577046,0.2038025342425,0.1975,0.593909391881003,0.6128619705102302,0.05,0.005,2.35
0.05,0.005,2.4,0.4287855796530784,0.1071963949132696,0.2038025342425,0.1975,0.5259816582345294,0.542766556522884,0.05,0.005,2.4
0.05,0.005,2.45,0.48719070045476914,0.12179767511369229,0.2038025342425,0.1975,0.5976259106217394,0.6166970891832521,0.05,0.005,2.45
0.05,0.005,2.5,0.2981463043072749,0.07536708365515671,0.2038025342425,0.1975,0.36980444789503514,0.38160548686155293,0.05,0.005,2.5
0.05,0.005,2.55,0.3087104211211304,0.09463647885984709,0.2038025342425,0.1975,0.4643537883942174,0.47917204485998527,0.05,0.005,2.55
0.05,0.005,2.6,0.2668884481060637,0.10392004145847886,0.2038025342425,0.1975,0.5099055408939457,0.526177425106222,0.05,0.005,2.6
0.05,0.005,2.65,0.22490288920294732,0.1199895863837347,0.2038025342425,0.1975,0.5887541429733245,0.6075422095378972,0.05,0.005,2.65
0.05,0.005,2.7,0.18019851403858664,0.15264628669901714,0.2038025342425,0.1975,0.7489911117463672,0.7728925908810994,0.05,0.005,2.7
0.05,0.005,2.75,0.13579509626377007,0.13579509626377007,0.2038025342425,0.1975,0.6663072015688999,0.6875701076646585,0.05,0.005,2.75
0.05,0.005,2.8,0.16898335794677094,0.16898335794677094,0.2038025342425,0.1975,0.8291523879958307,0.8556119389709921,0.05,0.005,2.8
0.05,0.005,2.85,0.1279603743276002,0.1279603743276002,0.2038025342425,0.1975,0.6278644905138573,0.6479006295068365,0.05,0.005,2.85
0.05,0.005,2.9,0.13801618883024516,0.13801618883024516,0.2038025342425,0.1975,0.6772054594081879,0.6988161459759249,0.05,0.005,2.9
0.05,0.005,2.95,0.10519675477060086,0.10519675477060086,0.2038025342425,0.1975,0.5161700032906835,0.5326417963068398,0.05,0.005,2.95
0.05,0.005,3.0,0.12332598761769208,0.12332598761769208,0.2038025342425,0.1975,0.6051248973722245,0.6244353803427447,0.05,0.005,3.0
0.05,0.005,3.1,0.1444346695389083,0.09628977969260556,0.2038025342425,0.1975,0.4724660566685228,0.4875431883169902,0.05,0.005,3.1
0.05,0.005,3.2,0.12292594375352556,0.09560906736385325,0.2038025342425,0.1975,0.4691259984534353,0.48409654361444676,0.05,0.005,3.2
0.05,0.005,3.3,0.10454642291425498,0.09293015370155996,0.2038025342425,0.1975,0.4559813451141117,0.47053242380536686,0.05,0.005,3.3
0.05,0.005,3.4,0.09571394221517408,0.09571394221517408,0.2038025342425,0.1975,0.4696405889697438,0.48462755551986875,0.05,0.005,3.4
0.05,0.005,3.45,0.09033992376669701,0.09033992376669701,0.2038025342425,0.1975,0.4432718371362527,0.4574173355275798,0.05,0.005,3.45
0.05,0.005,3.5,0.10435036479886069,0.10435036479886069,0.2038025342425,0.1975,0.5120170128733363,0.5283562774625857,0.05,0.005,3.5
0.05,0.005,3.55,0.10827308775077,0.10827308775077,0.2038025342425,0.1975,0.5312646781022768,0.5482181658266836,0.05,0.005,3.55
0.05,0.005,3.6,0.10804662020328659,0.10804662020328659,0.2038025342425,0.1975,0.5301534674476833,0.5470714947001852,0.05,0.005,3.6
0.05,0.005,3.65,0.10529108402373961,0.10529108402373961,0.2038025342425,0.1975,0.5166328496114585,0.5331194127784284,0.05,0.005,3.65
0.05,0.005,3.7,0.11960070832584044,0.11960070832584044,0.2038025342425,0.1975,0.5868460309896356,0.6055732067131161,0.05,0.005,3.7
0.05,0.005,3.75,0.12985417085468634,0.12985417085468634,0.2038025342425,0.1975,0.6371568014957842,0.6574894726819561,0.05,0.005,3.75
0.05,0.005,3.8,0.12936533702764244,0.12936533702764244,0.2038025342425,0.1975,0.6347582355070893,0.6550143646969238,0.05,0.005,3.8
0.05,0.005,3.85,0.12638638736538885,0.12638638736538885,0.2038025342425,0.1975,0.620141392427459,0.6399310752677916,0.05,0.005,3.85
0.05,0.005,3.9,0.13707611472993408,0.13707611472993408,0.2038025342425,0.1975,0.6725927881094468,0.6940562771135903,0.05,0.005,3.9
0.05,0.005,4.0,0.1321962005127011,0.1321962005127011,0.2038025342425,0.1975,0.6486484626113816,0.6693478506972207,0.05,0.005,4.0
0.05,0.005,4.1,0.1332687874163167,0.1332687874163167,0.2038025342425,0.1975,0.6539113358509232,0.6747786704623631,0.05,0.005,4.1
0.05,0.005,4.2,0.13622290354509428,0.13868494972049203,0.2038025342425,0.1975,0.6804868753765052,0.7022022770657824,0.05,0.005,4.2
0.05,0.01,1.5,0.10889668815529673,0.11152351298002827,0.30461907798499993,0.30000000000000004,0.3661081036609267,0.37174504326676083,0.05,0.01,1.5
0.05,0.01,1.6,0.11391254497517933,0.11666039389128151,0.30461907798499993,0.30000000000000004,0.3829713971395649,0.38886797963760494,0.05,0.01,1.6
0.05,0.01,1.7,0.12473707802812092,0.1277460598195341,0.30461907798499993,0.30000000000000004,0.4193632935420564,0.42582019939844695,0.05,0.01,1.7
0.05,0.01,1.75,0.17351076599323673,0.17351076599323673,0.30461907798499993,0.30000000000000004,0.5695991437600659,0.5783692199774557,0.05,0.01,1.75
0.05,0.01,1.8,0.18725732799677253,0.18725732799677253,0.30461907798499993,0.30000000000000004,0.6147261991449973,0.624191093322575,0.05,0.01,1.8
0.05,0.01,1.85,0.21692793912336036,0.21692793912336036,0.30461907798499993,0.30000000000000004,0.7121285395461749,0.7230931304112012,0.05,0.01,1.85
0.05,0.01,1.9,0.2459742435203652,0.2459742435203652,0.30461907798499993,0.30000000000000004,0.8074814130074857,0.8199141450678838,0.05,0.01,1.9
0.05,0.01,1.95,0.26843845088434454,0.26843845088434454,0.30461907798499993,0.30000000000000004,0.8812266541544814,0.8947948362811483,0.05,0.01,1.95
0.05,0.01,2.0,0.3226509731408928,0.3226509731408928,0.30461907798499993,0.30000000000000004,1.0591948976904881,1.075503243802976,0.05,0.01,2.0
0.05,0.01,2.05,0.29220648286602086,0.29220648286602086,0.30461907798499993,0.30000000000000004,0.9592520757364045,0.9740216095534027,0.05,0.01,2.05
0.05,0.01,2.1,0.31328907241070597,0.31328907241070597,0.30461907798499993,0.30000000000000004,1.0284617578224466,1.0442969080356863,0.05,0.01,2.1
0.05,0.01,2.15,0.41225585467987663,0.3091918910099077,0.30461907798499993,0.30000000000000004,1.0150115779194004,1.0306396366996922,0.05,0.01,2.15
0.05,0.01,2.2,0.5471447905427349,0.27357239527136684,0.30461907798499993,0.30000000000000004,0.8980803076452031,0.9119079842378893,0.05,0.01,2.2
0.05,0.01,2.25,1.1320240486084667,0.2830060121521167,0.30461907798499993,0.30000000000000004,0.9290488764661433,0.9433533738403888,0.05,0.01,2.25
0.05,0.01,2.3,1.0053741089509984,0.2513435272377496,0.30461907798499993,0.30000000000000004,0.8251076357408129,0.8378117574591653,0.05,0.01,2.3
0.05,0.01,2.35,0.7960322389215146,0.19900805973037866,0.30461907798499993,0.30000000000000004,0.653301365911751,0.6633601991012621,0.05,0.01,2.35
0.05,0.01,2.4,0.8120824115190436,0.2030206028797609,0.30461907798499993,0.30000000000000004,0.6664736963380805,0.6767353429325362,0.05,0.01,2.4
0.05,0.01,2.45,0.7456678403629913,0.18641696009074782,0.30461907798499993,0.30000000000000004,0.6119674490641305,0.6213898669691593,0.05,0.01,2.45
0.05,0.01,2.5,0.6540685901721707,0.16533910177505282,0.30461907798499993,0.30000000000000004,0.5427732986021133,0.551130339250176,0.05,0.01,2.5
0.05,0.01,2.55,0.47485186002723895,0.14556783619362879,0.30461907798499993,0.30000000000000004,0.47786841571622396,0.4852261206454292,0.05,0.01,2.55
0.05,0.01,2.6,0.44996492828379686,0.17520568737216632,0.30461907798499993,0.30000000000000004,0.5751632121373363,0.584018957907221,0.05,0.01,2.6
0.05,0.01,2.65,0.4159602392124483,0.22192199145179742,0.30461907798499993,0.30000000000000004,0.7285229569985282,0.7397399715059912,0.05,0.01,2.65
0.05,0.01,2.7,0.31573025728099574,0.26745532075891104,0.30461907798499993,0.30000000000000004,0.877999245904359,0.8915177358630366,0.05,0.01,2.7
0.05,0.01,2.75,0.25681025371729715,0.25681025371729715,0.30461907798499993,0.30000000000000004,0.8430537424512295,0.8560341790576571,0.05,0.01,2.75
0.05,0.01,2.8,0.24795609678376143,0.24795609678376143,0.30461907798499993,0.30000000000000004,0.8139874180696303,0.8265203226125379,0.05,0.01,2.8
0.05,0.01,2.85,0.24584868457381936,0.24584868457381936,0.30461907798499993,0.30000000000000004,0.8070692295442029,0.8194956152460644,0.05,0.01,2.85
0.05,0.01,2.9,0.2187559374660968,0.2187559374660968,0.30461907798499993,0.30000000000000004,0.718129471447185,0.7291864582203226,0.05,0.01,2.9
0.05,0.01,2.95,0.19026555577230383,0.19026555577230383,0.30461907798499993,0.30000000000000004,0.6246015746317534,0.6342185192410127,0.05,0.01,2.95
0.05,0.01,3.0,0.20205224412108985,0.20205224412108985,0.30461907798499993,0.30000000000000004,0.6632947793605998,0.6735074804036327,0.05,0.01,3.0
0.05,0.01,3.1,0.21228105457155944,0.14152070304770634,0.30461907798499993,0.30000000000000004,0.4645825336477287,0.47173567682568773,0.05,0.01,3.1
0.05,0.01,3.2,0.23206744207952792,0.18049689939518845,0.30461907798499993,0.30000000000000004,0.5925331420117964,0.6016563313172948,0.05,0.01,3.2
0.05,0.01,3.3,0.17329458029342376,0.15403962692748777,0.30461907798499993,0.30000000000000004,0.5056795127423799,0.5134654230916258,0.05,0.01,3.3
0.05,0.01,3.4,0.16905032390079366,0.16905032390079366,0.30461907798499993,0.30000000000000004,0.5549564558432484,0.5635010796693122,0.05,0.01,3.4
0.05,0.01,3.45,0.16514670901597447,0.16514670901597447,0.30461907798499993,0.30000000000000004,0.5421417138689739,0.5504890300532481,0.05,0.01,3.45
0.05,0.01,3.5,0.17236834055641864,0.17236834055641864,0.30461907798499993,0.30000000000000004,0.5658488026968108,0.5745611351880621,0.05,0.01,3.5
0.05,0.01,3.55,0.1664159034515632,0.1664159034515632,0.30461907798499993,0.30000000000000004,0.5463082107410155,0.5547196781718773,0.05,0.01,3.55
0.05,0.01,3.6,0.17289957569363998,0.17289957569363998,0.30461907798499993,0.30000000000000004,0.5675927352854567,0.5763319189787999,0.05,0.01,3.6
0.05,0.01,3.65,0.2205305705141838,0.2205305705141838,0.30461907798499993,0.30000000000000004,0.7239552163736874,0.7351019017139458,0.05,0.01,3.65
0.05,0.01,3.7,0.21096141992715076,0.21096141992715076,0.30461907798499993,0.30000000000000004,0.6925417190631078,0.7032047330905025,0.05,0.01,3.7
0.05,0.01,3.75,0.23304885207412604,0.23304885207412604,0.30461907798499993,0.30000000000000004,0.76505008686817,0.7768295069137533,0.05,0.01,3.75
0.05,0.01,3.8,0.21849322764590737,0.21849322764590737,0.30461907798499993,0.30000000000000004,0.7172670506758819,0.7283107588196911,0.05,0.01,3.8
0.05,0.01,3.85,0.2094502807084814,0.2094502807084814,0.30461907798499993,0.30000000000000004,0.6875809686443709,0.6981676023616046,0.05,0.01,3.85
0.05,0.01,3.9,0.2163834313252117,0.2163834313252117,0.30461907798499993,0.30000000000000004,0.7103410356191376,0.7212781044173723,0.05,0.01,3.9
0.05,0.01,4.0,0.2517004297443137,0.2517004297443137,0.30461907798499993,0.30000000000000004,0.8262792711778478,0.8390014324810456,0.05,0.01,4.0
0.05,0.01,4.1,0.25217218904148514,0.25217218904148514,0.30461907798499993,0.30000000000000004,0.8278279571639391,0.8405739634716171,0.05,0.01,4.1
0.05,0.01,4.2,0.257157831451521,0.2618056141585546,0.30461907798499993,0.30000000000000004,0.8594524541612801,0.8726853805285152,0.05,0.01,4.2
0.05,0.015,1.5,0.16970343572070154,0.1737970514710506,0.4054356217274999,0.4025,0.42866744350318214,0.43179391669826234,0.05,0.015,1.5
0.05,0.015,1.6,0.1622179846333685,0.16613107878243,0.4054356217274999,0.4025,0.4097594534850455,0.4127480218197018,0.05,0.015,1.6
0.05,0.015,1.7,0.18282861499039874,0.1872389152968672,0.4054356217274999,0.4025,0.46182156984398776,0.46518985166923527,0.05,0.015,1.7
0.05,0.015,1.75,0.21856732944401144,0.21856732944401144,0.4054356217274999,0.4025,0.5390925654552234,0.5430244209789103,0.05,0.015,1.75
0.05,0.015,1.8,0.25737452612546563,0.25737452612546563,0.4054356217274999,0.4025,0.634809849782887,0.6394398164607842,0.05,0.015,1.8
0.05,0.015,1.85,0.3301016997317594,0.3301016997317594,0.4054356217274999,0.4025,0.8141901748180043,0.8201284465385327,0.05,0.015,1.85
0.05,0.015,1.9,0.3548862787348902,0.3548862787348902,0.4054356217274999,0.4025,0.8753209133987128,0.8817050403351309,0.05,0.015,1.9
0.05,0.015,1.95,0.33290420017426325,0.33290420017426325,0.4054356217274999,0.4025,0.821102494042849,0.8270911805571758,0.05,0.015,1.95
0.05,0.015,2.0,0.4158818014197662,0.4158818014197662,0.4054356217274999,0.4025,1.0257653228587975,1.0332467116019035,0.05,0.015,2.0
0.05,0.015,2.05,0.4011866965783676,0.4011866965783676,0.4054356217274999,0.4025,0.9895200990701599,0.9967371343561927,0.05,0.015,2.05
0.05,0.015,2.1,0.41799345224872747,0.41799345224872747,0.4054356217274999,0.4025,1.0309736733731498,1.0384930490651614,0.05,0.015,2.1
0.05,0.015,2.15,0.5442867154712097,0.4082150366034075,0.4054356217274999,0.4025,1.006855379071195,1.014198848704118,0.05,0.015,2.15
0.05,0.015,2.2,0.91315457909632,0.456577289548159,0.4054356217274999,0.4025,1.1261400456199486,1.134353514405364,0.05,0.015,2.2
0.05,0.015,2.25,1.467124744807977,0.36678118620199424,0.4054356217274999,0.4025,0.9046594984407019,0.911257605470793,0.05,0.015,2.25
0.05,0.015,2.3,1.5570993295054438,0.38927483237636096,0.4054356217274999,0.4025,0.9601396905326663,0.967142440686611,0.05,0.015,2.3
0.05,0.015,2.35,1.0922148028168723,0.2730537007042181,0.4054356217274999,0.4025,0.6734822646830526,0.6783942874638959,0.05,0.015,2.35
0.05,0.015,2.4,1.076541698885688,0.269135424721422,0.4054356217274999,0.4025,0.6638179042450109,0.6686594403016695,0.05,0.015,2.4
0.05,0.015,2.45,1.025688510861417,0.2564221277153543,0.4054356217274999,0.4025,0.6324607754562324,0.6370736092306938,0.05,0.015,2.45
0.05,0.015,2.5,0.8338572189079536,0.21078707287655152,0.4054356217274999,0.4025,0.5199026962120883,0.5236945909976435,0.05,0.015,2.5
0.05,0.015,2.55,0.6953537187169038,0.21316360899798628,0.4054356217274999,0.4025,0.5257643817524675,0.5295990285664255,0.05,0.015,2.55
0.05,0.015,2.6,0.7217413967266512,0.2810290081956902,0.4054356217274999,0.4025,0.6931532236814024,0.6982087160141371,0.05,0.015,2.6
0.05,0.015,2.65,0.6767453525079422,0.3610553658173217,0.4054356217274999,0.4025,0.8905368607694593,0.8970319647635322,0.05,0.015,2.65
0.05,0.015,2.7,0.4288556600319291,0.3632839281888427,0.4054356217274999,0.4025,0.8960335715962617,0.9025687656865656,0.05,0.015,2.7
0.05,0.015,2.75,0.40845720803180974,0.40845720803180974,0.4054356217274999,0.4025,1.0074526907414678,1.0148005168492167,0.05,0.015,2.75
0.05,0.015,2.8,0.3297425614182297,0.3297425614182297,0.4054356217274999,0.4025,0.8133043663337881,0.8192361774365955,0.05,0.015,2.8
0.05,0.015,2.85,0.31919203181583455,0.31919203181583455,0.4054356217274999,0.4025,0.7872816662132586,0.7930236815300237,0.05,0.015,2.85
0.05,0.015,2.9,0.31777058524597335,0.31777058524597335,0.4054356217274999,0.4025,0.7837756926537459,0.7894921372570766,0.05,0.015,2.9
0.05,0.015,2.95,0.29821756264841315,0.29821756264841315,0.4054356217274999,0.4025,0.7355484981259248,0.7409131991264922,0.05,0.015,2.95
0.05,0.015,3.0,0.25127476005823335,0.25127476005823335,0.4054356217274999,0.4025,0.6197648815059456,0.6242851181571014,0.05,0.015,3.0
0.05,0.015,3.1,0.37231760179591233,0.2482117345306083,0.4054356217274999,0.4025,0.6122099816316475,0.6166751168462318,0.05,0.015,3.1
0.05,0.015,3.2,0.31601083228882576,0.245786202891309,0.4054356217274999,0.4025,0.6062274494876675,0.6106489512827553,0.05,0.015,3.2
0.05,0.015,3.3,0.2601393770054415,0.2312350017826146,0.4054356217274999,0.4025,0.570337161785038,0.5744968988387941,0.05,0.015,3.3
0.05,0.015,3.4,0.2617925550455423,0.2617925550455423,0.4054356217274999,0.4025,0.6457068422603909,0.6504162858274342,0.05,0.015,3.4
0.05,0.015,3.45,0.26015427899239646,0.26015427899239646,0.4054356217274999,0.4025,0.6416660625031377,0.6463460347637179,0.05,0.015,3.45
0.05,0.015,3.5,0.2410727252610323,0.2410727252610323,0.4054356217274999,0.4025,0.5946017378390627,0.5989384478534964,0.05,0.015,3.5
0.05,0.015,3.55,0.24946318547648355,0.24946318547648355,0.4054356217274999,0.4025,0.6152966639032816,0.6197843117428162,0.05,0.015,3.55
0.05,0.015,3.6,0.23972687632446305,0.23972687632446305,0.4054356217274999,0.4025,0.5912822245441164,0.5955947237874858,0.05,0.015,3.6
0.05,0.015,3.65,0.27011080320884806,0.27011080320884806,0.4054356217274999,0.4025,0.6662236585378136,0.671082740891548,0.05,0.015,3.65
0.05,0.015,3.7,0.2904626862982384,0.2904626862982384,0.4054356217274999,0.4025,0.7164212287529664,0.7216464255856855,0.05,0.015,3.7
0.05,0.015,3.75,0.2836504714229576,0.2836504714229576,0.4054356217274999,0.4025,0.6996190177231241,0.7047216681315716,0.05,0.015,3.75
0.05,0.015,3.8,0.2963287308826845,0.2963287308826845,0.4054356217274999,0.4025,0.7308897270054184,0.7362204493979739,0.05,0.015,3.8
0.05,0.015,3.85,0.32881723168256805,0.32881723168256805,0.4054356217274999,0.4025,0.811022056427917,0.8169372215715975,0.05,0.015,3.85
0.05,0.015,3.9,0.3291384640965604,0.3291384640965604,0.4054356217274999,0.4025,0.811814370661737,0.8177353145256159,0.05,0.015,3.9
0.05,0.015,4.0,0.3297286439708733,0.3297286439708733,0.4054356217274999,0.4025,0.8132700391888344,0.8192015999276355,0.05,0.015,4.0
0.05,0.015,4.1,0.31019983359248704,0.31019983359248704,0.4054356217274999,0.4025,0.7651025636839023,0.7706828163788497,0.05,0.015,4.1
0.05,0.015,4.2,0.33958356438459736,0.3457210816020619,0.4054356217274999,0.4025,0.8527151120293688,0.8589343642287252,0.05,0.015,4.2
0.05,0.02,1.5,0.28390854288004885,0.2907570340603052,0.50625216547,0.505,0.5743324254037886,0.5757565030897133,0.05,0.02,1.5
0.05,0.02,1.6,0.23008334587800192,0.23563351836095178,0.50625216547,0.505,0.46544693422139094,0.46660102645733026,0.05,0.02,1.6
0.05,0.02,1.7,0.22048944211785587,0.22580821923705302,0.50625216547,0.505,0.4460390189687677,0.4471449885882238,0.05,0.02,1.7
0.05,0.02,1.75,0.27900204591923566,0.27900204591923566,0.50625216547,0.505,0.5511127950637261,0.5524792988499716,0.05,0.02,1.75
0.05,0.02,1.8,0.3022536721228122,0.3022536721228122,0.50625216547,0.505,0.5970417367838863,0.5985221230154697,0.05,0.02,1.8
0.05,0.02,1.85,0.36029847611056837,0.36029847611056837,0.50625216547,0.505,0.7116976492852539,0.7134623289318185,0.05,0.02,1.85
0.05,0.02,1.9,0.36594407893947506,0.36594407893947506,0.50625216547,0.505,0.7228494096410153,0.724641740474208,0.05,0.02,1.9
0.05,0.02,1.95,0.4543192364619625,0.4543192364619625,0.50625216547,0.505,0.8974168753237364,0.8996420523999257,0.05,0.02,1.95
0.05,0.02,2.0,0.49850980421343816,0.49850980421343816,0.50625216547,0.505,0.9847065123180779,0.9871481271553231,0.05,0.02,2.0
0.05,0.02,2.05,0.4631208211314229,0.4631208211314229,0.50625216547,0.505,0.9148026472172532,0.9170709329335106,0.05,0.02,2.05
0.05,0.02,2.1,0.5952269445003737,0.5952269445003737,0.50625216547,0.505,1.1757518981627868,1.1786672168324233,0.05,0.02,2.1
0.05,0.02,2.15,0.6426680100956073,0.4820010075717058,0.50625216547,0.505,0.9520966831306694,0.954457440736051,0.05,0.02,2.15
0.05,0.02,2.2,1.0890179028897142,0.5445089514448559,0.50625216547,0.505,1.075568636707635,1.0782355474155563,0.05,0.02,2.2
0.05,0.02,2.25,1.920079654505611,0.48001991362640273,0.50625216547,0.505,0.9481834278787856,0.9505344824285202,0.05,0.02,2.25
0.05,0.02,2.3,1.6411735008429076,0.4102933752107269,0.50625216547,0.505,0.8104525831110554,0.8124621291301523,0.05,0.02,2.3
0.05,0.02,2.35,1.4238178064855995,0.3559544516213999,0.50625216547,0.505,0.7031168968747719,0.7048603002403958,0.05,0.02,2.35
0.05,0.02,2.4,1.3263222396816317,0.3315805599204079,0.50625216547,0.505,0.6549711439013234,0.6565951681592236,0.05,0.02,2.4
0.05,0.02,2.45,1.1768867241257925,0.29422168103144813,0.50625216547,0.505,0.5811761432334721,0.5826171901612834,0.05,0.02,2.45
0.05,0.02,2.5,1.0380178834493878,0.26239594295574775,0.50625216547,0.505,0.5183107566802044,0.5195959266450451,0.05,0.02,2.5
0.05,0.02,2.55,0.8121521168910805,0.2489686495260396,0.50625216547,0.505,0.49178782138126625,0.4930072267842368,0.05,0.02,2.55
0.05,0.02,2.6,0.7316366271751533,0.28488197660157977,0.50625216547,0.505,0.5627274232735339,0.5641227259437223,0.05,0.02,2.6
0.05,0.02,2.65,0.7733363802073112,0.41258835191234994,0.50625216547,0.505,0.8149858510319785,0.8170066374501979,0.05,0.02,2.65
0.05,0.02,2.7,0.5583983273881131,0.47301961189583014,0.50625216547,0.505,0.9343557305215336,0.936672498803624,0.05,0.02,2.7
0.05,0.02,2.75,0.5369231826343475,0.5369231826343475,0.50625216547,0.505,1.0605844661145751,1.0632142230383117,0.05,0.02,2.75
0.05,0.02,2.8,0.5091555846199348,0.5091555846199348,0.50625216547,0.505,1.005735124406311,1.0082288804355144,0.05,0.02,2.8
0.05,0.02,2.85,0.4792239742925786,0.4792239742925786,0.50625216547,0.505,0.9466112087593174,0.9489583649357992,0.05,0.02,2.85
0.05,0.02,2.9,0.4934489862768401,0.4934489862768401,0.50625216547,0.505,0.974709877672773,0.9771267054986932,0.05,0.02,2.9
0.05,0.02,2.95,0.32139713923520663,0.32139713923520663,0.50625216547,0.505,0.6348558310596547,0.6364299786835775,0.05,0.02,2.95
0.05,0.02,3.0,0.3463034337878555,0.3463034337878555,0.50625216547,0.505,0.6840532394885669,0.6857493738373376,0.05,0.02,3.0
0.05,0.02,3.1,0.521275416921541,0.3475169446143608,0.50625216547,0.505,0.686450287657988,0.6881523655729916,0.05,0.02,3.1
0.05,0.02,3.2,0.44400954646070556,0.34534075835832667,0.50625216547,0.505,0.6821516665271257,0.6838430858580726,0.05,0.02,3.2
0.05,0.02,3.3,0.3953848096182622,0.3514531641051219,0.50625216547,0.505,0.6942255027765382,0.6959468596141027,0.05,0.02,3.3
0.05,0.02,3.4,0.30253513693985906,0.30253513693985906,0.50625216547,0.505,0.597597714291233,0.5990794790888299,0.05,0.02,3.4
0.05,0.02,3.45,0.29569158796154554,0.29569158796154554,0.50625216547,0.505,0.5840796506757223,0.5855278969535556,0.05,0.02,3.45
0.05,0.02,3.5,0.3348591445477434,0.3348591445477434,0.50625216547,0.505,0.6614473327474326,0.6630874149460265,0.05,0.02,3.5
0.05,0.02,3.55,0.3162524495633411,0.3162524495633411,0.50625216547,0.505,0.624693524559515,0.6262424743828536,0.05,0.02,3.55
0.05,0.02,3.6,0.37342451107550106,0.37342451107550106,0.50625216547,0.505,0.7376255086806732,0.7394544773772298,0.05,0.02,3.6
0.05,0.02,3.65,0.3355196450464535,0.3355196450464535,0.50625216547,0.505,0.6627520195098031,0.6643953367256504,0.05,0.02,3.65
0.05,0.02,3.7,0.3705987682638546,0.3705987682638546,0.50625216547,0.505,0.7320438183603503,0.7338589470571378,0.05,0.02,3.7
0.05,0.02,3.75,0.3563769585942852,0.3563769585942852,0.50625216547,0.505,0.7039514749797229,0.7056969477114559,0.05,0.02,3.75
0.05,0.02,3.8,0.34883620159021733,0.34883620159021733,0.50625216547,0.505,0.6890562162165982,0.6907647556241927,0.05,0.02,3.8
0.05,0.02,3.85,0.37386700350359314,0.37386700350359314,0.50625216547,0.505,0.7384995640591451,0.7403307000071151,0.05,0.02,3.85
0.05,0.02,3.9,0.42750176161777326,0.42750176161777326,0.50625216547,0.505,0.8444443120966889,0.8465381418173727,0.05,0.02,3.9
0.05,0.02,4.0,0.3918852941125746,0.3918852941125746,0.50625216547,0.505,0.7740910969709173,0.7760104833912368,0.05,0.02,4.0
0.05,0.02,4.1,0.3875406065961929,0.3875406065961929,0.50625216547,0.505,0.7655090348826531,0.7674071417746393,0.05,0.02,4.1
0.05,0.02,4.2,0.35840449213332654,0.36488217236284914,0.50625216547,0.505,0.7207518253755928,0.7225389551739587,0.05,0.02,4.2
0.1,0.005,1.5,0.06031891621106254,0.06177393958402463,0.20674785318500002,0.2,0.29878878369174017,0.30886969792012314,0.1,0.005,1.5
0.1,0.005,1.6,0.04957473401813728,0.0507705977324233,0.20674785318500002,0.2,0.2455677142484922,0.2538529886621165,0.1,0.005,1.6
0.1,0.005,1.7,0.05440830108972685,0.055720770404133965,0.20674785318500002,0.2,0.26951075692319026,0.2786038520206698,0.1,0.005,1.7
0.1,0.005,1.75,0.06385276094546992,0.06385276094546992,0.20674785318500002,0.2,0.3088436467987594,0.31926380472734955,0.1,0.005,1.75
0.1,0.005,1.8,0.08041341039737318,0.08041341039737318,0.20674785318500002,0.2,0.38894435496468477,0.4020670519868659,0.1,0.005,1.8
0.1,0.005,1.85,0.10083109317135185,0.10083109317135185,0.20674785318500002,0.2,0.4877007989104834,0.5041554658567592,0.1,0.005,1.85
0.1,0.005,1.9,0.11329077024740553,0.11329077024740553,0.20674785318500002,0.2,0.5479658845406816,0.5664538512370276,0.1,0.005,1.9
0.1,0.005,1.95,0.11723369197754614,0.11723369197754614,0.20674785318500002,0.2,0.5670370461967713,0.5861684598877307,0.1,0.005,1.95
0.1,0.005,2.0,0.12394912038539438,0.12394912038539438,0.20674785318500002,0.2,0.5995182947533848,0.6197456019269718,0.1,0.005,2.0
0.1,0.005,2.05,0.13520242113184305,0.13520242113184305,0.20674785318500002,0.2,0.6539483677775487,0.6760121056592152,0.1,0.005,2.05
0.1,0.005,2.1,0.14861110296950478,0.14861110296950478,0.20674785318500002,0.2,0.7188036087442519,0.7430555148475239,0.1,0.005,2.1
0.1,0.005,2.15,0.19976288517756835,0.14982216388317637,0.20674785318500002,0.2,0.7246612797914473,0.7491108194158819,0.1,0.005,2.15
0.1,0.005,2.2,0.2911076652697123,0.14555383263485583,0.20674785318500002,0.2,0.7040161742555693,0.7277691631742791,0.1,0.005,2.2
0.1,0.005,2.25,0.5945607558310253,0.14864018895775633,0.20674785318500002,0.2,0.7189442921313026,0.7432009447887816,0.1,0.005,2.25
0.1,0.005,2.3,0.5540235556143056,0.1385058889035764,0.20674785318500002,0.2,0.6699266123921488,0.692529444517882,0.1,0.005,2.3
0.1,0.005,2.35,0.4728305735383101,0.11820764338457752,0.20674785318500002,0.2,0.5717478637072191,0.5910382169228876,0.1,0.005,2.35
0.1,0.005,2.4,0.512579071450846,0.1281447678627115,0.20674785318500002,0.2,0.6198118427282836,0.6407238393135575,0.1,0.005,2.4
0.1,0.005,2.45,0.43358895268054815,0.10839723817013704,0.20674785318500002,0.2,0.5242968016366396,0.5419861908506851,0.1,0.005,2.45
0.1,0.005,2.5,0.32355136203697277,0.0817891156693617,0.20674785318500002,0.2,0.39559837942392556,0.4089455783468085,0.1,0.005,2.5
0.1,0.005,2.55,0.32767733148361416,0.10045086505723273,0.20674785318500002,0.2,0.4858617079198801,0.5022543252861636,0.1,0.005,2.55
0.1,0.005,2.6,0.27885619024502484,0.1085799968371057,0.20674785318500002,0.2,0.5251807705105758,0.5428999841855284,0.1,0.005,2.6
0.1,0.005,2.65,0.2675394505598405,0.14273693027144185,0.20674785318500002,0.2,0.6903913538764508,0.7136846513572093,0.1,0.005,2.65
0.1,0.005,2.7,0.2102977066516821,0.17814333371708335,0.20674785318500002,0.2,0.8616453857814859,0.8907166685854168,0.1,0.005,2.7
0.1,0.005,2.75,0.19885934513861994,0.19885934513861994,0.20674785318500002,0.2,0.9618447885922116,0.9942967256930997,0.1,0.005,2.75
0.1,0.005,2.8,0.1619327581911082,0.1619327581911082,0.20674785318500002,0.2,0.7832379185393967,0.809663790955541,0.1,0.005,2.8
0.1,0.005,2.85,0.1518471215279444,0.1518471215279444,0.20674785318500002,0.2,0.7344556143568277,0.759235607639722,0.1,0.005,2.85
0.1,0.005,2.9,0.14234271457648137,0.14234271457648137,0.20674785318500002,0.2,0.6884846076206252,0.7117135728824068,0.1,0.005,2.9
0.1,0.005,2.95,0.11449510818433677,0.11449510818433677,0.20674785318500002,0.2,0.5537910378294735,0.5724755409216838,0.1,0.005,2.95
0.1,0.005,3.0,0.11824360119198976,0.11824360119198976,0.20674785318500002,0.2,0.5719217847751203,0.5912180059599488,0.1,0.005,3.0
0.1,0.005,3.1,0.15428961534847788,0.10285974356565195,0.20674785318500002,0.2,0.49751299460223186,0.5142987178282596,0.1,0.005,3.1
0.1,0.005,3.2,0.13116869839233036,0.10202009874959031,0.20674785318500002,0.2,0.4934517924996383,0.5101004937479515,0.1,0.005,3.2
0.1,0.005,3.3,0.09554842814338249,0.08493193612745109,0.20674785318500002,0.2,0.41079960357050554,0.42465968063725545,0.1,0.005,3.3
0.1,0.005,3.4,0.09886440390609778,0.09886440390609778,0.20674785318500002,0.2,0.47818829740221264,0.4943220195304889,0.1,0.005,3.4
0.1,0.005,3.45,0.09758419894805533,0.09758419894805533,0.20674785318500002,0.2,0.47199618977777735,0.4879209947402766,0.1,0.005,3.45
0.1,0.005,3.5,0.09559771876326278,0.09559771876326278,0.20674785318500002,0.2,0.46238796335999194,0.4779885938163139,0.1,0.005,3.5
0.1,0.005,3.55,0.09544331161441592,0.09544331161441592,0.20674785318500002,0.2,0.4616411253809359,0.4772165580720796,0.1,0.005,3.55
0.1,0.005,3.6,0.10307284032591757,0.10307284032591757,0.20674785318500002,0.2,0.49854370305691625,0.5153642016295878,0.1,0.005,3.6
0.1,0.005,3.65,0.10229956777340492,0.10229956777340492,0.20674785318500002,0.2,0.49480353095548835,0.5114978388670246,0.1,0.005,3.65
0.1,0.005,3.7,0.10451161136308489,0.10451161136308489,0.20674785318500002,0.2,0.5055027646142805,0.5225580568154244,0.1,0.005,3.7
0.1,0.005,3.75,0.11170419629878192,0.11170419629878192,0.20674785318500002,0.2,0.5402919284430387,0.5585209814939096,0.1,0.005,3.75
0.1,0.005,3.8,0.11700111644682291,0.11700111644682291,0.20674785318500002,0.2,0.5659121226382416,0.5850055822341146,0.1,0.005,3.8
0.1,0.005,3.85,0.12048070393813222,0.12048070393813222,0.20674785318500002,0.2,0.5827422248023291,0.6024035196906611,0.1,0.005,3.85
0.1,0.005,3.9,0.12292956322573272,0.12292956322573272,0.20674785318500002,0.2,0.5945868909010346,0.6146478161286636,0.1,0.005,3.9
0.1,0.005,4.0,0.12535215361609903,0.12535215361609903,0.20674785318500002,0.2,0.6063044993455515,0.6267607680804951,0.1,0.005,4.0
0.1,0.005,4.1,0.13193769316004758,0.13193769316004758,0.20674785318500002,0.2,0.6381575001989909,0.6596884658002379,0.1,0.005,4.1
0.1,0.005,4.2,0.1330674759318174,0.1354724919875742,0.20674785318500002,0.2,0.6552546490838387,0.6773624599378709,0.1,0.005,4.2
0.1,0.01,1.5,0.10257963053362891,0.1050540741972714,0.31500970537,0.31000000000000005,0.3334947222463459,0.3388841103137787,0.1,0.01,1.5
0.1,0.01,1.6,0.10360954174036646,0.10610885704432306,0.31500970537,0.31000000000000005,0.33684313605414506,0.3422866356268485,0.1,0.01,1.6
0.1,0.01,1.7,0.0995634119856752,0.10196513967155484,0.31500970537,0.31000000000000005,0.32368888301961984,0.3289198053921123,0.1,0.01,1.7
0.1,0.01,1.75,0.11947924222508455,0.11947924222508455,0.31500970537,0.31000000000000005,0.37928749555429786,0.38541691040349846,0.1,0.01,1.75
0.1,0.01,1.8,0.1488659781312911,0.1488659781312911,0.31500970537,0.31000000000000005,0.4725758463741237,0.4802128326815841,0.1,0.01,1.8
0.1,0.01,1.85,0.1702384288941879,0.1702384288941879,0.31500970537,0.31000000000000005,0.5404228060028545,0.5491562222393157,0.1,0.01,1.85
0.1,0.01,1.9,0.19523848391382082,0.19523848391382082,0.31500970537,0.31000000000000005,0.6197856148098679,0.6298015610123251,0.1,0.01,1.9
0.1,0.01,1.95,0.22417628489525915,0.22417628489525915,0.31500970537,0.31000000000000005,0.7116488193020881,0.7231493061137391,0.1,0.01,1.95
0.1,0.01,2.0,0.2329843913931651,0.2329843913931651,0.31500970537,0.31000000000000005,0.7396102006428955,0.7515625528811776,0.1,0.01,2.0
0.1,0.01,2.05,0.2247689701220952,0.2247689701220952,0.31500970537,0.31000000000000005,0.7135303017349545,0.7250611939422424,0.1,0.01,2.05
0.1,0.01,2.1,0.23897458527908474,0.23897458527908474,0.31500970537,0.31000000000000005,0.7586261032763835,0.7708857589647894,0.1,0.01,2.1
0.1,0.01,2.15,0.3532514109275428,0.2649385581956573,0.31500970537,0.31000000000000005,0.8410488746194954,0.8546405103085718,0.1,0.01,2.15
0.1,0.01,2.2,0.5117091939497449,0.2558545969748719,0.31500970537,0.31000000000000005,0.812211790980705,0.8253374095963608,0.1,0.01,2.2
0.1,0.01,2.25,1.0301503101896696,0.2575375775474174,0.31500970537,0.31000000000000005,0.8175544218389154,0.8307663791852173,0.1,0.01,2.25
0.1,0.01,2.3,0.9557218745607728,0.2389304686401932,0.31500970537,0.31000000000000005,0.7584860547694978,0.7707434472264296,0.1,0.01,2.3
0.1,0.01,2.35,0.8900629752907782,0.22251574382269454,0.31500970537,0.31000000000000005,0.7063774227569747,0.7177927220086919,0.1,0.01,2.35
0.1,0.01,2.4,0.829462461980502,0.2073656154951255,0.31500970537,0.31000000000000005,0.6582832590874008,0.6689213403068563,0.1,0.01,2.4
0.1,0.01,2.45,0.7818301473267892,0.1954575368316973,0.31500970537,0.31000000000000005,0.6204809994730777,0.6305081833280557,0.1,0.01,2.45
0.1,0.01,2.5,0.5202227309224221,0.13150479987280386,0.31500970537,0.31000000000000005,0.41746269283463083,0.4242090318477543,0.1,0.01,2.5
0.1,0.01,2.55,0.6144730881718061,0.18836931130322562,0.31500970537,0.31000000000000005,0.5979793894984069,0.6076429396878245,0.1,0.01,2.55
0.1,0.01,2.6,0.5638667602064857,0.21955636339280293,0.31500970537,0.31000000000000005,0.6969828537026161,0.7082463335251706,0.1,0.01,2.6
0.1,0.01,2.65,0.4416859724528324,0.235647115668172,0.31500970537,0.31000000000000005,0.7480630331417525,0.7601519860263611,0.1,0.01,2.65
0.1,0.01,2.7,0.3411542457457894,0.28899199908800294,0.31500970537,0.31000000000000005,0.9174066518000215,0.93223225512259,0.1,0.01,2.7
0.1,0.01,2.75,0.3419777469823922,0.3419777469823922,0.31500970537,0.31000000000000005,1.0856101928056991,1.1031540225238456,0.1,0.01,2.75
0.1,0.01,2.8,0.3108584812450007,0.3108584812450007,0.31500970537,0.31000000000000005,0.9868219167402369,1.0027692943387119,0.1,0.01,2.8
0.1,0.01,2.85,0.27254020121920597,0.27254020121920597,0.31500970537,0.31000000000000005,0.8651803311872225,0.8791619394167933,0.1,0.01,2.85
0.1,0.01,2.9,0.2752463712910687,0.2752463712910687,0.31500970537,0.31000000000000005,0.8737710826013231,0.8878915202937699,0.1,0.01,2.9
0.1,0.01,2.95,0.21315098102456148,0.21315098102456148,0.31500970537,0.31000000000000005,0.6766489330041479,0.6875838097566498,0.1,0.01,2.95
0.1,0.01,3.0,0.20717300328130522,0.20717300328130522,0.31500970537,0.31000000000000005,0.6576718105810951,0.6683000105848554,0.1,0.01,3.0
0.1,0.01,3.1,0.3352953170641291,0.2235302113760861,0.31500970537,0.31000000000000005,0.7095978554487231,0.7210651979873745,0.1,0.01,3.1
0.1,0.01,3.2,0.2194869507916804,0.1707120728379737,0.31500970537,0.31000000000000005,0.5419263912439172,0.5506841059289473,0.1,0.01,3.2
0.1,0.01,3.3,0.18104284801879056,0.1609269760167027,0.31500970537,0.31000000000000005,0.5108635488791787,0.5191192774732344,0.1,0.01,3.3
0.1,0.01,3.4,0.16412806240322533,0.16412806240322533,0.31500970537,0.31000000000000005,0.5210254147898267,0.5294453625910494,0.1,0.01,3.4
0.1,0.01,3.45,0.15824685933819746,0.15824685933819746,0.31500970537,0.31000000000000005,0.5023555041020908,0.5104737398006369,0.1,0.01,3.45
0.1,0.01,3.5,0.1670936339185911,0.1670936339185911,0.31500970537,0.31000000000000005,0.5304396374782435,0.5390117223180357,0.1,0.01,3.5
0.1,0.01,3.55,0.16813457748812005,0.16813457748812005,0.31500970537,0.31000000000000005,0.533744118425287,0.5423696048003872,0.1,0.01,3.55
0.1,0.01,3.6,0.16565678467946832,0.16565678467946832,0.31500970537,0.31000000000000005,0.5258783518586938,0.5343767247724783,0.1,0.01,3.6
0.1,0.01,3.65,0.18815403888130336,0.18815403888130336,0.31500970537,0.31000000000000005,0.5972960060398895,0.6069485125203333,0.1,0.01,3.65
0.1,0.01,3.7,0.17844985699040533,0.17844985699040533,0.31500970537,0.31000000000000005,0.5664900285557997,0.5756446999690493,0.1,0.01,3.7
0.1,0.01,3.75,0.19002463092703634,0.19002463092703634,0.31500970537,0.31000000000000005,0.6032342105264333,0.6129826804097945,0.1,0.01,3.75
0.1,0.01,3.8,0.1837992424697036,0.1837992424697036,0.31500970537,0.31000000000000005,0.5834716814639698,0.5929007821603341,0.1,0.01,3.8
0.1,0.01,3.85,0.19292805441413383,0.19292805441413383,0.31500970537,0.31000000000000005,0.612451143965634,0.622348562626238,0.1,0.01,3.85
0.1,0.01,3.9,0.20016121872779388,0.20016121872779388,0.31500970537,0.31000000000000005,0.6354128628916088,0.6456813507348189,0.1,0.01,3.9
0.1,0.01,4.0,0.19039036695448172,0.19039036695448172,0.31500970537,0.31000000000000005,0.6043952415080528,0.6141624740467151,0.1,0.01,4.0
0.1,0.01,4.1,0.19123368491628953,0.19123368491628953,0.31500970537,0.31000000000000005,0.6070723589029511,0.6168828545686758,0.1,0.01,4.1
0.1,0.01,4.2,0.18429443617745947,0.18762531079493958,0.31500970537,0.31000000000000005,0.5956175558926385,0.6052429380481921,0.1,0.01,4.2
0.1,0.015,1.5,0.16796773988873584,0.1720194868827726,0.42327155755499996,0.42,0.40640455001614506,0.4095702068637443,0.1,0.015,1.5
0.1,0.015,1.6,0.13966711477630347,0.14303622684413417,0.42327155755499996,0.42,0.3379301639599255,0.3405624448669861,0.1,0.015,1.6
0.1,0.015,1.7,0.15067205675212927,0.1543066574851986,0.42327155755499996,0.42,0.36455711405826735,0.36739680353618714,0.1,0.015,1.7
0.1,0.015,1.75,0.17971716984902916,0.17971716984902916,0.42327155755499996,0.42,0.424590706938008,0.42789802345006944,0.1,0.015,1.75
0.1,0.015,1.8,0.21362352499377016,0.21362352499377016,0.42327155755499996,0.42,0.5046961487980725,0.5086274404613575,0.1,0.015,1.8
0.1,0.015,1.85,0.24498726459252002,0.24498726459252002,0.42327155755499996,0.42,0.5787945356113051,0.5833030109345715,0.1,0.015,1.85
0.1,0.015,1.9,0.27007351135003715,0.27007351135003715,0.42327155755499996,0.42,0.6380620349500894,0.6430321698810408,0.1,0.015,1.9
0.1,0.015,1.95,0.31325667603927454,0.31325667603927454,0.42327155755499996,0.42,0.7400843984150055,0.7458492286649394,0.1,0.015,1.95
0.1,0.015,2.0,0.32483588330075547,0.32483588330075547,0.42327155755499996,0.42,0.7674408485586615,0.7734187697637035,0.1,0.015,2.0
0.1,0.015,2.05,0.3617115072967934,0.3617115072967934,0.42327155755499996,0.42,0.8545613350119623,0.8612178745161748,0.1,0.015,2.05
0.1,0.015,2.1,0.3595201953863982,0.3595201953863982,0.42327155755499996,0.42,0.8493842521882233,0.8560004652057099,0.1,0.015,2.1
0.1,0.015,2.15,0.483350243577787,0.3625126826833405,0.42327155755499996,0.42,0.8564541515082444,0.8631254349603347,0.1,0.015,2.15
0.1,0.015,2.2,0.7397694604800585,0.36988473024002844,0.42327155755499996,0.42,0.8738709786611768,0.8806779291429249,0.1,0.015,2.2
0.1,0.015,2.25,1.4125099463851325,0.3531274865962831,0.42327155755499996,0.42,0.8342811613331654,0.8407797299911504,0.1,0.015,2.25
0.1,0.015,2.3,1.4737205438831928,0.3684301359707982,0.42327155755499996,0.42,0.8704344277206114,0.8772146094542815,0.1,0.015,2.3
0.1,0.015,2.35,1.1896828286996017,0.29742070717490043,0.42327155755499996,0.42,0.7026711383418517,0.7081445408926201,0.1,0.015,2.35
0.1,0.015,2.4,1.0995565838279646,0.27488914595699115,0.42327155755499996,0.42,0.6494392100070935,0.6544979665642647,0.1,0.015,2.4
0.1,0.015,2.45,1.0962978681682138,0.27407446704205346,0.42327155755499996,0.42,0.6475144907567766,0.6525582548620321,0.1,0.015,2.45
0.1,0.015,2.5,0.8376983231697631,0.21175804860908856,0.42327155755499996,0.42,0.5002888685275592,0.5041858300216394,0.1,0.015,2.5
0.1,0.015,2.55,0.860032089136859,0.2636464565297421,0.42327155755499996,0.42,0.6228777998991436,0.627729658404148,0.1,0.015,2.55
0.1,0.015,2.6,0.751513286753864,0.2926214771387285,0.42327155755499996,0.42,0.6913327198950882,0.6967178027112584,0.1,0.015,2.6
0.1,0.015,2.65,0.6002437251107443,0.3202404227029668,0.42327155755499996,0.42,0.7565838454934566,0.7624771969118258,0.1,0.015,2.65
0.1,0.015,2.7,0.5233969009949495,0.44336987922965887,0.42327155755499996,0.42,1.0474832795067912,1.0556425695944258,0.1,0.015,2.7
0.1,0.015,2.75,0.40927488370972287,0.40927488370972287,0.42327155755499996,0.42,0.9669321654256007,0.9744640088326736,0.1,0.015,2.75
0.1,0.015,2.8,0.41448591860963363,0.41448591860963363,0.42327155755499996,0.42,0.9792434932408027,0.9868712347848421,0.1,0.015,2.8
0.1,0.015,2.85,0.3803118223989049,0.3803118223989049,0.42327155755499996,0.42,0.8985054998633758,0.9055043390450116,0.1,0.015,2.85
0.1,0.015,2.9,0.3558228404913203,0.3558228404913203,0.42327155755499996,0.42,0.8406490682877614,0.8471972392650483,0.1,0.015,2.9
0.1,0.015,2.95,0.33549403349282386,0.33549403349282386,0.42327155755499996,0.42,0.7926212557980103,0.7987953178400569,0.1,0.015,2.95
0.1,0.015,3.0,0.2908043984401558,0.2908043984401558,0.42327155755499996,0.42,0.6870397815529306,0.6923914248575139,0.1,0.015,3.0
0.1,0.015,3.1,0.44204475655722986,0.29469650437148665,0.42327155755499996,0.42,0.6962350744136493,0.7016583437416349,0.1,0.015,3.1
0.1,0.015,3.2,0.3044641166069505,0.23680542402762825,0.42327155755499996,0.42,0.55946453240449,0.5638224381610196,0.1,0.015,3.2
0.1,0.015,3.3,0.25196075269895807,0.22396511351018492,0.42327155755499996,0.42,0.529128663413872,0.5332502702623451,0.1,0.015,3.3
0.1,0.015,3.4,0.23932619546546108,0.23932619546546108,0.42327155755499996,0.42,0.5654199796648586,0.5698242749177644,0.1,0.015,3.4
0.1,0.015,3.45,0.2021694779394788,0.2021694779394788,0.42327155755499996,0.42,0.47763539583736114,0.4813558998559019,0.1,0.015,3.45
0.1,0.015,3.5,0.22786764640880514,0.22786764640880514,0.42327155755499996,0.42,0.5383485905007827,0.5425420152590599,0.1,0.015,3.5
0.1,0.015,3.55,0.23660539512065612,0.23660539512065612,0.42327155755499996,0.42,0.5589919542134876,0.5633461788587051,0.1,0.015,3.55
0.1,0.015,3.6,0.24553145152929104,0.24553145152929104,0.42327155755499996,0.42,0.58008020417811,0.5845986941173597,0.1,0.015,3.6
0.1,0.015,3.65,0.23386412006060883,0.23386412006060883,0.42327155755499996,0.42,0.5525155562341807,0.5568193334776401,0.1,0.015,3.65
0.1,0.015,3.7,0.25617463480718444,0.25617463480718444,0.42327155755499996,0.42,0.6052252513420939,0.6099396066837725,0.1,0.015,3.7
0.1,0.015,3.75,0.2562361139555946,0.2562361139555946,0.42327155755499996,0.42,0.6053704988724626,0.6100859856085585,0.1,0.015,3.75
0.1,0.015,3.8,0.26087810423546687,0.26087810423546687,0.42327155755499996,0.42,0.6163374306140765,0.6211383434177783,0.1,0.015,3.8
0.1,0.015,3.85,0.25759530489423044,0.25759530489423044,0.42327155755499996,0.42,0.6085816547235364,0.6133221545100724,0.1,0.015,3.85
0.1,0.015,3.9,0.27777066369725134,0.27777066369725134,0.42327155755499996,0.42,0.6562469382582075,0.6613587230886937,0.1,0.015,3.9
0.1,0.015,4.0,0.2679238768071327,0.2679238768071327,0.42327155755499996,0.42,0.6329834169694207,0.637913992397935,0.1,0.015,4.0
0.1,0.015,4.1,0.2776084650886443,0.2776084650886443,0.42327155755499996,0.42,0.6558637360190964,0.6609725359253436,0.1,0.015,4.1
0.1,0.015,4.2,0.25593915508364756,0.2605649118507512,0.42327155755499996,0.42,0.615597498107095,0.6203926472636934,0.1,0.015,4.2
0.1,0.02,1.5,0.22460776381553585,0.23002579130390802,0.53153340974,0.53,0.4327588578419282,0.4340109269885057,0.1,0.02,1.5
0.1,0.02,1.6,0.18313020412956976,0.18754775210931734,0.53153340974,0.53,0.35284282920438903,0.35386368322512707,0.1,0.02,1.6
0.1,0.02,1.7,0.17680102343803655,0.1810659226054544,0.53153340974,0.53,0.3406482439062917,0.3416338162367064,0.1,0.02,1.7
0.1,0.02,1.75,0.2044285337792655,0.2044285337792655,0.53153340974,0.53,0.3846014757177012,0.38571421467785943,0.1,0.02,1.75
0.1,0.02,1.8,0.23574336905999663,0.23574336905999663,0.53153340974,0.53,0.44351561866131933,0.44479880954716344,0.1,0.02,1.8
0.1,0.02,1.85,0.2887166703600405,0.2887166703600405,0.53153340974,0.53,0.543176901149575,0.5447484346415858,0.1,0.02,1.85
0.1,0.02,1.9,0.3230830033892493,0.3230830033892493,0.53153340974,0.53,0.6078319771983582,0.6095905724325458,0.1,0.02,1.9
0.1,0.02,1.95,0.34853863572214144,0.34853863572214144,0.53153340974,0.53,0.6557229128694458,0.6576200674002668,0.1,0.02,1.95
0.1,0.02,2.0,0.3676586259883677,0.3676586259883677,0.53153340974,0.53,0.6916942928727815,0.6936955207327692,0.1,0.02,2.0
0.1,0.02,2.05,0.4316503733635386,0.4316503733635386,0.53153340974,0.53,0.8120851209986608,0.8144346667236577,0.1,0.02,2.05
0.1,0.02,2.1,0.43711646402278653,0.43711646402278653,0.53153340974,0.53,0.8223687467483981,0.8247480453260123,0.1,0.02,2.1
0.1,0.02,2.15,0.5651747156233058,0.4238810367174797,0.53153340974,0.53,0.797468285060052,0.7997755409763767,0.1,0.02,2.15
0.1,0.02,2.2,0.8100827213519342,0.4050413606759662,0.53153340974,0.53,0.762024274022761,0.7642289824074834,0.1,0.02,2.2
0.1,0.02,2.25,1.5517125907093168,0.3879281476773292,0.53153340974,0.53,0.7298283429955693,0.7319399012779796,0.1,0.02,2.25
0.1,0.02,2.3,1.5102785563581202,0.37756963908953006,0.53153340974,0.53,0.7103403702774179,0.7123955454519435,0.1,0.02,2.3
0.1,0.02,2.35,1.5256900811086187,0.3814225202771547,0.53153340974,0.53,0.7175889855422782,0.719665132598405,0.1,0.02,2.35
0.1,0.02,2.4,1.5174824624552723,0.3793706156138181,0.53153340974,0.53,0.7137286361724422,0.7157936143656944,0.1,0.02,2.4
0.1,0.02,2.45,1.2380036532693053,0.3095009133173263,0.53153340974,0.53,0.5822793217621428,0.5839639873911817,0.1,0.02,2.45
0.1,0.02,2.5,1.0908922324275225,0.2757618154320339,0.53153340974,0.53,0.5188042941024592,0.5203053121359129,0.1,0.02,2.5
0.1,0.02,2.55,1.057481861582225,0.32417551527692184,0.53153340974,0.53,0.6098873736563287,0.6116519156168336,0.1,0.02,2.55
0.1,0.02,2.6,0.9355988901411528,0.3643000517329862,0.53153340974,0.53,0.6853756416011251,0.6873585881754456,0.1,0.02,2.6
0.1,0.02,2.65,0.8105614280389392,0.4324485596147116,0.53153340974,0.53,0.8135867881310495,0.8159406785183237,0.1,0.02,2.65
0.1,0.02,2.7,0.5963620446544962,0.5051787032230972,0.53153340974,0.53,0.9504175917562846,0.9531673645718814,0.1,0.02,2.7
0.1,0.02,2.75,0.6186703026058064,0.6186703026058064,0.53153340974,0.53,1.1639349310298848,1.1673024577468043,0.1,0.02,2.75
0.1,0.02,2.8,0.5752459814358312,0.5752459814358312,0.53153340974,0.53,1.0822386154752026,1.085369776294021,0.1,0.02,2.8
0.1,0.02,2.85,0.4726819757138613,0.4726819757138613,0.53153340974,0.53,0.88927989671444,0.891852784365776,0.1,0.02,2.85
0.1,0.02,2.9,0.5025255903447328,0.5025255903447328,0.53153340974,0.53,0.945426159741386,0.9481614912164769,0.1,0.02,2.9
0.1,0.02,2.95,0.48210719949731035,0.48210719949731035,0.53153340974,0.53,0.9070120347338722,0.9096362254666233,0.1,0.02,2.95
0.1,0.02,3.0,0.32556028774558765,0.32556028774558765,0.53153340974,0.53,0.6124926143491822,0.6142646938595994,0.1,0.02,3.0
0.1,0.02,3.1,0.5165026186648314,0.3443350791098877,0.53153340974,0.53,0.6478145546454351,0.649688828509222,0.1,0.02,3.1
0.1,0.02,3.2,0.47467210056265036,0.36918941154872814,0.53153340974,0.53,0.6945742351911942,0.6965837953749587,0.1,0.02,3.2
0.1,0.02,3.3,0.3709014128280978,0.3296901447360869,0.53153340974,0.53,0.6202623178425513,0.6220568768605412,0.1,0.02,3.3
0.1,0.02,3.4,0.29469470514354323,0.29469470514354323,0.53153340974,0.53,0.5544236726110846,0.5560277455538551,0.1,0.02,3.4
0.1,0.02,3.45,0.29480580562596026,0.29480580562596026,0.53153340974,0.53,0.5546326914241662,0.5562373691055854,0.1,0.02,3.45
0.1,0.02,3.5,0.28944835576426686,0.28944835576426686,0.53153340974,0.53,0.5445534569611546,0.5461289731401261,0.1,0.02,3.5
0.1,0.02,3.55,0.3099414719488375,0.3099414719488375,0.53153340974,0.53,0.5831081664282319,0.5847952300921462,0.1,0.02,3.55
0.1,0.02,3.6,0.29579754234559025,0.29579754234559025,0.53153340974,0.53,0.5564984945918637,0.5581085704633778,0.1,0.02,3.6
0.1,0.02,3.65,0.27897482794339495,0.27897482794339495,0.53153340974,0.53,0.5248490928911801,0.526367599893198,0.1,0.02,3.65
0.1,0.02,3.7,0.31273905778314054,0.31273905778314054,0.53153340974,0.53,0.5883714025353874,0.5900736939304538,0.1,0.02,3.7
0.1,0.02,3.75,0.31051462201193913,0.31051462201193913,0.53153340974,0.53,0.5841864618892492,0.5858766453055455,0.1,0.02,3.75
0.1,0.02,3.8,0.32347069134989903,0.32347069134989903,0.53153340974,0.53,0.6085613536656614,0.6103220591507529,0.1,0.02,3.8
0.1,0.02,3.85,0.3455842905858215,0.3455842905858215,0.53153340974,0.53,0.6501647577616323,0.6520458312940028,0.1,0.02,3.85
0.1,0.02,3.9,0.32968994651446054,0.32968994651446054,0.53153340974,0.53,0.6202619449184364,0.6220565028574727,0.1,0.02,3.9
0.1,0.02,4.0,0.3283077634728332,0.3283077634728332,0.53153340974,0.53,0.6176615758422885,0.6194486103261003,0.1,0.02,4.0
0.1,0.02,4.1,0.3280274396159858,0.3280274396159858,0.53153340974,0.53,0.6171341887548343,0.6189196973886524,0.1,0.02,4.1
0.1,0.02,4.2,0.3471341549806705,0.35340813899054124,0.53153340974,0.53,0.664884149358384,0.6668078094161155,0.1,0.02,4.2
0.15,0.005,1.5,0.0566215059197712,0.05798733971952486,0.20969317212750002,0.20249999999999999,0.27653422918447124,0.28635723318283884,0.15,0.005,1.5
0.15,0.005,1.6,0.047874450063744516,0.04902929877461576,0.20969317212750002,0.20249999999999999,0.2338144741537145,0.2421199939487198,0.15,0.005,1.6
0.15,0.005,1.7,0.047039160209962204,0.04817386673662331,0.20969317212750002,0.20249999999999999,0.22973502784025837,0.2378956382055472,0.15,0.005,1.7
0.15,0.005,1.75,0.060750801486910214,0.060750801486910214,0.20969317212750002,0.20249999999999999,0.28971282598544423,0.30000395796005047,0.15,0.005,1.75
0.15,0.005,1.8,0.06774328157349906,0.06774328157349906,0.20969317212750002,0.20249999999999999,0.3230590719105962,0.33453472381974847,0.15,0.005,1.8
0.15,0.005,1.85,0.0672507577130473,0.0672507577130473,0.20969317212750002,0.20249999999999999,0.32071028842158356,0.33210250722492496,0.15,0.005,1.85
0.15,0.005,1.9,0.09018652016281747,0.09018652016281747,0.20969317212750002,0.20249999999999999,0.43008801501644145,0.44536553166823445,0.15,0.005,1.9
0.15,0.005,1.95,0.09655208052774394,0.09655208052774394,0.20969317212750002,0.20249999999999999,0.46044456072721934,0.47680039766787136,0.15,0.005,1.95
0.15,0.005,2.0,0.11064689850513013,0.11064689850513013,0.20969317212750002,0.20249999999999999,0.5276609504378776,0.5464044370623711,0.15,0.005,2.0
0.15,0.005,2.05,0.1198022779199124,0.1198022779199124,0.20969317212750002,0.20249999999999999,0.5713217874689256,0.5916161872588267,0.15,0.005,2.05
0.15,0.005,2.1,0.12283294187412083,0.12283294187412083,0.20969317212750002,0.20249999999999999,0.5857746374280348,0.6065824290080042,0.15,0.005,2.1
0.15,0.005,2.15,0.152192885846948,0.11414466438521109,0.20969317212750002,0.20249999999999999,0.5443413499215299,0.5636773549886968,0.15,0.005,2.15
0.15,0.005,2.2,0.2685762125382621,0.13428810626913074,0.20969317212750002,0.20249999999999999,0.640402855785306,0.6631511420697814,0.15,0.005,2.2
0.15,0.005,2.25,0.4996739639526415,0.12491849098816038,0.20969317212750002,0.20249999999999999,0.5957203552255198,0.6168814369785698,0.15,0.005,2.25
0.15,0.005,2.3,0.5044483186614944,0.1261120796653736,0.20969317212750002,0.20249999999999999,0.6014124274332285,0.6227757020512277,0.15,0.005,2.3
0.15,0.005,2.35,0.4703299408675605,0.11758248521689013,0.20969317212750002,0.20249999999999999,0.5607358791129179,0.5806542479846427,0.15,0.005,2.35
0.15,0.005,2.4,0.40763591060454685,0.10190897765113671,0.20969317212750002,0.20249999999999999,0.4859909200532903,0.5032542106228973,0.15,0.005,2.4
0.15,0.005,2.45,0.40067823954452664,0.10016955988613166,0.20969317212750002,0.20249999999999999,0.4776958585243082,0.49466449326484774,0.15,0.005,2.45
0.15,0.005,2.5,0.35074355330853224,0.08866290925567596,0.20969317212750002,0.20249999999999999,0.4228221088751814,0.4378415271885233,0.15,0.005,2.5
0.15,0.005,2.55,0.3112021495086674,0.09540032868394845,0.20969317212750002,0.20249999999999999,0.45495200304348515,0.47111273424172073,0.15,0.005,2.55
0.15,0.005,2.6,0.3094883793742952,0.12050744587758523,0.20969317212750002,0.20249999999999999,0.5746846435434384,0.5950984981609148,0.15,0.005,2.6
0.15,0.005,2.65,0.25929097894742964,0.13833622781457813,0.20969317212750002,0.20249999999999999,0.6597078312615032,0.6831418657510032,0.15,0.005,2.65
0.15,0.005,2.7,0.22794977383387627,0.19309641211675613,0.20969317212750002,0.20249999999999999,0.9208521677536904,0.9535625289716353,0.15,0.005,2.7
0.15,0.005,2.75,0.19686629545509024,0.19686629545509024,0.20969317212750002,0.20249999999999999,0.9388302606981851,0.9721792368152605,0.15,0.005,2.75
0.15,0.005,2.8,0.22607217515044634,0.22607217515044634,0.20969317212750002,0.20249999999999999,1.0781093769375922,1.1164058032120807,0.15,0.005,2.8
0.15,0.005,2.85,0.17450210011029468,0.17450210011029468,0.20969317212750002,0.20249999999999999,0.8321782647467031,0.8617387659767639,0.15,0.005,2.85
0.15,0.005,2.9,0.1483377575349356,0.1483377575349356,0.20969317212750002,0.20249999999999999,0.7074038512076187,0.7325321359749907,0.15,0.005,2.9
0.15,0.005,2.95,0.1446370085349082,0.1446370085349082,0.20969317212750002,0.20249999999999999,0.6897554511072224,0.7142568322711517,0.15,0.005,2.95
0.15,0.005,3.0,0.14271395147018825,0.14271395147018825,0.20969317212750002,0.20249999999999999,0.6805846371736591,0.7047602541737692,0.15,0.005,3.0
0.15,0.005,3.1,0.1668847927339656,0.11125652848931042,0.20969317212750002,0.20249999999999999,0.5305681980988058,0.5494149555027675,0.15,0.005,3.1
0.15,0.005,3.2,0.13535636160097536,0.10527717013409198,0.20969317212750002,0.20249999999999999,0.502053400527892,0.5198872599214419,0.15,0.005,3.2
0.15,0.005,3.3,0.1297031745562637,0.11529171071667883,0.20969317212750002,0.20249999999999999,0.5498114676169706,0.5693417813169326,0.15,0.005,3.3
0.15,0.005,3.4,0.09792592094687376,0.09792592094687376,0.20969317212750002,0.20249999999999999,0.46699623050831496,0.4835847947993766,0.15,0.005,3.4
0.15,0.005,3.45,0.10773194994192244,0.10773194994192244,0.20969317212750002,0.20249999999999999,0.5137599324236367,0.5320096293428269,0.15,0.005,3.45
0.15,0.005,3.5,0.0967762473982255,0.0967762473982255,0.20969317212750002,0.20249999999999999,0.4615135839491355,0.47790739455913833,0.15,0.005,3.5
0.15,0.005,3.55,0.09235947225119102,0.09235947225119102,0.20969317212750002,0.20249999999999999,0.4404505464538138,0.4560961592651409,0.15,0.005,3.55
0.15,0.005,3.6,0.09964724533003556,0.09964724533003556,0.20969317212750002,0.20249999999999999,0.4752050070063651,0.49208516212363246,0.15,0.005,3.6
0.15,0.005,3.65,0.1088345289447194,0.1088345289447194,0.20969317212750002,0.20249999999999999,0.5190179910986543,0.5374544639245403,0.15,0.005,3.65
0.15,0.005,3.7,0.1032811774614784,0.1032811774614784,0.20969317212750002,0.20249999999999999,0.4925347659802686,0.5100305059826095,0.15,0.005,3.7
0.15,0.005,3.75,0.09761510282053087,0.09761510282053087,0.20969317212750002,0.20249999999999999,0.4655139784960563,0.48204989047175745,0.15,0.005,3.75
0.15,0.005,3.8,0.10363379711744931,0.10363379711744931,0.20969317212750002,0.20249999999999999,0.49421636415723025,0.5117718376170337,0.15,0.005,3.8
0.15,0.005,3.85,0.10587799678520204,0.10587799678520204,0.20969317212750002,0.20249999999999999,0.5049186662159172,0.522854305112109,0.15,0.005,3.85
0.15,0.005,3.9,0.101514204254327,0.101514204254327,0.20969317212750002,0.20249999999999999,0.48410829606127176,0.501304712367047,0.15,0.005,3.9
0.15,0.005,4.0,0.10990287264214575,0.10990287264214575,0.20969317212750002,0.20249999999999999,0.524112785967687,0.5427302352698556,0.15,0.005,4.0
0.15,0.005,4.1,0.11306246062951476,0.11306246062951476,0.20969317212750002,0.20249999999999999,0.5391804582018972,0.5583331389111841,0.15,0.005,4.1
0.15,0.005,4.2,0.10946657622401741,0.11144503768910437,0.20969317212750002,0.20249999999999999,0.5314671744359053,0.5503458651313796,0.15,0.005,4.2
0.15,0.01,1.5,0.09838269520523056,0.10075589966596261,0.32540033275499997,0.32,0.30963674441545097,0.3148621864561332,0.15,0.01,1.5
0.15,0.01,1.6,0.08643396778858518,0.08851896628242117,0.32540033275499997,0.32,0.2720309642371164,0.2766217696325662,0.15,0.01,1.6
0.15,0.01,1.7,0.08111343660453407,0.08307010303956927,0.32540033275499997,0.32,0.25528585768876366,0.259594071998654,0.15,0.01,1.7
0.15,0.01,1.75,0.10149197011510702,0.10149197011510702,0.32540033275499997,0.32,0.3118987901942996,0.31716240660970946,0.15,0.01,1.75
0.15,0.01,1.8,0.11691038197173309,0.11691038197173309,0.32540033275499997,0.32,0.35928169151491657,0.3653449436616659,0.15,0.01,1.8
0.15,0.01,1.85,0.12663345500882234,0.12663345500882234,0.32540033275499997,0.32,0.38916203292320245,0.3957295469025698,0.15,0.01,1.85
0.15,0.01,1.9,0.1485375743170255,0.1485375743170255,0.32540033275499997,0.32,0.45647640572286147,0.46417991974070466,0.15,0.01,1.9
0.15,0.01,1.95,0.15729422768860504,0.15729422768860504,0.32540033275499997,0.32,0.48338680651268673,0.49154446152689074,0.15,0.01,1.95
0.15,0.01,2.0,0.17171696619733323,0.17171696619733323,0.32540033275499997,0.32,0.5277098666233454,0.5366155193666663,0.15,0.01,2.0
0.15,0.01,2.05,0.20674515225497292,0.20674515225497292,0.32540033275499997,0.32,0.6353563025107145,0.6460786007967904,0.15,0.01,2.05
0.15,0.01,2.1,0.21819059126590332,0.21819059126590332,0.32540033275499997,0.32,0.6705297115666539,0.6818455977059479,0.15,0.01,2.1
0.15,0.01,2.15,0.2689404830148122,0.2017053622611093,0.32540033275499997,0.32,0.6198683343479463,0.6303292570659665,0.15,0.01,2.15
0.15,0.01,2.2,0.3853417729652825,0.19267088648264083,0.32540033275499997,0.32,0.5921041470713749,0.6020965202582526,0.15,0.01,2.2
0.15,0.01,2.25,1.004435589654522,0.2511088974136305,0.32540033275499997,0.32,0.7716921961560965,0.7847153044175953,0.15,0.01,2.25
0.15,0.01,2.3,0.8978437596656426,0.22446093991641064,0.32540033275499997,0.32,0.6897993558150769,0.7014404372387832,0.15,0.01,2.3
0.15,0.01,2.35,0.8185459622932807,0.20463649057332017,0.32540033275499997,0.32,0.6288760949958673,0.6394890330416255,0.15,0.01,2.35
0.15,0.01,2.4,0.7973410104965236,0.1993352526241309,0.32540033275499997,0.32,0.61258466128925,0.6229226644504091,0.15,0.01,2.4
0.15,0.01,2.45,0.6203549069919633,0.15508872674799082,0.32540033275499997,0.32,0.47660899862926703,0.4846522710874713,0.15,0.01,2.45
0.15,0.01,2.5,0.6488248993443396,0.16401357239711487,0.32540033275499997,0.32,0.5040362774324628,0.512542413740984,0.15,0.01,2.5
0.15,0.01,2.55,0.564456556172029,0.17303653291482612,0.32540033275499997,0.32,0.5317650767281439,0.5407391653588316,0.15,0.01,2.55
0.15,0.01,2.6,0.46472019558472627,0.1809510390369718,0.32540033275499997,0.32,0.5560874431348946,0.5654719969905369,0.15,0.01,2.6
0.15,0.01,2.65,0.4895719470081381,0.26119511240950455,0.32540033275499997,0.32,0.8026885227746933,0.8162347262797017,0.15,0.01,2.65
0.15,0.01,2.7,0.43685721179409637,0.37006204825737593,0.32540033275499997,0.32,1.1372515975145072,1.1564439008042997,0.15,0.01,2.7
0.15,0.01,2.75,0.37667576267086583,0.37667576267086583,0.32540033275499997,0.32,1.157576452002193,1.1771117583464556,0.15,0.01,2.75
0.15,0.01,2.8,0.3389964796170309,0.3389964796170309,0.32540033275499997,0.32,1.0417828302353573,1.0593639988032215,0.15,0.01,2.8
0.15,0.01,2.85,0.2716120015908253,0.2716120015908253,0.32540033275499997,0.32,0.834701056668332,0.8487875049713292,0.15,0.01,2.85
0.15,0.01,2.9,0.3211702443192349,0.3211702443192349,0.32540033275499997,0.32,0.9870003561460707,1.003657013497609,0.15,0.01,2.9
0.15,0.01,2.95,0.2757935430494354,0.2757935430494354,0.32540033275499997,0.32,0.847551508981048,0.8618548220294855,0.15,0.01,2.95
0.15,0.01,3.0,0.2893331419303229,0.2893331419303229,0.32540033275499997,0.32,0.8891605594889396,0.904166068532259,0.15,0.01,3.0
0.15,0.01,3.1,0.2561761658806645,0.1707841105871097,0.32540033275499997,0.32,0.5248430729654363,0.5337003455847178,0.15,0.01,3.1
0.15,0.01,3.2,0.2343447699741134,0.1822681544243105,0.32540033275499997,0.32,0.5601351199648085,0.5695879825759703,0.15,0.01,3.2
0.15,0.01,3.3,0.19799690104299125,0.17599724537154776,0.32540033275499997,0.32,0.5408637535231391,0.5499913917860867,0.15,0.01,3.3
0.15,0.01,3.4,0.15846421654789966,0.15846421654789966,0.32540033275499997,0.32,0.48698234327624473,0.4952006767121864,0.15,0.01,3.4
0.15,0.01,3.45,0.14816479192285928,0.14816479192285928,0.32540033275499997,0.32,0.4553307941280298,0.4630149747589352,0.15,0.01,3.45
0.15,0.01,3.5,0.16722890617427508,0.16722890617427508,0.32540033275499997,0.32,0.5139174405829046,0.5225903317946096,0.15,0.01,3.5
0.15,0.01,3.55,0.1563065067705793,0.1563065067705793,0.32540033275499997,0.32,0.48035140421403755,0.48845783365806034,0.15,0.01,3.55
0.15,0.01,3.6,0.1712211656848307,0.1712211656848307,0.32540033275499997,0.32,0.5261862034226816,0.5350661427650959,0.15,0.01,3.6
0.15,0.01,3.65,0.17241298076560618,0.17241298076560618,0.32540033275499997,0.32,0.5298488151682966,0.5387905648925193,0.15,0.01,3.65
0.15,0.01,3.7,0.16513943416568203,0.16513943416568203,0.32540033275499997,0.32,0.5074962055740079,0.5160607317677564,0.15,0.01,3.7
0.15,0.01,3.75,0.16437498779494772,0.16437498779494772,0.32540033275499997,0.32,0.5051469566833809,0.5136718368592116,0.15,0.01,3.75
0.15,0.01,3.8,0.1778362766338705,0.1778362766338705,0.32540033275499997,0.32,0.5465153496562857,0.5557383644808453,0.15,0.01,3.8
0.15,0.01,3.85,0.18345734153706791,0.18345734153706791,0.32540033275499997,0.32,0.5637896556030765,0.5733041923033372,0.15,0.01,3.85
0.15,0.01,3.9,0.17151245583193056,0.17151245583193056,0.32540033275499997,0.32,0.5270813781283546,0.535976424474783,0.15,0.01,3.9
0.15,0.01,4.0,0.1758095266422615,0.1758095266422615,0.32540033275499997,0.32,0.5402868680365849,0.5494047707570672,0.15,0.01,4.0
0.15,0.01,4.1,0.18304910851939735,0.18304910851939735,0.32540033275499997,0.32,0.5625350993639532,0.5720284641231167,0.15,0.01,4.1
0.15,0.01,4.2,0.16730927179489175,0.1703331623596295,0.32540033275499997,0.32,0.5234572470086456,0.5322911323738422,0.15,0.01,4.2
0.15,0.015,1.5,0.1447049296716017,0.14819552711732306,0.4411074933824999,0.4375,0.3359623886253446,0.33873263341102416,0.15,0.015,1.5
0.15,0.015,1.6,0.13061589593286552,0.13376667048665186,0.4411074933824999,0.4375,0.3032518660268101,0.30575238968377566,0.15,0.015,1.6
0.15,0.015,1.7,0.13027324708752339,0.13341577563309553,0.4411074933824999,0.4375,0.30245637998583264,0.30495034430421836,0.15,0.015,1.7
0.15,0.015,1.75,0.13839086682940804,0.13839086682940804,0.4411074933824999,0.4375,0.31373501676019916,0.31632198132436123,0.15,0.015,1.75
0.15,0.015,1.8,0.1633693392903462,0.1633693392903462,0.4411074933824999,0.4375,0.37036174116562304,0.37341563266364847,0.15,0.015,1.8
0.15,0.015,1.85,0.1762549976251453,0.1762549976251453,0.4411074933824999,0.4375,0.3995738006479712,0.4028685660003321,0.15,0.015,1.85
0.15,0.015,1.9,0.2082771849262857,0.2082771849262857,0.4411074933824999,0.4375,0.4721687753004939,0.4760621369743673,0.15,0.015,1.9
0.15,0.015,1.95,0.23076204933203512,0.23076204933203512,0.4411074933824999,0.4375,0.5231424376006535,0.5274561127589374,0.15,0.015,1.95
0.15,0.015,2.0,0.2502789250220332,0.2502789250220332,0.4411074933824999,0.4375,0.5673876068231004,0.5720661143360759,0.15,0.015,2.0
0.15,0.015,2.05,0.2851185595942359,0.2851185595942359,0.4411074933824999,0.4375,0.6463697939200491,0.6516995647868249,0.15,0.015,2.05
0.15,0.015,2.1,0.2968135349224051,0.2968135349224051,0.4411074933824999,0.4375,0.6728825498890983,0.6784309369654974,0.15,0.015,2.1
0.15,0.015,2.15,0.3862418839126685,0.2896814129345016,0.4411074933824999,0.4375,0.6567138787717411,0.6621289438502894,0.15,0.015,2.15
0.15,0.015,2.2,0.6169323051368114,0.30846615256840504,0.4411074933824999,0.4375,0.6992992800984298,0.7050654915849258,0.15,0.015,2.2
0.15,0.015,2.25,1.3298919483789355,0.3324729870947339,0.4411074933824999,0.4375,0.7537232807932257,0.7599382562165345,0.15,0.015,2.25
0.15,0.015,2.3,1.219382337692609,0.30484558442315224,0.4411074933824999,0.4375,0.6910913756770164,0.6967899072529194,0.15,0.015,2.3
0.15,0.015,2.35,1.0932683034947468,0.2733170758736867,0.4411074933824999,0.4375,0.6196155811769078,0.624724744854141,0.15,0.015,2.35
0.15,0.015,2.4,1.1613594317343656,0.2903398579335914,0.4411074933824999,0.4375,0.6582065874855303,0.6636339609910661,0.15,0.015,2.4
0.15,0.015,2.45,0.9800653382508544,0.2450163345627136,0.4411074933824999,0.4375,0.5554572031499163,0.5600373361433454,0.15,0.015,2.45
0.15,0.015,2.5,0.8767883648376991,0.22163944709670688,0.4411074933824999,0.4375,0.5024613057400852,0.5066044505067586,0.15,0.015,2.5
0.15,0.015,2.55,0.9159628700751339,0.2807922728214536,0.4411074933824999,0.4375,0.6365620104711499,0.6418109093061796,0.15,0.015,2.55
0.15,0.015,2.6,0.7818703124704313,0.30444178406249645,0.4411074933824999,0.4375,0.6901759517345225,0.6958669349999919,0.15,0.015,2.6
0.15,0.015,2.65,0.6466740609125682,0.34501181095975114,0.4411074933824999,0.4375,0.7821490592103345,0.7885984250508598,0.15,0.015,2.65
0.15,0.015,2.7,0.6601978472826979,0.559254056072898,0.4411074933824999,0.4375,1.2678407518866361,1.2782949853094812,0.15,0.015,2.7
0.15,0.015,2.75,0.6115544063727867,0.6115544063727867,0.4411074933824999,0.4375,1.3864067501625648,1.397838643137798,0.15,0.015,2.75
0.15,0.015,2.8,0.5272328629315143,0.5272328629315143,0.4411074933824999,0.4375,1.1952480310152702,1.205103686700604,0.15,0.015,2.8
0.15,0.015,2.85,0.44439637558598416,0.44439637558598416,0.4411074933824999,0.4375,1.0074559653889905,1.0157631441965351,0.15,0.015,2.85
0.15,0.015,2.9,0.41111478349004416,0.41111478349004416,0.4411074933824999,0.4375,0.9320058934785586,0.9396909336915295,0.15,0.015,2.9
0.15,0.015,2.95,0.3505903209663747,0.3505903209663747,0.4411074933824999,0.4375,0.7947956591668359,0.8013493050659993,0.15,0.015,2.95
0.15,0.015,3.0,0.3962900997962332,0.3962900997962332,0.4411074933824999,0.4375,0.8983980225713284,0.9058059423913901,0.15,0.015,3.0
0.15,0.015,3.1,0.46266192530146283,0.30844128353430866,0.4411074933824999,0.4375,0.6992429014731072,0.7050086480784198,0.15,0.015,3.1
0.15,0.015,3.2,0.3314602920438763,0.2578024493674594,0.4411074933824999,0.4375,0.5844435953481066,0.5892627414113357,0.15,0.015,3.2
0.15,0.015,3.3,0.30790966171408324,0.27369747707918507,0.4411074933824999,0.4375,0.6204779587406654,0.6255942333238516,0.15,0.015,3.3
0.15,0.015,3.4,0.24724170496623188,0.24724170496623188,0.4411074933824999,0.4375,0.5605021648359074,0.5651238970656729,0.15,0.015,3.4
0.15,0.015,3.45,0.22081059382777574,0.22081059382777574,0.4411074933824999,0.4375,0.5005822778809679,0.5047099287492017,0.15,0.015,3.45
0.15,0.015,3.5,0.2534446152942809,0.2534446152942809,0.4411074933824999,0.4375,0.5745642935031942,0.5793019778154992,0.15,0.015,3.5
0.15,0.015,3.55,0.22677122586999457,0.22677122586999457,0.4411074933824999,0.4375,0.514095156559386,0.5183342305599876,0.15,0.015,3.55
0.15,0.015,3.6,0.22410159595626458,0.22410159595626458,0.4411074933824999,0.4375,0.5080430491846988,0.5122322193286047,0.15,0.015,3.6
0.15,0.015,3.65,0.24378006314486741,0.24378006314486741,0.4411074933824999,0.4375,0.552654549745944,0.5572115729025541,0.15,0.015,3.65
0.15,0.015,3.7,0.21756127334271344,0.21756127334271344,0.4411074933824999,0.4375,0.49321599974285263,0.49728291049763074,0.15,0.015,3.7
0.15,0.015,3.75,0.22603652841412858,0.22603652841412858,0.4411074933824999,0.4375,0.5124295819162707,0.5166549220894368,0.15,0.015,3.75
0.15,0.015,3.8,0.25447990831973705,0.25447990831973705,0.4411074933824999,0.4375,0.5769113246486351,0.5816683618736846,0.15,0.015,3.8
0.15,0.015,3.85,0.22553589216005923,0.22553589216005923,0.4411074933824999,0.4375,0.511294628959044,0.515510610651564,0.15,0.015,3.85
0.15,0.015,3.9,0.22957900274211412,0.22957900274211412,0.4411074933824999,0.4375,0.5204604460052509,0.5247520062676895,0.15,0.015,3.9
0.15,0.015,4.0,0.23721878668030627,0.23721878668030627,0.4411074933824999,0.4375,0.537779997481488,0.5422143695549858,0.15,0.015,4.0
0.15,0.015,4.1,0.22620056948089345,0.22620056948089345,0.4411074933824999,0.4375,0.5128014664778024,0.517029873099185,0.15,0.015,4.1
0.15,0.015,4.2,0.24518278526043868,0.2496141350776447,0.4411074933824999,0.4375,0.5658805139843668,0.5705465944631879,0.15,0.015,4.2
0.15,0.02,1.5,0.20182849708100176,0.20669703914092707,0.55681465401,0.5549999999999999,0.37121336094939583,0.37242709755122,0.15,0.02,1.5
0.15,0.02,1.6,0.1585000790113647,0.1623234881925781,0.55681465401,0.5549999999999999,0.2915215808771852,0.2924747535001408,0.15,0.02,1.6
0.15,0.02,1.7,0.16208712595852057,0.16599708776251387,0.55681465401,0.5549999999999999,0.2981191076187673,0.29909385182434933,0.15,0.02,1.7
0.15,0.02,1.75,0.1923390758601078,0.1923390758601078,0.55681465401,0.5549999999999999,0.3454274676051423,0.3465568934416357,0.15,0.02,1.75
0.15,0.02,1.8,0.22338626820105095,0.22338626820105095,0.55681465401,0.5549999999999999,0.4011860438519262,0.4024977805424342,0.15,0.02,1.8
0.15,0.02,1.85,0.23807240185340078,0.23807240185340078,0.55681465401,0.5549999999999999,0.4275613081280817,0.4289592826187402,0.15,0.02,1.85
0.15,0.02,1.9,0.2614614782329608,0.2614614782329608,0.55681465401,0.5549999999999999,0.4695664461234979,0.4711017625819114,0.15,0.02,1.9
0.15,0.02,1.95,0.2951683387255826,0.2951683387255826,0.55681465401,0.5549999999999999,0.5301015995176765,0.5318348445505994,0.15,0.02,1.95
0.15,0.02,2.0,0.32996713249369564,0.32996713249369564,0.55681465401,0.5549999999999999,0.5925977883616721,0.5945353738625148,0.15,0.02,2.0
0.15,0.02,2.05,0.34152746040546245,0.34152746040546245,0.55681465401,0.5549999999999999,0.6133593251289124,0.6153647935233558,0.15,0.02,2.05
0.15,0.02,2.1,0.34918127362294915,0.34918127362294915,0.55681465401,0.5549999999999999,0.627105035954528,0.6291554479692778,0.15,0.02,2.1
0.15,0.02,2.15,0.49894576829730236,0.37420932622297703,0.55681465401,0.5549999999999999,0.6720536600968418,0.6742510382395983,0.15,0.02,2.15
0.15,0.02,2.2,0.7969058317394423,0.39845291586972026,0.55681465401,0.5549999999999999,0.715593443886921,0.7179331817472437,0.15,0.02,2.2
0.15,0.02,2.25,1.5230859312593958,0.38077148281484896,0.55681465401,0.5549999999999999,0.6838388323163826,0.6860747438105388,0.15,0.02,2.25
0.15,0.02,2.3,1.4383059796749507,0.35957649491873767,0.55681465401,0.5549999999999999,0.6457741230931755,0.647885576430158,0.15,0.02,2.3
0.15,0.02,2.35,1.4565903537103353,0.3641475884275838,0.55681465401,0.5549999999999999,0.6539834858962674,0.6561217809506016,0.15,0.02,2.35
0.15,0.02,2.4,1.469716528743188,0.367429132185797,0.55681465401,0.5549999999999999,0.659876907943587,0.6620344724068414,0.15,0.02,2.4
0.15,0.02,2.45,1.283807910760751,0.32095197769018774,0.55681465401,0.5549999999999999,0.5764072036876093,0.5782918516940321,0.15,0.02,2.45
0.15,0.02,2.5,1.1793164234972304,0.2981141750260066,0.55681465401,0.5549999999999999,0.5353921145556861,0.5371426577045165,0.15,0.02,2.5
0.15,0.02,2.55,1.089842557989603,0.3340958229566069,0.55681465401,0.5549999999999999,0.6000126263749639,0.6019744557776702,0.15,0.02,2.55
0.15,0.02,2.6,0.8934988660586624,0.3479072993336141,0.55681465401,0.5549999999999999,0.6248170676330044,0.6268599987993048,0.15,0.02,2.6
0.15,0.02,2.65,0.7932422116741968,0.4232084577402507,0.55681465401,0.5549999999999999,0.760052657904097,0.7625377616941454,0.15,0.02,2.65
0.15,0.02,2.7,0.8010224078304188,0.6785466393570609,0.55681465401,0.5549999999999999,1.2186220934926666,1.22260655740011,0.15,0.02,2.7
0.15,0.02,2.75,0.7119928818515864,0.7119928818515864,0.55681465401,0.5549999999999999,1.278689195271789,1.2828700573902458,0.15,0.02,2.75
0.15,0.02,2.8,0.6729412622969674,0.6729412622969674,0.55681465401,0.5549999999999999,1.2085552300943607,1.212506778913455,0.15,0.02,2.8
0.15,0.02,2.85,0.6949633883001741,0.6949633883001741,0.55681465401,0.5549999999999999,1.2481054212479348,1.2521862852255392,0.15,0.02,2.85
0.15,0.02,2.9,0.44443067915783,0.44443067915783,0.55681465401,0.5549999999999999,0.7981662766185899,0.8007759984825767,0.15,0.02,2.9
0.15,0.02,2.95,0.4782614196004671,0.4782614196004671,0.55681465401,0.5549999999999999,0.8589239096999015,0.8617322875684092,0.15,0.02,2.95
0.15,0.02,3.0,0.44315271620422875,0.44315271620422875,0.55681465401,0.5549999999999999,0.7958711449362647,0.798473362530142,0.15,0.02,3.0
0.15,0.02,3.1,0.6247322347860828,0.4164881565240553,0.55681465401,0.5549999999999999,0.747983469049605,0.7504291108541538,0.15,0.02,3.1
0.15,0.02,3.2,0.43688452291349955,0.3397990733771664,0.55681465401,0.5549999999999999,0.6102552634526459,0.6122505826615612,0.15,0.02,3.2
0.15,0.02,3.3,0.3503811757844199,0.3114499340305954,0.55681465401,0.5549999999999999,0.5593422008340355,0.5611710523073792,0.15,0.02,3.3
0.15,0.02,3.4,0.30846593704267705,0.30846593704267705,0.55681465401,0.5549999999999999,0.553983151882237,0.5557944811579767,0.15,0.02,3.4
0.15,0.02,3.45,0.27945917710437035,0.27945917710437035,0.55681465401,0.5549999999999999,0.5018890488815179,0.5035300488367034,0.15,0.02,3.45
0.15,0.02,3.5,0.30733910926042557,0.30733910926042557,0.55681465401,0.5549999999999999,0.5519594483497663,0.5537641608295957,0.15,0.02,3.5
0.15,0.02,3.55,0.3227292612646476,0.3227292612646476,0.55681465401,0.5549999999999999,0.5795990801255954,0.5814941644408066,0.15,0.02,3.55
0.15,0.02,3.6,0.27958894636934134,0.27958894636934134,0.55681465401,0.5549999999999999,0.502122105364562,0.5037638673321466,0.15,0.02,3.6
0.15,0.02,3.65,0.28575814725557336,0.28575814725557336,0.55681465401,0.5549999999999999,0.5132015567435863,0.5148795446046367,0.15,0.02,3.65
0.15,0.02,3.7,0.29156941984076823,0.29156941984076823,0.55681465401,0.5549999999999999,0.5236381940399361,0.5253503060194022,0.15,0.02,3.7
0.15,0.02,3.75,0.316254220753962,0.316254220753962,0.55681465401,0.5549999999999999,0.5679703622675891,0.5698274247819135,0.15,0.02,3.75
0.15,0.02,3.8,0.2691703877643247,0.2691703877643247,0.55681465401,0.5549999999999999,0.4834111060580863,0.48499168966545003,0.15,0.02,3.8
0.15,0.02,3.85,0.29436624625752206,0.29436624625752206,0.55681465401,0.5549999999999999,0.5286610977954532,0.5303896328964361,0.15,0.02,3.85
0.15,0.02,3.9,0.28295712169966447,0.28295712169966447,0.55681465401,0.5549999999999999,0.5081711116291541,0.5098326517111073,0.15,0.02,3.9
0.15,0.02,4.0,0.30594605253108614,0.30594605253108614,0.55681465401,0.5549999999999999,0.5494576163320436,0.5512541487046598,0.15,0.02,4.0
0.15,0.02,4.1,0.2893396094630295,0.2893396094630295,0.55681465401,0.5549999999999999,0.5196336112551972,0.5213326296631163,0.15,0.02,4.1
0.15,0.02,4.2,0.2913817804645392,0.29664811512268885,0.55681465401,0.5549999999999999,0.5327591739662823,0.5345011083291692,0.15,0.02,4.2
0.2,0.005,1.5,0.04884075202416189,0.050018897127093426,0.21263849107,0.205,0.23522974074636066,0.24399462013216305,0.2,0.005,1.5
0.2,0.005,1.6,0.04307867817619278,0.044117841151257185,0.21263849107,0.205,0.20747815190587351,0.21520898122564483,0.2,0.005,1.6
0.2,0.005,1.7,0.04236026595420346,0.04338210541806266,0.21263849107,0.205,0.20401812108317394,0.21162002642957395,0.2,0.005,1.7
0.2,0.005,1.75,0.045037551506671714,0.045037551506671714,0.21263849107,0.205,0.21180338178681618,0.21969537320327667,0.2,0.005,1.75
0.2,0.005,1.8,0.05716736423434416,0.05716736423434416,0.21263849107,0.205,0.2688476763857623,0.2788651913870447,0.2,0.005,1.8
0.2,0.005,1.85,0.06439110267503068,0.06439110267503068,0.21263849107,0.205,0.3028195993632842,0.31410293987819843,0.2,0.005,1.85
0.2,0.005,1.9,0.07230061501695223,0.07230061501695223,0.21263849107,0.205,0.3400165917898236,0.3526859269119621,0.2,0.005,1.9
0.2,0.005,1.95,0.08113043761884291,0.08113043761884291,0.21263849107,0.205,0.3815416353388954,0.3957582322870386,0.2,0.005,1.95
0.2,0.005,2.0,0.09128539993882566,0.09128539993882566,0.21263849107,0.205,0.4292985690383533,0.44529463384793005,0.2,0.005,2.0
0.2,0.005,2.05,0.10422421171857299,0.10422421171857299,0.21263849107,0.205,0.49014743847228803,0.5084107888710878,0.2,0.005,2.05
0.2,0.005,2.1,0.09713854574565717,0.09713854574565717,0.21263849107,0.205,0.4568248451014423,0.4738465646129618,0.2,0.005,2.1
0.2,0.005,2.15,0.1405713029723679,0.105428477229276,0.21263849107,0.205,0.495810879294517,0.5142852547769561,0.2,0.005,2.15
0.2,0.005,2.2,0.22079793396222538,0.11039896698111244,0.21263849107,0.205,0.5191861850861678,0.538531546249329,0.2,0.005,2.2
0.2,0.005,2.25,0.4356350899459884,0.1089087724864971,0.21263849107,0.205,0.5121780724574679,0.531262304812181,0.2,0.005,2.25
0.2,0.005,2.3,0.45415042245896403,0.11353760561474101,0.21263849107,0.205,0.5339466295279754,0.5538419786084927,0.2,0.005,2.3
0.2,0.005,2.35,0.4540277236482687,0.11350693091206718,0.21263849107,0.205,0.5338023720018829,0.5536923459125228,0.2,0.005,2.35
0.2,0.005,2.4,0.3825762102638982,0.09564405256597455,0.21263849107,0.205,0.4497965165417243,0.4665563539803637,0.2,0.005,2.4
0.2,0.005,2.45,0.3807663770373969,0.09519159425934923,0.21263849107,0.205,0.4476686877354318,0.46434924028950847,0.2,0.005,2.45
0.2,0.005,2.5,0.3661022709245435,0.0925453714518495,0.21263849107,0.205,0.435223985018704,0.45144083635048543,0.2,0.005,2.5
0.2,0.005,2.55,0.3618553417073052,0.1109282779358114,0.21263849107,0.205,0.5216754378646062,0.5411135509063971,0.2,0.005,2.55
0.2,0.005,2.6,0.31132271635517617,0.12122169325867165,0.21263849107,0.205,0.5700834907578695,0.59132533296913,0.2,0.005,2.6
0.2,0.005,2.65,0.2640275647710885,0.14086327838234133,0.21263849107,0.205,0.6624542794369696,0.6871379433284943,0.2,0.005,2.65
0.2,0.005,2.7,0.24843398377891393,0.21044860062261425,0.21263849107,0.205,0.9897013450557979,1.0265785396225087,0.2,0.005,2.7
0.2,0.005,2.75,0.20661108420195065,0.20661108420195065,0.21263849107,0.205,0.9716542059825606,1.0078589473265887,0.2,0.005,2.75
0.2,0.005,2.8,0.18210184673776686,0.18210184673776686,0.21263849107,0.205,0.8563917370812204,0.8883016914037408,0.2,0.005,2.8
0.2,0.005,2.85,0.18439836178449698,0.18439836178449698,0.21263849107,0.205,0.8671918280486366,0.8995042038268146,0.2,0.005,2.85
0.2,0.005,2.9,0.16238580625952861,0.16238580625952861,0.21263849107,0.205,0.7636707984636313,0.7921258841928226,0.2,0.005,2.9
0.2,0.005,2.95,0.1977495672775379,0.1977495672775379,0.21263849107,0.205,0.9299801098214119,0.964632035500185,0.2,0.005,2.95
0.2,0.005,3.0,0.16885029550720831,0.16885029550720831,0.21263849107,0.205,0.7940721111100402,0.8236599780839431,0.2,0.005,3.0
0.2,0.005,3.1,0.20280827199456833,0.1352055146630456,0.21263849107,0.205,0.6358468496587305,0.6595390959172956,0.2,0.005,3.1
0.2,0.005,3.2,0.13477495322128225,0.10482496361655289,0.21263849107,0.205,0.49297266496330056,0.5113412859344043,0.2,0.005,3.2
0.2,0.005,3.3,0.09763213107102992,0.08678411650758214,0.21263849107,0.205,0.40812985490483494,0.42333715369552266,0.2,0.005,3.3
0.2,0.005,3.4,0.09545433220013148,0.09545433220013148,0.21263849107,0.205,0.4489042963002789,0.46563088878112924,0.2,0.005,3.4
0.2,0.005,3.45,0.09693480267537428,0.09693480267537428,0.21263849107,0.205,0.4558666786412796,0.47285269597743557,0.2,0.005,3.45
0.2,0.005,3.5,0.10194347396446778,0.10194347396446778,0.21263849107,0.205,0.4794215452314712,0.49728523885106235,0.2,0.005,3.5
0.2,0.005,3.55,0.08488900007956594,0.08488900007956594,0.21263849107,0.205,0.39921746835393374,0.41409268331495586,0.2,0.005,3.55
0.2,0.005,3.6,0.1000248104765668,0.1000248104765668,0.21263849107,0.205,0.47039842115715036,0.48792590476374054,0.2,0.005,3.6
0.2,0.005,3.65,0.10108794438793468,0.10108794438793468,0.21263849107,0.205,0.47539814583549134,0.4931119238435839,0.2,0.005,3.65
0.2,0.005,3.7,0.09682439177726725,0.09682439177726725,0.21263849107,0.205,0.45534743634628655,0.47231410623057196,0.2,0.005,3.7
0.2,0.005,3.75,0.10408846531954292,0.10408846531954292,0.21263849107,0.205,0.4895090479422058,0.5077486113148436,0.2,0.005,3.75
0.2,0.005,3.8,0.10159668348748956,0.10159668348748956,0.21263849107,0.205,0.47779065293519324,0.49559357798775394,0.2,0.005,3.8
0.2,0.005,3.85,0.09674634471092841,0.09674634471092841,0.21263849107,0.205,0.4549803952431161,0.47193338883379715,0.2,0.005,3.85
0.2,0.005,3.9,0.10037655116153982,0.10037655116153982,0.21263849107,0.205,0.4720525933778195,0.4896417129831211,0.2,0.005,3.9
0.2,0.005,4.0,0.10347181226922697,0.10347181226922697,0.21263849107,0.205,0.48660904123498666,0.5047405476547657,0.2,0.005,4.0
0.2,0.005,4.1,0.09708655756841333,0.09708655756841333,0.21263849107,0.205,0.45658035419585774,0.47359296374835774,0.2,0.005,4.1
0.2,0.005,4.2,0.10156762322957186,0.10340332171939172,0.21263849107,0.205,0.48628694268410527,0.504406447411667,0.2,0.005,4.2
0.2,0.01,1.5,0.09981308337103108,0.10222079190352672,0.33579096014,0.33,0.304417938651202,0.3097599754652325,0.2,0.01,1.5
0.2,0.01,1.6,0.07924554391361448,0.08115714005955608,0.33579096014,0.33,0.24168947259842719,0.24593072745320024,0.2,0.01,1.6
0.2,0.01,1.7,0.06963303184297431,0.07131276114406608,0.33579096014,0.33,0.2123724864848474,0.21609927619413963,0.2,0.01,1.7
0.2,0.01,1.75,0.08166159342653231,0.08166159342653231,0.33579096014,0.33,0.24319175653950145,0.24745937401979487,0.2,0.01,1.75
0.2,0.01,1.8,0.09774193552612878,0.09774193552612878,0.33579096014,0.33,0.2910797106788629,0.29618768341251145,0.2,0.01,1.8
0.2,0.01,1.85,0.10666470960110609,0.10666470960110609,0.33579096014,0.33,0.3176521177241782,0.3232263927306245,0.2,0.01,1.85
0.2,0.01,1.9,0.13723916403417835,0.13723916403417835,0.33579096014,0.33,0.4087041651656131,0.4158762546490253,0.2,0.01,1.9
0.2,0.01,1.95,0.14068508789074674,0.14068508789074674,0.33579096014,0.33,0.41896627542352977,0.426318448153778,0.2,0.01,1.95
0.2,0.01,2.0,0.15792413002498681,0.15792413002498681,0.33579096014,0.33,0.47030488837205187,0.4785579697726873,0.2,0.01,2.0
0.2,0.01,2.05,0.1603511967229929,0.1603511967229929,0.33579096014,0.33,0.4775327979530429,0.48591271734240266,0.2,0.01,2.05
0.2,0.01,2.1,0.19135337540930691,0.19135337540930691,0.33579096014,0.33,0.5698586267168322,0.579858713361536,0.2,0.01,2.1
0.2,0.01,2.15,0.2520337333805512,0.18902530003541354,0.33579096014,0.33,0.5629255175797585,0.5728039395012531,0.2,0.01,2.15
0.2,0.01,2.2,0.3919425179322328,0.19597125896611595,0.33579096014,0.33,0.583610883641449,0.593852299897321,0.2,0.01,2.2
0.2,0.01,2.25,0.7873772735175594,0.19684431837938984,0.33579096014,0.33,0.5862108923281327,0.5964979344829995,0.2,0.01,2.25
0.2,0.01,2.3,0.8159285974439335,0.20398214936098338,0.33579096014,0.33,0.6074676616545541,0.6181277253363132,0.2,0.01,2.3
0.2,0.01,2.35,0.7505363870026143,0.18763409675065357,0.33579096014,0.33,0.5587824540375478,0.5685881719716774,0.2,0.01,2.35
0.2,0.01,2.4,0.63660228572641,0.1591505714316025,0.33579096014,0.33,0.4739572839163046,0.4822744588836439,0.2,0.01,2.4
0.2,0.01,2.45,0.6972934003097001,0.17432335007742503,0.33579096014,0.33,0.5191424748443052,0.528252575992197,0.2,0.01,2.45
0.2,0.01,2.5,0.6433123908866223,0.16262008980122009,0.33579096014,0.33,0.484289659654386,0.4927881509127881,0.2,0.01,2.5
0.2,0.01,2.55,0.6146047474115554,0.18840967199728312,0.33579096014,0.33,0.5610921506604294,0.570938399991767,0.2,0.01,2.55
0.2,0.01,2.6,0.5840836183836386,0.22742832920788006,0.33579096014,0.33,0.6772913991283722,0.6891767551753941,0.2,0.01,2.6
0.2,0.01,2.65,0.47839582766426314,0.2552324591852647,0.33579096014,0.33,0.7600933005428486,0.7734316945008022,0.2,0.01,2.65
0.2,0.01,2.7,0.4680128741380905,0.3964540315200166,0.33579096014,0.33,1.1806572498399737,1.2013758530909595,0.2,0.01,2.7
0.2,0.01,2.75,0.45009330763452254,0.45009330763452254,0.33579096014,0.33,1.3403973336472994,1.3639191140440077,0.2,0.01,2.75
0.2,0.01,2.8,0.3930765450906228,0.3930765450906228,0.33579096014,0.33,1.1705989491996418,1.1911410457291598,0.2,0.01,2.8
0.2,0.01,2.85,0.3738076934117501,0.3738076934117501,0.33579096014,0.33,1.1132154756515777,1.1327505860962124,0.2,0.01,2.85
0.2,0.01,2.9,0.3771942466205982,0.3771942466205982,0.33579096014,0.33,1.1233007775532018,1.1430128685472671,0.2,0.01,2.9
0.2,0.01,2.95,0.2387126101046493,0.2387126101046493,0.33579096014,0.33,0.7108964756082886,0.7233715457716645,0.2,0.01,2.95
0.2,0.01,3.0,0.30886362103956605,0.30886362103956605,0.33579096014,0.33,0.9198092197323977,0.9359503667865637,0.2,0.01,3.0
0.2,0.01,3.1,0.30416066899685457,0.20277377933123644,0.33579096014,0.33,0.6038690834520821,0.6144659979734437,0.2,0.01,3.1
0.2,0.01,3.2,0.2552088504071057,0.19849577253886005,0.33579096014,0.33,0.5911289942293324,0.6015023410268486,0.2,0.01,3.2
0.2,0.01,3.3,0.21548532775766607,0.19154251356236981,0.33579096014,0.33,0.5704218883156079,0.5804318592799085,0.2,0.01,3.3
0.2,0.01,3.4,0.1829631586579871,0.1829631586579871,0.33579096014,0.33,0.5448721984108953,0.5544338141151124,0.2,0.01,3.4
0.2,0.01,3.45,0.16917216982210012,0.16917216982210012,0.33579096014,0.33,0.5038020372900087,0.5126429388548488,0.2,0.01,3.45
0.2,0.01,3.5,0.17492939864346835,0.17492939864346835,0.33579096014,0.33,0.520947313681511,0.530089086798389,0.2,0.01,3.5
0.2,0.01,3.55,0.1798927553414116,0.1798927553414116,0.33579096014,0.33,0.535728404559818,0.5451295616406412,0.2,0.01,3.55
0.2,0.01,3.6,0.1673324768824392,0.1673324768824392,0.33579096014,0.33,0.49832335216133855,0.5070681117649672,0.2,0.01,3.6
0.2,0.01,3.65,0.18426642747066382,0.18426642747066382,0.33579096014,0.33,0.5487533892926669,0.5583831135474661,0.2,0.01,3.65
0.2,0.01,3.7,0.17415028137602837,0.17415028137602837,0.33579096014,0.33,0.5186270687674873,0.5277281253819042,0.2,0.01,3.7
0.2,0.01,3.75,0.15786668008746366,0.15786668008746366,0.33579096014,0.33,0.4701337999737841,0.4783838790529201,0.2,0.01,3.75
0.2,0.01,3.8,0.1665589038086745,0.1665589038086745,0.33579096014,0.33,0.4960196180958289,0.5047239509353773,0.2,0.01,3.8
0.2,0.01,3.85,0.1645026303936398,0.1645026303936398,0.33579096014,0.33,0.48989594694584504,0.49849281937466605,0.2,0.01,3.85
0.2,0.01,3.9,0.16660765468259287,0.16660765468259287,0.33579096014,0.33,0.49616480030650556,0.504871680856342,0.2,0.01,3.9
0.2,0.01,4.0,0.15319060405692767,0.15319060405692767,0.33579096014,0.33,0.4562082433459749,0.46421395168765955,0.2,0.01,4.0
0.2,0.01,4.1,0.15347072081044574,0.15347072081044574,0.33579096014,0.33,0.4570424431511194,0.46506279033468406,0.2,0.01,4.1
0.2,0.01,4.2,0.15190331068836696,0.15464875918034351,0.33579096014,0.33,0.46055069235892004,0.46863260357679853,0.2,0.01,4.2
0.2,0.015,1.5,0.14819447446852613,0.151769247319899,0.45894342921,0.45499999999999996,0.33069271213043894,0.33355878531845934,0.2,0.015,1.5
0.2,0.015,1.6,0.11068266440145122,0.11335260070629893,0.45894342921,0.45499999999999996,0.24698599760196563,0.24912659495889877,0.2,0.015,1.6
0.2,0.015,1.7,0.10320398798115897,0.10569353580082591,0.45894342921,0.45499999999999996,0.23029752486654176,0.23229348527654048,0.2,0.015,1.7
0.2,0.015,1.75,0.12519339824126366,0.12519339824126366,0.45894342921,0.45499999999999996,0.2727861219339488,0.2751503258049751,0.2,0.015,1.75
0.2,0.015,1.8,0.13864175721456604,0.13864175721456604,0.45894342921,0.45499999999999996,0.30208899047365456,0.304707158713332,0.2,0.015,1.8
0.2,0.015,1.85,0.1581819150915885,0.1581819150915885,0.45894342921,0.45499999999999996,0.34466538798447155,0.34765256064085387,0.2,0.015,1.85
0.2,0.015,1.9,0.18458742915264223,0.18458742915264223,0.45894342921,0.45499999999999996,0.40220083218182445,0.4056866574783346,0.2,0.015,1.9
0.2,0.015,1.95,0.184934330298147,0.184934330298147,0.45894342921,0.45499999999999996,0.4029567012572395,0.4064490775783451,0.2,0.015,1.95
0.2,0.015,2.0,0.2306676127711591,0.2306676127711591,0.45894342921,0.45499999999999996,0.5026057637827339,0.5069617863102398,0.2,0.015,2.0
0.2,0.015,2.05,0.23513930083895368,0.23513930083895368,0.45894342921,0.45499999999999996,0.5123492044405332,0.5167896721735246,0.2,0.015,2.05
0.2,0.015,2.1,0.2744662465378855,0.2744662465378855,0.45894342921,0.45499999999999996,0.5980393858352796,0.6032225198634846,0.2,0.015,2.1
0.2,0.015,2.15,0.33926434474935835,0.25444825856201897,0.45894342921,0.45499999999999996,0.5544218358241063,0.5592269418945472,0.2,0.015,2.15
0.2,0.015,2.2,0.586189216779109,0.2930946083895538,0.45894342921,0.45499999999999996,0.6386290547705864,0.6441639744825359,0.2,0.015,2.2
0.2,0.015,2.25,1.0480389133237422,0.26200972833093555,0.45894342921,0.45499999999999996,0.5708976567808035,0.575845556771287,0.2,0.015,2.25
0.2,0.015,2.3,1.1636443746584473,0.2909110936646118,0.45894342921,0.45499999999999996,0.6338713557036217,0.6393650410211249,0.2,0.015,2.3
0.2,0.015,2.35,0.9925189912661633,0.24812974781654082,0.45894342921,0.45499999999999996,0.5406543203890243,0.5453401050912986,0.2,0.015,2.35
0.2,0.015,2.4,0.95244183998947,0.2381104599973675,0.45894342921,0.45499999999999996,0.5188231159714777,0.5233196923019067,0.2,0.015,2.4
0.2,0.015,2.45,0.9701992584212927,0.24254981460532318,0.45894342921,0.45499999999999996,0.5284961046785986,0.5330765156160949,0.2,0.015,2.45
0.2,0.015,2.5,1.0273041563452685,0.259687667336532,0.45894342921,0.45499999999999996,0.5658380767833283,0.570742126014356,0.2,0.015,2.5
0.2,0.015,2.55,0.8029529747146776,0.2461486137755643,0.45894342921,0.45499999999999996,0.5363375921935978,0.5409859643418996,0.2,0.015,2.55
0.2,0.015,2.6,0.7617912042532199,0.2966234548197386,0.45894342921,0.45499999999999996,0.6463181210162001,0.6519196809225025,0.2,0.015,2.6
0.2,0.015,2.65,0.7386811341623433,0.39409917796843524,0.45894342921,0.45499999999999996,0.8587097077450612,0.8661520394910666,0.2,0.015,2.65
0.2,0.015,2.7,0.5751795407066407,0.4872349893812893,0.45894342921,0.45499999999999996,1.0616449836093935,1.070846130508328,0.2,0.015,2.7
0.2,0.015,2.75,0.5285141906640283,0.5285141906640283,0.45894342921,0.45499999999999996,1.1515889694156503,1.1615696498110513,0.2,0.015,2.75
0.2,0.015,2.8,0.5894352015024471,0.5894352015024471,0.45894342921,0.45499999999999996,1.284330843383178,1.2954619813240598,0.2,0.015,2.8
0.2,0.015,2.85,0.5560323942013947,0.5560323942013947,0.45894342921,0.45499999999999996,1.211548872501603,1.2220492180250435,0.2,0.015,2.85
0.2,0.015,2.9,0.4715390414390371,0.4715390414390371,0.45894342921,0.45499999999999996,1.027444803492924,1.0363495416242574,0.2,0.015,2.9
0.2,0.015,2.95,0.3931660697936755,0.3931660697936755,0.45894342921,0.45499999999999996,0.8566765417481845,0.8641012522937924,0.2,0.015,2.95
0.2,0.015,3.0,0.4144406785665424,0.4144406785665424,0.45894342921,0.45499999999999996,0.9030321651623552,0.9108586342121812,0.2,0.015,3.0
0.2,0.015,3.1,0.4682362956187863,0.3121575304125243,0.45894342921,0.45499999999999996,0.680165594591593,0.6860605064011523,0.2,0.015,3.1
0.2,0.015,3.2,0.34408359592641596,0.2676205746094347,0.45894342921,0.45499999999999996,0.5831232295233033,0.5881770870537028,0.2,0.015,3.2
0.2,0.015,3.3,0.33540736404535176,0.29813987915142376,0.45894342921,0.45499999999999996,0.6496222849614066,0.6552524816514809,0.2,0.015,3.3
0.2,0.015,3.4,0.22757655139918176,0.22757655139918176,0.45894342921,0.45499999999999996,0.49587059518625104,0.5001682448333665,0.2,0.015,3.4
0.2,0.015,3.45,0.21212350030019284,0.21212350030019284,0.45894342921,0.45499999999999996,0.46219966732137463,0.466205495165259,0.2,0.015,3.45
0.2,0.015,3.5,0.27571995799549726,0.27571995799549726,0.45894342921,0.45499999999999996,0.600771120026942,0.6059779296604336,0.2,0.015,3.5
0.2,0.015,3.55,0.22565093547747528,0.22565093547747528,0.45894342921,0.45499999999999996,0.49167483640826587,0.49593612192851716,0.2,0.015,3.55
0.2,0.015,3.6,0.23764845693397618,0.23764845693397618,0.45894342921,0.45499999999999996,0.5178164492801459,0.5223043009537939,0.2,0.015,3.6
0.2,0.015,3.65,0.2376617004271051,0.2376617004271051,0.45894342921,0.45499999999999996,0.5178453057628538,0.5223334075320992,0.2,0.015,3.65
0.2,0.015,3.7,0.24403689086499736,0.24403689086499736,0.45894342921,0.45499999999999996,0.5317363215877587,0.5363448150879063,0.2,0.015,3.7
0.2,0.015,3.75,0.2328884073199524,0.2328884073199524,0.45894342921,0.45499999999999996,0.5074446925208924,0.5118426534504449,0.2,0.015,3.75
0.2,0.015,3.8,0.2177246146918117,0.2177246146918117,0.45894342921,0.45499999999999996,0.4744040350824739,0.4785156366853005,0.2,0.015,3.8
0.2,0.015,3.85,0.22342020399515383,0.22342020399515383,0.45894342921,0.45499999999999996,0.48681425590891914,0.4910334153739645,0.2,0.015,3.85
0.2,0.015,3.9,0.2293068483267279,0.2293068483267279,0.45894342921,0.45499999999999996,0.49964076993420325,0.5039710952235779,0.2,0.015,3.9
0.2,0.015,4.0,0.21711763259135677,0.21711763259135677,0.45894342921,0.45499999999999996,0.47308147098889974,0.47718161009089405,0.2,0.015,4.0
0.2,0.015,4.1,0.21599295555781395,0.21599295555781395,0.45894342921,0.45499999999999996,0.47063089219865806,0.474709792434756,0.2,0.015,4.1
0.2,0.015,4.2,0.20967202955139433,0.2134615701133014,0.45894342921,0.45499999999999996,0.465115211434103,0.46914630794132184,0.2,0.015,4.2
0.2,0.02,1.5,0.1774147503821339,0.18169437980403816,0.58209589828,0.58,0.31213822385781437,0.3132661720759279,0.2,0.02,1.5
0.2,0.02,1.6,0.14810769229731957,0.15168041171847077,0.58209589828,0.58,0.26057632800138614,0.2615179512387427,0.2,0.02,1.6
0.2,0.02,1.7,0.14426507683291126,0.14774512459568787,0.58209589828,0.58,0.25381578023870466,0.25473297344084117,0.2,0.02,1.7
0.2,0.02,1.75,0.15165750861395688,0.15165750861395688,0.58209589828,0.58,0.2605369820713056,0.2614784631275119,0.2,0.02,1.75
0.2,0.02,1.8,0.1698942830555989,0.1698942830555989,0.58209589828,0.58,0.29186648378318636,0.2929211776820671,0.2,0.02,1.8
0.2,0.02,1.85,0.20651945184396386,0.20651945184396386,0.58209589828,0.58,0.35478595958878206,0.35606802042062735,0.2,0.02,1.85
0.2,0.02,1.9,0.24249612611015567,0.24249612611015567,0.58209589828,0.58,0.4165913672071781,0.41809676915544086,0.2,0.02,1.9
0.2,0.02,1.95,0.2821556981401818,0.2821556981401818,0.58209589828,0.58,0.4847237353396694,0.4864753416210032,0.2,0.02,1.95
0.2,0.02,2.0,0.28015592926344,0.28015592926344,0.58209589828,0.58,0.48128827241568933,0.4830274642473104,0.2,0.02,2.0
0.2,0.02,2.05,0.3178358030659649,0.3178358030659649,0.58209589828,0.58,0.5460196575944251,0.547992763906836,0.2,0.02,2.05
0.2,0.02,2.1,0.3218411495443322,0.3218411495443322,0.58209589828,0.58,0.5529005624250595,0.5548985336971245,0.2,0.02,2.1
0.2,0.02,2.15,0.4556549359713414,0.34174120197850627,0.58209589828,0.58,0.5870874592799858,0.5892089689284591,0.2,0.02,2.15
0.2,0.02,2.2,0.7375680375934829,0.3687840187967406,0.58209589828,0.58,0.6335451252730663,0.6358345151667942,0.2,0.02,2.2
0.2,0.02,2.25,1.5590089559774658,0.38975223899436645,0.58209589828,0.58,0.6695670595618726,0.6719866189558042,0.2,0.02,2.25
0.2,0.02,2.3,1.2990324776194708,0.3247581194048677,0.58209589828,0.58,0.5579117124248356,0.5599277920773581,0.2,0.02,2.3
0.2,0.02,2.35,1.3712831458175156,0.3428207864543789,0.58209589828,0.58,0.5889421098265069,0.5910703214730672,0.2,0.02,2.35
0.2,0.02,2.4,1.267582302282109,0.3168955755705273,0.58209589828,0.58,0.5444044125837391,0.5463716820181506,0.2,0.02,2.4
0.2,0.02,2.45,1.3221073926244014,0.33052684815610034,0.58209589828,0.58,0.5678219845437052,0.5698738761312075,0.2,0.02,2.45
0.2,0.02,2.5,1.1811971129544876,0.2985895861835717,0.58209589828,0.58,0.5129560044416324,0.5148096313509857,0.2,0.02,2.5
0.2,0.02,2.55,1.1152750875794208,0.34189227193989163,0.58209589828,0.58,0.5873469868970533,0.5894694343791236,0.2,0.02,2.55
0.2,0.02,2.6,0.9047613654011148,0.3522926498682638,0.58209589828,0.58,0.6052141080348309,0.6074011204625238,0.2,0.02,2.6
0.2,0.02,2.65,0.8188684414684668,0.4368804951448671,0.58209589828,0.58,0.7505301041216386,0.7532422330083915,0.2,0.02,2.65
0.2,0.02,2.7,0.7605039740003129,0.6442234458500319,0.58209589828,0.58,1.1067307770998023,1.1107300790517791,0.2,0.02,2.7
0.2,0.02,2.75,0.9299955237399659,0.9299955237399659,0.58209589828,0.58,1.5976671996623812,1.603440558172355,0.2,0.02,2.75
0.2,0.02,2.8,0.6328125447071137,0.6328125447071137,0.58209589828,0.58,1.0871276478273997,1.0910561115639892,0.2,0.02,2.8
0.2,0.02,2.85,0.7368125167033129,0.7368125167033129,0.58209589828,0.58,1.265792318551764,1.2703664081091603,0.2,0.02,2.85
0.2,0.02,2.9,0.6442087352920598,0.6442087352920598,0.58209589828,0.58,1.1067055053911106,1.1107047160207928,0.2,0.02,2.9
0.2,0.02,2.95,0.5695546739794222,0.5695546739794222,0.58209589828,0.58,0.9784550546780434,0.9819908172059003,0.2,0.02,2.95
0.2,0.02,3.0,0.5737118942374465,0.5737118942374465,0.58209589828,0.58,0.9855968680292597,0.989158438340425,0.2,0.02,3.0
0.2,0.02,3.1,0.7288101444974021,0.48587342966493485,0.58209589828,0.58,0.8346965355719099,0.8377128097671291,0.2,0.02,3.1
0.2,0.02,3.2,0.5299197192658253,0.41215978165119754,0.58209589828,0.58,0.7080616490668695,0.7106203131917199,0.2,0.02,3.2
0.2,0.02,3.3,0.4593993767336244,0.4083550015409994,0.58209589828,0.58,0.7015253032148533,0.7040603474844818,0.2,0.02,3.3
0.2,0.02,3.4,0.362711024147969,0.362711024147969,0.58209589828,0.58,0.623112145644252,0.6253638347378777,0.2,0.02,3.4
0.2,0.02,3.45,0.308450530225414,0.308450530225414,0.58209589828,0.58,0.5298964159287771,0.5318112590093346,0.2,0.02,3.45
0.2,0.02,3.5,0.29531020536220487,0.29531020536220487,0.58209589828,0.58,0.5073222577839823,0.5091555264865602,0.2,0.02,3.5
0.2,0.02,3.55,0.30849738500753293,0.30849738500753293,0.58209589828,0.58,0.5299769091640969,0.5318920431164361,0.2,0.02,3.55
0.2,0.02,3.6,0.30066207984222443,0.30066207984222443,0.58209589828,0.58,0.5165164034493847,0.5183828962796974,0.2,0.02,3.6
0.2,0.02,3.65,0.3019446036541994,0.3019446036541994,0.58209589828,0.58,0.5187196895672985,0.5205941442313783,0.2,0.02,3.65
0.2,0.02,3.7,0.28902659608393433,0.28902659608393433,0.58209589828,0.58,0.49652745696707634,0.4983217173860937,0.2,0.02,3.7
0.2,0.02,3.75,0.2842999729475902,0.2842999729475902,0.58209589828,0.58,0.48840744933549785,0.4901723671510176,0.2,0.02,3.75
0.2,0.02,3.8,0.30170422249701984,0.30170422249701984,0.58209589828,0.58,0.5183067315686426,0.5201796939603791,0.2,0.02,3.8
0.2,0.02,3.85,0.2894587359511025,0.2894587359511025,0.58209589828,0.58,0.49726984300423116,0.49906678612259053,0.2,0.02,3.85
0.2,0.02,3.9,0.2901236488396576,0.2901236488396576,0.58209589828,0.58,0.4984121167954051,0.5002131876545821,0.2,0.02,3.9
0.2,0.02,4.0,0.29284191297217704,0.29284191297217704,0.58209589828,0.58,0.5030819042660805,0.5048998499520294,0.2,0.02,4.0
0.2,0.02,4.1,0.28396667922977065,0.28396667922977065,0.58209589828,0.58,0.48783487406258425,0.4895977228099494,0.2,0.02,4.1
0.2,0.02,4.2,0.27278704026475703,0.2777172999472603,0.58209589828,0.58,0.47709887798191053,0.47882293094355227,0.2,0.02,4.2
0.25,0.01,1.5,0.09505259428938104,0.09734546947745293,0.34618158752499995,0.34,0.28119770948367667,0.2863102043454498,0.25,0.01,1.5
0.25,0.01,1.6,0.06936357954205387,0.07103679856198823,0.34618158752499995,0.34,0.20520097290517572,0.20893176047643597,0.25,0.01,1.6
0.25,0.01,1.7,0.06569995558993613,0.06728480889251394,0.34618158752499995,0.34,0.1943627602310157,0.19789649674268806,0.25,0.01,1.7
0.25,0.01,1.75,0.072841408388406,0.072841408388406,0.34618158752499995,0.34,0.2104138724106627,0.2142394364364882,0.25,0.01,1.75
0.25,0.01,1.8,0.0879443186986666,0.0879443186986666,0.34618158752499995,0.34,0.2540410058415241,0.2586597608784312,0.25,0.01,1.8
0.25,0.01,1.85,0.09398039368207943,0.09398039368207943,0.34618158752499995,0.34,0.27147715843001763,0.27641292259435124,0.25,0.01,1.85
0.25,0.01,1.9,0.11330003562122043,0.11330003562122043,0.34618158752499995,0.34,0.32728498482906265,0.3332353988859424,0.25,0.01,1.9
0.25,0.01,1.95,0.11257306837047372,0.11257306837047372,0.34618158752499995,0.34,0.3251850255101858,0.33109725991315797,0.25,0.01,1.95
0.25,0.01,2.0,0.14197599708242487,0.14197599708242487,0.34618158752499995,0.34,0.4101200127293653,0.41757646200713194,0.25,0.01,2.0
0.25,0.01,2.05,0.14247114660574461,0.14247114660574461,0.34618158752499995,0.34,0.4115503300575045,0.419032784134543,0.25,0.01,2.05
0.25,0.01,2.1,0.1580720812436953,0.1580720812436953,0.34618158752499995,0.34,0.45661608514138524,0.4649178860108685,0.25,0.01,2.1
0.25,0.01,2.15,0.21305821239241332,0.1597936592943101,0.34618158752499995,0.34,0.4615891342943547,0.46998135086561793,0.25,0.01,2.15
0.25,0.01,2.2,0.3476254060313481,0.17381270301567367,0.34618158752499995,0.34,0.5020853484968248,0.5112138323990402,0.25,0.01,2.2
0.25,0.01,2.25,0.7078370914899427,0.17695927287248567,0.34618158752499995,0.34,0.5111747107569848,0.5204684496249579,0.25,0.01,2.25
0.25,0.01,2.3,0.7486163907006044,0.1871540976751511,0.34618158752499995,0.34,0.540624066730977,0.5504532284563267,0.25,0.01,2.3
0.25,0.01,2.35,0.766111312564107,0.19152782814102676,0.34618158752499995,0.34,0.5532582755493758,0.5633171415912551,0.25,0.01,2.35
0.25,0.01,2.4,0.6853874795528945,0.17134686988822362,0.34618158752499995,0.34,0.4949624014184451,0.503961382024187,0.25,0.01,2.4
0.25,0.01,2.45,0.6264515001001312,0.1566128750250328,0.34618158752499995,0.34,0.4524009383188896,0.4606261030148023,0.25,0.01,2.45
0.25,0.01,2.5,0.630997923313991,0.1595071700892967,0.34618158752499995,0.34,0.4607615651360363,0.469138735556755,0.25,0.01,2.5
0.25,0.01,2.55,0.6270921204414486,0.1922377287550264,0.34618158752499995,0.34,0.5553089352019442,0.565405084573607,0.25,0.01,2.55
0.25,0.01,2.6,0.4833778033342425,0.188215869660421,0.34618158752499995,0.34,0.5436911622193908,0.5535760872365323,0.25,0.01,2.6
0.25,0.01,2.65,0.5417634388136315,0.2890401771691669,0.34618158752499995,0.34,0.8349380428798614,0.8501181681446085,0.25,0.01,2.65
0.25,0.01,2.7,0.44932408398408374,0.3806227443691392,0.34618158752499995,0.34,1.0994887021299249,1.1194786599092328,0.25,0.01,2.7
0.25,0.01,2.75,0.5215698228184192,0.5215698228184192,0.34618158752499995,0.34,1.5066365214491757,1.5340288906424093,0.25,0.01,2.75
0.25,0.01,2.8,0.3970038328691058,0.3970038328691058,0.34618158752499995,0.34,1.1468080544302075,1.167658331967958,0.25,0.01,2.8
0.25,0.01,2.85,0.3719792712299416,0.3719792712299416,0.34618158752499995,0.34,1.0745206695982312,1.0940566800880636,0.25,0.01,2.85
0.25,0.01,2.9,0.3788348664497338,0.3788348664497338,0.34618158752499995,0.34,1.0943241353712256,1.1142201954403934,0.25,0.01,2.9
0.25,0.01,2.95,0.345861418128183,0.345861418128183,0.34618158752499995,0.34,0.9990751403068373,1.017239465082891,0.25,0.01,2.95
0.25,0.01,3.0,0.3172611728707802,0.3172611728707802,0.34618158752499995,0.34,0.9164588305779515,0.9331210966787652,0.25,0.01,3.0
0.25,0.01,3.1,0.3905023672380763,0.26033491149205096,0.34618158752499995,0.34,0.7520183651397998,0.765690916153091,0.25,0.01,3.1
0.25,0.01,3.2,0.3377636783757611,0.2627050831811476,0.34618158752499995,0.34,0.758864979097642,0.7726620093563165,0.25,0.01,3.2
0.25,0.01,3.3,0.23860650823054108,0.21209467398270315,0.34618158752499995,0.34,0.6126688467144038,0.6238078646550093,0.25,0.01,3.3
0.25,0.01,3.4,0.2338222738287722,0.2338222738287722,0.34618158752499995,0.34,0.6754324385085513,0.687712570084624,0.25,0.01,3.4
0.25,0.01,3.45,0.17249540697622304,0.17249540697622304,0.34618158752499995,0.34,0.4982801315617806,0.5073394322830089,0.25,0.01,3.45
0.25,0.01,3.5,0.21865302899208994,0.21865302899208994,0.34618158752499995,0.34,0.6316136873579379,0.6430971440943821,0.25,0.01,3.5
0.25,0.01,3.55,0.17432843803149745,0.17432843803149745,0.34618158752499995,0.34,0.503575130259948,0.5127307000926395,0.25,0.01,3.55
0.25,0.01,3.6,0.15948167813100736,0.15948167813100736,0.34618158752499995,0.34,0.46068792760241817,0.46906375920884513,0.25,0.01,3.6
0.25,0.01,3.65,0.17869515730371885,0.17869515730371885,0.34618158752499995,0.34,0.5161890861420068,0.5255739920697613,0.25,0.01,3.65
0.25,0.01,3.7,0.1642911218744414,0.1642911218744414,0.34618158752499995,0.34,0.4745807627985902,0.4832091819836511,0.25,0.01,3.7
0.25,0.01,3.75,0.15051264350191254,0.15051264350191254,0.34618158752499995,0.34,0.4347794594680547,0.4426842455938604,0.25,0.01,3.75
0.25,0.01,3.8,0.1417955433569496,0.1417955433569496,0.34618158752499995,0.34,0.4095987437422843,0.4170457157557341,0.25,0.01,3.8
0.25,0.01,3.85,0.15739551626361223,0.15739551626361223,0.34618158752499995,0.34,0.4546617207139756,0.46292798901062415,0.25,0.01,3.85
0.25,0.01,3.9,0.16469419306590893,0.16469419306590893,0.34618158752499995,0.34,0.47574509737325454,0.48439468548796744,0.25,0.01,3.9
0.25,0.01,4.0,0.15154041864577544,0.15154041864577544,0.34618158752499995,0.34,0.4377483497294083,0.44570711366404536,0.25,0.01,4.0
0.25,0.01,4.1,0.15526258560734005,0.15526258560734005,0.34618158752499995,0.34,0.44850041481806874,0.4566546635510001,0.25,0.01,4.1
0.25,0.01,4.2,0.14416718577778695,0.1467728141936029,0.34618158752499995,0.34,0.4239763739109999,0.4316847476282438,0.25,0.01,4.2
0.25,0.015,1.5,0.13605481664952507,0.1393367545665864,0.47677936503749996,0.4725,0.2922457740083344,0.2948926022573257,0.25,0.015,1.5
0.25,0.015,1.6,0.10283117143475688,0.10531171054509,0.47677936503749996,0.4725,0.22088143545559477,0.22288192707955556,0.25,0.015,1.6
0.25,0.015,1.7,0.0981288549051114,0.1004959773541008,0.47677936503749996,0.4725,0.21078088676550952,0.2126898991621181,0.25,0.015,1.7
0.25,0.015,1.75,0.10921921978755689,0.10921921978755689,0.47677936503749996,0.4725,0.22907706959793972,0.23115178791017332,0.25,0.015,1.75
0.25,0.015,1.8,0.1251969356910757,0.1251969356910757,0.47677936503749996,0.4725,0.2625888301210952,0.2649670596636523,0.25,0.015,1.8
0.25,0.015,1.85,0.14466897118805372,0.14466897118805372,0.47677936503749996,0.4725,0.30342959825175136,0.3061777168001137,0.25,0.015,1.85
0.25,0.015,1.9,0.14785809547150747,0.14785809547150747,0.47677936503749996,0.4725,0.31011848732144276,0.3129271861830846,0.25,0.015,1.9
0.25,0.015,1.95,0.18740755771001247,0.18740755771001247,0.47677936503749996,0.4725,0.39306977493724454,0.39662975176722215,0.25,0.015,1.95
0.25,0.015,2.0,0.1911170714983676,0.1911170714983676,0.47677936503749996,0.4725,0.40085013218501125,0.4044805745997198,0.25,0.015,2.0
0.25,0.015,2.05,0.1987231431558573,0.1987231431558573,0.47677936503749996,0.4725,0.41680315409671137,0.42057808075313713,0.25,0.015,2.05
0.25,0.015,2.1,0.2266918024962427,0.2266918024962427,0.47677936503749996,0.4725,0.4754647938222175,0.4797710105740587,0.25,0.015,2.1
0.25,0.015,2.15,0.2924327324809917,0.21932454936074394,0.47677936503749996,0.4725,0.46001267136108853,0.46417894044601893,0.25,0.015,2.15
0.25,0.015,2.2,0.46052486537869297,0.23026243268934599,0.47677936503749996,0.4725,0.4829538557551358,0.4873278998716317,0.25,0.015,2.2
0.25,0.015,2.25,0.9771491092409446,0.24428727731023614,0.47677936503749996,0.4725,0.512369651926992,0.5170101107094945,0.25,0.015,2.25
0.25,0.015,2.3,1.0208177628111024,0.2552044407027756,0.47677936503749996,0.4725,0.5352673781985156,0.5401152184185727,0.25,0.015,2.3
0.25,0.015,2.35,1.0797288309115407,0.2699322077278852,0.47677936503749996,0.4725,0.566157488184612,0.571285095720392,0.25,0.015,2.35
0.25,0.015,2.4,1.059466658547149,0.26486666463678726,0.47677936503749996,0.4725,0.5555329866592587,0.5605643696016662,0.25,0.015,2.4
0.25,0.015,2.45,0.9048010327322918,0.22620025818307296,0.47677936503749996,0.4725,0.4744338257283465,0.4787307051493608,0.25,0.015,2.45
0.25,0.015,2.5,0.8317516761530797,0.21025482204984816,0.47677936503749996,0.4725,0.4409897689957934,0.44498375037004906,0.25,0.015,2.5
0.25,0.015,2.55,0.9240656127442503,0.28327620268856923,0.47677936503749996,0.4725,0.5941452660525457,0.5995263548964429,0.25,0.015,2.55
0.25,0.015,2.6,0.7141005823905053,0.27805385603671307,0.47677936503749996,0.4725,0.5831918837654465,0.588473769389869,0.25,0.015,2.6
0.25,0.015,2.65,0.7490551795802111,0.39963391086238564,0.47677936503749996,0.4725,0.838194645506425,0.8457860547352077,0.25,0.015,2.65
0.25,0.015,2.7,0.6992292087072274,0.5923175495098411,0.47677936503749996,0.4725,1.2423305053549323,1.253582115364743,0.25,0.015,2.7
0.25,0.015,2.75,0.596162623781407,0.596162623781407,0.47677936503749996,0.4725,1.2503951880017234,1.2617198386908086,0.25,0.015,2.75
0.25,0.015,2.8,0.6404383856222631,0.6404383856222631,0.47677936503749996,0.4725,1.3432594457436111,1.3554251547561125,0.25,0.015,2.8
0.25,0.015,2.85,0.5642673256827266,0.5642673256827266,0.47677936503749996,0.4725,1.1834977917686214,1.194216562291485,0.25,0.015,2.85
0.25,0.015,2.9,0.4367827564422362,0.4367827564422362,0.47677936503749996,0.4725,0.916110864839719,0.9244079501422988,0.25,0.015,2.9
0.25,0.015,2.95,0.4884477091567746,0.4884477091567746,0.47677936503749996,0.4725,1.0244732573909883,1.0337517654111632,0.25,0.015,2.95
0.25,0.015,3.0,0.4268309363216776,0.4268309363216776,0.47677936503749996,0.4725,0.8952378555395455,0.9033458969770956,0.25,0.015,3.0
0.25,0.015,3.1,0.6243128101791979,0.4162085401194654,0.47677936503749996,0.4725,0.8729583758028822,0.8808646351734718,0.25,0.015,3.1
0.25,0.015,3.2,0.4002194119557731,0.3112817648544903,0.47677936503749996,0.4725,0.6528843059934172,0.6587973859354291,0.25,0.015,3.2
0.25,0.015,3.3,0.356531953781081,0.3169172922498497,0.47677936503749996,0.4725,0.6647042961369004,0.67072442804201,0.25,0.015,3.3
0.25,0.015,3.4,0.28378009930318326,0.28378009930318326,0.47677936503749996,0.4725,0.5952021419401471,0.6005928027580598,0.25,0.015,3.4
0.25,0.015,3.45,0.27721414834497654,0.27721414834497654,0.47677936503749996,0.4725,0.5814306756400267,0.5866966102539186,0.25,0.015,3.45
0.25,0.015,3.5,0.26017188788622037,0.26017188788622037,0.47677936503749996,0.4725,0.5456861327581934,0.550628334150731,0.25,0.015,3.5
0.25,0.015,3.55,0.2569999303773695,0.2569999303773695,0.47677936503749996,0.4725,0.5390332493881227,0.5439151965658614,0.25,0.015,3.55
0.25,0.015,3.6,0.2312486682162557,0.2312486682162557,0.47677936503749996,0.4725,0.48502239227166927,0.4894151708280544,0.25,0.015,3.6
0.25,0.015,3.65,0.22173302339229772,0.22173302339229772,0.47677936503749996,0.4725,0.4650642197462926,0.4692762399836989,0.25,0.015,3.65
0.25,0.015,3.7,0.22954975404111763,0.22954975404111763,0.47677936503749996,0.4725,0.4814590791341461,0.48581958527220664,0.25,0.015,3.7
0.25,0.015,3.75,0.21486387573848628,0.21486387573848628,0.47677936503749996,0.4725,0.45065682681461405,0.45473836135129375,0.25,0.015,3.75
0.25,0.015,3.8,0.22554199547848738,0.22554199547848738,0.47677936503749996,0.4725,0.47305318144535874,0.4773375565682273,0.25,0.015,3.8
0.25,0.015,3.85,0.21893935607180215,0.21893935607180215,0.47677936503749996,0.4725,0.45920476456564346,0.46336371655407865,0.25,0.015,3.85
0.25,0.015,3.9,0.21771727413101552,0.21771727413101552,0.47677936503749996,0.4725,0.45664156231654757,0.46077729974818105,0.25,0.015,3.9
0.25,0.015,4.0,0.22501447590460066,0.22501447590460066,0.47677936503749996,0.4725,0.47194675861633123,0.4762211130256099,0.25,0.015,4.0
0.25,0.015,4.1,0.19093709436106757,0.19093709436106757,0.47677936503749996,0.4725,0.40047264701996876,0.404099670605434,0.25,0.015,4.1
0.25,0.015,4.2,0.20920063707987477,0.21298165785545067,0.47677936503749996,0.4725,0.4467090513422264,0.45075483144010725,0.25,0.015,4.2
0.25,0.02,1.5,0.1881204757076064,0.19265835049516955,0.60737714255,0.605,0.3171972354545919,0.31844355453747036,0.25,0.02,1.5
0.25,0.02,1.6,0.15326459115583427,0.15696170757770128,0.60737714255,0.605,0.25842544373454096,0.2594408389714071,0.25,0.02,1.6
0.25,0.02,1.7,0.13433021760770406,0.13757061080279742,0.60737714255,0.605,0.226499486340931,0.2273894393434668,0.25,0.02,1.7
0.25,0.02,1.75,0.1404684535663153,0.1404684535663153,0.60737714255,0.605,0.23127056276200214,0.23217926209308315,0.25,0.02,1.75
0.25,0.02,1.8,0.15577712803988325,0.15577712803988325,0.60737714255,0.605,0.25647512414753,0.25748285626426987,0.25,0.02,1.8
0.25,0.02,1.85,0.17904474136613807,0.17904474136613807,0.60737714255,0.605,0.2947834694839523,0.29594172126634394,0.25,0.02,1.85
0.25,0.02,1.9,0.19010484301763692,0.19010484301763692,0.60737714255,0.605,0.31299308073976007,0.31422288102088747,0.25,0.02,1.9
0.25,0.02,1.95,0.233826438044297,0.233826438044297,0.60737714255,0.605,0.3849773421874337,0.38648998023850745,0.25,0.02,1.95
0.25,0.02,2.0,0.2387532240701874,0.2387532240701874,0.60737714255,0.605,0.3930889184729782,0.39463342821518577,0.25,0.02,2.0
0.25,0.02,2.05,0.26036585124069056,0.26036585124069056,0.60737714255,0.605,0.428672455712732,0.43035677891023233,0.25,0.02,2.05
0.25,0.02,2.1,0.2861749252733657,0.2861749252733657,0.60737714255,0.605,0.47116512167694463,0.4730164054105218,0.25,0.02,2.1
0.25,0.02,2.15,0.39876606318592783,0.2990745473894461,0.60737714255,0.605,0.4924033626517744,0.49433809485858865,0.25,0.02,2.15
0.25,0.02,2.2,0.5904240873516512,0.29521204367582493,0.60737714255,0.605,0.48604404577428223,0.48795379119971066,0.25,0.02,2.2
0.25,0.02,2.25,1.217198447209097,0.3042996118022743,0.60737714255,0.605,0.5010060314826944,0.5029745649624369,0.25,0.02,2.25
0.25,0.02,2.3,1.2262362844509895,0.3065590711127474,0.60737714255,0.605,0.5047260583855625,0.5067092084508221,0.25,0.02,2.3
0.25,0.02,2.35,1.2953605666099721,0.32384014165249303,0.60737714255,0.605,0.5331780190029692,0.5352729614090794,0.25,0.02,2.35
0.25,0.02,2.4,1.3071266437937332,0.3267816609484333,0.60737714255,0.605,0.5380210054933575,0.5401349767742699,0.25,0.02,2.4
0.25,0.02,2.45,1.1283272170967555,0.2820818042741889,0.60737714255,0.605,0.46442611108133297,0.46625091615568415,0.25,0.02,2.45
0.25,0.02,2.5,1.1356299360907596,0.28707086137966303,0.60737714255,0.605,0.4726402119355867,0.4744972915366331,0.25,0.02,2.5
0.25,0.02,2.55,1.0182658602374812,0.3121536850168628,0.60737714255,0.605,0.5139371621828294,0.5159565041601039,0.25,0.02,2.55
0.25,0.02,2.6,0.9081400398402314,0.3536082256838501,0.60737714255,0.605,0.5821888920601596,0.5844764060890084,0.25,0.02,2.6
0.25,0.02,2.65,0.9718037831872548,0.5184741485715836,0.60737714255,0.605,0.8536280216190424,0.8569820637546837,0.25,0.02,2.65
0.25,0.02,2.7,0.9115145006144868,0.7721445680807109,0.60737714255,0.605,1.271276961195732,1.2762720133565468,0.25,0.02,2.7
0.25,0.02,2.75,0.9055080457805521,0.9055080457805521,0.60737714255,0.605,1.4908497247342654,1.496707513686863,0.25,0.02,2.75
0.25,0.02,2.8,0.8246904509720675,0.8246904509720675,0.60737714255,0.605,1.3577897375421533,1.3631247123505248,0.25,0.02,2.8
0.25,0.02,2.85,0.8139980330755486,0.8139980330755486,0.60737714255,0.605,1.340185489460594,1.3454512943397499,0.25,0.02,2.85
0.25,0.02,2.9,0.5938130576628958,0.5938130576628958,0.60737714255,0.605,0.9776677719050194,0.9815091862196625,0.25,0.02,2.9
0.25,0.02,2.95,0.6479775779974274,0.6479775779974274,0.60737714255,0.605,1.0668455109735795,1.0710373190040123,0.25,0.02,2.95
0.25,0.02,3.0,0.5565906341415404,0.5565906341415404,0.60737714255,0.605,0.9163838991450378,0.9199845192422156,0.25,0.02,3.0
0.25,0.02,3.1,0.7887814144029186,0.5258542762686126,0.60737714255,0.605,0.8657788372820165,0.8691806219315911,0.25,0.02,3.1
0.25,0.02,3.2,0.49838962216327176,0.3876363727936559,0.60737714255,0.605,0.6382136330751783,0.6407212773448858,0.25,0.02,3.2
0.25,0.02,3.3,0.39078493834570294,0.34736438964062477,0.60737714255,0.605,0.5719088936772581,0.5741560159349169,0.25,0.02,3.3
0.25,0.02,3.4,0.3464266880528704,0.3464266880528704,0.60737714255,0.605,0.5703650397485154,0.5726060959551578,0.25,0.02,3.4
0.25,0.02,3.45,0.3489560823530582,0.3489560823530582,0.60737714255,0.605,0.574529493961541,0.5767869129802615,0.25,0.02,3.45
0.25,0.02,3.5,0.41783011917661667,0.41783011917661667,0.60737714255,0.605,0.6879253266305134,0.690628296159697,0.25,0.02,3.5
0.25,0.02,3.55,0.3169822514669207,0.3169822514669207,0.60737714255,0.605,0.5218870274507019,0.5239376057304475,0.25,0.02,3.55
0.25,0.02,3.6,0.3023567721672966,0.3023567721672966,0.60737714255,0.605,0.4978072946536777,0.49976325978065556,0.25,0.02,3.6
0.25,0.02,3.65,0.2754929773622746,0.2754929773622746,0.60737714255,0.605,0.45357811162542344,0.4553602931607845,0.25,0.02,3.65
0.25,0.02,3.7,0.312320950974202,0.312320950974202,0.60737714255,0.605,0.5142125527855065,0.5162329768168628,0.25,0.02,3.7
0.25,0.02,3.75,0.2964654083186553,0.2964654083186553,0.60737714255,0.605,0.48810761477453846,0.49002546829529803,0.25,0.02,3.75
0.25,0.02,3.8,0.2943092085416868,0.2943092085416868,0.60737714255,0.605,0.4845575967940857,0.48646150172179636,0.25,0.02,3.8
0.25,0.02,3.85,0.27557009294689394,0.27557009294689394,0.60737714255,0.605,0.45370507653604814,0.45548775693701476,0.25,0.02,3.85
0.25,0.02,3.9,0.2606891698125616,0.2606891698125616,0.60737714255,0.605,0.42920477500699067,0.43089118977282914,0.25,0.02,3.9
0.25,0.02,4.0,0.2924370904624867,0.2924370904624867,0.60737714255,0.605,0.4814752975963579,0.4833670916735318,0.25,0.02,4.0
0.25,0.02,4.1,0.270705043375619,0.270705043375619,0.60737714255,0.605,0.445695144600102,0.4474463526869736,0.25,0.02,4.1
0.25,0.02,4.2,0.24035190680108984,0.24469594497300626,0.60737714255,0.605,0.40287315381293365,0.40445610739339877,0.25,0.02,4.2
0.3,0.01,1.5,0.08912010673656105,0.09126987742953632,0.35657221491,0.35,0.2559646366517176,0.26077107837010377,0.3,0.01,1.5
0.3,0.01,1.6,0.06631061875972952,0.06791019290605983,0.35657221491,0.35,0.19045284536037274,0.1940291225887424,0.3,0.01,1.6
0.3,0.01,1.7,0.060863713176562716,0.062331903770740216,0.35657221491,0.35,0.17480863949669492,0.17809115363068634,0.3,0.01,1.7
0.3,0.01,1.75,0.06492669214540375,0.06492669214540375,0.35657221491,0.35,0.18208567417904803,0.1855048347011536,0.3,0.01,1.75
0.3,0.01,1.8,0.07557955891263428,0.07557955891263428,0.35657221491,0.35,0.21196143656821606,0.2159415968932408,0.3,0.01,1.8
0.3,0.01,1.85,0.08752388534752115,0.08752388534752115,0.35657221491,0.35,0.2454590730509175,0.25006824385006043,0.3,0.01,1.85
0.3,0.01,1.9,0.08824272674089798,0.08824272674089798,0.35657221491,0.35,0.24747505007694087,0.2521220764025657,0.3,0.01,1.9
0.3,0.01,1.95,0.10979744481174146,0.10979744481174146,0.35657221491,0.35,0.3079248472555684,0.3137069851764042,0.3,0.01,1.95
0.3,0.01,2.0,0.11961438946323694,0.11961438946323694,0.35657221491,0.35,0.3354562819579983,0.34175539846639125,0.3,0.01,2.0
0.3,0.01,2.05,0.13421311418921011,0.13421311418921011,0.35657221491,0.35,0.376398128000764,0.38346604054060035,0.3,0.01,2.05
0.3,0.01,2.1,0.15807618791602487,0.15807618791602487,0.35657221491,0.35,0.4433216647458743,0.45164625118864254,0.3,0.01,2.1
0.3,0.01,2.15,0.18789151768044765,0.14091863826033585,0.35657221491,0.35,0.39520364281861997,0.40262468074381674,0.3,0.01,2.15
0.3,0.01,2.2,0.3172512233432728,0.15862561167163605,0.35657221491,0.35,0.4448625132265947,0.45321603334753163,0.3,0.01,2.2
0.3,0.01,2.25,0.7127879048251035,0.17819697620627586,0.35657221491,0.35,0.4997500331069076,0.5091342177322168,0.3,0.01,2.25
0.3,0.01,2.3,0.5806866074195242,0.14517165185488104,0.35657221491,0.35,0.40713113861528116,0.41477614815680297,0.3,0.01,2.3
0.3,0.01,2.35,0.630172831871769,0.15754320796794224,0.35657221491,0.35,0.4418269326108504,0.4501234513369779,0.3,0.01,2.35
0.3,0.01,2.4,0.694615467401154,0.1736538668502885,0.35657221491,0.35,0.48700896926060067,0.4961539052865386,0.3,0.01,2.4
0.3,0.01,2.45,0.5928146259747915,0.14820365649369788,0.35657221491,0.35,0.41563433800108335,0.42343901855342253,0.3,0.01,2.45
0.3,0.01,2.5,0.5902532664808762,0.14920750876303324,0.35657221491,0.35,0.41844962261205265,0.4263071678943807,0.3,0.01,2.5
0.3,0.01,2.55,0.610982433535006,0.18729923643324597,0.35657221491,0.35,0.5252771489234541,0.5351406755235599,0.3,0.01,2.55
0.3,0.01,2.6,0.6491916000690634,0.2527798354421939,0.35657221491,0.35,0.7089162443742184,0.7222281012634112,0.3,0.01,2.6
0.3,0.01,2.65,0.497586310739167,0.26547091425723984,0.35657221491,0.35,0.744508133714921,0.7584883264492568,0.3,0.01,2.65
0.3,0.01,2.7,0.5385087930244729,0.4561711734889959,0.35657221491,0.35,1.2793233864397846,1.3033462099685598,0.3,0.01,2.7
0.3,0.01,2.75,0.4469789950262637,0.4469789950262637,0.35657221491,0.35,1.2535440966399545,1.277082842932182,0.3,0.01,2.75
0.3,0.01,2.8,0.4675347227822102,0.4675347227822102,0.35657221491,0.35,1.311192244466433,1.3358134936634578,0.3,0.01,2.8
0.3,0.01,2.85,0.41115422731158385,0.41115422731158385,0.35657221491,0.35,1.1530742164398886,1.1747263637473826,0.3,0.01,2.85
0.3,0.01,2.9,0.4460683311988715,0.4460683311988715,0.35657221491,0.35,1.2509901572433528,1.2744809462824902,0.3,0.01,2.9
0.3,0.01,2.95,0.3165512083863892,0.3165512083863892,0.35657221491,0.35,0.8877618478105137,0.9044320239611121,0.3,0.01,2.95
0.3,0.01,3.0,0.37240713401265285,0.37240713401265285,0.35657221491,0.35,1.044408729678081,1.064020382893294,0.3,0.01,3.0
0.3,0.01,3.1,0.43411155181095223,0.2894077012073016,0.35657221491,0.35,0.8116383977936953,0.826879146306576,0.3,0.01,3.1
0.3,0.01,3.2,0.2338118326517732,0.18185364761804587,0.35657221491,0.35,0.5100050985855595,0.519581850337274,0.3,0.01,3.2
0.3,0.01,3.3,0.23988930011797535,0.21323493343820027,0.35657221491,0.35,0.5980133182615518,0.6092426669662865,0.3,0.01,3.3
0.3,0.01,3.4,0.20127171189253532,0.20127171189253532,0.35657221491,0.35,0.564462690799778,0.5750620339786724,0.3,0.01,3.4
0.3,0.01,3.45,0.19096794276641205,0.19096794276641205,0.35657221491,0.35,0.5355659661104356,0.5456226936183202,0.3,0.01,3.45
0.3,0.01,3.5,0.193774790329304,0.193774790329304,0.35657221491,0.35,0.5434377167559548,0.5536422580837258,0.3,0.01,3.5
0.3,0.01,3.55,0.17521638344326562,0.17521638344326562,0.35657221491,0.35,0.4913910173497136,0.5006182384093304,0.3,0.01,3.55
0.3,0.01,3.6,0.13378464220031092,0.13378464220031092,0.35657221491,0.35,0.3751964864510786,0.3822418348580312,0.3,0.01,3.6
0.3,0.01,3.65,0.19492564044569116,0.19492564044569116,0.35657221491,0.35,0.5466652540352619,0.5569304012734033,0.3,0.01,3.65
0.3,0.01,3.7,0.1642585609093611,0.1642585609093611,0.35657221491,0.35,0.4606600123086441,0.4693101740267461,0.3,0.01,3.7
0.3,0.01,3.75,0.16677607772228906,0.16677607772228906,0.35657221491,0.35,0.46772034036466886,0.47650307920654017,0.3,0.01,3.75
0.3,0.01,3.8,0.15875672043951194,0.15875672043951194,0.35657221491,0.35,0.4452302052743584,0.453590629827177,0.3,0.01,3.8
0.3,0.01,3.85,0.15764096099545963,0.15764096099545963,0.35657221491,0.35,0.4421010791187101,0.4504027457013133,0.3,0.01,3.85
0.3,0.01,3.9,0.1743286668538946,0.1743286668538946,0.35657221491,0.35,0.48890143304602607,0.4980819052968417,0.3,0.01,3.9
0.3,0.01,4.0,0.17631634183162995,0.17631634183162995,0.35657221491,0.35,0.4944758297449866,0.5037609766617999,0.3,0.01,4.0
0.3,0.01,4.1,0.1517535502065812,0.1517535502065812,0.35657221491,0.35,0.4255899474525358,0.4335815720188035,0.3,0.01,4.1
0.3,0.01,4.2,0.1528371707530278,0.15559949751246688,0.35657221491,0.35,0.4363758335790148,0.44456999289276256,0.3,0.01,4.2
0.3,0.015,1.5,0.1371634016567903,0.14047208105393463,0.49461530086499994,0.49,0.2840027002971245,0.2866777164366013,0.3,0.015,1.5
0.3,0.015,1.6,0.10130154978311261,0.10374519068176559,0.49461530086499994,0.49,0.2097492546234063,0.21172487894237876,0.3,0.015,1.6
0.3,0.015,1.7,0.08846446061858379,0.09059845281558312,0.49461530086499994,0.49,0.18316953126428054,0.18489480166445535,0.3,0.015,1.7
0.3,0.015,1.75,0.09943700862384598,0.09943700862384598,0.49461530086499994,0.49,0.20103908724608233,0.20293267066091017,0.3,0.015,1.75
0.3,0.015,1.8,0.11579182947076673,0.11579182947076673,0.49461530086499994,0.49,0.23410482706108376,0.23630985606278926,0.3,0.015,1.8
0.3,0.015,1.85,0.12452790576684077,0.12452790576684077,0.49461530086499994,0.49,0.2517671927032224,0.2541385831976342,0.3,0.015,1.85
0.3,0.015,1.9,0.12963689469740622,0.12963689469740622,0.49461530086499994,0.49,0.2620964100194491,0.26456509121919636,0.3,0.015,1.9
0.3,0.015,1.95,0.1404311414972039,0.1404311414972039,0.49461530086499994,0.49,0.2839199297951624,0.2865941663208243,0.3,0.015,1.95
0.3,0.015,2.0,0.16206582705684253,0.16206582705684253,0.49461530086499994,0.49,0.32766035901723284,0.3307465858302909,0.3,0.015,2.0
0.3,0.015,2.05,0.19510092069204826,0.19510092069204826,0.49461530086499994,0.49,0.39444982868675754,0.39816514426948624,0.3,0.015,2.05
0.3,0.015,2.1,0.1876526879097731,0.1876526879097731,0.49461530086499994,0.49,0.37939119065180504,0.3829646692036186,0.3,0.015,2.1
0.3,0.015,2.15,0.2836659843010597,0.21274948822579495,0.49461530086499994,0.49,0.4301312309864484,0.4341826290322346,0.3,0.015,2.15
0.3,0.015,2.2,0.4373741003252017,0.21868705016260037,0.49461530086499994,0.49,0.4421356350686141,0.44630010237265383,0.3,0.015,2.2
0.3,0.015,2.25,0.872353720758395,0.21808843018959875,0.49461530086499994,0.49,0.44092536120131814,0.4450784289583648,0.3,0.015,2.25
0.3,0.015,2.3,0.8782193321596341,0.21955483303990853,0.49461530086499994,0.49,0.4438900953042569,0.44807108783654803,0.3,0.015,2.3
0.3,0.015,2.35,0.9114243140022725,0.22785607850056813,0.49461530086499994,0.49,0.46067333158130314,0.4650124051032003,0.3,0.015,2.35
0.3,0.015,2.4,0.9915853942484852,0.2478963485621213,0.49461530086499994,0.49,0.5011902141494446,0.5059109154329007,0.3,0.015,2.4
0.3,0.015,2.45,0.8536872802689647,0.21342182006724117,0.49461530086499994,0.49,0.43149053353990846,0.43555473483110446,0.3,0.015,2.45
0.3,0.015,2.5,1.0497231936749047,0.2653548764800986,0.49461530086499994,0.49,0.5364873994315118,0.5415405642450992,0.3,0.015,2.5
0.3,0.015,2.55,0.9475385891737726,0.2904719424034218,0.49461530086499994,0.49,0.587268412229534,0.5927998824559628,0.3,0.015,2.55
0.3,0.015,2.6,0.8336542650090398,0.32460522887580473,0.49461530086499994,0.49,0.6562781788353982,0.6624596507669485,0.3,0.015,2.6
0.3,0.015,2.65,0.7402700373282667,0.3949468853249687,0.49461530086499994,0.49,0.7984930604335778,0.8060140516836096,0.3,0.015,2.65
0.3,0.015,2.7,0.769301765461616,0.6516760611220572,0.49461530086499994,0.49,1.317541248688393,1.3299511451470556,0.3,0.015,2.7
0.3,0.015,2.75,0.6797328243481804,0.6797328243481804,0.49461530086499994,0.49,1.3742656629494492,1.3872098456085313,0.3,0.015,2.75
0.3,0.015,2.8,0.7953748517682264,0.7953748517682264,0.49461530086499994,0.49,1.6080676242268446,1.6232139832004622,0.3,0.015,2.8
0.3,0.015,2.85,0.5940579337396986,0.5940579337396986,0.49461530086499994,0.49,1.2010504582061858,1.2123631300810176,0.3,0.015,2.85
0.3,0.015,2.9,0.5208011778983297,0.5208011778983297,0.49461530086499994,0.49,1.0529419065433985,1.0628595467312851,0.3,0.015,2.9
0.3,0.015,2.95,0.4713120794254376,0.4713120794254376,0.49461530086499994,0.49,0.952886169516372,0.9618613865825257,0.3,0.015,2.95
0.3,0.015,3.0,0.46945618531559635,0.46945618531559635,0.49461530086499994,0.49,0.9491339723914637,0.9580738475828497,0.3,0.015,3.0
0.3,0.015,3.1,0.6281455332417045,0.4187636888278031,0.49461530086499994,0.49,0.8466452374106807,0.8546197731179656,0.3,0.015,3.1
0.3,0.015,3.2,0.4873356599438995,0.37903884662303305,0.49461530086499994,0.49,0.76633061282204,0.7735486665776184,0.3,0.015,3.2
0.3,0.015,3.3,0.3672559750200714,0.3264497555733967,0.49461530086499994,0.49,0.660007393629939,0.6662239909661157,0.3,0.015,3.3
0.3,0.015,3.4,0.3136418337983054,0.3136418337983054,0.49461530086499994,0.49,0.6341126795911852,0.6400853750985824,0.3,0.015,3.4
0.3,0.015,3.45,0.29390430650652805,0.29390430650652805,0.49461530086499994,0.49,0.5942078742661989,0.5998047071561797,0.3,0.015,3.45
0.3,0.015,3.5,0.25895280748873123,0.25895280748873123,0.49461530086499994,0.49,0.5235438673972799,0.5284751173239413,0.3,0.015,3.5
0.3,0.015,3.55,0.21539059057325524,0.21539059057325524,0.49461530086499994,0.49,0.4354709411467314,0.4395726338229699,0.3,0.015,3.55
0.3,0.015,3.6,0.22085659217954753,0.22085659217954753,0.49461530086499994,0.49,0.4465219571519645,0.45072773914193376,0.3,0.015,3.6
0.3,0.015,3.65,0.2636890961606217,0.2636890961606217,0.49461530086499994,0.49,0.5331195692884415,0.5381410125726973,0.3,0.015,3.65
0.3,0.015,3.7,0.23719820488422527,0.23719820488422527,0.49461530086499994,0.49,0.47956099309787836,0.48407796915148016,0.3,0.015,3.7
0.3,0.015,3.75,0.23531319983213408,0.23531319983213408,0.49461530086499994,0.49,0.47574994024772466,0.4802310200655798,0.3,0.015,3.75
0.3,0.015,3.8,0.23255447105933344,0.23255447105933344,0.49461530086499994,0.49,0.4701724161234687,0.47460096134557844,0.3,0.015,3.8
0.3,0.015,3.85,0.20599552181411707,0.20599552181411707,0.49461530086499994,0.49,0.41647624214993983,0.420399024110443,0.3,0.015,3.85
0.3,0.015,3.9,0.20075058870157617,0.20075058870157617,0.49461530086499994,0.49,0.40587217651879504,0.4096950789828085,0.3,0.015,3.9
0.3,0.015,4.0,0.19968637918549278,0.19968637918549278,0.49461530086499994,0.49,0.40372058615306583,0.4075232228275363,0.3,0.015,4.0
0.3,0.015,4.1,0.21205193040148962,0.21205193040148962,0.49461530086499994,0.49,0.42872092721483956,0.4327590416356931,0.3,0.015,4.1
0.3,0.015,4.2,0.19291646629055714,0.1964031725318808,0.49461530086499994,0.49,0.3970826866625523,0.400822801085471,0.3,0.015,4.2
0.3,0.02,1.5,0.17272792891546535,0.17689450201594895,0.63265838682,0.6299999999999999,0.27960508498922004,0.28078492383483966,0.3,0.02,1.5
0.3,0.02,1.6,0.13171457500706402,0.1348918523846073,0.63265838682,0.6299999999999999,0.21321435895701782,0.2141140514041386,0.3,0.02,1.6
0.3,0.02,1.7,0.12140795392022716,0.1243366286050417,0.63265838682,0.6299999999999999,0.1965304360067184,0.19735972794451068,0.3,0.02,1.7
0.3,0.02,1.75,0.13056148238048612,0.13056148238048612,0.63265838682,0.6299999999999999,0.20636963818142295,0.20724044822299387,0.3,0.02,1.75
0.3,0.02,1.8,0.14980246194698432,0.14980246194698432,0.63265838682,0.6299999999999999,0.23678254341960567,0.23778168563013388,0.3,0.02,1.8
0.3,0.02,1.85,0.1723271961962355,0.1723271961962355,0.63265838682,0.6299999999999999,0.2723858559157376,0.2735352320575167,0.3,0.02,1.85
0.3,0.02,1.9,0.18785851804189105,0.18785851804189105,0.63265838682,0.6299999999999999,0.296935157986516,0.29818812387601756,0.3,0.02,1.9
0.3,0.02,1.95,0.18924578808409834,0.18924578808409834,0.63265838682,0.6299999999999999,0.2991279212077234,0.30039013981602913,0.3,0.02,1.95
0.3,0.02,2.0,0.20455724347631493,0.20455724347631493,0.63265838682,0.6299999999999999,0.32332969535819067,0.324694037263992,0.3,0.02,2.0
0.3,0.02,2.05,0.24618613736145387,0.24618613736145387,0.63265838682,0.6299999999999999,0.3891296511516842,0.3907716466054824,0.3,0.02,2.05
0.3,0.02,2.1,0.2538332808337066,0.2538332808337066,0.63265838682,0.6299999999999999,0.40121696972923504,0.4029099695773121,0.3,0.02,2.1
0.3,0.02,2.15,0.3403689589135625,0.2552767191851721,0.63265838682,0.6299999999999999,0.4034985143693382,0.4052011415637653,0.3,0.02,2.15
0.3,0.02,2.2,0.5684605576203712,0.284230278810185,0.63265838682,0.6299999999999999,0.44926343304929967,0.4511591727145794,0.3,0.02,2.2
0.3,0.02,2.25,1.186322338360375,0.29658058459009373,0.63265838682,0.6299999999999999,0.46878471979298203,0.47076283268268854,0.3,0.02,2.25
0.3,0.02,2.3,1.1044982050586543,0.27612455126466356,0.63265838682,0.6299999999999999,0.43645126187701166,0.43829293851533907,0.3,0.02,2.3
0.3,0.02,2.35,1.197857926269439,0.2994644815673598,0.63265838682,0.6299999999999999,0.47334309922388107,0.4753404469323172,0.3,0.02,2.35
0.3,0.02,2.4,1.1665920270231687,0.29164800675579217,0.63265838682,0.6299999999999999,0.46098813013723633,0.462933344056813,0.3,0.02,2.4
0.3,0.02,2.45,1.119623837164252,0.279905959291063,0.63265838682,0.6299999999999999,0.4424282758630371,0.44429517347787784,0.3,0.02,2.45
0.3,0.02,2.5,1.0587569097251983,0.2676384695464668,0.63265838682,0.6299999999999999,0.4230378907829347,0.4248229675340744,0.3,0.02,2.5
0.3,0.02,2.55,1.0937094432994228,0.33528123292283746,0.63265838682,0.6299999999999999,0.5299561973849714,0.5321924332108532,0.3,0.02,2.55
0.3,0.02,2.6,1.058503729394044,0.41215628560614476,0.63265838682,0.6299999999999999,0.6514673545668318,0.65421632635896,0.3,0.02,2.6
0.3,0.02,2.65,1.0379494614826719,0.5537640134900226,0.63265838682,0.6299999999999999,0.8752970402770873,0.8789904976032106,0.3,0.02,2.65
0.3,0.02,2.7,1.0096841894651274,0.8553041798533103,0.63265838682,0.6299999999999999,1.3519210330118585,1.357625682306842,0.3,0.02,2.7
0.3,0.02,2.75,0.8206981245277305,0.8206981245277305,0.63265838682,0.6299999999999999,1.297221599563226,1.3026954357583027,0.3,0.02,2.75
0.3,0.02,2.8,0.9194523239071927,0.9194523239071927,0.63265838682,0.6299999999999999,1.4533156329891341,1.4594481331860203,0.3,0.02,2.8
0.3,0.02,2.85,0.6329707734737726,0.6329707734737726,0.63265838682,0.6299999999999999,1.0004937682962567,1.0047155134504329,0.3,0.02,2.85
0.3,0.02,2.9,0.656563347558566,0.656563347558566,0.63265838682,0.6299999999999999,1.0377849424532601,1.0421640437437558,0.3,0.02,2.9
0.3,0.02,2.95,0.5628565797246671,0.5628565797246671,0.63265838682,0.6299999999999999,0.8896690401178662,0.8934231424201066,0.3,0.02,2.95
0.3,0.02,3.0,0.5436188868219923,0.5436188868219923,0.63265838682,0.6299999999999999,0.859261329885222,0.8628871219396705,0.3,0.02,3.0
0.3,0.02,3.1,0.8027771290677164,0.5351847527118111,0.63265838682,0.6299999999999999,0.845930068835203,0.8494996074790654,0.3,0.02,3.1
0.3,0.02,3.2,0.6084090428762853,0.473207033348222,0.63265838682,0.6299999999999999,0.7479661112638596,0.7511222751559081,0.3,0.02,3.2
0.3,0.02,3.3,0.514633244668946,0.45745177303906304,0.63265838682,0.6299999999999999,0.7230628449239453,0.7261139254588304,0.3,0.02,3.3
0.3,0.02,3.4,0.4083594976289157,0.4083594976289157,0.63265838682,0.6299999999999999,0.6454660305405856,0.6481896787760568,0.3,0.02,3.4
0.3,0.02,3.45,0.3898689595422709,0.3898689595422709,0.63265838682,0.6299999999999999,0.6162392970113174,0.618839618321065,0.3,0.02,3.45
0.3,0.02,3.5,0.28385577247401367,0.28385577247401367,0.63265838682,0.6299999999999999,0.448671476404176,0.4505647182127202,0.3,0.02,3.5
0.3,0.02,3.55,0.373887734028263,0.373887734028263,0.63265838682,0.6299999999999999,0.5909788628703332,0.5934725936956556,0.3,0.02,3.55
0.3,0.02,3.6,0.2835282214433174,0.2835282214433174,0.63265838682,0.6299999999999999,0.44815373881068155,0.4500447959417737,0.3,0.02,3.6
0.3,0.02,3.65,0.3270176686957616,0.3270176686957616,0.63265838682,0.6299999999999999,0.5168945445258163,0.519075664596447,0.3,0.02,3.65
0.3,0.02,3.7,0.31459181187431445,0.31459181187431445,0.63265838682,0.6299999999999999,0.497253839399145,0.49935208234018175,0.3,0.02,3.7
0.3,0.02,3.75,0.2758886364835739,0.2758886364835739,0.63265838682,0.6299999999999999,0.43607836745878475,0.4379184706088476,0.3,0.02,3.75
0.3,0.02,3.8,0.3021131487662975,0.3021131487662975,0.63265838682,0.6299999999999999,0.477529666973739,0.47954468058142474,0.3,0.02,3.8
0.3,0.02,3.85,0.30800439201393565,0.30800439201393565,0.63265838682,0.6299999999999999,0.4868415537207873,0.4888958603395805,0.3,0.02,3.85
0.3,0.02,3.9,0.2984655099194074,0.2984655099194074,0.63265838682,0.6299999999999999,0.4717640928141603,0.4737547776498531,0.3,0.02,3.9
0.3,0.02,4.0,0.2773091445739969,0.2773091445739969,0.63265838682,0.6299999999999999,0.438323667797824,0.44017324535555075,0.3,0.02,4.0
0.3,0.02,4.1,0.3080095423115432,0.3080095423115432,0.63265838682,0.6299999999999999,0.4868496944452523,0.48890403541514804,0.3,0.02,4.1
0.3,0.02,4.2,0.3034418581536414,0.3089261625318361,0.63265838682,0.6299999999999999,0.4882985335650499,0.4903589881457716,0.3,0.02,4.2
0.25,0.005,1.5,0.04884075202416189,0.050018897127093426,0.2155838100125,0.20750000000000002,0.23201601791986712,0.24105492591370323,0.25,0.005,1.5
0.25,0.005,1.6,0.04307867817619278,0.044117841151257185,0.2155838100125,0.20750000000000002,0.20464357295058078,0.21261610193376954,0.25,0.005,1.6
0.25,0.005,1.7,0.04236026595420346,0.04338210541806266,0.2155838100125,0.20750000000000002,0.2012308132765038,0.20907038755692844,0.25,0.005,1.7
0.25,0.005,1.75,0.045037551506671714,0.045037551506671714,0.2155838100125,0.20750000000000002,0.20890971128147492,0.21704844099600823,0.25,0.005,1.75
0.25,0.005,1.8,0.05716736423434416,0.05716736423434416,0.2155838100125,0.20750000000000002,0.2651746633062542,0.2755053698040682,0.25,0.005,1.8
0.25,0.005,1.85,0.06439110267503068,0.06439110267503068,0.2155838100125,0.20750000000000002,0.298682459834517,0.3103185671085815,0.25,0.005,1.85
0.25,0.005,1.9,0.07230061501695223,0.07230061501695223,0.2155838100125,0.20750000000000002,0.3353712647195543,0.34843669887687817,0.25,0.005,1.9
0.25,0.005,1.95,0.08113043761884291,0.08113043761884291,0.2155838100125,0.20750000000000002,0.37632899063310365,0.39099006081370075,0.25,0.005,1.95
0.25,0.005,2.0,0.09128539993882566,0.09128539993882566,0.2155838100125,0.20750000000000002,0.42343346624003325,0.43992963825940073,0.25,0.005,2.0
0.25,0.005,2.05,0.10422421171857299,0.10422421171857299,0.2155838100125,0.20750000000000002,0.48345101477021796,0.5022853576798698,0.25,0.005,2.05
0.25,0.005,2.1,0.09713854574565717,0.09713854574565717,0.2155838100125,0.20750000000000002,0.45058367666859994,0.46813756985858873,0.25,0.005,2.1
0.25,0.005,2.15,0.1405713029723679,0.105428477229276,0.2155838100125,0.20750000000000002,0.4890370813242564,0.508089046888077,0.25,0.005,2.15
0.25,0.005,2.2,0.22079793396222538,0.11039896698111244,0.2155838100125,0.20750000000000002,0.5120930322861966,0.5320432143668069,0.25,0.005,2.2
0.25,0.005,2.25,0.4356350899459884,0.1089087724864971,0.2155838100125,0.20750000000000002,0.505180664912557,0.5248615541517931,0.25,0.005,2.25
0.25,0.005,2.3,0.45415042245896403,0.11353760561474101,0.2155838100125,0.20750000000000002,0.5266518186507506,0.5471691836854988,0.25,0.005,2.3
0.25,0.005,2.35,0.4540277236482687,0.11350693091206718,0.2155838100125,0.20750000000000002,0.5265095319796316,0.5470213537930948,0.25,0.005,2.35
0.25,0.005,2.4,0.3825762102638982,0.09564405256597455,0.2155838100125,0.20750000000000002,0.4436513695552041,0.46093519308903397,0.25,0.005,2.4
0.25,0.005,2.45,0.3807663770373969,0.09519159425934923,0.2155838100125,0.20750000000000002,0.44155261127368434,0.45875467112939383,0.25,0.005,2.45
0.25,0.005,2.5,0.3661022709245435,0.0925453714518495,0.2155838100125,0.20750000000000002,0.4292779288318707,0.44600179012939517,0.25,0.005,2.5
0.25,0.005,2.55,0.3618553417073052,0.1109282779358114,0.2155838100125,0.20750000000000002,0.5145482767438777,0.5345941105340308,0.25,0.005,2.55
0.25,0.005,2.6,0.31132271635517617,0.12122169325867165,0.2155838100125,0.20750000000000002,0.5622949759151347,0.5842009313670922,0.25,0.005,2.6
0.25,0.005,2.65,0.2640275647710885,0.14086327838234133,0.2155838100125,0.20750000000000002,0.6534037893391614,0.6788591729269461,0.25,0.005,2.65
0.25,0.005,2.7,0.24843398377891393,0.21044860062261425,0.2155838100125,0.20750000000000002,0.9761799859201487,1.0142101234824783,0.25,0.005,2.7
0.25,0.005,2.75,0.20661108420195065,0.20661108420195065,0.2155838100125,0.20750000000000002,0.9583794079433465,0.9957160684431355,0.25,0.005,2.75
0.25,0.005,2.8,0.18210184673776686,0.18210184673776686,0.2155838100125,0.20750000000000002,0.8446916618052545,0.8775992613868282,0.25,0.005,2.8
0.25,0.005,2.85,0.18439836178449698,0.18439836178449698,0.2155838100125,0.20750000000000002,0.8553442012821147,0.8886668037807083,0.25,0.005,2.85
0.25,0.005,2.9,0.16238580625952861,0.16238580625952861,0.2155838100125,0.20750000000000002,0.7532374822121993,0.7825821988411017,0.25,0.005,2.9
0.25,0.005,2.95,0.1977495672775379,0.1977495672775379,0.2155838100125,0.20750000000000002,0.9172746657834462,0.9530099627833151,0.25,0.005,2.95
0.25,0.005,3.0,0.16885029550720831,0.16885029550720831,0.2155838100125,0.20750000000000002,0.7832234503018479,0.8137363638901605,0.25,0.005,3.0
0.25,0.005,3.1,0.20280827199456833,0.1352055146630456,0.2155838100125,0.20750000000000002,0.6271598718623912,0.6515928417496173,0.25,0.005,3.1
0.25,0.005,3.2,0.13477495322128225,0.10482496361655289,0.2155838100125,0.20750000000000002,0.4862376428474611,0.5051805475496525,0.25,0.005,3.2
0.25,0.005,3.3,0.09763213107102992,0.08678411650758214,0.2155838100125,0.20750000000000002,0.4025539603486469,0.4182367060606368,0.25,0.005,3.3
0.25,0.005,3.4,0.09545433220013148,0.09545433220013148,0.2155838100125,0.20750000000000002,0.4427713388802102,0.4600208780729228,0.25,0.005,3.4
0.25,0.005,3.45,0.09693480267537428,0.09693480267537428,0.2155838100125,0.20750000000000002,0.4496386007360841,0.4671556755439724,0.25,0.005,3.45
0.25,0.005,3.5,0.10194347396446778,0.10194347396446778,0.2155838100125,0.20750000000000002,0.4728716593261659,0.49129385043116997,0.25,0.005,3.5
0.25,0.005,3.55,0.08488900007956594,0.08488900007956594,0.2155838100125,0.20750000000000002,0.39376333535734387,0.4091036148412816,0.25,0.005,3.55
0.25,0.005,3.6,0.1000248104765668,0.1000248104765668,0.2155838100125,0.20750000000000002,0.46397180971413005,0.4820472794051412,0.25,0.005,3.6
0.25,0.005,3.65,0.10108794438793468,0.10108794438793468,0.2155838100125,0.20750000000000002,0.4689032278540462,0.487170816327396,0.25,0.005,3.65
0.25,0.005,3.7,0.09682439177726725,0.09682439177726725,0.2155838100125,0.20750000000000002,0.44912645236046794,0.46662357483020356,0.25,0.005,3.7
0.25,0.005,3.75,0.10408846531954292,0.10408846531954292,0.2155838100125,0.20750000000000002,0.48282134596984655,0.5016311581664719,0.25,0.005,3.75
0.25,0.005,3.8,0.10159668348748956,0.10159668348748956,0.2155838100125,0.20750000000000002,0.4712630483782561,0.489622571024046,0.25,0.005,3.8
0.25,0.005,3.85,0.09674634471092841,0.09674634471092841,0.2155838100125,0.20750000000000002,0.4487644257948631,0.4662474443900164,0.25,0.005,3.85
0.25,0.005,3.9,0.10037655116153982,0.10037655116153982,0.2155838100125,0.20750000000000002,0.4656033825347079,0.48374241523633643,0.25,0.005,3.9
0.25,0.005,4.0,0.10347181226922697,0.10347181226922697,0.2155838100125,0.20750000000000002,0.47996095932819566,0.49865933623723835,0.25,0.005,4.0
0.25,0.005,4.1,0.09708655756841333,0.09708655756841333,0.2155838100125,0.20750000000000002,0.45034252601243135,0.4678870244260883,0.25,0.005,4.1
0.25,0.005,4.2,0.10156762322957186,0.10340332171939172,0.2155838100125,0.20750000000000002,0.479643261307035,0.4983292612982733,0.25,0.005,4.2
0.3,0.005,1.5,0.04884075202416189,0.050018897127093426,0.21852912895499998,0.21000000000000002,0.2288889237159474,0.23818522441473058,0.3,0.005,1.5
0.3,0.005,1.6,0.04307867817619278,0.044117841151257185,0.21852912895499998,0.21000000000000002,0.20188540247347087,0.21008495786312945,0.3,0.005,1.6
0.3,0.005,1.7,0.04236026595420346,0.04338210541806266,0.21852912895499998,0.21000000000000002,0.1985186397141408,0.20658145437172692,0.3,0.005,1.7
0.3,0.005,1.75,0.045037551506671714,0.045037551506671714,0.21852912895499998,0.21000000000000002,0.20609404211713098,0.214464530984151,0.3,0.005,1.75
0.3,0.005,1.8,0.05716736423434416,0.05716736423434416,0.21852912895499998,0.21000000000000002,0.2616006594073607,0.2722255439730674,0.3,0.005,1.8
0.3,0.005,1.85,0.06439110267503068,0.06439110267503068,0.21852912895499998,0.21000000000000002,0.29465684040817386,0.306624298452527,0.3,0.005,1.85
0.3,0.005,1.9,0.07230061501695223,0.07230061501695223,0.21852912895499998,0.21000000000000002,0.3308511563776037,0.3442886429378677,0.3,0.005,1.9
0.3,0.005,1.95,0.08113043761884291,0.08113043761884291,0.21852912895499998,0.21000000000000002,0.3712568571833253,0.38633541723258524,0.3,0.005,1.95
0.3,0.005,2.0,0.09128539993882566,0.09128539993882566,0.21852912895499998,0.21000000000000002,0.41772646225860055,0.4346923806610745,0.3,0.005,2.0
0.3,0.005,2.05,0.10422421171857299,0.10422421171857299,0.21852912895499998,0.21000000000000002,0.47693509884458046,0.4963057700884428,0.3,0.005,2.05
0.3,0.005,2.1,0.09713854574565717,0.09713854574565717,0.21852912895499998,0.21000000000000002,0.44451074422055725,0.46256450355074835,0.3,0.005,2.1
0.3,0.005,2.15,0.1405713029723679,0.105428477229276,0.21852912895499998,0.21000000000000002,0.4824458768194059,0.5020403677584571,0.3,0.005,2.15
0.3,0.005,2.2,0.22079793396222538,0.11039896698111244,0.21852912895499998,0.21000000000000002,0.5051910814317392,0.5257093665767258,0.3,0.005,2.2
0.3,0.005,2.25,0.4356350899459884,0.1089087724864971,0.21852912895499998,0.21000000000000002,0.49837187841866076,0.5186132023166528,0.3,0.005,2.25
0.3,0.005,2.3,0.45415042245896403,0.11353760561474101,0.21852912895499998,0.21000000000000002,0.5195536455834266,0.5406552648321,0.3,0.005,2.3
0.3,0.005,2.35,0.4540277236482687,0.11350693091206718,0.21852912895499998,0.21000000000000002,0.5194132766412151,0.5405091948193674,0.3,0.005,2.35
0.3,0.005,2.4,0.3825762102638982,0.09564405256597455,0.21852912895499998,0.21000000000000002,0.4376718702140152,0.45544786936178355,0.3,0.005,2.4
0.3,0.005,2.45,0.3807663770373969,0.09519159425934923,0.21852912895499998,0.21000000000000002,0.43560139883663423,0.45329330599690104,0.3,0.005,2.45
0.3,0.005,2.5,0.3661022709245435,0.0925453714518495,0.21852912895499998,0.21000000000000002,0.423492153629124,0.4406922450088071,0.3,0.005,2.5
0.3,0.005,2.55,0.3618553417073052,0.1109282779358114,0.21852912895499998,0.21000000000000002,0.5076132342917726,0.5282298949324352,0.3,0.005,2.55
0.3,0.005,2.6,0.31132271635517617,0.12122169325867165,0.21852912895499998,0.21000000000000002,0.5547164070911292,0.5772461583746268,0.3,0.005,2.6
0.3,0.005,2.65,0.2640275647710885,0.14086327838234133,0.21852912895499998,0.21000000000000002,0.6445972628726682,0.6707775161063873,0.3,0.005,2.65
0.3,0.005,2.7,0.24843398377891393,0.21044860062261425,0.21852912895499998,0.21000000000000002,0.9630231064800076,1.0021361934410202,0.3,0.005,2.7
0.3,0.005,2.75,0.20661108420195065,0.20661108420195065,0.21852912895499998,0.21000000000000002,0.9454624433363137,0.9838623057235745,0.3,0.005,2.75
0.3,0.005,2.8,0.18210184673776686,0.18210184673776686,0.21852912895499998,0.21000000000000002,0.8333069719747325,0.867151651132223,0.3,0.005,2.8
0.3,0.005,2.85,0.18439836178449698,0.18439836178449698,0.21852912895499998,0.21000000000000002,0.8438159373365219,0.8780874370690331,0.3,0.005,2.85
0.3,0.005,2.9,0.16238580625952861,0.16238580625952861,0.21852912895499998,0.21000000000000002,0.7430854048430654,0.7732657440929933,0.3,0.005,2.9
0.3,0.005,2.95,0.1977495672775379,0.1977495672775379,0.21852912895499998,0.21000000000000002,0.904911707758003,0.9416646060835137,0.3,0.005,2.95
0.3,0.005,3.0,0.16885029550720831,0.16885029550720831,0.21852912895499998,0.21000000000000002,0.7726672243405059,0.8040490262248015,0.3,0.005,3.0
0.3,0.005,3.1,0.20280827199456833,0.1352055146630456,0.21852912895499998,0.21000000000000002,0.6187070589151866,0.6438357841097408,0.3,0.005,3.1
0.3,0.005,3.2,0.13477495322128225,0.10482496361655289,0.21852912895499998,0.21000000000000002,0.4796841689610115,0.4991664934121566,0.3,0.005,3.2
0.3,0.005,3.3,0.09763213107102992,0.08678411650758214,0.21852912895499998,0.21000000000000002,0.39712836875606145,0.413257697655153,0.3,0.005,3.3
0.3,0.005,3.4,0.09545433220013148,0.09545433220013148,0.21852912895499998,0.21000000000000002,0.4368037005253778,0.4545444390482451,0.3,0.005,3.4
0.3,0.005,3.45,0.09693480267537428,0.09693480267537428,0.21852912895499998,0.21000000000000002,0.44357840594942066,0.4615942984541632,0.3,0.005,3.45
0.3,0.005,3.5,0.10194347396446778,0.10194347396446778,0.21852912895499998,0.21000000000000002,0.4664983311467837,0.4854451141165132,0.3,0.005,3.5
0.3,0.005,3.55,0.08488900007956594,0.08488900007956594,0.21852912895499998,0.21000000000000002,0.3884562231383189,0.40423333371221876,0.3,0.005,3.55
0.3,0.005,3.6,0.1000248104765668,0.1000248104765668,0.21852912895499998,0.21000000000000002,0.4577184330294207,0.47630862131698476,0.3,0.005,3.6
0.3,0.005,3.65,0.10108794438793468,0.10108794438793468,0.21852912895499998,0.21000000000000002,0.4625833858915483,0.4813711637520699,0.3,0.005,3.65
0.3,0.005,3.7,0.09682439177726725,0.09682439177726725,0.21852912895499998,0.21000000000000002,0.4430731602705722,0.4610685322727011,0.3,0.005,3.7
0.3,0.005,3.75,0.10408846531954292,0.10408846531954292,0.21852912895499998,0.21000000000000002,0.4763139166723035,0.49565935866449007,0.3,0.005,3.75
0.3,0.005,3.8,0.10159668348748956,0.10159668348748956,0.21852912895499998,0.21000000000000002,0.46491140093461214,0.48379373089280736,0.3,0.005,3.8
0.3,0.005,3.85,0.09674634471092841,0.09674634471092841,0.21852912895499998,0.21000000000000002,0.4427160130714228,0.46069687957584954,0.3,0.005,3.85
0.3,0.005,3.9,0.10037655116153982,0.10037655116153982,0.21852912895499998,0.21000000000000002,0.45932801563589076,0.4779835769597134,0.3,0.005,3.9
0.3,0.005,4.0,0.10347181226922697,0.10347181226922697,0.21852912895499998,0.21000000000000002,0.4734920821037735,0.49272291556774744,0.3,0.005,4.0
0.3,0.005,4.1,0.09708655756841333,0.09708655756841333,0.21852912895499998,0.21000000000000002,0.4442728437745506,0.4623169408019682,0.3,0.005,4.1
0.3,0.005,4.2,0.10156762322957186,0.10340332171939172,0.21852912895499998,0.21000000000000002,0.4731786659923253,0.49239677009234145,0.3,0.005,4.2
