xi_b,bridge_frequency,chi_upper_env_fit
0.005,1.5,0.06030676686277138
0.005,1.5019346230820547,0.06055468352326539
0.005,1.5038692461641094,0.0608037859990337
0.005,1.5058038692461642,0.061054082306723656
0.005,1.5077384923282189,0.06130558053619989
0.005,1.5096731154102736,0.06155828885136362
0.005,1.5116077384923283,0.06181221549098376
0.005,1.5135423615743828,0.06206736876953811
0.005,1.5154769846564375,0.06232375707806652
0.005,1.5174116077384923,0.0625813888850344
0.005,1.519346230820547,0.06284027273720902
0.005,1.5212808539026017,0.06310041726054622
0.005,1.5232154769846564,0.06336183116108994
0.005,1.5251501000667111,0.06362452322588322
0.005,1.5270847231487659,0.06388850232389183
0.005,1.5290193462308206,0.06415377740694003
0.005,1.5309539693128753,0.06442035751065878
0.005,1.53288859239493,0.06468825175544762
0.005,1.5348232154769847,0.06495746934744835
0.005,1.5367578385590395,0.06522801957953289
0.005,1.538692461641094,0.06549991183230404
0.005,1.5406270847231487,0.06577315557510997
0.005,1.5425617078052034,0.06604776036707272
0.005,1.5444963308872581,0.0663237358581303
0.005,1.5464309539693128,0.06660109179009377
0.005,1.5483655770513676,0.06687983799771804
0.005,1.5503002001334223,0.06715998440978792
0.005,1.552234823215477,0.06744154105021898
0.005,1.5541694462975317,0.06772451803917327
0.005,1.5561040693795865,0.0680089255941912
0.005,1.5580386924616412,0.06829477403133834
0.005,1.559973315543696,0.0685820737663685
0.005,1.5619079386257506,0.06887083531590306
0.005,1.5638425617078051,0.06916106929862631
0.005,1.5657771847898598,0.06945278643649813
0.005,1.5677118078719146,0.06974599755598287
0.005,1.5696464309539693,0.07004071358929621
0.005,1.571581054036024,0.07033694557566894
0.005,1.5735156771180787,0.07063470466262878
0.005,1.5754503002001334,0.07093400210730014
0.005,1.5773849232821882,0.07123484927772274
0.005,1.5793195463642429,0.07153725765418785
0.005,1.5812541694462976,0.07184123883059461
0.005,1.5831887925283523,0.0721468045158251
0.005,1.585123415610407,0.07245396653513858
0.005,1.5870580386924615,0.07276273683158674
0.005,1.5889926617745163,0.07307312746744789
0.005,1.590927284856571,0.07338515062568267
0.005,1.5928619079386257,0.07369881861141016
0.005,1.5947965310206804,0.0740141438534054
0.005,1.5967311541027351,0.07433113890561836
0.005,1.5986657771847899,0.074649816448715
0.005,1.6006004002668446,0.07497018929164048
0.005,1.6025350233488993,0.07529227037320521
0.005,1.604469646430954,0.07561607276369371
0.005,1.6064042695130087,0.07594160966649713
0.005,1.6083388925950635,0.07626889441976939
0.005,1.6102735156771182,0.0765979404981073
0.005,1.612208138759173,0.07692876151425644
0.005,1.6141427618412274,0.07726137122083998
0.005,1.6160773849232821,0.07759578351211527
0.005,1.6180120080053368,0.07793201242575465
0.005,1.6199466310873916,0.07827007214465274
0.005,1.6218812541694463,0.07860997699876177
0.005,1.623815877251501,0.07895174146695212
0.005,1.6257505003335557,0.07929538017890223
0.005,1.6276851234156104,0.07964090791701563
0.005,1.6296197464976652,0.07998833961836664
0.005,1.6315543695797199,0.08033769037667614
0.005,1.6334889926617746,0.08068897544431505
0.005,1.6354236157438293,0.08104221023433998
0.005,1.6373582388258838,0.08139741032255753
0.005,1.6392928619079385,0.08175459144962145
0.005,1.6412274849899933,0.08211376952316012
0.005,1.643162108072048,0.08247496061993666
0.005,1.6450967311541027,0.08283818098804221
0.005,1.6470313542361574,0.08320344704912175
0.005,1.6489659773182122,0.0835707754006344
0.005,1.6509006004002669,0.08394018281814786
0.005,1.6528352234823216,0.08431168625766795
0.005,1.6547698465643763,0.08468530285800406
0.005,1.656704469646431,0.08506104994317047
0.005,1.6586390927284858,0.08543894502482476
0.005,1.6605737158105405,0.08581900580474419
0.005,1.6625083388925952,0.08620125017733961
0.005,1.66444296197465,0.08658569623220856
0.005,1.6663775850567044,0.08697236225672816
0.005,1.6683122081387591,0.08736126673868784
0.005,1.6702468312208139,0.08775242836896358
0.005,1.6721814543028686,0.08814586604423288
0.005,1.6741160773849233,0.0885415988697333
0.005,1.676050700466978,0.08893964616206372
0.005,1.6779853235490327,0.08934002745202888
0.005,1.6799199466310875,0.08974276248753
0.005,1.6818545697131422,0.09014787123649945
0.005,1.683789192795197,0.0905553738898828
0.005,1.6857238158772516,0.0909652908646677
0.005,1.6876584389593061,0.09137764280696045
0.005,1.6895930620413608,0.09179245059511186
0.005,1.6915276851234156,0.09220973534289263
0.005,1.6934623082054703,0.09262951840271925
0.005,1.695396931287525,0.0930518213689317
0.005,1.6973315543695797,0.09347666608112327
0.005,1.6992661774516344,0.09390407462752409
0.005,1.7012008005336892,0.09433406934843895
0.005,1.7031354236157439,0.09476667283974001
0.005,1.7050700466977986,0.09520190795641686
0.005,1.7070046697798533,0.09563979781618284
0.005,1.708939292861908,0.09608036580314068
0.005,1.7108739159439628,0.09652363557150705
0.005,1.7128085390260175,0.09696963104939754
0.005,1.714743162108072,0.09741837644267455
0.005,1.7166777851901267,0.09786989623885606
0.005,1.7186124082721814,0.09832421521109
0.005,1.7205470313542361,0.098781358422193
0.005,1.7224816544362909,0.09924135122875517
0.005,1.7244162775183456,0.09970421928531374
0.005,1.7263509006004003,0.10016998854859346
0.005,1.728285523682455,0.10063868528181912
0.005,1.7302201467645097,0.10111033605909799
0.005,1.7321547698465645,0.10158496776987558
0.005,1.7340893929286192,0.10206260762346547
0.005,1.736024016010674,0.10254328315365395
0.005,1.7379586390927284,0.10302702222338214
0.005,1.7398932621747831,0.10351385302950637
0.005,1.7418278852568378,0.10400380410763732
0.005,1.7437625083388926,0.10449690433706153
0.005,1.7456971314209473,0.10499318294574482
0.005,1.747631754503002,0.10549266951542
0.005,1.7495663775850567,0.10599539398676115
0.005,1.7515010006671115,0.10650138666464432
0.005,1.7534356237491662,0.10701067822349801
0.005,1.755370246831221,0.1075232997127443
0.005,1.7573048699132756,0.10803928256233157
0.005,1.7592394929953303,0.10855865858836364
0.005,1.761174116077385,0.10908145999882177
0.005,1.7631087391594398,0.10960771939938765
0.005,1.7650433622414945,0.1101374697993635
0.005,1.766977985323549,0.11067074461769483
0.005,1.7689126084056037,0.11120757768909781
0.005,1.7708472314876584,0.11174800327028907
0.005,1.7727818545697132,0.11229205604632603
0.005,1.7747164776517679,0.11283977113705494
0.005,1.7766511007338226,0.113391184103671
0.005,1.7785857238158773,0.11394633095539232
0.005,1.780520346897932,0.114505248156249
0.005,1.7824549699799868,0.11506797263199192
0.005,1.7843895930620415,0.11563454177711947
0.005,1.786324216144096,0.11620499346202928
0.005,1.7882588392261507,0.11677936604029356
0.005,1.7901934623082054,0.11735769835606197
0.005,1.7921280853902601,0.11794002975159437
0.005,1.7940627084723149,0.11852640007492633
0.005,1.7959973315543696,0.11911684968766911
0.005,1.7979319546364243,0.11971141947294672
0.005,1.799866577718479,0.12031015084347378
0.005,1.8018012008005337,0.12091308574977526
0.005,1.8037358238825885,0.12152026668855312
0.005,1.8056704469646432,0.12213173671119905
0.005,1.807605070046698,0.12274753943246128
0.005,1.8095396931287526,0.12336771903926215
0.005,1.8114743162108073,0.12399232029967569
0.005,1.813408939292862,0.12462138857206331
0.005,1.8153435623749168,0.12525496981437317
0.005,1.8172781854569713,0.1258931105936065
0.005,1.819212808539026,0.12653585809545204
0.005,1.8211474316210807,0.12718326013409428
0.005,1.8230820547031354,0.12783536516219746
0.005,1.8250166777851902,0.12849222228106852
0.005,1.8269513008672449,0.12915388125100397
0.005,1.8288859239492996,0.12982039250182176
0.005,1.8308205470313543,0.13049180714358444
0.005,1.832755170113409,0.1311681769775151
0.005,1.8346897931954638,0.13184955450711083
0.005,1.8366244162775183,0.13253599294945742
0.005,1.838559039359573,0.13322754624674898
0.005,1.8404936624416277,0.13392426907801622
0.005,1.8424282855236824,0.13462621687106782
0.005,1.8443629086057372,0.1353334458146489
0.005,1.8462975316877919,0.1360460128708194
0.005,1.8482321547698466,0.13676397578756022
0.005,1.8501667778519013,0.13748739311160527
0.005,1.852101400933956,0.13821632420151153
0.005,1.8540360240160108,0.13895082924096333
0.005,1.8559706470980655,0.139690969252323
0.005,1.8579052701801202,0.14043680611042672
0.005,1.859839893262175,0.14118840255663254
0.005,1.8617745163442296,0.1419458222131271
0.005,1.8637091394262844,0.142709129597491
0.005,1.865643762508339,0.14347839013753308
0.005,1.8675783855903936,0.14425367018639487
0.005,1.8695130086724483,0.14503503703793197
0.005,1.871447631754503,0.14582255894237683
0.005,1.8733822548365577,0.14661630512228777
0.005,1.8753168779186125,0.14741634578879112
0.005,1.8772515010006672,0.14822275215812006
0.005,1.879186124082722,0.14903559646845566
0.005,1.8811207471647766,0.14985495199707716
0.005,1.8830553702468313,0.1506808930778256
0.005,1.884989993328886,0.1515134951188863
0.005,1.8869246164109406,0.15235283462089727
0.005,1.8888592394929953,0.15319898919538863
0.005,1.89079386257505,0.15405203758355718
0.005,1.8927284856571047,0.15491205967538538
0.005,1.8946631087391594,0.155779136529107
0.005,1.8965977318212142,0.15665335039103004
0.005,1.8985323549032689,0.15753478471571633
0.005,1.9004669779853236,0.15842352418653152
0.005,1.9024016010673783,0.159319654736566
0.005,1.904336224149433,0.16022326356993455
0.005,1.9062708472314878,0.16113443918346337
0.005,1.9082054703135425,0.1620532713887656
0.005,1.9101400933955972,0.1629798513347178
0.005,1.912074716477652,0.16391427153033888
0.005,1.9140093395597066,0.16485662586807975
0.005,1.9159439626417614,0.16580700964753095
0.005,1.9178785857238159,0.16676551959955124
0.005,1.9198132088058706,0.16773225391082972
0.005,1.9217478318879253,0.1687073122488798
0.005,1.92368245496998,0.169690795787478
0.005,1.9256170780520347,0.17068280723255094
0.005,1.9275517011340895,0.17168345084851694
0.005,1.9294863242161442,0.17269283248508766
0.005,1.931420947298199,0.17371105960453906
0.005,1.9333555703802536,0.17473824130945423
0.005,1.9352901934623084,0.17577448837094475
0.005,1.9372248165443628,0.17681991325735782
0.005,1.9391594396264176,0.17787463016347368
0.005,1.9410940627084723,0.1789387550402
0.005,1.943028685790527,0.18001240562476503
0.005,1.9449633088725817,0.181095701471421
0.005,1.9468979319546365,0.18218876398265654
0.005,1.9488325550366912,0.18329171644092515
0.005,1.950767178118746,0.1844046840408971
0.005,1.9527018012008006,0.18552779392223206
0.005,1.9546364242828553,0.18666117520288433
0.005,1.95657104736491,0.18780495901293648
0.005,1.9585056704469648,0.1889592785289708
0.005,1.9604402935290195,0.19012426900897736
0.005,1.9623749166110742,0.19130006782780098
0.005,1.964309539693129,0.19248681451313257
0.005,1.9662441627751837,0.19368465078203823
0.005,1.9681787858572382,0.19489372057803575
0.005,1.9701134089392929,0.1961141701087124
0.005,1.9720480320213476,0.19734614788388333
0.005,1.9739826551034023,0.19858980475429064
0.005,1.975917278185457,0.19984529395084172
0.005,1.9778519012675118,0.2011127711243798
0.005,1.9797865243495665,0.20239239438598447
0.005,1.9817211474316212,0.20368432434779699
0.005,1.983655770513676,0.20498872416436334
0.005,1.9855903935957306,0.20630575957448635
0.005,1.9875250166777851,0.2076355989435783
0.005,1.9894596397598399,0.2089784133065058
0.005,1.9913942628418946,0.21033437641090963
0.005,1.9933288859239493,0.21170366476098967
0.005,1.995263509006004,0.213086457661742
0.005,1.9971981320880587,0.21448293726362125
0.005,1.9991327551701135,0.21589328860762239
0.005,2.001067378252168,0.21731769967074602
0.005,2.003002001334223,0.21875636141183705
0.005,2.0049366244162776,0.22020946781775985
0.005,2.0068712474983323,0.22167721594988607
0.005,2.008805870580387,0.22315980599086513
0.005,2.010740493662442,0.22465744129163567
0.005,2.0126751167444965,0.2261703284186484
0.005,2.0146097398265512,0.22769867720125372
0.005,2.016544362908606,0.22924270077920944
0.005,2.0184789859906607,0.2308026156502623
0.005,2.0204136090727154,0.23237864171774827
0.005,2.02234823215477,0.23397100233815224
0.005,2.024282855236825,0.23557992436857064
0.005,2.0262174783188796,0.2372056382140024
0.005,2.0281521014009343,0.23884837787440105
0.005,2.030086724482989,0.24050838099140578
0.005,2.0320213475650437,0.24218588889466897
0.005,2.033955970647098,0.24388114664768898
0.005,2.0358905937291527,0.24559440309304834
0.005,2.0378252168112074,0.24732591089695208
0.005,2.039759839893262,0.24907592659295713
0.005,2.041694462975317,0.25084471062476177
0.005,2.0436290860573716,0.25263252738793734
0.005,2.0455637091394263,0.2544396452704471
0.005,2.047498332221481,0.25626633669181714
0.005,2.0494329553035358,0.2581128781407873
0.005,2.0513675783855905,0.2599795502112726
0.005,2.053302201467645,0.2618666376364592
0.005,2.0552368245497,0.26377442932082024
0.005,2.0571714476317546,0.26570321836986244
0.005,2.0591060707138094,0.26765330211736066
0.005,2.061040693795864,0.26962498214984887
0.005,2.062975316877919,0.2716185643281101
0.005,2.0649099399599735,0.2736343588053897
0.005,2.0668445630420282,0.2756726800420419
0.005,2.068779186124083,0.2777338468162947
0.005,2.0707138092061372,0.2798181822308086
0.005,2.072648432288192,0.28192601371466836
0.005,2.0745830553702467,0.28405767302043405
0.005,2.0765176784523014,0.2862134962158505
0.005,2.078452301534356,0.2883938236697944
0.005,2.080386924616411,0.2905990000319938
0.005,2.0823215476984656,0.29282937420604965
0.005,2.0842561707805203,0.2950852993152411
0.005,2.086190793862575,0.2973671326605685
0.005,2.0881254169446297,0.2996752356704656
0.005,2.0900600400266844,0.30200997384155076
0.005,2.091994663108739,0.3043717166697845
0.005,2.093929286190794,0.30676083757132816
0.005,2.0958639092728486,0.3091777137923762
0.005,2.0977985323549033,0.3116227263071915
0.005,2.099733155436958,0.3140962597035062
0.005,2.1016677785190128,0.31659870205443624
0.005,2.1036024016010675,0.31913044477597086
0.005,2.105537024683122,0.3216918824690717
0.005,2.107471647765177,0.3242834127453457
0.005,2.1094062708472316,0.32690543603520467
0.005,2.1113408939292864,0.32955835537735745
0.005,2.113275517011341,0.3322425761884181
0.005,2.115210140093396,0.3349585060113552
0.005,2.1171447631754505,0.3377065542414168
0.005,2.1190793862575052,0.3404871318281182
0.005,2.12101400933956,0.3433006509517824
0.005,2.1229486324216147,0.346147524673061
0.005,2.1248832555036694,0.3490281665537651
0.005,2.126817878585724,0.35194299024727294
0.005,2.128752501667779,0.3548924090566671
0.005,2.1306871247498336,0.35787683545869164
0.005,2.1326217478318883,0.36089668059150787
0.005,2.1345563709139426,0.3639523537041353
0.005,2.1364909939959973,0.3670442615653868
0.005,2.138425617078052,0.37017280782996925
0.005,2.1403602401601067,0.37333839235936556
0.005,2.1422948632421615,0.3765414104949855
0.005,2.144229486324216,0.3797822522809641
0.005,2.146164109406271,0.3830613016339234
0.005,2.1480987324883256,0.38637893545685137
0.005,2.1500333555703803,0.3897355226942217
0.005,2.151967978652435,0.3931314233253109
0.005,2.1539026017344898,0.39656698729263146
0.005,2.1558372248165445,0.40004255336227107
0.005,2.157771847898599,0.4035584479128548
0.005,2.159706470980654,0.4071149836497833
0.005,2.1616410940627087,0.4107124582412927
0.005,2.1635757171447634,0.4143511528728654
0.005,2.165510340226818,0.4180313307164381
0.005,2.167444963308873,0.42175323531083814
0.005,2.1693795863909275,0.4255170888498527
0.005,2.171314209472982,0.4293230903743506
0.005,2.1732488325550365,0.43317141386487584
0.005,2.1751834556370913,0.43706220623120523
0.005,2.177118078719146,0.4409955851954434
0.005,2.1790527018012007,0.44497163706529713
0.005,2.1809873248832554,0.44899041439439397
0.005,2.18292194796531,0.4530519335266104
0.005,2.184856571047365,0.45715617202169123
0.005,2.1867911941294196,0.4613030659596775
0.005,2.1887258172114743,0.4654925071220066
0.005,2.190660440293529,0.46972434004759334
0.005,2.1925950633755837,0.47399835896261244
0.005,2.1945296864576385,0.47831430458330987
0.005,2.196464309539693,0.4826718607917604
0.005,2.198398932621748,0.4870706511852145
0.005,2.2003335557038026,0.49151023550051126
0.005,2.2022681787858573,0.49599010591590914
0.005,2.204202801867912,0.5005096832337488
0.005,2.206137424949967,0.5050683129484633
0.005,2.2080720480320215,0.5096652612057474
0.005,2.2100066711140762,0.5142997106600458
0.005,2.211941294196131,0.5189707562390831
0.005,2.2138759172781857,0.5236774008257787
0.005,2.2158105403602404,0.5284185508697352
0.005,2.217745163442295,0.5331930119423699
0.005,2.21967978652435,0.5379994842519407
0.005,2.2216144096064045,0.5428365581368577
0.005,2.2235490326884593,0.5477027095581192
0.005,2.225483655770514,0.5525962956141862
0.005,2.2274182788525687,0.5575155501042474
0.005,2.2293529019346234,0.5624585791685975
0.005,2.231287525016678,0.5674233570376608
0.005,2.233222148098733,0.5724077219241638
0.005,2.235156771180787,0.5774093720958802
0.005,2.237091394262842,0.5824258621694244
0.005,2.2390260173448966,0.5874545996684929
0.005,2.2409606404269513,0.5924928418929288
0.005,2.242895263509006,0.5975376931477827
0.005,2.2448298865910608,0.6025861023841945
0.005,2.2467645096731155,0.607634861306406
0.005,2.24869913275517,0.6126806030013523
0.005,2.250633755837225,0.6177198011490994
0.005,2.2525683789192796,0.622748769873788
0.005,2.2545030020013344,0.6277636642956117
0.005,2.256437625083389,0.6327604818446314
0.005,2.258372248165444,0.6377350643968539
0.005,2.2603068712474985,0.6426831012917747
0.005,2.2622414943295532,0.6476001332886481
0.005,2.264176117411608,0.6524815575157167
0.005,2.2661107404936627,0.6573226334627086
0.005,2.2680453635757174,0.6621184900618612
0.005,2.269979986657772,0.6668641338965491
0.005,2.2719146097398264,0.6715544585692511
0.005,2.273849232821881,0.6761842552520843
0.005,2.275783855903936,0.6807482244333214
0.005,2.2777184789859906,0.6852409888625306
0.005,2.2796531020680453,0.6896571076848291
0.005,2.2815877251501,0.6939910917417954
0.005,2.2835223482321547,0.6982374200025526
0.005,2.2854569713142094,0.7023905570738069
0.005,2.287391594396264,0.7064449717222772
0.005,2.289326217478319,0.710395156327251
0.005,2.2912608405603736,0.7142356471651022
0.005,2.2931954636424283,0.7179610454119197
0.005,2.295130086724483,0.7215660387350833
0.005,2.2970647098065378,0.7250454233300726
0.005,2.2989993328885925,0.7283941262453412
0.005,2.300933955970647,0.7316072278259861
0.005,2.302868579052702,0.7346799840966214
0.005,2.3048032021347566,0.7376078488955282
0.005,2.3067378252168114,0.7403864955661869
0.005,2.308672448298866,0.7430118380088806
0.005,2.310607071380921,0.7454800508943954
0.005,2.3125416944629755,0.7477875888441922
0.005,2.3144763175450302,0.7499312043867089
0.005,2.316410940627085,0.751907964507878
0.005,2.3183455637091397,0.753715265625325
0.005,2.3202801867911944,0.7553508468300183
0.005,2.322214809873249,0.7568128012561629
0.005,2.324149432955304,0.7580995854595751
0.005,2.3260840560373586,0.7592100267063796
0.005,2.3280186791194133,0.7601433280972011
0.005,2.329953302201468,0.760899071476683
0.005,2.3318879252835227,0.7614772181036858
0.005,2.333822548365577,0.7618781070834236
0.005,2.3357571714476317,0.7621024515885451
0.005,2.3376917945296865,0.7621513329213652
0.005,2.339626417611741,0.7620261924935221
0.005,2.341561040693796,0.7617288218219086
0.005,2.3434956637758506,0.761261350660412
0.005,2.3454302868579053,0.7606262334053743
0.005,2.34736490993996,0.7598262339286076
0.005,2.3492995330220148,0.758864409004909
0.005,2.3512341561040695,0.757744090511292
0.005,2.353168779186124,0.7564688665824516
0.005,2.355103402268179,0.7550425619113253
0.005,2.3570380253502337,0.7534692173850701
0.005,2.3589726484322884,0.7517530692454631
0.005,2.360907271514343,0.7498985279588438
0.005,2.362841894596398,0.7479101569744466
0.005,2.3647765176784525,0.745792651541617
0.005,2.3667111407605073,0.743550817746216
0.005,2.368645763842562,0.7411895519148227
0.005,2.3705803869246167,0.7387138205224315
0.005,2.372515010006671,0.736128640725557
0.005,2.3744496330887257,0.7334390616282419
0.005,2.3763842561707804,0.7306501463738021
0.005,2.378318879252835,0.7277669551403403
0.005,2.38025350233489,0.7247945291035955
0.005,2.3821881254169446,0.7217378754164905
0.005,2.3841227484989993,0.7186019532412847
0.005,2.386057371581054,0.7153916608574123
0.005,2.3879919946631087,0.7121118238561942
0.005,2.3899266177451635,0.7087671844227019
0.005,2.391861240827218,0.7053623916951013
0.005,2.393795863909273,0.7019019931830068
0.005,2.3957304869913276,0.6983904272185923
0.005,2.3976651100733823,0.6948320164075265
0.005,2.399599733155437,0.6912309620411917
0.005,2.401534356237492,0.6875913394269828
0.005,2.4034689793195465,0.683917094089869
0.005,2.4054036024016012,0.6802120387955799
0.005,2.407338225483656,0.6764798513438784
0.005,2.4092728485657107,0.6727240730791717
0.005,2.4112074716477654,0.668948108065215
0.005,2.41314209472982,0.6651552228707358
0.005,2.415076717811875,0.6613485469134369
0.005,2.4170113408939295,0.6575310733109128
0.005,2.4189459639759843,0.6537056601884286
0.005,2.420880587058039,0.6498750323953254
0.005,2.4228152101400937,0.6460417835837922
0.005,2.4247498332221484,0.642208378605982
0.005,2.426684456304203,0.6383771561878128
0.005,2.428619079386258,0.6345503318402531
0.005,2.4305537024683126,0.6307300009713971
0.005,2.4324883255503673,0.6269181421652124
0.005,2.4344229486324216,0.6231166205953383
0.005,2.4363575717144763,0.6193271915448372
0.005,2.438292194796531,0.6155515040052604
0.005,2.4402268178785858,0.6117911043307037
0.005,2.4421614409606405,0.6080474399248702
0.005,2.444096064042695,0.6043218629413092
0.005,2.44603068712475,0.6006156339790569
0.005,2.4479653102068046,0.5969299257579093
0.005,2.4498999332888594,0.5932658267593323
0.005,2.451834556370914,0.5896243448207921
0.005,2.453769179452969,0.5860064106728526
0.005,2.4557038025350235,0.582412881409892
0.005,2.4576384256170782,0.5788445438866351
0.005,2.459573048699133,0.575302118033965
0.005,2.4615076717811877,0.5717862600886362
0.005,2.4634422948632424,0.5682975657325176
0.005,2.465376917945297,0.5648365731379859
0.005,2.467311541027352,0.5614037659169
0.005,2.4692461641094066,0.5579995759713757
0.005,2.4711807871914613,0.5546243862452508
0.005,2.4731154102735156,0.5512785333757586
0.005,2.4750500333555703,0.5479623102454164
0.005,2.476984656437625,0.5446759684346666
0.005,2.4789192795196797,0.5414197205761714
0.005,2.4808539026017344,0.538193742612024
0.005,2.482788525683789,0.5349981759554818
0.005,2.484723148765844,0.5318331295590194
0.005,2.4866577718478986,0.5286986818907762
0.005,2.4885923949299533,0.5255948828216197
0.005,2.490527018012008,0.5225217554251907
0.005,2.4924616410940628,0.5194792976934436
0.005,2.4943962641761175,0.5164674841702214
0.005,2.496330887258172,0.5134862675055377
0.005,2.498265510340227,0.510535579933224
0.005,2.5002001334222816,0.5076153346746614
0.005,2.5021347565043364,0.5047254272712975
0.005,2.504069379586391,0.5018657368486491
0.005,2.506004002668446,0.4990361273144855
0.005,2.5079386257505005,0.49623644849382326
0.005,2.5098732488325552,0.4934665372033626
0.005,2.51180787191461,0.49072621826791213
0.005,2.5137424949966647,0.48801530548131355
0.005,2.5156771180787194,0.4853336025143181
0.005,2.517611741160774,0.4826809037717947
0.005,2.519546364242829,0.48005699520158035
0.005,2.5214809873248836,0.4774616550572302
0.005,2.5234156104069383,0.47489465461682684
0.005,2.525350233488993,0.4723557588599603
0.005,2.5272848565710477,0.4698447271049025
0.005,2.5292194796531025,0.46736131360792205
0.005,2.531154102735157,0.46490526812662886
0.005,2.533088725817212,0.4624763364491413
0.005,2.5350233488992666,0.4600742608908243
0.005,2.5369579719813213,0.4576987807602451
0.005,2.538892595063376,0.4553496327959439
0.005,2.5408272181454303,0.45302655157554966
0.005,2.542761841227485,0.45072926989867984
0.005,2.5446964643095398,0.44845751914503956
0.005,2.5466310873915945,0.44621102960902764
0.005,2.548565710473649,0.4439895308121238
0.005,2.550500333555704,0.4417927517942714
0.005,2.5524349566377587,0.4396204213853945
0.005,2.5543695797198134,0.437472268458157
0.005,2.556304202801868,0.4353480221629986
0.005,2.558238825883923,0.43324741214643925
0.005,2.5601734489659775,0.43117016875359854
0.005,2.5621080720480323,0.42911602321582754
0.005,2.564042695130087,0.4270847078242902
0.005,2.5659773182121413,0.4250759560903219
0.005,2.567911941294196,0.42308950289330904
0.005,2.5698465643762507,0.42112508461683423
0.005,2.5717811874583054,0.4191824392737671
0.005,2.57371581054036,0.41726130662095057
0.005,2.575650433622415,0.41536142826410793
0.005,2.5775850567044696,0.4134825477535521
0.005,2.5795196797865243,0.4116244106712464
0.005,2.581454302868579,0.40978676470975806
0.005,2.5833889259506337,0.4079693597435772
0.005,2.5853235490326885,0.4061719478932909
0.005,2.587258172114743,0.4043942835830404
0.005,2.589192795196798,0.4026361235916967
0.005,2.5911274182788526,0.40089722709813624
0.005,2.5930620413609073,0.3991773557209976
0.005,2.594996664442962,0.3974762735532764
0.005,2.596931287525017,0.39579374719208327
0.005,2.5988659106070715,0.3941295457638894
0.005,2.6008005336891262,0.39248344094555127
0.005,2.602735156771181,0.3908552069813956
0.005,2.6046697798532357,0.38924462069663185
0.005,2.6066044029352904,0.38765146150734114
0.005,2.608539026017345,0.38607551142727325
0.005,2.6104736490994,0.3845165550716796
0.005,2.6124082721814545,0.38297437965838554
0.005,2.6143428952635093,0.3814487750063013
0.005,2.616277518345564,0.37993953353155974
0.005,2.6182121414276187,0.37844645024144685
0.005,2.6201467645096734,0.376969322726301
0.005,2.622081387591728,0.3755079511495225
0.005,2.624016010673783,0.3740621382358531
0.005,2.6259506337558376,0.37263168925804807
0.005,2.6278852568378923,0.3712164120220791
0.005,2.629819879919947,0.3698161168509852
0.005,2.6317545030020018,0.368430616567483
0.005,2.6336891260840565,0.36705972647545115
0.005,2.635623749166111,0.36570326434037453
0.005,2.637558372248166,0.36436105036885985
0.005,2.6394929953302206,0.36303290718729236
0.005,2.641427618412275,0.36171865981973333
0.005,2.6433622414943296,0.36041813566512243
0.005,2.6452968645763844,0.35913116447386567
0.005,2.647231487658439,0.35785757832387155
0.005,2.649166110740494,0.3565972115961028
0.005,2.6511007338225485,0.3553499009497024
0.005,2.6530353569046032,0.354115485296748
0.005,2.654969979986658,0.3528938057766856
0.005,2.6569046030687127,0.3516847057304965
0.005,2.6588392261507674,0.35048803067463635
0.005,2.660773849232822,0.34930362827479244
0.005,2.662708472314877,0.3481313483194986
0.005,2.6646430953969316,0.3469710426936414
0.005,2.666577718478986,0.3458225653518944
0.005,2.6685123415610406,0.34468577229211167
0.005,2.6704469646430953,0.34356052152871125
0.005,2.67238158772515,0.3424466730660722
0.005,2.6743162108072047,0.3413440888719741
0.005,2.6762508338892594,0.34025263285109986
0.005,2.678185456971314,0.3391721708186288
0.005,2.680120080053369,0.33810257047393194
0.005,2.6820547031354236,0.3370437013743935
0.005,2.6839893262174783,0.3359954349093763
0.005,2.685923949299533,0.33495764427434255
0.005,2.6878585723815878,0.3339302044451474
0.005,2.6897931954636425,0.33291299215251696
0.005,2.691727818545697,0.33190588585672637
0.005,2.693662441627752,0.3309087657224798
0.005,2.6955970647098066,0.3299215135940146
0.005,2.6975316877918614,0.32894401297043024
0.005,2.699466310873916,0.3279761489812492
0.005,2.701400933955971,0.327017808362225
0.005,2.7033355570380255,0.3260688794313936
0.005,2.7052701801200802,0.32512925206538673
0.005,2.707204803202135,0.3241988176759955
0.005,2.7091394262841897,0.32327746918700556
0.005,2.7110740493662444,0.32236510101129584
0.005,2.713008672448299,0.3214616090282107
0.005,2.714943295530354,0.32056689056120474
0.005,2.7168779186124086,0.3196808443557642
0.005,2.7188125416944633,0.3188033705576075
0.005,2.720747164776518,0.3179343706911617
0.005,2.7226817878585727,0.3170737476383257
0.005,2.7246164109406275,0.31622140561750883
0.005,2.726551034022682,0.3153772501629543
0.005,2.728485657104737,0.31454118810434173
0.005,2.7304202801867916,0.3137131275466764
0.005,2.7323549032688463,0.3128929778504517
0.005,2.734289526350901,0.31208064961209814
0.005,2.7362241494329558,0.31127605464470814
0.005,2.7381587725150105,0.31047910595903966
0.005,2.740093395597065,0.3096897177447964
0.005,2.7420280186791195,0.3089078053521827
0.005,2.743962641761174,0.30813328527373113
0.005,2.745897264843229,0.30736607512640246
0.005,2.7478318879252837,0.30660609363395297
0.005,2.7497665110073384,0.30585326060957213
0.005,2.751701134089393,0.3051074969387805
0.005,2.753635757171448,0.3043687245625932
0.005,2.7555703802535025,0.30363686646094296
0.005,2.7575050033355573,0.3029118466363592
0.005,2.759439626417612,0.30219359009790253
0.005,2.7613742494996667,0.30148202284535147
0.005,2.7633088725817214,0.30077707185363867
0.005,2.765243495663776,0.30007866505753145
0.005,2.7671781187458304,0.2993867313365587
0.005,2.769112741827885,0.29870120050017657
0.005,2.77104736490994,0.298022003273173
0.005,2.7729819879919946,0.297349071281305
0.005,2.7749166110740493,0.29668233703717073
0.005,2.776851234156104,0.2960217339263073
0.005,2.7787858572381587,0.29536719619351653
0.005,2.7807204803202135,0.2947186589294125
0.005,2.782655103402268,0.29407605805718784
0.005,2.784589726484323,0.2934393303195985
0.005,2.7865243495663776,0.29280841326616175
0.005,2.7884589726484323,0.29218324524056305
0.005,2.790393595730487,0.29156376536827244
0.005,2.792328218812542,0.2909499135443643
0.005,2.7942628418945965,0.29034163042154026
0.005,2.7961974649766512,0.28973885739834837
0.005,2.798132088058706,0.28914153660759934
0.005,2.8000667111407607,0.2885496109049755
0.005,2.8020013342228154,0.28796302385782896
0.005,2.80393595730487,0.2873817197341668
0.005,2.805870580386925,0.2868056434918207
0.005,2.8078052034689795,0.2862347407677966
0.005,2.8097398265510343,0.2856689578678033
0.005,2.811674449633089,0.2851082417559566
0.005,2.8136090727151437,0.2845525400446564
0.005,2.8155436957971984,0.2840018009846329
0.005,2.817478318879253,0.28345597345515944
0.005,2.819412941961308,0.2829150069544334
0.005,2.8213475650433626,0.2823788515901138
0.005,2.8232821881254173,0.2818474580700224
0.005,2.825216811207472,0.2813207776929992
0.005,2.8271514342895268,0.28079876233991274
0.005,2.8290860573715815,0.2802813644648224
0.005,2.831020680453636,0.2797685370862885
0.005,2.832955303535691,0.2792602337788307
0.005,2.8348899266177456,0.2787564086645284
0.005,2.8368245496998004,0.2782570164047654
0.005,2.838759172781855,0.2777620121921128
0.005,2.84069379586391,0.27727135174234735
0.005,2.842628418945964,0.27678499128660866
0.005,2.844563042028019,0.27630288756368343
0.005,2.8464976651100735,0.275824997812426
0.005,2.8484322881921282,0.2753512797643022
0.005,2.850366911274183,0.2748816916360612
0.005,2.8523015343562377,0.2744161921225316
0.005,2.8542361574382924,0.2739547403895375
0.005,2.856170780520347,0.2734972960669357
0.005,2.858105403602402,0.2730438192417706
0.005,2.8600400266844566,0.2725942704515433
0.005,2.8619746497665113,0.2721486106775947
0.005,2.863909272848566,0.2717068013386025
0.005,2.8658438959306207,0.2712688042841845
0.005,2.867778519012675,0.2708345817886122
0.005,2.8697131420947297,0.27040409654462966
0.005,2.8716477651767844,0.2699773116573769
0.005,2.873582388258839,0.2695541906384153
0.005,2.875517011340894,0.26913469739985335
0.005,2.8774516344229486,0.26871879624857387
0.005,2.8793862575050033,0.26830645188055424
0.005,2.881320880587058,0.26789762937528544
0.005,2.8832555036691128,0.26749229419028503
0.005,2.8851901267511675,0.2670904121557002
0.005,2.887124749833222,0.26669194946900354
0.005,2.889059372915277,0.2662968726897776
0.005,2.8909939959973316,0.2659051487345862
0.005,2.8929286190793864,0.26551674487193305
0.005,2.894863242161441,0.2651316287173043
0.005,2.896797865243496,0.26474976822829493
0.005,2.8987324883255505,0.2643711316998154
0.005,2.9006671114076052,0.26399568775938065
0.005,2.90260173448966,0.2636234053624769
0.005,2.9045363575717147,0.2632542537880066
0.005,2.9064709806537694,0.26288820263380785
0.005,2.908405603735824,0.2625252218122522
0.005,2.910340226817879,0.26216528154591306
0.005,2.9122748498999336,0.2618083523633077
0.005,2.9142094729819883,0.26145440509471035
0.005,2.916144096064043,0.26110341086803596
0.005,2.9180787191460977,0.26075534110479
0.005,2.9200133422281525,0.2604101675160901
0.005,2.921947965310207,0.26006786209875005
0.005,2.923882588392262,0.25972839713143087
0.005,2.9258172114743166,0.2593917451708562
0.005,2.9277518345563713,0.2590578790480906
0.005,2.929686457638426,0.25872677186487836
0.005,2.9316210807204808,0.2583983969900453
0.005,2.9335557038025355,0.25807272805595866
0.005,2.93549032688459,0.2577497389550475
0.005,2.937424949966645,0.25742940383637875
0.005,2.9393595730486997,0.25711169710229187
0.005,2.9412941961307544,0.25679659340508876
0.005,2.9432288192128087,0.256484067643778
0.005,2.9451634422948634,0.2561740949608736
0.005,2.947098065376918,0.2558666507392469
0.005,2.949032688458973,0.2555617105990301
0.005,2.9509673115410275,0.25525925039457065
0.005,2.9529019346230823,0.2549592462114377
0.005,2.954836557705137,0.2546616743634755
0.005,2.9567711807871917,0.2543665113899075
0.005,2.9587058038692464,0.2540737340524872
0.005,2.960640426951301,0.2537833193326961
0.005,2.962575050033356,0.25349524442898846
0.005,2.9645096731154106,0.25320948675408006
0.005,2.9664442961974653,0.2529260239322838
0.005,2.9683789192795196,0.25264483379688607
0.005,2.9703135423615743,0.2523658943875686
0.005,2.972248165443629,0.2520891839478731
0.005,2.9741827885256837,0.25181468092270476
0.005,2.9761174116077385,0.25154236395587914
0.005,2.978052034689793,0.25127221188770865
0.005,2.979986657771848,0.25100420375262766
0.005,2.9819212808539026,0.2507383187768582
0.005,2.9838559039359573,0.2504745363761121
0.005,2.985790527018012,0.25021283615333195
0.005,2.987725150100067,0.2499531978964681
0.005,2.9896597731821215,0.24969560157629253
0.005,2.9915943962641762,0.24944002734424867
0.005,2.993529019346231,0.2491864555303346
0.005,2.9954636424282857,0.24893486664102338
0.005,2.9973982655103404,0.24868524135721443
0.005,2.999332888592395,0.2484375605322205
0.005,3.00126751167445,0.24819180518978598
0.005,3.0032021347565045,0.24794795652213794
0.005,3.0051367578385593,0.24770599588806852
0.005,3.007071380920614,0.24746590481104874
0.005,3.0090060040026687,0.24722766497737247
0.005,3.0109406270847234,0.24699125823433102
0.005,3.012875250166778,0.2467566665884158
0.005,3.014809873248833,0.24652387220355246
0.005,3.0167444963308876,0.2462928573993608
0.005,3.0186791194129423,0.24606360464944516
0.005,3.020613742494997,0.2458360965797103
0.005,3.0225483655770518,0.24561031596670518
0.005,3.0244829886591065,0.24538624573599485
0.005,3.026417611741161,0.2451638689605549
0.005,3.028352234823216,0.24494316885919576
0.005,3.0302868579052706,0.2447241287950091
0.005,3.0322214809873254,0.24450673227384032
0.005,3.03415610406938,0.24429096294278627
0.005,3.036090727151435,0.2440768045887151
0.005,3.0380253502334895,0.243864241136811
0.005,3.0399599733155442,0.2436532566491413
0.005,3.041894596397599,0.24344383532324765
0.005,3.0438292194796532,0.2432359614907581
0.005,3.045763842561708,0.24302961961602165
0.005,3.0476984656437627,0.2428247942947648
0.005,3.0496330887258174,0.24262147025276887
0.005,3.051567711807872,0.24241963234456843
0.005,3.053502334889927,0.24221926555217008
0.005,3.0554369579719816,0.24202035498379154
0.005,3.0573715810540363,0.2418228858726202
0.005,3.059306204136091,0.2416268435755916
0.005,3.0612408272181457,0.24143221357218667
0.005,3.0631754503002004,0.2412389814632479
0.005,3.065110073382255,0.24104713296981362
0.005,3.06704469646431,0.24085665393197078
0.005,3.068979319546364,0.24066753030772614
0.005,3.070913942628419,0.24047974817189272
0.005,3.0728485657104736,0.2402932937149965
0.005,3.0747831887925283,0.2401081532421977
0.005,3.076717811874583,0.23992431317222912
0.005,3.0786524349566378,0.23974176003635164
0.005,3.0805870580386925,0.23956048047732514
0.005,3.082521681120747,0.23938046124839454
0.005,3.084456304202802,0.23920168921229185
0.005,3.0863909272848566,0.23902415134025423
0.005,3.0883255503669114,0.2388478347110554
0.005,3.090260173448966,0.23867272651005217
0.005,3.092194796531021,0.238498814028246
0.005,3.0941294196130755,0.23832608466135807
0.005,3.0960640426951302,0.23815452590891806
0.005,3.097998665777185,0.23798412537336683
0.005,3.0999332888592397,0.23781487075917276
0.005,3.1018679119412944,0.23764674987196016
0.005,3.103802535023349,0.23747975061765186
0.005,3.105737158105404,0.23731386100162308
0.005,3.1076717811874586,0.2371490691278694
0.005,3.1096064042695133,0.23698536319818478
0.005,3.111541027351568,0.23682273151135327
0.005,3.1134756504336227,0.23666116246235192
0.005,3.1154102735156775,0.23650064454156483
0.005,3.117344896597732,0.23634116633400903
0.005,3.119279519679787,0.236182716518571
0.005,3.1212141427618416,0.23602528386725416
0.005,3.1231487658438963,0.23586885724443793
0.005,3.125083388925951,0.23571342560614536
0.005,3.1270180120080058,0.2355589779993235
0.005,3.1289526350900605,0.2354055035611309
0.005,3.130887258172115,0.23525299151823828
0.005,3.13282188125417,0.23510143118613644
0.005,3.1347565043362247,0.23495081196845477
0.005,3.1366911274182794,0.23480112335628828
0.005,3.138625750500334,0.23465235492753567
0.005,3.140560373582389,0.2345044963462439
0.005,3.1424949966644435,0.23435753736196313
0.005,3.144429619746498,0.23421146780911034
0.005,3.1463642428285525,0.2340662776063405
0.005,3.1482988659106073,0.23392195675592692
0.005,3.150233488992662,0.2337784953431492
0.005,3.1521681120747167,0.23363588353568976
0.005,3.1541027351567714,0.23349411158303748
0.005,3.156037358238826,0.2333531698158993
0.005,3.157971981320881,0.2332130486456198
0.005,3.1599066044029356,0.23307373856360739
0.005,3.1618412274849903,0.23293523014076853
0.005,3.163775850567045,0.23279751402694784
0.005,3.1657104736490997,0.23266058095037676
0.005,3.167645096731154,0.23252442171712778
0.005,3.1695797198132087,0.2323890272105759
0.005,3.1715143428952635,0.23225438839086596
0.005,3.173448965977318,0.23212049629438725
0.005,3.175383589059373,0.23198734203325416
0.005,3.1773182121414276,0.2318549167947921
0.005,3.1792528352234823,0.23172321184103076
0.005,3.181187458305537,0.23159221850820239
0.005,3.183122081387592,0.23146192820624567
0.005,3.1850567044696465,0.2313323324183163
0.005,3.1869913275517012,0.23120342270030173
0.005,3.188925950633756,0.2310751906803422
0.005,3.1908605737158107,0.23094762805835736
0.005,3.1927951967978654,0.23082072660557645
0.005,3.19472981987992,0.23069447816407557
0.005,3.196664442961975,0.23056887464631884
0.005,3.1985990660440295,0.23044390803470402
0.005,3.2005336891260843,0.23031957038111414
0.005,3.202468312208139,0.23019585380647248
0.005,3.2044029352901937,0.23007275050030285
0.005,3.2063375583722484,0.22995025272029423
0.005,3.208272181454303,0.22982835279186967
0.005,3.210206804536358,0.2297070431077593
0.005,3.2121414276184126,0.22958631612757735
0.005,3.2140760507004673,0.22946616437740425
0.005,3.216010673782522,0.22934658044937137
0.005,3.2179452968645768,0.22922755700125025
0.005,3.2198799199466315,0.22910908675604594
0.005,3.221814543028686,0.22899116250159374
0.005,3.223749166110741,0.2288737770901589
0.005,3.2256837891927956,0.22875692343804147
0.005,3.2276184122748504,0.22864059452518307
0.005,3.229553035356905,0.22852478339477766
0.005,3.23148765843896,0.22840948315288628
0.005,3.2334222815210145,0.22829468696805327
0.005,3.2353569046030692,0.22818038807092758
0.005,3.237291527685124,0.22806657975388606
0.005,3.2392261507671787,0.22795325537066008
0.005,3.2411607738492334,0.22784040833596483
0.005,3.2430953969312877,0.22772803212513223
0.005,3.2450300200133424,0.22761612027374503
0.005,3.246964643095397,0.22750466637727626
0.005,3.248899266177452,0.22739366409072875
0.005,3.2508338892595066,0.22728310712827857
0.005,3.2527685123415613,0.2271729892629209
0.005,3.254703135423616,0.22706330432611854
0.005,3.2566377585056707,0.22695404620745194
0.005,3.2585723815877254,0.22684520885427326
0.005,3.26050700466978,0.22673678627136046
0.005,3.262441627751835,0.22662877252057645
0.005,3.2643762508338896,0.22652116172052753
0.005,3.2663108739159443,0.22641394804622628
0.005,3.2682454969979986,0.22630712572875547
0.005,3.2701801200800533,0.22620068905493415
0.005,3.272114743162108,0.2260946323669857
0.005,3.2740493662441628,0.22598895006220804
0.005,3.2759839893262175,0.22588363659264582
0.005,3.277918612408272,0.2257786864647641
0.005,3.279853235490327,0.22567409423912396
0.005,3.2817878585723816,0.22556985453006015
0.005,3.2837224816544364,0.22546596200536012
0.005,3.285657104736491,0.22536241138594515
0.005,3.287591727818546,0.22525919744555256
0.005,3.2895263509006005,0.22515631501041986
0.005,3.2914609739826552,0.22505375895897053
0.005,3.29339559706471,0.22495152422150144
0.005,3.2953302201467647,0.2248496057798713
0.005,3.2972648432288194,0.2247479986671904
0.005,3.299199466310874,0.22464669796751335
0.005,3.301134089392929,0.22454569881553083
0.005,3.3030687124749836,0.22444499639626472
0.005,3.3050033355570383,0.22434458594476336
0.005,3.306937958639093,0.22424446274579868
0.005,3.3088725817211477,0.2241446221335642
0.005,3.3108072048032025,0.22404505949137474
0.005,3.312741827885257,0.22394577025136667
0.005,3.314676450967312,0.22384674989420025
0.005,3.3166110740493666,0.22374799394876219
0.005,3.3185456971314213,0.22364949799186976
0.005,3.320480320213476,0.22355125764797618
0.005,3.3224149432955308,0.22345326858887685
0.005,3.3243495663775855,0.22335552653341664
0.005,3.32628418945964,0.22325802724719784
0.005,3.328218812541695,0.2231607665422903
0.005,3.3301534356237497,0.22306374027694134
0.005,3.3320880587058044,0.22296694435528686
0.005,3.334022681787859,0.22287037472706375
0.005,3.335957304869914,0.22277402738732338
0.005,3.3378919279519685,0.2226778983761454
0.005,3.3398265510340233,0.22258198377835284
0.005,3.341761174116078,0.22248627972322751
0.005,3.3436957971981323,0.22239078238422766
0.005,3.345630420280187,0.22229548797870446
0.005,3.3475650433622417,0.22220039276762152
0.005,3.3494996664442964,0.22210549305527313
0.005,3.351434289526351,0.22201078518900472
0.005,3.353368912608406,0.22191626555893376
0.005,3.3553035356904606,0.22182193059767094
0.005,3.3572381587725153,0.22172777678004296
0.005,3.35917278185457,0.22163380062281526
0.005,3.3611074049366247,0.22153999868441632
0.005,3.3630420280186795,0.22144636756466146
0.005,3.364976651100734,0.22135290390447912
0.005,3.366911274182789,0.221259604385636
0.005,3.368845897264843,0.22116646573046422
0.005,3.370780520346898,0.22107348470158886
0.005,3.3727151434289526,0.22098065810165562
0.005,3.3746497665110073,0.22088798277306
0.005,3.376584389593062,0.22079545559767647
0.005,3.378519012675117,0.22070307349658905
0.005,3.3804536357571715,0.22061083342982155
0.005,3.3823882588392262,0.22051873239606953
0.005,3.384322881921281,0.22042676743243225
0.005,3.3862575050033357,0.22033493561414524
0.005,3.3881921280853904,0.22024323405431412
0.005,3.390126751167445,0.22015165990364824
0.005,3.3920613742495,0.220060210350196
0.005,3.3939959973315545,0.2199688826190794
0.005,3.3959306204136093,0.2198776739722309
0.005,3.397865243495664,0.21978658170812929
0.005,3.3997998665777187,0.21969560316153763
0.005,3.4017344896597734,0.21960473570324057
0.005,3.403669112741828,0.21951397673978315
0.005,3.405603735823883,0.2194233237132101
0.005,3.4075383589059376,0.2193327741008055
0.005,3.4094729819879923,0.219242325414833
0.005,3.411407605070047,0.21915197520227736
0.005,3.4133422281521018,0.21906172104458577
0.005,3.4152768512341565,0.21897156055741018
0.005,3.417211474316211,0.21888149139035076
0.005,3.419146097398266,0.2187915112266988
0.005,3.4210807204803206,0.21870161778318145
0.005,3.4230153435623754,0.21861180880970663
0.005,3.42494996664443,0.2185220820891082
0.005,3.426884589726485,0.21843243543689256
0.005,3.4288192128085395,0.21834286670098535
0.005,3.4307538358905942,0.21825337376147846
0.005,3.432688458972649,0.2181639545303793
0.005,3.4346230820547037,0.21807460695135852
0.005,3.4365577051367584,0.21798532899950002
0.005,3.438492328218813,0.2178961186810509
0.005,3.440426951300868,0.2178069740331726
0.005,3.4423615743829226,0.21771789312369177
0.005,3.444296197464977,0.21762887405085354
0.005,3.4462308205470316,0.2175399149430729
0.005,3.4481654436290863,0.2174510139586894
0.005,3.450100066711141,0.2173621692857211
0.005,3.4520346897931957,0.2172733791416195
0.005,3.4539693128752504,0.21718464177302507
0.005,3.455903935957305,0.2170959554555237
0.005,3.45783855903936,0.21700731849340385
0.005,3.4597731821214146,0.21691872921941427
0.005,3.4617078052034693,0.21683018599452272
0.005,3.463642428285524,0.216741687207675
0.005,3.4655770513675788,0.21665323127555505
0.005,3.4675116744496335,0.21656481664234595
0.005,3.4694462975316878,0.2164764417794908
0.005,3.4713809206137425,0.21638810518545593
0.005,3.473315543695797,0.21629980538549293
0.005,3.475250166777852,0.21621154093140318
0.005,3.4771847898599066,0.21612331040130223
0.005,3.4791194129419614,0.21603511239938475
0.005,3.481054036024016,0.2159469455556916
0.005,3.482988659106071,0.21585880852587566
0.005,3.4849232821881255,0.21577069999097043
0.005,3.4868579052701802,0.21568261865715838
0.005,3.488792528352235,0.21559456325554005
0.005,3.4907271514342897,0.21550653254190447
0.005,3.4926617745163444,0.21541852529650027
0.005,3.494596397598399,0.21533054032380725
0.005,3.496531020680454,0.21524257645230935
0.005,3.4984656437625086,0.21515463253426823
0.005,3.5004002668445633,0.21506670744549733
0.005,3.502334889926618,0.21497880008513748
0.005,3.5042695130086727,0.21489090937543281
0.005,3.5062041360907275,0.2148030342615081
0.005,3.508138759172782,0.21471517371114604
0.005,3.510073382254837,0.21462732671456652
0.005,3.5120080053368916,0.21453949228420655
0.005,3.5139426284189463,0.2144516694544999
0.005,3.515877251501001,0.21436385728165952
0.005,3.5178118745830558,0.21427605484345935
0.005,3.5197464976651105,0.21418826123901788
0.005,3.521681120747165,0.21410047558858233
0.005,3.52361574382922,0.21401269703331383
0.005,3.5255503669112747,0.21392492473507352
0.005,3.5274849899933294,0.2138371578762095
0.005,3.529419613075384,0.21374939565934503
0.005,3.5313542361574384,0.21366163730716736
0.005,3.533288859239493,0.2135738820622176
0.005,3.535223482321548,0.2134861291866819
0.005,3.5371581054036025,0.21339837796218283
0.005,3.5390927284856573,0.21331062768957257
0.005,3.541027351567712,0.21322287768872691
0.005,3.5429619746497667,0.21313512729833936
0.005,3.5448965977318214,0.21304737587571781
0.005,3.546831220813876,0.21295962279658065
0.005,3.548765843895931,0.21287186745485526
0.005,3.5507004669779856,0.21278410926247615
0.005,3.5526350900600403,0.21269634764918524
0.005,3.554569713142095,0.21260858206233293
0.005,3.5565043362241497,0.2125208119666795
0.005,3.5584389593062045,0.21243303684419806
0.005,3.560373582388259,0.21234525619387917
0.005,3.562308205470314,0.21225746953153513
0.005,3.5642428285523686,0.21216967638960652
0.005,3.5661774516344233,0.21208187631696912
0.005,3.568112074716478,0.21199406887874186
0.005,3.570046697798533,0.21190625365609686
0.005,3.5719813208805875,0.21181843024606842
0.005,3.5739159439626422,0.2117305982613658
0.005,3.575850567044697,0.21164275733018437
0.005,3.5777851901267517,0.21155490709602026
0.005,3.5797198132088064,0.21146704721748416
0.005,3.5816544362908607,0.21137917736811726
0.005,3.5835890593729154,0.21129129723620796
0.005,3.58552368245497,0.2112034065246099
0.005,3.587458305537025,0.21111550495056092
0.005,3.5893929286190795,0.21102759224550244
0.005,3.5913275517011343,0.21093966815490167
0.005,3.593262174783189,0.21085173243807293
0.005,3.5951967978652437,0.21076378486800149
0.005,3.5971314209472984,0.21067582523116804
0.005,3.599066044029353,0.21058785332737381
0.005,3.601000667111408,0.210499868969568
0.005,3.6029352901934626,0.21041187198367456
0.005,3.6048699132755173,0.21032386220842236
0.005,3.606804536357572,0.21023583949517402
0.005,3.6087391594396268,0.21014780370775796
0.005,3.6106737825216815,0.2100597547223
0.005,3.612608405603736,0.2099716924270574
0.005,3.614543028685791,0.2098836167222529
0.005,3.6164776517678456,0.20979552751991062
0.005,3.6184122748499004,0.2097074247436929
0.005,3.620346897931955,0.20961930832873785
0.005,3.62228152101401,0.2095311782214991
0.005,3.6242161440960645,0.2094430343795852
0.005,3.6261507671781192,0.2093548767716015
0.005,3.628085390260174,0.20926670537699257
0.005,3.6300200133422287,0.2091785201858854
0.005,3.631954636424283,0.20909032119893461
0.005,3.6338892595063377,0.2090021084271681
0.005,3.6358238825883924,0.20891388189183394
0.005,3.637758505670447,0.2088256416242488
0.005,3.639693128752502,0.2087373876656471
0.005,3.6416277518345566,0.2086491200670314
0.005,3.6435623749166113,0.20856083888902396
0.005,3.645496997998666,0.20847254420171968
0.005,3.6474316210807207,0.20838423608453943
0.005,3.6493662441627754,0.20829591462608557
0.005,3.65130086724483,0.20820757992399788
0.005,3.653235490326885,0.20811923208481045
0.005,3.6551701134089396,0.20803087122381084
0.005,3.6571047364909943,0.20794249746489873
0.005,3.659039359573049,0.20785411094044726
0.005,3.6609739826551038,0.2077657117911644
0.005,3.6629086057371585,0.20767730016595598
0.005,3.664843228819213,0.20758887622178987
0.005,3.666777851901268,0.207500440123561
0.005,3.6687124749833226,0.20741199204395772
0.005,3.6706470980653774,0.20732353216332922
0.005,3.672581721147432,0.20723506066955397
0.005,3.674516344229487,0.2071465777579096
0.005,3.6764509673115415,0.20705808363094358
0.005,3.6783855903935962,0.20696957849834524
0.005,3.680320213475651,0.2068810625768184
0.005,3.6822548365577052,0.20679253608995624
0.005,3.68418945963976,0.20670399926811556
0.005,3.6861240827218147,0.20661545234829426
0.005,3.6880587058038694,0.20652689557400783
0.005,3.689993328885924,0.20643832919516863
0.005,3.691927951967979,0.206349753467965
0.005,3.6938625750500336,0.20626116865474256
0.005,3.6957971981320883,0.2061725750238856
0.005,3.697731821214143,0.20608397284970045
0.005,3.6996664442961977,0.205995362412299
0.005,3.7016010673782525,0.2059067439974846
0.005,3.703535690460307,0.20581811789663737
0.005,3.705470313542362,0.20572948440660252
0.005,3.7074049366244166,0.20564084382957773
0.005,3.7093395597064713,0.2055521964730032
0.005,3.711274182788526,0.2054635426494521
0.005,3.7132088058705808,0.20537488267652207
0.005,3.7151434289526355,0.20528621687672763
0.005,3.71707805203469,0.20519754557739456
0.005,3.719012675116745,0.20510886911055373
0.005,3.7209472981987997,0.205020187812838
0.005,3.7228819212808544,0.20493150202537816
0.005,3.724816544362909,0.204842812093701
0.005,3.726751167444964,0.20475411836762894
0.005,3.7286857905270185,0.2046654212011792
0.005,3.7306204136090733,0.20457672095246518
0.005,3.7325550366911275,0.20448801798359853
0.005,3.7344896597731823,0.204399312660592
0.005,3.736424282855237,0.20431060535326373
0.005,3.7383589059372917,0.20422189643514235
0.005,3.7402935290193464,0.2041331862833729
0.005,3.742228152101401,0.20404447527862413
0.005,3.744162775183456,0.20395576380499625
0.005,3.7460973982655106,0.20386705224993085
0.005,3.7480320213475653,0.2037783410041201
0.005,3.74996664442962,0.20368963046141808
0.005,3.7519012675116747,0.20360092101875338
0.005,3.7538358905937295,0.2035122130760412
0.005,3.755770513675784,0.20342350703609846
0.005,3.757705136757839,0.20333480330455775
0.005,3.7596397598398936,0.20324610228978385
0.005,3.7615743829219483,0.2031574044027906
0.005,3.763509006004003,0.20306871005715862
0.005,3.765443629086058,0.20298001966895404
0.005,3.7673782521681125,0.2028913336566485
0.005,3.7693128752501672,0.20280265244103945
0.005,3.771247498332222,0.2027139764451721
0.005,3.7731821214142767,0.20262530609426188
0.005,3.7751167444963314,0.20253664181561767
0.005,3.777051367578386,0.2024479840385664
0.005,3.778985990660441,0.20235933319437818
0.005,3.7809206137424956,0.2022706897161926
0.005,3.78285523682455,0.20218205403894576
0.005,3.7847898599066045,0.20209342659929816
0.005,3.7867244829886593,0.20200480783556374
0.005,3.788659106070714,0.20191619818763917
0.005,3.7905937291527687,0.20182759809693535
0.005,3.7925283522348234,0.20173900800630787
0.005,3.794462975316878,0.20165042835999009
0.005,3.796397598398933,0.20156185960352596
0.005,3.7983322214809876,0.20147330218370443
0.005,3.8002668445630423,0.20138475654849394
0.005,3.802201467645097,0.2012962231469784
0.005,3.8041360907271518,0.2012077024292941
0.005,3.8060707138092065,0.2011191948465666
0.005,3.808005336891261,0.20103070085084895
0.005,3.809939959973316,0.2009422208950616
0.005,3.8118745830553706,0.20085375543293132
0.005,3.8138092061374254,0.20076530491893213
0.005,3.81574382921948,0.20067686980822755
0.005,3.817678452301535,0.2005884505566117
0.005,3.8196130753835895,0.20050004762045318
0.005,3.8215476984656442,0.20041166145663894
0.005,3.823482321547699,0.20032329252251846
0.005,3.8254169446297537,0.20023494127584943
0.005,3.8273515677118084,0.20014660817474417
0.005,3.829286190793863,0.2000582936776162
0.005,3.831220813875918,0.19996999824312833
0.005,3.833155436957972,0.1998817223301405
0.005,3.835090060040027,0.19979346639765988
0.005,3.8370246831220816,0.19970523090478987
0.005,3.8389593062041363,0.19961701631068152
0.005,3.840893929286191,0.19952882307448452
0.005,3.8428285523682457,0.1994406516552996
0.005,3.8447631754503004,0.19935250251213088
0.005,3.846697798532355,0.19926437610384
0.005,3.84863242161441,0.1991762728891002
0.005,3.8505670446964646,0.19908819332635083
0.005,3.8525016677785193,0.19900013787375362
0.005,3.854436290860574,0.19891210698914863
0.005,3.8563709139426288,0.19882410113001142
0.005,3.8583055370246835,0.19873612075341057
0.005,3.860240160106738,0.1986481663159661
0.005,3.862174783188793,0.1985602382738087
0.005,3.8641094062708476,0.19847233708253892
0.005,3.8660440293529024,0.19838446319718794
0.005,3.867978652434957,0.1982966170721783
0.005,3.869913275517012,0.19820879916128553
0.005,3.8718478985990665,0.19812100991760054
0.005,3.8737825216811212,0.1980332497934921
0.005,3.875717144763176,0.1979455192405711
0.005,3.8776517678452307,0.19785781870965352
0.005,3.8795863909272854,0.19777014865072623
0.005,3.88152101400934,0.19768250951291166
0.005,3.8834556370913944,0.19759490174443387
0.005,3.885390260173449,0.19750732579258531
0.005,3.887324883255504,0.19741978210369343
0.005,3.8892595063375586,0.19733227112308896
0.005,3.8911941294196133,0.1972447932950736
0.005,3.893128752501668,0.1971573490628893
0.005,3.8950633755837227,0.19706993886868743
0.005,3.8969979986657775,0.19698256315349866
0.005,3.898932621747832,0.19689522235720394
0.005,3.900867244829887,0.19680791691850483
0.005,3.9028018679119416,0.19672064727489572
0.005,3.9047364909939963,0.19663341386263578
0.005,3.906671114076051,0.19654621711672168
0.005,3.9086057371581058,0.19645905747086057
0.005,3.9105403602401605,0.19637193535744404
0.005,3.912474983322215,0.19628485120752248
0.005,3.91440960640427,0.19619780545077953
0.005,3.9163442294863247,0.19611079851550745
0.005,3.9182788525683794,0.1960238308285831
0.005,3.920213475650434,0.19593690281544393
0.005,3.922148098732489,0.19585001490006484
0.005,3.9240827218145435,0.19576316750493536
0.005,3.9260173448965983,0.19567636105103764
0.005,3.927951967978653,0.19558959595782413
0.005,3.9298865910607077,0.19550287264319682
0.005,3.9318212141427624,0.1954161915234859
0.005,3.9337558372248167,0.19532955301342966
0.005,3.9356904603068714,0.1952429575261544
0.005,3.937625083388926,0.19515640547315477
0.005,3.939559706470981,0.19506989726427515
0.005,3.9414943295530356,0.1949834333076906
0.005,3.9434289526350903,0.19489701400988876
0.005,3.945363575717145,0.19481063977565224
0.005,3.9472981987991997,0.19472431100804122
0.005,3.9492328218812545,0.19463802810837647
0.005,3.951167444963309,0.19455179147622295
0.005,3.953102068045364,0.1944656015093735
0.005,3.9550366911274186,0.19437945860383357
0.005,3.9569713142094733,0.19429336315380552
0.005,3.958905937291528,0.19420731555167398
0.005,3.960840560373583,0.19412131618799122
0.005,3.9627751834556375,0.19403536545146313
0.005,3.9647098065376922,0.1939494637289355
0.005,3.966644429619747,0.19386361140538058
0.005,3.9685790527018017,0.19377780886388415
0.005,3.9705136757838564,0.19369205648563312
0.005,3.972448298865911,0.19360635464990267
0.005,3.974382921947966,0.19352070373404526
0.005,3.9763175450300206,0.19343510411347833
0.005,3.9782521681120753,0.1933495561616736
0.005,3.98018679119413,0.1932640602501459
0.005,3.9821214142761847,0.1931786167484428
0.005,3.984056037358239,0.19309322602413473
0.005,3.9859906604402937,0.19300788844280467
0.005,3.9879252835223484,0.1929226043680392
0.005,3.989859906604403,0.1928373741614188
0.005,3.991794529686458,0.19275219818250916
0.005,3.9937291527685126,0.19266707678885323
0.005,3.9956637758505673,0.192582010335962
0.005,3.997598398932622,0.1924969991773074
0.005,3.9995330220146768,0.1924120436643142
0.005,4.0014676450967315,0.1923271441463531
0.005,4.003402268178786,0.19224230097073366
0.005,4.005336891260841,0.1921575144826969
0.005,4.007271514342896,0.19207278502541003
0.005,4.00920613742495,0.19198811293995935
0.005,4.011140760507005,0.191903498565345
0.005,4.01307538358906,0.1918189422384747
0.005,4.0150100066711145,0.19173444429415945
0.005,4.016944629753169,0.1916500050651073
0.005,4.018879252835224,0.19156562488191944
0.005,4.020813875917279,0.19148130407308553
0.005,4.022748498999333,0.191397042964979
0.005,4.024683122081388,0.19131284188185346
0.005,4.026617745163443,0.19122870114583898
0.005,4.028552368245498,0.19114462107693816
0.005,4.030486991327552,0.19106060199302355
0.005,4.032421614409607,0.1909766442098337
0.005,4.034356237491661,0.19089274804097134
0.005,4.036290860573716,0.19080891379789985
0.005,4.03822548365577,0.19072514178994207
0.005,4.040160106737826,0.19064143232427713
0.005,4.04209472981988,0.1905577857059392
0.005,4.044029352901935,0.19047420223781547
0.005,4.045963975983989,0.19039068222064523
0.005,4.047898599066045,0.19030722595301788
0.005,4.049833222148099,0.19022383373137255
0.005,4.051767845230154,0.19014050584999703
0.005,4.053702468312208,0.19005724260102716
0.005,4.055637091394264,0.18997404427444625
0.005,4.0575717144763175,0.18989091115808565
0.005,4.059506337558373,0.18980784353762323
0.005,4.061440960640427,0.1897248416965853
0.005,4.0633755837224825,0.18964190591634555
0.005,4.065310206804536,0.18955903647612646
0.005,4.067244829886592,0.18947623365299943
0.005,4.069179452968646,0.18939349772188635
0.005,4.071114076050701,0.1893108289555598
0.005,4.073048699132755,0.18922822762464533
0.005,4.074983322214811,0.1891456939976219
0.005,4.076917945296865,0.18906322834082412
0.005,4.07885256837892,0.18898083091844364
0.005,4.080787191460974,0.18889850199253144
0.005,4.08272181454303,0.18881624182299925
0.005,4.084656437625084,0.18873405066762264
0.005,4.086591060707138,0.18865192878204273
0.005,4.088525683789193,0.1885698764197688
0.005,4.090460306871248,0.18848789383218137
0.005,4.0923949299533025,0.18840598126853453
0.005,4.094329553035357,0.18832413897595926
0.005,4.096264176117412,0.18824236719946638
0.005,4.098198799199467,0.1881606661819498
0.005,4.100133422281521,0.18807903616418978
0.005,4.102068045363576,0.18799747738485686
0.005,4.104002668445631,0.18791599008051507
0.005,4.1059372915276855,0.18783457448562574
0.005,4.10787191460974,0.18775323083255163
0.005,4.109806537691795,0.1876719593515608
0.005,4.11174116077385,0.18759076027083088
0.005,4.113675783855904,0.18750963381645283
0.005,4.115610406937959,0.1874285802124361
0.005,4.117545030020014,0.1873475996807126
0.005,4.1194796531020685,0.18726669244114133
0.005,4.121414276184123,0.1871858587115133
0.005,4.123348899266178,0.1871050987075561
0.005,4.125283522348233,0.18702441264293884
0.005,4.127218145430287,0.18694380072927752
0.005,4.129152768512342,0.18686326317613988
0.005,4.131087391594397,0.1867828001910504
0.005,4.133022014676452,0.1867024119794961
0.005,4.134956637758506,0.18662209874493155
0.005,4.13689126084056,0.1865418606887848
0.005,4.138825883922616,0.18646169801046245
0.005,4.14076050700467,0.18638161090735567
0.005,4.142695130086725,0.18630159957484604
0.005,4.144629753168779,0.18622166420631125
0.005,4.146564376250835,0.18614180499313096
0.005,4.1484989993328885,0.18606202212469306
0.005,4.150433622414944,0.18598231578839952
0.005,4.152368245496998,0.18590268616967284
0.005,4.1543028685790535,0.18582313345196214
0.005,4.156237491661107,0.18574365781674934
0.005,4.158172114743163,0.18566425944355594
0.005,4.160106737825217,0.18558493850994903
0.005,4.162041360907272,0.1855056951915484
0.005,4.163975983989326,0.18542652966203257
0.005,4.165910607071382,0.18534744209314574
0.005,4.167845230153436,0.1852684326547047
0.005,4.169779853235491,0.18518950151460506
0.005,4.171714476317545,0.18511064883882894
0.005,4.173649099399601,0.1850318747914509
0.005,4.1755837224816545,0.1849531795346459
0.005,4.17751834556371,0.1848745632286955
0.005,4.179452968645764,0.18479602603199563
0.005,4.18138759172782,0.18471756810106302
0.005,4.183322214809873,0.18463918959054307
0.005,4.185256837891928,0.18456089065321665
0.005,4.187191460973983,0.18448267144000763
0.005,4.189126084056038,0.1844045320999898
0.005,4.191060707138092,0.1843264727803949
0.005,4.192995330220147,0.1842484936266195
0.005,4.194929953302202,0.18417059478223258
0.005,4.1968645763842565,0.18409277638898328
0.005,4.198799199466311,0.18401503858680815
0.005,4.200733822548366,0.18393738151383884
0.005,4.202668445630421,0.18385980530640983
0.005,4.204603068712475,0.18378231009906576
0.005,4.20653769179453,0.18370489602456963
0.005,4.208472314876585,0.18362756321391
0.005,4.2104069379586395,0.1835503117963092
0.005,4.212341561040694,0.18347314189923064
0.005,4.214276184122749,0.1833960536483872
0.005,4.216210807204804,0.1833190471677485
0.005,4.218145430286858,0.18324212257954922
0.005,4.220080053368913,0.1831652800042967
0.005,4.222014676450968,0.1830885195607791
0.005,4.223949299533023,0.18301184136607318
0.005,4.225883922615077,0.1829352455355523
0.005,4.227818545697132,0.18285873218289456
0.005,4.229753168779187,0.18278230142009055
0.005,4.231687791861241,0.1827059533574518
0.005,4.233622414943296,0.18262968810361815
0.005,4.23555703802535,0.18255350576556675
0.005,4.237491661107406,0.1824774064486193
0.005,4.239426284189459,0.18240139025645077
0.005,4.241360907271515,0.18232545729109687
0.005,4.243295530353569,0.18224960765296297
0.005,4.2452301534356245,0.18217384144083174
0.005,4.247164776517678,0.18209815875187127
0.005,4.249099399599734,0.18202255968164355
0.005,4.251034022681788,0.1819470443241126
0.005,4.252968645763843,0.18187161277165226
0.005,4.254903268845897,0.18179626511505498
0.005,4.256837891927953,0.18172100144353945
0.005,4.258772515010007,0.18164582184475941
0.005,4.260707138092062,0.18157072640481137
0.005,4.262641761174116,0.18149571520824306
0.005,4.264576384256172,0.18142078833806172
0.005,4.2665110073382255,0.1813459458757422
0.005,4.268445630420281,0.1812711879012351
0.005,4.270380253502335,0.18119651449297544
0.005,4.272314876584391,0.1811219257278904
0.005,4.274249499666444,0.18104742168140778
0.005,4.2761841227485,0.18097300242746434
0.005,4.278118745830554,0.18089866803851395
0.005,4.2800533689126095,0.1808244185855357
0.005,4.281987991994663,0.18075025413804252
0.005,4.283922615076718,0.1806761747640887
0.005,4.285857238158773,0.1806021805302789
0.005,4.2877918612408275,0.1805282715017761
0.005,4.289726484322882,0.1804544477423097
0.005,4.291661107404937,0.18038070931418368
0.005,4.293595730486992,0.18030705627828508
0.005,4.295530353569046,0.18023348869409203
0.005,4.297464976651101,0.18016000661968204
0.005,4.299399599733156,0.18008661011174004
0.005,4.3013342228152105,0.18001329922556672
0.005,4.303268845897265,0.17994007401508677
0.005,4.30520346897932,0.17986693453285654
0.005,4.307138092061375,0.17979388083007303
0.005,4.309072715143429,0.1797209129565812
0.005,4.311007338225484,0.17964803096088278
0.005,4.312941961307539,0.17957523489014374
0.005,4.3148765843895935,0.17950252479020298
0.005,4.316811207471648,0.1794299007055802
0.005,4.318745830553703,0.17935736267948385
0.005,4.320680453635758,0.17928491075381942
0.005,4.322615076717812,0.17921254496919728
0.005,4.324549699799867,0.1791402653649409
0.005,4.326484322881922,0.1790680719790948
0.005,4.328418945963977,0.17899596484843258
0.005,4.330353569046031,0.1789239440084649
0.005,4.332288192128086,0.17885200949344748
0.005,4.33422281521014,0.178780161336389
0.005,4.3361574382921955,0.17870839956905912
0.005,4.338092061374249,0.17863672422199636
0.005,4.340026684456305,0.1785651353245159
0.005,4.341961307538359,0.17849363290471806
0.005,4.343895930620414,0.178422216989495
0.005,4.345830553702468,0.17835088760453996
0.005,4.347765176784524,0.17827964477435398
0.005,4.349699799866578,0.1782084885222545
0.005,4.351634422948633,0.17813741887038229
0.005,4.353569046030687,0.1780664358397104
0.005,4.355503669112743,0.1779955394500507
0.005,4.3574382921947965,0.17792472972006265
0.005,4.359372915276852,0.17785400666726012
0.005,4.361307538358906,0.17778337030801977
0.005,4.3632421614409616,0.17771282065758828
0.005,4.365176784523015,0.17764235773009046
0.005,4.367111407605071,0.1775719815385361
0.005,4.369046030687125,0.17750169209482855
0.005,4.37098065376918,0.17743148940977152
0.005,4.372915276851234,0.177361373493077
0.005,4.37484989993329,0.17729134435337265
0.005,4.376784523015344,0.17722140199820952
0.005,4.378719146097399,0.17715154643406933
0.005,4.380653769179453,0.1770817776663718
0.005,4.382588392261509,0.17701209569948254
0.005,4.384523015343563,0.17694250053672014
0.005,4.386457638425617,0.17687299218036345
0.005,4.388392261507672,0.17680357063165944
0.005,4.390326884589727,0.17673423589082984
0.005,4.3922615076717815,0.17666498795707905
0.005,4.394196130753836,0.17659582682860117
0.005,4.396130753835891,0.17652675250258723
0.005,4.398065376917946,0.1764577649752325
0.005,4.4,0.17638886424174383
0.01,1.5,0.14357030247406952
0.01,1.5019346230820547,0.14236487375929668
0.01,1.5038692461641094,0.14119417317134222
0.01,1.5058038692461642,0.14005777303468372
0.01,1.5077384923282189,0.1389552671947747
0.01,1.5096731154102736,0.13788626969215279
0.01,1.5116077384923283,0.13685041345100882
0.01,1.5135423615743828,0.13584734898138673
0.01,1.5154769846564375,0.1348767430945368
0.01,1.5174116077384923,0.13393827763131758
0.01,1.519346230820547,0.1330316482039055
0.01,1.5212808539026017,0.1321565629514662
0.01,1.5232154769846564,0.13131274131081636
0.01,1.5251501000667111,0.13049991280348772
0.01,1.5270847231487659,0.1297178158409811
0.01,1.5290193462308206,0.12896619655035188
0.01,1.5309539693128753,0.1282448076226126
0.01,1.53288859239493,0.12755340718675026
0.01,1.5348232154769847,0.12689175771243724
0.01,1.5367578385590395,0.12625962494475856
0.01,1.538692461641094,0.12565677687447688
0.01,1.5406270847231487,0.12508298274750185
0.01,1.5425617078052034,0.12453801211732735
0.01,1.5444963308872581,0.1240216339442266
0.01,1.5464309539693128,0.12353361574496521
0.01,1.5483655770513676,0.12307372279669587
0.01,1.5503002001334223,0.12264171739852792
0.01,1.552234823215477,0.12223735819403522
0.01,1.5541694462975317,0.12186039955766584
0.01,1.5561040693795865,0.12151059104765338
0.01,1.5580386924616412,0.12118767692761473
0.01,1.559973315543696,0.12089139575854316
0.01,1.5619079386257506,0.12062148006239357
0.01,1.5638425617078051,0.12037765605790446
0.01,1.5657771847898598,0.12015964346872535
0.01,1.5677118078719146,0.11996715540332456
0.01,1.5696464309539693,0.11979989830555698
0.01,1.571581054036024,0.11965757197417998
0.01,1.5735156771180787,0.11953986964903188
0.01,1.5754503002001334,0.11944647816104356
0.01,1.5773849232821882,0.11937707814274312
0.01,1.5793195463642429,0.1193313442954542
0.01,1.5812541694462976,0.11930894570897865
0.01,1.5831887925283523,0.11930954622920797
0.01,1.585123415610407,0.11933280486882292
0.01,1.5870580386924615,0.11937837625602751
0.01,1.5889926617745163,0.1194459111161163
0.01,1.590927284856571,0.11953505678059723
0.01,1.5928619079386257,0.11964545771858523
0.01,1.5947965310206804,0.11977675608523614
0.01,1.5967311541027351,0.11992859228210836
0.01,1.5986657771847899,0.12010060552451213
0.01,1.6006004002668446,0.12029243441112886
0.01,1.6025350233488993,0.12050371749144714
0.01,1.604469646430954,0.12073409382686456
0.01,1.6064042695130087,0.12098320354163378
0.01,1.6083388925950635,0.12125068836018402
0.01,1.6102735156771182,0.12153619212771388
0.01,1.612208138759173,0.12183936131132811
0.01,1.6141427618412274,0.12215984547936504
0.01,1.6160773849232821,0.12249729775693538
0.01,1.6180120080053368,0.12285137525605494
0.01,1.6199466310873916,0.12322173947910381
0.01,1.6218812541694463,0.12360805669467873
0.01,1.623815877251501,0.1240099982852165
0.01,1.6257505003335557,0.12442724106605654
0.01,1.6276851234156104,0.12485946757587862
0.01,1.6296197464976652,0.1253063663386911
0.01,1.6315543695797199,0.12576763209776215
0.01,1.6334889926617746,0.12624296602207405
0.01,1.6354236157438293,0.12673207588604904
0.01,1.6373582388258838,0.12723467622343068
0.01,1.6392928619079385,0.12775048845632628
0.01,1.6412274849899933,0.12827924100050497
0.01,1.643162108072048,0.12882066934812675
0.01,1.6450967311541027,0.12937451612912504
0.01,1.6470313542361574,0.12994053115250861
0.01,1.6489659773182122,0.13051847142886755
0.01,1.6509006004002669,0.13110810117537455
0.01,1.6528352234823216,0.13170919180457105
0.01,1.6547698465643763,0.13232152189820842
0.01,1.656704469646431,0.13294487716739262
0.01,1.6586390927284858,0.13357905040024537
0.01,1.6605737158105405,0.1342238413982576
0.01,1.6625083388925952,0.13487905690246635
0.01,1.66444296197465,0.13554451051053584
0.01,1.6663775850567044,0.13622002258577556
0.01,1.6683122081387591,0.136905420159071
0.01,1.6702468312208139,0.13760053682465012
0.01,1.6721814543028686,0.13830521263055204
0.01,1.6741160773849233,0.1390192939646092
0.01,1.676050700466978,0.13974263343670026
0.01,1.6779853235490327,0.1404750897579738
0.01,1.6799199466310875,0.14121652761769501
0.01,1.6818545697131422,0.14196681755831178
0.01,1.683789192795197,0.14272583584929147
0.01,1.6857238158772516,0.14349346436022853
0.01,1.6876584389593061,0.14426959043368245
0.01,1.6895930620413608,0.1450541067581597
0.01,1.6915276851234156,0.14584691124161214
0.01,1.6934623082054703,0.14664790688579343
0.01,1.695396931287525,0.147457001661767
0.01,1.6973315543695797,0.1482741083868402
0.01,1.6992661774516344,0.1490991446031536
0.01,1.7012008005336892,0.14993203245814093
0.01,1.7031354236157439,0.15077269858703185
0.01,1.7050700466977986,0.1516210739975597
0.01,1.7070046697798533,0.15247709395700648
0.01,1.708939292861908,0.15334069788169316
0.01,1.7108739159439628,0.15421182922901594
0.01,1.7128085390260175,0.1550904353920963
0.01,1.714743162108072,0.1559764675971131
0.01,1.7166777851901267,0.1568698808033551
0.01,1.7186124082721814,0.1577706336060316
0.01,1.7205470313542361,0.15867868814186148
0.01,1.7224816544362909,0.15959400999744855
0.01,1.7244162775183456,0.1605165681204491
0.01,1.7263509006004003,0.1614463347335204
0.01,1.728285523682455,0.16238328525103887
0.01,1.7302201467645097,0.16332739819856482
0.01,1.7321547698465645,0.16427865513502932
0.01,1.7340893929286192,0.16523704057761
0.01,1.736024016010674,0.16620254192926087
0.01,1.7379586390927284,0.16717514940885755
0.01,1.7398932621747831,0.16815485598391322
0.01,1.7418278852568378,0.1691416573058228
0.01,1.7437625083388926,0.170135551647586
0.01,1.7456971314209473,0.17113653984396254
0.01,1.747631754503002,0.17214462523400703
0.01,1.7495663775850567,0.17315981360593447
0.01,1.7515010006671115,0.17418211314426313
0.01,1.7534356237491662,0.1752115343791823
0.01,1.755370246831221,0.17624809013809453
0.01,1.7573048699132756,0.17729179549927715
0.01,1.7592394929953303,0.1783426677476132
0.01,1.761174116077385,0.17940072633233817
0.01,1.7631087391594398,0.1804659928267538
0.01,1.7650433622414945,0.1815384908898545
0.01,1.766977985323549,0.182618246229821
0.01,1.7689126084056037,0.18370528656933013
0.01,1.7708472314876584,0.18479964161263077
0.01,1.7727818545697132,0.1859013430143444
0.01,1.7747164776517679,0.18701042434993886
0.01,1.7766511007338226,0.18812692108783477
0.01,1.7785857238158773,0.18925087056309783
0.01,1.780520346897932,0.19038231195267785
0.01,1.7824549699799868,0.1915212862521513
0.01,1.7843895930620415,0.19266783625392725
0.01,1.786324216144096,0.19382200652688078
0.01,1.7882588392261507,0.19498384339737307
0.01,1.7901934623082054,0.1961533949316245
0.01,1.7921280853902601,0.19733071091940504
0.01,1.7940627084723149,0.19851584285900825
0.01,1.7959973315543696,0.19970884394347765
0.01,1.7979319546364243,0.2009097690480515
0.01,1.799866577718479,0.20211867471880035
0.01,1.8018012008005337,0.20333561916242343
0.01,1.8037358238825885,0.20456066223718236
0.01,1.8056704469646432,0.20579386544493866
0.01,1.807605070046698,0.2070352919242773
0.01,1.8095396931287526,0.20828500644468503
0.01,1.8114743162108073,0.20954307540176575
0.01,1.813408939292862,0.2108095668134683
0.01,1.8153435623749168,0.21208455031730505
0.01,1.8172781854569713,0.2133680971685439
0.01,1.819212808539026,0.21466028023935185
0.01,1.8211474316210807,0.2159611740188739
0.01,1.8230820547031354,0.2172708546142289
0.01,1.8250166777851902,0.21858939975240757
0.01,1.8269513008672449,0.21991688878305657
0.01,1.8288859239492996,0.22125340268213306
0.01,1.8308205470313543,0.22259902405641907
0.01,1.832755170113409,0.22395383714887918
0.01,1.8346897931954638,0.22531792784485388
0.01,1.8366244162775183,0.226691383679072
0.01,1.838559039359573,0.22807429384347813
0.01,1.8404936624416277,0.2294667491958599
0.01,1.8424282855236824,0.2308688422692684
0.01,1.8443629086057372,0.2322806672822253
0.01,1.8462975316877919,0.2337023201497041
0.01,1.8482321547698466,0.23513389849488558
0.01,1.8501667778519013,0.23657550166167346
0.01,1.852101400933956,0.23802723072797152
0.01,1.8540360240160108,0.23948918851971224
0.01,1.8559706470980655,0.24096147962563516
0.01,1.8579052701801202,0.24244421041281103
0.01,1.859839893262175,0.24393748904290585
0.01,1.8617745163442296,0.24544142548918635
0.01,1.8637091394262844,0.24695613155426044
0.01,1.865643762508339,0.24848172088855422
0.01,1.8675783855903936,0.25001830900952143
0.01,1.8695130086724483,0.2515660133215883
0.01,1.871447631754503,0.2531249531368292
0.01,1.8733822548365577,0.25469524969637675
0.01,1.8753168779186125,0.25627702619256604
0.01,1.8772515010006672,0.2578704077918129
0.01,1.879186124082722,0.25947552165823
0.01,1.8811207471647766,0.2610924969779795
0.01,1.8830553702468313,0.26272146498436943
0.01,1.884989993328886,0.2643625589836905
0.01,1.8869246164109406,0.26601591438180117
0.01,1.8888592394929953,0.2676816687114643
0.01,1.89079386257505,0.2693599616604326
0.01,1.8927284856571047,0.2710509351002987
0.01,1.8946631087391594,0.27275473311610177
0.01,1.8965977318212142,0.2744715020367061
0.01,1.8985323549032689,0.2762013904659475
0.01,1.9004669779853236,0.2779445493145604
0.01,1.9024016010673783,0.2797011318328876
0.01,1.904336224149433,0.28147129364437723
0.01,1.9062708472314878,0.2832551927798774
0.01,1.9082054703135425,0.285052989712729
0.01,1.9101400933955972,0.2868648473946705
0.01,1.912074716477652,0.2886909312925531
0.01,1.9140093395597066,0.2905314094258809
0.01,1.9159439626417614,0.29238645240517747
0.01,1.9178785857238159,0.2942562334711881
0.01,1.9198132088058706,0.2961409285349286
0.01,1.9217478318879253,0.29804071621857836
0.01,1.92368245496998,0.2999557778972378
0.01,1.9256170780520347,0.3018862977415466
0.01,1.9275517011340895,0.3038324627611796
0.01,1.9294863242161442,0.30579446284921696
0.01,1.931420947298199,0.3077724908274109
0.01,1.9333555703802536,0.3097667424923422
0.01,1.9352901934623084,0.31177741666248204
0.01,1.9372248165443628,0.3138047152261655
0.01,1.9391594396264176,0.3158488431904832
0.01,1.9410940627084723,0.3179100087310964
0.01,1.943028685790527,0.31998842324298615
0.01,1.9449633088725817,0.32208430139213917
0.01,1.9468979319546365,0.3241978611681841
0.01,1.9488325550366912,0.32632932393797115
0.01,1.950767178118746,0.3284789145001154
0.01,1.9527018012008006,0.33064686114049874
0.01,1.9546364242828553,0.3328333956887411
0.01,1.95657104736491,0.3350387535756409
0.01,1.9585056704469648,0.3372631738915924
0.01,1.9604402935290195,0.3395068994459801
0.01,1.9623749166110742,0.34177017682755306
0.01,1.964309539693129,0.34405325646578505
0.01,1.9662441627751837,0.34635639269321006
0.01,1.9681787858572382,0.34867984380874645
0.01,1.9701134089392929,0.3510238721420023
0.01,1.9720480320213476,0.35338874411855414
0.01,1.9739826551034023,0.35577473032620516
0.01,1.975917278185457,0.3581821055822121
0.01,1.9778519012675118,0.3606111490014791
0.01,1.9797865243495665,0.36306214406570025
0.01,1.9817211474316212,0.36553537869345465
0.01,1.983655770513676,0.36803114531123426
0.01,1.9855903935957306,0.37054974092539456
0.01,1.9875250166777851,0.3730914671950074
0.01,1.9894596397598399,0.375656630505606
0.01,1.9913942628418946,0.3782455420437986
0.01,1.9933288859239493,0.38085851787272335
0.01,1.995263509006004,0.38349587900832843
0.01,1.9971981320880587,0.3861579514964387
0.01,1.9991327551701135,0.38884506649058864
0.01,2.001067378252168,0.3915575603305723
0.01,2.003002001334223,0.3942957746216854
0.01,2.0049366244162776,0.3970600563146065
0.01,2.0068712474983323,0.39985075778587736
0.01,2.008805870580387,0.4026682369189269
0.01,2.010740493662442,0.4055128571855814
0.01,2.0126751167444965,0.40838498772800436
0.01,2.0146097398265512,0.41128500344099495
0.01,2.016544362908606,0.4142132850545768
0.01,2.0184789859906607,0.41717021921678815
0.01,2.0204136090727154,0.42015619857660164
0.01,2.02234823215477,0.42317162186686946
0.01,2.024282855236825,0.4262168939872001
0.01,2.0262174783188796,0.4292924260866564
0.01,2.0281521014009343,0.43239863564615216
0.01,2.030086724482989,0.43553594656043454
0.01,2.0320213475650437,0.4387047892195014
0.01,2.033955970647098,0.4419056005893188
0.01,2.0358905937291527,0.44513882429167456
0.01,2.0378252168112074,0.44840491068299765
0.01,2.039759839893262,0.45170431693197477
0.01,2.041694462975317,0.4550375070957444
0.01,2.0436290860573716,0.4584049521944948
0.01,2.0455637091394263,0.4618071302842016
0.01,2.047498332221481,0.4652445265273031
0.01,2.0494329553035358,0.4687176332610245
0.01,2.0513675783855905,0.4722269500631035
0.01,2.053302201467645,0.47577298381460914
0.01,2.0552368245497,0.47935624875953364
0.01,2.0571714476317546,0.4829772665608439
0.01,2.0591060707138094,0.4866365663526131
0.01,2.061040693795864,0.4903346847878672
0.01,2.062975316877919,0.4940721660817222
0.01,2.0649099399599735,0.49784956204939834
0.01,2.0668445630420282,0.5016674321386234
0.01,2.068779186124083,0.5055263434559597
0.01,2.0707138092061372,0.5094268707865055
0.01,2.072648432288192,0.5133695966064252
0.01,2.0745830553702467,0.5173551110877083
0.01,2.0765176784523014,0.5213840120945206
0.01,2.078452301534356,0.525456905170488
0.01,2.080386924616411,0.5295744035161798
0.01,2.0823215476984656,0.5337371279560413
0.01,2.0842561707805203,0.5379457068939684
0.01,2.086190793862575,0.5422007762566586
0.01,2.0881254169446297,0.5465029794238364
0.01,2.0900600400266844,0.5508529671443851
0.01,2.091994663108739,0.5552513974373615
0.01,2.093929286190794,0.5596989354767948
0.01,2.0958639092728486,0.5641962534591469
0.01,2.0977985323549033,0.5687440304521858
0.01,2.099733155436958,0.5733429522239967
0.01,2.1016677785190128,0.5779937110507677
0.01,2.1036024016010675,0.5826970055018893
0.01,2.105537024683122,0.5874535402008576
0.01,2.107471647765177,0.592264025560351
0.01,2.1094062708472316,0.5971291774897911
0.01,2.1113408939292864,0.6020497170735581
0.01,2.113275517011341,0.607026370217994
0.01,2.115210140093396,0.6120598672651587
0.01,2.1171447631754505,0.617150942571238
0.01,2.1190793862575052,0.6223003340473809
0.01,2.12101400933956,0.627508782660598
0.01,2.1229486324216147,0.6327770318922821
0.01,2.1248832555036694,0.6381058271517317
0.01,2.126817878585724,0.6434959151419695
0.01,2.128752501667779,0.6489480431749651
0.01,2.1306871247498336,0.6544629584332973
0.01,2.1326217478318883,0.6600414071750634
0.01,2.1345563709139426,0.6656841338787755
0.01,2.1364909939959973,0.6713918803247715
0.01,2.138425617078052,0.6771653846095251
0.01,2.1403602401601067,0.6830053800891263
0.01,2.1422948632421615,0.6889125942479603
0.01,2.144229486324216,0.6948877474885248
0.01,2.146164109406271,0.7009315518381216
0.01,2.1480987324883256,0.7070447095679857
0.01,2.1500333555703803,0.7132279117202948
0.01,2.151967978652435,0.7194818365382902
0.01,2.1539026017344898,0.7258071477946115
0.01,2.1558372248165445,0.7322044930127729
0.01,2.157771847898599,0.7386745015765805
0.01,2.159706470980654,0.7452177827221312
0.01,2.1616410940627087,0.7518349234069064
0.01,2.1635757171447634,0.7585264860503685
0.01,2.165510340226818,0.7652930061403336
0.01,2.167444963308873,0.7721349896993511
0.01,2.1693795863909275,0.7790529106052162
0.01,2.171314209472982,0.7860472077597311
0.01,2.1732488325550365,0.7931182820997933
0.01,2.1751834556370913,0.8002664934449362
0.01,2.177118078719146,0.8074921571755006
0.01,2.1790527018012007,0.8147955407356972
0.01,2.1809873248832554,0.822176859956018
0.01,2.18292194796531,0.8296362751895986
0.01,2.184856571047365,0.8371738872574696
0.01,2.1867911941294196,0.8447897331979158
0.01,2.1887258172114743,0.8524837818156119
0.01,2.190660440293529,0.8602559290266824
0.01,2.1925950633755837,0.8681059929964178
0.01,2.1945296864576385,0.8760337090671011
0.01,2.196464309539693,0.8840387244741635
0.01,2.198398932621748,0.8921205928498541
0.01,2.2003335557038026,0.9002787685145996
0.01,2.2022681787858573,0.9085126005575264
0.01,2.204202801867912,0.9168213267088642
0.01,2.206137424949967,0.9252040670085341
0.01,2.2080720480320215,0.933659817276893
0.01,2.2100066711140762,0.9421874423954394
0.01,2.211941294196131,0.9507856694074373
0.01,2.2138759172781857,0.9594530804505792
0.01,2.2158105403602404,0.9681881055363778
0.01,2.217745163442295,0.9769890151935919
0.01,2.21967978652435,0.9858539129959971
0.01,2.2216144096064045,0.9947807279978794
0.01,2.2235490326884593,1.0037672071040433
0.01,2.225483655770514,1.0128109074047205
0.01,2.2274182788525687,1.0219091885095384
0.01,2.2293529019346234,1.0310592049188039
0.01,2.231287525016678,1.0402578984744857
0.01,2.233222148098733,1.0495019909377432
0.01,2.235156771180787,1.0587879767443047
0.01,2.237091394262842,1.0681121159937714
0.01,2.2390260173448966,1.0774704277334886
0.01,2.2409606404269513,1.086858683602559
0.01,2.242895263509006,1.0962724019061854
0.01,2.2448298865910608,1.1057068421951994
0.01,2.2467645096731155,1.1151570004302087
0.01,2.24869913275517,1.1246176048138925
0.01,2.250633755837225,1.1340831123790258
0.01,2.2525683789192796,1.1435477064232276
0.01,2.2545030020013344,1.1530052948843497
0.01,2.256437625083389,1.1624495097527918
0.01,2.258372248165444,1.1718737076184738
0.01,2.2603068712474985,1.1812709714507965
0.01,2.2622414943295532,1.1906341137095686
0.01,2.264176117411608,1.199955680883207
0.01,2.2661107404936627,1.2092279595476658
0.01,2.2680453635757174,1.2184429840352433
0.01,2.269979986657772,1.2275925457965475
0.01,2.2719146097398264,1.2366682045314439
0.01,2.273849232821881,1.2456613011555826
0.01,2.275783855903936,1.2545629726580432
0.01,2.2777184789859906,1.2633641688929031
0.01,2.2796531020680453,1.2720556713326936
0.01,2.2815877251501,1.2806281137953315
0.01,2.2835223482321547,1.2890720051377453
0.01,2.2854569713142094,1.297377753889565
0.01,2.287391594396264,1.3055356947787526
0.01,2.289326217478319,1.3135361170784499
0.01,2.2912608405603736,1.321369294680471
0.01,2.2931954636424283,1.3290255177764303
0.01,2.295130086724483,1.3364951260026234
0.01,2.2970647098065378,1.3437685428798445
0.01,2.2989993328885925,1.3508363113549384
0.01,2.300933955970647,1.35768913022726
0.01,2.302868579052702,1.3643178912210487
0.01,2.3048032021347566,1.37071371644438
0.01,2.3067378252168114,1.3768679959574075
0.01,2.308672448298866,1.3827724251574518
0.01,2.310607071380921,1.3884190416766775
0.01,2.3125416944629755,1.393800261479961
0.01,2.3144763175450302,1.3989089138464548
0.01,2.316410940627085,1.4037382749186962
0.01,2.3183455637091397,1.4082820995078296
0.01,2.3202801867911944,1.412534650853102
0.01,2.322214809873249,1.4164907280478602
0.01,2.324149432955304,1.4201456908630912
0.01,2.3260840560373586,1.4234954817226246
0.01,2.3280186791194133,1.426536644611332
0.01,2.329953302201468,1.4292663407285426
0.01,2.3318879252835227,1.4316823607329048
0.01,2.333822548365577,1.433783133461599
0.01,2.3357571714476317,1.4355677310453534
0.01,2.3376917945296865,1.4370358703805741
0.01,2.339626417611741,1.438187910960242
0.01,2.341561040693796,1.4390248491053839
0.01,2.3434956637758506,1.4395483086781258
0.01,2.3454302868579053,1.4397605283949129
0.01,2.34736490993996,1.439664345893721
0.01,2.3492995330220148,1.439263178741518
0.01,2.3512341561040695,1.4385610025971765
0.01,2.353168779186124,1.4375623267702708
0.01,2.355103402268179,1.4362721674371777
0.01,2.3570380253502337,1.434696018792623
0.01,2.3589726484322884,1.4328398224269787
0.01,2.360907271514343,1.430709935227349
0.01,2.362841894596398,1.4283130961037263
0.01,2.3647765176784525,1.4256563918405762
0.01,2.3667111407605073,1.4227472223692381
0.01,2.368645763842562,1.4195932657478747
0.01,2.3705803869246167,1.416202443123765
0.01,2.372515010006671,1.4125828839379269
0.01,2.3744496330887257,1.408742891614685
0.01,2.3763842561707804,1.4046909099596268
0.01,2.378318879252835,1.4004354904684602
0.01,2.38025350233489,1.3959852607274734
0.01,2.3821881254169446,1.3913488940637295
0.01,2.3841227484989993,1.3865350805803347
0.01,2.386057371581054,1.381552499689519
0.01,2.3879919946631087,1.3764097942340585
0.01,2.3899266177451635,1.3711155462661986
0.01,2.391861240827218,1.3656782545328274
0.01,2.393795863909273,1.3601063136965055
0.01,2.3957304869913276,1.3544079953041384
0.01,2.3976651100733823,1.348591430498827
0.01,2.399599733155437,1.3426645944556808
0.01,2.401534356237492,1.3366352925093146
0.01,2.4034689793195465,1.3305111479292848
0.01,2.4054036024016012,1.3242995912898352
0.01,2.407338225483656,1.3180078513720745
0.01,2.4092728485657107,1.311642947529888
0.01,2.4112074716477654,1.3052116834455447
0.01,2.41314209472982,1.298720642196873
0.01,2.415076717811875,1.2921761825551192
0.01,2.4170113408939295,1.285584436430835
0.01,2.4189459639759843,1.2789513073844765
0.01,2.420880587058039,1.2722824701185862
0.01,2.4228152101400937,1.265583370869349
0.01,2.4247498332221484,1.2588592286170068
0.01,2.426684456304203,1.2521150370367875
0.01,2.428619079386258,1.2453555671147025
0.01,2.4305537024683126,1.2385853703556013
0.01,2.4324883255503673,1.2318087825142743
0.01,2.4344229486324216,1.2250299277839318
0.01,2.4363575717144763,1.2182527233801477
0.01,2.438292194796531,1.2114808844622273
0.01,2.4402268178785858,1.2047179293377386
0.01,2.4421614409606405,1.1979671848999212
0.01,2.444096064042695,1.1912317922514488
0.01,2.44603068712475,1.1845147124717865
0.01,2.4479653102068046,1.1778187324890577
0.01,2.4498999332888594,1.1711464710207857
0.01,2.451834556370914,1.1645003845513247
0.01,2.453769179452969,1.1578827733169479
0.01,2.4557038025350235,1.1512957872726608
0.01,2.4576384256170782,1.1447414320176172
0.01,2.459573048699133,1.1382215746587732
0.01,2.4615076717811877,1.131737949594904
0.01,2.4634422948632424,1.1252921642054308
0.01,2.465376917945297,1.118885704430731
0.01,2.467311541027352,1.1125199402325365
0.01,2.4692461641094066,1.1061961309248989
0.01,2.4711807871914613,1.0999154303678738
0.01,2.4731154102735156,1.0936788920176084
0.01,2.4750500333555703,1.0874874738278628
0.01,2.476984656437625,1.0813420429993095
0.01,2.4789192795196797,1.075243380574025
0.01,2.4808539026017344,1.069192185873596
0.01,2.482788525683789,1.0631890807802276
0.01,2.484723148765844,1.0572346138608941
0.01,2.4866577718478986,1.051329264335419
0.01,2.4885923949299533,1.0454734458898773
0.01,2.490527018012008,1.0396675103372783
0.01,2.4924616410940628,1.0339117511279465
0.01,2.4943962641761175,1.0282064067123833
0.01,2.496330887258172,1.022551663759741
0.01,2.498265510340227,1.016947660235292
0.01,2.5002001334222816,1.0113944883405221
0.01,2.5021347565043364,1.0058921973196164
0.01,2.504069379586391,1.0004407961362822
0.01,2.506004002668446,0.9950402560249184
0.01,2.5079386257505005,0.9896905129202346
0.01,2.5098732488325552,0.9843914697694536
0.01,2.51180787191461,0.9791429987312382
0.01,2.5137424949966647,0.9739449432654931
0.01,2.5156771180787194,0.9687971201181453
0.01,2.517611741160774,0.9636993212049993
0.01,2.519546364242829,0.9586513153986633
0.01,2.5214809873248836,0.9536528502225116
0.01,2.5234156104069383,0.9487036534555505
0.01,2.525350233488993,0.9438034346519742
0.01,2.5272848565710477,0.9389518865791145
0.01,2.5292194796531025,0.9341486865773627
0.01,2.531154102735157,0.9293934978455735
0.01,2.533088725817212,0.9246859706553193
0.01,2.5350233488992666,0.9200257434973017
0.01,2.5369579719813213,0.915412444163051
0.01,2.538892595063376,0.9108456907650105
0.01,2.5408272181454303,0.9063250926979292
0.01,2.542761841227485,0.9018502515443942
0.01,2.5446964643095398,0.8974207619272853
0.01,2.5466310873915945,0.8930362123116963
0.01,2.548565710473649,0.8886961857588984
0.01,2.550500333555704,0.8844002606347425
0.01,2.5524349566377587,0.8801480112747894
0.01,2.5543695797198134,0.8759390086084291
0.01,2.556304202801868,0.8717728207440524
0.01,2.558238825883923,0.867649013517337
0.01,2.5601734489659775,0.8635671510045452
0.01,2.5621080720480323,0.8595267960027251
0.01,2.564042695130087,0.8555275104785208
0.01,2.5659773182121413,0.851568855987312
0.01,2.567911941294196,0.8476503940642434
0.01,2.5698465643762507,0.8437716865887074
0.01,2.5717811874583054,0.8399322961236952
0.01,2.57371581054036,0.8361317862314095
0.01,2.575650433622415,0.8323697217664456
0.01,2.5775850567044696,0.828645669147793
0.01,2.5795196797865243,0.824959196610835
0.01,2.581454302868579,0.8213098744404796
0.01,2.5833889259506337,0.8176972751864795
0.01,2.5853235490326885,0.814120973861967
0.01,2.587258172114743,0.8105805481261533
0.01,2.589192795196798,0.8070755784521241
0.01,2.5911274182788526,0.8036056482805743
0.01,2.5930620413609073,0.8001703441603212
0.01,2.594996664442962,0.7967692558763646
0.01,2.596931287525017,0.7934019765662316
0.01,2.5988659106070715,0.7900681028253126
0.01,2.6008005336891262,0.7867672348018367
0.01,2.602735156771181,0.7834989762821224
0.01,2.6046697798532357,0.7802629347666873
0.01,2.6066044029352904,0.7770587215377953
0.01,2.608539026017345,0.7738859517189446
0.01,2.6104736490994,0.7707442443268218
0.01,2.6124082721814545,0.7676332223161852
0.01,2.6143428952635093,0.7645525126181245
0.01,2.616277518345564,0.7615017461721322
0.01,2.6182121414276187,0.7584805579523684
0.01,2.6201467645096734,0.755488586988517
0.01,2.622081387591728,0.7525254763815739
0.01,2.624016010673783,0.7495908733149197
0.01,2.6259506337558376,0.7466844290609808
0.01,2.6278852568378923,0.7438057989837901
0.01,2.629819879919947,0.7409546425377261
0.01,2.6317545030020018,0.738130623262698
0.01,2.6336891260840565,0.7353334087760335
0.01,2.635623749166111,0.7325626707612983
0.01,2.637558372248166,0.729818084954283
0.01,2.6394929953302206,0.7270993311263554
0.01,2.641427618412275,0.7244060930653942
0.01,2.6433622414943296,0.7217380585544696
0.01,2.6452968645763844,0.7190949193484721
0.01,2.647231487658439,0.7164763711488352
0.01,2.649166110740494,0.7138821135765153
0.01,2.6511007338225485,0.7113118501433859
0.01,2.6530353569046032,0.7087652882221651
0.01,2.654969979986658,0.7062421390150224
0.01,2.6569046030687127,0.7037421175209807
0.01,2.6588392261507674,0.7012649425022259
0.01,2.660773849232822,0.6988103364494405
0.01,2.662708472314877,0.6963780255462514
0.01,2.6646430953969316,0.6939677396328936
0.01,2.666577718478986,0.691579212169178
0.01,2.6685123415610406,0.6892121801968449
0.01,2.6704469646430953,0.6868663843013859
0.01,2.67238158772515,0.6845415685733984
0.01,2.6743162108072047,0.6822374805695498
0.01,2.6762508338892594,0.6799538712732113
0.01,2.678185456971314,0.6776904950548249
0.01,2.680120080053369,0.6754471096320521
0.01,2.6820547031354236,0.6732234760297644
0.01,2.6839893262174783,0.6710193585399209
0.01,2.685923949299533,0.6688345246813748
0.01,2.6878585723815878,0.6666687451596608
0.01,2.6897931954636425,0.664521793826792
0.01,2.691727818545697,0.6623934476411067
0.01,2.693662441627752,0.6602834866272032
0.01,2.6955970647098066,0.6581916938359884
0.01,2.6975316877918614,0.6561178553048711
0.01,2.699466310873916,0.654061760018128
0.01,2.701400933955971,0.6520231998674646
0.01,2.7033355570380255,0.6500019696127981
0.01,2.7052701801200802,0.6479978668432795
0.01,2.707204803202135,0.6460106919385765
0.01,2.7091394262841897,0.6440402480304336
0.01,2.7110740493662444,0.6420863409645231
0.01,2.713008672448299,0.6401487792626142
0.01,2.714943295530354,0.6382273740850537
0.01,2.7168779186124086,0.6363219391935871
0.01,2.7188125416944633,0.6344322909145247
0.01,2.720747164776518,0.6325582481022601
0.01,2.7226817878585727,0.6306996321031584
0.01,2.7246164109406275,0.628856266719811
0.01,2.726551034022682,0.6270279781756739
0.01,2.728485657104737,0.6252145950800873
0.01,2.7304202801867916,0.6234159483936902
0.01,2.7323549032688463,0.6216318713942278
0.01,2.734289526350901,0.6198621996427569
0.01,2.7362241494329558,0.6181067709502563
0.01,2.7381587725150105,0.6163654253446398
0.01,2.740093395597065,0.6146380050381778
0.01,2.7420280186791195,0.6129243543953278
0.01,2.743962641761174,0.611224319900969
0.01,2.745897264843229,0.6095377501290563
0.01,2.7478318879252837,0.607864495711675
0.01,2.7497665110073384,0.6062044093085112
0.01,2.751701134089393,0.6045573455767284
0.01,2.753635757171448,0.6029231611412542
0.01,2.7555703802535025,0.6013017145654699
0.01,2.7575050033355573,0.5996928663223104
0.01,2.759439626417612,0.5980964787657636
0.01,2.7613742494996667,0.5965124161027714
0.01,2.7633088725817214,0.5949405443655296
0.01,2.765243495663776,0.593380731384183
0.01,2.7671781187458304,0.5918328467599161
0.01,2.769112741827885,0.5902967618384297
0.01,2.77104736490994,0.5887723496838091
0.01,2.7729819879919946,0.5872594850527725
0.01,2.7749166110740493,0.5857580443693007
0.01,2.776851234156104,0.5842679056996439
0.01,2.7787858572381587,0.5827889487277019
0.01,2.7807204803202135,0.5813210547307721
0.01,2.782655103402268,0.5798641065556629
0.01,2.784589726484323,0.5784179885951706
0.01,2.7865243495663776,0.5769825867649112
0.01,2.7884589726484323,0.5755577884805076
0.01,2.790393595730487,0.5741434826351246
0.01,2.792328218812542,0.5727395595773477
0.01,2.7942628418945965,0.5713459110894075
0.01,2.7961974649766512,0.5699624303657356
0.01,2.798132088058706,0.5685890119918559
0.01,2.8000667111407607,0.5672255519236006
0.01,2.8020013342228154,0.5658719474666566
0.01,2.80393595730487,0.5645280972564237
0.01,2.805870580386925,0.5631939012381927
0.01,2.8078052034689795,0.5618692606476329
0.01,2.8097398265510343,0.5605540779915866
0.01,2.811674449633089,0.5592482570291669
0.01,2.8136090727151437,0.5579517027531502
0.01,2.8155436957971984,0.5566643213716685
0.01,2.817478318879253,0.555386020290183
0.01,2.819412941961308,0.5541167080937514
0.01,2.8213475650433626,0.552856294529572
0.01,2.8232821881254173,0.5516046904898049
0.01,2.825216811207472,0.550361807994667
0.01,2.8271514342895268,0.5491275601757962
0.01,2.8290860573715815,0.5479018612598792
0.01,2.831020680453636,0.5466846265525415
0.01,2.832955303535691,0.545475772422493
0.01,2.8348899266177456,0.544275216285926
0.01,2.8368245496998004,0.5430828765911642
0.01,2.838759172781855,0.5418986728035546
0.01,2.84069379586391,0.540722525390602
0.01,2.842628418945964,0.5395543558073391
0.01,2.844563042028019,0.5383940864819315
0.01,2.8464976651100735,0.5372416408015147
0.01,2.8484322881921282,0.5360969430982522
0.01,2.850366911274183,0.5349599186356218
0.01,2.8523015343562377,0.5338304935949171
0.01,2.8542361574382924,0.5327085950619657
0.01,2.856170780520347,0.531594151014061
0.01,2.858105403602402,0.5304870903071011
0.01,2.8600400266844566,0.5293873426629325
0.01,2.8619746497665113,0.5282948386568962
0.01,2.863909272848566,0.5272095097055751
0.01,2.8658438959306207,0.5261312880547321
0.01,2.867778519012675,0.5250601067674433
0.01,2.8697131420947297,0.5239958997124199
0.01,2.8716477651767844,0.5229386015525153
0.01,2.873582388258839,0.5218881477334156
0.01,2.875517011340894,0.520844474472511
0.01,2.8774516344229486,0.5198075187479406
0.01,2.8793862575050033,0.5187772182878148
0.01,2.881320880587058,0.5177535115596062
0.01,2.8832555036691128,0.516736337759711
0.01,2.8851901267511675,0.5157256368031727
0.01,2.887124749833222,0.514721349313573
0.01,2.889059372915277,0.5137234166130759
0.01,2.8909939959973316,0.512731780712636
0.01,2.8929286190793864,0.5117463843023571
0.01,2.894863242161441,0.510767170742004
0.01,2.896797865243496,0.5097940840516645
0.01,2.8987324883255505,0.508827068902556
0.01,2.9006671114076052,0.5078660706079805
0.01,2.90260173448966,0.5069110351144175
0.01,2.9045363575717147,0.5059619089927598
0.01,2.9064709806537694,0.5050186394296845
0.01,2.908405603735824,0.5040811742191604
0.01,2.910340226817879,0.5031494617540878
0.01,2.9122748498999336,0.5022234510180689
0.01,2.9142094729819883,0.5013030915773049
0.01,2.916144096064043,0.5003883335726234
0.01,2.9180787191460977,0.49947912771162484
0.01,2.9200133422281525,0.4985754252609548
0.01,2.921947965310207,0.4976771780386943
0.01,2.923882588392262,0.4967843384068688
0.01,2.9258172114743166,0.4958968592640726
0.01,2.9277518345563713,0.49501469403820764
0.01,2.929686457638426,0.49413779667933444
0.01,2.9316210807204808,0.49326612165263345
0.01,2.9335557038025355,0.49239962393147296
0.01,2.93549032688459,0.4915382589905868
0.01,2.937424949966645,0.4906819827993538
0.01,2.9393595730486997,0.4898307518151825
0.01,2.9412941961307544,0.4889845229769939
0.01,2.9432288192128087,0.4881432536988098
0.01,2.9451634422948634,0.48730690186343045
0.01,2.947098065376918,0.4864754258162177
0.01,2.949032688458973,0.48564878435896586
0.01,2.9509673115410275,0.48482693674386845
0.01,2.9529019346230823,0.4840098426675768
0.01,2.954836557705137,0.483197462265348
0.01,2.9567711807871917,0.4823897561052811
0.01,2.9587058038692464,0.4815866851826413
0.01,2.960640426951301,0.4807882109142681
0.01,2.962575050033356,0.47999429513306974
0.01,2.9645096731154106,0.4792049000825983
0.01,2.9664442961974653,0.4784199884117091
0.01,2.9683789192795196,0.4776395231692959
0.01,2.9703135423615743,0.4768634677991077
0.01,2.972248165443629,0.47609178613464437
0.01,2.9741827885256837,0.47532444239412486
0.01,2.9761174116077385,0.47456140117553225
0.01,2.978052034689793,0.47380262745173135
0.01,2.979986657771848,0.47304808656566133
0.01,2.9819212808539026,0.4722977442255968
0.01,2.9838559039359573,0.47155156650047964
0.01,2.985790527018012,0.4708095198153212
0.01,2.987725150100067,0.4700715709466687
0.01,2.9896597731821215,0.4693376870181445
0.01,2.9915943962641762,0.46860783549604423
0.01,2.993529019346231,0.4678819841850041
0.01,2.9954636424282857,0.46716010122372836
0.01,2.9973982655103404,0.46644215508078263
0.01,2.999332888592395,0.4657281145504463
0.01,3.00126751167445,0.46501794874862573
0.01,3.0032021347565045,0.4643116271088266
0.01,3.0051367578385593,0.4636091193781852
0.01,3.007071380920614,0.462910395613559
0.01,3.0090060040026687,0.4622154261776692
0.01,3.0109406270847234,0.46152418173530463
0.01,3.012875250166778,0.4608366332495748
0.01,3.014809873248833,0.4601527519782216
0.01,3.0167444963308876,0.45947250946998147
0.01,3.0186791194129423,0.4587958775609998
0.01,3.020613742494997,0.4581228283712981
0.01,3.0225483655770518,0.45745333430128876
0.01,3.0244829886591065,0.4567873680283445
0.01,3.026417611741161,0.45612490250341065
0.01,3.028352234823216,0.45546591094767114
0.01,3.0302868579052706,0.45481036684925646
0.01,3.0322214809873254,0.45415824396000404
0.01,3.03415610406938,0.45350951629225933
0.01,3.036090727151435,0.4528641581157254
0.01,3.0380253502334895,0.4522221439543547
0.01,3.0399599733155442,0.451583448583286
0.01,3.041894596397599,0.45094804702582436
0.01,3.0438292194796532,0.4503159145504622
0.01,3.045763842561708,0.449687026667943
0.01,3.0476984656437627,0.44906135912836603
0.01,3.0496330887258174,0.44843888791833086
0.01,3.051567711807872,0.44781958925812265
0.01,3.053502334889927,0.44720343959893505
0.01,3.0554369579719816,0.44659041562013235
0.01,3.0573715810540363,0.4459804942265505
0.01,3.059306204136091,0.4453736525458339
0.01,3.0612408272181457,0.4447698679258093
0.01,3.0631754503002004,0.44416911793189684
0.01,3.065110073382255,0.4435713803445547
0.01,3.06704469646431,0.4429766331567611
0.01,3.068979319546364,0.44238485457152954
0.01,3.070913942628419,0.4417960229994574
0.01,3.0728485657104736,0.4412101170563094
0.01,3.0747831887925283,0.44062711556063333
0.01,3.076717811874583,0.44004699753140736
0.01,3.0786524349566378,0.4394697421857211
0.01,3.0805870580386925,0.4388953289364863
0.01,3.082521681120747,0.43832373739017993
0.01,3.084456304202802,0.4377549473446156
0.01,3.0863909272848566,0.43718893878674847
0.01,3.0883255503669114,0.4366256918905058
0.01,3.090260173448966,0.4360651870146498
0.01,3.092194796531021,0.4355074047006667
0.01,3.0941294196130755,0.43495232567068515
0.01,3.0960640426951302,0.4343999308254239
0.01,3.097998665777185,0.43385020124216306
0.01,3.0999332888592397,0.4333031181727468
0.01,3.1018679119412944,0.43275866304160804
0.01,3.103802535023349,0.4322168174438237
0.01,3.105737158105404,0.43167756314319183
0.01,3.1076717811874586,0.43114088207033774
0.01,3.1096064042695133,0.43060675632084183
0.01,3.111541027351568,0.4300751681533938
0.01,3.1134756504336227,0.42954609998797105
0.01,3.1154102735156775,0.4290195344040403
0.01,3.117344896597732,0.42849545413878387
0.01,3.119279519679787,0.4279738420853472
0.01,3.1212141427618416,0.4274546812911116
0.01,3.1231487658438963,0.4269379549559876
0.01,3.125083388925951,0.4264236464307308
0.01,3.1270180120080058,0.4259117392152814
0.01,3.1289526350900605,0.42540221695712166
0.01,3.130887258172115,0.4248950634496583
0.01,3.13282188125417,0.42439026263062357
0.01,3.1347565043362247,0.42388779858049735
0.01,3.1366911274182794,0.4233876555209491
0.01,3.138625750500334,0.42288981781330187
0.01,3.140560373582389,0.42239426995701285
0.01,3.1424949966644435,0.4219009965881757
0.01,3.144429619746498,0.4214099824780411
0.01,3.1463642428285525,0.420921212531556
0.01,3.1482988659106073,0.420434671785922
0.01,3.150233488992662,0.41995034540917137
0.01,3.1521681120747167,0.41946821869876194
0.01,3.1541027351567714,0.4189882770801888
0.01,3.156037358238826,0.41851050610561397
0.01,3.157971981320881,0.4180348914525137
0.01,3.1599066044029356,0.41756141892234216
0.01,3.1618412274849903,0.41709007443921264
0.01,3.163775850567045,0.41662084404859334
0.01,3.1657104736490997,0.41615371391602307
0.01,3.167645096731154,0.4156886703258393
0.01,3.1695797198132087,0.41522569967992373
0.01,3.1715143428952635,0.41476478849646436
0.01,3.173448965977318,0.4143059234087306
0.01,3.175383589059373,0.41384909116386603
0.01,3.1773182121414276,0.4133942786216941
0.01,3.1792528352234823,0.4129414727535399
0.01,3.181187458305537,0.412490660641066
0.01,3.183122081387592,0.41204182947512186
0.01,3.1850567044696465,0.41159496655460953
0.01,3.1869913275517012,0.41115005928536047
0.01,3.188925950633756,0.41070709517902854
0.01,3.1908605737158107,0.41026606185199443
0.01,3.1927951967978654,0.4098269470242854
0.01,3.19472981987992,0.4093897385185072
0.01,3.196664442961975,0.4089544242587885
0.01,3.1985990660440295,0.4085209922697392
0.01,3.2005336891260843,0.4080894306754202
0.01,3.202468312208139,0.40765972769832753
0.01,3.2044029352901937,0.40723187165838587
0.01,3.2063375583722484,0.40680585097195726
0.01,3.208272181454303,0.4063816541508587
0.01,3.210206804536358,0.40595926980139513
0.01,3.2121414276184126,0.4055386866234
0.01,3.2140760507004673,0.4051198934092904
0.01,3.216010673782522,0.4047028790431327
0.01,3.2179452968645768,0.4042876324997177
0.01,3.2198799199466315,0.4038741428436491
0.01,3.221814543028686,0.4034623992284419
0.01,3.223749166110741,0.403052390895631
0.01,3.2256837891927956,0.4026441071738902
0.01,3.2276184122748504,0.4022375374781634
0.01,3.229553035356905,0.4018326713088037
0.01,3.23148765843896,0.40142949825072455
0.01,3.2334222815210145,0.4010280079725595
0.01,3.2353569046030692,0.4006281902258326
0.01,3.237291527685124,0.400230034844138
0.01,3.2392261507671787,0.39983353174233016
0.01,3.2411607738492334,0.3994386709157222
0.01,3.2430953969312877,0.39904544243929396
0.01,3.2450300200133424,0.3986538364669103
0.01,3.246964643095397,0.39826384323054687
0.01,3.248899266177452,0.39787545303952654
0.01,3.2508338892595066,0.3974886562797629
0.01,3.2527685123415613,0.3971034434130135
0.01,3.254703135423616,0.3967198049761425
0.01,3.2566377585056707,0.3963377315803898
0.01,3.2585723815877254,0.3959572139106502
0.01,3.26050700466978,0.3955782427247607
0.01,3.262441627751835,0.39520080885279424
0.01,3.2643762508338896,0.3948249031963643
0.01,3.2663108739159443,0.39445051672793524
0.01,3.2682454969979986,0.39407764049014155
0.01,3.2701801200800533,0.393706265595114
0.01,3.272114743162108,0.39333638322381453
0.01,3.2740493662441628,0.3929679846253781
0.01,3.2759839893262175,0.3926010611164614
0.01,3.277918612408272,0.39223560408060065
0.01,3.279853235490327,0.3918716049675741
0.01,3.2817878585723816,0.3915090552927747
0.01,3.2837224816544364,0.39114794663658664
0.01,3.285657104736491,0.39078827064377175
0.01,3.287591727818546,0.39043001902286134
0.01,3.2895263509006005,0.3900731835455543
0.01,3.2914609739826552,0.38971775604612324
0.01,3.29339559706471,0.3893637284208266
0.01,3.2953302201467647,0.3890110926273276
0.01,3.2972648432288194,0.3886598406841187
0.01,3.299199466310874,0.3883099646699536
0.01,3.301134089392929,0.3879614567232853
0.01,3.3030687124749836,0.3876143090417097
0.01,3.3050033355570383,0.38726851388141603
0.01,3.306937958639093,0.386924063556643
0.01,3.3088725817211477,0.38658095043914087
0.01,3.3108072048032025,0.3862391669576403
0.01,3.312741827885257,0.3858987055973253
0.01,3.314676450967312,0.3855595588993133
0.01,3.3166110740493666,0.385221719460141
0.01,3.3185456971314213,0.38488517993125493
0.01,3.320480320213476,0.38454993301850804
0.01,3.3224149432955308,0.3842159714816617
0.01,3.3243495663775855,0.38388328813389333
0.01,3.32628418945964,0.3835518758413089
0.01,3.328218812541695,0.38322172752246103
0.01,3.3301534356237497,0.3828928361478728
0.01,3.3320880587058044,0.3825651947395648
0.01,3.334022681787859,0.3822387963705899
0.01,3.335957304869914,0.38191363416457125
0.01,3.3378919279519685,0.3815897012952453
0.01,3.3398265510340233,0.38126699098601063
0.01,3.341761174116078,0.3809454965094809
0.01,3.3436957971981323,0.3806252111870427
0.01,3.345630420280187,0.3803061283884184
0.01,3.3475650433622417,0.37998824153123284
0.01,3.3494996664442964,0.37967154408058607
0.01,3.351434289526351,0.3793560295486288
0.01,3.353368912608406,0.37904169149414396
0.01,3.3553035356904606,0.3787285235221318
0.01,3.3572381587725153,0.3784165192833998
0.01,3.35917278185457,0.37810567247415616
0.01,3.3611074049366247,0.3777959768356084
0.01,3.3630420280186795,0.3774874261535662
0.01,3.364976651100734,0.37718001425804754
0.01,3.366911274182789,0.37687373502288973
0.01,3.368845897264843,0.3765685823653643
0.01,3.370780520346898,0.37626455024579547
0.01,3.3727151434289526,0.37596163266718385
0.01,3.3746497665110073,0.3756598236748324
0.01,3.376584389593062,0.37535911735597743
0.01,3.378519012675117,0.3750595078394231
0.01,3.3804536357571715,0.37476098929517937
0.01,3.3823882588392262,0.3744635559341044
0.01,3.384322881921281,0.37416720200755016
0.01,3.3862575050033357,0.3738719218070115
0.01,3.3881921280853904,0.37357770966377923
0.01,3.390126751167445,0.37328455994859666
0.01,3.3920613742495,0.37299246707132
0.01,3.3939959973315545,0.37270142548058116
0.01,3.3959306204136093,0.37241142966345453
0.01,3.397865243495664,0.37212247414512883
0.01,3.3997998665777187,0.37183455348857936
0.01,3.4017344896597734,0.3715476622942455
0.01,3.403669112741828,0.3712617951997106
0.01,3.405603735823883,0.37097694687938676
0.01,3.4075383589059376,0.3706931120441999
0.01,3.4094729819879923,0.37041028544128124
0.01,3.411407605070047,0.3701284618536588
0.01,3.4133422281521018,0.369847636099955
0.01,3.4152768512341565,0.36956780303408493
0.01,3.417211474316211,0.3692889575449588
0.01,3.419146097398266,0.36901109455618714
0.01,3.4210807204803206,0.3687342090257891
0.01,3.4230153435623754,0.3684582959459033
0.01,3.42494996664443,0.3681833503425018
0.01,3.426884589726485,0.3679093672751072
0.01,3.4288192128085395,0.36763634183651195
0.01,3.4307538358905942,0.36736426915250053
0.01,3.432688458972649,0.3670931443815751
0.01,3.4346230820547037,0.3668229627146834
0.01,3.4365577051367584,0.3665537193749489
0.01,3.438492328218813,0.3662854096174042
0.01,3.440426951300868,0.3660180287287269
0.01,3.4423615743829226,0.36575157202697856
0.01,3.444296197464977,0.36548603486134457
0.01,3.4462308205470316,0.36522141261187874
0.01,3.4481654436290863,0.364957700689249
0.01,3.450100066711141,0.36469489453448634
0.01,3.4520346897931957,0.3644329896187348
0.01,3.4539693128752504,0.3641719814430065
0.01,3.455903935957305,0.3639118655379359
0.01,3.45783855903936,0.3636526374635394
0.01,3.4597731821214146,0.36339429280897434
0.01,3.4617078052034693,0.3631368271923038
0.01,3.463642428285524,0.3628802362602604
0.01,3.4655770513675788,0.362624515688014
0.01,3.4675116744496335,0.36236966117894165
0.01,3.4694462975316878,0.36211566846439974
0.01,3.4713809206137425,0.3618625333034974
0.01,3.473315543695797,0.36161025148287346
0.01,3.475250166777852,0.3613588188164743
0.01,3.4771847898599066,0.3611082311453349
0.01,3.4791194129419614,0.3608584843373613
0.01,3.481054036024016,0.3606095742871152
0.01,3.482988659106071,0.3603614969156012
0.01,3.4849232821881255,0.3601142481700545
0.01,3.4868579052701802,0.35986782402373335
0.01,3.488792528352235,0.35962222047571013
0.01,3.4907271514342897,0.35937743355066787
0.01,3.4926617745163444,0.35913345929869517
0.01,3.494596397598399,0.358890293795086
0.01,3.496531020680454,0.3586479331401402
0.01,3.4984656437625086,0.35840637345896526
0.01,3.5004002668445633,0.35816561090128074
0.01,3.502334889926618,0.3579256416412252
0.01,3.5042695130086727,0.35768646187716263
0.01,3.5062041360907275,0.3574480678314936
0.01,3.508138759172782,0.3572104557504661
0.01,3.510073382254837,0.35697362190398835
0.01,3.5120080053368916,0.3567375625854451
0.01,3.5139426284189463,0.3565022741115126
0.01,3.515877251501001,0.3562677528219787
0.01,3.5178118745830558,0.35603399507956224
0.01,3.5197464976651105,0.35580099726973413
0.01,3.521681120747165,0.3555687558005419
0.01,3.52361574382922,0.3553372671024345
0.01,3.5255503669112747,0.3551065276280884
0.01,3.5274849899933294,0.35487653385223633
0.01,3.529419613075384,0.35464728227149717
0.01,3.5313542361574384,0.35441876940420713
0.01,3.533288859239493,0.3541909917902527
0.01,3.535223482321548,0.3539639459909054
0.01,3.5371581054036025,0.3537376285886575
0.01,3.5390927284856573,0.35351203618705956
0.01,3.541027351567712,0.35328716541055977
0.01,3.5429619746497667,0.3530630129043438
0.01,3.5448965977318214,0.3528395753341772
0.01,3.546831220813876,0.3526168493862486
0.01,3.548765843895931,0.35239483176701397
0.01,3.5507004669779856,0.3521735192030437
0.01,3.5526350900600403,0.35195290844086957
0.01,3.554569713142095,0.3517329962468336
0.01,3.5565043362241497,0.35151377940693856
0.01,3.5584389593062045,0.3512952547266997
0.01,3.560373582388259,0.3510774190309973
0.01,3.562308205470314,0.3508602691639319
0.01,3.5642428285523686,0.3506438019886782
0.01,3.5661774516344233,0.35042801438734383
0.01,3.568112074716478,0.3502129032608266
0.01,3.570046697798533,0.34999846552867336
0.01,3.5719813208805875,0.34978469812894203
0.01,3.5739159439626422,0.34957159801806276
0.01,3.575850567044697,0.3493591621707007
0.01,3.5777851901267517,0.3491473875796212
0.01,3.5797198132088064,0.34893627125555526
0.01,3.5816544362908607,0.34872581022706556
0.01,3.5835890593729154,0.34851600154041507
0.01,3.58552368245497,0.3483068422594357
0.01,3.587458305537025,0.3480983294653995
0.01,3.5893929286190795,0.34789046025688886
0.01,3.5913275517011343,0.34768323174966953
0.01,3.593262174783189,0.3474766410765647
0.01,3.5951967978652437,0.347270685387329
0.01,3.5971314209472984,0.347065361848525
0.01,3.599066044029353,0.34686066764339946
0.01,3.601000667111408,0.34665659997176224
0.01,3.6029352901934626,0.34645315604986454
0.01,3.6048699132755173,0.3462503331102794
0.01,3.606804536357572,0.3460481284017832
0.01,3.6087391594396268,0.34584653918923686
0.01,3.6106737825216815,0.34564556275347025
0.01,3.612608405603736,0.3454451963911656
0.01,3.614543028685791,0.3452454374147432
0.01,3.6164776517678456,0.34504628315224695
0.01,3.6184122748499004,0.3448477309472327
0.01,3.620346897931955,0.3446497781586553
0.01,3.62228152101401,0.34445242216075833
0.01,3.6242161440960645,0.3442556603429642
0.01,3.6261507671781192,0.34405949010976483
0.01,3.628085390260174,0.34386390888061374
0.01,3.6300200133422287,0.3436689140898194
0.01,3.631954636424283,0.34347450318643835
0.01,3.6338892595063377,0.3432806736341702
0.01,3.6358238825883924,0.3430874229112532
0.01,3.637758505670447,0.34289474851036117
0.01,3.639693128752502,0.34270264793849975
0.01,3.6416277518345566,0.34251111871690604
0.01,3.6435623749166113,0.3423201583809465
0.01,3.645496997998666,0.3421297644800177
0.01,3.6474316210807207,0.3419399345774468
0.01,3.6493662441627754,0.34175066625039313
0.01,3.65130086724483,0.34156195708975085
0.01,3.653235490326885,0.34137380470005185
0.01,3.6551701134089396,0.3411862066993704
0.01,3.6571047364909943,0.3409991607192278
0.01,3.659039359573049,0.34081266440449764
0.01,3.6609739826551038,0.3406267154133132
0.01,3.6629086057371585,0.3404413114169739
0.01,3.664843228819213,0.3402564500998537
0.01,3.666777851901268,0.3400721291593099
0.01,3.6687124749833226,0.3398883463055927
0.01,3.6706470980653774,0.33970509926175524
0.01,3.672581721147432,0.33952238576356514
0.01,3.674516344229487,0.33934020355941585
0.01,3.6764509673115415,0.33915855041023973
0.01,3.6783855903935962,0.33897742408942055
0.01,3.680320213475651,0.33879682238270803
0.01,3.6822548365577052,0.3386167430881324
0.01,3.68418945963976,0.3384371840159195
0.01,3.6861240827218147,0.33825814298840745
0.01,3.6880587058038694,0.33807961783996265
0.01,3.689993328885924,0.337901606416898
0.01,3.691927951967979,0.3377241065773901
0.01,3.6938625750500336,0.33754711619139915
0.01,3.6957971981320883,0.3373706331405875
0.01,3.697731821214143,0.33719465531824017
0.01,3.6996664442961977,0.33701918062918557
0.01,3.7016010673782525,0.33684420698971673
0.01,3.703535690460307,0.33666973232751374
0.01,3.705470313542362,0.33649575458156583
0.01,3.7074049366244166,0.33632227170209544
0.01,3.7093395597064713,0.33614928165048136
0.01,3.711274182788526,0.33597678239918366
0.01,3.7132088058705808,0.33580477193166924
0.01,3.7151434289526355,0.3356332482423366
0.01,3.71707805203469,0.3354622093364429
0.01,3.719012675116745,0.3352916532300311
0.01,3.7209472981987997,0.3351215779498567
0.01,3.7228819212808544,0.3349519815333164
0.01,3.724816544362909,0.33478286202837676
0.01,3.726751167444964,0.3346142174935033
0.01,3.7286857905270185,0.3344460459975905
0.01,3.7306204136090733,0.3342783456198918
0.01,3.7325550366911275,0.33411111444995123
0.01,3.7344896597731823,0.333944350587534
0.01,3.736424282855237,0.3337780521425593
0.01,3.7383589059372917,0.3336122172350324
0.01,3.7402935290193464,0.33344684399497826
0.01,3.742228152101401,0.33328193056237443
0.01,3.744162775183456,0.33311747508708567
0.01,3.7460973982655106,0.3329534757287988
0.01,3.7480320213475653,0.33278993065695733
0.01,3.74996664442962,0.33262683805069787
0.01,3.7519012675116747,0.33246419609878564
0.01,3.7538358905937295,0.33230200299955165
0.01,3.755770513675784,0.33214025696082977
0.01,3.757705136757839,0.33197895619989426
0.01,3.7596397598398936,0.3318180989433983
0.01,3.7615743829219483,0.3316576834273125
0.01,3.763509006004003,0.3314977078968638
0.01,3.765443629086058,0.33133817060647547
0.01,3.7673782521681125,0.33117906981970713
0.01,3.7693128752501672,0.3310204038091949
0.01,3.771247498332222,0.3308621708565934
0.01,3.7731821214142767,0.33070436925251573
0.01,3.7751167444963314,0.33054699729647696
0.01,3.777051367578386,0.33039005329683546
0.01,3.778985990660441,0.3302335355707361
0.01,3.7809206137424956,0.33007744244405374
0.01,3.78285523682455,0.3299217722513363
0.01,3.7847898599066045,0.3297665233357496
0.01,3.7867244829886593,0.32961169404902135
0.01,3.788659106070714,0.3294572827513867
0.01,3.7905937291527687,0.3293032878115331
0.01,3.7925283522348234,0.3291497076065466
0.01,3.794462975316878,0.3289965405218579
0.01,3.796397598398933,0.32884378495118877
0.01,3.7983322214809876,0.32869143929649963
0.01,3.8002668445630423,0.32853950196793663
0.01,3.802201467645097,0.3283879713837797
0.01,3.8041360907271518,0.3282368459703906
0.01,3.8060707138092065,0.3280861241621619
0.01,3.808005336891261,0.32793580440146575
0.01,3.809939959973316,0.32778588513860357
0.01,3.8118745830553706,0.32763636483175573
0.01,3.8138092061374254,0.3274872419469314
0.01,3.81574382921948,0.32733851495792005
0.01,3.817678452301535,0.32719018234624136
0.01,3.8196130753835895,0.3270422426010972
0.01,3.8215476984656442,0.3268946942193229
0.01,3.823482321547699,0.32674753570534
0.01,3.8254169446297537,0.32660076557110745
0.01,3.8273515677118084,0.32645438233607554
0.01,3.829286190793863,0.3263083845271385
0.01,3.831220813875918,0.3261627706785879
0.01,3.833155436957972,0.32601753933206673
0.01,3.835090060040027,0.3258726890365233
0.01,3.8370246831220816,0.3257282183481658
0.01,3.8389593062041363,0.3255841258304173
0.01,3.840893929286191,0.32544041005387064
0.01,3.8428285523682457,0.3252970695962443
0.01,3.8447631754503004,0.32515410304233816
0.01,3.846697798532355,0.32501150898398923
0.01,3.84863242161441,0.32486928602002824
0.01,3.8505670446964646,0.32472743275623733
0.01,3.8525016677785193,0.32458594780530603
0.01,3.854436290860574,0.3244448297867893
0.01,3.8563709139426288,0.32430407732706507
0.01,3.8583055370246835,0.32416368905929266
0.01,3.860240160106738,0.3240236636233705
0.01,3.862174783188793,0.3238839996658956
0.01,3.8641094062708476,0.32374469584012167
0.01,3.8660440293529024,0.3236057508059194
0.01,3.867978652434957,0.32346716322973523
0.01,3.869913275517012,0.3233289317845513
0.01,3.8718478985990665,0.3231910551498463
0.01,3.8737825216811212,0.3230535320115549
0.01,3.875717144763176,0.3229163610620296
0.01,3.8776517678452307,0.3227795410000007
0.01,3.8795863909272854,0.32264307053053853
0.01,3.88152101400934,0.3225069483650142
0.01,3.8834556370913944,0.3223711732210623
0.01,3.885390260173449,0.3222357438225424
0.01,3.887324883255504,0.32210065889950185
0.01,3.8892595063375586,0.3219659171881381
0.01,3.8911941294196133,0.3218315174307623
0.01,3.893128752501668,0.32169745837576175
0.01,3.8950633755837227,0.3215637387775639
0.01,3.8969979986657775,0.32143035739660014
0.01,3.898932621747832,0.3212973129992693
0.01,3.900867244829887,0.32116460435790245
0.01,3.9028018679119416,0.3210322302507273
0.01,3.9047364909939963,0.32090018946183285
0.01,3.906671114076051,0.3207684807811344
0.01,3.9086057371581058,0.3206371030043392
0.01,3.9105403602401605,0.3205060549329112
0.01,3.912474983322215,0.3203753353740378
0.01,3.91440960640427,0.32024494314059526
0.01,3.9163442294863247,0.3201148770511149
0.01,3.9182788525683794,0.3199851359297501
0.01,3.920213475650434,0.31985571860624223
0.01,3.922148098732489,0.3197266239158887
0.01,3.9240827218145435,0.319597850699509
0.01,3.9260173448965983,0.31946939780341327
0.01,3.927951967978653,0.319341264079369
0.01,3.9298865910607077,0.31921344838456933
0.01,3.9318212141427624,0.3190859495816011
0.01,3.9337558372248167,0.3189587665384136
0.01,3.9356904603068714,0.3188318981282865
0.01,3.937625083388926,0.3187053432297988
0.01,3.939559706470981,0.3185791007267982
0.01,3.9414943295530356,0.3184531695083699
0.01,3.9434289526350903,0.31832754846880623
0.01,3.945363575717145,0.31820223650757634
0.01,3.9472981987991997,0.3180772325292957
0.01,3.9492328218812545,0.31795253544369684
0.01,3.951167444963309,0.31782814416559885
0.01,3.953102068045364,0.3177040576148784
0.01,3.9550366911274186,0.3175802747164404
0.01,3.9569713142094733,0.31745679440018865
0.01,3.958905937291528,0.3173336156009967
0.01,3.960840560373583,0.31721073725868015
0.01,3.9627751834556375,0.31708815831796694
0.01,3.9647098065376922,0.31696587772846957
0.01,3.966644429619747,0.31684389444465727
0.01,3.9685790527018017,0.3167222074258278
0.01,3.9705136757838564,0.31660081563607934
0.01,3.972448298865911,0.3164797180442833
0.01,3.974382921947966,0.3163589136240576
0.01,3.9763175450300206,0.316238401353738
0.01,3.9782521681120753,0.3161181802163527
0.01,3.98018679119413,0.31599824919959435
0.01,3.9821214142761847,0.3158786072957943
0.01,3.984056037358239,0.3157592535018955
0.01,3.9859906604402937,0.3156401868194266
0.01,3.9879252835223484,0.3155214062544757
0.01,3.989859906604403,0.3154029108176652
0.01,3.991794529686458,0.31528469952412447
0.01,3.9937291527685126,0.31516677139346594
0.01,3.9956637758505673,0.3150491254497588
0.01,3.997598398932622,0.31493176072150436
0.01,3.9995330220146768,0.3148146762416103
0.01,4.0014676450967315,0.3146978710473666
0.01,4.003402268178786,0.3145813441804202
0.01,4.005336891260841,0.31446509468675093
0.01,4.007271514342896,0.314349121616647
0.01,4.00920613742495,0.3142334240246806
0.01,4.011140760507005,0.3141180009696839
0.01,4.01307538358906,0.3140028515147259
0.01,4.0150100066711145,0.3138879747270875
0.01,4.016944629753169,0.31377336967823904
0.01,4.018879252835224,0.31365903544381585
0.01,4.020813875917279,0.3135449711035961
0.01,4.022748498999333,0.31343117574147694
0.01,4.024683122081388,0.3133176484454522
0.01,4.026617745163443,0.31320438830758857
0.01,4.028552368245498,0.31309139442400413
0.01,4.030486991327552,0.31297866589484535
0.01,4.032421614409607,0.3128662018242645
0.01,4.034356237491661,0.31275400132039805
0.01,4.036290860573716,0.312642063495344
0.01,4.03822548365577,0.3125303874651407
0.01,4.040160106737826,0.3124189723497445
0.01,4.04209472981988,0.3123078172730085
0.01,4.044029352901935,0.31219692136266075
0.01,4.045963975983989,0.31208628375028347
0.01,4.047898599066045,0.3119759035712912
0.01,4.049833222148099,0.3118657799649105
0.01,4.051767845230154,0.3117559120741583
0.01,4.053702468312208,0.31164629904582186
0.01,4.055637091394264,0.31153694003043736
0.01,4.0575717144763175,0.3114278341822701
0.01,4.059506337558373,0.3113189806592939
0.01,4.061440960640427,0.31121037862317086
0.01,4.0633755837224825,0.31110202723923097
0.01,4.065310206804536,0.3109939256764528
0.01,4.067244829886592,0.310886073107443
0.01,4.069179452968646,0.3107784687084173
0.01,4.071114076050701,0.3106711116591797
0.01,4.073048699132755,0.31056400114310506
0.01,4.074983322214811,0.3104571363471173
0.01,4.076917945296865,0.3103505164616726
0.01,4.07885256837892,0.31024414068073836
0.01,4.080787191460974,0.31013800820177545
0.01,4.08272181454303,0.310032118225719
0.01,4.084656437625084,0.3099264699569597
0.01,4.086591060707138,0.30982106260332526
0.01,4.088525683789193,0.3097158953760615
0.01,4.090460306871248,0.30961096748981504
0.01,4.0923949299533025,0.309506278162614
0.01,4.094329553035357,0.3094018266158506
0.01,4.096264176117412,0.3092976120742627
0.01,4.098198799199467,0.30919363376591613
0.01,4.100133422281521,0.30908989092218686
0.01,4.102068045363576,0.3089863827777436
0.01,4.104002668445631,0.3088831085705297
0.01,4.1059372915276855,0.30878006754174636
0.01,4.10787191460974,0.3086772589358349
0.01,4.109806537691795,0.3085746820004597
0.01,4.11174116077385,0.30847233598649065
0.01,4.113675783855904,0.3083702201479873
0.01,4.115610406937959,0.30826833374218077
0.01,4.117545030020014,0.3081666760294575
0.01,4.1194796531020685,0.3080652462733426
0.01,4.121414276184123,0.30796404374048336
0.01,4.123348899266178,0.30786306770063215
0.01,4.125283522348233,0.30776231742663096
0.01,4.127218145430287,0.3076617921943949
0.01,4.129152768512342,0.3075614912828954
0.01,4.131087391594397,0.307461413974145
0.01,4.133022014676452,0.3073615595531809
0.01,4.134956637758506,0.3072619273080493
0.01,4.13689126084056,0.30716251652978965
0.01,4.138825883922616,0.307063326512419
0.01,4.14076050700467,0.3069643565529162
0.01,4.142695130086725,0.3068656059512068
0.01,4.144629753168779,0.3067670740101476
0.01,4.146564376250835,0.306668760035511
0.01,4.1484989993328885,0.3065706633359709
0.01,4.150433622414944,0.3064727832230858
0.01,4.152368245496998,0.30637511901128606
0.01,4.1543028685790535,0.3062776700178567
0.01,4.156237491661107,0.3061804355629248
0.01,4.158172114743163,0.30608341496944313
0.01,4.160106737825217,0.30598660756317625
0.01,4.162041360907272,0.3058900126726861
0.01,4.163975983989326,0.3057936296293172
0.01,4.165910607071382,0.3056974577671824
0.01,4.167845230153436,0.30560149642314904
0.01,4.169779853235491,0.30550574493682386
0.01,4.171714476317545,0.30541020265054025
0.01,4.173649099399601,0.30531486890934284
0.01,4.1755837224816545,0.3052197430609747
0.01,4.17751834556371,0.30512482445586275
0.01,4.179452968645764,0.3050301124471047
0.01,4.18138759172782,0.3049356063904545
0.01,4.183322214809873,0.30484130564431
0.01,4.185256837891928,0.3047472095696983
0.01,4.187191460973983,0.3046533175302628
0.01,4.189126084056038,0.3045596288922503
0.01,4.191060707138092,0.30446614302449704
0.01,4.192995330220147,0.30437285929841595
0.01,4.194929953302202,0.3042797770879834
0.01,4.1968645763842565,0.30418689576972635
0.01,4.198799199466311,0.30409421472270926
0.01,4.200733822548366,0.3040017333285216
0.01,4.202668445630421,0.3039094509712645
0.01,4.204603068712475,0.3038173670375383
0.01,4.20653769179453,0.3037254809164305
0.01,4.208472314876585,0.3036337919995023
0.01,4.2104069379586395,0.3035422996807769
0.01,4.212341561040694,0.30345100335672637
0.01,4.214276184122749,0.30335990242626004
0.01,4.216210807204804,0.30326899629071213
0.01,4.218145430286858,0.30317828435382926
0.01,4.220080053368913,0.30308776602175824
0.01,4.222014676450968,0.3029974407030347
0.01,4.223949299533023,0.302907307808571
0.01,4.225883922615077,0.3028173667516436
0.01,4.227818545697132,0.3027276169478823
0.01,4.229753168779187,0.30263805781525754
0.01,4.231687791861241,0.3025486887740696
0.01,4.233622414943296,0.3024595092469364
0.01,4.23555703802535,0.3023705186587822
0.01,4.237491661107406,0.30228171643682616
0.01,4.239426284189459,0.30219310201057104
0.01,4.241360907271515,0.3021046748117914
0.01,4.243295530353569,0.3020164342745232
0.01,4.2452301534356245,0.30192837983505166
0.01,4.247164776517678,0.3018405109319009
0.01,4.249099399599734,0.30175282700582245
0.01,4.251034022681788,0.3016653274997846
0.01,4.252968645763843,0.3015780118589607
0.01,4.254903268845897,0.3014908795307196
0.01,4.256837891927953,0.30140392996461346
0.01,4.258772515010007,0.3013171626123684
0.01,4.260707138092062,0.30123057692787225
0.01,4.262641761174116,0.3011441723671656
0.01,4.264576384256172,0.30105794838842986
0.01,4.2665110073382255,0.3009719044519778
0.01,4.268445630420281,0.30088604002024216
0.01,4.270380253502335,0.3008003545577666
0.01,4.272314876584391,0.30071484753119393
0.01,4.274249499666444,0.30062951840925706
0.01,4.2761841227485,0.3005443666627678
0.01,4.278118745830554,0.3004593917646079
0.01,4.2800533689126095,0.3003745931897179
0.01,4.281987991994663,0.30028997041508765
0.01,4.283922615076718,0.30020552291974645
0.01,4.285857238158773,0.30012125018475294
0.01,4.2877918612408275,0.3000371516931851
0.01,4.289726484322882,0.29995322693013127
0.01,4.291661107404937,0.2998694753826793
0.01,4.293595730486992,0.29978589653990767
0.01,4.295530353569046,0.2997024898928759
0.01,4.297464976651101,0.2996192549346145
0.01,4.299399599733156,0.2995361911601159
0.01,4.3013342228152105,0.2994532980663248
0.01,4.303268845897265,0.29937057515212895
0.01,4.30520346897932,0.2992880219183496
0.01,4.307138092061375,0.2992056378677325
0.01,4.309072715143429,0.2991234225049382
0.01,4.311007338225484,0.29904137533653363
0.01,4.312941961307539,0.29895949587098225
0.01,4.3148765843895935,0.2988777836186356
0.01,4.316811207471648,0.2987962380917235
0.01,4.318745830553703,0.2987148588043459
0.01,4.320680453635758,0.29863364527246355
0.01,4.322615076717812,0.29855259701388925
0.01,4.324549699799867,0.2984717135482789
0.01,4.326484322881922,0.29839099439712297
0.01,4.328418945963977,0.29831043908373733
0.01,4.330353569046031,0.29823004713325557
0.01,4.332288192128086,0.2981498180726189
0.01,4.33422281521014,0.29806975143056924
0.01,4.3361574382921955,0.2979898467376394
0.01,4.338092061374249,0.2979101035261452
0.01,4.340026684456305,0.29783052133017707
0.01,4.341961307538359,0.2977510996855912
0.01,4.343895930620414,0.29767183813000225
0.01,4.345830553702468,0.29759273620277377
0.01,4.347765176784524,0.2975137934450107
0.01,4.349699799866578,0.2974350093995515
0.01,4.351634422948633,0.297356383610959
0.01,4.353569046030687,0.29727791562551364
0.01,4.355503669112743,0.29719960499120385
0.01,4.3574382921947965,0.2971214512577196
0.01,4.359372915276852,0.29704345397644344
0.01,4.361307538358906,0.2969656127004427
0.01,4.3632421614409616,0.2968879269844621
0.01,4.365176784523015,0.2968103963849155
0.01,4.367111407605071,0.2967330204598784
0.01,4.369046030687125,0.2966557987690796
0.01,4.37098065376918,0.2965787308738944
0.01,4.372915276851234,0.2965018163373367
0.01,4.37484989993329,0.2964250547240503
0.01,4.376784523015344,0.29634844560030316
0.01,4.378719146097399,0.2962719885339784
0.01,4.380653769179453,0.2961956830945678
0.01,4.382588392261509,0.29611952885316334
0.01,4.384523015343563,0.296043525382451
0.01,4.386457638425617,0.2959676722567022
0.01,4.388392261507672,0.29589196905176757
0.01,4.390326884589727,0.2958164153450688
0.01,4.3922615076717815,0.295741010715592
0.01,4.394196130753836,0.29566575474388
0.01,4.396130753835891,0.295590647012026
0.01,4.398065376917946,0.29551568710366527
0.01,4.4,0.2954408746039691
0.015,1.5,0.19044965725190555
0.015,1.5019346230820547,0.18890879317746012
0.015,1.5038692461641094,0.18741449631082724
0.015,1.5058038692461642,0.18596620003862868
0.015,1.5077384923282189,0.18456335755484826
0.015,1.5096731154102736,0.183205440577081
0.015,1.5116077384923283,0.18189193808821036
0.015,1.5135423615743828,0.18062235510435332
0.015,1.5154769846564375,0.1793962114700518
0.015,1.5174116077384923,0.1782130406818357
0.015,1.519346230820547,0.17707238874138648
0.015,1.5212808539026017,0.17597381303967097
0.015,1.5232154769846564,0.17491688127349936
0.015,1.5251501000667111,0.17390117039605507
0.015,1.5270847231487659,0.17292626560301844
0.015,1.5290193462308206,0.17199175935594102
0.015,1.5309539693128753,0.17109725044456947
0.015,1.53288859239493,0.17024234308980923
0.015,1.5348232154769847,0.16942664608900632
0.015,1.5367578385590395,0.168649772005168
0.015,1.538692461641094,0.16791133640168104
0.015,1.5406270847231487,0.16721095712397727
0.015,1.5425617078052034,0.16654825362947928
0.015,1.5444963308872581,0.1659228463670014
0.015,1.5464309539693128,0.16533435620661535
0.015,1.5483655770513676,0.16478240392078958
0.015,1.5503002001334223,0.16426660971739981
0.015,1.552234823215477,0.16378659282497504
0.015,1.5541694462975317,0.16334197113029925
0.015,1.5561040693795865,0.16293236086823087
0.015,1.5580386924616412,0.1625573763633411
0.015,1.559973315543696,0.16221662982269974
0.015,1.5619079386257506,0.16190973117887508
0.015,1.5638425617078051,0.16163628798194524
0.015,1.5657771847898598,0.16139590533906423
0.015,1.5677118078719146,0.1611881858998781
0.015,1.5696464309539693,0.16101272988585436
0.015,1.571581054036024,0.16086913516137397
0.015,1.5735156771180787,0.16075699734423665
0.015,1.5754503002001334,0.1606759099530609
0.015,1.5773849232821882,0.16062546458890709
0.015,1.5793195463642429,0.16060525114833102
0.015,1.5812541694462976,0.16061485806497727
0.015,1.5831887925283523,0.1606538725767519
0.015,1.585123415610407,0.16072188101557233
0.015,1.5870580386924615,0.16081846911667597
0.015,1.5889926617745163,0.1609432223444816
0.015,1.590927284856571,0.1610957262320329
0.015,1.5928619079386257,0.1612755667311127
0.015,1.5947965310206804,0.16148233057020217
0.015,1.5967311541027351,0.16171560561755638
0.015,1.5986657771847899,0.16197498124679227
0.015,1.6006004002668446,0.16226004870251853
0.015,1.6025350233488993,0.1625704014636853
0.015,1.604469646430954,0.16290563560249427
0.015,1.6064042695130087,0.1632653501368726
0.015,1.6083388925950635,0.16364914737469427
0.015,1.6102735156771182,0.1640566332481042
0.015,1.612208138759173,0.16448741763648278
0.015,1.6141427618412274,0.16494111467676664
0.015,1.6160773849232821,0.1654173430600167
0.015,1.6180120080053368,0.16591572631329643
0.015,1.6199466310873916,0.16643589306609113
0.015,1.6218812541694463,0.16697747730065743
0.015,1.623815877251501,0.1675401185858444
0.015,1.6257505003335557,0.16812346229407232
0.015,1.6276851234156104,0.16872715980128572
0.015,1.6296197464976652,0.16935086866982496
0.015,1.6315543695797199,0.16999425281427277
0.015,1.6334889926617746,0.17065698265043416
0.015,1.6354236157438293,0.1713387352277047
0.015,1.6373582388258838,0.17203919434516085
0.015,1.6392928619079385,0.17275805065178396
0.015,1.6412274849899933,0.17349500173128707
0.015,1.643162108072048,0.174249752172071
0.015,1.6450967311541027,0.1750220136228825
0.015,1.6470313542361574,0.17581150483477814
0.015,1.6489659773182122,0.17661795169003364
0.015,1.6509006004002669,0.17744108721865254
0.015,1.6528352234823216,0.17828065160315104
0.015,1.6547698465643763,0.1791363921722955
0.015,1.656704469646431,0.18000806338448166
0.015,1.6586390927284858,0.18089542680143472
0.015,1.6605737158105405,0.1817982510529091
0.015,1.6625083388925952,0.18271631179305486
0.015,1.66444296197465,0.18364939164910238
0.015,1.6663775850567044,0.18459728016300653
0.015,1.6683122081387591,0.18555977372666443
0.015,1.6702468312208139,0.18653667551130998
0.015,1.6721814543028686,0.18752779539165826
0.015,1.6741160773849233,0.18853294986535352
0.015,1.676050700466978,0.18955196196825058
0.015,1.6779853235490327,0.19058466118603068
0.015,1.6799199466310875,0.19163088336263262
0.015,1.6818545697131422,0.19269047060594813
0.015,1.683789192795197,0.19376327119121262
0.015,1.6857238158772516,0.19484913946248877
0.015,1.6876584389593061,0.19594793573262392
0.015,1.6895930620413608,0.19705952618202777
0.015,1.6915276851234156,0.1981837827566038
0.015,1.6934623082054703,0.199320583065138
0.015,1.695396931287525,0.2004698102764253
0.015,1.6973315543695797,0.2016313530163975
0.015,1.6992661774516344,0.2028051052654914
0.015,1.7012008005336892,0.20399096625647906
0.015,1.7031354236157439,0.20518884037296042
0.015,1.7050700466977986,0.20639863704870182
0.015,1.7070046697798533,0.2076202706679895
0.015,1.708939292861908,0.208853660467144
0.015,1.7108739159439628,0.21009873043733712
0.015,1.7128085390260175,0.21135540922882518
0.015,1.714743162108072,0.2126236300567126
0.015,1.7166777851901267,0.21390333060833733
0.015,1.7186124082721814,0.21519445295236278
0.015,1.7205470313542361,0.2164969434496481
0.015,1.7224816544362909,0.217810752665959
0.015,1.7244162775183456,0.2191358352865747
0.015,1.7263509006004003,0.22047215003283094
0.015,1.728285523682455,0.2218196595806391
0.015,1.7302201467645097,0.22317833048100694
0.015,1.7321547698465645,0.22454813308258764
0.015,1.7340893929286192,0.2259290414562674
0.015,1.736024016010674,0.2273210333218073
0.015,1.7379586390927284,0.2287240899765393
0.015,1.7398932621747831,0.23013819622612097
0.015,1.7418278852568378,0.23156334031734377
0.015,1.7437625083388926,0.23299951387298484
0.015,1.7456971314209473,0.2344467118286953
0.015,1.747631754503002,0.23590493237190707
0.015,1.7495663775850567,0.23737417688274398
0.015,1.7515010006671115,0.2388544498769175
0.015,1.7534356237491662,0.2403457589505817
0.015,1.755370246831221,0.24184811472713164
0.015,1.7573048699132756,0.24336153080591189
0.015,1.7592394929953303,0.24488602371281654
0.015,1.761174116077385,0.24642161285274616
0.015,1.7631087391594398,0.24796832046389972
0.015,1.7650433622414945,0.2495261715738657
0.015,1.766977985323549,0.25109519395748975
0.015,1.7689126084056037,0.2526754180964824
0.015,1.7708472314876584,0.2542668771407368
0.015,1.7727818545697132,0.2558696068713321
0.015,1.7747164776517679,0.25748364566517995
0.015,1.7766511007338226,0.25910903446129496
0.015,1.7785857238158773,0.2607458167286486
0.015,1.780520346897932,0.2623940384355814
0.015,1.7824549699799868,0.26405374802074183
0.015,1.7843895930620415,0.2657249963655166
0.015,1.786324216144096,0.2674078367679311
0.015,1.7882588392261507,0.2691023249179832
0.015,1.7901934623082054,0.2708085188743821
0.015,1.7921280853902601,0.2725264790426683
0.015,1.7940627084723149,0.2742562681546796
0.015,1.7959973315543696,0.2759979512493435
0.015,1.7979319546364243,0.2777515956547583
0.015,1.799866577718479,0.2795172709715485
0.015,1.8018012008005337,0.28129504905745795
0.015,1.8037358238825885,0.28308500401316417
0.015,1.8056704469646432,0.2848872121692806
0.015,1.807605070046698,0.28670175207453097
0.015,1.8095396931287526,0.28852870448506696
0.015,1.8114743162108073,0.2903681523549074
0.015,1.813408939292862,0.29222018082748097
0.015,1.8153435623749168,0.2940848772282411
0.015,1.8172781854569713,0.29596233105834596
0.015,1.819212808539026,0.29785263398937084
0.015,1.8211474316210807,0.29975587985904006
0.015,1.8230820547031354,0.30167216466795826
0.015,1.8250166777851902,0.30360158657732106
0.015,1.8269513008672449,0.30554424590759033
0.015,1.8288859239492996,0.3075002451381133
0.015,1.8308205470313543,0.30946968890767096
0.015,1.832755170113409,0.31145268401593934
0.015,1.8346897931954638,0.3134493394258488
0.015,1.8366244162775183,0.31545976626682487
0.015,1.838559039359573,0.31748407783889687
0.015,1.8404936624416277,0.31952238961766105
0.015,1.8424282855236824,0.3215748192600823
0.015,1.8443629086057372,0.32364148661112724
0.015,1.8462975316877919,0.3257225137112058
0.015,1.8482321547698466,0.3278180248044223
0.015,1.8501667778519013,0.32992814634761103
0.015,1.852101400933956,0.3320530070201576
0.015,1.8540360240160108,0.3341927377345834
0.015,1.8559706470980655,0.33634747164789075
0.015,1.8579052701801202,0.33851734417365753
0.015,1.859839893262175,0.34070249299486677
0.015,1.8617745163442296,0.34290305807746585
0.015,1.8637091394262844,0.3451191816846453
0.015,1.865643762508339,0.34735100839182753
0.015,1.8675783855903936,0.3495986851023571
0.015,1.8695130086724483,0.35186236106388236
0.015,1.871447631754503,0.35414218788542456
0.015,1.8733822548365577,0.3564383195551193
0.015,1.8753168779186125,0.35875091245863194
0.015,1.8772515010006672,0.36108012539822676
0.015,1.879186124082722,0.3634261196124961
0.015,1.8811207471647766,0.3657890587967283
0.015,1.8830553702468313,0.36816910912392037
0.015,1.884989993328886,0.3705664392664129
0.015,1.8869246164109406,0.37298122041815496
0.015,1.8888592394929953,0.37541362631758335
0.015,1.89079386257505,0.37786383327110346
0.015,1.8927284856571047,0.3803320201771798
0.015,1.8946631087391594,0.38281836855101253
0.015,1.8965977318212142,0.38532306254980514
0.015,1.8985323549032689,0.38784628899860185
0.015,1.9004669779853236,0.390388237416702
0.015,1.9024016010673783,0.3929491000446332
0.015,1.904336224149433,0.3955290718716728
0.015,1.9062708472314878,0.3981283506639228
0.015,1.9082054703135425,0.4007471369929102
0.015,1.9101400933955972,0.40338563426471985
0.015,1.912074716477652,0.4060440487496398
0.015,1.9140093395597066,0.40872258961231667
0.015,1.9159439626417614,0.41142146894240106
0.015,1.9178785857238159,0.4141409017856819
0.015,1.9198132088058706,0.41688110617569396
0.015,1.9217478318879253,0.4196423031657815
0.015,1.92368245496998,0.42242471686161565
0.015,1.9256170780520347,0.4252285744541413
0.015,1.9275517011340895,0.4280541062529489
0.015,1.9294863242161442,0.43090154572004824
0.015,1.931420947298199,0.43377112950403285
0.015,1.9333555703802536,0.43666309747461823
0.015,1.9352901934623084,0.4395776927575323
0.015,1.9372248165443628,0.4425151617697476
0.015,1.9391594396264176,0.4454757542550231
0.015,1.9410940627084723,0.4484597233197477
0.015,1.943028685790527,0.45146732546905227
0.015,1.9449633088725817,0.4544988206431767
0.015,1.9468979319546365,0.4575544722540572
0.015,1.9488325550366912,0.46063454722211433
0.015,1.950767178118746,0.4637393160132112
0.015,1.9527018012008006,0.4668690526757536
0.015,1.9546364242828553,0.4700240348778976
0.015,1.95657104736491,0.473204543944833
0.015,1.9585056704469648,0.4764108648961141
0.015,1.9604402935290195,0.4796432864829832
0.015,1.9623749166110742,0.4829021012256674
0.015,1.964309539693129,0.4861876054505976
0.015,1.9662441627751837,0.48950009932749655
0.015,1.9681787858572382,0.4928398869063091
0.015,1.9701134089392929,0.4962072761539097
0.015,1.9720480320213476,0.49960257899053834
0.015,1.9739826551034023,0.5030261113259099
0.015,1.975917278185457,0.506478193094943
0.015,1.9778519012675118,0.5099591482930371
0.015,1.9797865243495665,0.5134693050108461
0.015,1.9817211474316212,0.5170089954684571
0.015,1.983655770513676,0.5205785560489281
0.015,1.9855903935957306,0.5241783273310903
0.015,1.9875250166777851,0.5278086541215312
0.015,1.9894596397598399,0.5314698854856932
0.015,1.9913942628418946,0.5351623747779655
0.015,1.9933288859239493,0.5388864796707056
0.015,1.995263509006004,0.5426425621820687
0.015,1.9971981320880587,0.5464309887025424
0.015,1.9991327551701135,0.5502521300200853
0.015,2.001067378252168,0.5541063613437299
0.015,2.003002001334223,0.5579940623255545
0.015,2.0049366244162776,0.5619156170808592
0.015,2.0068712474983323,0.5658714142064395
0.015,2.008805870580387,0.5698618467967856
0.015,2.010740493662442,0.5738873124580794
0.015,2.0126751167444965,0.5779482133197984
0.015,2.0146097398265512,0.5820449560437838
0.015,2.016544362908606,0.586177951830583
0.015,2.0184789859906607,0.5903476164228671
0.015,2.0204136090727154,0.5945543701057561
0.015,2.02234823215477,0.5987986377038051
0.015,2.024282855236825,0.6030808485744661
0.015,2.0262174783188796,0.6074014365977854
0.015,2.0281521014009343,0.6117608401620785
0.015,2.030086724482989,0.6161595021453597
0.015,2.0320213475650437,0.6205978698922352
0.015,2.033955970647098,0.6250763951859979
0.015,2.0358905937291527,0.6295955342156172
0.015,2.0378252168112074,0.6341557475373211
0.015,2.039759839893262,0.6387575000304597
0.015,2.041694462975317,0.6434012608472881
0.015,2.0436290860573716,0.6480875033563428
0.015,2.0455637091394263,0.6528167050790081
0.015,2.047498332221481,0.6575893476189131
0.015,2.0494329553035358,0.6624059165837352
0.015,2.0513675783855905,0.667266901498977
0.015,2.053302201467645,0.6721727957132876
0.015,2.0552368245497,0.6771240962948423
0.015,2.0571714476317546,0.6821213039183056
0.015,2.0591060707138094,0.687164922741845
0.015,2.061040693795864,0.6922554602736878
0.015,2.062975316877919,0.6973934272276224
0.015,2.0649099399599735,0.7025793373669059
0.015,2.0668445630420282,0.7078137073359163
0.015,2.068779186124083,0.7130970564789475
0.015,2.0707138092061372,0.718429906645463
0.015,2.072648432288192,0.723812781981126
0.015,2.0745830553702467,0.7292462087038478
0.015,2.0765176784523014,0.7347307148641428
0.015,2.078452301534356,0.7402668300889694
0.015,2.080386924616411,0.745855085308254
0.015,2.0823215476984656,0.7514960124632174
0.015,2.0842561707805203,0.7571901441956554
0.015,2.086190793862575,0.7629380135172039
0.015,2.0881254169446297,0.7687401534576672
0.015,2.0900600400266844,0.7745970966913742
0.015,2.091994663108739,0.7805093751405588
0.015,2.093929286190794,0.7864775195546654
0.015,2.0958639092728486,0.7925020590644828
0.015,2.0977985323549033,0.7985835207099318
0.015,2.099733155436958,0.8047224289403285
0.015,2.1016677785190128,0.8109193050858883
0.015,2.1036024016010675,0.8171746667991678
0.015,2.105537024683122,0.8234890274651638
0.015,2.107471647765177,0.8298628955786714
0.015,2.1094062708472316,0.8362967740875272
0.015,2.1113408939292864,0.8427911597002871
0.015,2.113275517011341,0.849346542156837
0.015,2.115210140093396,0.8559634034604416
0.015,2.1171447631754505,0.8626422170696526
0.015,2.1190793862575052,0.8693834470484814
0.015,2.12101400933956,0.8761875471731894
0.015,2.1229486324216147,0.8830549599940496
0.015,2.1248832555036694,0.8899861158503537
0.015,2.126817878585724,0.8969814318369452
0.015,2.128752501667779,0.9040413107205354
0.015,2.1306871247498336,0.911166139803987
0.015,2.1326217478318883,0.9183562897368115
0.015,2.1345563709139426,0.9256121132700385
0.015,2.1364909939959973,0.932933943953674
0.015,2.138425617078052,0.9403220947748664
0.015,2.1403602401601067,0.947776856735048
0.015,2.1422948632421615,0.955298497364193
0.015,2.144229486324216,0.9628872591704174
0.015,2.146164109406271,0.9705433580232097
0.015,2.1480987324883256,0.9782669814685253
0.015,2.1500333555703803,0.9860582869741545
0.015,2.151967978652435,0.9939174001037085
0.015,2.1539026017344898,1.0018444126177597
0.015,2.1558372248165445,1.0098393805006975
0.015,2.157771847898599,1.0179023219119843
0.015,2.159706470980654,1.0260332150606497
0.015,2.1616410940627087,1.034231996001953
0.015,2.1635757171447634,1.0424985563553955
0.015,2.165510340226818,1.0508327409433411
0.015,2.167444963308873,1.0592343453498325
0.015,2.1693795863909275,1.0677031133993338
0.015,2.171314209472982,1.0762387345554514
0.015,2.1732488325550365,1.0848408412399775
0.015,2.1751834556370913,1.0935090060728414
0.015,2.177118078719146,1.1022427390340768
0.015,2.1790527018012007,1.1110414845491121
0.015,2.1809873248832554,1.1199046184992696
0.015,2.18292194796531,1.128831445159717
0.015,2.184856571047365,1.1378211940676914
0.015,2.1867911941294196,1.1468730168243209
0.015,2.1887258172114743,1.155985983833936
0.015,2.190660440293529,1.1651590809854695
0.015,2.1925950633755837,1.17439120628109
0.015,2.1945296864576385,1.1836811664180602
0.015,2.196464309539693,1.193027673330507
0.015,2.198398932621748,1.2024293406985558
0.015,2.2003335557038026,1.2118846804332626
0.015,2.2022681787858573,1.221392099146535
0.015,2.204202801867912,1.2309498946162878
0.015,2.206137424949967,1.2405562522579552
0.015,2.2080720480320215,1.2502092416146433
0.015,2.2100066711140762,1.2599068128791087
0.015,2.211941294196131,1.2696467934619904
0.015,2.2138759172781857,1.2794268846217332
0.015,2.2158105403602404,1.2892446581728563
0.015,2.217745163442295,1.2990975532903615
0.015,2.21967978652435,1.3089828734292468
0.015,2.2216144096064045,1.318897783379266
0.015,2.2235490326884593,1.3288393064762478
0.015,2.225483655770514,1.338804321992455
0.015,2.2274182788525687,1.3487895627295288
0.015,2.2293529019346234,1.3587916128387172
0.015,2.231287525016678,1.3688069058940258
0.015,2.233222148098733,1.3788317232449299
0.015,2.235156771180787,1.3888621926761282
0.015,2.237091394262842,1.3988942874025634
0.015,2.2390260173448966,1.408923825428512
0.015,2.2409606404269513,1.4189464693001448
0.015,2.242895263509006,1.4289577262811466
0.015,2.2448298865910608,1.43895294898115
0.015,2.2467645096731155,1.4489273364666877
0.015,2.24869913275517,1.4588759358840182
0.015,2.250633755837225,1.4687936446226069
0.015,2.2525683789192796,1.4786752130472707
0.015,2.2545030020013344,1.488515247825771
0.015,2.256437625083389,1.4983082158773209
0.015,2.258372248165444,1.5080484489655954
0.015,2.2603068712474985,1.5177301489578012
0.015,2.2622414943295532,1.5273473937689064
0.015,2.264176117411608,1.5368941440072574
0.015,2.2661107404936627,1.546364250334674
0.015,2.2680453635757174,1.555751461550566
0.015,2.269979986657772,1.565049433405597
0.015,2.2719146097398264,1.5742517381463175
0.015,2.273849232821881,1.5833518747874125
0.015,2.275783855903936,1.5923432801033313
0.015,2.2777184789859906,1.6012193403258839
0.015,2.2796531020680453,1.6099734035287867
0.015,2.2815877251501,1.6185987926745435
0.015,2.2835223482321547,1.6270888192930297
0.015,2.2854569713142094,1.6354367977552637
0.015,2.287391594396264,1.6436360600996172
0.015,2.289326217478319,1.6516799713617798
0.015,2.2912608405603736,1.6595619453536459
0.015,2.2931954636424283,1.667275460830489
0.015,2.295130086724483,1.6748140779801037
0.015,2.2970647098065378,1.6821714551622098
0.015,2.2989993328885925,1.689341365821429
0.015,2.300933955970647,1.6963177154926434
0.015,2.302868579052702,1.70309455881347
0.015,2.3048032021347566,1.7096661164552398
0.015,2.3067378252168114,1.7160267918811418
0.015,2.308672448298866,1.7221711878382195
0.015,2.310607071380921,1.7280941224887068
0.015,2.3125416944629755,1.7337906450859342
0.015,2.3144763175450302,1.7392560511004949
0.015,2.316410940627085,1.744485896703936
0.015,2.3183455637091397,1.7494760125195703
0.015,2.3202801867911944,1.7542225165533591
0.015,2.322214809873249,1.7587218262220083
0.015,2.324149432955304,1.7629706694006104
0.015,2.3260840560373586,1.7669660944180403
0.015,2.3280186791194133,1.7707054789351186
0.015,2.329953302201468,1.7741865376479937
0.015,2.3318879252835227,1.777407328767279
0.015,2.333822548365577,1.7803662592321765
0.015,2.3357571714476317,1.7830620886278732
0.015,2.3376917945296865,1.7854939317839216
0.015,2.339626417611741,1.78766126004104
0.015,2.341561040693796,1.7895639011834459
0.015,2.3434956637758506,1.7912020380436817
0.015,2.3454302868579053,1.7925762057964667
0.015,2.34736490993996,1.793687287967534
0.015,2.3492995330220148,1.7945365111924376
0.015,2.3512341561040695,1.7951254387689022
0.015,2.353168779186124,1.7954559630543367
0.015,2.355103402268179,1.7955302967675095
0.015,2.3570380253502337,1.7953509632601057
0.015,2.3589726484322884,1.794920785829789
0.015,2.360907271514343,1.7942428761514981
0.015,2.362841894596398,1.793320621907967
0.015,2.3647765176784525,1.792157673703835
0.015,2.3667111407605073,1.7907579313501876
0.015,2.368645763842562,1.7891255296079962
0.015,2.3705803869246167,1.7872648234796777
0.015,2.372515010006671,1.7851803731379028
0.015,2.3744496330887257,1.7828769285798944
0.015,2.3763842561707804,1.78035941409387
0.015,2.378318879252835,1.777632912621902
0.015,2.38025350233489,1.7747026501005663
0.015,2.3821881254169446,1.7715739798572332
0.015,2.3841227484989993,1.7682523671358128
0.015,2.386057371581054,1.7647433738213794
0.015,2.3879919946631087,1.7610526434283054
0.015,2.3899266177451635,1.7571858864114767
0.015,2.391861240827218,1.7531488658549335
0.015,2.393795863909273,1.7489473835868792
0.015,2.3957304869913276,1.7445872667645392
0.015,2.3976651100733823,1.74007435496691
0.015,2.399599733155437,1.7354144878280133
0.015,2.401534356237492,1.730613493237959
0.015,2.4034689793195465,1.7256771761339822
0.015,2.4054036024016012,1.720611307898611
0.015,2.407338225483656,1.715421616377384
0.015,2.4092728485657107,1.7101137765240686
0.015,2.4112074716477654,1.7046934016770345
0.015,2.41314209472982,1.6991660354665719
0.015,2.415076717811875,1.6935371443492762
0.015,2.4170113408939295,1.6878121107623194
0.015,2.4189459639759843,1.6819962268874091
0.015,2.420880587058039,1.6760946890115984
0.015,2.4228152101400937,1.6701125924696671
0.015,2.4247498332221484,1.6640549271508056
0.015,2.426684456304203,1.6579265735505033
0.015,2.428619079386258,1.6517322993470922
0.015,2.4305537024683126,1.6454767564811588
0.015,2.4324883255503673,1.6391644787150823
0.015,2.4344229486324216,1.632799879649244
0.015,2.4363575717144763,1.6263872511709163
0.015,2.438292194796531,1.6199307623116161
0.015,2.4402268178785858,1.6134344584884652
0.015,2.4421614409606405,1.6069022611053065
0.015,2.444096064042695,1.6003379674894136
0.015,2.44603068712475,1.5937452511400283
0.015,2.4479653102068046,1.5871276622654198
0.015,2.4498999332888594,1.5804886285856847
0.015,2.451834556370914,1.5738314563791869
0.015,2.453769179452969,1.567159331751228
0.015,2.4557038025350235,1.5604753221043834
0.015,2.4576384256170782,1.5537823777906457
0.015,2.459573048699133,1.5470833339265146
0.015,2.4615076717811877,1.5403809123529766
0.015,2.4634422948632424,1.5336777237232517
0.015,2.465376917945297,1.5269762697021247
0.015,2.467311541027352,1.5202789452615364
0.015,2.4692461641094066,1.513588041058106
0.015,2.4711807871914613,1.5069057458790645
0.015,2.4731154102735156,1.5002341491440856
0.015,2.4750500333555703,1.4935752434512115
0.015,2.476984656437625,1.486930927156079
0.015,2.4789192795196797,1.4803030069743464
0.015,2.4808539026017344,1.473693200598056
0.015,2.482788525683789,1.4671031393174458
0.015,2.484723148765844,1.4605343706404075
0.015,2.4866577718478986,1.4539883609024862
0.015,2.4885923949299533,1.4474664978610183
0.015,2.490527018012008,1.4409700932675595
0.015,2.4924616410940628,1.4345003854134217
0.015,2.4943962641761175,1.4280585416436105
0.015,2.496330887258172,1.4216456608350523
0.015,2.498265510340227,1.4152627758354412
0.015,2.5002001334222816,1.4089108558595167
0.015,2.5021347565043364,1.402590808840007
0.015,2.504069379586391,1.396303483730851
0.015,2.506004002668446,1.3900496727607154
0.015,2.5079386257505005,1.3838301136351179
0.015,2.5098732488325552,1.37764549168584
0.015,2.51180787191461,1.371496441966536
0.015,2.5137424949966647,1.3653835512937555
0.015,2.5156771180787194,1.3593073602328107
0.015,2.517611741160774,1.3532683650281894
0.015,2.519546364242829,1.3472670194783194
0.015,2.5214809873248836,1.3413037367547809
0.015,2.5234156104069383,1.3353788911661404
0.015,2.525350233488993,1.3294928198667728
0.015,2.5272848565710477,1.3236458245111626
0.015,2.5292194796531025,1.3178381728542679
0.015,2.531154102735157,1.3120701002986515
0.015,2.533088725817212,1.3063418113891776
0.015,2.5350233488992666,1.3006534812561519
0.015,2.5369579719813213,1.2950052570078125
0.015,2.538892595063376,1.289397259073198
0.015,2.5408272181454303,1.2838295824964185
0.015,2.542761841227485,1.278302298183413
0.015,2.5446964643095398,1.2728154541023298
0.015,2.5466310873915945,1.2673690764386354
0.015,2.548565710473649,1.2619631707061507
0.015,2.550500333555704,1.2565977228151664
0.015,2.5524349566377587,1.251272700098822
0.015,2.5543695797198134,1.2459880522989604
0.015,2.556304202801868,1.2407437125126062
0.015,2.558238825883923,1.2355395981002906
0.015,2.5601734489659775,1.230375611557365
0.015,2.5621080720480323,1.2252516413494987
0.015,2.564042695130087,1.2201675627134965
0.015,2.5659773182121413,1.2151232384245754
0.015,2.567911941294196,1.2101185195312225
0.015,2.5698465643762507,1.205153246058742
0.015,2.5717811874583054,1.2002272476825693
0.015,2.57371581054036,1.1953403443724058
0.015,2.575650433622415,1.1904923470082207
0.015,2.5775850567044696,1.185683057969125
0.015,2.5795196797865243,1.180912271696122
0.015,2.581454302868579,1.1761797752296816
0.015,2.5833889259506337,1.1714853487230896
0.015,2.5853235490326885,1.166828765932483
0.015,2.587258172114743,1.1622097946844554
0.015,2.589192795196798,1.157628197322115
0.015,2.5911274182788526,1.153083731130405
0.015,2.5930620413609073,1.1485761487415151
0.015,2.594996664442962,1.1441051985211819
0.015,2.596931287525017,1.1396706249366102
0.015,2.5988659106070715,1.1352721689067848
0.015,2.6008005336891262,1.1309095681358654
0.015,2.602735156771181,1.1265825574303618
0.015,2.6046697798532357,1.122290869000751
0.015,2.6066044029352904,1.1180342327481894
0.015,2.608539026017345,1.1138123765369292
0.015,2.6104736490994,1.1096250264530334
0.015,2.6124082721814545,1.10547190704999
0.015,2.6143428952635093,1.1013527415817481
0.015,2.616277518345564,1.0972672522237437
0.015,2.6182121414276187,1.093215160282398
0.015,2.6201467645096734,1.0891961863936166
0.015,2.622081387591728,1.08521005071074
0.015,2.624016010673783,1.0812564730824217
0.015,2.6259506337558376,1.0773351732208636
0.015,2.6278852568378923,1.0734458708608432
0.015,2.629819879919947,1.0695882859099353
0.015,2.6317545030020018,1.0657621385903064
0.015,2.6336891260840565,1.0619671495724912
0.015,2.635623749166111,1.0582030401014728
0.015,2.637558372248166,1.0544695321154407
0.015,2.6394929953302206,1.0507663483575458
0.015,2.641427618412275,1.0470932124809742
0.015,2.6433622414943296,1.0434498491476523
0.015,2.6452968645763844,1.0398359841208598
0.015,2.647231487658439,1.036251344352051
0.015,2.649166110740494,1.032695658062136
0.015,2.6511007338225485,1.0291686548174983
0.015,2.6530353569046032,1.0256700656009765
0.015,2.654969979986658,1.0221996228780637
0.015,2.6569046030687127,1.0187570606585385
0.015,2.6588392261507674,1.0153421145537564
0.015,2.660773849232822,1.0119545218298007
0.015,2.662708472314877,1.0085940214566937
0.015,2.6646430953969316,1.0052603541538645
0.015,2.666577718478986,1.0019532624320444
0.015,2.6685123415610406,0.9986724906317735
0.015,2.6704469646430953,0.9954177849586948
0.015,2.67238158772515,0.9921888935157588
0.015,2.6743162108072047,0.9889855663325401
0.015,2.6762508338892594,0.9858075553917695
0.015,2.678185456971314,0.9826546146532517
0.015,2.680120080053369,0.9795265000752822
0.015,2.6820547031354236,0.9764229696336988
0.015,2.6839893262174783,0.9733437833386908
0.015,2.685923949299533,0.9702887032494736
0.015,2.6878585723815878,0.9672574934869578
0.015,2.6897931954636425,0.9642499202444949
0.015,2.691727818545697,0.9612657517968186
0.015,2.693662441627752,0.9583047585072711
0.015,2.6955970647098066,0.9553667128334142
0.015,2.6975316877918614,0.9524513893310994
0.015,2.699466310873916,0.9495585646570944
0.015,2.701400933955971,0.9466880175703438
0.015,2.7033355570380255,0.9438395289319285
0.015,2.7052701801200802,0.9410128817038212
0.015,2.707204803202135,0.9382078609464817
0.015,2.7091394262841897,0.9354242538153746
0.015,2.7110740493662444,0.9326618495564666
0.015,2.713008672448299,0.9299204395007684
0.015,2.714943295530354,0.9271998170579738
0.015,2.7168779186124086,0.9244997777092527
0.015,2.7188125416944633,0.9218201189992525
0.015,2.720747164776518,0.9191606405273535
0.015,2.7226817878585727,0.9165211439382314
0.015,2.7246164109406275,0.9139014329117682
0.015,2.726551034022682,0.9113013131523544
0.015,2.728485657104737,0.9087205923776218
0.015,2.7304202801867916,0.9061590803066573
0.015,2.7323549032688463,0.9036165886477162
0.015,2.734289526350901,0.9010929310854884
0.015,2.7362241494329558,0.898587923267937
0.015,2.7381587725150105,0.8961013827927488
0.015,2.740093395597065,0.8936331291934321
0.015,2.7420280186791195,0.8911829839250747
0.015,2.743962641761174,0.8887507703498025
0.015,2.745897264843229,0.8863363137219652
0.015,2.7478318879252837,0.8839394411730621
0.015,2.7497665110073384,0.8815599816964507
0.015,2.751701134089393,0.8791977661318365
0.015,2.753635757171448,0.8768526271495867
0.015,2.7555703802535025,0.8745243992348724
0.015,2.7575050033355573,0.8722129186716745
0.015,2.759439626417612,0.8699180235266495
0.015,2.7613742494996667,0.8676395536328939
0.015,2.7633088725817214,0.8653773505736096
0.015,2.765243495663776,0.8631312576656888
0.015,2.7671781187458304,0.8609011199432419
0.015,2.769112741827885,0.858686784141062
0.015,2.77104736490994,0.8564880986780636
0.015,2.7729819879919946,0.8543049136406867
0.015,2.7749166110740493,0.8521370807662898
0.015,2.776851234156104,0.8499844534265404
0.015,2.7787858572381587,0.8478468866108095
0.015,2.7807204803202135,0.8457242369095878
0.015,2.782655103402268,0.8436163624979204
0.015,2.784589726484323,0.8415231231188826
0.015,2.7865243495663776,0.8394443800670944
0.015,2.7884589726484323,0.8373799961722843
0.015,2.790393595730487,0.8353298357829152
0.015,2.792328218812542,0.8332937647498654
0.015,2.7942628418945965,0.8312716504101914
0.015,2.7961974649766512,0.8292633615709535
0.015,2.798132088058706,0.827268768493135
0.015,2.8000667111407607,0.8252877428756387
0.015,2.8020013342228154,0.8233201578393813
0.015,2.80393595730487,0.8213658879114775
0.015,2.805870580386925,0.819424809009531
0.015,2.8078052034689795,0.8174967984260221
0.015,2.8097398265510343,0.8155817348128066
0.015,2.811674449633089,0.8136794981657262
0.015,2.8136090727151437,0.8117899698093277
0.015,2.8155436957971984,0.8099130323817065
0.015,2.817478318879253,0.8080485698194572
0.015,2.819412941961308,0.8061964673427582
0.015,2.8213475650433626,0.8043566114405707
0.015,2.8232821881254173,0.8025288898559659
0.015,2.825216811207472,0.8007131915715819
0.015,2.8271514342895268,0.7989094067952007
0.015,2.8290860573715815,0.797117426945466
0.015,2.831020680453636,0.7953371446377238
0.015,2.832955303535691,0.7935684536700011
0.015,2.8348899266177456,0.7918112490091107
0.015,2.8368245496998004,0.7900654267768968
0.015,2.838759172781855,0.7883308842366122
0.015,2.84069379586391,0.7866075197794291
0.015,2.842628418945964,0.7848952329110892
0.015,2.844563042028019,0.7831939242386825
0.015,2.8464976651100735,0.7815034954575738
0.015,2.8484322881921282,0.7798238493384548
0.015,2.850366911274183,0.7781548897145346
0.015,2.8523015343562377,0.7764965214688723
0.015,2.8542361574382924,0.7748486505218355
0.015,2.856170780520347,0.7732111838187042
0.015,2.858105403602402,0.771584029317404
0.015,2.8600400266844566,0.7699670959763775
0.015,2.8619746497665113,0.7683602937425869
0.015,2.863909272848566,0.7667635335396545
0.015,2.8658438959306207,0.7651767272561366
0.015,2.867778519012675,0.7635997877339253
0.015,2.8697131420947297,0.7620326287567901
0.015,2.8716477651767844,0.7604751650390427
0.015,2.873582388258839,0.7589273122143434
0.015,2.875517011340894,0.7573889868246267
0.015,2.8774516344229486,0.7558601063091637
0.015,2.8793862575050033,0.754340588993749
0.015,2.881320880587058,0.7528303540800172
0.015,2.8832555036691128,0.7513293216348851
0.015,2.8851901267511675,0.7498374125801216
0.015,2.887124749833222,0.7483545486820388
0.015,2.889059372915277,0.7468806525413082
0.015,2.8909939959973316,0.7454156475829044
0.015,2.8929286190793864,0.7439594580461621
0.015,2.894863242161441,0.7425120089749616
0.015,2.896797865243496,0.7410732262080291
0.015,2.8987324883255505,0.739643036369356
0.015,2.9006671114076052,0.7382213668587396
0.015,2.90260173448966,0.7368081458424368
0.015,2.9045363575717147,0.7354033022439319
0.015,2.9064709806537694,0.7340067657348213
0.015,2.908405603735824,0.7326184667258122
0.015,2.910340226817879,0.7312383363578301
0.015,2.9122748498999336,0.7298663064932377
0.015,2.9142094729819883,0.7285023097071665
0.015,2.916144096064043,0.7271462792789516
0.015,2.9180787191460977,0.72579814918368
0.015,2.9200133422281525,0.7244578540838406
0.015,2.921947965310207,0.7231253293210805
0.015,2.923882588392262,0.721800510908066
0.015,2.9258172114743166,0.7204833355204455
0.015,2.9277518345563713,0.7191737404889162
0.015,2.929686457638426,0.7178716637913864
0.015,2.9316210807204808,0.7165770440452429
0.015,2.9335557038025355,0.7152898204997122
0.015,2.93549032688459,0.7140099330283232
0.015,2.937424949966645,0.7127373221214595
0.015,2.9393595730486997,0.7114719288790139
0.015,2.9412941961307544,0.710213695003131
0.015,2.9432288192128087,0.708962562791046
0.015,2.9451634422948634,0.707718475128011
0.015,2.947098065376918,0.7064813754803168
0.015,2.949032688458973,0.7052512078884008
0.015,2.9509673115410275,0.7040279169600414
0.015,2.9529019346230823,0.7028114478636462
0.015,2.954836557705137,0.7016017463216185
0.015,2.9567711807871917,0.7003987586038132
0.015,2.9587058038692464,0.6992024315210764
0.015,2.960640426951301,0.6980127124188668
0.015,2.962575050033356,0.6968295491709598
0.015,2.9645096731154106,0.6956528901732314
0.015,2.9664442961974653,0.6944826843375247
0.015,2.9683789192795196,0.6933188810855897
0.015,2.9703135423615743,0.6921614303431077
0.015,2.972248165443629,0.6910102825337878
0.015,2.9741827885256837,0.689865388573542
0.015,2.9761174116077385,0.6887266998647313
0.015,2.978052034689793,0.687594168290491
0.015,2.979986657771848,0.6864677462091259
0.015,2.9819212808539026,0.6853473864485745
0.015,2.9838559039359573,0.6842330423009537
0.015,2.985790527018012,0.6831246675171634
0.015,2.987725150100067,0.6820222163015643
0.015,2.9896597731821215,0.6809256433067266
0.015,2.9915943962641762,0.6798349036282435
0.015,2.993529019346231,0.6787499527996105
0.015,2.9954636424282857,0.6776707467871713
0.015,2.9973982655103404,0.6765972419851306
0.015,2.999332888592395,0.6755293952106276
0.015,3.00126751167445,0.6744671636988739
0.015,3.0032021347565045,0.673410505098355
0.015,3.0051367578385593,0.6723593774660904
0.015,3.007071380920614,0.6713137392629578
0.015,3.0090060040026687,0.6702735493490732
0.015,3.0109406270847234,0.669238766979235
0.015,3.012875250166778,0.6682093517984199
0.015,3.014809873248833,0.6671852638373429
0.015,3.0167444963308876,0.6661664635080697
0.015,3.0186791194129423,0.665152911599687
0.015,3.020613742494997,0.6641445692740259
0.015,3.0225483655770518,0.6631413980614426
0.015,3.0244829886591065,0.6621433598566501
0.015,3.026417611741161,0.6611504169146061
0.015,3.028352234823216,0.6601625318464492
0.015,3.0302868579052706,0.6591796676154894
0.015,3.0322214809873254,0.6582017875332498
0.015,3.03415610406938,0.6572288552555561
0.015,3.036090727151435,0.6562608347786781
0.015,3.0380253502334895,0.6552976904355188
0.015,3.0399599733155442,0.6543393868918507
0.015,3.041894596397599,0.653385889142604
0.015,3.0438292194796532,0.652437162508195
0.015,3.045763842561708,0.6514931726309056
0.015,3.0476984656437627,0.6505538854713088
0.015,3.0496330887258174,0.6496192673047352
0.015,3.051567711807872,0.6486892847177883
0.015,3.053502334889927,0.6477639046049005
0.015,3.0554369579719816,0.6468430941649345
0.015,3.0573715810540363,0.6459268208978248
0.015,3.059306204136091,0.6450150526012645
0.015,3.0612408272181457,0.6441077573674309
0.015,3.0631754503002004,0.6432049035797544
0.015,3.065110073382255,0.642306459909724
0.015,3.06704469646431,0.641412395313738
0.015,3.068979319546364,0.640522679029989
0.015,3.070913942628419,0.6396372805753907
0.015,3.0728485657104736,0.6387561697425419
0.015,3.0747831887925283,0.6378793165967283
0.015,3.076717811874583,0.6370066914729613
0.015,3.0786524349566378,0.6361382649730546
0.015,3.0805870580386925,0.6352740079627358
0.015,3.082521681120747,0.6344138915687937
0.015,3.084456304202802,0.6335578871762615
0.015,3.0863909272848566,0.6327059664256355
0.015,3.0883255503669114,0.6318581012101263
0.015,3.090260173448966,0.6310142636729449
0.015,3.092194796531021,0.6301744262046218
0.015,3.0941294196130755,0.6293385614403594
0.015,3.0960640426951302,0.6285066422574183
0.015,3.097998665777185,0.6276786417725312
0.015,3.0999332888592397,0.6268545333393537
0.015,3.1018679119412944,0.6260342905459432
0.015,3.103802535023349,0.6252178872122688
0.015,3.105737158105404,0.6244052973877539
0.015,3.1076717811874586,0.6235964953488443
0.015,3.1096064042695133,0.6227914555966112
0.015,3.111541027351568,0.6219901528543786
0.015,3.1134756504336227,0.6211925620653834
0.015,3.1154102735156775,0.6203986583904607
0.015,3.117344896597732,0.61960841720576
0.015,3.119279519679787,0.6188218141004846
0.015,3.1212141427618416,0.6180388248746652
0.015,3.1231487658438963,0.6172594255369533
0.015,3.125083388925951,0.6164835923024456
0.015,3.1270180120080058,0.6157113015905329
0.015,3.1289526350900605,0.6149425300227755
0.015,3.130887258172115,0.6141772544208035
0.015,3.13282188125417,0.6134154518042428
0.015,3.1347565043362247,0.6126570993886653
0.015,3.1366911274182794,0.6119021745835638
0.015,3.138625750500334,0.6111506549903525
0.015,3.140560373582389,0.6104025184003884
0.015,3.1424949966644435,0.6096577427930192
0.015,3.144429619746498,0.6089163063336536
0.015,3.1463642428285525,0.6081781873718513
0.015,3.1482988659106073,0.6074433644394416
0.015,3.150233488992662,0.6067118162486598
0.015,3.1521681120747167,0.6059835216903072
0.015,3.1541027351567714,0.6052584598319312
0.015,3.156037358238826,0.6045366099160304
0.015,3.157971981320881,0.6038179513582775
0.015,3.1599066044029356,0.6031024637457644
0.015,3.1618412274849903,0.6023901268352675
0.015,3.163775850567045,0.6016809205515342
0.015,3.1657104736490997,0.6009748249855886
0.015,3.167645096731154,0.600271820393058
0.015,3.1695797198132087,0.5995718871925163
0.015,3.1715143428952635,0.5988750059638516
0.015,3.173448965977318,0.5981811574466465
0.015,3.175383589059373,0.5974903225385847
0.015,3.1773182121414276,0.5968024822938682
0.015,3.1792528352234823,0.5961176179216595
0.015,3.181187458305537,0.5954357107845373
0.015,3.183122081387592,0.5947567423969723
0.015,3.1850567044696465,0.594080694423821
0.015,3.1869913275517012,0.593407548678835
0.015,3.188925950633756,0.592737287123189
0.015,3.1908605737158107,0.592069891864025
0.015,3.1927951967978654,0.5914053451530132
0.015,3.19472981987992,0.5907436293849301
0.015,3.196664442961975,0.5900847270962524
0.015,3.1985990660440295,0.5894286209637671
0.015,3.2005336891260843,0.5887752938031959
0.015,3.202468312208139,0.5881247285678397
0.015,3.2044029352901937,0.5874769083472325
0.015,3.2063375583722484,0.5868318163658162
0.015,3.208272181454303,0.586189435981626
0.015,3.210206804536358,0.5855497506849943
0.015,3.2121414276184126,0.5849127440972662
0.015,3.2140760507004673,0.5842783999695325
0.015,3.216010673782522,0.5836467021813746
0.015,3.2179452968645768,0.5830176347396231
0.015,3.2198799199466315,0.5823911817771347
0.015,3.221814543028686,0.5817673275515776
0.015,3.223749166110741,0.5811460564442339
0.015,3.2256837891927956,0.5805273529588129
0.015,3.2276184122748504,0.579911201720281
0.015,3.229553035356905,0.5792975874737014
0.015,3.23148765843896,0.5786864950830888
0.015,3.2334222815210145,0.5780779095302755
0.015,3.2353569046030692,0.5774718159137915
0.015,3.237291527685124,0.5768681994477562
0.015,3.2392261507671787,0.5762670454607828
0.015,3.2411607738492334,0.5756683393948934
0.015,3.2430953969312877,0.5750720668044491
0.015,3.2450300200133424,0.5744782133550882
0.015,3.246964643095397,0.5738867648226798
0.015,3.248899266177452,0.573297707092286
0.015,3.2508338892595066,0.5727110261571374
0.015,3.2527685123415613,0.5721267081176182
0.015,3.254703135423616,0.5715447391802646
0.015,3.2566377585056707,0.5709651056567716
0.015,3.2585723815877254,0.5703877939630133
0.015,3.26050700466978,0.5698127906180719
0.015,3.262441627751835,0.569240082243277
0.015,3.2643762508338896,0.5686696555612587
0.015,3.2663108739159443,0.5681014973950066
0.015,3.2682454969979986,0.5675355946669419
0.015,3.2701801200800533,0.566971934397999
0.015,3.272114743162108,0.5664105037067152
0.015,3.2740493662441628,0.5658512898083343
0.015,3.2759839893262175,0.5652942800139149
0.015,3.277918612408272,0.5647394617294526
0.015,3.279853235490327,0.5641868224550083
0.015,3.2817878585723816,0.5636363497838488
0.015,3.2837224816544364,0.5630880314015945
0.015,3.285657104736491,0.5625418550853769
0.015,3.287591727818546,0.5619978087030055
0.015,3.2895263509006005,0.5614558802121427
0.015,3.2914609739826552,0.5609160576594887
0.015,3.29339559706471,0.5603783291799742
0.015,3.2953302201467647,0.5598426829959615
0.015,3.2972648432288194,0.5593091074164555
0.015,3.299199466310874,0.5587775908363208
0.015,3.301134089392929,0.5582481217355098
0.015,3.3030687124749836,0.5577206886782963
0.015,3.3050033355570383,0.5571952803125193
0.015,3.306937958639093,0.556671885368833
0.015,3.3088725817211477,0.556150492659967
0.015,3.3108072048032025,0.555631091079991
0.015,3.312741827885257,0.5551136696035911
0.015,3.314676450967312,0.55459821728535
0.015,3.3166110740493666,0.5540847232590375
0.015,3.3185456971314213,0.5535731767369069
0.015,3.320480320213476,0.5530635670089992
0.015,3.3224149432955308,0.5525558834424547
0.015,3.3243495663775855,0.5520501154808308
0.015,3.32628418945964,0.5515462526434292
0.015,3.328218812541695,0.5510442845246273
0.015,3.3301534356237497,0.5505442007932181
0.015,3.3320880587058044,0.5500459911917571
0.015,3.334022681787859,0.5495496455359143
0.015,3.335957304869914,0.5490551537138358
0.015,3.3378919279519685,0.5485625056855081
0.015,3.3398265510340233,0.5480716914821336
0.015,3.341761174116078,0.5475827012055071
0.015,3.3436957971981323,0.5470955250274041
0.015,3.345630420280187,0.5466101531889709
0.015,3.3475650433622417,0.5461265760001248
0.015,3.3494996664442964,0.5456447838389565
0.015,3.351434289526351,0.545164767151142
0.015,3.353368912608406,0.5446865164493585
0.015,3.3553035356904606,0.5442100223127071
0.015,3.3572381587725153,0.5437352753861404
0.015,3.35917278185457,0.5432622663798975
0.015,3.3611074049366247,0.5427909860689433
0.015,3.3630420280186795,0.5423214252924141
0.015,3.364976651100734,0.5418535749530684
0.015,3.366911274182789,0.5413874260167437
0.015,3.368845897264843,0.540922969511819
0.015,3.370780520346898,0.5404601965286808
0.015,3.3727151434289526,0.539999098219198
0.015,3.3746497665110073,0.5395396657961984
0.015,3.376584389593062,0.5390818905329529
0.015,3.378519012675117,0.538625763762663
0.015,3.3804536357571715,0.5381712768779556
0.015,3.3823882588392262,0.5377184213303805
0.015,3.384322881921281,0.5372671886299154
0.015,3.3862575050033357,0.5368175703444725
0.015,3.3881921280853904,0.5363695580994139
0.015,3.390126751167445,0.5359231435770682
0.015,3.3920613742495,0.5354783185162549
0.015,3.3939959973315545,0.5350350747118117
0.015,3.3959306204136093,0.5345934040141256
0.015,3.397865243495664,0.5341532983286715
0.015,3.3997998665777187,0.5337147496155539
0.015,3.4017344896597734,0.533277749889051
0.015,3.403669112741828,0.5328422912171671
0.015,3.405603735823883,0.5324083657211867
0.015,3.4075383589059376,0.5319759655752335
0.015,3.4094729819879923,0.5315450830058349
0.015,3.411407605070047,0.531115710291489
0.015,3.4133422281521018,0.5306878397622362
0.015,3.4152768512341565,0.5302614637992369
0.015,3.417211474316211,0.5298365748343501
0.015,3.419146097398266,0.529413165349719
0.015,3.4210807204803206,0.528991227877359
0.015,3.4230153435623754,0.5285707549987488
0.015,3.42494996664443,0.5281517393444299
0.015,3.426884589726485,0.5277341735936032
0.015,3.4288192128085395,0.5273180504737347
0.015,3.4307538358905942,0.5269033627601639
0.015,3.432688458972649,0.5264901032757142
0.015,3.4346230820547037,0.5260782648903093
0.015,3.4365577051367584,0.5256678405205909
0.015,3.438492328218813,0.5252588231295429
0.015,3.440426951300868,0.5248512057261163
0.015,3.4423615743829226,0.52444498136486
0.015,3.444296197464977,0.5240401431455537
0.015,3.4462308205470316,0.5236366842128448
0.015,3.4481654436290863,0.5232345977558881
0.015,3.450100066711141,0.522833877007991
0.015,3.4520346897931957,0.5224345152462588
0.015,3.4539693128752504,0.5220365057912464
0.015,3.455903935957305,0.5216398420066112
0.015,3.45783855903936,0.5212445172987704
0.015,3.4597731821214146,0.520850525116561
0.015,3.4617078052034693,0.5204578589509037
0.015,3.463642428285524,0.5200665123344688
0.015,3.4655770513675788,0.5196764788413458
0.015,3.4675116744496335,0.5192877520867167
0.015,3.4694462975316878,0.5189003257265316
0.015,3.4713809206137425,0.5185141934571874
0.015,3.473315543695797,0.5181293490152102
0.015,3.475250166777852,0.517745786176939
0.015,3.4771847898599066,0.5173634987582144
0.015,3.4791194129419614,0.5169824806140686
0.015,3.481054036024016,0.5166027256384192
0.015,3.482988659106071,0.5162242277637663
0.015,3.4849232821881255,0.5158469809608894
0.015,3.4868579052701802,0.5154709792385519
0.015,3.488792528352235,0.5150962166432039
0.015,3.4907271514342897,0.5147226872586909
0.015,3.4926617745163444,0.5143503852059627
0.015,3.494596397598399,0.5139793046427864
0.015,3.496531020680454,0.5136094397634628
0.015,3.4984656437625086,0.5132407847985433
0.015,3.5004002668445633,0.5128733340145505
0.015,3.502334889926618,0.5125070817137016
0.015,3.5042695130086727,0.5121420222336339
0.015,3.5062041360907275,0.5117781499471331
0.015,3.508138759172782,0.5114154592618637
0.015,3.510073382254837,0.5110539446201017
0.015,3.5120080053368916,0.510693600498471
0.015,3.5139426284189463,0.5103344214076805
0.015,3.515877251501001,0.5099764018922642
0.015,3.5178118745830558,0.5096195365303244
0.015,3.5197464976651105,0.5092638199332759
0.015,3.521681120747165,0.508909246745594
0.015,3.52361574382922,0.5085558116445631
0.015,3.5255503669112747,0.508203509340029
0.015,3.5274849899933294,0.5078523345741525
0.015,3.529419613075384,0.5075022821211652
0.015,3.5313542361574384,0.5071533467871295
0.015,3.533288859239493,0.5068055234096965
0.015,3.535223482321548,0.5064588068578709
0.015,3.5371581054036025,0.5061131920317744
0.015,3.5390927284856573,0.5057686738624129
0.015,3.541027351567712,0.5054252473114452
0.015,3.5429619746497667,0.5050829073709548
0.015,3.5448965977318214,0.5047416490632216
0.015,3.546831220813876,0.5044014674404979
0.015,3.548765843895931,0.5040623575847842
0.015,3.5507004669779856,0.5037243146076099
0.015,3.5526350900600403,0.5033873336498126
0.015,3.554569713142095,0.5030514098813214
0.015,3.5565043362241497,0.5027165385009417
0.015,3.5584389593062045,0.5023827147361425
0.015,3.560373582388259,0.5020499338428429
0.015,3.562308205470314,0.501718191105205
0.015,3.5642428285523686,0.501387481835424
0.015,3.5661774516344233,0.501057801373523
0.015,3.568112074716478,0.5007291450871489
0.015,3.570046697798533,0.5004015083713701
0.015,3.5719813208805875,0.5000748866484748
0.015,3.5739159439626422,0.49974927536777286
0.015,3.575850567044697,0.49942467000539903
0.015,3.5777851901267517,0.4991010660641159
0.015,3.5797198132088064,0.49877845907312207
0.015,3.5816544362908607,0.49845684458785827
0.015,3.5835890593729154,0.49813621818981746
0.015,3.58552368245497,0.497816575486357
0.015,3.587458305537025,0.49749791211050925
0.015,3.5893929286190795,0.49718022372079795
0.015,3.5913275517011343,0.4968635060010531
0.015,3.593262174783189,0.4965477546602293
0.015,3.5951967978652437,0.4962329654322241
0.015,3.5971314209472984,0.4959191340756989
0.015,3.599066044029353,0.49560625637390116
0.015,3.601000667111408,0.4952943281344885
0.015,3.6029352901934626,0.4949833451893532
0.015,3.6048699132755173,0.49467330339444926
0.015,3.606804536357572,0.4943641986296211
0.015,3.6087391594396268,0.4940560267984317
0.015,3.6106737825216815,0.49374878382799525
0.015,3.612608405603736,0.4934424656688087
0.015,3.614543028685791,0.4931370682945862
0.015,3.6164776517678456,0.4928325877020934
0.015,3.6184122748499004,0.4925290199109861
0.015,3.620346897931955,0.49222636096364597
0.015,3.62228152101401,0.49192460692502177
0.015,3.6242161440960645,0.49162375388246904
0.015,3.6261507671781192,0.49132379794559283
0.015,3.628085390260174,0.49102473524609125
0.015,3.6300200133422287,0.49072656193759895
0.015,3.631954636424283,0.4904292741955354
0.015,3.6338892595063377,0.4901328682169496
0.015,3.6358238825883924,0.4898373402203705
0.015,3.637758505670447,0.48954268644565674
0.015,3.639693128752502,0.48924890315384667
0.015,3.6416277518345566,0.48895598662701145
0.015,3.6435623749166113,0.4886639331681089
0.015,3.645496997998666,0.48837273910083717
0.015,3.6474316210807207,0.4880824007694921
0.015,3.6493662441627754,0.4877929145388233
0.015,3.65130086724483,0.48750427679389235
0.015,3.653235490326885,0.4872164839399336
0.015,3.6551701134089396,0.4869295324022134
0.015,3.6571047364909943,0.48664341862589283
0.015,3.659039359573049,0.48635813907589026
0.015,3.6609739826551038,0.4860736902367449
0.015,3.6629086057371585,0.48579006861248347
0.015,3.664843228819213,0.48550727072648464
0.015,3.666777851901268,0.4852252931213474
0.015,3.6687124749833226,0.48494413235875944
0.015,3.6706470980653774,0.48466378501936636
0.015,3.672581721147432,0.48438424770264293
0.015,3.674516344229487,0.48410551702676347
0.015,3.6764509673115415,0.4838275896284757
0.015,3.6783855903935962,0.4835504621629735
0.015,3.680320213475651,0.4832741313037726
0.015,3.6822548365577052,0.48299859374258547
0.015,3.68418945963976,0.4827238461891981
0.015,3.6861240827218147,0.48244988537134836
0.015,3.6880587058038694,0.4821767080346041
0.015,3.689993328885924,0.48190431094224284
0.015,3.691927951967979,0.4816326908751333
0.015,3.6938625750500336,0.48136184463161497
0.015,3.6957971981320883,0.48109176902738315
0.015,3.697731821214143,0.4808224608953706
0.015,3.6996664442961977,0.48055391708563305
0.015,3.7016010673782525,0.48028613446523355
0.015,3.703535690460307,0.4800191099181296
0.015,3.705470313542362,0.4797528403450597
0.015,3.7074049366244166,0.4794873226634317
0.015,3.7093395597064713,0.479222553807212
0.015,3.711274182788526,0.47895853072681444
0.015,3.7132088058705808,0.4786952503889923
0.015,3.7151434289526355,0.47843270977672836
0.015,3.71707805203469,0.47817090588912853
0.015,3.719012675116745,0.47790983574131474
0.015,3.7209472981987997,0.47764949636431886
0.015,3.7228819212808544,0.4773898848049775
0.015,3.724816544362909,0.47713099812582854
0.015,3.726751167444964,0.47687283340500647
0.015,3.7286857905270185,0.4766153877361411
0.015,3.7306204136090733,0.4763586582282547
0.015,3.7325550366911275,0.47610264200566166
0.015,3.7344896597731823,0.4758473362078677
0.015,3.736424282855237,0.475592737989471
0.015,3.7383589059372917,0.4753388445200632
0.015,3.7402935290193464,0.4750856529841316
0.015,3.742228152101401,0.47483316058096164
0.015,3.744162775183456,0.4745813645245413
0.015,3.7460973982655106,0.4743302620434645
0.015,3.7480320213475653,0.4740798503808376
0.015,3.74996664442962,0.473830126794183
0.015,3.7519012675116747,0.473581088555348
0.015,3.7538358905937295,0.47333273295041084
0.015,3.755770513675784,0.473085057279589
0.015,3.757705136757839,0.47283805885714786
0.015,3.7596397598398936,0.4725917350113097
0.015,3.7615743829219483,0.47234608308416487
0.015,3.763509006004003,0.47210110043158154
0.015,3.765443629086058,0.4718567844231177
0.015,3.7673782521681125,0.4716131324419328
0.015,3.7693128752501672,0.4713701418847014
0.015,3.771247498332222,0.47112781016152583
0.015,3.7731821214142767,0.47088613469585083
0.015,3.7751167444963314,0.47064511292437833
0.015,3.777051367578386,0.47040474229698226
0.015,3.778985990660441,0.4701650202766256
0.015,3.7809206137424956,0.46992594433927665
0.015,3.78285523682455,0.4696875119738262
0.015,3.7847898599066045,0.46944972068200586
0.015,3.7867244829886593,0.4692125679783059
0.015,3.788659106070714,0.4689760513898959
0.015,3.7905937291527687,0.4687401684565433
0.015,3.7925283522348234,0.46850491673053435
0.015,3.794462975316878,0.46827029377659457
0.015,3.796397598398933,0.4680362971718115
0.015,3.7983322214809876,0.46780292450555594
0.015,3.8002668445630423,0.4675701733794051
0.015,3.802201467645097,0.4673380414070659
0.015,3.8041360907271518,0.46710652621429866
0.015,3.8060707138092065,0.46687562543884226
0.015,3.808005336891261,0.4666453367303384
0.015,3.809939959973316,0.4664156577502581
0.015,3.8118745830553706,0.4661865861718272
0.015,3.8138092061374254,0.46595811967995315
0.015,3.81574382921948,0.4657302559711526
0.015,3.817678452301535,0.4655029927534792
0.015,3.8196130753835895,0.4652763277464517
0.015,3.8215476984656442,0.4650502586809831
0.015,3.823482321547699,0.46482478329930915
0.015,3.8254169446297537,0.4645998993549201
0.015,3.8273515677118084,0.4643756046124892
0.015,3.829286190793863,0.4641518968478054
0.015,3.831220813875918,0.4639287738477029
0.015,3.833155436957972,0.463706233409995
0.015,3.835090060040027,0.46348427334340536
0.015,3.8370246831220816,0.463262891467501
0.015,3.8389593062041363,0.46304208561262683
0.015,3.840893929286191,0.4628218536198379
0.015,3.8428285523682457,0.4626021933408353
0.015,3.8447631754503004,0.4623831026379007
0.015,3.846697798532355,0.4621645793838311
0.015,3.84863242161441,0.461946621461875
0.015,3.8505670446964646,0.46172922676566913
0.015,3.8525016677785193,0.461512393199175
0.015,3.854436290860574,0.46129611867661524
0.015,3.8563709139426288,0.4610804011224129
0.015,3.8583055370246835,0.46086523847112826
0.015,3.860240160106738,0.4606506286673985
0.015,3.862174783188793,0.4604365696658752
0.015,3.8641094062708476,0.4602230594311653
0.015,3.8660440293529024,0.46001009593777065
0.015,3.867978652434957,0.45979767717002773
0.015,3.869913275517012,0.4595858011220485
0.015,3.8718478985990665,0.459374465797663
0.015,3.8737825216811212,0.4591636692103585
0.015,3.875717144763176,0.45895340938322376
0.015,3.8776517678452307,0.4587436843488903
0.015,3.8795863909272854,0.4585344921494759
0.015,3.88152101400934,0.458325830836527
0.015,3.8834556370913944,0.45811769847096306
0.015,3.885390260173449,0.45791009312302033
0.015,3.887324883255504,0.4577030128721967
0.015,3.8892595063375586,0.4574964558071964
0.015,3.8911941294196133,0.45729042002587456
0.015,3.893128752501668,0.45708490363518356
0.015,3.8950633755837227,0.45687990475111956
0.015,3.8969979986657775,0.45667542149866736
0.015,3.898932621747832,0.456471452011749
0.015,3.900867244829887,0.45626799443316907
0.015,3.9028018679119416,0.45606504691456373
0.015,3.9047364909939963,0.455862607616348
0.015,3.906671114076051,0.45566067470766397
0.015,3.9086057371581058,0.45545924636632995
0.015,3.9105403602401605,0.45525832077878825
0.015,3.912474983322215,0.45505789614005593
0.015,3.91440960640427,0.4548579706536739
0.015,3.9163442294863247,0.45465854253165694
0.015,3.9182788525683794,0.45445960999444374
0.015,3.920213475650434,0.45426117127084864
0.015,3.922148098732489,0.4540632245980117
0.015,3.9240827218145435,0.453865768221351
0.015,3.9260173448965983,0.4536688003945138
0.015,3.927951967978653,0.4534723193793285
0.015,3.9298865910607077,0.4532763234457578
0.015,3.9318212141427624,0.4530808108718511
0.015,3.9337558372248167,0.4528857799436975
0.015,3.9356904603068714,0.45269122895537905
0.015,3.937625083388926,0.4524971562089251
0.015,3.939559706470981,0.4523035600142658
0.015,3.9414943295530356,0.45211043868918677
0.015,3.9434289526350903,0.45191779055928377
0.015,3.945363575717145,0.45172561395791705
0.015,3.9472981987991997,0.45153390722616826
0.015,3.9492328218812545,0.4513426687127946
0.015,3.951167444963309,0.4511518967741847
0.015,3.953102068045364,0.4509615897743161
0.015,3.9550366911274186,0.4507717460847105
0.015,3.9569713142094733,0.4505823640843912
0.015,3.958905937291528,0.4503934421598406
0.015,3.960840560373583,0.45020497870495657
0.015,3.9627751834556375,0.45001697212101055
0.015,3.9647098065376922,0.4498294208166067
0.015,3.966644429619747,0.44964232320763786
0.015,3.9685790527018017,0.4494556777172465
0.015,3.9705136757838564,0.44926948277578177
0.015,3.972448298865911,0.44908373682075964
0.015,3.974382921947966,0.4488984382968218
0.015,3.9763175450300206,0.4487135856556957
0.015,3.9782521681120753,0.4485291773561543
0.015,3.98018679119413,0.44834521186397563
0.015,3.9821214142761847,0.448161687651905
0.015,3.984056037358239,0.44797860319961375
0.015,3.9859906604402937,0.4477959569936613
0.015,3.9879252835223484,0.4476137475274566
0.015,3.989859906604403,0.44743197330121903
0.015,3.991794529686458,0.4472506328219406
0.015,3.9937291527685126,0.44706972460334793
0.015,3.9956637758505673,0.44688924716586426
0.015,3.997598398932622,0.44670919903657247
0.015,3.9995330220146768,0.4465295787491776
0.015,4.0014676450967315,0.44635038484396955
0.015,4.003402268178786,0.4461716158677873
0.015,4.005336891260841,0.44599327037398173
0.015,4.007271514342896,0.44581534692237945
0.015,4.00920613742495,0.4456378440792469
0.015,4.011140760507005,0.44546076041725463
0.015,4.01307538358906,0.44528409451544215
0.015,4.0150100066711145,0.4451078449591818
0.015,4.016944629753169,0.44493201034014473
0.015,4.018879252835224,0.44475658925626493
0.015,4.020813875917279,0.4445815803117062
0.015,4.022748498999333,0.4444069821168261
0.015,4.024683122081388,0.44423279328814264
0.015,4.026617745163443,0.4440590124483013
0.015,4.028552368245498,0.44388563822603944
0.015,4.030486991327552,0.4437126692561543
0.015,4.032421614409607,0.4435401041794691
0.015,4.034356237491661,0.44336794164280036
0.015,4.036290860573716,0.4431961802989246
0.015,4.03822548365577,0.4430248188065469
0.015,4.040160106737826,0.4428538558302667
0.015,4.04209472981988,0.4426832900405475
0.015,4.044029352901935,0.4425131201136832
0.015,4.045963975983989,0.4423433447317685
0.015,4.047898599066045,0.4421739625826644
0.015,4.049833222148099,0.44200497235997027
0.015,4.051767845230154,0.4418363727629894
0.015,4.053702468312208,0.44166816249670077
0.015,4.055637091394264,0.4415003402717269
0.015,4.0575717144763175,0.4413329048043032
0.015,4.059506337558373,0.4411658548162482
0.015,4.061440960640427,0.44099918903493396
0.015,4.0633755837224825,0.4408329061932542
0.015,4.065310206804536,0.44066700502959694
0.015,4.067244829886592,0.44050148428781283
0.015,4.069179452968646,0.4403363427171873
0.015,4.071114076050701,0.44017157907241017
0.015,4.073048699132755,0.44000719211354833
0.015,4.074983322214811,0.4398431806060145
0.015,4.076917945296865,0.43967954332054116
0.015,4.07885256837892,0.4395162790331498
0.015,4.080787191460974,0.439353386525125
0.015,4.08272181454303,0.4391908645829839
0.015,4.084656437625084,0.43902871199845056
0.015,4.086591060707138,0.4388669275684261
0.015,4.088525683789193,0.43870551009496317
0.015,4.090460306871248,0.4385444583852373
0.015,4.0923949299533025,0.4383837712515199
0.015,4.094329553035357,0.43822344751115144
0.015,4.096264176117412,0.43806348598651446
0.015,4.098198799199467,0.43790388550500725
0.015,4.100133422281521,0.4377446448990166
0.015,4.102068045363576,0.43758576300589225
0.015,4.104002668445631,0.4374272386679198
0.015,4.1059372915276855,0.43726907073229593
0.015,4.10787191460974,0.43711125805110124
0.015,4.109806537691795,0.43695379948127505
0.015,4.11174116077385,0.4367966938845907
0.015,4.113675783855904,0.4366399401276286
0.015,4.115610406937959,0.4364835370817524
0.015,4.117545030020014,0.43632748362308305
0.015,4.1194796531020685,0.4361717786324744
0.015,4.121414276184123,0.43601642099548843
0.015,4.123348899266178,0.43586140960237
0.015,4.125283522348233,0.4357067433480234
0.015,4.127218145430287,0.43555242113198767
0.015,4.129152768512342,0.4353984418584121
0.015,4.131087391594397,0.4352448044360326
0.015,4.133022014676452,0.43509150777814753
0.015,4.134956637758506,0.4349385508025948
0.015,4.13689126084056,0.4347859324317281
0.015,4.138825883922616,0.4346336515923919
0.015,4.14076050700467,0.434481707215901
0.015,4.142695130086725,0.4343300982380149
0.015,4.144629753168779,0.43417882359891674
0.015,4.146564376250835,0.4340278822431889
0.015,4.1484989993328885,0.4338772731197913
0.015,4.150433622414944,0.43372699518203905
0.015,4.152368245496998,0.4335770473875788
0.015,4.1543028685790535,0.43342742869836787
0.015,4.156237491661107,0.4332781380806517
0.015,4.158172114743163,0.43312917450494076
0.015,4.160106737825217,0.43298053694599065
0.015,4.162041360907272,0.4328322243827787
0.015,4.163975983989326,0.4326842357984834
0.015,4.165910607071382,0.43253657018046227
0.015,4.167845230153436,0.4323892265202312
0.015,4.169779853235491,0.4322422038134424
0.015,4.171714476317545,0.4320955010598645
0.015,4.173649099399601,0.4319491172633599
0.015,4.1755837224816545,0.43180305143186626
0.015,4.17751834556371,0.4316573025773733
0.015,4.179452968645764,0.43151186971590416
0.015,4.18138759172782,0.4313667518674943
0.015,4.183322214809873,0.4312219480561709
0.015,4.185256837891928,0.43107745730993297
0.015,4.187191460973983,0.43093327866073133
0.015,4.189126084056038,0.4307894111444484
0.015,4.191060707138092,0.43064585380087883
0.015,4.192995330220147,0.4305026056737093
0.015,4.194929953302202,0.4303596658104989
0.015,4.1968645763842565,0.4302170332626605
0.015,4.198799199466311,0.4300747070854402
0.015,4.200733822548366,0.4299326863378993
0.015,4.202668445630421,0.4297909700828935
0.015,4.204603068712475,0.429649557387056
0.015,4.20653769179453,0.4295084473207772
0.015,4.208472314876585,0.4293676389581862
0.015,4.2104069379586395,0.429227131377132
0.015,4.212341561040694,0.42908692365916534
0.015,4.214276184122749,0.42894701488952036
0.015,4.216210807204804,0.42880740415709545
0.015,4.218145430286858,0.4286680905544356
0.015,4.220080053368913,0.42852907317771444
0.015,4.222014676450968,0.4283903511267158
0.015,4.223949299533023,0.4282519235048158
0.015,4.225883922615077,0.42811378941896583
0.015,4.227818545697132,0.4279759479796735
0.015,4.229753168779187,0.42783839830098647
0.015,4.231687791861241,0.4277011395004739
0.015,4.233622414943296,0.4275641706992096
0.015,4.23555703802535,0.4274274910217548
0.015,4.237491661107406,0.42729109959614003
0.015,4.239426284189459,0.4271549955538499
0.015,4.241360907271515,0.42701917802980394
0.015,4.243295530353569,0.4268836461623419
0.015,4.2452301534356245,0.4267483990932049
0.015,4.247164776517678,0.4266134359675204
0.015,4.249099399599734,0.4264787559337841
0.015,4.251034022681788,0.4263443581438454
0.015,4.252968645763843,0.4262102417528891
0.015,4.254903268845897,0.42607640591942003
0.015,4.256837891927953,0.42594284980524694
0.015,4.258772515010007,0.42580957257546614
0.015,4.260707138092062,0.4256765733984452
0.015,4.262641761174116,0.42554385144580814
0.015,4.264576384256172,0.4254114058924177
0.015,4.2665110073382255,0.4252792359163617
0.015,4.268445630420281,0.4251473406989359
0.015,4.270380253502335,0.4250157194246294
0.015,4.272314876584391,0.424884371281108
0.015,4.274249499666444,0.42475329545920065
0.015,4.2761841227485,0.42462249115288203
0.015,4.278118745830554,0.42449195755925945
0.015,4.2800533689126095,0.42436169387855577
0.015,4.281987991994663,0.4242316993140961
0.015,4.283922615076718,0.42410197307229136
0.015,4.285857238158773,0.42397251436262484
0.015,4.2877918612408275,0.42384332239763645
0.015,4.289726484322882,0.42371439639290837
0.015,4.291661107404937,0.4235857355670506
0.015,4.293595730486992,0.42345733914168576
0.015,4.295530353569046,0.423329206341436
0.015,4.297464976651101,0.4232013363939073
0.015,4.299399599733156,0.4230737285296759
0.015,4.3013342228152105,0.4229463819822741
0.015,4.303268845897265,0.42281929598817564
0.015,4.30520346897932,0.4226924697867826
0.015,4.307138092061375,0.4225659026204106
0.015,4.309072715143429,0.42243959373427525
0.015,4.311007338225484,0.42231354237647883
0.015,4.312941961307539,0.4221877477979957
0.015,4.3148765843895935,0.42206220925265914
0.015,4.316811207471648,0.421936925997148
0.015,4.318745830553703,0.4218118972909728
0.015,4.320680453635758,0.42168712239646305
0.015,4.322615076717812,0.42156260057875256
0.015,4.324549699799867,0.42143833110576806
0.015,4.326484322881922,0.421314313248214
0.015,4.328418945963977,0.4211905462795615
0.015,4.330353569046031,0.42106702947603336
0.015,4.332288192128086,0.42094376211659307
0.015,4.33422281521014,0.42082074348292986
0.015,4.3361574382921955,0.420697972859448
0.015,4.338092061374249,0.4205754495332521
0.015,4.340026684456305,0.42045317279413613
0.015,4.341961307538359,0.42033114193456983
0.015,4.343895930620414,0.42020935624968603
0.015,4.345830553702468,0.4200878150372693
0.015,4.347765176784524,0.4199665175977424
0.015,4.349699799866578,0.41984546323415467
0.015,4.351634422948633,0.41972465125216957
0.015,4.353569046030687,0.4196040809600524
0.015,4.355503669112743,0.4194837516686582
0.015,4.3574382921947965,0.41936366269142045
0.015,4.359372915276852,0.41924381334433736
0.015,4.361307538358906,0.41912420294596225
0.015,4.3632421614409616,0.4190048308173897
0.015,4.365176784523015,0.4188856962822448
0.015,4.367111407605071,0.41876679866667127
0.015,4.369046030687125,0.41864813729932027
0.015,4.37098065376918,0.41852971151133733
0.015,4.372915276851234,0.4184115206363529
0.015,4.37484989993329,0.41829356401046897
0.015,4.376784523015344,0.41817584097224914
0.015,4.378719146097399,0.4180583508627062
0.015,4.380653769179453,0.4179410930252925
0.015,4.382588392261509,0.4178240668058858
0.015,4.384523015343563,0.41770727155278137
0.015,4.386457638425617,0.41759070661667896
0.015,4.388392261507672,0.4174743713506726
0.015,4.390326884589727,0.41735826511023894
0.015,4.3922615076717815,0.41724238725322693
0.015,4.394196130753836,0.41712673713984705
0.015,4.396130753835891,0.41701131413265996
0.015,4.398065376917946,0.4168961175965662
0.015,4.4,0.4167811468987958
0.02,1.5,0.37240773037037495
0.02,1.5019346230820547,0.36750319313115015
0.02,1.5038692461641094,0.3627126912794847
0.02,1.5058038692461642,0.35803346351634985
0.02,1.5077384923282189,0.3534628579621065
0.02,1.5096731154102736,0.3489983289375978
0.02,1.5116077384923283,0.3446374337616825
0.02,1.5135423615743828,0.3403778295765332
0.02,1.5154769846564375,0.3362172702097041
0.02,1.5174116077384923,0.33215360308005115
0.02,1.519346230820547,0.3281847661528186
0.02,1.5212808539026017,0.3243087849478069
0.02,1.5232154769846564,0.3205237696032098
0.02,1.5251501000667111,0.316827911996683
0.02,1.5270847231487659,0.3132194829242526
0.02,1.5290193462308206,0.30969682933691234
0.02,1.5309539693128753,0.3062583716340988
0.02,1.53288859239493,0.30290260101269395
0.02,1.5348232154769847,0.29962807686976256
0.02,1.5367578385590395,0.29643342425687336
0.02,1.538692461641094,0.2933173313835832
0.02,1.5406270847231487,0.2902785471674528
0.02,1.5425617078052034,0.28731587882783016
0.02,1.5444963308872581,0.2844281895205599
0.02,1.5464309539693128,0.28161439601074206
0.02,1.5483655770513676,0.27887346638071625
0.02,1.5503002001334223,0.27620441777049465
0.02,1.552234823215477,0.2736063141480192
0.02,1.5541694462975317,0.2710782641067546
0.02,1.5561040693795865,0.26861941868835865
0.02,1.5580386924616412,0.26622896922839623
0.02,1.559973315543696,0.2639061452233545
0.02,1.5619079386257506,0.2616502122175171
0.02,1.5638425617078051,0.2594604697086097
0.02,1.5657771847898598,0.2573362490714889
0.02,1.5677118078719146,0.255276911499552
0.02,1.5696464309539693,0.2532818459639461
0.02,1.571581054036024,0.2513504671911103
0.02,1.5735156771180787,0.24948221365960505
0.02,1.5754503002001334,0.2476765456176629
0.02,1.5773849232821882,0.24593294312332412
0.02,1.5793195463642429,0.2442509041094998
0.02,1.5812541694462976,0.24262994247672337
0.02,1.5831887925283523,0.2410695862167992
0.02,1.585123415610407,0.23956937557093932
0.02,1.5870580386924615,0.23812886122636975
0.02,1.5889926617745163,0.23674760255570737
0.02,1.590927284856571,0.2354251659037074
0.02,1.5928619079386257,0.23416112292621113
0.02,1.5947965310206804,0.23295504898630914
0.02,1.5967311541027351,0.23180652161284393
0.02,1.5986657771847899,0.23071511902642783
0.02,1.6006004002668446,0.2296804187381151
0.02,1.6025350233488993,0.22870199622577553
0.02,1.604469646430954,0.2277794236930192
0.02,1.6064042695130087,0.2269122689152762
0.02,1.6083388925950635,0.22610009417728263
0.02,1.6102735156771182,0.2253424553058241
0.02,1.612208138759173,0.22463890080109036
0.02,1.6141427618412274,0.22398897106945784
0.02,1.6160773849232821,0.2233921977599005
0.02,1.6180120080053368,0.22284810320557827
0.02,1.6199466310873916,0.22235619997145226
0.02,1.6218812541694463,0.22191599050805189
0.02,1.623815877251501,0.2215269669107737
0.02,1.6257505003335557,0.2211886107833415
0.02,1.6276851234156104,0.22090039320331195
0.02,1.6296197464976652,0.22066177478678103
0.02,1.6315543695797199,0.22047220584875027
0.02,1.6334889926617746,0.22033112665494978
0.02,1.6354236157438293,0.2202379677603069
0.02,1.6373582388258838,0.22019215042869716
0.02,1.6392928619079385,0.2201930871281311
0.02,1.6412274849899933,0.22024018209511362
0.02,1.643162108072048,0.22033283196158115
0.02,1.6450967311541027,0.22047042643756057
0.02,1.6470313542361574,0.2206523490425197
0.02,1.6489659773182122,0.2208779778782852
0.02,1.6509006004002669,0.22114668643638477
0.02,1.6528352234823216,0.22145784443273114
0.02,1.6547698465643763,0.2218108186626984
0.02,1.656704469646431,0.22220497386983384
0.02,1.6586390927284858,0.2226396736217108
0.02,1.6605737158105405,0.22311428118673238
0.02,1.6625083388925952,0.22362816040605826
0.02,1.66444296197465,0.22418067655521182
0.02,1.6663775850567044,0.22477119719035635
0.02,1.6683122081387591,0.22539909297466917
0.02,1.6702468312208139,0.2260637384807063
0.02,1.6721814543028686,0.22676451296511585
0.02,1.6741160773849233,0.22750080111253337
0.02,1.676050700466978,0.22827199374595109
0.02,1.6779853235490327,0.22907748850130916
0.02,1.6799199466310875,0.22991669046450258
0.02,1.6818545697131422,0.23078901276940497
0.02,1.683789192795197,0.2316938771559251
0.02,1.6857238158772516,0.232630714487466
0.02,1.6876584389593061,0.23359896522752102
0.02,1.6895930620413608,0.23459807987544193
0.02,1.6915276851234156,0.23562751936171084
0.02,1.6934623082054703,0.2366867554033064
0.02,1.695396931287525,0.2377752708199739
0.02,1.6973315543695797,0.2388925598124217
0.02,1.6992661774516344,0.24003812820362158
0.02,1.7012008005336892,0.2412114936445531
0.02,1.7031354236157439,0.24241218578583149
0.02,1.7050700466977986,0.24363974641676997
0.02,1.7070046697798533,0.2448937295734896
0.02,1.708939292861908,0.2461737016177418
0.02,1.7108739159439628,0.24747924128815263
0.02,1.7128085390260175,0.2488099397255945
0.02,1.714743162108072,0.25016540047441677
0.02,1.7166777851901267,0.2515452394612295
0.02,1.7186124082721814,0.2529490849529311
0.02,1.7205470313542361,0.25437657749562564
0.02,1.7224816544362909,0.25582736983603505
0.02,1.7244162775183456,0.25730112682696615
0.02,1.7263509006004003,0.25879752531833067
0.02,1.728285523682455,0.2603162540351634
0.02,1.7302201467645097,0.2618570134440152
0.02,1.7321547698465645,0.26341951560903404
0.02,1.7340893929286192,0.26500348403897955
0.02,1.736024016010674,0.26660865352634683
0.02,1.7379586390927284,0.26823476997971146
0.02,1.7398932621747831,0.26988159025032954
0.02,1.7418278852568378,0.2715488819539732
0.02,1.7437625083388926,0.27323642328890035
0.02,1.7456971314209473,0.27494400285081133
0.02,1.747631754503002,0.27667141944556145
0.02,1.7495663775850567,0.27841848190036
0.02,1.7515010006671115,0.28018500887411163
0.02,1.7534356237491662,0.28197082866751066
0.02,1.755370246831221,0.2837757790334422
0.02,1.7573048699132756,0.28559970698819476
0.02,1.7592394929953303,0.28744246862394285
0.02,1.761174116077385,0.28930392892291207
0.02,1.7631087391594398,0.2911839615735984
0.02,1.7650433622414945,0.2930824487893722
0.02,1.766977985323549,0.2949992811297636
0.02,1.7689126084056037,0.2969343573246933
0.02,1.7708472314876584,0.29888758410186617
0.02,1.7727818545697132,0.30085887601754585
0.02,1.7747164776517679,0.30284815529086284
0.02,1.7766511007338226,0.30485535164182054
0.02,1.7785857238158773,0.30688040213310874
0.02,1.780520346897932,0.30892325101583706
0.02,1.7824549699799868,0.3109838495792673
0.02,1.7843895930620415,0.31306215600460896
0.02,1.786324216144096,0.3151581352229302
0.02,1.7882588392261507,0.3172717587772164
0.02,1.7901934623082054,0.31940300468859595
0.02,1.7921280853902601,0.32155185732674724
0.02,1.7940627084723149,0.32371830728447887
0.02,1.7959973315543696,0.3259023512564786
0.02,1.7979319546364243,0.32810399192220224
0.02,1.799866577718479,0.3303232378328858
0.02,1.8018012008005337,0.33256010330263386
0.02,1.8037358238825885,0.33481460830355875
0.02,1.8056704469646432,0.3370867783649082
0.02,1.807605070046698,0.33937664447614957
0.02,1.8095396931287526,0.3416842429939395
0.02,1.8114743162108073,0.344009615552937
0.02,1.813408939292862,0.3463528089803907
0.02,1.8153435623749168,0.34871387521444236
0.02,1.8172781854569713,0.3510928712260825
0.02,1.819212808539026,0.35348985894469476
0.02,1.8211474316210807,0.3559049051871183
0.02,1.8230820547031354,0.3583380815901688
0.02,1.8250166777851902,0.3607894645465432
0.02,1.8269513008672449,0.36325913514405095
0.02,1.8288859239492996,0.3657471791080909
0.02,1.8308205470313543,0.3682536867473253
0.02,1.832755170113409,0.3707787529024634
0.02,1.8346897931954638,0.3733224768981125
0.02,1.8366244162775183,0.37588496249760867
0.02,1.838559039359573,0.37846631786078405
0.02,1.8404936624416277,0.38106665550459173
0.02,1.8424282855236824,0.3836860922665361
0.02,1.8443629086057372,0.3863247492708476
0.02,1.8462975316877919,0.38898275189733594
0.02,1.8482321547698466,0.39166022975287434
0.02,1.8501667778519013,0.3943573166454495
0.02,1.852101400933956,0.3970741505607258
0.02,1.8540360240160108,0.39981087364107315
0.02,1.8559706470980655,0.40256763216699826
0.02,1.8579052701801202,0.40534457654094
0.02,1.859839893262175,0.4081418612733665
0.02,1.8617745163442296,0.41095964497114
0.02,1.8637091394262844,0.41379809032808823
0.02,1.865643762508339,0.41665736411775384
0.02,1.8675783855903936,0.4195376371882605
0.02,1.8695130086724483,0.4224390844592725
0.02,1.871447631754503,0.4253618849209877
0.02,1.8733822548365577,0.42830622163514154
0.02,1.8753168779186125,0.43127228173797105
0.02,1.8772515010006672,0.43426025644511024
0.02,1.879186124082722,0.4372703410583771
0.02,1.8811207471647766,0.4403027349744185
0.02,1.8830553702468313,0.44335764169517966
0.02,1.884989993328886,0.44643526884016727
0.02,1.8869246164109406,0.44953582816047055
0.02,1.8888592394929953,0.4526595355545214
0.02,1.89079386257505,0.45580661108554194
0.02,1.8927284856571047,0.45897727900068364
0.02,1.8946631087391594,0.462171767751795
0.02,1.8965977318212142,0.46539031001782316
0.02,1.8985323549032689,0.4686331427287967
0.02,1.9004669779853236,0.47190050709138687
0.02,1.9024016010673783,0.47519264861600546
0.02,1.904336224149433,0.4785098171454264
0.02,1.9062708472314878,0.48185226688490085
0.02,1.9082054703135425,0.48522025643374894
0.02,1.9101400933955972,0.48861404881839915
0.02,1.912074716477652,0.4920339115268586
0.02,1.9140093395597066,0.49548011654458834
0.02,1.9159439626417614,0.49895294039176685
0.02,1.9178785857238159,0.5024526641619108
0.02,1.9198132088058706,0.5059795735618493
0.02,1.9217478318879253,0.509533958953003
0.02,1.92368245496998,0.5131161153939789
0.02,1.9256170780520347,0.5167263426844282
0.02,1.9275517011340895,0.520364945410173
0.02,1.9294863242161442,0.5240322329895553
0.02,1.931420947298199,0.5277285197210019
0.02,1.9333555703802536,0.5314541248317824
0.02,1.9352901934623084,0.5352093725279189
0.02,1.9372248165443628,0.5389945920452488
0.02,1.9391594396264176,0.5428101177015966
0.02,1.9410940627084723,0.5466562889500317
0.02,1.943028685790527,0.5505334504331976
0.02,1.9449633088725817,0.5544419520386669
0.02,1.9468979319546365,0.5583821489553095
0.02,1.9488325550366912,0.5623544017306279
0.02,1.950767178118746,0.5663590763290449
0.02,1.9527018012008006,0.5703965441910911
0.02,1.9546364242828553,0.5744671822934798
0.02,1.95657104736491,0.5785713732100064
0.02,1.9585056704469648,0.5827095051732595
0.02,1.9604402935290195,0.5868819721370795
0.02,1.9623749166110742,0.5910891738397435
0.02,1.964309539693129,0.5953315158678053
0.02,1.9662441627751837,0.599609409720575
0.02,1.9681787858572382,0.6039232728751444
0.02,1.9701134089392929,0.6082735288519523
0.02,1.9720480320213476,0.6126606072807912
0.02,1.9739826551034023,0.6170849439672135
0.02,1.975917278185457,0.6215469809592749
0.02,1.9778519012675118,0.6260471666145416
0.02,1.9797865243495665,0.6305859556672787
0.02,1.9817211474316212,0.6351638092957689
0.02,1.983655770513676,0.6397811951896442
0.02,1.9855903935957306,0.6444385876171832
0.02,1.9875250166777851,0.649136467492443
0.02,1.9894596397598399,0.6538753224421627
0.02,1.9913942628418946,0.6586556468723089
0.02,1.9933288859239493,0.6634779420341643
0.02,1.995263509006004,0.6683427160898522
0.02,1.9971981320880587,0.6732504841771494
0.02,1.9991327551701135,0.6782017684734831
0.02,2.001067378252168,0.6831970982589507
0.02,2.003002001334223,0.6882370099782377
0.02,2.0049366244162776,0.693322047301251
0.02,2.0068712474983323,0.6984527611823291
0.02,2.008805870580387,0.7036297099178431
0.02,2.010740493662442,0.7088534592019908
0.02,2.0126751167444965,0.7141245821806197
0.02,2.0146097398265512,0.7194436595028336
0.02,2.016544362908606,0.7248112793702007
0.02,2.0184789859906607,0.7302280375832927
0.02,2.0204136090727154,0.7356945375853541
0.02,2.02234823215477,0.7412113905027947
0.02,2.024282855236825,0.7467792151822744
0.02,2.0262174783188796,0.7523986382240525
0.02,2.0281521014009343,0.7580702940113353
0.02,2.030086724482989,0.7637948247352488
0.02,2.0320213475650437,0.769572880415155
0.02,2.033955970647098,0.7754051189138869
0.02,2.0358905937291527,0.7812922059475854
0.02,2.0378252168112074,0.7872348150896713
0.02,2.039759839893262,0.7932336277685936
0.02,2.041694462975317,0.7992893332588487
0.02,2.0436290860573716,0.8054026286648467
0.02,2.0455637091394263,0.8115742188970898
0.02,2.047498332221481,0.8178048166401684
0.02,2.0494329553035358,0.8240951423120007
0.02,2.0513675783855905,0.8304459240137478
0.02,2.053302201467645,0.8368578974697954
0.02,2.0552368245497,0.8433318059571306
0.02,2.0571714476317546,0.8498684002234811
0.02,2.0591060707138094,0.8564684383934486
0.02,2.061040693795864,0.8631326858619437
0.02,2.062975316877919,0.8698619151740684
0.02,2.0649099399599735,0.8766569058906852
0.02,2.0668445630420282,0.8835184444387356
0.02,2.068779186124083,0.8904473239454364
0.02,2.0707138092061372,0.8974443440553769
0.02,2.072648432288192,0.9045103107294973
0.02,2.0745830553702467,0.9116460360249
0.02,2.0765176784523014,0.918852337854374
0.02,2.078452301534356,0.9261300397244764
0.02,2.080386924616411,0.9334799704509253
0.02,2.0823215476984656,0.9409029638500576
0.02,2.0842561707805203,0.9483998584049601
0.02,2.086190793862575,0.9559714969049288
0.02,2.0881254169446297,0.9636187260567223
0.02,2.0900600400266844,0.9713423960661299
0.02,2.091994663108739,0.9791433601881899
0.02,2.093929286190794,0.9870224742444369
0.02,2.0958639092728486,0.9949805961053577
0.02,2.0977985323549033,1.0030185851362867
0.02,2.099733155436958,1.0111373016047809
0.02,2.1016677785190128,1.0193376060475177
0.02,2.1036024016010675,1.0276203585946082
0.02,2.105537024683122,1.0359864182492062
0.02,2.107471647765177,1.0444366421201121
0.02,2.1094062708472316,1.052971884605096
0.02,2.1113408939292864,1.0615929965224624
0.02,2.113275517011341,1.0703008241883674
0.02,2.115210140093396,1.0790962084372777
0.02,2.1171447631754505,1.087979983582841
0.02,2.1190793862575052,1.0969529763164236
0.02,2.12101400933956,1.1060160045403509
0.02,2.1229486324216147,1.115169876132944
0.02,2.1248832555036694,1.1244153876422127
0.02,2.126817878585724,1.1337533229050787
0.02,2.128752501667779,1.1431844515888436
0.02,2.1306871247498336,1.1527095276515775
0.02,2.1326217478318883,1.1623292877179996
0.02,2.1345563709139426,1.1720444493673157
0.02,2.1364909939959973,1.1818557093295048
0.02,2.138425617078052,1.1917637415863043
0.02,2.1403602401601067,1.2017691953733078
0.02,2.1422948632421615,1.2118726930793051
0.02,2.144229486324216,1.222074828039175
0.02,2.146164109406271,1.2323761622164022
0.02,2.1480987324883256,1.2427772237714683
0.02,2.1500333555703803,1.2532785045121961
0.02,2.151967978652435,1.2638804572222908
0.02,2.1539026017344898,1.2745834928642132
0.02,2.1558372248165445,1.2853879776527264
0.02,2.157771847898599,1.2962942299953735
0.02,2.159706470980654,1.3073025172964325
0.02,2.1616410940627087,1.318413052620834
0.02,2.1635757171447634,1.3296259912148798
0.02,2.165510340226818,1.3409414268806499
0.02,2.167444963308873,1.3523593882013452
0.02,2.1693795863909275,1.363879834614992
0.02,2.171314209472982,1.3755026523343725
0.02,2.1732488325550365,1.3872276501113
0.02,2.1751834556370913,1.399054554843898
0.02,2.177118078719146,1.4109830070259866
0.02,2.1790527018012007,1.4230125560381794
0.02,2.1809873248832554,1.4351426552810462
0.02,2.18292194796531,1.4473726571512013
0.02,2.184856571047365,1.459701807862131
0.02,2.1867911941294196,1.4721292421122663
0.02,2.1887258172114743,1.484653977603799
0.02,2.190660440293529,1.4972749094168023
0.02,2.1925950633755837,1.5099908042441894
0.02,2.1945296864576385,1.5228002944944208
0.02,2.196464309539693,1.535701872270022
0.02,2.198398932621748,1.548693883231514
0.02,2.2003335557038026,1.5617745203577624
0.02,2.2022681787858573,1.5749418176154735
0.02,2.204202801867912,1.5881936435522541
0.02,2.206137424949967,1.6015276948294563
0.02,2.2080720480320215,1.6149414897131225
0.02,2.2100066711140762,1.6284323615432157
0.02,2.211941294196131,1.6419974522036935
0.02,2.2138759172781857,1.6556337056180574
0.02,2.2158105403602404,1.669337861297559
0.02,2.217745163442295,1.6831064479714963
0.02,2.21967978652435,1.6969357773317657
0.02,2.2216144096064045,1.7108219379261826
0.02,2.2235490326884593,1.72476078923795
0.02,2.225483655770514,1.7387479559910801
0.02,2.2274182788525687,1.7527788227244328
0.02,2.2293529019346234,1.7668485286794957
0.02,2.231287525016678,1.7809519630497894
0.02,2.233222148098733,1.795083760642131
0.02,2.235156771180787,1.8092382980025747
0.02,2.237091394262842,1.8234096900618972
0.02,2.2390260173448966,1.8375917873577772
0.02,2.2409606404269513,1.8517781738924528
0.02,2.242895263509006,1.8659621656863692
0.02,2.2448298865910608,1.8801368100893798
0.02,2.2467645096731155,1.894294885912061
0.02,2.24869913275517,1.9084289044400051
0.02,2.250633755837225,1.9225311113938695
0.02,2.2525683789192796,1.9365934898974355
0.02,2.2545030020013344,1.950607764514522
0.02,2.256437625083389,1.9645654064138856
0.02,2.258372248165444,1.9784576397185785
0.02,2.2603068712474985,1.9922754490927639
0.02,2.2622414943295532,2.0060095886151474
0.02,2.264176117411608,2.0196505919828716
0.02,2.2661107404936627,2.033188784084136
0.02,2.2680453635757174,2.046614293970932
0.02,2.269979986657772,2.059917069255755
0.02,2.2719146097398264,2.0730868919476664
0.02,2.273849232821881,2.0861133957336575
0.02,2.275783855903936,2.0989860847010533
0.02,2.2777184789859906,2.1116943534858383
0.02,2.2796531020680453,2.124227508819855
0.02,2.2815877251501,2.136574792437632
0.02,2.2835223482321547,2.148725405290583
0.02,2.2854569713142094,2.160668533003049
0.02,2.287391594396264,2.172393372490953
0.02,2.289326217478319,2.1838891596501173
0.02,2.2912608405603736,2.1951451980075802
0.02,2.2931954636424283,2.206150888215614
0.02,2.295130086724483,2.216895758255164
0.02,2.2970647098065378,2.2273694942027165
0.02,2.2989993328885925,2.237561971403107
0.02,2.300933955970647,2.2474632858798773
0.02,2.302868579052702,2.2570637858054656
0.02,2.3048032021347566,2.2663541028452645
0.02,2.3067378252168114,2.2753251831833774
0.02,2.308672448298866,2.283968318032951
0.02,2.310607071380921,2.2922751734313747
0.02,2.3125416944629755,2.3002378191198596
0.02,2.3144763175450302,2.3078487563082897
0.02,2.316410940627085,2.3151009441300086
0.02,2.3183455637091397,2.321987824596918
0.02,2.3202801867911944,2.3285033458735125
0.02,2.322214809873249,2.3346419836986354
0.02,2.324149432955304,2.3403987607962784
0.02,2.3260840560373586,2.3457692641309826
0.02,2.3280186791194133,2.350749659879674
0.02,2.329953302201468,2.355336706009539
0.02,2.3318879252835227,2.359527762370762
0.02,2.333822548365577,2.363320798233322
0.02,2.3357571714476317,2.3667143972182534
0.02,2.3376917945296865,2.3697077595955713
0.02,2.339626417611741,2.3723007019432156
0.02,2.341561040693796,2.374493654183357
0.02,2.3434956637758506,2.376287654034185
0.02,2.3454302868579053,2.3776843389364073
0.02,2.34736490993996,2.3786859355338845
0.02,2.3492995330220148,2.3792952468068496
0.02,2.3512341561040695,2.379515636973813
0.02,2.353168779186124,2.3793510142942456
0.02,2.355103402268179,2.3788058119183675
0.02,2.3570380253502337,2.3778849669426396
0.02,2.3589726484322884,2.37659389783985
0.02,2.360907271514343,2.3749384804407803
0.02,2.362841894596398,2.3729250226504743
0.02,2.3647765176784525,2.37056023808604
0.02,2.3667111407605073,2.367851218824646
0.02,2.368645763842562,2.364805407450214
0.02,2.3705803869246167,2.361430568585115
0.02,2.372515010006671,2.357734760089264
0.02,2.3744496330887257,2.3537263041034073
0.02,2.3763842561707804,2.3494137581063717
0.02,2.378318879252835,2.344805886147587
0.02,2.38025350233489,2.33991163040678
0.02,2.3821881254169446,2.3347400832222522
0.02,2.3841227484989993,2.329300459717988
0.02,2.386057371581054,2.3236020711481227
0.02,2.3879919946631087,2.3176542990651408
0.02,2.3899266177451635,2.311466570405924
0.02,2.391861240827218,2.305048333577355
0.02,2.393795863909273,2.298409035610949
0.02,2.3957304869913276,2.291558100443987
0.02,2.3976651100733823,2.284504908372937
0.02,2.399599733155437,2.2772587767138073
0.02,2.401534356237492,2.2698289416933717
0.02,2.4034689793195465,2.2622245415852644
0.02,2.4054036024016012,2.2544546010955133
0.02,2.407338225483656,2.246528016993555
0.02,2.4092728485657107,2.2384535449768164
0.02,2.4112074716477654,2.2302397877498925
0.02,2.41314209472982,2.2218951842929706
0.02,2.415076717811875,2.2134280002886104
0.02,2.4170113408939295,2.2048463196710895
0.02,2.4189459639759843,2.1961580372584417
0.02,2.420880587058039,2.1873708524238995
0.02,2.4228152101400937,2.1784922637606297
0.02,2.4247498332221484,2.169529564691539
0.02,2.426684456304203,2.1604898399742956
0.02,2.428619079386258,2.1513799630507244
0.02,2.4305537024683126,2.142206594189104
0.02,2.4324883255503673,2.1329761793677604
0.02,2.4344229486324216,2.12369494984868
0.02,2.4363575717144763,2.1143689223903612
0.02,2.438292194796531,2.105003900050204
0.02,2.4402268178785858,2.095605473527688
0.02,2.4421614409606405,2.086179023001208
0.02,2.444096064042695,2.0767297204128816
0.02,2.44603068712475,2.067262532157456
0.02,2.4479653102068046,2.057782222133259
0.02,2.4498999332888594,2.048293355115124
0.02,2.451834556370914,2.0388003004111876
0.02,2.453769179452969,2.0293072357675923
0.02,2.4557038025350235,2.0198181514871325
0.02,2.4576384256170782,2.0103368547299802
0.02,2.459573048699133,2.0008669739667106
0.02,2.4615076717811877,1.9914119635558432
0.02,2.4634422948632424,1.9819751084201511
0.02,2.465376917945297,1.9725595287978757
0.02,2.467311541027352,1.963168185046881
0.02,2.4692461641094066,1.9538038824816075
0.02,2.4711807871914613,1.944469276224397
0.02,2.4731154102735156,1.93516687605444
0.02,2.4750500333555703,1.9258990512391077
0.02,2.476984656437625,1.9166680353340741
0.02,2.4789192795196797,1.9074759309398492
0.02,2.4808539026017344,1.8983247144038506
0.02,2.482788525683789,1.8892162404582866
0.02,2.484723148765844,1.8801522467853382
0.02,2.4866577718478986,1.8711343585021898
0.02,2.4885923949299533,1.8621640925594907
0.02,2.490527018012008,1.8532428620477521
0.02,2.4924616410940628,1.8443719804070953
0.02,2.4943962641761175,1.8355526655364833
0.02,2.496330887258172,1.8267860437993695
0.02,2.498265510340227,1.8180731539233517
0.02,2.5002001334222816,1.809414950792039
0.02,2.5021347565043364,1.800812309127841
0.02,2.504069379586391,1.7922660270649762
0.02,2.506004002668446,1.7837768296123875
0.02,2.5079386257505005,1.7753453720066725
0.02,2.5098732488325552,1.766972242955554
0.02,2.51180787191461,1.7586579677726384
0.02,2.5137424949966647,1.7504030114045908
0.02,2.5156771180787194,1.7422077813520531
0.02,2.517611741160774,1.7340726304859149
0.02,2.519546364242829,1.7259978597606263
0.02,2.5214809873248836,1.717983720826531
0.02,2.5234156104069383,1.7100304185432484
0.02,2.525350233488993,1.7021381133963147
0.02,2.5272848565710477,1.6943069238193271
0.02,2.5292194796531025,1.6865369284239615
0.02,2.531154102735157,1.6788281681402581
0.02,2.533088725817212,1.6711806482696647
0.02,2.5350233488992666,1.6635943404532971
0.02,2.5369579719813213,1.6560691845579367
0.02,2.538892595063376,1.6486050904822618
0.02,2.5408272181454303,1.641201939885877
0.02,2.542761841227485,1.6338595878435629
0.02,2.5446964643095398,1.6265778644273028
0.02,2.5466310873915945,1.619356576218506
0.02,2.548565710473649,1.612195507752843
0.02,2.550500333555704,1.605094422900116
0.02,2.5524349566377587,1.5980530661814676
0.02,2.5543695797198134,1.5910711640262853
0.02,2.556304202801868,1.5841484259709933
0.02,2.558238825883923,1.5772845458019757
0.02,2.5601734489659775,1.5704792026447618
0.02,2.5621080720480323,1.5637320620015869
0.02,2.564042695130087,1.5570427767393409
0.02,2.5659773182121413,1.5504109880299073
0.02,2.567911941294196,1.5438363262448025
0.02,2.5698465643762507,1.5373184118059948
0.02,2.5717811874583054,1.530856855994714
0.02,2.57371581054036,1.524451261719973
0.02,2.575650433622415,1.5181012242485354
0.02,2.5775850567044696,1.5118063318979325
0.02,2.5795196797865243,1.5055661666941318
0.02,2.581454302868579,1.4993803049953771
0.02,2.5833889259506337,1.4932483180836593
0.02,2.5853235490326885,1.487169772725246
0.02,2.587258172114743,1.481144231701636
0.02,2.589192795196798,1.4751712543122522
0.02,2.5911274182788526,1.469250396850126
0.02,2.5930620413609073,1.4633812130518014
0.02,2.594996664442962,1.4575632545226231
0.02,2.596931287525017,1.4517960711385218
0.02,2.5988659106070715,1.4460792114253993
0.02,2.6008005336891262,1.440412222917103
0.02,2.602735156771181,1.4347946524930355
0.02,2.6046697798532357,1.429226046696299
0.02,2.6066044029352904,1.4237059520333308
0.02,2.608539026017345,1.4182339152558652
0.02,2.6104736490994,1.41280948362609
0.02,2.6124082721814545,1.4074322051657773
0.02,2.6143428952635093,1.4021016288901684
0.02,2.616277518345564,1.3968173050273363
0.02,2.6182121414276187,1.3915787852237496
0.02,2.6201467645096734,1.3863856227366806
0.02,2.622081387591728,1.3812373726141152
0.02,2.624016010673783,1.3761335918627893
0.02,2.6259506337558376,1.371073839604924
0.02,2.6278852568378923,1.3660576772242203
0.02,2.629819879919947,1.3610846685016564
0.02,2.6317545030020018,1.356154379741597
0.02,2.6336891260840565,1.3512663798887103
0.02,2.635623749166111,1.346420240636144
0.02,2.637558372248166,1.3416155365254199
0.02,2.6394929953302206,1.3368518450384572
0.02,2.641427618412275,1.3321287466821619
0.02,2.6433622414943296,1.327445825065922
0.02,2.6452968645763844,1.3228026669724242
0.02,2.647231487658439,1.318198862422107
0.02,2.649166110740494,1.313634004731609
0.02,2.6511007338225485,1.3091076905665324
0.02,2.6530353569046032,1.304619519988804
0.02,2.654969979986658,1.3001690964989483
0.02,2.6569046030687127,1.295756027073544
0.02,2.6588392261507674,1.2913799221981166
0.02,2.660773849232822,1.2870403958957357
0.02,2.662708472314877,1.2827370657515333
0.02,2.6646430953969316,1.2784695529334005
0.02,2.666577718478986,1.2742374822090479
0.02,2.6685123415610406,1.2700404819596642
0.02,2.6704469646430953,1.2658781841903466
0.02,2.67238158772515,1.261750224537508
0.02,2.6743162108072047,1.2576562422734268
0.02,2.6762508338892594,1.2535958803081078
0.02,2.678185456971314,1.2495687851886264
0.02,2.680120080053369,1.245574607096105
0.02,2.6820547031354236,1.2416129998404521
0.02,2.6839893262174783,1.2376836208530266
0.02,2.685923949299533,1.2337861311773302
0.02,2.6878585723815878,1.2299201954578978
0.02,2.6897931954636425,1.2260854819274396
0.02,2.691727818545697,1.2222816623924133
0.02,2.693662441627752,1.2185084122170788
0.02,2.6955970647098066,1.2147654103061838
0.02,2.6975316877918614,1.211052339086341
0.02,2.699466310873916,1.2073688844862003
0.02,2.701400933955971,1.203714735915511
0.02,2.7033355570380255,1.2000895862431442
0.02,2.7052701801200802,1.1964931317741632
0.02,2.707204803202135,1.1929250722260056
0.02,2.7091394262841897,1.1893851107038547
0.02,2.7110740493662444,1.185872953675265
0.02,2.713008672448299,1.1823883109441067
0.02,2.714943295530354,1.1789308956238802
0.02,2.7168779186124086,1.1755004241104703
0.02,2.7188125416944633,1.1720966160543793
0.02,2.720747164776518,1.168719194332501
0.02,2.7226817878585727,1.1653678850194795
0.02,2.7246164109406275,1.1620424173586958
0.02,2.726551034022682,1.158742523732923
0.02,2.728485657104737,1.155467939634699
0.02,2.7304202801867916,1.1522184036364496
0.02,2.7323549032688463,1.1489936573603938
0.02,2.734289526350901,1.1457934454482712
0.02,2.7362241494329558,1.1426175155309226
0.02,2.7381587725150105,1.1394656181977512
0.02,2.740093395597065,1.1363375069660973
0.02,2.7420280186791195,1.1332329382505453
0.02,2.743962641761174,1.1301516713321968
0.02,2.745897264843229,1.127093468327932
0.02,2.7478318879252837,1.1240580941596692
0.02,2.7497665110073384,1.1210453165236696
0.02,2.751701134089393,1.1180549058598739
0.02,2.753635757171448,1.1150866353213171
0.02,2.7555703802535025,1.1121402807436196
0.02,2.7575050033355573,1.1092156206145893
0.02,2.759439626417612,1.106312436043925
0.02,2.7613742494996667,1.1034305107330602
0.02,2.7633088725817214,1.100569630945141
0.02,2.765243495663776,1.0977295854751623
0.02,2.7671781187458304,1.0949101656202735
0.02,2.769112741827885,1.0921111651502489
0.02,2.77104736490994,1.089332380278155
0.02,2.7729819879919946,1.0865736096312093
0.02,2.7749166110740493,1.0838346542218371
0.02,2.776851234156104,1.081115317418947
0.02,2.7787858572381587,1.0784154049194186
0.02,2.7807204803202135,1.075734724719817
0.02,2.782655103402268,1.0730730870883347
0.02,2.784589726484323,1.0704303045369772
0.02,2.7865243495663776,1.0678061917939732
0.02,2.7884589726484323,1.0652005657764485
0.02,2.790393595730487,1.0626132455633364
0.02,2.792328218812542,1.0600440523685402
0.02,2.7942628418945965,1.0574928095143594
0.02,2.7961974649766512,1.0549593424051682
0.02,2.798132088058706,1.0524434785013554
0.02,2.8000667111407607,1.049945047293526
0.02,2.8020013342228154,1.0474638802769711
0.02,2.80393595730487,1.0449998109264016
0.02,2.805870580386925,1.0425526746709493
0.02,2.8078052034689795,1.0401223088694345
0.02,2.8097398265510343,1.0377085527859022
0.02,2.811674449633089,1.0353112475654362
0.02,2.8136090727151437,1.0329302362102293
0.02,2.8155436957971984,1.0305653635559306
0.02,2.817478318879253,1.0282164762482633
0.02,2.819412941961308,1.0258834227199056
0.02,2.8213475650433626,1.0235660531676476
0.02,2.8232821881254173,1.02126421952981
0.02,2.825216811207472,1.0189777754639315
0.02,2.8271514342895268,1.0167065763247198
0.02,2.8290860573715815,1.014450479142275
0.02,2.831020680453636,1.0122093426005678
0.02,2.832955303535691,1.0099830270161863
0.02,2.8348899266177456,1.0077713943173356
0.02,2.8368245496998004,1.005574308023109
0.02,2.838759172781855,1.0033916332230046
0.02,2.84069379586391,1.0012232365567058
0.02,2.842628418945964,0.9990689861941094
0.02,2.844563042028019,0.9969287518156137
0.02,2.8464976651100735,0.9948024045926495
0.02,2.8484322881921282,0.9926898171684658
0.02,2.850366911274183,0.9905908636391534
0.02,2.8523015343562377,0.9885054195349231
0.02,2.8542361574382924,0.9864333618016156
0.02,2.856170780520347,0.9843745687824607
0.02,2.858105403602402,0.9823289202000633
0.02,2.8600400266844566,0.9802962971386372
0.02,2.8619746497665113,0.978276582026459
0.02,2.863909272848566,0.976269658618564
0.02,2.8658438959306207,0.9742754119796628
0.02,2.867778519012675,0.9722937284672857
0.02,2.8697131420947297,0.9703244957151538
0.02,2.8716477651767844,0.9683676026167645
0.02,2.873582388258839,0.966422939309206
0.02,2.875517011340894,0.9644903971571779
0.02,2.8774516344229486,0.9625698687372303
0.02,2.8793862575050033,0.9606612478222174
0.02,2.881320880587058,0.9587644293659497
0.02,2.8832555036691128,0.9568793094880697
0.02,2.8851901267511675,0.9550057854591143
0.02,2.887124749833222,0.9531437556857921
0.02,2.889059372915277,0.9512931196964488
0.02,2.8909939959973316,0.9494537781267416
0.02,2.8929286190793864,0.9476256327055007
0.02,2.894863242161441,0.945808586240782
0.02,2.896797865243496,0.9440025426061134
0.02,2.8987324883255505,0.9422074067269274
0.02,2.9006671114076052,0.9404230845671776
0.02,2.90260173448966,0.9386494831161414
0.02,2.9045363575717147,0.9368865103753945
0.02,2.9064709806537694,0.9351340753459748
0.02,2.908405603735824,0.9333920880157149
0.02,2.910340226817879,0.9316604593467488
0.02,2.9122748498999336,0.92993910126319
0.02,2.9142094729819883,0.9282279266389805
0.02,2.916144096064043,0.9265268492859051
0.02,2.9180787191460977,0.9248357839417687
0.02,2.9200133422281525,0.9231546462587377
0.02,2.921947965310207,0.9214833527918417
0.02,2.923882588392262,0.9198218209876314
0.02,2.9258172114743166,0.9181699691729951
0.02,2.9277518345563713,0.9165277165441237
0.02,2.929686457638426,0.9148949831556342
0.02,2.9316210807204808,0.9132716899098365
0.02,2.9335557038025355,0.911657758546152
0.02,2.93549032688459,0.9100531116306745
0.02,2.937424949966645,0.9084576725458767
0.02,2.9393595730486997,0.9068713654804569
0.02,2.9412941961307544,0.9052941154193256
0.02,2.9432288192128087,0.9037258481337289
0.02,2.9451634422948634,0.902166490171509
0.02,2.947098065376918,0.9006159688474974
0.02,2.949032688458973,0.8990742122340402
0.02,2.9509673115410275,0.897541149151651
0.02,2.9529019346230823,0.8960167091597964
0.02,2.954836557705137,0.8945008225478047
0.02,2.9567711807871917,0.8929934203259013
0.02,2.9587058038692464,0.8914944342163625
0.02,2.960640426951301,0.8900037966447945
0.02,2.962575050033356,0.8885214407315326
0.02,2.9645096731154106,0.8870473002831539
0.02,2.9664442961974653,0.8855813097841079
0.02,2.9683789192795196,0.8841234043884615
0.02,2.9703135423615743,0.8826735199117564
0.02,2.972248165443629,0.8812315928229797
0.02,2.9741827885256837,0.8797975602366398
0.02,2.9761174116077385,0.8783713599049524
0.02,2.978052034689793,0.876952930210134
0.02,2.979986657771848,0.8755422101567969
0.02,2.9819212808539026,0.8741391393644524
0.02,2.9838559039359573,0.8727436580601096
0.02,2.985790527018012,0.8713557070709814
0.02,2.987725150100067,0.8699752278172822
0.02,2.9896597731821215,0.8686021623051297
0.02,2.9915943962641762,0.8672364531195378
0.02,2.993529019346231,0.8658780434175081
0.02,2.9954636424282857,0.8645268769212107
0.02,2.9973982655103404,0.8631828979112598
0.02,2.999332888592395,0.8618460512200811
0.02,3.00126751167445,0.8605162822253627
0.02,3.0032021347565045,0.8591935368436037
0.02,3.0051367578385593,0.8578777615237348
0.02,3.007071380920614,0.856568903240845
0.02,3.0090060040026687,0.8552669094899704
0.02,3.0109406270847234,0.8539717282799844
0.02,3.012875250166778,0.8526833081275565
0.02,3.014809873248833,0.8514015980512016
0.02,3.0167444963308876,0.8501265475654015
0.02,3.0186791194129423,0.848858106674809
0.02,3.020613742494997,0.8475962258685298
0.02,3.0225483655770518,0.8463408561144736
0.02,3.0244829886591065,0.8450919488537904
0.02,3.026417611741161,0.8438494559953743
0.02,3.028352234823216,0.8426133299104411
0.02,3.0302868579052706,0.8413835234271759
0.02,3.0322214809873254,0.8401599898254584
0.02,3.03415610406938,0.8389426828316496
0.02,3.036090727151435,0.8377315566134538
0.02,3.0380253502334895,0.8365265657748407
0.02,3.0399599733155442,0.8353276653510452
0.02,3.041894596397599,0.8341348108036217
0.02,3.0438292194796532,0.8329479580155722
0.02,3.045763842561708,0.8317670632865316
0.02,3.0476984656437627,0.8305920833280214
0.02,3.0496330887258174,0.829422975258762
0.02,3.051567711807872,0.8282596966000466
0.02,3.053502334889927,0.8271022052711791
0.02,3.0554369579719816,0.8259504595849643
0.02,3.0573715810540363,0.8248044182432646
0.02,3.059306204136091,0.8236640403326092
0.02,3.0612408272181457,0.8225292853198624
0.02,3.0631754503002004,0.8214001130479476
0.02,3.065110073382255,0.8202764837316273
0.02,3.06704469646431,0.8191583579533349
0.02,3.068979319546364,0.8180456966590645
0.02,3.070913942628419,0.8169384611543107
0.02,3.0728485657104736,0.8158366131000623
0.02,3.0747831887925283,0.8147401145088453
0.02,3.076717811874583,0.8136489277408199
0.02,3.0786524349566378,0.8125630154999229
0.02,3.0805870580386925,0.8114823408300668
0.02,3.082521681120747,0.8104068671113799
0.02,3.084456304202802,0.8093365580564953
0.02,3.0863909272848566,0.8082713777068959
0.02,3.0883255503669114,0.807211290429294
0.02,3.090260173448966,0.8061562609120642
0.02,3.092194796531021,0.8051062541617198
0.02,3.0941294196130755,0.8040612354994336
0.02,3.0960640426951302,0.8030211705576029
0.02,3.097998665777185,0.8019860252764581
0.02,3.0999332888592397,0.8009557659007143
0.02,3.1018679119412944,0.7999303589762625
0.02,3.103802535023349,0.7989097713469078
0.02,3.105737158105404,0.7978939701511447
0.02,3.1076717811874586,0.7968829228189704
0.02,3.1096064042695133,0.7958765970687459
0.02,3.111541027351568,0.7948749609040884
0.02,3.1134756504336227,0.7938779826108068
0.02,3.1154102735156775,0.7928856307538743
0.02,3.117344896597732,0.7918978741744394
0.02,3.119279519679787,0.7909146819868718
0.02,3.1212141427618416,0.7899360235758491
0.02,3.1231487658438963,0.7889618685934745
0.02,3.125083388925951,0.7879921869564354
0.02,3.1270180120080058,0.7870269488431917
0.02,3.1289526350900605,0.7860661246912044
0.02,3.130887258172115,0.7851096851941932
0.02,3.13282188125417,0.7841576012994328
0.02,3.1347565043362247,0.7832098442050772
0.02,3.1366911274182794,0.7822663853575214
0.02,3.138625750500334,0.7813271964487926
0.02,3.140560373582389,0.7803922494139737
0.02,3.1424949966644435,0.7794615164286609
0.02,3.144429619746498,0.7785349699064474
0.02,3.1463642428285525,0.7776125824964418
0.02,3.1482988659106073,0.7766943270808155
0.02,3.150233488992662,0.7757801767723803
0.02,3.1521681120747167,0.7748701049121927
0.02,3.1541027351567714,0.7739640850671912
0.02,3.156037358238826,0.7730620910278589
0.02,3.157971981320881,0.7721640968059169
0.02,3.1599066044029356,0.7712700766320434
0.02,3.1618412274849903,0.7703800049536201
0.02,3.163775850567045,0.7694938564325082
0.02,3.1657104736490997,0.7686116059428489
0.02,3.167645096731154,0.7677332285688907
0.02,3.1695797198132087,0.7668586996028406
0.02,3.1715143428952635,0.7659879945427472
0.02,3.173448965977318,0.7651210890904019
0.02,3.175383589059373,0.7642579591492684
0.02,3.1773182121414276,0.763398580822437
0.02,3.1792528352234823,0.7625429304106025
0.02,3.181187458305537,0.7616909844100658
0.02,3.183122081387592,0.7608427195107595
0.02,3.1850567044696465,0.7599981125942975
0.02,3.1869913275517012,0.759157140732045
0.02,3.188925950633756,0.7583197811832155
0.02,3.1908605737158107,0.7574860113929857
0.02,3.1927951967978654,0.7566558089906352
0.02,3.19472981987992,0.7558291517877079
0.02,3.196664442961975,0.755006017776193
0.02,3.1985990660440295,0.7541863851267308
0.02,3.2005336891260843,0.7533702321868333
0.02,3.202468312208139,0.7525575374791335
0.02,3.2044029352901937,0.7517482796996483
0.02,3.2063375583722484,0.750942437716066
0.02,3.208272181454303,0.7501399905660487
0.02,3.210206804536358,0.7493409174555614
0.02,3.2121414276184126,0.7485451977572143
0.02,3.2140760507004673,0.7477528110086259
0.02,3.216010673782522,0.746963736910806
0.02,3.2179452968645768,0.746177955326557
0.02,3.2198799199466315,0.7453954462788932
0.02,3.221814543028686,0.7446161899494772
0.02,3.223749166110741,0.743840166677078
0.02,3.2256837891927956,0.7430673569560385
0.02,3.2276184122748504,0.7422977414347727
0.02,3.229553035356905,0.7415313009142672
0.02,3.23148765843896,0.7407680163466107
0.02,3.2334222815210145,0.7400078688335311
0.02,3.2353569046030692,0.7392508396249562
0.02,3.237291527685124,0.7384969101175861
0.02,3.2392261507671787,0.737746061853485
0.02,3.2411607738492334,0.7369982765186857
0.02,3.2430953969312877,0.7362535359418126
0.02,3.2450300200133424,0.7355118220927187
0.02,3.246964643095397,0.7347731170811371
0.02,3.248899266177452,0.7340374031553513
0.02,3.2508338892595066,0.7333046627008758
0.02,3.2527685123415613,0.7325748782391538
0.02,3.254703135423616,0.7318480324262692
0.02,3.2566377585056707,0.7311241080516729
0.02,3.2585723815877254,0.7304030880369241
0.02,3.26050700466978,0.7296849554344434
0.02,3.262441627751835,0.7289696934262813
0.02,3.2643762508338896,0.7282572853229002
0.02,3.2663108739159443,0.72754771456197
0.02,3.2682454969979986,0.7268409647071772
0.02,3.2701801200800533,0.7261370194470447
0.02,3.272114743162108,0.7254358625937679
0.02,3.2740493662441628,0.7247374780820629
0.02,3.2759839893262175,0.7240418499680258
0.02,3.277918612408272,0.7233489624280043
0.02,3.279853235490327,0.7226587997574845
0.02,3.2817878585723816,0.7219713463699865
0.02,3.2837224816544364,0.7212865867959757
0.02,3.285657104736491,0.7206045056817804
0.02,3.287591727818546,0.7199250877885283
0.02,3.2895263509006005,0.7192483179910878
0.02,3.2914609739826552,0.7185741812770262
0.02,3.29339559706471,0.7179026627455741
0.02,3.2953302201467647,0.7172337476066065
0.02,3.2972648432288194,0.7165674211796292
0.02,3.299199466310874,0.7159036688927816
0.02,3.301134089392929,0.7152424762818452
0.02,3.3030687124749836,0.7145838289892669
0.02,3.3050033355570383,0.7139277127631898
0.02,3.306937958639093,0.7132741134564959
0.02,3.3088725817211477,0.7126230170258583
0.02,3.3108072048032025,0.7119744095308046
0.02,3.312741827885257,0.7113282771327892
0.02,3.314676450967312,0.7106846060942754
0.02,3.3166110740493666,0.7100433827778277
0.02,3.3185456971314213,0.7094045936452145
0.02,3.320480320213476,0.7087682252565177
0.02,3.3224149432955308,0.7081342642692566
0.02,3.3243495663775855,0.7075026974375133
0.02,3.32628418945964,0.7068735116110759
0.02,3.328218812541695,0.7062466937345859
0.02,3.3301534356237497,0.7056222308466938
0.02,3.3320880587058044,0.7050001100792265
0.02,3.334022681787859,0.7043803186563616
0.02,3.335957304869914,0.7037628438938114
0.02,3.3378919279519685,0.7031476731980135
0.02,3.3398265510340233,0.7025347940653336
0.02,3.341761174116078,0.7019241940812699
0.02,3.3436957971981323,0.701315860919675
0.02,3.345630420280187,0.7007097823419777
0.02,3.3475650433622417,0.7001059461964166
0.02,3.3494996664442964,0.6995043404172817
0.02,3.351434289526351,0.6989049530241627
0.02,3.353368912608406,0.6983077721212058
0.02,3.3553035356904606,0.6977127858963781
0.02,3.3572381587725153,0.6971199826207387
0.02,3.35917278185457,0.6965293506477181
0.02,3.3611074049366247,0.6959408784124061
0.02,3.3630420280186795,0.6953545544308439
0.02,3.364976651100734,0.6947703672993264
0.02,3.366911274182789,0.6941883056937104
0.02,3.368845897264843,0.6936083583687291
0.02,3.370780520346898,0.6930305141573158
0.02,3.3727151434289526,0.6924547619699314
0.02,3.3746497665110073,0.6918810907939027
0.02,3.376584389593062,0.6913094896927624
0.02,3.378519012675117,0.6907399478056006
0.02,3.3804536357571715,0.6901724543464189
0.02,3.3823882588392262,0.6896069986034955
0.02,3.384322881921281,0.689043569938751
0.02,3.3862575050033357,0.6884821577871252
0.02,3.3881921280853904,0.6879227516559587
0.02,3.390126751167445,0.6873653411243797
0.02,3.3920613742495,0.6868099158426986
0.02,3.3939959973315545,0.6862564655318079
0.02,3.3959306204136093,0.6857049799825866
0.02,3.397865243495664,0.685155449055313
0.02,3.3997998665777187,0.6846078626790836
0.02,3.4017344896597734,0.684062210851234
0.02,3.403669112741828,0.6835184836367687
0.02,3.405603735823883,0.6829766711677978
0.02,3.4075383589059376,0.6824367636429742
0.02,3.4094729819879923,0.6818987513269422
0.02,3.411407605070047,0.6813626245497872
0.02,3.4133422281521018,0.6808283737064932
0.02,3.4152768512341565,0.6802959892564042
0.02,3.417211474316211,0.6797654617226924
0.02,3.419146097398266,0.6792367816918303
0.02,3.4210807204803206,0.6787099398130677
0.02,3.4230153435623754,0.6781849267979165
0.02,3.42494996664443,0.6776617334196364
0.02,3.426884589726485,0.6771403505127292
0.02,3.4288192128085395,0.6766207689724358
0.02,3.4307538358905942,0.6761029797542396
0.02,3.432688458972649,0.6755869738733733
0.02,3.4346230820547037,0.6750727424043315
0.02,3.4365577051367584,0.6745602764803882
0.02,3.438492328218813,0.674049567293117
0.02,3.440426951300868,0.6735406060919195
0.02,3.4423615743829226,0.6730333841835535
0.02,3.444296197464977,0.6725278929316713
0.02,3.4462308205470316,0.6720241237563567
0.02,3.4481654436290863,0.6715220681336709
0.02,3.450100066711141,0.6710217175952012
0.02,3.4520346897931957,0.6705230637276126
0.02,3.4539693128752504,0.670026098172206
0.02,3.455903935957305,0.66953081262448
0.02,3.45783855903936,0.6690371988336944
0.02,3.4597731821214146,0.6685452486024417
0.02,3.4617078052034693,0.6680549537862213
0.02,3.463642428285524,0.6675663062930156
0.02,3.4655770513675788,0.6670792980828721
0.02,3.4675116744496335,0.666593921167491
0.02,3.4694462975316878,0.6661101676098126
0.02,3.4713809206137425,0.6656280295236121
0.02,3.473315543695797,0.6651474990730962
0.02,3.475250166777852,0.6646685684725049
0.02,3.4771847898599066,0.6641912299857162
0.02,3.4791194129419614,0.6637154759258548
0.02,3.481054036024016,0.6632412986549036
0.02,3.482988659106071,0.6627686905833202
0.02,3.4849232821881255,0.6622976441696565
0.02,3.4868579052701802,0.6618281519201814
0.02,3.488792528352235,0.661360206388507
0.02,3.4907271514342897,0.6608938001752191
0.02,3.4926617745163444,0.6604289259275105
0.02,3.494596397598399,0.6599655763388175
0.02,3.496531020680454,0.6595037441484605
0.02,3.4984656437625086,0.659043422141286
0.02,3.5004002668445633,0.6585846031473168
0.02,3.502334889926618,0.6581272800413978
0.02,3.5042695130086727,0.6576714457428521
0.02,3.5062041360907275,0.6572170932151358
0.02,3.508138759172782,0.6567642154654992
0.02,3.510073382254837,0.6563128055446484
0.02,3.5120080053368916,0.6558628565464105
0.02,3.5139426284189463,0.6554143616074039
0.02,3.515877251501001,0.6549673139067093
0.02,3.5178118745830558,0.6545217066655442
0.02,3.5197464976651105,0.6540775331469417
0.02,3.521681120747165,0.6536347866554302
0.02,3.52361574382922,0.6531934605367176
0.02,3.5255503669112747,0.6527535481773777
0.02,3.5274849899933294,0.652315043004539
0.02,3.529419613075384,0.651877938485578
0.02,3.5313542361574384,0.6514422281278128
0.02,3.533288859239493,0.651007905478201
0.02,3.535223482321548,0.6505749641230407
0.02,3.5371581054036025,0.6501433976876732
0.02,3.5390927284856573,0.6497131998361881
0.02,3.541027351567712,0.6492843642711332
0.02,3.5429619746497667,0.6488568847332233
0.02,3.5448965977318214,0.6484307550010558
0.02,3.546831220813876,0.6480059688908255
0.02,3.548765843895931,0.6475825202560431
0.02,3.5507004669779856,0.6471604029872577
0.02,3.5526350900600403,0.6467396110117789
0.02,3.554569713142095,0.6463201382934035
0.02,3.5565043362241497,0.6459019788321441
0.02,3.5584389593062045,0.6454851266639592
0.02,3.560373582388259,0.6450695758604881
0.02,3.562308205470314,0.644655320528784
0.02,3.5642428285523686,0.6442423548110547
0.02,3.5661774516344233,0.6438306728844004
0.02,3.568112074716478,0.6434202689605582
0.02,3.570046697798533,0.6430111372856451
0.02,3.5719813208805875,0.6426032721399066
0.02,3.5739159439626422,0.6421966678374645
0.02,3.575850567044697,0.6417913187260696
0.02,3.5777851901267517,0.6413872191868548
0.02,3.5797198132088064,0.64098436363409
0.02,3.5816544362908607,0.6405827465149412
0.02,3.5835890593729154,0.6401823623092298
0.02,3.58552368245497,0.6397832055291945
0.02,3.587458305537025,0.6393852707192561
0.02,3.5893929286190795,0.6389885524557835
0.02,3.5913275517011343,0.6385930453468601
0.02,3.593262174783189,0.6381987440320573
0.02,3.5951967978652437,0.6378056431822033
0.02,3.5971314209472984,0.6374137374991602
0.02,3.599066044029353,0.6370230217155967
0.02,3.601000667111408,0.6366334905947689
0.02,3.6029352901934626,0.6362451389302995
0.02,3.6048699132755173,0.6358579615459585
0.02,3.606804536357572,0.6354719532954483
0.02,3.6087391594396268,0.6350871090621877
0.02,3.6106737825216815,0.6347034237590998
0.02,3.612608405603736,0.6343208923284023
0.02,3.614543028685791,0.6339395097413963
0.02,3.6164776517678456,0.6335592709982604
0.02,3.6184122748499004,0.6331801711278445
0.02,3.620346897931955,0.6328022051874667
0.02,3.62228152101401,0.6324253682627101
0.02,3.6242161440960645,0.6320496554672238
0.02,3.6261507671781192,0.6316750619425225
0.02,3.628085390260174,0.631301582857791
0.02,3.6300200133422287,0.6309292134096881
0.02,3.631954636424283,0.630557948822153
0.02,3.6338892595063377,0.6301877843462133
0.02,3.6358238825883924,0.6298187152597938
0.02,3.637758505670447,0.6294507368675288
0.02,3.639693128752502,0.6290838445005742
0.02,3.6416277518345566,0.6287180335164217
0.02,3.6435623749166113,0.6283532992987141
0.02,3.645496997998666,0.6279896372570634
0.02,3.6474316210807207,0.6276270428268698
0.02,3.6493662441627754,0.6272655114691408
0.02,3.65130086724483,0.6269050386703152
0.02,3.653235490326885,0.6265456199420831
0.02,3.6551701134089396,0.6261872508212146
0.02,3.6571047364909943,0.6258299268693829
0.02,3.659039359573049,0.6254736436729937
0.02,3.6609739826551038,0.6251183968430131
0.02,3.6629086057371585,0.6247641820147992
0.02,3.664843228819213,0.6244109948479332
0.02,3.666777851901268,0.6240588310260532
0.02,3.6687124749833226,0.6237076862566883
0.02,3.6706470980653774,0.6233575562710945
0.02,3.672581721147432,0.6230084368240928
0.02,3.674516344229487,0.6226603236939072
0.02,3.6764509673115415,0.6223132126820049
0.02,3.6783855903935962,0.6219670996129373
0.02,3.680320213475651,0.6216219803341827
0.02,3.6822548365577052,0.6212778507159907
0.02,3.68418945963976,0.6209347066512257
0.02,3.6861240827218147,0.6205925440552154
0.02,3.6880587058038694,0.6202513588655963
0.02,3.689993328885924,0.6199111470421651
0.02,3.691927951967979,0.619571904566725
0.02,3.6938625750500336,0.619233627442941
0.02,3.6957971981320883,0.6188963116961896
0.02,3.697731821214143,0.6185599533734139
0.02,3.6996664442961977,0.6182245485429769
0.02,3.7016010673782525,0.6178900932945192
0.02,3.703535690460307,0.6175565837388154
0.02,3.705470313542362,0.6172240160076319
0.02,3.7074049366244166,0.6168923862535866
0.02,3.7093395597064713,0.6165616906500105
0.02,3.711274182788526,0.6162319253908074
0.02,3.7132088058705808,0.6159030866903183
0.02,3.7151434289526355,0.6155751707831845
0.02,3.71707805203469,0.6152481739242117
0.02,3.719012675116745,0.6149220923882383
0.02,3.7209472981987997,0.6145969224700002
0.02,3.7228819212808544,0.614272660484
0.02,3.724816544362909,0.6139493027643753
0.02,3.726751167444964,0.61362684566477
0.02,3.7286857905270185,0.6133052855582048
0.02,3.7306204136090733,0.6129846188369499
0.02,3.7325550366911275,0.612664841912397
0.02,3.7344896597731823,0.612345951214935
0.02,3.736424282855237,0.6120279431938239
0.02,3.7383589059372917,0.6117108143170729
0.02,3.7402935290193464,0.6113945610713146
0.02,3.742228152101401,0.6110791799616863
0.02,3.744162775183456,0.6107646675117059
0.02,3.7460973982655106,0.610451020263155
0.02,3.7480320213475653,0.6101382347759573
0.02,3.74996664442962,0.6098263076280621
0.02,3.7519012675116747,0.6095152354153258
0.02,3.7538358905937295,0.6092050147513969
0.02,3.755770513675784,0.6088956422675988
0.02,3.757705136757839,0.608587114612818
0.02,3.7596397598398936,0.6082794284533876
0.02,3.7615743829219483,0.6079725804729756
0.02,3.763509006004003,0.6076665673724737
0.02,3.765443629086058,0.6073613858698858
0.02,3.7673782521681125,0.607057032700217
0.02,3.7693128752501672,0.6067535046153657
0.02,3.771247498332222,0.6064507983840141
0.02,3.7731821214142767,0.6061489107915203
0.02,3.7751167444963314,0.6058478386398128
0.02,3.777051367578386,0.6055475787472834
0.02,3.778985990660441,0.6052481279486811
0.02,3.7809206137424956,0.6049494830950105
0.02,3.78285523682455,0.6046516410534251
0.02,3.7847898599066045,0.6043545987071265
0.02,3.7867244829886593,0.6040583529552611
0.02,3.788659106070714,0.60376290071282
0.02,3.7905937291527687,0.6034682389105376
0.02,3.7925283522348234,0.6031743644947916
0.02,3.794462975316878,0.6028812744275052
0.02,3.796397598398933,0.6025889656860474
0.02,3.7983322214809876,0.6022974352631368
0.02,3.8002668445630423,0.6020066801667442
0.02,3.802201467645097,0.6017166974199961
0.02,3.8041360907271518,0.6014274840610804
0.02,3.8060707138092065,0.6011390371431509
0.02,3.808005336891261,0.6008513537342336
0.02,3.809939959973316,0.600564430917134
0.02,3.8118745830553706,0.6002782657893437
0.02,3.8138092061374254,0.5999928554629499
0.02,3.81574382921948,0.5997081970645421
0.02,3.817678452301535,0.5994242877351247
0.02,3.8196130753835895,0.5991411246300241
0.02,3.8215476984656442,0.5988587049188017
0.02,3.823482321547699,0.5985770257851646
0.02,3.8254169446297537,0.5982960844268777
0.02,3.8273515677118084,0.5980158780556772
0.02,3.829286190793863,0.5977364038971834
0.02,3.831220813875918,0.5974576591908154
0.02,3.833155436957972,0.5971796411897053
0.02,3.835090060040027,0.5969023471606141
0.02,3.8370246831220816,0.5966257743838473
0.02,3.8389593062041363,0.5963499201531722
0.02,3.840893929286191,0.5960747817757341
0.02,3.8428285523682457,0.5958003565719752
0.02,3.8447631754503004,0.5955266418755525
0.02,3.846697798532355,0.5952536350332569
0.02,3.84863242161441,0.5949813334049328
0.02,3.8505670446964646,0.5947097343633987
0.02,3.8525016677785193,0.5944388352943677
0.02,3.854436290860574,0.5941686335963688
0.02,3.8563709139426288,0.5938991266806694
0.02,3.8583055370246835,0.5936303119711968
0.02,3.860240160106738,0.5933621869044623
0.02,3.862174783188793,0.5930947489294845
0.02,3.8641094062708476,0.5928279955077137
0.02,3.8660440293529024,0.5925619241129555
0.02,3.867978652434957,0.5922965322312985
0.02,3.869913275517012,0.5920318173610374
0.02,3.8718478985990665,0.5917677770126009
0.02,3.8737825216811212,0.5915044087084788
0.02,3.875717144763176,0.5912417099831483
0.02,3.8776517678452307,0.5909796783830031
0.02,3.8795863909272854,0.5907183114662812
0.02,3.88152101400934,0.5904576068029936
0.02,3.8834556370913944,0.5901975619748551
0.02,3.885390260173449,0.5899381745752122
0.02,3.887324883255504,0.5896794422089757
0.02,3.8892595063375586,0.5894213624925503
0.02,3.8911941294196133,0.5891639330537668
0.02,3.893128752501668,0.5889071515318133
0.02,3.8950633755837227,0.5886510155771687
0.02,3.8969979986657775,0.5883955228515347
0.02,3.898932621747832,0.5881406710277697
0.02,3.900867244829887,0.5878864577898224
0.02,3.9028018679119416,0.5876328808326658
0.02,3.9047364909939963,0.587379937862234
0.02,3.906671114076051,0.5871276265953537
0.02,3.9086057371581058,0.5868759447596837
0.02,3.9105403602401605,0.5866248900936495
0.02,3.912474983322215,0.5863744603463787
0.02,3.91440960640427,0.5861246532776409
0.02,3.9163442294863247,0.585875466657782
0.02,3.9182788525683794,0.5856268982676649
0.02,3.920213475650434,0.5853789458986066
0.02,3.922148098732489,0.5851316073523167
0.02,3.9240827218145435,0.5848848804408366
0.02,3.9260173448965983,0.5846387629864812
0.02,3.927951967978653,0.5843932528217762
0.02,3.9298865910607077,0.5841483477894002
0.02,3.9318212141427624,0.583904045742125
0.02,3.9337558372248167,0.5836603445427573
0.02,3.9356904603068714,0.5834172420640805
0.02,3.937625083388926,0.5831747361887962
0.02,3.939559706470981,0.5829328248094676
0.02,3.9414943295530356,0.5826915058284617
0.02,3.9434289526350903,0.5824507771578933
0.02,3.945363575717145,0.5822106367195676
0.02,3.9472981987991997,0.5819710824449258
0.02,3.9492328218812545,0.5817321122749886
0.02,3.951167444963309,0.5814937241603014
0.02,3.953102068045364,0.5812559160608791
0.02,3.9550366911274186,0.5810186859461526
0.02,3.9569713142094733,0.5807820317949138
0.02,3.958905937291528,0.5805459515952632
0.02,3.960840560373583,0.5803104433445552
0.02,3.9627751834556375,0.580075505049346
0.02,3.9647098065376922,0.5798411347253416
0.02,3.966644429619747,0.5796073303973441
0.02,3.9685790527018017,0.5793740900992017
0.02,3.9705136757838564,0.5791414118737556
0.02,3.972448298865911,0.5789092937727898
0.02,3.974382921947966,0.5786777338569802
0.02,3.9763175450300206,0.5784467301958439
0.02,3.9782521681120753,0.5782162808676897
0.02,3.98018679119413,0.5779863839595674
0.02,3.9821214142761847,0.5777570375672194
0.02,3.984056037358239,0.5775282397950305
0.02,3.9859906604402937,0.577299988755981
0.02,3.9879252835223484,0.5770722825715955
0.02,3.989859906604403,0.5768451193718978
0.02,3.991794529686458,0.5766184972953607
0.02,3.9937291527685126,0.5763924144888604
0.02,3.9956637758505673,0.5761668691076277
0.02,3.997598398932622,0.5759418593152025
0.02,3.9995330220146768,0.575717383283387
0.02,4.0014676450967315,0.5754934391921988
0.02,4.003402268178786,0.5752700252298258
0.02,4.005336891260841,0.5750471395925808
0.02,4.007271514342896,0.5748247804848545
0.02,4.00920613742495,0.5746029461190734
0.02,4.011140760507005,0.5743816347156523
0.02,4.01307538358906,0.574160844502952
0.02,4.0150100066711145,0.5739405737172336
0.02,4.016944629753169,0.5737208206026162
0.02,4.018879252835224,0.5735015834110323
0.02,4.020813875917279,0.573282860402185
0.02,4.022748498999333,0.5730646498435051
0.02,4.024683122081388,0.5728469500101083
0.02,4.026617745163443,0.5726297591847531
0.02,4.028552368245498,0.5724130756577989
0.02,4.030486991327552,0.5721968977271624
0.02,4.032421614409607,0.5719812236982795
0.02,4.034356237491661,0.5717660518840608
0.02,4.036290860573716,0.5715513806048517
0.02,4.03822548365577,0.5713372081883928
0.02,4.040160106737826,0.5711235329697778
0.02,4.04209472981988,0.5709103532914142
0.02,4.044029352901935,0.5706976675029826
0.02,4.045963975983989,0.5704854739613994
0.02,4.047898599066045,0.5702737710307727
0.02,4.049833222148099,0.5700625570823689
0.02,4.051767845230154,0.5698518304945689
0.02,4.053702468312208,0.569641589652833
0.02,4.055637091394264,0.5694318329496595
0.02,4.0575717144763175,0.5692225587845493
0.02,4.059506337558373,0.569013765563966
0.02,4.061440960640427,0.5688054517012997
0.02,4.0633755837224825,0.5685976156168282
0.02,4.065310206804536,0.5683902557376806
0.02,4.067244829886592,0.5681833704978007
0.02,4.069179452968646,0.5679769583379101
0.02,4.071114076050701,0.5677710177054701
0.02,4.073048699132755,0.5675655470546488
0.02,4.074983322214811,0.567360544846282
0.02,4.076917945296865,0.5671560095478394
0.02,4.07885256837892,0.5669519396333874
0.02,4.080787191460974,0.5667483335835557
0.02,4.08272181454303,0.5665451898855007
0.02,4.084656437625084,0.5663425070328719
0.02,4.086591060707138,0.5661402835257756
0.02,4.088525683789193,0.5659385178707421
0.02,4.090460306871248,0.5657372085806909
0.02,4.0923949299533025,0.5655363541748967
0.02,4.094329553035357,0.565335953178955
0.02,4.096264176117412,0.5651360041247504
0.02,4.098198799199467,0.5649365055504206
0.02,4.100133422281521,0.5647374560003267
0.02,4.102068045363576,0.5645388540250164
0.02,4.104002668445631,0.5643406981811945
0.02,4.1059372915276855,0.5641429870316885
0.02,4.10787191460974,0.5639457191454177
0.02,4.109806537691795,0.5637488930973596
0.02,4.11174116077385,0.5635525074685195
0.02,4.113675783855904,0.5633565608458974
0.02,4.115610406937959,0.5631610518224577
0.02,4.117545030020014,0.5629659789970975
0.02,4.1194796531020685,0.562771340974615
0.02,4.121414276184123,0.5625771363656801
0.02,4.123348899266178,0.5623833637868012
0.02,4.125283522348233,0.5621900218602972
0.02,4.127218145430287,0.5619971092142655
0.02,4.129152768512342,0.5618046244825532
0.02,4.131087391594397,0.5616125663047259
0.02,4.133022014676452,0.5614209333260388
0.02,4.134956637758506,0.5612297241974066
0.02,4.13689126084056,0.5610389375753743
0.02,4.138825883922616,0.5608485721220882
0.02,4.14076050700467,0.5606586265052667
0.02,4.142695130086725,0.5604690993981712
0.02,4.144629753168779,0.5602799894795786
0.02,4.146564376250835,0.5600912954337502
0.02,4.1484989993328885,0.559903015950407
0.02,4.150433622414944,0.5597151497246982
0.02,4.152368245496998,0.5595276954571755
0.02,4.1543028685790535,0.5593406518537638
0.02,4.156237491661107,0.5591540176257354
0.02,4.158172114743163,0.55896779148968
0.02,4.160106737825217,0.55878197216748
0.02,4.162041360907272,0.5585965583862816
0.02,4.163975983989326,0.5584115488784687
0.02,4.165910607071382,0.5582269423816355
0.02,4.167845230153436,0.5580427376385612
0.02,4.169779853235491,0.557858933397181
0.02,4.171714476317545,0.5576755284105632
0.02,4.173649099399601,0.5574925214368799
0.02,4.1755837224816545,0.5573099112393832
0.02,4.17751834556371,0.5571276965863778
0.02,4.179452968645764,0.556945876251197
0.02,4.18138759172782,0.5567644490121756
0.02,4.183322214809873,0.5565834136526255
0.02,4.185256837891928,0.5564027689608104
0.02,4.187191460973983,0.5562225137299199
0.02,4.189126084056038,0.5560426467580463
0.02,4.191060707138092,0.5558631668481578
0.02,4.192995330220147,0.555684072808076
0.02,4.194929953302202,0.5555053634504492
0.02,4.1968645763842565,0.5553270375927306
0.02,4.198799199466311,0.555149094057152
0.02,4.200733822548366,0.5549715316707006
0.02,4.202668445630421,0.5547943492650956
0.02,4.204603068712475,0.5546175456767639
0.02,4.20653769179453,0.5544411197468166
0.02,4.208472314876585,0.5542650703210258
0.02,4.2104069379586395,0.5540893962498008
0.02,4.212341561040694,0.5539140963881656
0.02,4.214276184122749,0.5537391695957352
0.02,4.216210807204804,0.5535646147366935
0.02,4.218145430286858,0.5533904306797701
0.02,4.220080053368913,0.553216616298217
0.02,4.222014676450968,0.5530431704697878
0.02,4.223949299533023,0.5528700920767137
0.02,4.225883922615077,0.5526973800056822
0.02,4.227818545697132,0.5525250331478152
0.02,4.229753168779187,0.552353050398646
0.02,4.231687791861241,0.5521814306580983
0.02,4.233622414943296,0.5520101728304645
0.02,4.23555703802535,0.5518392758243841
0.02,4.237491661107406,0.5516687385528217
0.02,4.239426284189459,0.5514985599330466
0.02,4.241360907271515,0.5513287388866108
0.02,4.243295530353569,0.5511592743393285
0.02,4.2452301534356245,0.550990165221255
0.02,4.247164776517678,0.5508214104666657
0.02,4.249099399599734,0.5506530090140355
0.02,4.251034022681788,0.5504849598060184
0.02,4.252968645763843,0.5503172617894272
0.02,4.254903268845897,0.5501499139152126
0.02,4.256837891927953,0.5499829151384429
0.02,4.258772515010007,0.5498162644182855
0.02,4.260707138092062,0.5496499607179844
0.02,4.262641761174116,0.5494840030048431
0.02,4.264576384256172,0.5493183902502018
0.02,4.2665110073382255,0.5491531214294209
0.02,4.268445630420281,0.5489881955218587
0.02,4.270380253502335,0.5488236115108548
0.02,4.272314876584391,0.5486593683837081
0.02,4.274249499666444,0.5484954651316591
0.02,4.2761841227485,0.5483319007498708
0.02,4.278118745830554,0.5481686742374097
0.02,4.2800533689126095,0.5480057845972258
0.02,4.281987991994663,0.5478432308361367
0.02,4.283922615076718,0.5476810119648051
0.02,4.285857238158773,0.5475191269977232
0.02,4.2877918612408275,0.5473575749531935
0.02,4.289726484322882,0.5471963548533101
0.02,4.291661107404937,0.5470354657239411
0.02,4.293595730486992,0.5468749065947097
0.02,4.295530353569046,0.546714676498977
0.02,4.297464976651101,0.5465547744738237
0.02,4.299399599733156,0.5463951995600322
0.02,4.3013342228152105,0.5462359508020698
0.02,4.303268845897265,0.5460770272480694
0.02,4.30520346897932,0.5459184279498136
0.02,4.307138092061375,0.5457601519627171
0.02,4.309072715143429,0.545602198345808
0.02,4.311007338225484,0.5454445661617129
0.02,4.312941961307539,0.5452872544766376
0.02,4.3148765843895935,0.5451302623603517
0.02,4.316811207471648,0.5449735888861711
0.02,4.318745830553703,0.5448172331309404
0.02,4.320680453635758,0.5446611941750179
0.02,4.322615076717812,0.5445054711022577
0.02,4.324549699799867,0.5443500629999936
0.02,4.326484322881922,0.5441949689590224
0.02,4.328418945963977,0.544040188073588
0.02,4.330353569046031,0.5438857194413652
0.02,4.332288192128086,0.5437315621634426
0.02,4.33422281521014,0.5435777153443083
0.02,4.3361574382921955,0.5434241780918317
0.02,4.338092061374249,0.5432709495172497
0.02,4.340026684456305,0.5431180287351496
0.02,4.341961307538359,0.5429654148634538
0.02,4.343895930620414,0.5428131070234046
0.02,4.345830553702468,0.5426611043395475
0.02,4.347765176784524,0.5425094059397173
0.02,4.349699799866578,0.5423580109550219
0.02,4.351634422948633,0.5422069185198266
0.02,4.353569046030687,0.5420561277717398
0.02,4.355503669112743,0.5419056378515978
0.02,4.3574382921947965,0.5417554479034491
0.02,4.359372915276852,0.5416055570745402
0.02,4.361307538358906,0.5414559645153001
0.02,4.3632421614409616,0.5413066693793263
0.02,4.365176784523015,0.5411576708233693
0.02,4.367111407605071,0.5410089680073189
0.02,4.369046030687125,0.540860560094189
0.02,4.37098065376918,0.540712446250103
0.02,4.372915276851234,0.5405646256442806
0.02,4.37484989993329,0.5404170974490218
0.02,4.376784523015344,0.5402698608396945
0.02,4.378719146097399,0.5401229149947184
0.02,4.380653769179453,0.5399762590955536
0.02,4.382588392261509,0.5398298923266833
0.02,4.384523015343563,0.5396838138756033
0.02,4.386457638425617,0.5395380229328054
0.02,4.388392261507672,0.5393925186917655
0.02,4.390326884589727,0.5392473003489291
0.02,4.3922615076717815,0.5391023671036977
0.02,4.394196130753836,0.5389577181584162
0.02,4.396130753835891,0.5388133527183574
0.02,4.398065376917946,0.5386692699917112
0.02,4.4,0.5385254691895698
